Date,fundamental_score,sentiment_score,industry_trend_score,market_risk_factor,black_swan_risk
2004-08-19,0.6312668924827838,0.06384770166560934,0.5364581358601375,0.5998154772425554,0.044837949739505716
2004-08-20,0.6172321369887771,-0.22400620394244322,0.4919006296830933,0.5604141069115441,0.08315253236257358
2004-08-23,0.5967241788604538,0.14237885077245999,0.5229744338354557,0.45963443835105333,0.09849577942051896
2004-08-24,0.6846237884423323,0.07944663412452142,0.5537987426083559,0.39464668362000155,0.07024051590420852
2004-08-25,0.6807205898543554,0.16363892322164955,0.515960010894601,0.2712302051654019,0.08218304726885474
2004-08-26,0.6878652996475012,-0.1722214344069349,0.4873858530393168,0.33569925343662155,0.06036836131066803
2004-08-27,0.7041106450336396,-0.06217646079257744,0.4914016181345849,0.3975906054099911,0.09053532825493285
2004-08-30,0.5944286523352791,0.23838184244345584,0.5458664389012493,0.43408432633075833,0.09333981300247685
2004-08-31,0.6494718502177964,-0.24139080294824683,0.5577188474260449,0.5140320917763643,0.06200711492576694
2004-09-01,0.6431179315291335,-0.22265925087349403,0.5732001742204511,0.3158287014025969,0.025556133310639717
2004-09-02,0.6100563830988789,0.09391946660537981,0.520628416578425,0.38103063561062944,0.043686489531377985
2004-09-03,0.5491471185486401,0.18487045207356104,0.5476815304398426,0.44437942858869334,0.012214570245156342
2004-09-07,0.6491322099905612,-0.028200380375050516,0.6021601498364949,0.2921343237121773,0.020097109145225858
2004-09-08,0.6526089162932287,-0.1358846915208066,0.45802339353926136,0.2775182853906431,0.021138017279291578
2004-09-09,0.6658228045460864,-0.3396862488539874,0.6201669861061927,0.5335390838218795,0.05179536700627713
2004-09-10,0.625085721054582,0.192618303156556,0.5094011998751532,0.44688355063814655,0.05370596332190536
2004-09-13,0.5893483547432709,-0.045336002481902546,0.5720618917257121,0.43374066963012486,0.06944247976904083
2004-09-14,0.6340880338430298,0.20896406906115383,0.45244856256838617,0.43775896925868296,0.027217227109380984
2004-09-15,0.5853021512808586,-0.08346697616490266,0.49122987426115333,0.2510766945356403,0.06284126401166358
2004-09-16,0.6795704482329711,-0.06028995195026975,0.5483569494712695,0.3972149547535286,0.06919787297154706
2004-09-17,0.6629269250737249,-0.16718729553508083,0.4614926293095034,0.3483492298663741,0.06284431676506462
2004-09-20,0.636547481670663,-0.5622521410245279,0.5802710799794119,0.4185344130048931,0.024366809625420472
2004-09-21,0.6990074558208467,0.09459511981333106,0.45720561476638616,0.4827488299084623,0.0138059816980719
2004-09-22,0.6330545630000278,0.17473330607882645,0.5213941016145288,0.4024780535632561,0.042588637252433975
2004-09-23,0.6439074354348,-0.13667789531999341,0.49446750631860575,0.35796897115468457,0.020509638357066685
2004-09-24,0.5553997748211834,-0.05196024318306428,0.4716995717484772,0.422674296245568,0.029477439963748433
2004-09-27,0.5485669934395833,-0.1266748468114344,0.47799628984418385,0.5750052461042373,0.09321035699115711
2004-09-28,0.6135302339512807,-0.03295444862720731,0.49543143605660706,0.45101028127598897,0.03328387506483071
2004-09-29,0.6726199083412445,0.26441047460905176,0.4750732349047294,0.39987867774983205,0.03360725343119682
2004-09-30,0.5357206572267669,0.0769211148923091,0.5206825916982896,0.5187974345056274,0.05745437109029007
2004-10-01,0.602616832616393,-0.029516534214414327,0.5839250358085007,0.4896437859000112,0.04208715345897638
2004-10-04,0.6523511526313723,0.07219371095482692,0.46507779363406315,0.4096928919958629,0.009654772278180691
2004-10-05,0.6022303341746451,-0.3403451714033568,0.4229125169652938,0.3946234180083782,0.07776729560722005
2004-10-06,0.5983325236786009,-0.12525836206254667,0.541882373172795,0.2809520855273163,0.059988762574245624
2004-10-07,0.6062174325788182,0.10280938585492246,0.43586167147676286,0.3610248182870449,0.07328262192118061
2004-10-08,0.578427793940835,0.13535742253809915,0.4965526869582381,0.5306202820329032,0.022468040523104218
2004-10-11,0.6781731946983244,-0.27773301708292725,0.5586862710081676,0.41479977944816626,0.040144655812867504
2004-10-12,0.6697445214674212,-0.37931007653796633,0.37254006426749786,0.3769811530867351,0.03640657219568303
2004-10-13,0.6525722677353173,-0.20425547626767432,0.5782233652891661,0.4894024993894406,0.05953077632851239
2004-10-14,0.6053928563647236,0.22374837853054774,0.4385532232381727,0.5188034007056028,0.04588922281542321
2004-10-15,0.7086608609343164,0.014892655743071956,0.4462179309171411,0.3464250841143971,0.016251820389018835
2004-10-18,0.6999720755146045,0.003292767288187932,0.4129373320165327,0.3843422911707914,0.008471101621812317
2004-10-19,0.6324101309164726,0.29489518171398715,0.482540235197672,0.38846467330522266,0.0879752786438565
2004-10-20,0.6862277431669033,-0.24424537283773826,0.593878473203018,0.4533615321600026,0.021891049055396142
2004-10-21,0.6231710793850983,-0.14325699378719758,0.5126900941331016,0.31076866566071837,0.008726453405700696
2004-10-22,0.6576158816931855,0.022674549127888896,0.614869680838648,0.46979736595144744,0.05465046114203712
2004-10-25,0.6862674848799658,-0.14254535259720164,0.4677074107103132,0.49959558124173076,0.01956629011725901
2004-10-26,0.6302696383466481,0.10847393661103975,0.5303642802723363,0.4093457356069591,0.044944906013614894
2004-10-27,0.562719156178195,-0.008496058141539826,0.5692930459173814,0.24091254388768227,0.01794810810763955
2004-10-28,0.6845409821684355,0.23015894698477926,0.4303081138558174,0.3956900622340759,0.011543801833139767
2004-10-29,0.626589544268493,0.10528698300942357,0.43095681475191916,0.2778680643247988,0.05130170697726634
2004-11-01,0.643586007657759,0.04898331045781769,0.46722498794194806,0.5403059841465495,0.01076017878048996
2004-11-02,0.5830448567528884,-0.38082608370154736,0.48201477472177545,0.4892560027790727,0.045123753030469865
2004-11-03,0.6869065240613528,0.03995095562019711,0.5429300995728935,0.45932571922066745,0.01104625425087944
2004-11-04,0.5852142189283955,0.36155981400098747,0.5484526812727908,0.3721485174745654,0.03453542922472328
2004-11-05,0.6726959972912016,0.057732806567413766,0.5330488767438879,0.40151551889946974,0.08657831632307594
2004-11-08,0.7220117617565094,-0.574437963728492,0.4731242723423981,0.49677944153158815,0.06922790479708306
2004-11-09,0.6198046112826026,0.28598772507996545,0.5307726820964543,0.4643019718948304,0.03065494567154642
2004-11-10,0.626904273135875,-0.1940952494313642,0.5535330399958632,0.33766488405690365,0.007477555495194788
2004-11-11,0.6397924686575962,-0.14771004959623033,0.4562239052652558,0.3914004720508309,0.02527098154100116
2004-11-12,0.6360357431310978,-0.1967680535534943,0.5184383105716589,0.4422568809646274,0.04454282483408781
2004-11-15,0.5019656939148445,0.07218464322435779,0.48460582142266245,0.3848778709519193,0.03853519942598637
2004-11-16,0.6234898413213925,-0.2776993202233233,0.5112374464645273,0.5521768812685315,0.07797968584734355
2004-11-17,0.5729846277995085,-0.22249909169268794,0.5230336595203374,0.3845644063685021,0.09109046232382216
2004-11-18,0.5347645989042078,0.14210491931338862,0.5283123965473931,0.34405461745756993,0.04531070419071934
2004-11-19,0.7068441875031901,0.1664886413823185,0.46564664820007884,0.4792007613767649,0.07671795346404735
2004-11-22,0.6505114138642314,0.10018674307269909,0.45605306935823625,0.49955667334500015,0.03849467130634137
2004-11-23,0.6696577203750251,0.07249871643661142,0.5522864428252745,0.33454666542297395,0.06615924403686305
2004-11-24,0.6280162575516671,-0.05594486025343155,0.5071214456704939,0.3918261749251152,0.035308811343805584
2004-11-26,0.7629791418517716,-0.11311304992302473,0.5879799127177501,0.3190684090609844,0.07717719575031516
2004-11-29,0.5687759559637209,0.13581523059952846,0.5041257674007812,0.27442510939380366,0.013164168895179053
2004-11-30,0.690053261274335,0.44242877019042093,0.5284854860871852,0.4222283451917145,0.0791903847608583
2004-12-01,0.6087723020041109,0.08891627046595163,0.6105020502591625,0.3731797292704714,0.016276791873636866
2004-12-02,0.7017692645563266,-0.3153795368887154,0.498515483010939,0.397141077419294,0.02263419748894463
2004-12-03,0.5214564664102571,-0.009026677875746429,0.5601703071114025,0.4873336120803976,0.08831565860801949
2004-12-06,0.6785254839337015,0.061219099380666775,0.5002802298460096,0.37044505741375683,0.08148608460228401
2004-12-07,0.6100259836602788,-0.05295653214798651,0.6010246024983283,0.5156900237785131,0.06484361494656284
2004-12-08,0.6511213562875323,0.11633447329855627,0.45208451512847186,0.3558955036009617,0.0376745980047338
2004-12-09,0.7030028000002122,-0.09037599866019973,0.5307389888744425,0.42034575645188527,0.010383467205867958
2004-12-10,0.7212439563345405,-0.1096753975589888,0.4684818896803673,0.44489408443222245,0.07097164509304209
2004-12-13,0.6188516970250755,0.22994612955775115,0.4731863585416325,0.5516909859031642,0.03934992171604901
2004-12-14,0.6536699995616928,0.024089871332927892,0.5260639418971813,0.313464796902397,0.08801062669167181
2004-12-15,0.611991087098907,0.11982538207247387,0.5955662058890806,0.4811396891993933,0.06684978541311248
2004-12-16,0.6646819835730882,0.006239427222571866,0.40138447606886607,0.4431231365474982,0.008237724555238668
2004-12-17,0.6572368571897564,-0.06517672359181607,0.4509373070615864,0.3607660947416272,0.0408505116173144
2004-12-20,0.5691227535229767,-0.21926774915134978,0.54648239572806,0.41610748175086476,0.07582806276537932
2004-12-21,0.587179898616581,0.08991380623353609,0.5187336729277705,0.4332027890933458,0.021404182525775597
2004-12-22,0.622006372153337,0.17237785481920967,0.5964488951383917,0.0888653296529166,0.09050607953267414
2004-12-23,0.5944149919822052,0.39378533990220055,0.4885267933185924,0.2137816843689074,0.038431541563916316
2004-12-27,0.6114022541322081,0.49042001329116564,0.5474302932292441,0.32615871323334017,0.08711679815495504
2004-12-28,0.5821643643994182,-0.1354985949279127,0.5243842442344315,0.41875459966532286,0.06976568246980319
2004-12-29,0.6033966380020922,0.12975926245156053,0.5190451750910015,0.39598358071694206,0.08788971796227962
2004-12-30,0.560299674285491,-0.02599851624455128,0.5542780417623481,0.46093394942689747,0.00582251676814074
2004-12-31,0.7333922876593657,-0.018370710405633928,0.5269915930686597,0.2945111603028332,0.05397164485150674
2005-01-03,0.6367313551743533,-0.06263564296003628,0.5430580728626974,0.4311113427777482,0.017181807471364153
2005-01-04,0.7721560952977478,0.20800009594416302,0.4973307111309749,0.3349689193943727,0.08580038904887533
2005-01-05,0.6225049252729654,0.4345778741588949,0.5327862890086019,0.39631081501546744,0.0034425625940693763
2005-01-06,0.5931376793936465,-0.5423403186623962,0.553370789366108,0.35407443005690853,0.008456513127833387
2005-01-07,0.6032509484818226,0.04594156632902165,0.5405100761606325,0.4369082071633452,0.04178907566948448
2005-01-10,0.6493261228495261,-0.3703731754201441,0.5561852507741979,0.39589517017634335,0.06641640302966943
2005-01-11,0.6495191637263166,-0.13468657581181934,0.4572158176190747,0.2741012729806077,0.02410485743579918
2005-01-12,0.6635933920419002,0.3869369845009231,0.5125784987166426,0.348936723655187,0.07413590617360881
2005-01-13,0.6069212804245425,0.07017394674261544,0.49866232032595115,0.5145749292044801,0.0831752269304677
2005-01-14,0.6399139704493091,-0.04130912920925994,0.5762684540793113,0.28273180641001633,0.02864152949630233
2005-01-18,0.6568061888595439,0.09680738096122313,0.5305629814964278,0.4817644725417842,0.045927202194576536
2005-01-19,0.7227108973270634,-0.12109764390397033,0.6398468683433951,0.4136477223422079,0.022235358335250244
2005-01-20,0.6560666291419949,-0.05810479657878588,0.6592927775695832,0.37502733464122295,0.08493835108311738
2005-01-21,0.6835882765227513,-0.06960275329572314,0.4549433256023246,0.40984993177204265,0.047848565944940386
2005-01-24,0.6551225236111953,-0.01908460352569631,0.5091875585966762,0.6077670786296474,0.058232068267792474
2005-01-25,0.650353356465862,-0.24035922136529206,0.6246373637628541,0.2539520194907918,0.05226788142703829
2005-01-26,0.6963184606391295,-0.10334403842518568,0.5496962568492015,0.3379148684710323,0.01763438445594655
2005-01-27,0.5868211223246182,-0.15876848089350953,0.6755816856005876,0.17752653520161701,0.027636632059418298
2005-01-28,0.5766117759658932,-0.2760072749447191,0.5688046968279348,0.2548670486963698,0.06874543507008954
2005-01-31,0.6953807246720516,0.003930688700175162,0.5891003288202654,0.3856452876526044,0.013504872864829555
2005-02-01,0.6738742548018821,0.11928448987407836,0.4828660693190891,0.4732712120500363,0.0327353133864985
2005-02-02,0.7226049947435144,-0.14448511210324233,0.5518392284451471,0.1548109218414865,0.06750710382173997
2005-02-03,0.6478997788424584,-0.09812373100142374,0.5690247900639659,0.22037693174798972,0.020967084342537492
2005-02-04,0.6924309874110758,0.08834050925764482,0.5692496388361008,0.4884128921833256,0.05375492036180746
2005-02-07,0.5845272588628849,-0.24084549473118885,0.5466986117155729,0.48332042087215954,0.025110368983593957
2005-02-08,0.6202938151455953,-0.022391639248454127,0.4907234482820157,0.3976172221255565,0.0551874497031972
2005-02-09,0.6087585104154758,0.1474775901744068,0.5724619845836609,0.48879877341449146,0.048228009331363966
2005-02-10,0.600873689467095,0.17674967668973682,0.5388711427089249,0.49795514010874137,0.07743936620819698
2005-02-11,0.5539535849189148,-0.3737818205435589,0.6808308138365997,0.4415993735394545,0.03616966704192215
2005-02-14,0.7112496605073768,0.1804395444302982,0.5054511208231101,0.26934125899159156,0.0730795299948531
2005-02-15,0.5845642505337739,0.016528604402671968,0.5334325341628239,0.30847512344367756,0.06590160725025758
2005-02-16,0.6517164478196903,0.10887516910850431,0.5493583601557054,0.3007609971062143,0.06998893967342862
2005-02-17,0.721769130126386,-0.370502242462581,0.5780574274236449,0.31531397385694326,0.07614145828392473
2005-02-18,0.6207328550506985,0.17623939532938993,0.6556532645360721,0.25524604526909095,0.025744180432419272
2005-02-22,0.6474613138090127,-0.039652746603530714,0.5765110641143661,0.45807758467832194,0.029071668090283744
2005-02-23,0.564328671883132,-0.08106158452058644,0.5767634963587616,0.47932690676765277,0.012007266156572516
2005-02-24,0.6364694560746644,-0.11377433089582199,0.5321351360540979,0.23755258762956533,0.05070660342074922
2005-02-25,0.5855351803023501,-0.11512165119609159,0.6858368342648878,0.3560841182890858,0.08724880005109993
2005-02-28,0.6039638817242852,0.05267925373668232,0.4981723442899521,0.13181868858404,0.0016093205713120118
2005-03-01,0.6642794805570784,0.03087736713398205,0.524357312776511,0.46846640857471233,0.02414505374614989
2005-03-02,0.6763665436075731,-0.145736108980635,0.6183008557668409,0.3682227384422488,0.0557963611400899
2005-03-03,0.5964196877244692,0.1477797903546508,0.5652052860596076,0.3850792152285285,0.0657949208755524
2005-03-04,0.576134995096699,0.025732831491674275,0.48682177090779594,0.3520413162915599,0.07817408981504669
2005-03-07,0.6433844669169099,0.14236675912178687,0.5983474688332532,0.6427937227989058,0.08007205037358851
2005-03-08,0.5976581728220633,-0.02564303058328334,0.5799383343775457,0.5386015770182577,0.04253060731354994
2005-03-09,0.5836410827436127,-0.01360484834646873,0.4980991128736173,0.3172353443058731,0.0700684863247965
2005-03-10,0.6608132449939659,0.18535214743303705,0.5745559448974045,0.37715371017820853,0.09035310394489414
2005-03-11,0.6275772839459814,0.31134680016449345,0.5285742926393175,0.325216478902868,0.07634379507994389
2005-03-14,0.7069701460218588,-0.35433445056112534,0.6207825571245262,0.3719388563289179,0.0061956377617954144
2005-03-15,0.702880414477406,0.0035496386802282807,0.604633196272357,0.30208366926751423,0.06839719635560372
2005-03-16,0.6297389351407221,-0.4367584926474732,0.5815030608114942,0.3793550293260884,0.032027289680645554
2005-03-17,0.6285592064799997,-0.22721180601070068,0.5122395969201623,0.4308658900681334,0.08713014540131331
2005-03-18,0.6519962308969355,0.5412129128298359,0.5047989699401404,0.5423494395391786,0.07130660202584367
2005-03-21,0.5837846010624729,0.18274866284250044,0.6391825915590483,0.4684933004330438,0.048494892959031234
2005-03-22,0.7293060335776093,0.09391188901011424,0.6162630313819137,0.5898680461571087,0.0815257172357659
2005-03-23,0.6715800184935558,-0.1546304454156658,0.5723469171976214,0.495175216981461,0.06890742091156866
2005-03-24,0.6011986283300493,-0.4351892956068204,0.5647467696142854,0.2935468399569455,0.02689939301091049
2005-03-28,0.6729963792880035,0.10703849100420115,0.580722298881495,0.4159708221239519,0.006984886759864451
2005-03-29,0.5973023447387309,0.046465915912327925,0.5385857297339367,0.3971868426416884,0.0445157435838131
2005-03-30,0.6721215677997853,-0.0032283976668882053,0.6070386079939876,0.423615321375024,0.06279011159107313
2005-03-31,0.7245252303962807,-0.195613392446625,0.6095368264288331,0.4596333190458177,0.033148363476141286
2005-04-01,0.6826713447141926,0.23191218516165285,0.5675621297363048,0.3228433688702035,0.06125598416057
2005-04-04,0.588955391762539,0.22764805088399329,0.6398346032428306,0.40359908718518034,0.07888373687649497
2005-04-05,0.7335149322453597,0.19363766735099427,0.6404541032317168,0.32641284231416384,0.020561756989853533
2005-04-06,0.675739717131542,-0.4243504457674836,0.5995082822553942,0.4578365507582445,0.02475015721636006
2005-04-07,0.6757792299262021,-0.03335613486417945,0.5737822743358303,0.41927213903284694,0.08600838486883301
2005-04-08,0.5681133556870959,-0.07444683898319569,0.6667241604471156,0.3558164041104304,0.04141996760025727
2005-04-11,0.6916199594384796,0.13988772270777658,0.5760987157596268,0.29696163703105194,0.06972484728681073
2005-04-12,0.6637794748951669,-0.439386443468435,0.5967178254502493,0.3525801657267184,0.03923737184108746
2005-04-13,0.6700647873081614,0.024764636802713125,0.517788240735519,0.548423407277564,0.061019229896629716
2005-04-14,0.6147025737458477,0.23740296270499886,0.6182150889383806,0.50375025671696,0.06971749007460798
2005-04-15,0.6769976573205052,0.3069493285969019,0.62389568595249,0.28864959599848655,0.026577101645557523
2005-04-18,0.7226309817558071,-0.22047783611301974,0.6183815461528362,0.4261966175572053,0.061198068050919076
2005-04-19,0.5745391357431516,-0.27442636117611274,0.5585968298701802,0.4054436085772925,0.027390276576742447
2005-04-20,0.563870059650395,-0.03290231194230377,0.5972689797764017,0.4546893581946551,0.07966692377216952
2005-04-21,0.6343732570503119,0.15938386989826328,0.6103115958423303,0.311119306759473,0.09318178087592845
2005-04-22,0.7064716922634413,0.03067665359825397,0.53119434298094,0.3348843329678363,0.044955336028871355
2005-04-25,0.7073990289233907,0.19388374401341768,0.5368226773571998,0.34533885413020216,0.00630765488297026
2005-04-26,0.6004690826171141,-0.10596115190155078,0.5529919809743706,0.40615159197201905,0.008736382407777665
2005-04-27,0.712609082825775,0.225323389462712,0.6603333884571873,0.401197050844073,0.016060556827716812
2005-04-28,0.582350732575208,-0.007498517185844005,0.6035610972909747,0.3566338160897289,0.05876033331307293
2005-04-29,0.735902979551836,-0.018069986630344155,0.5337780812800168,0.43345360656451437,0.04763955094692854
2005-05-02,0.7362877962289841,0.30328422603163685,0.6114683100696717,0.22862238143457622,0.007461102477898041
2005-05-03,0.6576213289063385,0.12393155265575194,0.5850871393982193,0.5698724494535732,0.0551962280934292
2005-05-04,0.6122805489906713,-0.06459912216949086,0.581789690458292,0.4096863604812546,0.057686396390053934
2005-05-05,0.6413130385661662,0.03181820273829294,0.6384672309611354,0.6024441187159821,0.05412645274875231
2005-05-06,0.6056123213880685,-0.18699710649090917,0.5557923273800581,0.4631816610857005,0.05617608425078148
2005-05-09,0.6741397709519218,-0.14326616423712532,0.5442067520534578,0.5139922579343317,0.04484500942225762
2005-05-10,0.6681822345814615,-0.06308809959179361,0.5872169493746567,0.15480747954707513,0.0580837667040745
2005-05-11,0.6590547453280596,0.1167504585152684,0.6553414533536555,0.21218489923414818,0.029194443342111066
2005-05-12,0.6449543821566968,-0.17381653123736945,0.5994910257350041,0.4532727668618191,0.0680221758574565
2005-05-13,0.7299718109199882,0.00010065192978466135,0.597739938425597,0.40694068040162795,0.05617245644586353
2005-05-16,0.7318625939153343,0.021503820958236115,0.5883886783192005,0.28226381582702254,0.02058887674514789
2005-05-17,0.7339281129081547,0.4024983011129738,0.6827912126255643,0.6123218611582963,0.061180555057655774
2005-05-18,0.6547397461869929,-0.18278604034271434,0.47650062549611394,0.5417296124916904,0.02044852425382565
2005-05-19,0.6486653872652204,0.1531357733988103,0.5216844714243993,0.5455097122743247,0.055671258781338676
2005-05-20,0.6172468868901788,0.2051812864232917,0.557936803931922,0.18110721195814108,0.07574758624968218
2005-05-23,0.540145512573982,0.13453057775260735,0.5647702105371952,0.318734510294279,0.09708891868405849
2005-05-24,0.6444746510678911,0.02610885381501926,0.6423804902562898,0.37805407148535275,0.05089758510967231
2005-05-25,0.6311506698577143,0.12419128163729641,0.5887280063917317,0.26786141043929734,0.0620090523904694
2005-05-26,0.5727941357956743,-0.17583949475075455,0.5475433864371145,0.4352775030632099,0.026507790433824775
2005-05-27,0.52716342807501,-0.04572904545368502,0.6148459689659487,0.36861092873913265,0.03238902241460151
2005-05-31,0.6061161302076762,-0.09300054178784503,0.5145389412072521,0.4509852016437502,0.000616402919738912
2005-06-01,0.573359148981292,0.07690714812339566,0.5316945091608605,0.31352116269933716,0.018665291065908862
2005-06-02,0.5772471644893828,-0.41209034014392043,0.5290308207235994,0.3902456674051595,0.00824351074819334
2005-06-03,0.6293686144480358,-0.0769793215334998,0.6598393438944912,0.49426711388928624,0.037306404791719254
2005-06-06,0.645909513990769,0.03882729389310017,0.5481115751429237,0.28497472907431265,0.02350919304298993
2005-06-07,0.6816150860680504,0.06591401388642204,0.6247739449402178,0.2541941465224618,0.010703820186096436
2005-06-08,0.6686646337194169,-0.17109420526486976,0.5713237370313743,0.3692513556349087,0.06734156168931162
2005-06-09,0.7130340262134739,0.07331850632562734,0.5229839869108653,0.4123663046142131,0.04356469468232367
2005-06-10,0.6171946307622804,-0.18171300759715436,0.5718548368887135,0.3588268114556059,0.03557637032907492
2005-06-13,0.6156590621359785,0.5430436457841405,0.6104771042813673,0.36985324567964334,0.08468394039716837
2005-06-14,0.6772037948545016,0.08614650393578978,0.5737287572926931,0.39147149064001857,0.02423016696533331
2005-06-15,0.7491398040837621,-0.15788787441093324,0.5755294857503412,0.5603704239993483,0.05785729432940876
2005-06-16,0.5746550839165147,0.2125909320046546,0.508870263131227,0.2647570526220938,0.012245141954603078
2005-06-17,0.5919094089843506,0.021361576509935226,0.5901373515460203,0.5131862112327216,0.01020208077267728
2005-06-20,0.6369911733758539,-0.2129677164672159,0.4851524752948821,0.3639539503876355,0.09985719044717212
2005-06-21,0.6366786576626303,-0.05732597548751685,0.49100650738189755,0.47345267125826135,0.05619697165307252
2005-06-22,0.6723093107585161,0.17273252848159534,0.5477836925447852,0.4364251091614865,0.060896457692864295
2005-06-23,0.7473678319532191,0.16996031875912784,0.5453888710600273,0.38109658137470237,0.08539416855206183
2005-06-24,0.612391809062904,0.02389201795047921,0.5734822401957517,0.43671227183326267,0.05977488075939357
2005-06-27,0.505507127725992,-0.23501857535069273,0.5230603381201397,0.5256285689506528,0.06371105052269366
2005-06-28,0.6492239741211207,0.1594952170760646,0.5868275251765916,0.4596294307128649,0.05871846015047079
2005-06-29,0.7073523224843034,-0.348415012118949,0.5460590053645034,0.4685844505505648,0.028017069359372204
2005-06-30,0.6194010972458711,-0.036618206137191245,0.45147163354505626,0.5152355368145713,0.034781521243068894
2005-07-01,0.6110259574376384,0.30901231446693256,0.5719976647271843,0.29582653128696035,0.06617042597985177
2005-07-05,0.5255493079601025,-0.09140783647169275,0.5289020472379853,0.3805933775080143,0.09833902310710996
2005-07-06,0.59286706225152,-0.15377022827212194,0.5967093139650332,0.22821844015894027,0.06057513002990507
2005-07-07,0.6062940926305048,0.3157847300267987,0.5618161995792563,0.45497147085979867,0.02076540024116369
2005-07-08,0.6757857368495989,-0.05087281254196592,0.5317943210272885,0.6181344988761885,0.05490925099647931
2005-07-11,0.6929143511318675,0.013503732281703321,0.5554628642684265,0.40416972283557756,0.021311957413432316
2005-07-12,0.5849569247560422,0.26842196186683903,0.5579026470458578,0.38757308582173183,0.08953313957237917
2005-07-13,0.5890630786292392,-0.20774950715961948,0.5337283923266675,0.22587815903897818,0.06420756790230978
2005-07-14,0.6523050686453643,0.1821247020389043,0.5266133921107348,0.26322216445729363,0.03374132276361976
2005-07-15,0.697966236188811,-0.11245568270245043,0.4891982088364523,0.41426581383907574,0.034090109911421876
2005-07-18,0.7422906681713137,-0.3191465716341001,0.6096371001499764,0.31783236175909146,0.05247255918882621
2005-07-19,0.7284890958298629,-0.030663395886453584,0.49327574493543014,0.3345984444418179,0.020759537539229458
2005-07-20,0.6433727414953492,-0.1030077017887344,0.5249429887217829,0.33781867957616796,0.06152909898906093
2005-07-21,0.5810016119116991,-0.1143381277333347,0.5839199002131853,0.3388670016119867,0.07448507668888013
2005-07-22,0.6243933994158817,-0.004991408299225118,0.5947067206664965,0.44274147550340437,0.06551198533261797
2005-07-25,0.6798511280792159,-0.15972167324504713,0.568382109252521,0.2785432691416425,0.0562860762825334
2005-07-26,0.6718117631769536,-0.21130794402246564,0.5619034898035835,0.3405431227589494,0.07819641791529637
2005-07-27,0.5589655728978614,-0.19883966375303547,0.45408817886461633,0.5173301650053799,0.043208480588815115
2005-07-28,0.6725608230591887,-0.2881226422822693,0.509691977607872,0.3107980130789688,0.06076984970333208
2005-07-29,0.6809448736376417,0.06653300237139077,0.5491001164484027,0.34890722140976,0.0398629315874702
2005-08-01,0.6992559148711014,-0.187311680096815,0.48848695789506696,0.3935304918757346,0.0479611843397784
2005-08-02,0.6513295139585688,-0.04406956327475808,0.4431838628996659,0.49828284896117736,0.08942766919393427
2005-08-03,0.6743451568744123,0.16253652147522413,0.5055719321900487,0.509384872831999,0.05486176732335259
2005-08-04,0.586933578775889,-0.17133112852757987,0.4855484558238571,0.24961649994202412,0.06379391553825457
2005-08-05,0.6624673574613863,0.09276485084409528,0.5158003167302332,0.39895741176355143,0.08924448998400249
2005-08-08,0.6604419067903968,0.11917303533926171,0.6023309582235598,0.36442080822679246,0.06567007329064403
2005-08-09,0.5994464468578176,-0.0612146422470108,0.5829323365927824,0.4199087293151793,0.08979696727079982
2005-08-10,0.6268735523253407,0.1258978801394761,0.5008463598294415,0.48776681282389434,0.08006906426581704
2005-08-11,0.6758167005066857,-0.26861846512019855,0.4597174641808367,0.46656510065272544,0.08803805259247897
2005-08-12,0.6205557332154684,0.274349559917867,0.5095636814704404,0.4596117712339819,0.09327996593899984
2005-08-15,0.6158601433811869,0.47285232876065764,0.4762647611148942,0.4581966389053476,0.08748269678561617
2005-08-16,0.6593300684331816,-0.08404948146491088,0.5342352984955806,0.3030234627435958,0.009099095596065287
2005-08-17,0.6087386625959516,-0.25003872002670285,0.4527238996011558,0.44804762019919764,0.01167652857773196
2005-08-18,0.6737004495592444,-0.04574734246496436,0.52833190041853,0.3985702251290246,0.08816316632222204
2005-08-19,0.5770562611313349,-0.4430484603048749,0.5587761645917741,0.45009542931954705,0.04650809729429254
2005-08-22,0.5988396567336464,0.006477486828801194,0.5750891766724746,0.31412441901932775,0.09758809157847724
2005-08-23,0.5608897763713855,0.22580956860531734,0.5518800549396055,0.4643473491415112,0.013990387139847483
2005-08-24,0.6708602834763652,-0.03447571289831874,0.4808213366543405,0.45953265128345244,0.07393736693756682
2005-08-25,0.7225662448685476,0.0705588447102955,0.48651617645193174,0.3463890155070006,0.01792060375334418
2005-08-26,0.6251307198850222,0.29820842199700665,0.4325388907802144,0.4052410584618003,0.020307977018203516
2005-08-29,0.7013120874190513,-0.38324979675573656,0.561966001683434,0.47873919515990815,0.04925127624456182
2005-08-30,0.6047545245015984,0.16494062621010647,0.4590828350872154,0.5236672893973439,0.08196861387715582
2005-08-31,0.6342626540661018,-0.08470440885200238,0.5662956193802249,0.5398160336309192,0.06045515220354384
2005-09-01,0.6138287331722276,-0.050139705928422575,0.570405416108802,0.22877686382446336,0.005568507587867999
2005-09-02,0.6742998959018711,0.2521490932976673,0.4788687402493661,0.2691675317056191,0.008351313793927862
2005-09-06,0.7130772192350078,0.16975967600028774,0.5072106780560601,0.5388693583774538,0.07499693675521735
2005-09-07,0.6730098552815094,-0.132078879098413,0.4685714098693138,0.4425904095742137,0.047781474550588676
2005-09-08,0.6443923695156502,-0.04246151333946719,0.4565995762355125,0.4029684170263599,0.09901272581753108
2005-09-09,0.6711642571592071,-0.025007229988645824,0.4466689525279147,0.27640053834859424,0.008955153575619901
2005-09-12,0.6362013472500884,-0.07783093714061651,0.539657575383896,0.21863527682934056,0.062268782019944915
2005-09-13,0.6664516939366227,0.24970807086537583,0.44031992545308685,0.4146071945933164,0.044629298173209125
2005-09-14,0.6905943800610516,0.06767471898667383,0.5027156103275235,0.2924719481630499,0.04667197430296051
2005-09-15,0.6560437405890712,0.11994032112225116,0.5105801729865087,0.5533658138169928,0.09701895260141581
2005-09-16,0.739686565278478,-0.02327185173694449,0.5797190608692041,0.3347050687499019,0.055682141211962737
2005-09-19,0.7072730948205307,0.127672027406369,0.5037083265424361,0.30556201813844086,0.07113687856596904
2005-09-20,0.5558889613720948,-0.060077596411398676,0.4515009072038265,0.4711962039854995,0.019672646876703906
2005-09-21,0.5914919052368159,0.3383793131658031,0.471706654177775,0.18199075580389637,0.09174046203502154
2005-09-22,0.5514280087900688,0.14896983134745234,0.5290464193442705,0.5408631484883852,0.05544240392954595
2005-09-23,0.642979350962462,-0.08140450396381045,0.5583722120314895,0.5029803666202899,0.043316983371103214
2005-09-26,0.6307706185384181,0.1768963672597593,0.5764754533079276,0.4024383850177946,0.010235903647853173
2005-09-27,0.6305255577587834,-0.0808453765109097,0.5740010454342666,0.4884466970062404,0.035765016736244895
2005-09-28,0.67298941824027,-0.13277351719746625,0.49476398797686394,0.37876374955502407,0.032348962165934726
2005-09-29,0.6587138544081699,0.13258616994268288,0.5722933514100391,0.45896778977881886,0.01754375681848034
2005-09-30,0.6955553691596251,-0.43782340373851314,0.5505586395857597,0.35480701941519904,0.05427581449966939
2005-10-03,0.771883002580324,-0.3022476419549392,0.47647532238692547,0.3853682839004384,0.05616047547537607
2005-10-04,0.6140287469102761,-0.33093622283755786,0.43604310189573653,0.4332010532651091,0.02369867140311657
2005-10-05,0.6964385772019597,0.3792289203452968,0.5214773223348139,0.37818437555469875,0.01915937641185247
2005-10-06,0.563470665415901,0.17830415087565182,0.46617205314597027,0.4411161361275283,0.08167174974187458
2005-10-07,0.6444958331444718,0.17558124873457714,0.5097877356896505,0.3155822004950942,0.05801043625506272
2005-10-10,0.7467107744391335,0.4047321522459223,0.3802047513301191,0.3555237133464085,0.04362054673178555
2005-10-11,0.6018878273005795,-0.1303807348198752,0.5033977208163654,0.5734582540289653,0.08255316347915842
2005-10-12,0.6501371527139258,-0.19909885649080566,0.45956397433490537,0.46375451052345124,0.04889998555918357
2005-10-13,0.58412651379422,-0.44684222954742225,0.4219732993024406,0.15953405299710532,0.052484439705424046
2005-10-14,0.58564882832075,0.1313616287531252,0.3905853557092247,0.46025425011973553,0.032925776382262954
2005-10-17,0.6440774358262558,0.09971468334679848,0.4869120647649792,0.39078249019751915,0.04984846020236762
2005-10-18,0.6689070732315684,0.11196945070002665,0.4478327640034168,0.4976923590094678,0.00441680419298579
2005-10-19,0.6682331275130295,0.1146679129762877,0.5096829498562552,0.46947952855735237,0.01599517164853369
2005-10-20,0.671009560004488,0.39703658326968894,0.48250112615272245,0.6587684364114317,0.005270730806577029
2005-10-21,0.6550513370398177,-0.11009865790977019,0.6046464466170991,0.5720278326589037,0.008816659901791469
2005-10-24,0.6311996631390819,-0.10712656832620263,0.5213652180832067,0.3620594943786199,0.09139212526215944
2005-10-25,0.6945770772511365,-0.09300132606084809,0.5644273894002234,0.30088208549458884,0.09290494056927831
2005-10-26,0.665684011720751,-0.021938433130669736,0.4907692364488839,0.23733156041967954,0.05915684962215702
2005-10-27,0.6833595536127632,-0.2380583347270099,0.559972219304471,0.26838528119437943,0.052654763348467484
2005-10-28,0.6138379599165035,-0.09307450667536116,0.46061020830607313,0.4810126417611632,0.01832837063935553
2005-10-31,0.5633434244085349,-0.00960040264205792,0.5103129547593632,0.3307984698411923,0.035875487879334124
2005-11-01,0.6230557896917746,-0.40567120839767573,0.5669555890891641,0.3915453973366587,0.09672259637410818
2005-11-02,0.6392009935627686,0.040831372865658404,0.47606888324718316,0.4177038832478689,0.061766219963513995
2005-11-03,0.668749317368222,0.08517857523587143,0.515740280663295,0.21413474081332073,0.08720927715411723
2005-11-04,0.7040087408422465,-0.0803244874515819,0.5389539903428874,0.3273968849830311,0.052068120090620534
2005-11-07,0.6198999436398757,-0.11699634046180117,0.4880443174779948,0.28155390487319987,0.0124967119479524
2005-11-08,0.5964945359730773,0.03818801452841943,0.4984868229259239,0.3875257822569942,0.018030267992247894
2005-11-09,0.6278066009421411,-0.14339991872736343,0.5026770882107917,0.29142771660176114,0.002828425177911087
2005-11-10,0.6386165234455474,0.1541278212312062,0.5084586042390137,0.4821831230119833,0.0770257183494816
2005-11-11,0.6473072824428607,-0.083969040763983,0.5294119412983626,0.563258740567931,0.018623423914616556
2005-11-14,0.6207005218719498,-0.194497764903021,0.5521702654618896,0.40921042607737185,0.029705445830516056
2005-11-15,0.5694046624018656,-0.06538390144098331,0.5253119004288967,0.25703460241632337,0.0028395277562515034
2005-11-16,0.645818841182316,0.03650439299147021,0.608380641629317,0.3418035673454206,0.012202410890772841
2005-11-17,0.7145103508638617,0.033729230141553955,0.4742953158031144,0.3048920518908409,0.08102488277647979
2005-11-18,0.7422494780070445,0.42458378018284954,0.5354072248412166,0.5147273891068642,0.06402799248160067
2005-11-21,0.5755533503250798,0.09493510644969874,0.4948507748443784,0.3033689619756919,0.07298320062656832
2005-11-22,0.6216613939340796,0.11977099805083194,0.4658782634025478,0.4384046433494454,0.05710045483156753
2005-11-23,0.590147957344544,-0.03549345133565095,0.5355407962306034,0.4321925657925921,0.0943440081649896
2005-11-25,0.604949759633068,-0.3309442633508337,0.4678809301351453,0.3081050728690086,0.0033943339668652817
2005-11-28,0.6358614568831493,-0.0633574469860218,0.48039818587728833,0.3785357236908199,0.060478464146847356
2005-11-29,0.6225762476450677,0.035713051903346775,0.4596955961794939,0.22712790926414528,0.057283063309693384
2005-11-30,0.6858707161091712,0.20772573807078776,0.6022317082639422,0.39959842211515406,0.03433565346954228
2005-12-01,0.5420495585645734,0.08122257494314175,0.5466036915423506,0.4424652520360912,0.017203015882675178
2005-12-02,0.602433857979036,0.1441396848892597,0.5130438897569508,0.38573876103703436,0.0494616308196153
2005-12-05,0.6266580761886998,-0.08644488910860584,0.49398898885590425,0.5277406559251813,0.044983324961734475
2005-12-06,0.5211133180454786,-0.2486637237162863,0.47285883028841835,0.4535834119236949,0.010515685772850126
2005-12-07,0.6182110871741622,-0.23585676243885187,0.5887404288009696,0.47685872805595286,0.05093839992721011
2005-12-08,0.6750419252188349,-0.2455271960070694,0.5091067689989685,0.35833578148117795,0.02311722322552604
2005-12-09,0.5908609392142711,0.3873264324902572,0.5015401798232841,0.39812214607416296,0.06634101187785302
2005-12-12,0.670358786778554,-0.33198564432970606,0.47510624327101547,0.23784646561846448,0.017257191477594348
2005-12-13,0.6443292650888999,0.036167273665419636,0.509554107645967,0.338211337086561,0.07410171422865729
2005-12-14,0.65852429159013,-0.24791918000862756,0.6052139211797563,0.28084155199103106,0.05512573410708295
2005-12-15,0.6038153865834667,-0.3506431625367422,0.5967698970562231,0.48687450492349743,0.008708786975502526
2005-12-16,0.6732048871330301,-0.07605502054890594,0.5495275294811431,0.37217130088479045,0.019753991373831183
2005-12-19,0.5980654487564068,0.1013817804392455,0.5554620238999413,0.40603294523614086,0.042197447245527334
2005-12-20,0.5919204890378609,-0.03890270268806394,0.5765074076287889,0.24478338293424806,0.012631787603735067
2005-12-21,0.6110244619803818,-0.16443619300951837,0.4415905213316399,0.2443700611397963,0.06865274577951655
2005-12-22,0.6849410473489942,0.23144738772654133,0.6352013214517638,0.19741942203477325,0.0433898373231744
2005-12-23,0.6581964054550573,0.14822330900776182,0.5660366320430987,0.3765491833820947,0.029425567997630922
2005-12-27,0.7321493264106518,0.3783573646732865,0.46706258311449234,0.33999440061021413,0.03574090378085478
2005-12-28,0.7386642115219607,0.060427769052757735,0.490254688566575,0.4315331163026725,0.09294457692988847
2005-12-29,0.6239022012616859,0.03932909385462685,0.4877925214732681,0.24280395257625165,0.08374093455697793
2005-12-30,0.6542565465844979,0.10805442501505709,0.5305917534534723,0.4461527260286543,0.08276744811577523
2006-01-03,0.6930494315201333,0.1750308899363867,0.6017977350236953,0.43659379735041337,0.004981449215495659
2006-01-04,0.7073250791097825,0.12718770852873293,0.5832378666694632,0.5062857111796555,0.09946940344888691
2006-01-05,0.6122026549106003,-0.02606739804829148,0.5270616170660443,0.3172418816443178,0.013404791509831138
2006-01-06,0.6056806696080336,-0.26045801383244255,0.575711848061656,0.5078514639608928,0.0025873467610178394
2006-01-09,0.6503771205911385,0.30686791410039205,0.5707300293973562,0.5230050866309603,0.029315175005268226
2006-01-10,0.6688447579279581,-0.06472230232867159,0.4950057701693833,0.3752764942824459,0.022321839580868696
2006-01-11,0.7074502017286958,-0.06289128146427729,0.6058205731025721,0.25794814143238,0.0008730579831126573
2006-01-12,0.6528162968398518,-0.4673262369235282,0.5756149990307746,0.58848712883744,0.014624226989414114
2006-01-13,0.7057559352801861,-0.14339604859851407,0.6244882662403913,0.26655631234094634,0.07961087166416068
2006-01-17,0.7796196703512597,0.15890273316803094,0.5810256179416183,0.29219291974656575,0.015380824476802259
2006-01-18,0.6393111311244101,0.20867857510130633,0.6210851307404471,0.469054611880554,0.09907426565658366
2006-01-19,0.649901441528294,-0.009424755462284785,0.5843569152858346,0.27246352878442964,0.027616421195531815
2006-01-20,0.6286870453012782,-0.008501806934836436,0.5354190187652597,0.3959233977032394,0.057472996415742474
2006-01-23,0.657501560973607,0.4068876189813021,0.6713970719887475,0.5236123777838549,0.05748485404936692
2006-01-24,0.605036461669405,0.12956001634636075,0.6138842831869262,0.32246368656089863,0.06113963419130607
2006-01-25,0.5874378439475888,0.07968950667999875,0.6004805126622254,0.3898689329187359,0.005488900686440057
2006-01-26,0.6348222727565315,-0.09794342186813601,0.5235501635668638,0.20892391144258143,0.09506178040296213
2006-01-27,0.7579546438032577,0.020068498334398558,0.4979884066195647,0.4284612960893699,0.06254221627021435
2006-01-30,0.6256171907779877,0.09353707171783858,0.5651620625780561,0.42732037210131635,0.09727295423762217
2006-01-31,0.6563844790087738,-0.02353048865039801,0.5242667848461914,0.13926318153606643,0.06016055330207257
2006-02-01,0.7052181653419327,-0.02043063180360243,0.5655765068726751,0.44405407710586564,0.030929926097159534
2006-02-02,0.7084500519147165,0.0975855180457938,0.6031180461399178,0.40707864360613555,0.06653710138266188
2006-02-03,0.6712789984258822,0.23616640820730803,0.6142451684333331,0.5469599105966908,0.03697592847497696
2006-02-06,0.6331330144215652,-0.07981229391463424,0.49670627520063454,0.5753569862456606,0.0289457280944434
2006-02-07,0.6678287036868381,-0.21403210306269896,0.5454108581491112,0.5058628693331745,0.05690435124386037
2006-02-08,0.6209519631062665,0.25639437786837166,0.6298865048238368,0.18982042274722916,0.03900152882368069
2006-02-09,0.646618987835118,0.3582835910857569,0.584183924644952,0.3879759907057164,0.009579364594293462
2006-02-10,0.7470358338961497,0.012621205604877842,0.6042088352062016,0.4686681162451699,0.08431482643047261
2006-02-13,0.5813770971422724,0.18693581161075717,0.6119635613591915,0.4325821999979199,0.097274252083578
2006-02-14,0.6484167211103754,0.13685434566875868,0.6081132199599898,0.3592990845798153,0.009474985535549997
2006-02-15,0.7256243703295995,0.16183407704354122,0.5699933183110516,0.42631584612622453,0.004068525961539816
2006-02-16,0.6928825625059998,-0.16104877769724343,0.6492271287432863,0.321571074692042,0.08720445410520822
2006-02-17,0.605338167968282,0.13842368566384358,0.5512506918578705,0.39339043669958684,0.09952923670702413
2006-02-21,0.590943605634963,0.5013483630455735,0.5612054272140896,0.29052713144495074,0.05336790207579293
2006-02-22,0.6139384572448848,-0.05623739605755329,0.5606328486096155,0.4684369551355852,0.007705114046872786
2006-02-23,0.642519281424408,-0.27776096640149117,0.5999775227726373,0.2763403049553629,0.005562987352661542
2006-02-24,0.6058733813974454,0.2063694529140092,0.5835833805655523,0.3416330048207668,0.08889270400552741
2006-02-27,0.644208156938224,-0.004241667645891637,0.6384040788558799,0.11224443543717694,0.09870669150203532
2006-02-28,0.6984186815005556,-0.27214581407540733,0.6522284136384252,0.4158342816741279,0.007690701864135541
2006-03-01,0.6881986370462706,-0.057884386197737114,0.536206633198709,0.4115763502442292,0.09417941143066971
2006-03-02,0.5742060687107764,0.1503792705497325,0.5336339389360002,0.5154847218550853,0.09163211938749503
2006-03-03,0.7244297284256449,-0.2313775925415521,0.5710378104191024,0.3318445582580692,0.0489927728446526
2006-03-06,0.6198423060901583,0.08495674056501507,0.5714805185045982,0.33775394251494506,0.07509078018219065
2006-03-07,0.6046520558974381,0.12364168706469564,0.5698236081468688,0.2893523086734306,0.08990826118000447
2006-03-08,0.7060915157539096,0.0699014282553041,0.678828598917387,0.40196867326844304,0.042610075338939526
2006-03-09,0.6793404389602347,0.12171067377202648,0.6356844166967419,0.4155231945702712,0.017331842146943
2006-03-10,0.7610556731700517,-0.012134339990796066,0.5742258900728026,0.42750302669282836,0.017610005046664934
2006-03-13,0.6473252351124281,0.1952295507548453,0.5235243316112372,0.48089370185242497,0.06575398135437427
2006-03-14,0.6815201415774153,-0.33115097995634635,0.6152211540453648,0.22429974091227467,0.0915940759415447
2006-03-15,0.6503808608151826,0.19722125451271388,0.6204738038811435,0.5120630602342727,0.04397211639847648
2006-03-16,0.7216655877291961,-0.3554235226389282,0.6075233115164641,0.2168157125482052,0.045180706905122194
2006-03-17,0.6628893994050401,-0.4706587210327842,0.5927799814331247,0.5523014392489104,0.06155169908890541
2006-03-20,0.5989048137294367,0.18400574042855455,0.6339595535383421,0.29375352485332545,0.02042628304437313
2006-03-21,0.624164757236273,-0.16195568259636028,0.584116221597123,0.4229053736391618,0.0772421997936548
2006-03-22,0.7113775975526159,-0.26215538995663673,0.6275132324148337,0.1753603076424698,0.06673712038111775
2006-03-23,0.6015547460018147,0.26725424623298494,0.5722816038203207,0.39497500077594705,0.09773562297116185
2006-03-24,0.701576236822821,-0.33025437348655906,0.5010134376912605,0.41059254387850386,0.04490582048605355
2006-03-27,0.6610182980899035,-0.03159385581766706,0.5728104337111906,0.3127914667930457,0.09119744941150043
2006-03-28,0.7038093829863216,-0.28364201282053264,0.622261930281811,0.341901784087394,0.0008461754167352176
2006-03-29,0.7538016943956112,-0.1917500460273461,0.6200674279135076,0.46338850209431154,0.06211325706650429
2006-03-30,0.6932651617991544,0.025395578896833478,0.6141392780842506,0.24459434880190897,0.039012128887771405
2006-03-31,0.6377659908912192,-0.10938220239544666,0.5955277907977394,0.289723294833768,0.017017296068146028
2006-04-03,0.7301697641896785,0.2394593623943768,0.6273263569162595,0.481065626855008,0.03462851798823272
2006-04-04,0.6429199156016208,-0.2956510172342725,0.5557437474858711,0.47107530745698006,0.030758939475196034
2006-04-05,0.7518828568876499,-0.23200671717388058,0.6695688670253629,0.36330155599269726,0.004693911782118265
2006-04-06,0.6884418272603203,0.34477569836442196,0.5475659798133772,0.22409479292307202,0.016136047364307515
2006-04-07,0.6064295371354993,0.1311649123616096,0.5572654692113072,0.49743525106284037,0.04329720378843957
2006-04-10,0.6309571708252145,-0.33293529179189174,0.5759671650422717,0.36990888113535403,0.0027623994566235988
2006-04-11,0.5756163581644824,-0.032309375095623004,0.5435482292381296,0.4431887040714111,0.08798808335302266
2006-04-12,0.6433319225404563,0.2423580841737922,0.6636825567854728,0.5063398121468816,0.05001224241666076
2006-04-13,0.7014385690626873,0.030204903089408215,0.6665916947533931,0.3951724835223198,0.05598414430399801
2006-04-17,0.7479970224737996,-0.1035933177521351,0.5406886931705932,0.5434733045592433,0.009842807561024259
2006-04-18,0.7293022129719962,0.07424493537654316,0.6422792358248638,0.5186482845574275,0.027861474347303017
2006-04-19,0.6844827491273014,-0.028544163247969448,0.6081371599265273,0.5411574207015781,0.049918031760517546
2006-04-20,0.614113664044738,-0.14710349104754095,0.6298278868395402,0.43197887338349406,0.04641138145776113
2006-04-21,0.6925435422860701,0.06455057125665016,0.7095866636549653,0.2460215213791231,0.000729126139263514
2006-04-24,0.7124022574071738,-0.03676603460291727,0.5741981153229313,0.4795935361664364,0.08216406781022635
2006-04-25,0.6396308402477503,-0.2253662036729574,0.6468584232015594,0.4261060579793727,0.029173083753532083
2006-04-26,0.5524537267237473,-0.038317253450452386,0.5928241722242427,0.45579077409131585,0.04384910875323283
2006-04-27,0.6343392354135347,-0.23778246755487006,0.5957991792595361,0.6391104955852758,0.04189802560040835
2006-04-28,0.686935175429445,-0.28514205525048736,0.5956321095659962,0.33713982676432397,0.06749996944534602
2006-05-01,0.6047356000606368,0.12437251170397506,0.6011196929162165,0.30922104861868693,0.04723630658161529
2006-05-02,0.613529734213426,0.3489219213069211,0.5133232432050773,0.46694204213020524,0.011646012682000363
2006-05-03,0.6469016554460546,-0.10775002563578191,0.48664690994282456,0.3997226541530786,0.0903879044496936
2006-05-04,0.7110746608465757,0.0301158129880869,0.5536823318754661,0.333097655915086,0.054806244917814134
2006-05-05,0.6304181924332793,-0.12729100685358918,0.6153062046177921,0.3997041943426605,0.048994233660368064
2006-05-08,0.7017102676085337,0.0952412303705324,0.5968602246633453,0.39341292462129235,0.09132639072637817
2006-05-09,0.6880296660419802,-0.07912663512819831,0.5083717950659334,0.4471226831357106,0.07717016107580409
2006-05-10,0.6959623472045513,0.008869501852223549,0.5378403984038043,0.3409337167103345,0.04960648179547367
2006-05-11,0.7199385569282782,0.1529760731386743,0.6062755713216005,0.2628222078735737,0.0054176084868230445
2006-05-12,0.6821996192094162,-0.24700276161780874,0.5350061566738437,0.545055779285391,0.07313942239922397
2006-05-15,0.7204323624850897,0.22967593130059774,0.5772500983393096,0.30462141816158694,0.006366367773836857
2006-05-16,0.5486237039883972,-0.4760640269959116,0.5938153446241862,0.3600458206290783,0.04434367964056623
2006-05-17,0.5534706381347843,-0.3462819319071131,0.5535557700367718,0.582290324450238,0.0914065543694253
2006-05-18,0.7747104447495975,-0.42415388491899714,0.5706760243416368,0.4773892349504059,0.0383390472654842
2006-05-19,0.6611549971206964,0.02201036891030702,0.6004061569110165,0.3320429770544183,0.02844899101343029
2006-05-22,0.6321689745547985,0.010906297828252904,0.5741529879874466,0.4123318711255996,0.0015379068086492477
2006-05-23,0.5982984928567644,-0.32974879714798516,0.5478650544791629,0.45846579068217,0.015443967716517716
2006-05-24,0.7093961615999765,0.5618162062709537,0.5807320082007817,0.4488133707210191,0.061571033335593675
2006-05-25,0.7187029090812869,0.34744575831167723,0.6129364212938198,0.4643722676864591,0.01587916892773562
2006-05-26,0.739587003849338,-0.08101808854090747,0.5855841546221282,0.402774277378322,0.04466757994438464
2006-05-30,0.606417747816151,-0.14667551014378577,0.6519160685667084,0.35357153213192066,0.029240257947591178
2006-05-31,0.6285051095429492,-0.25368054045890415,0.6853321388537197,0.18735523357839723,0.07329543871520004
2006-06-01,0.6159620098600695,0.4127728675182738,0.45623687156856785,0.4983476963898669,0.0539964594360488
2006-06-02,0.5669248914344125,-0.05222031838809835,0.5182394424104841,0.43300323870790425,0.012369395251908923
2006-06-05,0.6558705159707275,0.15549881538315036,0.7238216907188937,0.42050470986319827,0.015355143998612998
2006-06-06,0.6883191042932992,0.27959857922202647,0.5772795387381199,0.19924164252901005,0.0013822353496174779
2006-06-07,0.6673351951114637,-0.03384188839859546,0.5621993943217426,0.4997348702334207,0.09572593249721459
2006-06-08,0.6215643896621753,-0.08301115747866976,0.5430308169409945,0.41233567773340013,0.086310899381012
2006-06-09,0.6691594633334503,0.2511139958075243,0.5492330001094852,0.48010880052428123,0.022306601478425572
2006-06-12,0.6126520386570018,-0.0008493154494147652,0.570592594712211,0.4130398651008344,0.06594165090132433
2006-06-13,0.6626613707246912,-0.11071646859038148,0.5594354859555453,0.379152135837181,0.08332476340261663
2006-06-14,0.6079949028298806,-0.11828385505439963,0.5407413774329434,0.4167919571269163,0.048306799238523934
2006-06-15,0.6988001403050947,-0.07780600836583189,0.5986140835628148,0.35531342015433115,0.09909304312901909
2006-06-16,0.7134071240555516,0.0665909824400552,0.5737423647814315,0.44452324556471745,0.09848659137386612
2006-06-19,0.692400385297931,-0.33843703081331433,0.52776019080985,0.3313521040317555,0.09254001841765438
2006-06-20,0.7241515578384983,-0.2023543273919356,0.5611117595118036,0.46212303999803656,0.001636165968908021
2006-06-21,0.6591489154901048,0.034331590616976264,0.5654053408877927,0.35231322595556624,0.046932172375536985
2006-06-22,0.6718206017156364,-0.11429654884492418,0.4695164829579283,0.5417982926874633,0.0729093796543981
2006-06-23,0.6389592424144115,-0.08656647699345095,0.5700428706523589,0.45897762241337914,0.06466821276747317
2006-06-26,0.64775053026249,-0.08850700386253119,0.6435159501107194,0.2530226229655973,0.06983121792519997
2006-06-27,0.7210300678857688,-0.1444495816081789,0.5726915392398447,0.4527620499125388,0.009588265176570611
2006-06-28,0.7094965351891666,0.0441647324139017,0.6512019248773382,0.4874371741837623,0.08412143335389981
2006-06-29,0.6441688533399728,0.12471686642035118,0.5664329795271053,0.4996997035219367,0.021543129748500058
2006-06-30,0.7262119750086088,-0.18159208099695073,0.5782757026517271,0.3527053696618726,0.07720802365277846
2006-07-03,0.6982997897177354,-0.3009423610812124,0.5677194348993284,0.2202666102777494,0.045927885470411316
2006-07-05,0.6967277336878995,-0.41830260426899973,0.43687381540502535,0.5702207609104333,0.04208031969566857
2006-07-06,0.7281561637026055,0.32405646968981855,0.5462851654606022,0.33207509448949957,0.08543696949723578
2006-07-07,0.7668908674341065,-0.2676865014923299,0.49789988934232704,0.36637818530386795,0.04558472565688537
2006-07-10,0.7150135319497299,-0.06434501801860446,0.602556458814852,0.35758913284178184,0.08216029981088202
2006-07-11,0.6085751141035456,-0.2529303000126526,0.5032553497190952,0.45732724907853894,0.05097865970206175
2006-07-12,0.674546474166087,-0.0647304066440196,0.5437208427893038,0.5360923912592658,0.0017967840790948375
2006-07-13,0.6664523232756536,-0.1825599749981549,0.5708393819674048,0.3379324538154298,0.02124276770210839
2006-07-14,0.6353566999751828,0.07654964719863097,0.5380113671150123,0.2641123162406981,0.06648124116689712
2006-07-17,0.7005650207528118,-0.013944422168528257,0.5101058872145795,0.3767773625686075,0.02067706697481483
2006-07-18,0.6503108879338346,0.10994922785155031,0.6003495501115955,0.3938213785572692,0.04502454066934213
2006-07-19,0.6468415409370635,0.07397600672921721,0.573300353993438,0.3012348836613249,0.021937561243623706
2006-07-20,0.8288807836179375,0.1207846166401982,0.593184434492605,0.23140922467879552,0.07613966632879766
2006-07-21,0.7127361152067097,0.10088321530279205,0.5060786877118605,0.23067340215012994,0.09784445117002352
2006-07-24,0.7404757977941745,0.08191140605677572,0.5774599850874631,0.3451906384768109,0.07220121015040343
2006-07-25,0.6770694822458916,0.08445794595266129,0.4485550632081005,0.3935457626800567,0.09763960529123132
2006-07-26,0.6723870626819347,-0.0820095685718253,0.46905901940725925,0.33047239233677256,0.06209798914420676
2006-07-27,0.6622163835674861,-0.3072076622585727,0.511515023390608,0.4711384204113708,0.034800382688428076
2006-07-28,0.6054922840119653,0.07878106799138193,0.5893448285435935,0.3473788760820016,0.02363562444101718
2006-07-31,0.6326072807137644,0.009250346798883535,0.5677184723957891,0.43554496202818155,0.0761921842183677
2006-08-01,0.5982109718937662,-0.3340627877541447,0.6133888515474812,0.36360383768177434,0.05659721088023585
2006-08-02,0.6031891383978687,0.3382483308354469,0.5556662392905176,0.28983574489854275,0.054618330239262804
2006-08-03,0.5417406544260305,0.06128851103885581,0.5030594205749283,0.4704973279809415,0.05917092084947211
2006-08-04,0.6978466945225144,-0.16937559568170873,0.5710716014481865,0.2789329985326831,0.0035209961978796
2006-08-07,0.564005642463127,-0.41186681018638005,0.5798043980396885,0.5508988062074136,0.09939096089008553
2006-08-08,0.6248126851305074,-0.14956864715059776,0.5490424392302558,0.40524831012887447,0.05348306206041559
2006-08-09,0.6064778374435035,0.1286083194410884,0.5474428887389393,0.3569744659867003,0.07341838962708548
2006-08-10,0.6703047229487256,-0.13720370976509227,0.4682370717208729,0.3984021438740742,0.0046718858004929364
2006-08-11,0.7553707360598031,-0.40755783777944066,0.5459916093375933,0.5249059603321549,0.024983605427592415
2006-08-14,0.709435631561751,-0.23322052499786128,0.4754311097793562,0.4035792162860184,0.0842877596810853
2006-08-15,0.6597796469947861,0.004814475704604075,0.5234592212021582,0.32322807860487757,0.07166454860668746
2006-08-16,0.6779679644327781,-0.06547531959350125,0.5735085449883324,0.38048176923383364,0.03518209128458557
2006-08-17,0.7397441484806422,-0.07801387274202688,0.3989862095547412,0.3311427157858105,0.06989971782074265
2006-08-18,0.6693135205772848,-0.25979867514923904,0.5456481450929617,0.34153968241018234,0.03926534612768587
2006-08-21,0.7082062358808295,0.2304070563401579,0.4852798418239063,0.4988150316696425,0.061535490919966664
2006-08-22,0.5780019257344217,0.09744043783311022,0.45749447925499015,0.40627329539765783,0.011232547379100156
2006-08-23,0.6676174390411667,0.26878944547961814,0.5499108566116198,0.4653856525840959,0.08839262466999709
2006-08-24,0.6202116134644954,-0.0035194732425762026,0.4903433266108502,0.402890520535514,0.0025178521872022187
2006-08-25,0.7760485261754877,0.11728442431408909,0.43620886496201994,0.3865516959837862,0.0400860059330318
2006-08-28,0.6650133116490902,0.29038489622487995,0.49513729789793204,0.39701626233029896,0.02099032755405802
2006-08-29,0.6936963683459076,0.04735620519139395,0.47306737817831723,0.32986676101026613,0.027323803735458688
2006-08-30,0.6652974202154802,-0.005998033724742702,0.49883184922665635,0.4086615885473617,0.03485173495687607
2006-08-31,0.6066424907960746,-0.32493939932240923,0.512055716056556,0.34434190956530536,0.0720768810549931
2006-09-01,0.6155277822733766,-0.30147854264491036,0.5656384666915932,0.2630874900521737,0.08772192837951888
2006-09-05,0.5960606421140404,0.3407998156775194,0.4841444578835515,0.2149895326723555,0.05253059195599655
2006-09-06,0.5863820187606037,0.22566433125077057,0.5405115756545213,0.45221706629313085,0.052898600463463466
2006-09-07,0.6748016609650866,-0.08181606004998321,0.4108872643424306,0.3424168821713314,0.04578919894615449
2006-09-08,0.6506962356739021,0.08307408731943314,0.42718381196126753,0.4713117268817639,0.02598371437407934
2006-09-11,0.7364368147669774,0.1320760103379048,0.49515760366828815,0.5179042165105696,0.023020148365003736
2006-09-12,0.6877791352721585,0.09451448496647322,0.38105883700122817,0.4046427086531085,0.007678655254040878
2006-09-13,0.6718989315958672,0.04474488570146248,0.4709697541352103,0.3168543930345898,0.012486223230044224
2006-09-14,0.5638810485148101,-0.3986876080555489,0.48796255341394007,0.45651988778884833,0.016237575122019565
2006-09-15,0.638292177189817,-0.005373638024723244,0.5806995483995241,0.144432868168488,0.09817568123264662
2006-09-18,0.638662182874223,0.07677633707614384,0.505199360792019,0.3877462016795118,0.07663186337785376
2006-09-19,0.6221191822463148,-0.41694475310434315,0.525079382499606,0.36865667663502655,0.03214611356862122
2006-09-20,0.5792410433605493,-0.041249281997931875,0.44165996086352866,0.5338142606306256,0.05588616266349388
2006-09-21,0.6552956192623919,-0.05432367857964887,0.5130887674408474,0.17840748385365457,0.09275489285643307
2006-09-22,0.6489480587981893,0.0859344713604216,0.46834608062852545,0.4488125464627153,0.0495544415081471
2006-09-25,0.6379534250297727,-0.1938236522125308,0.503168216114096,0.3473569705146575,0.039120429676912184
2006-09-26,0.66957480696902,0.0915861254438443,0.5825910068765102,0.28476253782947575,0.008407150499908101
2006-09-27,0.7741127937019385,0.0021937419484362973,0.4767391250458692,0.36437256865423345,0.024762832279321325
2006-09-28,0.6540232006360938,-0.04525596331321002,0.4821592176935102,0.45314036805817,0.047032738725192036
2006-09-29,0.7410565405588849,-0.17733674686930442,0.5834433705638826,0.4174996731778498,0.04485715614696122
2006-10-02,0.7547734022685815,-0.018263470737512433,0.5360604046030331,0.3115316260824877,0.07762370076264634
2006-10-03,0.676762440367894,-0.21386383288310748,0.4126659036850489,0.26903042149855283,0.023935539030608213
2006-10-04,0.7019788226554441,0.015722134016999647,0.5313277478863123,0.3955633758649027,0.060433899774490055
2006-10-05,0.6146401762582894,-0.06108254066513216,0.5398595419039703,0.29083712787309074,0.01588259039676875
2006-10-06,0.5754521986540815,-0.11549899692139204,0.45536510412044995,0.43122589704045144,0.036326961910059054
2006-10-09,0.5923677918695833,0.04666840957772958,0.4102547146453347,0.437756982227863,0.033870769018194705
2006-10-10,0.6318326852326086,0.0034630991235812037,0.46063793386076735,0.47561175267940975,0.012978061359088034
2006-10-11,0.6702126436177773,0.0056304193135854755,0.4453188690561605,0.41533017310094317,0.01792741254875353
2006-10-12,0.6319161546103029,0.11018184367109357,0.48338076564225835,0.6104630510445018,0.05709911564197632
2006-10-13,0.7486376241053958,0.2528329440037613,0.4971112986079853,0.39367132757728773,0.016273401820112655
2006-10-16,0.6937915451621148,0.10724466971415487,0.5235971165030073,0.5580416661720816,0.012842779300778095
2006-10-17,0.7174561123380973,-0.23196119722713182,0.5555641115834271,0.5362459900485114,0.049035949110383316
2006-10-18,0.652519114372629,0.073582541649737,0.3559454677757319,0.47909028087298494,0.05847174795369782
2006-10-19,0.7038074324750475,0.30958331171656917,0.5141538823887597,0.4862453069895059,0.0935296489652136
2006-10-20,0.6911199144879527,0.1206754646170971,0.4884557717551008,0.5031229381053123,0.09833097493630935
2006-10-23,0.6457326271802912,-0.12937174029618967,0.4932110210517649,0.3983269027952179,0.055585997566780725
2006-10-24,0.6057633720896907,0.08862563929058367,0.5183652512064124,0.4093565874000392,0.0768540736110986
2006-10-25,0.6308510860160397,0.07329295666785739,0.5379450997336388,0.4994446548273407,0.08884251603026011
2006-10-26,0.6730369126380537,0.08991494159326446,0.5142562546180601,0.3062827338441542,0.0562993403727535
2006-10-27,0.5906898379429801,-0.0828145874150159,0.4381606995128281,0.3860163075343868,0.006727064506265157
2006-10-30,0.6409994531804205,0.036474407004918025,0.4828987538187629,0.34437065647618886,0.07440184682417564
2006-10-31,0.6106929470620212,0.12991824055978796,0.5082336594959307,0.31508589732146486,0.006813951253015205
2006-11-01,0.6948630298116585,-0.2320555102747487,0.5806509194029574,0.36443708118000345,0.013732263224935837
2006-11-02,0.6781157911063578,-0.02023696587512985,0.5110496063969385,0.28631452188734186,0.07041620534220448
2006-11-03,0.6582523361539137,0.07621156171897508,0.5279233425707276,0.4593973195768063,0.059678797178325076
2006-11-06,0.7558375705713675,0.08383180290980233,0.5162217840135119,0.32043527934158844,0.04817046571554419
2006-11-07,0.7091607368598396,-0.09399827215839117,0.4946716564700176,0.43171115147806344,0.08532527535889028
2006-11-08,0.619213095837731,-0.22959872343323037,0.5466689135477423,0.5774914862043463,0.02939956079184244
2006-11-09,0.675050861323521,-0.1312987192169946,0.45150267572169667,0.3231458163735106,0.019670102178957573
2006-11-10,0.6910599119417579,-0.39753272861069566,0.43261616082907806,0.4738320603075425,0.0696231944923499
2006-11-13,0.6008918313677842,-0.10632651129571613,0.5323854753210678,0.4286896445398763,0.027713486712034552
2006-11-14,0.7567343368500499,0.047722994948400224,0.4783958582203548,0.38002416868066036,0.04430623277977344
2006-11-15,0.6720597014075931,-0.12528011839238737,0.4993375492898436,0.24107979023575127,0.08490362267010253
2006-11-16,0.7102315150170246,-0.11614675293197384,0.44857169130474683,0.2780822644705365,0.029722411407742823
2006-11-17,0.6777435964294399,0.14566598642942594,0.6019875565834778,0.3325070008404313,0.06421971406161929
2006-11-20,0.6779661849528255,-0.09190269986395444,0.5118180600171729,0.27440326338279997,0.02158954837746088
2006-11-21,0.7380727306736798,-0.06803146930404505,0.6306748243551036,0.24300203938245865,0.08049789402232965
2006-11-22,0.6351764014310983,0.021785191804189037,0.5124859659013417,0.3647038063917585,0.0649828096482208
2006-11-24,0.6470641424921522,-0.173489108822666,0.5848675717736244,0.32038615535134746,0.0038705973887025904
2006-11-27,0.6848328036891348,-0.23636134134057485,0.4665520813372751,0.4080168186981326,0.09949377390638514
2006-11-28,0.7088588314266696,0.09283183696873691,0.46225294464740097,0.2704853119070799,0.003500428206823092
2006-11-29,0.5840043846367718,-0.23024268859019306,0.5074928358195543,0.2901419506468182,0.06951294763652757
2006-11-30,0.5914372942826945,-0.3277416587599571,0.5257651039603805,0.28259383415282957,0.008484099725832939
2006-12-01,0.702524012920373,0.168396681587708,0.5419814592821037,0.46425323038186334,0.057199692448928724
2006-12-04,0.638111989996009,0.03986929502317128,0.5792409274091832,0.44090316409351127,0.022515723865300753
2006-12-05,0.5888073583781259,-0.17782619054993673,0.5063788438527499,0.55360800048743,0.08661178489980238
2006-12-06,0.6523840156723507,-0.02436258838490611,0.5101037032341282,0.1437421466991119,0.0859157446436168
2006-12-07,0.7508829442263343,-0.18957160991580732,0.504369225384963,0.23773700770419953,0.0007944601603576019
2006-12-08,0.6616446112535537,-0.26565935352200304,0.5813574782429478,0.5405099536803872,0.08815886517930022
2006-12-11,0.6115088248775589,-0.06178329727103626,0.6124070456748365,0.3084042889688845,0.05905701483348295
2006-12-12,0.6931778837846584,-0.32581117635027584,0.5862075130683954,0.43227384390528567,0.031338434970432594
2006-12-13,0.6370445057910773,0.03874159382394506,0.45967415570769743,0.2656322233377607,0.08142573223698561
2006-12-14,0.5643002078453273,0.2284531472904719,0.49053722241517655,0.39908415733050145,0.027865597202760706
2006-12-15,0.6355805303942643,0.2864621257507332,0.493045676268619,0.5055381153209868,0.08186509782175615
2006-12-18,0.6537440599386568,0.26710703000864183,0.4990089142745952,0.406077641876485,0.010184249098684907
2006-12-19,0.5934358448283096,-0.1808009972688528,0.5236244124233678,0.4587691371503602,0.07431834799568955
2006-12-20,0.6030049576498229,-0.16614163562607787,0.4876253411707575,0.5962524715204495,0.08114444404103373
2006-12-21,0.728912156097852,0.06620614791510653,0.5805256800349221,0.34576343923307584,0.011288474864649834
2006-12-22,0.6019360537168998,0.01796214773853537,0.5095621187453528,0.4020162279241774,0.04008726574813823
2006-12-26,0.7133904585966564,-0.044134732514484,0.5359620670260326,0.47271845424303277,0.03459957727690845
2006-12-27,0.6566339666492075,-0.07784059725720906,0.5606803868263484,0.3549462300560648,0.027689641859034178
2006-12-28,0.6809001109233385,-0.14627018553729007,0.5512838364010197,0.45673244659136625,0.03155651150097576
2006-12-29,0.5982887858946471,0.3187282014343119,0.5745090514321388,0.41797523565069195,0.024951422593903084
2007-01-03,0.6416010147934378,-0.2650524936844604,0.4826162469634856,0.491797079204953,0.07344180386159382
2007-01-04,0.636926705631363,-0.4342894543879939,0.5305049445230744,0.1062947086181602,0.0391270942507166
2007-01-05,0.6570996661836528,0.10933166431891506,0.5699585065887833,0.3184968279940828,0.036357052923827016
2007-01-08,0.7258432492939698,0.12405865993737408,0.5614938225530766,0.36228754792886175,0.06379780336028197
2007-01-09,0.7385911007949341,-0.17869970795580417,0.5348631671752604,0.25080514778606794,0.020588441088715784
2007-01-10,0.7300644922740633,-0.11108034089422843,0.651048798599753,0.36791479384140835,0.07771308615039697
2007-01-11,0.6459543177394033,0.047606654858458185,0.6398660460147113,0.29274424700158913,0.07472914302802698
2007-01-12,0.6533214396133897,0.005745825068435427,0.5386978260626422,0.38319386619279205,0.08563591217262419
2007-01-16,0.7055833643168817,-0.23652998691207353,0.5174431057080755,0.4261277018687034,0.03127872710292863
2007-01-17,0.6626909775584596,0.14328230059430266,0.558502825925356,0.32166700918766533,0.022525780289879595
2007-01-18,0.6998128739235936,-0.09565582431209799,0.5166795161036583,0.34832764286632073,0.036548995389487964
2007-01-19,0.6353172877105014,-0.22654012592981362,0.5486586342997682,0.4792201084143294,0.08180429468087032
2007-01-22,0.6474098535654138,0.00485394205407229,0.5910949741961937,0.6501110159562131,0.007624608024760515
2007-01-23,0.7110382996273916,0.06105608547845031,0.6063269348916563,0.4592692598254396,0.07382678186652263
2007-01-24,0.6822249635269821,-0.08201173923058801,0.5645088433737588,0.4885662605835921,0.07106678676436802
2007-01-25,0.593153376839045,-0.23814420363749944,0.5168855616923834,0.3512542501477105,0.06969750237608031
2007-01-26,0.6723228034678684,-0.059361404794111484,0.6007948797307707,0.5432931634866024,0.015048720359805569
2007-01-29,0.6212025434825589,-0.2992817521693767,0.5617839226106304,0.23657180337565156,0.040422635732064074
2007-01-30,0.6141408801282761,-0.4375416411600698,0.5726375857148194,0.3614989152584347,0.010310440893482375
2007-01-31,0.6671030557466849,-0.23202804638491817,0.6080233143927042,0.3147022238778704,0.0968984801843789
2007-02-01,0.6795592832313503,0.10086034151702339,0.5680382232988307,0.29467781379143176,0.056160521319556435
2007-02-02,0.7324973108021264,-0.14223153253373452,0.5880180262022725,0.34723941656747837,0.04285044381495075
2007-02-05,0.7717649923467388,-0.12385892432664065,0.5805699012639753,0.328254291176722,0.04065719722852156
2007-02-06,0.6759190627841404,-0.027289810422896233,0.5908527863026015,0.45000013558803054,0.0667978390087151
2007-02-07,0.6571759232491953,0.1452069537722125,0.6255138721650304,0.2125050391299755,0.08524928549618362
2007-02-08,0.6326442294690985,0.23551833562879,0.6204780028216746,0.3950188682371006,0.03647538464604849
2007-02-09,0.645392902406265,-0.1137501530167489,0.593811564523431,0.4739739176920476,0.020123715212641627
2007-02-12,0.631192971995101,-0.24717796349117452,0.6027211469255607,0.44227463722728433,0.02112578637864663
2007-02-13,0.6394115019715846,-0.38913020220415234,0.5508949373123433,0.2729021871980416,0.017523118440060406
2007-02-14,0.6479867608764501,-0.04112690927622903,0.5988266190021685,0.5148457371545814,0.08185637113568012
2007-02-15,0.6808468183201551,-0.19790786694084742,0.6516507022342621,0.23097355208155543,0.09129901555043338
2007-02-16,0.5879481145814319,0.06712124287179008,0.5886696516916482,0.27228135177798163,0.03139479311598971
2007-02-20,0.6291422799630334,0.432551411660921,0.5362411405497544,0.45760413608633377,0.03555646078925447
2007-02-21,0.6947906124499641,0.15414954954764437,0.5100386833040569,0.15601756446272996,0.014890017250888767
2007-02-22,0.6518588791101141,-0.35688218065422617,0.5459818266359951,0.4468989632211993,0.07634457408080952
2007-02-23,0.6624083485055594,0.07631595467963115,0.5829030041820513,0.47450857801671037,0.07717755677511672
2007-02-26,0.760213628524652,-0.2364840313943861,0.5018065959001661,0.38014122076392054,0.09467227099510385
2007-02-27,0.6850181377599598,-0.11503840576748388,0.5519433101587264,0.2992322104770369,0.05585074490540736
2007-02-28,0.7331705247752877,-0.15615963619984244,0.5137947545060296,0.5468891951062741,0.023635275711149484
2007-03-01,0.5711136711244903,-0.15530163139384373,0.559294231651169,0.25310212902335705,0.059151008325052934
2007-03-02,0.6585193214398314,0.32907430534843124,0.6334007412616377,0.3967945214682029,0.09848023642148515
2007-03-05,0.7723030382776119,0.1712867170287389,0.6187958038911786,0.23150745534753142,0.036906683144447186
2007-03-06,0.5856524837361289,0.24428690050507568,0.6058045928416712,0.37251076117541093,0.007149583272687621
2007-03-07,0.7713179124191474,0.11708671738010507,0.5774298866306211,0.33443615983544295,0.015297609890441233
2007-03-08,0.6475041331800809,-0.17003299833732402,0.5530830675994823,0.35718424996277504,0.08405729992046448
2007-03-09,0.684814436143188,-0.13066085417493264,0.6203096267536706,0.30617920893909384,0.09065521071066635
2007-03-12,0.7021796432180444,0.052741717936131076,0.5677466206573384,0.4784315039895254,0.09943932682091867
2007-03-13,0.7029941122734864,0.4088722966574505,0.5763033600762821,0.2552838747123289,0.07453352502308645
2007-03-14,0.5858541099919701,0.05995169252521937,0.532661794536827,0.27866486112197125,0.0802602362463754
2007-03-15,0.6217437727710173,-0.006414436786073454,0.6586538760287949,0.3725314439081355,0.0950832620000089
2007-03-16,0.5883285617174482,-0.3557782432320014,0.4773328660374211,0.522866097773061,0.0381326714481105
2007-03-19,0.6743893585251873,0.07615713075783476,0.5982761540566998,0.33835313486373586,0.0636829872994512
2007-03-20,0.6741536191306673,0.1680128521055531,0.5876060873017406,0.6355455350677086,0.09562279165554416
2007-03-21,0.6397642313246235,-0.172903874013591,0.6194335057466609,0.5268687952106661,0.09232047156201978
2007-03-22,0.6684822403270229,-0.27863805849327744,0.5818233067167358,0.40470895190123607,0.014549857763850017
2007-03-23,0.619672254993795,-0.1262194446210321,0.5996888321718182,0.5082834564190446,0.03418479363179377
2007-03-26,0.6338471146843015,0.31769522603638034,0.5669243632145458,0.3659501582921291,0.06885932371327262
2007-03-27,0.5803765211925618,0.03427891016971557,0.5299480284265483,0.45303109922319934,0.08671183232227593
2007-03-28,0.7615563771665302,0.3534152820386808,0.5887313072099195,0.33690535441580177,0.07098627970760013
2007-03-29,0.634945159972882,-0.024818272556676332,0.6348458023813428,0.4719311615995682,0.0016933697199887688
2007-03-30,0.6673125590233323,0.24259319647942218,0.6247746119441505,0.4525782731760491,0.05770150328234084
2007-04-02,0.6784451464560559,-0.07541425809366581,0.5996004485141738,0.575287967882775,0.09448401942407825
2007-04-03,0.6966911314373295,-0.256980886304999,0.5784839642792882,0.1862593044985697,0.08225341138102431
2007-04-04,0.7031333677608738,-0.21732972067316123,0.5294733968703589,0.353189613927475,0.074558808629091
2007-04-05,0.6424753771303223,0.2647797766918444,0.5709931533760798,0.38037507632360185,0.08821243351635494
2007-04-09,0.7569872270914565,-0.21196986509508747,0.5558137633933282,0.5024303173748785,0.08932292734610625
2007-04-10,0.6783973405195938,0.04612457087593608,0.5753947663607062,0.4147237398299754,0.07358315549124836
2007-04-11,0.7234878381924076,-0.019696876855552586,0.5556707985783245,0.4242557995068153,0.02651292259676983
2007-04-12,0.6666765936717733,-0.045892758052769364,0.5433022741551038,0.47784496821602485,0.0970342237200474
2007-04-13,0.6026896439699617,-0.21402143017912967,0.5077666664371364,0.3082995207575427,0.07176537241048869
2007-04-16,0.5528713980902467,0.03071748695556066,0.6254593682321298,0.32148126995051524,0.02120160795228572
2007-04-17,0.6545793861064988,0.11319626450018452,0.6193877304745877,0.4469430780177116,0.032085171090189844
2007-04-18,0.7341688501225012,-0.21833398189746098,0.7155426730288982,0.34997773796671705,0.08090201915581857
2007-04-19,0.623970043171047,-0.044015324683575996,0.5748008728413542,0.5499680150006435,0.04202762200410536
2007-04-20,0.7549996116263983,-0.5571206794741036,0.5616243822256304,0.35761207417142793,0.012550649956362504
2007-04-23,0.5831992465962967,0.23707938562280007,0.63417220299402,0.32354933493399957,0.02577808299383251
2007-04-24,0.6490710324561001,-0.23284861027397707,0.5444216801583194,0.42611368976535263,0.08814630006710766
2007-04-25,0.6507640124728004,0.13871046685621533,0.6328243883476412,0.3021719051461162,0.048875887281633584
2007-04-26,0.7180894503683687,-0.1709289273619211,0.6224848162140084,0.35927063856253505,0.06367528201020885
2007-04-27,0.7019529094437804,0.12312636850846426,0.6793855133627733,0.3912799735073974,0.0912726666446175
2007-04-30,0.7413517908198669,0.0201601553649067,0.6031906898821877,0.5211872260725421,0.0630738938977157
2007-05-01,0.74418128645413,-0.2589188704159921,0.5856898343291161,0.3179110090457065,0.00478843486409496
2007-05-02,0.65718576301379,0.05940918155061227,0.6149638787618708,0.2906453342881945,0.083526163073083
2007-05-03,0.6056830823906283,0.1805527196116429,0.6004389953711144,0.2947171844383151,0.09441932392706581
2007-05-04,0.5901282774223208,0.11874771266388245,0.6380862643802694,0.3757233017829001,0.09108390350452068
2007-05-07,0.6944963138302989,-0.17366867444028888,0.5867856533460629,0.26972898728955513,0.01180329598716421
2007-05-08,0.6863909074925851,-0.16972847135968808,0.5991516522567085,0.3554118278988031,0.0734093721784591
2007-05-09,0.6655730175021638,0.15841916825970798,0.543788616640088,0.4736586307225259,0.09932123984966053
2007-05-10,0.6145447612374877,-0.28967513760729163,0.6106469346285348,0.3785061775002387,0.00881453653571349
2007-05-11,0.6895133480038816,-0.10912835563438597,0.5961197912345482,0.3263783041474889,0.016600558240383423
2007-05-14,0.7583436664490506,-0.0508427030311779,0.6009085256053907,0.37863130810757656,0.011121720374548151
2007-05-15,0.6278889064654706,-0.04694906314228606,0.6309627931827236,0.5904092257327178,0.02477612552586074
2007-05-16,0.6448723957396042,-0.3346157522217031,0.5557173622263585,0.35503739652869254,0.06912252398777986
2007-05-17,0.7076777246525241,0.12757550237904358,0.599043179997138,0.4086009762452549,0.005831916510914048
2007-05-18,0.5739047055353258,-0.004455998534996782,0.6384462115909699,0.2792816818769428,0.05434639627135096
2007-05-21,0.6796845192967723,-0.22946738181902426,0.6453149080744129,0.38233049274789277,0.03742234241525002
2007-05-22,0.6893750783623693,0.08626055629112371,0.562424105981038,0.29044957835821616,0.07711955391828096
2007-05-23,0.6942722844741915,0.09922838206998988,0.5194177627182357,0.4058686204073445,0.04353176048070411
2007-05-24,0.6285598149473648,-0.07963115935895551,0.5471440896785509,0.5189480524365151,0.07654173126572908
2007-05-25,0.7044434206738563,0.038634942809225775,0.5807709045659583,0.3438844259227526,0.09771149108760215
2007-05-29,0.6628051847198595,-0.1834982936405156,0.6609296073064234,0.6100773958180594,0.07266203736396075
2007-05-30,0.6959427808375422,-0.05287388634683376,0.613713965975623,0.4331872284196985,0.05312219802752665
2007-05-31,0.7178513723278701,0.07238543231765224,0.5598620841571534,0.2855398400093397,0.06624078240698715
2007-06-01,0.5785728409931705,0.2442652601435703,0.5492960924872322,0.5924115182737832,0.08619174655342488
2007-06-04,0.72186756063875,-0.14689715994572602,0.5598056808490742,0.37274636902434377,0.014825150240212616
2007-06-05,0.6733105525148573,0.047302259330275556,0.601479599665386,0.4310664983821382,0.07032976554558902
2007-06-06,0.6523050596408351,0.0023579825069930216,0.4992276292228243,0.4173833605742596,0.008970296758165274
2007-06-07,0.8216134941494468,0.02017163308347661,0.5894179357534554,0.36478474969466423,0.03391071847588286
2007-06-08,0.6800391908063357,-0.03953197994116683,0.5454209019174481,0.520483105170242,0.0549681003072952
2007-06-11,0.710630145087674,0.22358197722418816,0.5244467407119632,0.41809136179074124,0.08888794046212561
2007-06-12,0.5905890141553509,-0.06038552486771449,0.5710360120246913,0.4036308770380304,0.04849414517485387
2007-06-13,0.6459536262545871,-0.36436601117013456,0.5583587396527245,0.5523996613162395,0.09277528816467093
2007-06-14,0.7084769927722755,-0.12201216917610135,0.545691551437103,0.5214844705333432,0.09405822893364214
2007-06-15,0.6065501990111049,-0.059967876467041874,0.6299704570472954,0.5177672168646227,0.005467412609017686
2007-06-18,0.6450137257544055,0.2696684997311715,0.5613903978476524,0.24422229494985093,0.0022054373600670085
2007-06-19,0.6781811595259004,-0.432137984105748,0.5470362494367687,0.5516972578215926,0.007937086122833493
2007-06-20,0.6801256647541155,0.2443209056310273,0.5242546576628674,0.34244369853719114,0.06906594104560969
2007-06-21,0.5807684349468984,-0.2793575018474352,0.5208583662514857,0.37737502179768945,0.07881819208712665
2007-06-22,0.6471714206284207,-0.20866599400799266,0.6459599966339591,0.31847902086429425,0.08412120809556417
2007-06-25,0.6662204787998466,-0.005481652405689971,0.592163954962899,0.44233011716887516,0.04586280146627675
2007-06-26,0.7395103733022372,0.4717281341536662,0.5221320667144872,0.30447132683933475,0.05525996006384773
2007-06-27,0.7310639080876802,-0.3921105063779638,0.48808104600634417,0.49076975139632006,0.0020816890063884985
2007-06-28,0.6869744691834535,-0.07675743899285559,0.564136060320521,0.32795634303825505,0.023424185618874518
2007-06-29,0.6146992657892512,0.046904806978319946,0.6526026199636981,0.34691062105213155,0.018298957759813772
2007-07-02,0.5756872851023522,-0.053350586105472,0.6233644499372967,0.3252162008483119,0.09722290837360696
2007-07-03,0.6979993868001813,-0.21931013748759842,0.5398070130530631,0.4425997585112699,0.038432297884362934
2007-07-05,0.6665424796721447,-0.10541550604175315,0.5746790513482849,0.2957668649715789,0.0891808841608484
2007-07-06,0.6420242003883178,0.038090754294698416,0.5492345796947783,0.427488794872652,0.011367349829423069
2007-07-09,0.6749138877763301,-0.010944601815199094,0.5908987580025323,0.4207412493972611,0.05519359448284697
2007-07-10,0.632947747017287,0.322538944721558,0.5788541405110632,0.5485796503010334,0.09138720065494776
2007-07-11,0.6399370803266029,0.2839103183971287,0.5199201621507276,0.4422963325840019,0.022875033214482456
2007-07-12,0.5782999046142729,-0.05066390230007026,0.42875069445361813,0.4764815451354874,0.025363649224322573
2007-07-13,0.5390146016175803,-0.026926868425686968,0.4756356339574206,0.4073387066926209,0.028249126867235432
2007-07-16,0.7014241810257902,-0.27795296199166136,0.5114130799894571,0.42572120942484254,0.06650520936518908
2007-07-17,0.7597503330601172,0.05173953454364164,0.5129722816995461,0.2495071860933666,0.07266497930622344
2007-07-18,0.7000472917682059,-0.14094229520720727,0.5029647019995058,0.5787552421871125,0.07236181584467072
2007-07-19,0.6214868834464474,-0.04456843629182217,0.5011635116376979,0.21767412167093514,0.028413816979672702
2007-07-20,0.6777425961094643,-0.11597058964859885,0.5256412768832541,0.4446465995129913,0.01710970301053666
2007-07-23,0.5093240384851322,0.3818651336121819,0.6269915828142217,0.39392920232382367,0.060763618553615686
2007-07-24,0.6431960543201773,0.09737415455772513,0.4719790141580086,0.469886679894212,0.07899683166604239
2007-07-25,0.692093277519043,-0.00973353861402658,0.525367054727871,0.18350564268666103,0.021255665991553343
2007-07-26,0.7395762968519238,0.00905422426895071,0.5344287523670878,0.3226580163804442,0.07246518082518699
2007-07-27,0.7256543678543836,-0.04008316320660271,0.5834114700069168,0.40309839062391345,0.036812492903871064
2007-07-30,0.6971927977525049,0.09953702195299832,0.6069075861473484,0.3479708771663378,0.025390804009849756
2007-07-31,0.6508449671920441,-0.0727121740144717,0.5100478637331736,0.31439672028756394,0.056044063809933854
2007-08-01,0.6691339928587425,-0.05730994369011976,0.4095498035551595,0.5024968829778474,0.08239672239885414
2007-08-02,0.6677020601361925,0.07213099298895005,0.5594586958996379,0.4562625309793452,0.061483265098651166
2007-08-03,0.7103074383393256,0.0004181477605052657,0.4816025255302079,0.37444401681080747,3.1727723592622774e-05
2007-08-06,0.6557955692905917,-0.1930264378035983,0.5542531223172152,0.6270714895246294,0.07087766055909255
2007-08-07,0.6545061948461829,0.23312738608002526,0.43087664539646614,0.3170504981074537,0.021813607872846
2007-08-08,0.6524615283918564,0.03962323090455472,0.5510282995387157,0.5306735414494788,0.09088137689969288
2007-08-09,0.652680236665004,-0.16675363517903558,0.40791036487651333,0.4102849923360564,0.05573948699448629
2007-08-10,0.6507531196201095,0.03304845824770693,0.536502941068553,0.3795502804366258,0.048207855936855594
2007-08-13,0.5789610146632203,-0.5361887750034742,0.5108464138504621,0.4380421765354185,0.0001766118052125454
2007-08-14,0.6417100005938934,-0.19327157731136801,0.4868383028789649,0.3613052753438967,0.046347279390394874
2007-08-15,0.6509036990513232,0.16889291368512738,0.5486146706812475,0.3257517123306583,0.05876884848650141
2007-08-16,0.7585567274700888,0.2660468163505853,0.5000093922371743,0.44468284151402865,0.0951480412815626
2007-08-17,0.6889627492385391,0.2155456485181051,0.5713048105624385,0.2598104419327004,0.0572292201704412
2007-08-20,0.7150019108158939,0.20845854291784965,0.4504785765089177,0.5232097437880066,0.06227343229106012
2007-08-21,0.688802057902401,0.24381059159957494,0.5472447753585326,0.5197946480390991,0.02928237813732494
2007-08-22,0.7177807560027836,-0.2765383616519115,0.5834412121639891,0.623977006952996,0.029551585662624016
2007-08-23,0.678339269469929,-0.06587186295880247,0.48027988397667015,0.41118346215402457,0.012810111131411651
2007-08-24,0.6777203329438996,-0.04969865879324267,0.5335910614346906,0.33698981292827157,0.024532451973325698
2007-08-27,0.7208773099696661,0.09974108078311664,0.4836193049982836,0.49846117674229656,0.0589851164039412
2007-08-28,0.7146688322891225,-0.005637507722762309,0.5166977047060776,0.4803237745318547,0.0705701131132984
2007-08-29,0.7709655733012613,-0.015627333466725582,0.5505537696140321,0.529952475822675,0.050044644627151746
2007-08-30,0.748947131524915,0.3264762100299182,0.5538407647688628,0.39778040344920523,0.05249244611227171
2007-08-31,0.7001109576159598,-0.1825815385572851,0.6347122300988691,0.3795592842843053,0.026131207779484966
2007-09-04,0.5867044527007058,0.2688650791485537,0.6026833344794925,0.48870902697493984,0.041565098857000486
2007-09-05,0.6571755590447645,0.08361970397019401,0.4893356418989886,0.4146136700618932,0.06179686493053991
2007-09-06,0.6193696200948768,-0.13971450792862608,0.47681288926506277,0.45831324827667386,0.08595409703260641
2007-09-07,0.6017464935767846,-0.04851142433563969,0.45259873881815377,0.27944226118625737,0.0685355311020943
2007-09-10,0.7037354876304801,-0.05603847526765561,0.4801736501985701,0.2721483938816883,0.057703835745446325
2007-09-11,0.5156527964240711,-0.0033396352733047942,0.5131036685469338,0.25964136703352214,0.025983286974295708
2007-09-12,0.7863440441538228,-0.1725321561475778,0.49333524758066305,0.4347978037232603,0.014161192811833246
2007-09-13,0.6535657896313317,-0.15123437033780843,0.5529982901182686,0.2261512296429803,0.0183987259376182
2007-09-14,0.6844941559309214,-0.16280370668384966,0.5263718324006561,0.5321251623429792,0.07542903747982072
2007-09-17,0.6873659376592339,-0.4391964699009265,0.5144368309717947,0.2449234223681142,0.07564359713227571
2007-09-18,0.7333472520219545,-0.08317290790499574,0.44500773096835067,0.38156445987464027,0.09177751310510002
2007-09-19,0.6622301965216584,-0.1687613527479962,0.5471233290015379,0.420868354118752,0.088275214419196
2007-09-20,0.724076951654713,-0.17540384215605054,0.5290100569599101,0.3638695388978618,0.0374046871483975
2007-09-21,0.6652769946472126,-0.4634771642965463,0.5133192301261045,0.5000819085870429,0.08944845225383505
2007-09-24,0.6710784072284519,-0.2316748584027815,0.4880552226128475,0.27460755182250685,0.05043243817425108
2007-09-25,0.604704897141626,-0.04282786631533478,0.4363677332429561,0.5266731337569773,0.06840543055951713
2007-09-26,0.7047826545679974,-0.17206323539310975,0.4828931036850477,0.39892310031616135,0.05938076788309776
2007-09-27,0.6580533350829961,-0.11648247463397068,0.5219577118608084,0.5132372712957107,0.08153649121981474
2007-09-28,0.672377248880797,-0.0504587343384425,0.49471040332167177,0.5154285547877926,0.03017611478226935
2007-10-01,0.748011454615411,0.013416731144399549,0.44956890480430345,0.33653681881153097,0.08185560171544291
2007-10-02,0.605979205895231,0.24958148025058377,0.44841420291594314,0.5129425617086136,0.08479265373584775
2007-10-03,0.679393970532489,-0.07353433743872172,0.36419352948485395,0.5039425659970207,0.058513212986986696
2007-10-04,0.6450392916807124,-0.03012709564501681,0.38047785717572374,0.3364745635833363,0.014664220234829151
2007-10-05,0.6631637541169026,0.1085899453741744,0.45931404092533995,0.47996111279715586,0.056831275048617416
2007-10-08,0.6542641982088603,-0.14097780628948609,0.4818566848546861,0.18310799993517862,0.07045600683647875
2007-10-09,0.6503200530280285,0.10287248867894697,0.49197492490609934,0.34620464039534427,0.019181923489458876
2007-10-10,0.7097490962457631,-0.3026205545716876,0.5210600138759995,0.41183872559614054,0.06441231484628052
2007-10-11,0.6569246075862797,-0.03475289741551594,0.4877885234323753,0.4901997401519208,0.045523624730890916
2007-10-12,0.7916155806274014,-0.5106076667709473,0.38324478743499696,0.5180548901416009,0.008729650268005274
2007-10-15,0.6247466632405551,-0.24055558016766376,0.5064873071387388,0.2540368422568178,0.057769315549177705
2007-10-16,0.7200051292661656,0.1679289955691857,0.5932747358840773,0.2506162542811562,0.044992104014329806
2007-10-17,0.5518295856677748,0.009971567198757988,0.4579975892275571,0.5621652264071366,0.048756067522177406
2007-10-18,0.6513812579455592,0.15589683854531872,0.5523252567349075,0.5204945631114878,0.034103853556914934
2007-10-19,0.6725671386331578,0.12876382050213211,0.5489065045630019,0.40965354743094107,0.060437965512154225
2007-10-22,0.6762692354181152,0.22032722134221255,0.49592074747599163,0.38421294731120614,0.06194865568805568
2007-10-23,0.7825424115826902,0.2754891152246285,0.5383102753018408,0.38077602470238553,0.026836070062937246
2007-10-24,0.696347232230276,-0.08111974331568116,0.45168125985391727,0.3174212252152245,0.032734653011515506
2007-10-25,0.7029985013060321,-0.102505012278378,0.4861265231195292,0.33745094139495513,0.018245788228801785
2007-10-26,0.6497137163597116,-0.027134081631476528,0.42067151957868343,0.44985420253762026,0.08116319370545633
2007-10-29,0.6234394832133308,0.07159569484033755,0.5241752740575082,0.431923377107629,0.07941501735516623
2007-10-30,0.7370077015506452,0.006493109322603558,0.561635070246891,0.5102560357842805,0.017328284558358966
2007-10-31,0.688513846475602,-0.13782617628990507,0.5890546094525234,0.3042976114766867,0.030226802442260604
2007-11-01,0.6684648473941075,0.2265524384286044,0.5055097869410488,0.3766186927073087,0.006619554493670499
2007-11-02,0.6156828538221674,0.21978838045729443,0.47903983112623955,0.418927612216508,0.09349005768147071
2007-11-05,0.7624349967610701,-0.06331517892712397,0.4607057715969564,0.529092693071203,0.0563976586890232
2007-11-06,0.6126037587844373,-0.04482015701202585,0.4408635893345916,0.4378993203181625,0.001893651566771526
2007-11-07,0.6720949527265436,0.42938748004806593,0.568397777679616,0.19377688930487258,0.027136911096656682
2007-11-08,0.6414751645297528,-0.0005415798529800389,0.4132465277740665,0.2939376595373275,0.03208375695158138
2007-11-09,0.754575028768112,0.04778389472055268,0.43234046552995564,0.6723561941479106,0.007367888513326515
2007-11-12,0.6162336477355956,0.05048775827965393,0.4875839353028218,0.47909861915378255,0.011639411061730854
2007-11-13,0.6637077566457579,-0.3493085898934287,0.5433265289898035,0.5863422557866828,0.04862381556925576
2007-11-14,0.6475285146629309,0.0780302108717282,0.45031608675678225,0.5626440038800797,0.06644077595292976
2007-11-15,0.7001203754213874,0.051461568882738666,0.5009063061225892,0.2437952082870177,0.00217986795766022
2007-11-16,0.6267293742757581,0.06619134784990453,0.46590506409296856,0.3370808285820389,0.022631663997267217
2007-11-19,0.6243300117446674,0.1196018597165478,0.4475847989135343,0.22962160001474313,0.0528866809314541
2007-11-20,0.6543705536771504,0.12572793424537151,0.5108558954078791,0.2730905620674903,0.038264700545263236
2007-11-21,0.6777607214667596,0.022094525303085876,0.49113072773246264,0.454641618018277,0.01027555109835151
2007-11-23,0.5998357199275577,-0.1657549649233531,0.4837219757040813,0.3294353770678687,0.08976542685497824
2007-11-26,0.6981153127336449,-0.21153687874484334,0.563923372855901,0.3607890692427037,0.08299967989229931
2007-11-27,0.713503638467912,0.15047185854462597,0.5783970779293384,0.3745743730264637,0.0790157624167192
2007-11-28,0.7249180725552129,-0.10321629017187302,0.5439000308264678,0.3777391532924105,0.08444177201734417
2007-11-29,0.608796963330104,-0.042675677140803364,0.5266225821521638,0.453565011445921,0.038113463401057715
2007-11-30,0.706586377946191,0.08634295524244669,0.4635317656713485,0.34523874550341066,0.05940864742431258
2007-12-03,0.5768633414452803,-0.3845066093946848,0.4834702616483677,0.4590398967782553,0.07305717646225705
2007-12-04,0.666936419776178,-0.07201619676875017,0.5363381152800492,0.4723384034293461,0.004046052159312241
2007-12-05,0.6551978455859907,-0.13522678938579155,0.5223517242453777,0.4744120195783793,0.0368239605443088
2007-12-06,0.7733259928658696,0.0803491458463334,0.49440321402207066,0.46584470249037896,0.08916394234917197
2007-12-07,0.7094121706489322,-0.02089140948503637,0.5430821541088563,0.569584856197543,0.08545109928135504
2007-12-10,0.6209516238766922,-0.3311158550011771,0.5538722441212305,0.21853410327265713,0.08345105809937493
2007-12-11,0.6289389173591726,-0.30768470152341815,0.40949376086080114,0.40521973153550267,0.04332676159249027
2007-12-12,0.6702268372918521,-0.22762337930153104,0.46691618585004135,0.46859642326965234,0.023270248786813576
2007-12-13,0.6375279406285739,-0.017094697424978704,0.6222969225197783,0.4257633427320339,0.02768752442443058
2007-12-14,0.6607101560454861,0.1430878419217685,0.5737694488065608,0.41047464463254896,0.008760524489245325
2007-12-17,0.6700631039648531,0.06301502701737254,0.5480136758845502,0.5573007115008476,0.08720455222921919
2007-12-18,0.641109454356384,0.1393613414315001,0.6774085677206547,0.38827159083669444,0.059536333504469
2007-12-19,0.6259427071688505,-0.23289333120078132,0.5703664146640299,0.3364843861432892,0.06312744322683742
2007-12-20,0.5737793883657345,0.2599255407056166,0.5187263312155952,0.6097747637147642,0.08482544598457842
2007-12-21,0.6875506078571694,0.0408453013470583,0.636117048854177,0.3850373905471842,0.019722466020764818
2007-12-24,0.6817363237383866,0.1012378591270148,0.6137417246355183,0.3909853001799349,0.04798672228120369
2007-12-26,0.6808582540227851,0.02332778776069107,0.6562120591689226,0.23015366007233495,0.022242980916679034
2007-12-27,0.7267188970224567,0.22259675707238494,0.5934549727221023,0.33578675349928,0.08662038567205
2007-12-28,0.6547170155197328,0.1088056433749999,0.5458862353956005,0.29858519430147035,0.06544045397586899
2007-12-31,0.6788765276134173,-0.18716410344444698,0.55972585559648,0.43904127191688336,0.011309662041727309
2008-01-02,0.6885828758884835,0.31075483315617375,0.5487449644333166,0.40772709629610115,0.08952896605324577
2008-01-03,0.7100493127607309,-0.1016492698423373,0.5375097910788951,0.5889960183236534,0.09030012519577615
2008-01-04,0.6457148790446912,0.09777406527409038,0.5607412924255776,0.3617836306006238,0.02100442409474165
2008-01-07,0.6734335410399295,0.2123892300515584,0.5038711983720997,0.39405352923928555,0.05415625812836122
2008-01-08,0.7286960001046485,-0.007695446872850922,0.5265807137317845,0.19888847854028718,0.05451917477216291
2008-01-09,0.6986628532360944,0.0287425961171663,0.5437193542718525,0.4492953701867192,0.05163902427459519
2008-01-10,0.6392714001410648,0.09424596996458255,0.5974419206330259,0.40722021082354937,0.018267631521298257
2008-01-11,0.6773146304744857,0.28664771758350294,0.5169389752596701,0.539345593476416,0.04232830160488219
2008-01-14,0.6184423908198311,-0.12099665099711375,0.5853645473741341,0.3295559331854657,0.06408964981715716
2008-01-15,0.6289159309365192,-0.21239233992578785,0.6267440871350916,0.5664958499729263,0.07011550419169381
2008-01-16,0.64206006285656,-0.16232459413633185,0.5709171545120286,0.48640648551268084,0.021340318297737727
2008-01-17,0.7093722795472638,0.18142396283736034,0.46535499204005176,0.3019696744514327,0.016019834006036338
2008-01-18,0.7404752397003347,0.1376404915827516,0.5915314915738649,0.2674819677052229,0.03233716242295886
2008-01-22,0.7198239654612488,0.15784510024680443,0.5348616160071171,0.3029290207069294,0.023840781844355386
2008-01-23,0.6932251156770894,0.02493574127777785,0.6352956045023107,0.2609421310807029,0.010106141052787655
2008-01-24,0.7038598691481034,-0.13008741457094194,0.5951993339417863,0.3610838594695599,0.030746563721115696
2008-01-25,0.7014968543801265,-0.4279476952263833,0.5120327935032879,0.4375427081225444,0.08684128928489604
2008-01-28,0.7369559390623421,0.058351109909373935,0.5228880630461269,0.4272784300351439,0.07822661234297153
2008-01-29,0.6556252369152914,0.3147917109554334,0.5557645012402017,0.37641663139750875,0.08199534450275513
2008-01-30,0.8077444837344758,0.3485477932094678,0.5843103252083257,0.17183039714503434,0.059501378798287985
2008-01-31,0.6672647175143428,0.06712568258136113,0.5736293736598695,0.34496903648767385,0.0027655068895205085
2008-02-01,0.7113839154986888,0.21014598380905328,0.6163970789880135,0.549388645141855,0.04868447567585828
2008-02-04,0.6962037147118338,0.1047078860376825,0.5636783697447775,0.4047053559098943,0.09722317976011437
2008-02-05,0.717678523205959,-0.006130756022572867,0.5695540219798944,0.39004962789316544,0.07117519640305522
2008-02-06,0.663463158602366,-0.2713833596703889,0.601631145161757,0.4780004530582087,0.05962700019611013
2008-02-07,0.6764112311977524,-0.4232976028178926,0.5610269488438824,0.3327351868784272,0.08921340148718909
2008-02-08,0.653449174322896,-0.017609634243123697,0.6191473857690327,0.258859719389129,0.026617889220584303
2008-02-11,0.6138536537257082,-0.4013614881925941,0.5422504104827799,0.3803579482304671,0.03938823152359107
2008-02-12,0.7199839399810277,-0.12035119798421619,0.6748638428602297,0.38217953586708764,0.017217991466275985
2008-02-13,0.6833891371575538,0.18040742516446814,0.5536249841559606,0.41345352708236216,0.034470486646403044
2008-02-14,0.7029844789617364,-0.18950638123576025,0.5811945006885129,0.6200224454430988,0.032440275137864905
2008-02-15,0.7036984842568196,0.02068405189475728,0.5768455152957722,0.37241911600652194,0.06656676089451337
2008-02-19,0.6776795407822253,-0.10099977768769591,0.5563444872610648,0.521991201632698,0.026074875433784853
2008-02-20,0.6006407981958887,0.08415943627576397,0.603108315799951,0.5626950440849455,0.02090013271634347
2008-02-21,0.5806476344613051,-0.08785407568975699,0.5227249757529954,0.36504497975464195,0.025112574691325343
2008-02-22,0.7005475655741283,0.2359145581157713,0.6314043474269981,0.5186184805827458,0.08998901713330021
2008-02-25,0.7110977812322749,-0.06066433965615531,0.5583309234044571,0.4783765710857981,0.03938552067127681
2008-02-26,0.7207031556592978,-0.1966957907176258,0.6788171863142892,0.3324394976856668,0.011593913076662965
2008-02-27,0.6883134186232018,-0.0453219583144993,0.49728343062177616,0.3548341350753229,0.05186698974705139
2008-02-28,0.5601609496410791,-0.37113153622760087,0.49014927813462317,0.41836369303111337,0.09990931339319564
2008-02-29,0.6619364632962429,0.21483224347275798,0.568040998648729,0.37563654812471714,0.08139276608269416
2008-03-03,0.6821249981827414,0.007079128752979634,0.5865822659257746,0.5476029760531134,0.027831549641344957
2008-03-04,0.6895075391020576,0.09824722815721265,0.5792867129065763,0.4754809754307748,0.037315393002743016
2008-03-05,0.7581678024756625,-0.31618303459681796,0.6034802226749447,0.3473150481453491,0.02077761536592664
2008-03-06,0.6520392041298991,-0.0918842081817544,0.6180608304277885,0.34396192227534944,0.004702347076435732
2008-03-07,0.71293042606604,-0.1188878095689427,0.6225319577525401,0.5216008353307686,0.025483221116170685
2008-03-10,0.6433503484391955,0.07438426186733114,0.6325122947446984,0.43139746414572205,0.03299282102228845
2008-03-11,0.6708123915147076,-0.25585442979503137,0.6012846770071746,0.4269829380632527,0.07338368247944325
2008-03-12,0.7418574385002784,0.007048440774266491,0.5901644744644641,0.3185768061702893,0.09635039097940504
2008-03-13,0.6302027348077224,0.018218254843683387,0.5711687633358897,0.36491536632198385,0.004573159155812312
2008-03-14,0.682086505540397,-0.3345850030168871,0.6483301424140826,0.4399553157010876,0.020662789767968228
2008-03-17,0.723447689018511,0.4763328010935337,0.5650554663532708,0.4306645991718296,0.08951664940617834
2008-03-18,0.5866467519750957,-0.024445877183335435,0.6642254143528319,0.2836417269976081,0.08259063335377961
2008-03-19,0.6600395010746611,-0.11027259796261815,0.5975256300434044,0.19980159807495323,0.08163843264811066
2008-03-20,0.7023282442803962,-0.09612174492010322,0.5680818408294365,0.42145390886654416,0.09881393231263769
2008-03-24,0.7258773404208203,-0.09884216046329823,0.6184277148658207,0.3622410262925494,0.08426533918993687
2008-03-25,0.712741950350061,-0.09846420912944413,0.4976351143080501,0.4544146786806832,0.0228185091151368
2008-03-26,0.6168641120604238,0.15031359464573046,0.511305501045628,0.40520274686010066,0.07441641148405617
2008-03-27,0.5979069705742905,-0.27885711819206915,0.6000783604792501,0.37234087570919344,0.08355658199916381
2008-03-28,0.6454924171782792,0.18280701576775837,0.6312119376409359,0.5651274795094942,0.058767742511486955
2008-03-31,0.645638846353916,0.14368413419446863,0.637422312448293,0.5377445609089432,0.013527861454701695
2008-04-01,0.6142088605532028,0.22491254176629527,0.6439321049272473,0.4177349196037432,0.0293758419302554
2008-04-02,0.7182806066327334,-0.21144781234556242,0.6404963500349597,0.6238316113667224,0.09379785566973241
2008-04-03,0.7291784917993615,-0.1296056608924042,0.5941457628562229,0.42865279315358207,0.016216193421746617
2008-04-04,0.6917911820298366,0.14753554168451263,0.7124009035321114,0.40816514194556336,0.016747683777117484
2008-04-07,0.6932426556746099,0.15810318428816972,0.546098595958774,0.2742120858030347,0.01529823778582219
2008-04-08,0.6478682478906599,-0.022753276365515298,0.5348068299604031,0.3588373939333212,0.008455460682034245
2008-04-09,0.6237637121776483,-0.45804628443283485,0.5766462838832762,0.34649734425947964,0.07039339195541092
2008-04-10,0.7364237549093859,-0.280459858622015,0.6230389831297142,0.5339618227531988,0.03960013166467333
2008-04-11,0.7486243618669043,0.1208927863825054,0.5342515158629292,0.24074140360110038,0.05216966714409415
2008-04-14,0.7082482009339315,-0.31065857193912694,0.6614885066886755,0.4640807983206077,0.05322656624453714
2008-04-15,0.6877155585249747,0.1988306510985829,0.6593189666908805,0.5061982211669875,0.01160638768884148
2008-04-16,0.6971643659676183,-0.00806403851358472,0.5560096679018736,0.36817161612947336,0.0023826335228647522
2008-04-17,0.7280126667986112,0.021625449794378998,0.4972766864489526,0.3680711021833411,0.037027298504101636
2008-04-18,0.6643576246178426,-0.21189551164022877,0.5701241577141739,0.36934325466386253,0.09546192940240085
2008-04-21,0.6819224205126133,-0.05765803239130585,0.5822992644943283,0.36899698928969965,0.09054896775489543
2008-04-22,0.7156082055673235,0.20702597974482045,0.5768989319252483,0.5415849544244947,0.00984813217297227
2008-04-23,0.6535230228793082,0.10362856537107662,0.5314254507934297,0.37785015123977705,0.021879682312956596
2008-04-24,0.6698266359291517,0.0008415816857569996,0.6897547811192426,0.2742980100583319,0.06642115968661
2008-04-25,0.6102454286480052,0.06132632277056615,0.576564820936443,0.3470232364162341,0.027860244529331193
2008-04-28,0.6511965516602003,0.10633673035408436,0.6178663518994565,0.6109232902672459,0.09701002015159961
2008-04-29,0.7491381552039162,0.32149789624101843,0.6653128398625032,0.4030010886835235,0.042188444838482886
2008-04-30,0.7543647882981054,-0.06895718307126303,0.6407970060509084,0.445423640941853,0.09997043962342364
2008-05-01,0.628265673291807,-0.0448112465622883,0.6166873363924024,0.5480449648668426,0.03819320594805749
2008-05-02,0.752332071929801,0.19401719201342754,0.5891431213113006,0.44653606507483334,0.0747531496534247
2008-05-05,0.6752521479444485,0.07889912709338046,0.5332935248008069,0.3062786353366661,0.0393798109112698
2008-05-06,0.7330410729725185,0.25131117656094815,0.5530487509422061,0.5735985880123823,0.08436168142317813
2008-05-07,0.6099987147576101,-0.249407660989363,0.6671342292401334,0.33647114010757206,0.0770520808940055
2008-05-08,0.6249863792957747,0.031630845788173954,0.5389981616880857,0.44985259015689527,0.0804315249114451
2008-05-09,0.7007712082989327,0.2956993277471793,0.5327380373643124,0.3275058957984594,0.008780189624611611
2008-05-12,0.7424680097767444,-0.04281560151275766,0.5716044238698916,0.2217357526795242,0.07267186600062601
2008-05-13,0.6789812670856972,0.30784234533001303,0.5313136500996397,0.21464005852578064,0.005603453317182695
2008-05-14,0.6509537250586184,-0.2382523594851537,0.6190739658940089,0.32291331503964743,0.08108105813786358
2008-05-15,0.7252188666617871,-0.1846821627151454,0.5598289294081354,0.2782628403876348,0.08378725672732144
2008-05-16,0.6619506855583634,-0.024465386256116925,0.6252514324273598,0.4544446103579275,0.05078023735965548
2008-05-19,0.7122082372886523,-0.06527709438249789,0.5568117224522646,0.42553410228835176,0.09634346608488129
2008-05-20,0.6903993683979067,-0.33393536489414893,0.5088162921118717,0.4469316258060841,0.03609489626500791
2008-05-21,0.639484585867701,-0.2968121183361205,0.542540755316748,0.4926664888567462,0.057736921701105504
2008-05-22,0.6837798001080784,0.09155738458180132,0.4419578437427085,0.38065181117422053,0.04139293647407725
2008-05-23,0.6032224649832668,0.09090751798556967,0.5609823047780456,0.34848793968805997,0.08418298818823307
2008-05-27,0.6199230640583022,-0.06416124343518595,0.638536132856658,0.3864132656743135,0.030317820395762408
2008-05-28,0.6649151876225244,-0.03182319743930807,0.6338676294620942,0.45748684269584616,0.04371508435683044
2008-05-29,0.716598037593726,0.3253509990840168,0.4712997104031748,0.45662358098188277,0.06333813554562394
2008-05-30,0.6960913971042862,-0.20060599621167957,0.5813135369074137,0.36373600978502196,0.008920173493146633
2008-06-02,0.6340439921087445,-0.04455761242654859,0.5419733951656709,0.37793647434734945,0.06767473642434789
2008-06-03,0.6120222137843748,0.08155673028496623,0.5360656936358212,0.2911275059099058,0.03832421425218342
2008-06-04,0.7603019290332316,0.017805730590843418,0.5705827107724804,0.45952176842054643,0.024865824598392053
2008-06-05,0.6815946753535296,0.04627785974735179,0.51246271242001,0.4464126556904878,0.07232379576514324
2008-06-06,0.6259171900903745,-0.39090200837385014,0.5658426505082292,0.4333037938982752,0.08219163053702455
2008-06-09,0.6509546136474308,0.045086928032035505,0.6146202262895925,0.3066087313672374,0.013131637913396645
2008-06-10,0.804247018475355,0.076922524428524,0.6162988357591991,0.2968201327170153,0.019026349510959828
2008-06-11,0.7013983807363809,-0.013453776590540902,0.5320687764037074,0.4867163055097723,0.0938434331377199
2008-06-12,0.7408747730212886,-0.14923393034901353,0.5402934556548951,0.45237610710581155,0.022135776303680434
2008-06-13,0.6784401473358365,-0.20334698027042603,0.5308790632850203,0.45942699788108937,0.0038663052345201624
2008-06-16,0.7100827004002341,-0.08783950417138524,0.5071175618162522,0.47710050562653405,0.02392895587688565
2008-06-17,0.6274211857530946,-0.23501797232096036,0.522870146781263,0.5777965057201112,0.05059454523425602
2008-06-18,0.6272916743788917,0.08001400254961503,0.5629145992553374,0.39209015468380354,0.009840371891391243
2008-06-19,0.6646903933021885,-0.1398146492784619,0.5534957298247086,0.24710668365069272,0.05243254478490483
2008-06-20,0.6684782053764677,-0.2044111568609593,0.5339172225791875,0.44904146445188303,0.01879523730208148
2008-06-23,0.6400109216557055,0.010991003145627266,0.5706851725368558,0.0909122539743158,0.05000203317605594
2008-06-24,0.6654062896596435,0.06853953722482879,0.5259882752633301,0.5217111515497673,0.001683577382320678
2008-06-25,0.6328907174380375,0.2315152539317599,0.5830711003519077,0.3253666256900015,0.024740073531895904
2008-06-26,0.6608612060283012,0.1269064972980278,0.5456882530060194,0.3922778540690518,0.06273193133908105
2008-06-27,0.6538014178560032,0.12145324241777006,0.49155026027371795,0.5289571717483365,0.000825930064952607
2008-06-30,0.7058365247436755,0.21453710589149494,0.4602377899238324,0.4337752179261094,0.03542379843634428
2008-07-01,0.7107450312562124,0.22267604730387075,0.5332255204600893,0.5309419608812521,0.07116824140711571
2008-07-02,0.7497456028176565,-0.06125077202140629,0.5485653300739786,0.40102430872307765,0.058771607110647266
2008-07-03,0.7435570153256046,0.10601464735009365,0.49265023305662337,0.5619589084857806,0.029621609519425753
2008-07-07,0.6160566092525958,-0.11503905671486439,0.5814736411752178,0.3639922528555636,0.013334149044421761
2008-07-08,0.680742006569254,-0.020284089625762017,0.4762497421059318,0.33615891206925863,0.09124590809231312
2008-07-09,0.6917532105401796,-0.10970426029698904,0.5552992374559117,0.42245887974383983,0.044776364214634934
2008-07-10,0.6292187537862233,0.011888832751386573,0.5734669223107215,0.5933066569113676,0.04029294915887358
2008-07-11,0.7495195097983974,-0.12342996125507517,0.5871372519748502,0.43503476464782487,0.024540206107121557
2008-07-14,0.6800425923728278,-0.1338591292583203,0.4363280409235038,0.2935607784175724,0.05992108781099459
2008-07-15,0.6713555220010512,-0.5274778600361069,0.6151366963304296,0.4596759093821746,0.09080877277839275
2008-07-16,0.6608335815459278,-0.3339839353846768,0.539306983609958,0.2668812076616055,0.0683577175775856
2008-07-17,0.6980122679757845,-0.05226397119251402,0.5482512491370424,0.2526913986453805,0.08061428279201041
2008-07-18,0.6715905795544159,-0.40876244360731234,0.4865823495229855,0.34342231918422195,0.09553391537326433
2008-07-21,0.7634427604387984,-0.1416518502045719,0.51170481499724,0.36916251290250723,0.00811676572972203
2008-07-22,0.6867172759081243,-0.3497721485142105,0.4300946290059111,0.2704661888288543,0.0990396534478753
2008-07-23,0.695251358454983,-0.13795418176774357,0.5309170033513105,0.43415538767822404,0.0735571914836672
2008-07-24,0.6756450671638525,-0.0005207851309993043,0.5037389847362472,0.2952271438534747,0.09761237469778043
2008-07-25,0.7384404848735977,0.21161122451847414,0.5589788058017308,0.1866963208642634,0.003170691363504086
2008-07-28,0.7285271669175573,-0.12325823045745317,0.5107211575997925,0.2597859219800509,0.00770041258597366
2008-07-29,0.6734288883227659,0.25080210142399795,0.5603529244473583,0.4398993691709439,0.01138687345038495
2008-07-30,0.6864774253741185,0.05533242146871166,0.6136795313643597,0.3855030010276295,0.032101245707628505
2008-07-31,0.6179699158571993,-0.17633510816964548,0.5389756736978573,0.4054041692195881,0.05977109265171417
2008-08-01,0.7274062350263564,0.0897724376185654,0.4863635301352408,0.31063933755045053,0.08247687535840054
2008-08-04,0.5691468206770464,0.27347889536357733,0.5031550022300646,0.37616416549379006,0.060196011661045934
2008-08-05,0.6867764517009283,-0.05980864013584539,0.5352472233541508,0.2326577533619472,0.011582777698888637
2008-08-06,0.6835626665608648,0.08428008311387075,0.42701315772931603,0.5179364176131592,0.004600366411220258
2008-08-07,0.6503211796293568,0.13272739977868836,0.5002304763107258,0.2428994767530793,0.010368609428907983
2008-08-08,0.7019311552854692,-0.2621721246778233,0.5251043978850443,0.34571104900693395,0.08647083910397041
2008-08-11,0.6717324307842432,0.3990147880341131,0.5589087590725296,0.3480895844186828,0.03479476769739011
2008-08-12,0.7189145972071931,0.6296941930672458,0.48994937154118545,0.47658086512114106,0.06488877007048055
2008-08-13,0.745274491193982,-0.07271791934839487,0.4975488633921237,0.2855262327836266,0.0669035553196554
2008-08-14,0.6986140977040334,-0.19484464787818953,0.5012889197031264,0.47233909488329306,0.03464298441034617
2008-08-15,0.6591753720502382,-0.23042544450016972,0.5163279849620056,0.4254073731230709,0.05782906983496266
2008-08-18,0.6399115607452952,-0.07097375980069347,0.5768002861064929,0.3820908839625528,0.07034422007866444
2008-08-19,0.6242640942250287,-0.3450958987973248,0.6114388793443526,0.364069047083169,0.05716781159511798
2008-08-20,0.7866119197657429,-0.3185232950633625,0.49086588254014984,0.4600720822638883,0.03645127179793526
2008-08-21,0.6103281384286785,0.3739974172820251,0.48468992793441035,0.34809096480413004,0.05856343023735305
2008-08-22,0.7077307344425336,-0.10238715733563208,0.44634079268883897,0.5449606158434306,0.05523183161172749
2008-08-25,0.7468231022002808,0.12275094426025704,0.4853393435558147,0.5562918388879251,0.0925650226024019
2008-08-26,0.6417473159256146,0.2568669629036651,0.48356063040783026,0.5051889079230628,0.019048541838705205
2008-08-27,0.7491572003559174,0.03832400872797532,0.4798451472563159,0.5000680402986764,0.010675434761668646
2008-08-28,0.6814293678302399,-0.26050377591932483,0.4841036404428523,0.3794044460006246,0.015362370745493693
2008-08-29,0.6672480328953689,-0.1521334320886089,0.500953140576914,0.4142436755932961,0.09821863970193385
2008-09-02,0.5878956732501671,0.1492687267342944,0.5437601923066713,0.42413801046910915,0.09432119871749124
2008-09-03,0.6389973941829299,-0.11592972796018886,0.39872265722436884,0.2951794401882514,0.06602697881952069
2008-09-04,0.6817010491219279,-0.018851343662540297,0.5110281909476008,0.4089154951651067,0.008747049249631733
2008-09-05,0.7070028524962431,0.008974142451422341,0.5337257428008617,0.3713145649510827,0.0832710720706597
2008-09-08,0.6633254307611366,0.015539062177753096,0.4313673455389533,0.24070530921499503,0.006623087831111441
2008-09-09,0.5990367562420662,0.19473367291679267,0.4993280715794896,0.3525640936455974,0.056470219479192056
2008-09-10,0.6721384491316267,-0.11101581472610429,0.5435561165095013,0.4197182683812292,0.07823158465523466
2008-09-11,0.6516231835117332,-0.12703185574236256,0.4824741356865713,0.41355544005036904,0.05266454808777733
2008-09-12,0.7530605150004882,-0.059363806604941186,0.5388440078418985,0.2875711449436186,0.050559399953792605
2008-09-15,0.6579716001977626,-0.21878726699987078,0.5478995983965977,0.2842496837632907,0.012524096687108001
2008-09-16,0.6813090502160323,0.12135218274081001,0.5140428312597367,0.09278095906892314,0.004077044167261512
2008-09-17,0.5551903535322746,0.19486395303530693,0.49754230598053584,0.45640485043669576,0.02023009502443135
2008-09-18,0.7558908319890665,0.02681608262479636,0.6025042182023534,0.3036527400577238,0.004633712520961497
2008-09-19,0.6434488459795414,0.027980420084255494,0.5001549319803986,0.6187703574343277,0.026159257380996826
2008-09-22,0.658104777384866,0.021595925889969073,0.4850958998741053,0.45978390083182696,0.012884592743891489
2008-09-23,0.643328369873817,0.09094859540910595,0.5150617782663484,0.34909774218074563,0.07781312362804627
2008-09-24,0.6503822245337563,-0.19031443268837706,0.4801805626866132,0.5708933361602802,0.008389430869301951
2008-09-25,0.6050372444010925,0.03214605365980514,0.5719925947480726,0.42604485155883676,0.08562054227451481
2008-09-26,0.6396172590453607,0.20681282148419028,0.5159971457024004,0.6586376018850448,0.030335867646632965
2008-09-29,0.6698362070691806,-0.18845006739928766,0.5189124587489815,0.48826219805266113,0.05961914380569369
2008-09-30,0.6709697657536167,0.16231709665777114,0.4891457662134478,0.3979728247421647,0.06708445683014075
2008-10-01,0.6960102367934936,-0.3415172060077782,0.5209229067495322,0.4682632254709903,0.04863262084965674
2008-10-02,0.6752585884153735,0.26811988097969564,0.5229152112032226,0.38764613831737865,0.03557581410572125
2008-10-03,0.71432529373435,-0.10937518645334804,0.4049268833017136,0.5036337010278032,0.02083769878676205
2008-10-06,0.702935403538372,0.01639756659528217,0.45258548563404144,0.2730213744506958,0.06473935750387504
2008-10-07,0.7418947341290518,0.19337917599549423,0.5452616003741458,0.3591515814490702,0.07035040744180725
2008-10-08,0.6633861845449647,0.13954614545970345,0.5014110007191572,0.3725433675630595,0.033034261411318204
2008-10-09,0.6105336984633731,-0.07602695678714615,0.459585228998086,0.2092504485851957,0.0856667310540325
2008-10-10,0.6459049452960706,-0.1368007544453409,0.6405783301521066,0.48109475464076523,0.0566006713731719
2008-10-13,0.6984894648508764,0.44784733592126724,0.4897254031238188,0.5030638002581453,0.0885799886766046
2008-10-14,0.6249504829929283,0.22090811346506922,0.5441207991026894,0.497053251292262,0.001234593298970299
2008-10-15,0.7605724192814856,0.27768578404046756,0.4850305521779478,0.46553954281670384,0.02541119517360926
2008-10-16,0.7103822729138819,-0.21372839016673395,0.45489608305646867,0.3171247614367969,0.05136028501697848
2008-10-17,0.6055639762644328,-0.15937143606399512,0.49265814206377107,0.46360707268053275,0.0038095312831691874
2008-10-20,0.6800601138094439,0.09831169362261666,0.48950176511436044,0.36323496658997506,0.02046402509110409
2008-10-21,0.6744161166980953,-0.2536703273186614,0.5067192659202281,0.3804706493589167,0.04381060390108837
2008-10-22,0.6617534839972966,-0.10112491585170735,0.4353937953560336,0.5307684550569733,0.04517288936565873
2008-10-23,0.6717801634704879,0.15819688997343906,0.46943607458459397,0.4320729459642748,0.0801682984792341
2008-10-24,0.6931020077494814,-0.04618807323931951,0.5645592457975656,0.34769649740828734,0.09839490921211079
2008-10-27,0.6719773108831153,0.0977657252840082,0.5072047968684239,0.2675580822956094,0.07888478456974905
2008-10-28,0.690171020024986,0.116378856317118,0.5183543928159701,0.2718436777486255,0.055730048652104604
2008-10-29,0.6146087239739955,0.031688923614065424,0.4049161493227683,0.3338336905901308,0.035954624234920164
2008-10-30,0.6146120955764462,-0.012761671367716132,0.5471785112617327,0.27407329497517696,0.08234798178802154
2008-10-31,0.6380211483621439,0.37770534438680986,0.5355837019591689,0.3794239717780808,0.05486881205378964
2008-11-03,0.7301704055665927,0.04490331863278846,0.4842096540224998,0.5536303819301509,0.09242173801106145
2008-11-04,0.723370720623144,0.1840968642311957,0.48643300606338125,0.39058909034282885,0.008307748404081494
2008-11-05,0.7171847652799631,-0.20025437709768004,0.5924841870838115,0.44499061838157394,0.09257873825793296
2008-11-06,0.6382055459035175,0.024153915278977048,0.5861912292673778,0.28630753095051253,0.0029671281283352503
2008-11-07,0.7576729834616913,-0.18726978101899672,0.40480647547098547,0.44619510444040883,0.08516577327507387
2008-11-10,0.7401820690572627,-0.1284131331888119,0.5548910240780954,0.2740031943149056,0.011604308742393843
2008-11-11,0.6084387500642311,0.26412549525899987,0.5699234893521888,0.47424609411465035,0.01618254538425724
2008-11-12,0.7328639582498829,-0.07285870982349629,0.511438862467266,0.3652822975338096,0.06445079135297897
2008-11-13,0.6291770195889805,-0.07211230522183658,0.518764251789639,0.5021510880000339,0.02223344322180698
2008-11-14,0.6982694315822222,0.289866279481967,0.45619910967131627,0.48027299688048747,0.013287877794643011
2008-11-17,0.6638787047756213,-0.14080304926215315,0.4920694021591575,0.39331405699101546,0.06850168796157079
2008-11-18,0.671466705403682,0.18037489534080486,0.5000736417751973,0.4981037310723412,0.06076696756760293
2008-11-19,0.6288356350887652,0.08051502594693166,0.5469157864664903,0.5566009742352819,0.08398647689892885
2008-11-20,0.7396283702544028,0.3582143484284077,0.5995719630766606,0.31970697225721545,0.07740059134742557
2008-11-21,0.7022469918536527,-0.3614016686218535,0.5384776753935389,0.4330414057063007,0.0402241922101576
2008-11-24,0.6217600650153882,0.1920390210837535,0.41735662826011516,0.380029937741268,0.0682489699442793
2008-11-25,0.716867795898224,0.25816488604639704,0.554268808424121,0.35405649410257173,0.03672050159463819
2008-11-26,0.6796432278498508,-0.18058080189311057,0.48130632336614015,0.25599968733114076,0.07864982954119651
2008-11-28,0.6967281439318366,-0.041510335342285244,0.5443412907299228,0.5754061842113951,0.03853898964745761
2008-12-01,0.6595367345328286,0.007087699797116438,0.5658452264021467,0.3441681095652501,0.09726762274827364
2008-12-02,0.6735361131599888,0.00468855439307517,0.5016230726065245,0.33347146131992644,0.046533198316536274
2008-12-03,0.704185416898202,-0.13905978596637447,0.5229542139301946,0.34897906476422474,0.05229771177719566
2008-12-04,0.6584701659922624,0.06046929217779728,0.5278611569525066,0.48750369795932397,0.02655468825010021
2008-12-05,0.6258935935195633,0.30772659324509716,0.6442864706081777,0.5213527770906244,0.09506118068363295
2008-12-08,0.6329589273382437,0.1559243160447004,0.45325421373038893,0.34146909506506323,0.0304963221090412
2008-12-09,0.7009635650944607,-0.46517819961762935,0.5955872039556062,0.3042701104556895,0.010487855004046498
2008-12-10,0.743873308384664,0.2992804968600619,0.5451263461470797,0.36802546526443264,0.060363590656622224
2008-12-11,0.6823119955811737,-0.04248462275026527,0.5252691338402923,0.4334531497411347,0.07632924167622211
2008-12-12,0.6598813031131047,0.35018133942638746,0.46471672979188494,0.3478784295456273,0.03369576171622445
2008-12-15,0.7298459757824948,0.12941367418661484,0.473689108409735,0.5207267232284737,0.04412295963272218
2008-12-16,0.6695780742570996,-0.2823839877329455,0.6561232220508437,0.5243156511704629,0.0847526164786118
2008-12-17,0.5917786732413413,0.3582817217626979,0.47920046309199704,0.3900795283698667,0.022617188373459964
2008-12-18,0.6474260803252252,-0.05226129908229319,0.6930300475055848,0.46998057014230726,0.019907964600048646
2008-12-19,0.5954838709200899,-0.4322239834323851,0.5451241310282838,0.4617609174922533,0.02899711151173322
2008-12-22,0.6608784720101446,0.2417201530187072,0.555858248124767,0.3953283035858036,0.026329710628203662
2008-12-23,0.6080061872154731,0.16694652204781615,0.48396706103274123,0.43430478777631965,0.09255710977902938
2008-12-24,0.7962692260612426,-0.04002302731941376,0.46365428616879206,0.39115648352658205,0.054029559787756476
2008-12-26,0.8039504335786037,0.34446126964982016,0.5205868692311414,0.3705453134626509,0.0947457419453403
2008-12-29,0.7662395436281386,0.21472874778141465,0.5408580186875414,0.41464653895955744,0.014910979706926886
2008-12-30,0.6469350252857538,-0.014695277655483686,0.4782647925293544,0.46688572121275007,0.0004272701251528899
2008-12-31,0.6855877095154208,0.13573614251929367,0.49234557324470046,0.41821260263904475,0.042362846465711014
2009-01-02,0.688353221886095,0.2391871148704423,0.5082381604515182,0.255916230787127,0.026379094216176992
2009-01-05,0.7000871648940993,0.04159203401899292,0.5321977213887874,0.45018674666585234,0.08057273344100248
2009-01-06,0.6533291085400866,-0.1409979925637693,0.4862401085142114,0.27073124755413625,0.057944873540826516
2009-01-07,0.7161655292654322,0.46096202266781755,0.553006192966328,0.4164370128669484,0.017903840686902452
2009-01-08,0.5532374409849912,-0.026091118163745965,0.5166950666609788,0.38914680113083217,0.09563408013130481
2009-01-09,0.6762488995886703,-0.1957822992645412,0.5763191569516791,0.4470935851016627,0.06310425023340342
2009-01-12,0.7268642328406808,0.2317561393156538,0.5403168532793255,0.1500530499817331,0.06180489786135804
2009-01-13,0.6199161817290102,0.14660499364787802,0.49927693636527315,0.28126922188890524,0.00812513276438287
2009-01-14,0.7121064366446336,-0.04436763776329737,0.48167025528129503,0.4656321062438373,0.061084514620650156
2009-01-15,0.7233945198506114,0.09635261108701909,0.5160167135908814,0.3330420573992288,0.08551020029802636
2009-01-16,0.6536912060010861,-0.054232126125307804,0.6011598491096254,0.41100594285793735,0.006371114808309708
2009-01-20,0.6445857935759817,0.24504999044217737,0.6121968731525643,0.4627343681507801,0.06785720798376561
2009-01-21,0.6735489334136319,-0.024482734432750345,0.5158028363723087,0.3784887306803681,1.8599868461677273e-05
2009-01-22,0.7139751791452832,-0.13838547825004688,0.5237662367230274,0.47096183612620046,0.04912356047762684
2009-01-23,0.5960507933201689,0.34428478847152616,0.5880591351455376,0.2922403654542276,0.02482074509080161
2009-01-26,0.7294829440494239,0.009968959357848597,0.4818936734762267,0.4332011208456781,0.04737715924743622
2009-01-27,0.6700879279728965,0.3501898996207023,0.6559846215872563,0.3922189508577741,0.058640798528705844
2009-01-28,0.7139477610365395,-0.08766837308439356,0.519183141723921,0.436245429408605,0.06707626337108123
2009-01-29,0.638683281101139,0.37232251223663326,0.5755635692576714,0.3905354188520528,0.05367069609687173
2009-01-30,0.6178971009310361,-0.02829962047287106,0.5676068608747199,0.3895802973730888,0.05832136856299713
2009-02-02,0.6207147266795429,-0.007340986836918193,0.613639890523834,0.4457415224232497,0.02487335702503616
2009-02-03,0.7147869217447183,-7.945307739947246e-05,0.5468016668634686,0.3788938926557101,0.007651599944945276
2009-02-04,0.757170264768635,-0.023536333660087436,0.5877244969984255,0.3607295061376661,0.013507984921885742
2009-02-05,0.6306344676535202,-0.1745312271690324,0.5708085663041154,0.5288718886819503,0.019728544088038858
2009-02-06,0.7391770786928924,0.16481114320627346,0.5865780500868404,0.345730319716939,0.05446681067551811
2009-02-09,0.6738638694911651,0.24578006437538935,0.565607202218808,0.39726088559736006,0.0905262161993518
2009-02-10,0.7667591625324504,-0.017199609027077803,0.7108024882843286,0.383327262054304,0.04671342146585779
2009-02-11,0.7318476074010136,0.19866309164575574,0.6659129507307551,0.30084314916219335,0.06230617855418752
2009-02-12,0.7113307309208144,0.432162638316627,0.6105605756063706,0.5213911370643322,0.08983503577400853
2009-02-13,0.8130525225388829,-0.30268062905934157,0.6267665396230201,0.35174924856900014,0.08337116937078065
2009-02-17,0.7021380739772592,-0.23735690501719087,0.5838039978321434,0.4700013874509883,0.04475260563613074
2009-02-18,0.6436706446964062,-0.08673367425085256,0.678601874391699,0.3226394462958623,0.020014205843081435
2009-02-19,0.7449124109904426,0.27670388001075014,0.6178490763801122,0.46598143375899037,0.0008155812158739062
2009-02-20,0.6699288453201565,0.27780899334901343,0.5578337665847775,0.38926177817681695,0.05454525174232186
2009-02-23,0.6734231458232122,0.2098576741975028,0.4718873982549273,0.42812505576522786,0.09380327584292963
2009-02-24,0.7062937982765888,0.1647348320349974,0.5612424346925099,0.2908202813161164,0.06544550165985506
2009-02-25,0.6443940870966461,0.21698191630941566,0.533388507495558,0.4461846358581016,0.09331587114193779
2009-02-26,0.7093991547788221,0.10837849640661963,0.5695463689926077,0.3416688757567223,0.045545114884467386
2009-02-27,0.6533848740000169,-0.5209771971760871,0.6146992944339719,0.17870527183283827,0.07412810842775684
2009-03-02,0.6623884896936196,-0.07999773743205049,0.5688609908247346,0.20686915865052805,0.0851061823248392
2009-03-03,0.7526936822561654,-0.1703816847244034,0.6540508834016507,0.3435801945077438,0.03186773516690179
2009-03-04,0.7154502992259648,0.09012425869411404,0.6432855280617702,0.3922432033784043,0.04889542101363149
2009-03-05,0.6907412224060443,0.36383562120290847,0.6886296510182204,0.3519410410855647,0.09189100510660714
2009-03-06,0.7691079560239861,-0.1490471765512544,0.6038018714838949,0.5328152463458433,0.00036873414613056713
2009-03-09,0.7904538201910792,0.278061220892125,0.6248586405279402,0.40265579412814184,0.07760074595896978
2009-03-10,0.6946754562394041,0.38961517415086805,0.6490193628462139,0.4343928284227148,0.09339999723317456
2009-03-11,0.6611284408106985,-0.3453105257324771,0.5670166062434523,0.5414897066321914,0.04450984302363464
2009-03-12,0.6371810310115015,0.009496062196731459,0.615913219829568,0.6208403209226838,0.08050854889059933
2009-03-13,0.5525696915149644,-0.031027945128339784,0.6267872014497748,0.402268330864557,0.037978639427166665
2009-03-16,0.6380280913813753,-0.07451169310106964,0.6561566368096403,0.4676885943524867,0.06343906034357888
2009-03-17,0.6440620857620508,-0.19308375942577213,0.5694448504382441,0.27911391449689227,0.04223304065918663
2009-03-18,0.8146978355999078,-0.02950356115886329,0.5425590204646813,0.5347048568264702,0.007987785637022404
2009-03-19,0.6664898163323422,-0.3250680913728308,0.6478396179863367,0.4038239535125232,0.08269702847301524
2009-03-20,0.6479591172288016,0.055383869520617135,0.6019605742489099,0.48526601422047083,0.07843536019430986
2009-03-23,0.748542187573617,-0.0021478356893142323,0.589648531920522,0.4812550617160908,0.0012308164214037132
2009-03-24,0.6828417594051267,0.09757273868921106,0.6089786402035618,0.4164533728578961,0.01141822945393124
2009-03-25,0.7606838999863584,0.061931140233645036,0.5801217845527289,0.3903517123953187,0.01722962445545192
2009-03-26,0.7543507532540015,0.18007517304747372,0.6086457466279667,0.5029060676890496,0.014770689143023586
2009-03-27,0.7446224185363591,0.03660374148204108,0.5774798262702504,0.4899273517806576,0.09568952976100094
2009-03-30,0.7026462729287039,0.05283702630709633,0.611945646919927,0.1951420716494126,0.07019502637238652
2009-03-31,0.663115597304713,-0.06947908151841457,0.6087580597573722,0.49924889348930146,0.0747032805278237
2009-04-01,0.6560628913999389,-0.03938238706718663,0.5275378146425602,0.41850901596597617,0.017637208656928628
2009-04-02,0.6972299405906178,-0.13600885350370792,0.6114599284273852,0.49475745729536763,0.0686858257188301
2009-04-03,0.8205944222137418,-0.14656820521747668,0.6292538894141451,0.3994717763420508,0.08523943022087246
2009-04-06,0.6808160880853794,-0.10803823662928776,0.6285843187802885,0.49101010638581405,0.0683997442586171
2009-04-07,0.7136164949631648,0.12901004959993898,0.5311404434949627,0.5504478766046862,0.09201024144753317
2009-04-08,0.7198366139278234,0.0304123764470893,0.6240708175014552,0.5932357780376833,0.013067414300554093
2009-04-09,0.6159274342355127,0.2805624300608085,0.5727818883305777,0.3202188165198119,0.06807559666172273
2009-04-13,0.6670790025671413,-0.4307197125248382,0.5331709247568268,0.4557285467361883,0.05075482371166909
2009-04-14,0.6217404575047473,-0.08810555834632897,0.6069016675841172,0.42615637765299813,0.015810880215560232
2009-04-15,0.7471098830438738,0.007105943898605136,0.5171337235248846,0.3564162568587984,0.07028795747986231
2009-04-16,0.7080021185304941,0.01866639715791676,0.5768087774995795,0.49990926775497985,0.07413750207262854
2009-04-17,0.687598287485575,-0.4888756160132247,0.6524422201351963,0.4901658463016844,0.07103214191530964
2009-04-20,0.6360767299670222,-0.5099941251999236,0.6423981188303095,0.33420231533604217,0.03669407303630306
2009-04-21,0.6711600173728607,-0.11733166855436222,0.5448316301383371,0.30235239513937046,0.06241955672793053
2009-04-22,0.701796122938405,-0.298568489276941,0.5359524629021064,0.4567246718435913,0.08120515125278677
2009-04-23,0.7299346813286413,-0.046352616132969836,0.5972951505080072,0.3003963483855258,0.012198593249629254
2009-04-24,0.664631777489714,-0.18596296745123161,0.5986805005107291,0.38078587511273104,0.08819789543810426
2009-04-27,0.7159290482977687,-0.4303656057479378,0.6515990334318855,0.5320647759496465,0.08117259804164767
2009-04-28,0.6555153624688059,0.015184760564193775,0.6339276010954749,0.368146300955751,0.06945419073735008
2009-04-29,0.6479456549314653,-0.17473980619781315,0.5816102764493414,0.21881248889866078,0.0801009271543835
2009-04-30,0.6258129419371639,0.13035011673812277,0.5880914446067798,0.4913017927345976,0.020108706815001834
2009-05-01,0.6704423853547008,-0.048491018961182096,0.5193178435861496,0.35004138348498787,0.07453520649852345
2009-05-04,0.6461473914336877,0.14739311037804645,0.6566937283632259,0.5115009740613831,0.06864891638705754
2009-05-05,0.6236481508596958,-0.17786455200838402,0.6454789767893686,0.44659821124084814,0.7181113929688541
2009-05-06,0.71255835448654,-0.3080410959744874,0.5979419755511349,0.3115951771478383,0.03126035355327971
2009-05-07,0.6831850649102248,-0.09965908892876527,0.575936544915384,0.35140111026300846,0.002133279641211472
2009-05-08,0.6823053842389937,0.2679405187221836,0.6093480571983365,0.5640681818890583,0.03582493965960389
2009-05-11,0.6814990382499451,0.26400096264725703,0.5712850455594256,0.28582669822488843,0.04417643894951967
2009-05-12,0.6555848988872859,-0.29202546030761073,0.5993704802990406,0.40362520944593244,0.051976000287664595
2009-05-13,0.7181563249239254,-0.020449256881864906,0.6038337025848006,0.3816167756805803,0.04468828131927947
2009-05-14,0.7568030855224458,0.12297723245803201,0.5783255816872185,0.3857729287250306,0.004722215011964981
2009-05-15,0.6522976217396232,0.24994852837766499,0.5783239596561537,0.4107423916766329,0.04904878387897448
2009-05-18,0.7111240895912033,0.19231017901524683,0.6698798121201346,0.30709515331519355,0.07030570289284578
2009-05-19,0.6278437774529748,0.22403175365543287,0.6071191066514026,0.25908497861232804,0.07371938837877902
2009-05-20,0.7026874610090439,-0.022744197751086454,0.5469074547722924,0.5261294006910828,0.07515078215717992
2009-05-21,0.7082411954555488,0.1778800598230282,0.5992409858756141,0.39890871743553374,0.03500237330592838
2009-05-22,0.6988881353895515,0.15369970093239793,0.5613092688163709,0.39584427057841504,0.018950898680398467
2009-05-26,0.7511797499415019,0.2945151508135721,0.5552829107545242,0.3811575030208346,0.06289181102766565
2009-05-27,0.6336017786636059,-0.21165920902309124,0.5813588643482988,0.507298113412287,0.09365283678420426
2009-05-28,0.6452817347843436,0.11476189601946346,0.5296871862595709,0.46609040148707426,0.09395902673706306
2009-05-29,0.6653619298390282,-0.24689960339424488,0.587043709203355,0.32931006112863354,0.07908719993868635
2009-06-01,0.5684933093469476,-0.2243370508848459,0.6268619642339628,0.5543143324229272,0.023078428225487193
2009-06-02,0.618931795538041,0.32009652311125336,0.6489940559973093,0.30629713755854754,0.08616616127079166
2009-06-03,0.7125991832837062,-0.29401949732508176,0.6014432522692179,0.5684883987436613,0.03143345133750517
2009-06-04,0.6310115409616228,0.10349127125825186,0.6442559712255254,0.39077346079301944,0.059952551551895564
2009-06-05,0.7394028609342607,0.333005417507714,0.4974270901851267,0.2756598759201162,0.028355829006601153
2009-06-08,0.7324822327883622,0.07380192550213187,0.6303724262860236,0.557289326420288,0.04315579039767266
2009-06-09,0.6574740208155648,0.09949329872371414,0.5503431660814644,0.3638836551191987,0.08688574117129333
2009-06-10,0.7929989347602778,-0.12131432043861097,0.5499195867639982,0.42996749686525815,0.04757900424925659
2009-06-11,0.7700695818175136,-0.3429578729856957,0.5961718434677148,0.25966287912590924,0.0040036865408204945
2009-06-12,0.6940575473252326,0.23372061597306693,0.5833399379758594,0.5235544230555452,0.014228632477933724
2009-06-15,0.669103298192033,-0.03527816069534582,0.5600236636765936,0.5182275177509875,0.05247819917935225
2009-06-16,0.607779617982178,0.10433079700300828,0.5281734855890107,0.4431049608450222,0.001703581629489659
2009-06-17,0.6506716066163986,0.3143023004728982,0.5798565239391531,0.44185745757890993,0.09883384198399592
2009-06-18,0.7719625178210001,-0.18681355591696647,0.5687025911300276,0.4568426149100257,0.04454958079194299
2009-06-19,0.7231641520626819,0.05757870016349425,0.60224873298757,0.49545726160287096,0.0614245695919054
2009-06-22,0.6686887240250878,0.15000502324260528,0.47771422112756806,0.48090078376309825,0.052412257858697624
2009-06-23,0.6766738703754301,-0.44088950170806146,0.5567121195788944,0.46960733665676674,0.058280148444873475
2009-06-24,0.6480121310384948,0.12145549511872218,0.575383982532835,0.4594110997920277,0.08918391394529952
2009-06-25,0.7030646151974794,0.19945326052391538,0.4649735113649421,0.28718449550323055,0.010606427893367167
2009-06-26,0.6643443184403455,0.009290250517362991,0.5086743827276364,0.48753147248552675,0.09381764349454463
2009-06-29,0.6999933903469642,-0.08992041478410748,0.5524356788279754,0.5297359326323643,0.06976942506530937
2009-06-30,0.6662230024019143,-0.3451954066370282,0.5982201166782266,0.43742660989904725,0.01885754340373691
2009-07-01,0.6509541968780373,0.44489731132984744,0.5656241501087667,0.3401373611728165,0.0355151404081054
2009-07-02,0.7469887084417312,0.08940294646505459,0.584468448988297,0.3509831389741366,0.02581834403033182
2009-07-06,0.6649949097566571,-0.25495526350353853,0.5115964646000161,0.46044005467337684,0.010181845821915492
2009-07-07,0.695937605351398,-0.15288296344115218,0.5855917365239469,0.4862559746202635,0.0976210544507135
2009-07-08,0.6225043222947475,-0.3659864522615235,0.5613632517462303,0.3413736338941204,0.0872418673359276
2009-07-09,0.699133843563286,-0.21992462832138504,0.6283655258643082,0.4123297573934157,0.0783167019704026
2009-07-10,0.7279350505137739,-0.19722165833463487,0.4985726301585115,0.5032415345552731,0.024715650374412236
2009-07-13,0.6600520783720786,-0.07453951770754366,0.5098283733565627,0.26538652994327666,0.047312696607686035
2009-07-14,0.670296277126337,-0.023035420288543627,0.5599815484479475,0.4372388504613472,0.009818696985149134
2009-07-15,0.703891829282145,-0.05689189021461421,0.5255845581123622,0.3267970464962358,0.013878492388596743
2009-07-16,0.6071228665244282,0.08145927754770438,0.6417620173654327,0.2916402347907039,0.09529836282621137
2009-07-17,0.7053915389103874,0.19266757152581623,0.5322632410838178,0.22594109906493134,0.09823338366021561
2009-07-20,0.7010948152291699,0.309402910839685,0.5837740953585236,0.2780688428853145,0.06999561924383568
2009-07-21,0.7264278888833564,-0.20572325340414396,0.5149177329557133,0.4054130479203979,0.02409722188052357
2009-07-22,0.7353007418996474,0.0037805452333151816,0.5460840721752027,0.379823302227721,0.08346458923149483
2009-07-23,0.647087097008437,0.012806519307264673,0.4644159189492482,0.43646460341744703,0.034710209525198446
2009-07-24,0.7074983222785918,0.39933026902035684,0.5629820337868594,0.3958512576493872,0.021708194601240238
2009-07-27,0.8095346553920407,0.29949531516003,0.4551937607869442,0.41173614602902325,0.006969936565289769
2009-07-28,0.6776879496826639,0.07942332780600625,0.5508873177770427,0.37348677127935664,0.030811213271962748
2009-07-29,0.7496308878867715,-0.015620636956844632,0.5322709668629165,0.4070508019977413,0.037738460206074
2009-07-30,0.7137251694641243,0.12576237524513656,0.4975099513328361,0.5417715519003778,0.015380817537837078
2009-07-31,0.7400121945189013,-0.4092094404176305,0.5548901782171408,0.4219672898271544,0.03350643136716982
2009-08-03,0.7170628646195529,0.18472380888341952,0.4784712536146758,0.31304424268622777,0.06595948607516999
2009-08-04,0.6889254870839467,-0.028466750244242046,0.504622875444391,0.23303665915930433,0.049203856065028084
2009-08-05,0.6861920745120436,0.2505027240205836,0.5740542605476733,0.3374482378267317,0.07031453643853651
2009-08-06,0.7891407163582551,-0.011038533462925677,0.5509405479996783,0.4300064422416989,0.04270332572736551
2009-08-07,0.650583457372381,0.02964553869346628,0.4255348675413011,0.40068376460162236,0.02635557095511827
2009-08-10,0.6186844576799752,-0.0579105191094694,0.5626928027489307,0.33853222990070997,0.07603095270983133
2009-08-11,0.7149814818666476,-0.20994871094705855,0.5283573619230029,0.42651049005074676,0.0766273763799198
2009-08-12,0.7335409439350958,-0.0076134147908279316,0.49653559735415925,0.4660147608642859,0.07395270995062041
2009-08-13,0.7155324849787558,-0.026418180719982906,0.5234848053430866,0.43731691245114085,0.07723073950407572
2009-08-14,0.7446011487367041,-0.19487320303642797,0.5382845641529851,0.5683903330890485,0.08312252938051692
2009-08-17,0.6936744750891056,0.0947889360999834,0.5569320848015578,0.4683994362933664,0.0025425398546800263
2009-08-18,0.5955176470961845,-0.2768902961870274,0.5384144863192669,0.5123120860373753,0.03356894216983236
2009-08-19,0.6382567848894275,0.19125794498846244,0.5673842469092379,0.2963023346863631,0.017940440644171086
2009-08-20,0.6384283214035348,-0.09603328724901795,0.4769948650077168,0.5502348999174725,0.02946952718849203
2009-08-21,0.686426277152386,-0.35976929643663375,0.4447858857356728,0.18264681802242255,0.03847177176608262
2009-08-24,0.7345771333172588,-0.09203393082560885,0.5281126518272434,0.4887341230286304,0.0773922502727028
2009-08-25,0.7117890936651232,-0.2594237127293509,0.5061291890479939,0.5241775683147651,0.07687867961227056
2009-08-26,0.6521635814508938,0.1849636840840803,0.5122156196318355,0.3807505583107687,0.09680608433369224
2009-08-27,0.6918102293714148,-0.023288934316803154,0.564830088036276,0.4437760339373559,0.02494097283143383
2009-08-28,0.7477639918050774,-0.24050618572293103,0.4702610682563898,0.47310174587520315,0.05952853265389949
2009-08-31,0.7404258153652464,-0.08716959472468776,0.5859334397435072,0.38933185613098037,0.009306354361774861
2009-09-01,0.6542356971158305,0.07644013799355875,0.47108570073943723,0.5823933447012591,0.03474651400333372
2009-09-02,0.6463213389012916,-0.2362991076100597,0.5120717550099989,0.41336825171668523,0.010010522740591932
2009-09-03,0.7035894089317761,0.19301338285657144,0.49387121386682886,0.36831276464025314,0.009427819735916932
2009-09-04,0.6532717915020324,-0.13483411718717767,0.5432441345725385,0.2418407063623299,0.05906466886150204
2009-09-08,0.7751885848333506,0.17136812749816158,0.4432001559992656,0.40122404876058626,0.002190663736578047
2009-09-09,0.6387884693353615,0.09588541831866856,0.4857348401495864,0.4138259217265995,0.025569861599231303
2009-09-10,0.6622153357609665,-0.20878418522535136,0.5558901025866134,0.3445456488898694,0.06158040244200487
2009-09-11,0.6849911430507613,-0.005464865546439095,0.5661627853019868,0.39445151968609604,0.04754612888156187
2009-09-14,0.6663382870312614,0.10979749349028466,0.4945031172297529,0.3928090656844988,0.07857071049168547
2009-09-15,0.6630299100053436,0.1579093560230782,0.5200830846409157,0.3913474670116287,0.015361064192471185
2009-09-16,0.6527074997659083,0.11383841666266098,0.4830455613200464,0.22720304393419052,0.041330442421858765
2009-09-17,0.6861907009205742,-0.24253118102112428,0.5435075745164261,0.4700808152848694,0.09964503181670374
2009-09-18,0.7044064401239242,0.28366897031093957,0.5065737522539987,0.34760835936810436,0.03181645970739253
2009-09-21,0.7198181312443017,0.023633512763552012,0.5438610033380307,0.540811878624049,0.022181670755548867
2009-09-22,0.6949579350412306,-0.4024177802289131,0.47412897004800136,0.27420225990786606,0.01899473000587585
2009-09-23,0.6778296898257542,-0.3172215446175657,0.4070125589614944,0.4229789637796987,0.05105686483895469
2009-09-24,0.7084245365030223,0.04350593325862136,0.5132809070135272,0.4530251384641356,0.02490257555480875
2009-09-25,0.6360661758574438,0.019342337986011482,0.5289133109112596,0.5009074871811456,0.08664644196487187
2009-09-28,0.7473346933256588,0.23736358903861188,0.47149504169408346,0.5273697249825852,0.012349424190064595
2009-09-29,0.657265028642383,0.3116612334654012,0.5058823015573402,0.35985834772246456,0.019142958132578394
2009-09-30,0.721254943013033,-0.08343713431310734,0.4755940310817611,0.38778535479363546,0.03831820230926201
2009-10-01,0.541029921134195,0.15815487420633717,0.5976863532774425,0.2919061453916296,0.07878911153406687
2009-10-02,0.7289775910301243,-0.13722272734794805,0.532462446655124,0.37883701389618796,0.09676161277244898
2009-10-05,0.6891225968477421,0.20391057031394763,0.5027537885885368,0.45391066032727345,0.05510831095356333
2009-10-06,0.6746053690503936,-0.2574703758787527,0.5392781570352673,0.42008950854925853,0.006130306820317422
2009-10-07,0.633043125729529,-0.21178981189721824,0.5713234816499315,0.3137812668109722,0.03370320561882444
2009-10-08,0.6426257444122865,-0.0758586650703326,0.45395175370444363,0.4381739553428986,0.09277770084964843
2009-10-09,0.6658236150758869,0.30312073342032025,0.4656417027876066,0.47744674525569225,0.04892971667939349
2009-10-12,0.6437328778946095,0.05788487550195897,0.5592465694549238,0.4496828799868467,0.09850002458458057
2009-10-13,0.7013035467276247,0.10095414562243055,0.4476612875261822,0.18968989753192067,0.0684264382204794
2009-10-14,0.6704750398371279,-0.06193670125486303,0.4452756936336833,0.44705820984264544,0.0828103255957188
2009-10-15,0.6395897661693517,0.2567551537864607,0.4854028945092567,0.32438296946925393,0.018813918848867173
2009-10-16,0.748440285974199,-0.2640482958018034,0.4234843335204482,0.3772235621391544,0.0833251058693712
2009-10-19,0.5967103851767723,0.35246294047376786,0.565615447453391,0.3487125078153006,0.001013508434274979
2009-10-20,0.6876506200647877,-0.21139563566448924,0.4716632637280392,0.4496289321088835,0.03363780008615541
2009-10-21,0.6479832947606202,0.18075016144830466,0.4709430492684781,0.29066716767853884,0.00441015031961437
2009-10-22,0.7228483071330051,-0.14814627054533436,0.472230966739122,0.20969212427614636,0.05778229385997122
2009-10-23,0.5876043078774736,0.027102454718018185,0.5038015715934021,0.34344649592311893,0.02695690695699652
2009-10-26,0.7036085852773261,-0.0470429557443017,0.4996320351863322,0.41617711190574874,0.008621261134335123
2009-10-27,0.6765719793690022,-0.062072096964011406,0.5437207975683238,0.4167583714502054,0.06663605799333601
2009-10-28,0.7740348415903482,-0.06100273343886928,0.569738523848774,0.43103803854139244,0.006505284483366458
2009-10-29,0.6074145337611829,0.1208890105209993,0.5097605349134688,0.2698185298920929,0.0725759433449007
2009-10-30,0.6987156228884567,0.002935867266458478,0.4794658526547259,0.39990978938495786,0.037483129114176575
2009-11-02,0.7452367807102891,0.07442434073499238,0.5394453702677736,0.477828451095868,0.03668348736777614
2009-11-03,0.6789240969411581,0.151320193111949,0.4773085973710725,0.3958171418695618,0.0654280687616517
2009-11-04,0.5976333584319445,-0.38548877220466865,0.5018463287099529,0.1778015063396623,0.0722342401587198
2009-11-05,0.6167537254360062,-0.03170402463745972,0.4940810574082442,0.3207408205427879,0.02432016928878853
2009-11-06,0.7443657087926501,-0.17485906259325903,0.5042678321656084,0.45382101332201286,0.06098954598742843
2009-11-09,0.7317085405161072,0.004321769450990146,0.43083450687280933,0.29075585401483384,0.0708830362013982
2009-11-10,0.7601555918772492,-0.07616406327509748,0.5440467553573073,0.24379786972881204,0.0953521777881745
2009-11-11,0.7053811063324557,-0.19664819911332518,0.3922069483132318,0.26752727410516763,0.05641298616757487
2009-11-12,0.6907984215405087,0.08552949498352261,0.5416514609029659,0.3668930917300063,0.023741912846622838
2009-11-13,0.6238130087835185,0.081410149586779,0.5729898666466031,0.3536796571411812,0.07064019757494963
2009-11-16,0.7074623620889979,-0.1896967384492305,0.5628094281642426,0.4210650584644225,0.08413587635820848
2009-11-17,0.6213002377858362,-0.34436065063100196,0.49463877446958715,0.5202835826756177,0.04673443366464596
2009-11-18,0.681831044154378,0.28212184082805275,0.5897761109041215,0.360093575618919,0.07846354299588806
2009-11-19,0.7333440525355698,-0.2531777999752349,0.4817505629881076,0.45573386665976356,0.041474273554182775
2009-11-20,0.7678757385707953,-0.013824136283422883,0.4065247721892995,0.5637967396704191,0.06298878637404479
2009-11-23,0.6375503358747923,-0.11222406179382316,0.5750080652499187,0.5193438839263949,0.08046553291392151
2009-11-24,0.7170245841159123,0.03839680354823707,0.5686696880229726,0.5354269215337382,0.062650615938878
2009-11-25,0.6952871993951328,-0.12677229263838521,0.5222198443510996,0.4252472969571118,0.027880837919300284
2009-11-27,0.7473204405284382,-0.16614916043575817,0.5309909378906591,0.44122782923947385,0.022438702397275703
2009-11-30,0.7218690992462445,0.2341499121434835,0.5694521415443625,0.47491199654288135,0.07406682271125017
2009-12-01,0.6066464651284368,-0.017888081159972324,0.45718901046038996,0.4059186495809807,0.0978722167890215
2009-12-02,0.7923841022840289,-0.19633750415327647,0.48496775993886015,0.44717327514908733,0.0873986827304074
2009-12-03,0.7064225158407134,-0.04170246727934575,0.4891662996918724,0.3340207776566797,0.007684680317997328
2009-12-04,0.7027296735460912,-0.23793351460001713,0.5329469195767127,0.41139229176153164,0.07073279598532003
2009-12-07,0.7388666023790295,-0.05015019794571668,0.5205505234924042,0.4609675317295144,0.03609397371841133
2009-12-08,0.7343005813540578,0.4045858686221128,0.46798134868018304,0.48337650841730967,0.07018141004947236
2009-12-09,0.7499282286725342,-0.019359331169465085,0.4955018371666182,0.4518901047030012,0.012752633394914205
2009-12-10,0.6443852174029548,0.26656771662662215,0.629486748452188,0.3234315410113338,0.022617388437528432
2009-12-11,0.710889527842106,0.13347550392789442,0.539657065274388,0.5915727641445808,0.09227101045811754
2009-12-14,0.6929052724201874,0.01883026142210402,0.5857816825792029,0.5001420860708035,0.012093846141094334
2009-12-15,0.7124886392013176,0.23489980928729404,0.5746876820285168,0.11964460422365614,0.06893721532381851
2009-12-16,0.6738007552699574,-0.029882255821588405,0.5636889647668827,0.2682237423065688,0.012431356998916777
2009-12-17,0.721170934033901,-0.10472721872799702,0.46989344463976546,0.4261474053118254,0.04816948690977342
2009-12-18,0.658779071693931,0.16543447625301347,0.5035595635606445,0.5200555340589336,0.06615014204755092
2009-12-21,0.6826040537046892,0.019643482538920388,0.5628548996643297,0.3276666983398067,0.02509068261341344
2009-12-22,0.649634524113197,-0.13321055610229354,0.5169699239099755,0.3336284701898102,0.09829892259607982
2009-12-23,0.769044358392409,0.09650625044392708,0.730208756813803,0.2379205980658278,0.07190395018266575
2009-12-24,0.6579078370738323,-0.1355841265047405,0.580082710257466,0.4353721944670954,0.09579872960903647
2009-12-28,0.788400295583318,0.004105851106961833,0.5288610046598842,0.41926199686534354,0.044952135630415814
2009-12-29,0.7148885599665584,0.2831930609330049,0.5888212234532765,0.4482561442861339,0.0592326150069907
2009-12-30,0.7177000519203666,0.04171701921437302,0.6327601287658616,0.5661357485145848,0.02448783740427457
2009-12-31,0.6474240366909658,-0.2802986537743709,0.4853275399722078,0.38423059858413594,0.078516526178635
2010-01-04,0.6633916575193426,-0.2980586213321661,0.582169895039363,0.43913429539888,0.053386806519899625
2010-01-05,0.6725431151118355,-0.250080687220151,0.5808213648417421,0.348847498947747,0.027864476830570452
2010-01-06,0.7308467634756699,0.13670761688007024,0.5658394965825698,0.26699959144488195,0.02922524121203759
2010-01-07,0.7068961415710677,0.40503079334965647,0.598040390141814,0.5528733089685984,0.017845321020769557
2010-01-08,0.7705216328961152,0.02739584633642238,0.5006731005081025,0.4549197880553035,0.027156388381699783
2010-01-11,0.6893674714230164,0.07962931914219129,0.6790344985212999,0.46174740010552245,0.011971270117446265
2010-01-12,0.7800812576647776,0.156602867139232,0.5285600510058482,0.6087496287584155,0.07900790421319394
2010-01-13,0.6383525375375521,0.44393924702711296,0.5978670260189867,0.4506235927617398,0.049202851860230074
2010-01-14,0.7265354039991788,-0.31396153875714816,0.5183504274595849,0.41631552852059633,0.03322835874230747
2010-01-15,0.7774934488640624,-0.1696640363674104,0.5805618352820959,0.19251216911790914,0.08326824635328742
2010-01-19,0.6286172066154233,-0.037949946279629804,0.563679261446685,0.360370715498313,0.09193086847265253
2010-01-20,0.6668664875421918,0.3460439900694656,0.49495094544601503,0.28021293785110735,0.08399128012469202
2010-01-21,0.7925916017682717,-0.03611233083071579,0.6035186457377824,0.23071362285328947,0.05308238083449249
2010-01-22,0.7427208670078596,0.5646352590926513,0.6311109356339241,0.3963730909983109,0.07439281965710845
2010-01-25,0.693902110643626,-0.2657920366058579,0.5552012364508002,0.27723205613277,0.00537157676181006
2010-01-26,0.7680607016791073,0.06874871921638945,0.5332749165390486,0.4848807866620169,0.08806216817301282
2010-01-27,0.6945687685708608,0.1963233673709756,0.5164247299079278,0.4584033235682671,0.019227408961209027
2010-01-28,0.7023500425223225,-0.12071400641771485,0.5966218262191154,0.5096330087669377,0.03336010042421376
2010-01-29,0.6291891474267793,-0.2802683016733743,0.6953422807186338,0.30572448700978055,0.016853326340052543
2010-02-01,0.6919973528941537,-0.06095940822293205,0.48113217453200313,0.44423377470914444,0.01596223446210946
2010-02-02,0.6836521749865978,-0.00785862875683218,0.6145927053543032,0.4858294482945711,0.03626855377625297
2010-02-03,0.7975727192285603,-0.16313581181653392,0.5007860158675206,0.4364246175056388,0.034717263930061026
2010-02-04,0.7446993203854742,-0.07915004408196094,0.5713557857617073,0.3013564955517745,0.06767356190904963
2010-02-05,0.717891210078412,-0.17734504375666524,0.6484053363948408,0.4024610579199383,0.056902311739229675
2010-02-08,0.6772820956614779,-0.16258439965330815,0.5358081767048956,0.2395821259887193,0.06566751129715602
2010-02-09,0.72425503321056,0.1507648052127069,0.5979102712199419,0.3157477644568758,0.08897650884908372
2010-02-10,0.6490961471859168,0.2953171608518912,0.6451710360052261,0.23007070930906395,0.06886750823411979
2010-02-11,0.6948972670860407,0.05346531618819714,0.5805610356395958,0.4865270582823751,0.058663180700774566
2010-02-12,0.6890385180319413,-0.005062037782450872,0.5498379205694339,0.35195462195992194,0.038131013133422015
2010-02-16,0.7186415285244718,0.20840155609010533,0.589766949380061,0.40228988460340853,0.017254439879587115
2010-02-17,0.7911647641513757,0.1482993603132802,0.5502227242038922,0.45067775454286985,0.05209860402682129
2010-02-18,0.7452406338784677,-0.11040333661008016,0.6046270841742644,0.2966852007853566,0.02708909864539205
2010-02-19,0.6669643465289365,-0.32298190686829675,0.6153013015483605,0.5922079044412006,0.03876894195327957
2010-02-22,0.8409968212049954,-0.2819755096762016,0.5998241533999674,0.25711336611292657,0.020137954597072006
2010-02-23,0.7688629549666726,-0.41254518583827365,0.5939480236614619,0.3997336837098262,0.07949748989545033
2010-02-24,0.6950534557472348,0.28024674826287355,0.6762962590598888,0.39071344473499614,0.08508604794915162
2010-02-25,0.6848057406524094,0.29657721520982855,0.6452880139049524,0.32899117105169445,0.03392116176801633
2010-02-26,0.7299669333211589,0.18557671749036317,0.6721155131705192,0.3341120450931912,0.0712542085514824
2010-03-01,0.6005011802843496,0.3878503977738205,0.5085626069363638,0.2795394722965558,0.05577500158924286
2010-03-02,0.682824190533371,0.10961763709909388,0.608759659345086,0.32053091178076565,0.09023262428906187
2010-03-03,0.6529248073459678,0.06450533716457407,0.6145881456776472,0.30412425679872523,0.024722949822305718
2010-03-04,0.7108740182340315,0.04211125180837813,0.5295669961885708,0.41144568220337496,0.02777494270269001
2010-03-05,0.6904970656219271,-0.1169975935128353,0.6041163336059956,0.41862740654250913,0.0315247014897296
2010-03-08,0.6882193174422888,0.21672087373818172,0.4950095319273241,0.34469409679810115,0.0548572199466722
2010-03-09,0.7051263504878755,0.02432062297321408,0.6169773151495399,0.42223972571965085,0.03777247711627153
2010-03-10,0.7182211971527249,0.5599938109522122,0.5204617296333298,0.3699545449684092,0.012349430372160542
2010-03-11,0.7222325569298823,0.04583841569502297,0.6858935253198721,0.36191448448816504,0.041641034961205574
2010-03-12,0.795553868481002,0.23233712622280178,0.6163470686244269,0.4017394572603539,0.03703523459116446
2010-03-15,0.802273361424563,0.2873509790066728,0.6656088116820391,0.42883955630803905,0.016298250319369968
2010-03-16,0.7020850619179596,-0.3619324370797501,0.6386942093567256,0.24984453861196437,0.07521060277578812
2010-03-17,0.7891671353287532,-0.029082122628109903,0.613425291547928,0.5404335130883261,0.09527701901554826
2010-03-18,0.6586230151064395,0.16537191403812465,0.6272702818882212,0.4475205385307517,0.0901751831359198
2010-03-19,0.7630612850604344,0.13903022183840957,0.5860051332016168,0.591916417441224,0.007634187523141812
2010-03-22,0.7580155635893442,0.02958065267444144,0.5417602218343155,0.5129389926350849,0.02524413573397302
2010-03-23,0.6962998695128424,-0.2606930493074541,0.6771468852838112,0.3816171277046244,0.02562571650602015
2010-03-24,0.6061215813416805,0.1124219516301293,0.6043390926535773,0.24894021023183954,0.004474783595791454
2010-03-25,0.6417521970133079,-0.20046885589868332,0.6379999769276237,0.41928965980942184,0.07389351514436723
2010-03-26,0.790994470305089,0.029447611909292404,0.5637487073576867,0.6123611098213225,0.0255709105511984
2010-03-29,0.7191774547611964,-0.08258535753845492,0.5944278929037291,0.3178466006704337,0.03400950034904315
2010-03-30,0.6986200408187299,0.16699625257748474,0.581321889240408,0.43600926327815925,0.051952379215650296
2010-03-31,0.6949281983618876,0.3112615631022335,0.6273191401470118,0.4355242811242871,0.07309515008092952
2010-04-01,0.7728282470322304,0.17375434464206813,0.694890628256203,0.401716696004802,0.03170861330867512
2010-04-05,0.7400157278165762,-0.2491798225587717,0.5450006353528765,0.614251947450619,0.010910891685017488
2010-04-06,0.6693741105345087,0.07218806873937801,0.5891961372355325,0.268954124844459,0.061496437851716594
2010-04-07,0.7609072233883694,0.37346991314307637,0.6498589898964352,0.43208119094574815,0.03446756603288649
2010-04-08,0.7618530490450475,-0.04639119686241757,0.6208660436405105,0.44151558601383334,0.001778417421075873
2010-04-09,0.7437703475374974,-0.002684965695837303,0.5660950051054874,0.3874681159991591,0.021512202880899247
2010-04-12,0.7522429856409856,0.18015908081655355,0.6793501560883737,0.320472243326042,0.05246494761166895
2010-04-13,0.6862843376753983,-0.04799950129433245,0.5145487378263727,0.5581083817243189,0.005633598746235802
2010-04-14,0.675019897022813,0.00046126217573629893,0.6073885000089024,0.463167619022109,0.08366785979039026
2010-04-15,0.7374729052589968,-0.17851781597843708,0.6366262449116706,0.33246139982011924,0.06935603894617058
2010-04-16,0.7673554840407701,0.08579288962998365,0.5333202431753561,0.3334111552509863,0.03431361851582165
2010-04-19,0.7534879602960078,-0.10747346084156198,0.6040103069493166,0.3529747759086766,0.09166255579681715
2010-04-20,0.6808876666498193,-0.23379539109459038,0.5484551873812448,0.3531395525057863,0.06572890275787063
2010-04-21,0.6537852235715373,-0.17630729640110043,0.5417545652695596,0.4274585068221434,0.0017610993682373067
2010-04-22,0.6630087710893531,0.3835872351910222,0.6753722252481071,0.50036291855853,0.05278810842559403
2010-04-23,0.6371546211021746,-0.1469696995328615,0.5624905797539709,0.5049490467166625,0.015096790912684245
2010-04-26,0.6697455709983235,-0.28534595097784043,0.6901538318473398,0.389651733389751,0.057670525668409
2010-04-27,0.7202891278120811,0.28464957930172896,0.6771603145753405,0.3211448579543122,0.004837594620103281
2010-04-28,0.6903095975773202,-0.019082231626807254,0.5849286299039811,0.25160173813533715,0.035284861974759586
2010-04-29,0.7126048483292596,0.28177315607722564,0.5774158417504677,0.3580477619330718,0.040848291141934036
2010-04-30,0.7415680248170028,0.05216602341607303,0.6200379719849695,0.5224006853190718,0.0005015128456640317
2010-05-03,0.7034109288453888,-0.2616781777408708,0.5505939996181852,0.3443151974180908,0.0882904049903802
2010-05-04,0.7485964997111096,-0.3748983141681099,0.5496128138533557,0.44287622723130593,0.07853795562122892
2010-05-05,0.7110708321478657,-0.4977770574979887,0.7143261507258393,0.41313505943235856,0.005107576895897481
2010-05-06,0.6101534754364076,0.009513008656666886,0.5939832031289645,0.4623772400127402,0.08582371882654966
2010-05-07,0.747477995562815,0.07509132445969022,0.6094084417422078,0.4423048736370718,0.010778752323470942
2010-05-10,0.696052416239004,0.24446314475399672,0.5727974620509679,0.2678267096182114,0.011054420555266687
2010-05-11,0.7350977453773214,-0.09143920759161211,0.6714781296303769,0.3151240561790902,0.026574283456087124
2010-05-12,0.6715896016477944,0.20352751614220801,0.6549115925974599,0.32441076849881206,0.047481566662496366
2010-05-13,0.7165125736467027,0.008132424709387137,0.5631200168499503,0.5791587115549323,0.09950397170352877
2010-05-14,0.6686198989921208,0.0983019126938997,0.5495711981609815,0.4397119283778815,0.019218529844882284
2010-05-17,0.7546314002910459,-0.03422898520686141,0.5409397858859938,0.48773812604178907,0.06643963965482795
2010-05-18,0.7084823738504017,0.09082244228469914,0.5225216057667225,0.28212385270021134,0.029994234910675856
2010-05-19,0.7310162571869403,0.16950085650960411,0.5726849696802592,0.27755999521876323,0.0918447581534082
2010-05-20,0.6819244583123635,-0.056480807224021434,0.5587284467531098,0.3902518482666657,0.02308151481017258
2010-05-21,0.7294336241926425,0.13863832999488968,0.5981206148291114,0.2578626402579036,0.04948652773410052
2010-05-24,0.7146875582885753,-0.15309166678806785,0.5014408677705332,0.45223388648573887,0.07177468952427453
2010-05-25,0.7098562286545944,0.11258376375868318,0.5381076510725403,0.36847700059544525,0.09585639760138297
2010-05-26,0.8107116616578489,0.05160777111880295,0.5931817153466169,0.5884520135912948,0.003377891851581594
2010-05-27,0.7401683757477752,0.021028678853255323,0.6403679470142716,0.28781969871459556,0.012168990717179418
2010-05-28,0.714949223178318,0.553652009717012,0.5170444142785605,0.4036376348712063,0.009617050008515694
2010-06-01,0.6857379977554304,-0.04369437930978758,0.5177955250578582,0.5038865001542426,0.0857267603822332
2010-06-02,0.6834670434990515,-0.07959344759327253,0.5679575002767046,0.2928540705464867,0.008535051362648472
2010-06-03,0.6808000703637115,-0.030677716610584965,0.6628532002065544,0.3016596131469978,0.06222251046526779
2010-06-04,0.757443423774534,0.037102354776969985,0.48345449578437827,0.46366871193504816,0.00930858769237507
2010-06-07,0.6768455220091185,0.13864396303587043,0.6152718541815166,0.26799429031408367,0.09997455957771965
2010-06-08,0.7472659692879298,-0.27265857106851404,0.6150485276443787,0.43612892014154253,0.012516897144798634
2010-06-09,0.7247710900345252,-0.10693166541964466,0.5322902498448991,0.41373090498686177,0.09861399780668041
2010-06-10,0.7844082602282084,0.3484952726117472,0.4922551805579505,0.2724964789740001,0.008258006379203852
2010-06-11,0.6783551300630746,-0.03379190967028982,0.4269609063837235,0.505386126809119,0.06846877662201536
2010-06-14,0.7606611017945901,-0.21061058137880045,0.5676394330545524,0.4412225815585181,0.03983048273207188
2010-06-15,0.6108281348489724,0.00487095242169824,0.597733046511658,0.341444592072367,0.046310305770004695
2010-06-16,0.7574189398429911,-0.06922245294448595,0.5026254799680764,0.12567720261012094,0.05716011972372923
2010-06-17,0.6694756081943627,-0.1747297560645932,0.5843083055128643,0.16589436274774264,0.09196051538587802
2010-06-18,0.6853421282778829,-0.31060002311650914,0.5817571724650521,0.33394204647475284,0.09657388502917486
2010-06-21,0.6319784365276541,0.0891630696996223,0.567012143135015,0.3215137135488223,0.028420265715740547
2010-06-22,0.7373377423685747,0.2509734498750076,0.5928863843970331,0.393042335278725,0.08506068921295795
2010-06-23,0.7146109059154756,0.11671511885822555,0.5517103551827169,0.28453283745672736,0.038696350664314295
2010-06-24,0.7343917161221174,0.16043420569280953,0.5483286003243238,0.465222769565327,0.020431220667120466
2010-06-25,0.7307327749008665,-0.45526330714988145,0.5523987766433194,0.30330257559351054,0.040607738861052206
2010-06-28,0.6191035809345804,0.19833697655467603,0.47374664214379636,0.3337167710608621,0.08775348971098208
2010-06-29,0.6532233613660229,-0.045754510113154526,0.6141404171609856,0.2967690353927461,0.05162737057751765
2010-06-30,0.6941778676070295,-0.3361374062031953,0.5299162469551227,0.5164885336272417,0.07070410768482435
2010-07-01,0.6912657236065286,0.11245257490551992,0.5297541218381404,0.4438958551422008,0.058458145578592795
2010-07-02,0.7614951688777355,-0.05013440755225948,0.5380328711517777,0.2809359119564175,0.0751040854895033
2010-07-06,0.7466103622481925,-0.60285194412716,0.6111649710283188,0.3069882516570863,0.028457026351510286
2010-07-07,0.7638014744979139,-0.2612839708877458,0.5519242034936501,0.3303088111595233,0.056802144929324755
2010-07-08,0.7128548643689656,0.30096647151969186,0.5077900796795176,0.522220469046553,0.09677865062518663
2010-07-09,0.7069190882683982,0.09352756971423416,0.5864815661249161,0.5123214681517322,0.08980313239067295
2010-07-12,0.7608564621847465,0.08637184559945521,0.5136080726210355,0.37431489024223336,0.011045321166429534
2010-07-13,0.6772562588423257,-0.03882853361928551,0.5272516556388693,0.46740524943610734,0.08244527861862552
2010-07-14,0.744394801977778,-0.2800097782630533,0.571748982839485,0.335083842863646,0.0936031699117601
2010-07-15,0.6947250675815251,-0.1994513090997658,0.5958742026249149,0.2993528118321178,0.08605919447448135
2010-07-16,0.839329050945476,-0.23498832192599736,0.543940051259669,0.6149215316518055,0.05615027656739065
2010-07-19,0.7252050566091875,-0.16892800520501997,0.5333153658231015,0.33933853260773467,0.09515694160110236
2010-07-20,0.7712950222297941,-0.015166859212664944,0.5095209313407337,0.521906522396998,0.057742871656804355
2010-07-21,0.6067707792468171,0.2703700783104642,0.42130085739014794,0.3413002409354722,0.0018980724446796661
2010-07-22,0.6469287094351653,-0.21125003443089976,0.4939574642242384,0.28173403975485056,0.05120503291168232
2010-07-23,0.8142569127982167,0.0666167102405196,0.5767596362173716,0.31652756113528047,0.0809743466254379
2010-07-26,0.7584663460943106,-0.0226667083405884,0.5532471105973809,0.45979779055648207,0.09242108133186654
2010-07-27,0.7753614164647189,-0.12401770318975668,0.5637592972876135,0.4847470156418414,0.013917749880141585
2010-07-28,0.7262868361449001,-0.12421564016698317,0.6361087210461293,0.33636266358703115,0.0741489644927714
2010-07-29,0.7677599272376728,-0.4153702187617809,0.6087569352002099,0.43646410661235696,0.013029181332530415
2010-07-30,0.6334876970647757,0.04711579959130364,0.5879636746463821,0.3512781307940628,0.020464725508109762
2010-08-02,0.765529285263524,-0.1218228821463155,0.5543603297277558,0.23511863378157682,0.083436197460934
2010-08-03,0.7021094614544557,-0.14740955672377248,0.4488615175242583,0.31818736025605227,0.008140065554697184
2010-08-04,0.6662340240758046,-0.3977450955992403,0.5666349178726447,0.3309015489354212,0.04625193227976015
2010-08-05,0.7633192841569932,0.055034824555889685,0.5172693633231601,0.42268982276647044,0.08846672139428889
2010-08-06,0.7225341410075021,-0.39388146070131536,0.521844347438995,0.48061294215796124,0.022757264981655034
2010-08-09,0.7511529860437751,-0.0687823462512752,0.5374447245961995,0.3120569356973664,0.026739881757058083
2010-08-10,0.6808774268151137,0.13931704136692455,0.5232510479222353,0.3205909144287256,0.02191479336631247
2010-08-11,0.7040418831678286,-0.20812669876973222,0.5100110884067149,0.3841907634443487,0.07503025462127003
2010-08-12,0.8057579046053054,0.07652931044338862,0.5019915410641855,0.4146436191432086,0.025107381779580884
2010-08-13,0.6970446875534356,0.3807011757049087,0.5332666554070614,0.373253268026068,0.08629492809734636
2010-08-16,0.713182932567739,-0.14042578854623514,0.5442727669764779,0.366734091663729,0.0888134888505469
2010-08-17,0.6912279565969344,0.3402064104118545,0.5503633273520422,0.3608129462585806,0.061949779300664524
2010-08-18,0.7041975150052896,-0.1217637560851626,0.5394497307610899,0.43989506138755224,0.08598865408847112
2010-08-19,0.7350004223486089,0.0230336443947023,0.5190776360244796,0.35249487475955454,0.02060071383662401
2010-08-20,0.727991131679021,0.18209820861580148,0.4746595852192086,0.3146258518591677,0.039004326430544245
2010-08-23,0.7459349145157701,0.05027121202670875,0.49924868398595446,0.4599539237073834,0.08260447259098146
2010-08-24,0.7301181432028205,0.08580230148610746,0.5235562691208406,0.2913942340448283,0.012706352388304433
2010-08-25,0.7200136055231621,0.12341446608647318,0.4825886126233824,0.43582175290173175,0.03784349121190903
2010-08-26,0.743373308592908,0.5071702768985122,0.4324571660009601,0.34637762221104723,0.020330881820576255
2010-08-27,0.7209353760303956,0.15733797496458524,0.4833722308381602,0.2994011580176533,0.0066684838638651715
2010-08-30,0.6797906578395316,-0.06539059897800198,0.45852967706383174,0.40345269962076935,0.06589332623678265
2010-08-31,0.6407757015480899,0.06021826226114584,0.5799014768602816,0.47860871420305257,0.0739856527137607
2010-09-01,0.7311000984874296,0.04425771346691732,0.5920677976365,0.4007450436788992,0.027426453502908246
2010-09-02,0.6426590535693356,0.13653902097299267,0.47296304085929713,0.39244017083874616,0.04965785628820041
2010-09-03,0.7541066981627804,-0.23359337342493489,0.48525174032520785,0.36298805337063955,0.01617837357872012
2010-09-07,0.5654440099620704,-0.03196971788039476,0.45930796632353355,0.31930967620750206,0.0709900190412837
2010-09-08,0.6385584318504844,0.026901276829425405,0.45455104349036396,0.3606443197637177,0.06677090444941237
2010-09-09,0.6993011704505627,-0.49619373586024546,0.5204350202887271,0.2630168908943413,0.0777443918151783
2010-09-10,0.6536586846559409,-0.07850067066545854,0.4984099594618766,0.5193677900779194,0.029213532812425037
2010-09-13,0.7723051739350346,-0.08761125375531255,0.5877479937520681,0.46338026835688323,0.03518370716762927
2010-09-14,0.6554498788273668,-0.13304045607174433,0.5199941352379458,0.15895379096730444,0.03425564419491343
2010-09-15,0.7484140731648545,-0.08730737354868731,0.5163461035922001,0.502038156616296,0.09907841844081558
2010-09-16,0.6945846688205211,0.19238725130659903,0.5560082960642556,0.513262170783691,0.006038232298703461
2010-09-17,0.7841630869475494,-0.2835314707324245,0.47167849009004176,0.3222378549207586,0.0008946865485977896
2010-09-20,0.7325290166002884,0.07933355196465466,0.4338052277797999,0.5217115000938142,0.048157453845588595
2010-09-21,0.686985211613192,-0.1778957127023826,0.4531208149719649,0.4818380726221164,0.08920137513783293
2010-09-22,0.823701639164004,-0.10438282779606474,0.5283842624417319,0.40276029073056546,0.031425570421249785
2010-09-23,0.7385567552592764,0.06356562286400548,0.4967852103679322,0.47081031068557977,0.0837367399699645
2010-09-24,0.6772154406813686,-0.023380769655524308,0.4458449668974789,0.2661516448733019,0.06284066217441485
2010-09-27,0.6929027819932986,0.26698892068419994,0.5507852144757713,0.46725822275190143,0.06960070063329689
2010-09-28,0.7350880545732124,-0.07000071733060086,0.5208734331810283,0.3862841940215628,0.08402516930550236
2010-09-29,0.7375301665286189,0.42749112183372895,0.5236325770423247,0.30398925589440706,0.07711326572285113
2010-09-30,0.6027783475172817,0.07425601621307755,0.5116197376415326,0.3566491401503058,0.04828518140142077
2010-10-01,0.6458804973645373,0.01112844664528724,0.4523866597625249,0.5214176065450257,0.005418235626801483
2010-10-04,0.7259127256157377,-0.10416373866881626,0.5130109348642135,0.3943584658035968,0.0887762935545738
2010-10-05,0.6210056273827138,-0.22044127127147173,0.5506534437865036,0.38084727022549175,0.04573174281458341
2010-10-06,0.6625518565912158,0.4629023212947484,0.46746849425363984,0.3695339321664422,0.041008176801053675
2010-10-07,0.6749585994619874,0.39983965308929925,0.44854582398494536,0.36879185728508035,0.007317588847820078
2010-10-08,0.6203484496711363,-0.200145802718597,0.46222765100171315,0.2861198078119985,0.006080030088799349
2010-10-11,0.7115820537785559,-0.29591748707351767,0.47976381926493195,0.537083644681857,0.06909856629220547
2010-10-12,0.6332179039197519,0.2616300677613021,0.5135551085161922,0.30273539604988675,0.09244873660557372
2010-10-13,0.7739115018544565,0.0777596616281477,0.4660581903272122,0.4774788070511191,0.04365101269350266
2010-10-14,0.6771137512950499,0.0508991848572309,0.5053086370816899,0.5177410419442652,0.05876168946670399
2010-10-15,0.6392697642807444,0.1429377132068099,0.5292116060417399,0.4878105378525639,0.03349461321872465
2010-10-18,0.6985846462323944,-0.25169404829605946,0.461102125914568,0.3309998008136532,0.07577361828554376
2010-10-19,0.6655416502980679,-0.2124389925601641,0.4842118431414774,0.3395446759325723,0.0946864925606782
2010-10-20,0.7036391019719787,0.18597452776899603,0.5190768581212182,0.4050003223748659,0.034221863306311676
2010-10-21,0.6472314349206928,-0.1955414049077776,0.4510377850180308,0.2835527257016787,0.010902622078642732
2010-10-22,0.6960421731217257,-0.21625418511047584,0.4882507660384587,0.3803426575775876,0.017575115090897975
2010-10-25,0.6923508065636594,0.17910849488475822,0.5148234182958075,0.5072013871111984,0.009029205040040811
2010-10-26,0.6158872163775752,-0.09583583940170921,0.5185305213377456,0.6042285900207142,0.04965685739439472
2010-10-27,0.6719924338538015,-0.32316413808894123,0.49801820220396215,0.3136491794382795,0.09222145474015991
2010-10-28,0.7362604630062826,0.2371193822530494,0.43207379502919313,0.43529461883324666,0.015363306760919394
2010-10-29,0.6845551854109069,0.13790936178188587,0.5587289482814145,0.2859129868437351,0.08913332803778576
2010-11-01,0.6947563205636322,-0.07944350204141093,0.5414270645525533,0.4814567440352872,0.04419896556537715
2010-11-02,0.7664433488468757,-0.2652338207929204,0.5606043021088468,0.47066711144390305,0.07627893766890305
2010-11-03,0.7479298128422937,0.023925936968920203,0.4468335844638043,0.5155646844750089,0.05502458224405839
2010-11-04,0.6985190697811642,-0.08664144878395735,0.4668781222041945,0.31664116867233505,0.07613970013766563
2010-11-05,0.6950469169807024,-0.07763401687478821,0.5676110245613154,0.5042331296523386,0.032098476042534144
2010-11-08,0.6168834226938738,0.055931690745418365,0.5644169958783758,0.21919802638180802,0.09065796656551471
2010-11-09,0.6508194837765019,-0.20808771117814864,0.5481900319836209,0.5048281866860024,0.0775278998736228
2010-11-10,0.6961307895460116,0.120766544382781,0.553367234360494,0.23497221704142365,0.04837509348140248
2010-11-11,0.764022890252759,0.3783232743273824,0.5352738794764369,0.4709121671265845,0.039315918857011536
2010-11-12,0.7342271861309957,-0.15804444271333573,0.5285477490599308,0.39693908702264724,0.059818747675935535
2010-11-15,0.6087370869028288,0.16240717160371254,0.5510666252502235,0.530841413295072,0.09299696452129533
2010-11-16,0.7179165123411847,-0.30446828251086244,0.5555694584995244,0.29702222858259325,0.0336352747119377
2010-11-17,0.7359895304355834,-0.00966919579924617,0.5212671246149089,0.48507793863085935,0.01954236772350572
2010-11-18,0.6564181451000471,-0.10287486735802925,0.47602615684576977,0.35801294112736337,0.0789913211710026
2010-11-19,0.7219446865925824,-0.3282296152690396,0.469650845685056,0.442382342139092,0.05754710242461383
2010-11-22,0.7355403298160734,-0.049601923467437956,0.4639150316328057,0.4117006135945778,0.024170442721085518
2010-11-23,0.7280220117531877,0.07316449493684882,0.5617832679764841,0.49293806902160087,0.046167330985896426
2010-11-24,0.7032857740987396,0.2217326058540842,0.5024740724399587,0.3372096027415763,0.03705698602226246
2010-11-26,0.640944143675496,-0.1264890786346202,0.5644576297875389,0.44229127882001645,0.08854057685602283
2010-11-29,0.7379481306954033,-0.047716718310740376,0.5001883794914753,0.5053387873689237,0.0949678654435589
2010-11-30,0.6744243786265057,0.17583223978303764,0.4870627664331461,0.34302096201415316,0.011678296728404826
2010-12-01,0.7059874798040119,0.10884065413087265,0.5093374624699679,0.43462540849837183,0.015873884220690616
2010-12-02,0.7278721745060857,-0.07595891714868981,0.6008525604832283,0.3207379009335068,0.0339032029654467
2010-12-03,0.7029695950944645,-0.4048186692626272,0.5113281373092968,0.28848494292687166,0.09032801123474778
2010-12-06,0.6806999248760245,0.3212997251175301,0.47589746672829214,0.4171815092946873,0.008965168362038289
2010-12-07,0.7073552902737789,-0.15942742500128804,0.5991586212339963,0.3764152030858199,0.07707053544842815
2010-12-08,0.6484176209894235,-0.034776900174874927,0.5583759181477786,0.3805151382633771,0.048675097225283494
2010-12-09,0.6371930521950278,-0.08985410303606278,0.6262532615828876,0.6471446203696558,0.003212173254941853
2010-12-10,0.6485447734856763,-0.24785859978729322,0.5556917086541554,0.1745262880100627,0.08745185278299678
2010-12-13,0.6473391409427534,0.3870228337980139,0.49982581616836075,0.2727162832399822,0.09113949636340589
2010-12-14,0.6323801167804814,-0.2142876212658408,0.5456271787050222,0.4250580548718121,0.05058548666200957
2010-12-15,0.6277953426489685,-0.37390553467423754,0.4316036549238917,0.4066556275355993,0.06949942833595664
2010-12-16,0.7737154595732486,-0.0009888644319617295,0.47083994741757834,0.4222020171097007,0.06562689654020017
2010-12-17,0.6719351271243222,0.23815014182506317,0.5324959464082194,0.30804489502538834,0.07423294122588307
2010-12-20,0.6149030565197656,0.1981180129537255,0.5236434316168835,0.3147633998050564,0.07142604569373423
2010-12-21,0.6573904747946596,0.08453200379421569,0.6042057053683543,0.375935073584989,0.01690721150735749
2010-12-22,0.7128054932707969,0.06658019761001334,0.5943996151486973,0.45426818450726647,0.0037059995318613373
2010-12-23,0.7980192846478454,0.05242349229546094,0.5027733292564244,0.5421477546529166,0.04814563728362048
2010-12-27,0.6853294720867649,0.04695686150189628,0.5672483537571731,0.4559676099298799,0.02207009650342724
2010-12-28,0.7170903177296415,0.07191478936906696,0.5613396980245287,0.4706646148454614,0.02344964061502938
2010-12-29,0.7165527896018322,-0.084532709409561,0.4862700954026718,0.24847702798309934,0.008142609546194658
2010-12-30,0.6953522954148079,-0.013479837044850076,0.5872729846110812,0.3320713716095946,0.04428772959345274
2010-12-31,0.6787103673657098,-0.05905781958519374,0.5282419134625063,0.5536762507551043,0.04662298430594528
2011-01-03,0.7256604497866814,-0.00443091648045249,0.5246364587840214,0.5458254664916272,0.006365009588323234
2011-01-04,0.7238353004557287,0.24292939636948474,0.5740455237123474,0.5158893597201522,0.04937342380067131
2011-01-05,0.7838473410916809,-0.356073906404321,0.6078208553406048,0.48491829311991447,0.08392015383809397
2011-01-06,0.6715370208273133,0.08274492693589255,0.4811979137639771,0.3700741225017334,0.009918417763133514
2011-01-07,0.7407020252061329,0.07609011091456944,0.47130315419218977,0.33726982775993014,0.0995049629634075
2011-01-10,0.6691534077101126,-0.04460932821248367,0.55069344451594,0.1846170892682487,0.04943882101080452
2011-01-11,0.7777675143928329,0.035924842124284526,0.4963209532920547,0.4635162780186254,0.005718461492676619
2011-01-12,0.6822002651758059,0.2306726995395535,0.5590049551274281,0.451715119582375,0.036347557777865046
2011-01-13,0.7629654964409978,0.1418698355951254,0.6186623555874796,0.33983220918339674,0.042538845983613696
2011-01-14,0.7345542662566118,0.1670222017099628,0.5678276258873792,0.3808710443193281,0.09626002205101569
2011-01-18,0.8325103546675197,0.2486152534811836,0.5876438299935193,0.49136735109249474,0.07194125036111353
2011-01-19,0.5607299075050791,0.27189936984217516,0.530503713833029,0.3812096740910915,0.026474758990991654
2011-01-20,0.7781656854242682,-0.014227940291613657,0.5655884957741124,0.4479451786190002,0.0725776418827526
2011-01-21,0.6085483256040075,0.38101268196688803,0.5301811323384569,0.2997074327085133,0.02188841961525443
2011-01-24,0.7028193890132686,-0.17322363990724413,0.6567623494752266,0.45391845270237685,0.02010066524256974
2011-01-25,0.6294027167218665,0.2580436577999492,0.5926115982414865,0.463117282330286,0.031063037846462405
2011-01-26,0.7505005158240219,-0.0004194538276504846,0.5503879722510282,0.3525243750590165,0.0757189924466366
2011-01-27,0.6864269182831281,0.09975607379521917,0.6280908244541039,0.21724195569473184,0.056593718945459184
2011-01-28,0.6159472704230812,0.015399746103354886,0.6239862672834003,0.25851850696418877,0.07112280847909826
2011-01-31,0.6810252545438866,0.04227950973632887,0.5548235048493282,0.4003976808999035,0.059459536043350386
2011-02-01,0.7535326436516336,0.28412173444104555,0.5104518072748105,0.3801225294967388,0.08838983994339433
2011-02-02,0.703151289193163,0.18413106929460088,0.5702306539085649,0.46215295390094685,0.03824368671894357
2011-02-03,0.6897028657440043,-0.21723618443216194,0.5480312042549171,0.523601174091146,0.07852318909553957
2011-02-04,0.753389807903059,-0.2655278860765974,0.6572634179658845,0.4719875716467648,0.02686295076828358
2011-02-07,0.7018138065817311,-0.01271039480710905,0.5968203852761594,0.522855871768462,0.0940959543301982
2011-02-08,0.644879854342389,-0.1811678379882857,0.5671795787434651,0.3379282037943214,0.0003379383783660428
2011-02-09,0.6508590574857834,-0.10379926824810182,0.5324501362165286,0.2832507469973359,0.05767692618194503
2011-02-10,0.6845758178698765,-0.0683892556255928,0.630912842274481,0.36043341695707426,0.08287222805762627
2011-02-11,0.5863311651802299,0.13123122653709027,0.5443163368659916,0.37959604816662534,0.07231350746371232
2011-02-14,0.745531849813928,-0.020357547240417766,0.6205329640891992,0.4170065482108988,0.02568540809052418
2011-02-15,0.8301303888849837,-0.029845100167563688,0.6141814921450293,0.582189435452959,0.07406107572288222
2011-02-16,0.637153458799894,-0.16551054815589852,0.6211042604487085,0.3424149990515982,0.0714812556500055
2011-02-17,0.633281172308677,-0.11228384343004186,0.6025213208182644,0.5675401093666663,0.043959230881002315
2011-02-18,0.628997265830768,0.10004332097415235,0.5013705992684667,0.4422051540007487,0.008094259559862848
2011-02-22,0.693586717144534,0.4153218738305003,0.5983099439183305,0.4741431361711661,0.09182197049773362
2011-02-23,0.6526806826492548,-0.17258602496235206,0.6379802775176002,0.4934888110337791,0.041229370257216486
2011-02-24,0.6445598297142658,-0.023777568359906718,0.5352367788505619,0.5481819428656995,0.08709916585616555
2011-02-25,0.6873337574895648,-0.25561988148394893,0.7098263937237884,0.2870401585244978,0.0721456410609843
2011-02-28,0.763283773888541,-0.07126955954133084,0.6579914103900524,0.3303011351458745,0.011314363460564426
2011-03-01,0.7362257505968781,-0.2547873886569569,0.6516240888551937,0.5036133801119547,0.08384069136581547
2011-03-02,0.7001765248419358,0.2913378151487211,0.6621793591979535,0.18310355965162697,0.010276220055471665
2011-03-03,0.6803408140017944,-0.012962183041189677,0.5333959543595519,0.496409315290077,0.028971150915777334
2011-03-04,0.6521783785512263,-0.18640631857691245,0.600447431549034,0.4582750812924165,0.07867748374350214
2011-03-07,0.7031207283853863,-0.30837592601589664,0.5329543409552363,0.21064898221010597,0.09816027306132787
2011-03-08,0.6831560413681337,-0.195120074727551,0.615662581003996,0.2713132829073141,0.09827083545071352
2011-03-09,0.7824316004892325,0.2067804536434312,0.588503455779731,0.5371794672206969,0.03658137024652164
2011-03-10,0.6617380105796674,-0.2815942708532907,0.572453437337564,0.42127265400459957,0.036919479840664286
2011-03-11,0.6890010421433561,0.15334380532573358,0.5739092396601828,0.3377578219458335,0.029890471887731487
2011-03-14,0.6783086200434629,-0.10563165805314807,0.6207070595908505,0.24429577538923342,0.09162408809180102
2011-03-15,0.7504738569443357,0.20828804931497635,0.60555647911244,0.44714326764047735,0.029465050546979423
2011-03-16,0.7359618211507778,0.09236320661805997,0.5999711569070375,0.2535956478900695,0.03205091466435326
2011-03-17,0.7452956517835178,-0.40435543150629355,0.5578889911528052,0.4164911017255445,0.03337542968968946
2011-03-18,0.7141927170479065,0.04869060575516699,0.5096957785526334,0.42908154596325,0.023813777272179495
2011-03-21,0.6747426516447019,-0.05639861571335353,0.596250854973352,0.4500585792156536,0.016386282272185027
2011-03-22,0.6989415844893324,0.18876578484131828,0.5177734717645678,0.509496442537468,0.04008840644286672
2011-03-23,0.7390539500851105,0.31171173742609576,0.6070681412906204,0.30868907173645543,0.0708431141692778
2011-03-24,0.7053434208001339,-0.24758520738420275,0.5419163961554969,0.43894312015087544,0.03869666951322503
2011-03-25,0.7619673954548816,0.14239146647481601,0.6429899967236995,0.5032284539906257,0.026629568837163876
2011-03-28,0.6733281670062313,0.23181045937820288,0.5385487263788219,0.37412715504061095,0.09503546075378191
2011-03-29,0.6572899217761075,-0.31702559221672116,0.5563033030138256,0.3334968531108233,0.03993343649184932
2011-03-30,0.7706883301095139,0.22392832320886488,0.5600569021800175,0.4033783347606985,0.04403185563015968
2011-03-31,0.7299708015282728,0.09867639881550122,0.6335046586471876,0.4123454393490913,0.09409410119386552
2011-04-01,0.6676292451924515,0.24385264776322801,0.5565254442355011,0.14339983533482303,0.02398758796770231
2011-04-04,0.7854682936692262,0.04064989413370382,0.5627849867383737,0.6396769305743509,0.07891347123951362
2011-04-05,0.6889934599062781,0.20302168917804467,0.6578016712864373,0.40959878882590744,0.08959362114714407
2011-04-06,0.6580432590385638,0.07328204534700304,0.5867947564306573,0.5147197228390402,0.03616867037212908
2011-04-07,0.6334135658826392,-0.3612657435206555,0.6454230125033785,0.13523656349662216,0.05230729475847769
2011-04-08,0.6686819850703781,-0.17672779563717558,0.6292180269559329,0.4325107511254968,0.023948223598636322
2011-04-11,0.6364292806208489,0.06232022100611933,0.6527846551648453,0.32809226370892697,0.05763310109559645
2011-04-12,0.6836789129363584,-0.13285201555978238,0.5559551483729207,0.39607282910168723,0.0047729219996607624
2011-04-13,0.7575435700349498,0.27077584002946425,0.5556334175831854,0.488101440951223,0.08962160196380442
2011-04-14,0.7356541341943077,-0.216902262718022,0.6534061528825965,0.20864618426918924,0.053098414559316555
2011-04-15,0.6508638872730319,0.22863255125365223,0.6659872554517413,0.5544515547757577,0.04296871647070836
2011-04-18,0.7515548916920496,-0.058234785009694305,0.5568840597719885,0.5762423587683178,0.041642819377251866
2011-04-19,0.7509686371466762,0.21401520202137064,0.5670017704282226,0.3335086433467177,0.00902970950512041
2011-04-20,0.7497557642715308,-0.23552182727897947,0.5910004236120334,0.5618774354179515,0.06530528425055124
2011-04-21,0.6676615474139089,0.19071860112975833,0.6340446088165723,0.5172634311839149,0.027588538935324692
2011-04-25,0.719334898557425,0.19160327716476577,0.6361532997791587,0.2687323093923525,0.02275879704376581
2011-04-26,0.6976338075671001,0.03928675400312141,0.6307459099651485,0.3084768310922304,0.06663155355439312
2011-04-27,0.7555465675710517,-0.0842640616081094,0.5953601109464347,0.42991511144772476,0.0031825678494450172
2011-04-28,0.7144743691175017,0.12920644050517838,0.5997252675543784,0.3968591588579772,0.03922573993978279
2011-04-29,0.7351637333031843,0.011456571844864738,0.6685677179755946,0.3510567113245154,0.06106327916331829
2011-05-02,0.7618990025485302,-0.08218313644922837,0.6273238656447035,0.5290801311553471,0.06588209779782166
2011-05-03,0.6804597821411994,0.1964806392520253,0.5500945681242825,0.44207454420793635,0.09982158630127017
2011-05-04,0.7555600663544036,0.1288322933296962,0.5386816477355583,0.36278946927833233,0.0802645013903946
2011-05-05,0.7513109214864665,0.0016733297199040239,0.5610154150244127,0.41178742342086466,0.013585542577915555
2011-05-06,0.8067380759823876,0.12248950489583779,0.5976325282858953,0.2706995464072379,0.06063360086672218
2011-05-09,0.7273743646805453,0.17412935416801004,0.5668599838667328,0.35265546817565885,0.04379434578928883
2011-05-10,0.7398297511671729,-0.2924454453065417,0.6275719674711618,0.5160452754443823,0.05847160872115701
2011-05-11,0.613581999201863,0.27330686159318135,0.5945005959240917,0.5831186321308355,0.09207755011863393
2011-05-12,0.7778798110000271,0.1268961516688018,0.6116555263884395,0.5689358607420026,0.04942231805445462
2011-05-13,0.7584734851104459,-0.17169265430565897,0.6303014159977908,0.4633106258249462,0.08166287615587231
2011-05-16,0.6990111953047156,-0.3363552111406652,0.5180677147631672,0.30574523586927643,0.022131617631484714
2011-05-17,0.6781448727682545,-0.40293292374834666,0.5202461353742349,0.3502407003639645,0.021524165997863744
2011-05-18,0.6626792699674461,-0.3065142610975859,0.6842634809457036,0.2440933600228471,0.01362753716688947
2011-05-19,0.8022821677696234,-0.0037809981047880986,0.709398113844879,0.4975239275348736,0.07241475707219867
2011-05-20,0.7004404665481809,-0.19561766536368697,0.5703967594709881,0.5645129535025616,0.021205422313183876
2011-05-23,0.6337253456104905,0.12865597808800075,0.5535814969046594,0.5524448094870361,0.03327193824667524
2011-05-24,0.664395682590782,-0.03531951373330366,0.4578197814409345,0.5691114533487216,0.06460603752217374
2011-05-25,0.7487324634306574,0.008283039156428229,0.6408819098369432,0.3851575737047387,0.0699315872951133
2011-05-26,0.701169880805074,0.06001120643472563,0.5712371115260673,0.29294079726220745,0.0039682920454760075
2011-05-27,0.6863824837073108,-0.08574202916602817,0.640612269259729,0.39801476664939456,0.018369512688302427
2011-05-31,0.6947352446336426,-0.3251205914866884,0.5562701260339323,0.37266250061441697,0.01942451561230566
2011-06-01,0.6175294403415719,-0.22565348247344882,0.578065200503064,0.43455856535646376,0.09203352146533679
2011-06-02,0.6865563103553439,0.03105583008983344,0.5445412144283621,0.4886675269694185,0.06470518917706779
2011-06-03,0.6441717775419596,0.11329202567248231,0.5564621952186223,0.49923182607169336,0.06878003087533237
2011-06-06,0.6591481058693781,0.2102292188175502,0.575601926205973,0.3631082152480743,0.005048403659176815
2011-06-07,0.6888219681199083,0.138219156823306,0.4667649177508495,0.5188711631023841,0.03233649775917585
2011-06-08,0.6687415664592634,0.03206176097577303,0.5771698121059424,0.3751119332658549,0.052653459399486374
2011-06-09,0.7123734946804192,0.2057267697971713,0.6161068207612669,0.5859900516717678,0.06217216183601107
2011-06-10,0.7338947956854426,0.007764895883428727,0.5510020689786524,0.2840425891193868,0.08567089273983669
2011-06-13,0.6945328143841677,-0.4126369845174518,0.5201215050052669,0.27454881005953924,0.07224142589386699
2011-06-14,0.7319617242810088,-0.22138538370617578,0.5389801740647271,0.24701415027927195,0.023184469692782886
2011-06-15,0.6376441440384149,0.3084348786227298,0.5780559514888417,0.3768255558414886,0.026913747117226796
2011-06-16,0.6489028748368442,-0.04839504357058941,0.5918065237832253,0.33276685206101214,0.04850079585206277
2011-06-17,0.6889318083828225,0.00556531548618033,0.5561360313015636,0.26162691024118534,0.02560133352163049
2011-06-20,0.6436549345295812,-0.016079185789158058,0.47212518940196335,0.2552922205591229,0.08458800483051046
2011-06-21,0.7635848910035671,-0.001271376494232394,0.5636130901004253,0.4151013594705194,0.0036425159876312674
2011-06-22,0.7552617576600372,0.05493417052453144,0.5535494233271848,0.5299322990203357,0.09901836198624397
2011-06-23,0.7008644518541104,0.07823398004321565,0.5317942914670661,0.38980488596905083,0.06367529367816109
2011-06-24,0.7710030272176113,-0.0036999876108495897,0.5625582625990906,0.3512358814867529,0.009143645198638473
2011-06-27,0.7943217882269852,-0.13150327426695102,0.5339947776128807,0.4449425124529192,0.05995218266218029
2011-06-28,0.7193047946788742,-0.009816863123780311,0.6616993685381003,0.3282095559955053,0.053024072058417464
2011-06-29,0.6370662412920086,-0.4262081287138164,0.6049272154504929,0.3115359855748246,0.04273137109304318
2011-06-30,0.7436378137201602,-0.0013402585932306597,0.5828325582975428,0.5701228667735931,0.04236694472157609
2011-07-01,0.7196511351625846,0.2058263796101485,0.5828122296180933,0.22396438142353495,0.09405242220773063
2011-07-05,0.617014235857359,0.22773558008516037,0.5488226634678761,0.3692707445653385,0.04629364673096708
2011-07-06,0.6839067425232785,0.02877469859269853,0.607850203735289,0.3455310706547769,0.06529659876343166
2011-07-07,0.7478765480791718,0.03497335046408367,0.476597861224389,0.4038746726384497,0.0339851056034352
2011-07-08,0.7079827841886368,-0.12666088676268913,0.5427816522379889,0.4984257442476044,0.03124873553203075
2011-07-11,0.7338139226712118,-0.07871130481538549,0.6235312537075787,0.5336691980489233,0.09343132538064725
2011-07-12,0.6723493275618599,-0.16146165570744123,0.5429671511455186,0.13081923538679752,0.09626956731104142
2011-07-13,0.7005147286797035,0.14476754194839056,0.4815689070525364,0.5322924170570624,0.057723809127626896
2011-07-14,0.7238036179408104,0.14148819023122866,0.5801952662134595,0.40360757336891584,0.06897879468444638
2011-07-15,0.7543370494905461,0.05229500230786202,0.5157040762776136,0.3443996614352104,0.09560267404472227
2011-07-18,0.7737400673424127,-0.1535295848244884,0.5028262998542571,0.3173845045076793,0.05968496526897182
2011-07-19,0.8335014732774948,0.24869453679470477,0.5693050833672921,0.41238567897374706,0.08689443752930034
2011-07-20,0.77273470247521,-0.19667804440660863,0.4789461019427523,0.2932610435210471,0.09658351212549704
2011-07-21,0.7218400334142844,-0.0342805236784541,0.6085084322227385,0.3993425708654506,0.029132348324830328
2011-07-22,0.7451944104374972,0.04187515669548173,0.5809916617086033,0.31911134996439317,0.009991310988932613
2011-07-25,0.6888685271145735,-0.1461403619533402,0.5837000916988074,0.3027548243860957,0.09462212638095928
2011-07-26,0.704745476346335,0.4138193913388548,0.49365578136094185,0.3755036671201243,0.04266624129132526
2011-07-27,0.7405184463208195,0.2260573399405491,0.4645765707296255,0.34830747877861623,0.06635686266641308
2011-07-28,0.6958027636275563,0.22261382774915095,0.4994841509705176,0.41309648292048384,0.02758982857918022
2011-07-29,0.6865442838786378,0.058431565095344966,0.5855800118095309,0.4280078357887604,0.08760998888412752
2011-08-01,0.8112381149341448,0.1774026131174575,0.4850670449732729,0.36007535298340865,0.08380666584619965
2011-08-02,0.6194556332363961,-0.08389601316012396,0.5728167031847443,0.20554363661625547,0.03512025147781861
2011-08-03,0.6719552823744328,-0.081901835946674,0.4267937538849654,0.48236913052169983,0.07616573433549093
2011-08-04,0.6794340812823498,0.17808404434363623,0.5602363673052312,0.39339190959016546,0.037760915805868545
2011-08-05,0.7022532239504007,0.021589258129337652,0.4841037783581381,0.49563860627940703,0.0803050306134256
2011-08-08,0.73446574465262,-0.17590298664982845,0.5320575763458107,0.4115527572920016,0.08754216513669856
2011-08-09,0.7088878534804237,-0.39337789104138166,0.44494657759429995,0.230396541937832,0.08287394035162618
2011-08-10,0.654084527616222,-0.2745391490147597,0.5124602868666986,0.5058310203727524,0.05546961761083109
2011-08-11,0.6352548513141095,-0.0660359462154425,0.5122036352323038,0.5273276021281419,0.08774463625910894
2011-08-12,0.6463489530957311,-0.09317080189518483,0.44917563522456716,0.3292872483062291,0.08599902979058077
2011-08-15,0.6751416602918013,-0.2184327274929069,0.586662864162845,0.4372246105750316,0.02795591584735061
2011-08-16,0.6890016607030025,-0.44772456835427343,0.5109478888373122,0.20257418783285097,0.07774608831059646
2011-08-17,0.7121345921973746,-0.07671570267915313,0.5922585283218182,0.1518807196221333,0.055317896811169366
2011-08-18,0.6684497105647766,0.06100827319330879,0.5717576060470451,0.3549771218116598,0.0888514491201754
2011-08-19,0.7005501064097881,-0.571543280075195,0.5862184684416192,0.4468184078983203,0.052514273640404174
2011-08-22,0.7541693095943058,-0.03931758206920204,0.6018321045231376,0.28289067112270294,0.04151600252808555
2011-08-23,0.708333978416151,-0.30375779173954065,0.5203529443405124,0.3466359162824254,0.09110434079058799
2011-08-24,0.8346307373173295,0.011877472974430215,0.5674026823098519,0.39486913466567514,0.004928985312538359
2011-08-25,0.6248851584532928,-0.2174084757628592,0.5332887274252017,0.3405832368622034,0.05294193199719788
2011-08-26,0.7340750732812837,-0.08104819969692563,0.45242087176365015,0.49823271515836925,0.027151330031619982
2011-08-29,0.7488850809039896,-0.03761040805561508,0.44885524586070313,0.5860371673726864,0.005368947808499358
2011-08-30,0.694774124448563,-0.14583593476374243,0.52716750481183,0.41322350925113516,0.05983060528224168
2011-08-31,0.6391475998072744,0.2687974319149371,0.5082491037153011,0.28308749759026364,0.013770280856351525
2011-09-01,0.6756090819013572,-0.14548232495991434,0.5453623290757322,0.3067615930888449,0.03198462574763953
2011-09-02,0.7356791326056005,-0.17614952365844952,0.4823058539991881,0.3181862500657636,0.03654275368924638
2011-09-06,0.7419703468783088,0.24795623745613807,0.540139550919679,0.4633927578357059,0.0008063801749383704
2011-09-07,0.6591633438654384,-0.09513711837975933,0.5030448400607826,0.3821181609825525,0.06528587135354753
2011-09-08,0.7341243010048722,0.35487085283007747,0.39910156253100865,0.5243137750273802,0.05738910787060747
2011-09-09,0.6823022130824746,0.1970638414770465,0.4612191691116418,0.38477301551697923,0.04487965227789784
2011-09-12,0.7188904469623281,0.029537946030018355,0.39406838048299797,0.48586835162871284,0.03171692698038633
2011-09-13,0.7371290342829967,0.083075801892085,0.5300956538877387,0.4556026438518348,0.013147795599499412
2011-09-14,0.772076444632747,0.30886765711536013,0.6033346010870306,0.3572603061974674,0.06318313490959392
2011-09-15,0.6974495132607619,0.025234516308204454,0.3739318157122101,0.2943483738400435,0.004229049067143398
2011-09-16,0.6827969285300621,0.16597412500011918,0.502296674304031,0.5167738906309409,0.0918829377474257
2011-09-19,0.6993552528050846,-0.1702958297644431,0.5147415500183415,0.4644579952030737,0.05403219570596988
2011-09-20,0.6573767840867503,-0.058576289697553734,0.5358757346162123,0.5905942864430603,0.039450095900737704
2011-09-21,0.8043458541806884,0.10098816666314814,0.49166745949789853,0.4671800218668872,0.058959866258827646
2011-09-22,0.7604071309140786,0.28269760057945154,0.5484436649996594,0.45560899835422053,0.007956514617735345
2011-09-23,0.7458330621540524,0.18136041981939466,0.5130304316440185,0.5461115523163835,0.026643422639466487
2011-09-26,0.6410090563032805,0.14209087871064072,0.49446813252561267,0.4351500985418697,0.02796721533366786
2011-09-27,0.776551828024656,-0.08674429082611268,0.5821111863671895,0.2913980374369184,0.020746922601227805
2011-09-28,0.6894591730060311,0.14548903290493,0.5446282939939215,0.4352678108144975,0.024080906016388196
2011-09-29,0.7499617561128689,0.10479218293253462,0.562150324318752,0.48048076188055333,0.09165504794526393
2011-09-30,0.6870319571696787,-0.29538003123319206,0.4714346130073934,0.7190454856145656,0.015367049037901537
2011-10-03,0.7160586488430176,0.14184032116506537,0.49902168307074124,0.21354805270431265,0.027069299799265825
2011-10-04,0.6653114350231252,-0.1913997390162298,0.523197985735962,0.29788951849211615,0.008087127014881191
2011-10-05,0.6972303009001277,-0.48776726189218095,0.5082174285411495,0.4490940081543593,0.017213852901240247
2011-10-06,0.6980748860597861,-0.035295623574738824,0.5777573541802327,0.455237551630151,0.046009463047502364
2011-10-07,0.750491985415007,0.1398043843277545,0.5261824837225049,0.29652145459491175,0.008795593619718501
2011-10-10,0.6562548378673283,-0.2460745740873046,0.5088906103266403,0.6055939629604405,0.04259761715255705
2011-10-11,0.7196343497358536,-0.011008582069757829,0.4573556604318557,0.4225677598623499,0.04438371441893068
2011-10-12,0.6987070696806954,0.1176839503638276,0.39766300948595146,0.44324309688101493,0.08770199472250709
2011-10-13,0.6767396471985238,0.04994531157016028,0.5352268137137863,0.5041307014542765,0.09319650687304529
2011-10-14,0.7491897688489189,0.1538197750032313,0.5609854438390319,0.40104688066135347,0.024173152507351848
2011-10-17,0.6725263793296989,-0.04326504223533116,0.4921115508742212,0.473731067881947,0.06148417984087195
2011-10-18,0.6722061037413196,0.42205024319371803,0.45536497212008437,0.4234948310269116,0.09004340973591098
2011-10-19,0.7375883480233383,-0.036601070162231006,0.4652980452686502,0.44612677534024714,0.0248064808786968
2011-10-20,0.742631904946349,0.06607004038939769,0.5134305537717214,0.33317059884729616,0.03970322776769705
2011-10-21,0.7387969568792473,-0.27729847848990874,0.5345182143281767,0.39884632583801416,0.02415315685674102
2011-10-24,0.73487206263113,-0.014070931349201938,0.5901683642851545,0.42516934261966044,0.019114001227826628
2011-10-25,0.6585444092127126,0.08549856602418848,0.4528128390776601,0.2976711499572975,0.004977134814796969
2011-10-26,0.7378383243701776,-0.27256820850436614,0.5882123738344567,0.2974697293622164,0.036650561661631685
2011-10-27,0.6807982852161761,0.05857871737228268,0.4686211857387681,0.494208526924828,0.007266877463348809
2011-10-28,0.6178553838841702,0.023720943267215536,0.5612944081872678,0.2725644092765923,0.050861913435813234
2011-10-31,0.5209872372645704,0.05409459399973531,0.5558414201267683,0.5030218773203049,0.04123124072536038
2011-11-01,0.7446983157116671,-0.22451082349917,0.5043955102804776,0.36105325487294115,0.02342643235485349
2011-11-02,0.7129500586345616,-0.024218431805507958,0.4941537870072763,0.44801329847356147,0.07670146944149213
2011-11-03,0.7514657822007167,0.20512294089991948,0.5294339393722812,0.3122721451342163,0.07864883973188613
2011-11-04,0.7458987168798964,-0.16159609201243993,0.35637312790822373,0.39454140323488357,0.06940898697421956
2011-11-07,0.6840363645378308,0.052525364367357136,0.5517734243434809,0.3614875804224409,0.0762064174052356
2011-11-08,0.7373863243564354,-0.12171909685770468,0.5387683350542402,0.47394678391428774,0.020568459427213737
2011-11-09,0.6950553200292369,0.32857893837742846,0.4637571810020359,0.40745787504776615,0.019417997931026377
2011-11-10,0.6710791641721986,0.12380055607038874,0.5629578124086536,0.424704926014098,0.07401958431664644
2011-11-11,0.6929980599963919,0.01560615352998098,0.565391786832914,0.5581003321975618,0.06049917502811006
2011-11-14,0.70573964090297,-0.011328284356652266,0.44493277640333617,0.41304100748930417,0.050899596662040185
2011-11-15,0.7381439615196712,-0.007580881570957882,0.50480214415429,0.4716735282544928,0.023597567324873114
2011-11-16,0.7332532651915006,-0.032603115669287114,0.5537264932005996,0.35126421631218774,0.0377771200129404
2011-11-17,0.8160409937264426,-0.22381796240967455,0.46827223464911993,0.5111033491963947,0.030872005971758123
2011-11-18,0.7719888616260406,-0.3082475334808361,0.5974867831218218,0.3476617138256055,0.09631185399870534
2011-11-21,0.7808980702252426,0.029848929615153192,0.5251806494050719,0.40616268225102287,0.038142588901592334
2011-11-22,0.7660089570818384,-0.024373961543787084,0.5226325618896946,0.6119111990074257,0.08390286902594628
2011-11-23,0.7256422215904864,-0.22544451859377432,0.5312361665268126,0.48839762685472515,0.0894390779656195
2011-11-25,0.6484114180298479,-0.12838087103671877,0.5868546475500697,0.4634309745499533,0.08639906234157188
2011-11-28,0.7256418067332836,-0.25464757496550405,0.48051321048588264,0.4767113114293373,0.03801847879820627
2011-11-29,0.7119232833164202,0.07515554727202077,0.5739398491524297,0.4411233233343115,0.09036387130386017
2011-11-30,0.6763054520532581,0.057550515203684,0.4781917721004194,0.2969145275046206,0.0655571234424052
2011-12-01,0.680575041952834,-0.09534206785523068,0.564907614135291,0.2935922693472709,0.007715705444366983
2011-12-02,0.7221041337487588,0.011428128993852437,0.5069994619866284,0.368449781206882,0.018992512375995797
2011-12-05,0.7096527519015094,0.04521820753298215,0.43984432904224546,0.43967544397803526,0.008578752330698236
2011-12-06,0.8031596520922424,-0.19617886180626665,0.6266275040041149,0.43655122480495995,0.040384059547491136
2011-12-07,0.7015607004029771,-0.034459602539007476,0.45659136680091666,0.4124189454134681,0.01355962849691924
2011-12-08,0.7632645202647084,0.29667020334840694,0.5758698531207841,0.340571592839288,0.01739964402954035
2011-12-09,0.6975489788238869,0.16777146017226513,0.4626622980149352,0.3991257936694217,0.001319391339241105
2011-12-12,0.6602741181319329,0.3487522873078968,0.5229427071896128,0.3953763100726988,0.08458785115851786
2011-12-13,0.6857282080560643,0.15069158905575275,0.52259790526585,0.36769685738932295,0.03765515753050863
2011-12-14,0.6691562391300678,-0.0983360567874907,0.5544221314277809,0.12459887085685434,0.07732724340072011
2011-12-15,0.7399992260278286,0.1443968277354343,0.5747501046087244,0.27898749813084106,0.09561814223079934
2011-12-16,0.6744195312348351,0.14436874035251154,0.4469176744638016,0.3286847551755807,0.024325672698029512
2011-12-19,0.6629168734322867,0.30526835189185453,0.4945973398471337,0.3026051089922819,0.01691750847438811
2011-12-20,0.6666591183613263,0.12414597569267452,0.6627091526687511,0.3333891741716979,0.015011924594620196
2011-12-21,0.7172652884987544,0.002740927999833872,0.545197770578895,0.17866093752382556,0.028741916796742373
2011-12-22,0.7628459333359088,0.038583654965506205,0.47044453450054985,0.4328304514245048,0.0058514141880197995
2011-12-23,0.7252289428867701,0.06123106100545809,0.5324043975861225,0.5287002782478198,0.027608794820624474
2011-12-27,0.7035555480175647,0.0665164505056454,0.5738967109432084,0.40163423508182916,0.021333736113589075
2011-12-28,0.6778778029952022,0.041030227874510015,0.4702268661536141,0.3666493781288306,0.08516802291344698
2011-12-29,0.7783635867068553,0.22391924330587276,0.5544376734174582,0.31843212294858747,0.027752895808032287
2011-12-30,0.6522503961920634,-0.08496910165012078,0.456766439173122,0.43594359122550613,0.041661179519697444
2012-01-03,0.655285456179152,-0.1585955140189243,0.46827739174334737,0.489056658284424,0.03316118791062347
2012-01-04,0.68137340476335,0.31378709856824316,0.5321685568920755,0.4079032701371656,0.09263077551937848
2012-01-05,0.724259807226945,-0.04909723930812494,0.6254167971776318,0.3539353767335603,0.023589862126443286
2012-01-06,0.7723907727969546,0.269768715344394,0.5011690189388934,0.35386215180282543,0.04832198395397394
2012-01-09,0.7173938165440344,-0.41875040366825833,0.5177855044737505,0.5295175334764338,0.03843158076931204
2012-01-10,0.6967670930144155,-0.13286024722413065,0.535214633225472,0.3331824975301796,0.0758974361914452
2012-01-11,0.6928891756952,0.022375827300433283,0.5718097653179943,0.47578955817692126,0.009306683055350984
2012-01-12,0.7004964150542157,-0.13510524376660366,0.48192658670447147,0.45149206619078436,0.05507200532547653
2012-01-13,0.702745231600942,-0.22215995404346578,0.5923838027911021,0.49078629256003653,0.06779893131422658
2012-01-17,0.670942967568256,-0.08497163500235172,0.5732915253998656,0.41070182529422805,0.014858254917693915
2012-01-18,0.7587230251813211,-0.057843286459540844,0.6344108589397697,0.48043662994859593,0.02024858964722739
2012-01-19,0.71450754245738,-0.03007714405689718,0.4609572919810528,0.43182134934305005,0.022461394228865075
2012-01-20,0.7152561065835836,-0.12145432626942941,0.5590164223395893,0.41501506199975347,0.019081453339882384
2012-01-23,0.773638546910105,0.26221685986488247,0.5035953232933562,0.506894849250081,0.015564860709196972
2012-01-24,0.6832203919965688,0.17811200601139338,0.5451317576960845,0.4507441420178412,0.0513127673765944
2012-01-25,0.6810459214552238,-0.10441702623868948,0.5416151631410903,0.4094358289758995,0.07683244070390952
2012-01-26,0.6844733043363035,-0.25255309047355284,0.493422665929706,0.5037516948551999,0.08582897844136178
2012-01-27,0.7582769111420484,-0.1186174696106419,0.6074838751158348,0.40404675530201595,0.04814526504673941
2012-01-30,0.674017115006528,-0.1813536854434869,0.6392709284495236,0.13587808613753216,0.05015521730071712
2012-01-31,0.711732119079818,-0.22152338441416541,0.6149406490608873,0.3748882586422355,0.06284379791606129
2012-02-01,0.6523488048028946,0.12207100415768331,0.5213362689737835,0.4312656697024444,0.008640375683557444
2012-02-02,0.7151145965987373,-0.0021998557700621275,0.5611253170158593,0.3835089287250599,0.05899536110439965
2012-02-03,0.7839290313332813,-0.17825855854326259,0.5967580169107713,0.22112952717708778,0.07233521193660786
2012-02-06,0.6801643592867654,-0.09582517698475007,0.6459346401955185,0.29911683832289004,0.028336087835036494
2012-02-07,0.6650549085832402,0.21514826011794594,0.535187981169768,0.3254141970395106,0.08581524907823301
2012-02-08,0.7674619490199318,-0.04240153830865992,0.5479003414341466,0.4968522969578536,0.00869818306320751
2012-02-09,0.7980770566286705,-0.009640354186255917,0.5532811099764711,0.3235006664962556,0.0437295693766837
2012-02-10,0.6656955447065482,-0.2319629611109829,0.5511300703384076,0.4172686541578703,0.09890529437164386
2012-02-13,0.7446041512364958,0.06537321690788844,0.6003613833674291,0.5453678402479265,0.04233546426241128
2012-02-14,0.7304763108063108,-0.03555710012297211,0.5315037208126397,0.2528116865196468,0.08123549584617022
2012-02-15,0.7071107738014265,0.017515141728597042,0.5543355650917714,0.24848037139642631,0.021805153902183173
2012-02-16,0.7291198280560215,0.49148056746264523,0.713972947933153,0.4027057222636364,0.013837071781493116
2012-02-17,0.6967210304945932,-0.008931357874902514,0.5710929440808151,0.6233498768539278,0.014986923098831852
2012-02-21,0.6499227356901589,-0.33279815337631413,0.432116486248096,0.3699545856302795,0.020998267631500978
2012-02-22,0.7965229441373586,-0.11808058356448631,0.5402266135269427,0.41199740222254266,0.09121122868876551
2012-02-23,0.7587547788332446,-0.09672196541665015,0.4847699456676553,0.4080685704077731,0.008505966476227112
2012-02-24,0.6605820065439291,0.03252990658414395,0.6362816945368771,0.4440543841779242,0.04472819467434646
2012-02-27,0.6919688370885998,-0.171258417825961,0.5666253848564582,0.42106150965809586,0.05062580984450269
2012-02-28,0.7253399010597676,-0.33968983905340433,0.5515321286190219,0.4205608845827987,0.02112125609851715
2012-02-29,0.6156274849293255,0.1804726732830375,0.5772639558722504,0.2568285755875155,0.033356072910727966
2012-03-01,0.8063566107305239,0.12817223816778753,0.6068352417704013,0.2904344757740812,0.09131658839744142
2012-03-02,0.6574964102229,-0.015021134891259336,0.529673735862663,0.40531514721641937,0.045309426252920684
2012-03-05,0.6161741680331152,-0.08413721010753365,0.5861605843909382,0.35147968930050916,0.03207139814936213
2012-03-06,0.7298237601270542,-0.13525386153130806,0.5948823635780942,0.30034338795404086,0.0748143829283237
2012-03-07,0.6611147945356606,-0.0635129739733744,0.6406395212822027,0.4272227260490183,0.07601284811655479
2012-03-08,0.7479056380306721,-0.07459853094193152,0.565680925287246,0.38574389973155687,0.005102108080378309
2012-03-09,0.6113994997783689,-0.1624875352311686,0.643579894565975,0.48302042049653204,0.012761917100282738
2012-03-12,0.7096757945046437,0.14953074578893144,0.6612225864534176,0.569527904630375,0.015005664134635178
2012-03-13,0.7162733006902509,-0.09682046388576501,0.6017530476424503,0.30924608513702145,0.08371405599233184
2012-03-14,0.7058737941745309,0.04805860989947308,0.5456400067884235,0.31242236392927875,0.07763297536339735
2012-03-15,0.6686898267887502,-0.16691068298934741,0.7149613667173098,0.5414056993562024,0.0015150602419032877
2012-03-16,0.7578957348042346,0.20782559686880364,0.6051494421605241,0.47547895185738115,0.007976444158010377
2012-03-19,0.7929504933601145,-0.042791216652701546,0.566278780554372,0.4518833402094422,0.05493824605826038
2012-03-20,0.713600346870676,-0.006721459467245389,0.6110782076981415,0.561637315032936,0.07478247887629295
2012-03-21,0.8262714459283496,0.07474572713717431,0.6599796260724319,0.314926192854169,0.02500447912467775
2012-03-22,0.7239210364846984,-0.3811450146428787,0.6222837936028973,0.42392929354920966,0.03683518765004006
2012-03-23,0.788787974727647,0.04194889581813376,0.6389905421827605,0.3456842311922191,0.09957260895381403
2012-03-26,0.6831781467728655,-0.11556475638108586,0.5698291267549676,0.40541370120910625,0.08458022980058187
2012-03-27,0.744542158010269,0.12774409402007944,0.5918414048250219,0.32201373019676727,0.0697507941791247
2012-03-28,0.6977715123110065,0.11281355208857456,0.5999483102937476,0.4938966341525627,0.04922207448002461
2012-03-29,0.7215819630852822,-0.20120666489835368,0.6121675046782417,0.40886771616560996,0.09036115314709431
2012-03-30,0.8228856735951878,0.299115251635877,0.6208796451418718,0.33449241201198215,0.08679188974066826
2012-04-02,0.7585411692354411,0.3908386921456237,0.6022048644740824,0.21734408123190588,0.0767761120284595
2012-04-03,0.7342699325067479,0.12643224699116126,0.5151368285804504,0.3324429745566685,0.03527790434724844
2012-04-04,0.739633710024139,-0.15828360379396667,0.6409350613951843,0.19132412327256307,0.02899371117794628
2012-04-05,0.7619070905113596,-0.11328863884130383,0.6423813746703678,0.5704080656311816,0.043005124762193286
2012-04-09,0.6959119430366723,-0.07430345991636032,0.5964140681560249,0.5144688216637802,0.022322058735176398
2012-04-10,0.6845580237733816,0.09416366566698303,0.692626999553588,0.3273930148017423,0.08043755173751027
2012-04-11,0.695847210859354,0.21587015394127496,0.6451183948279852,0.32996619892895684,0.05548747050346471
2012-04-12,0.7064136922776297,0.03786301420854396,0.6179780709144397,0.2888580655731805,0.08235702023563107
2012-04-13,0.6812191203602345,0.23542628429298645,0.6268150225955871,0.4123947529982275,0.07735940424994513
2012-04-16,0.7615063891879968,-0.06529925864920191,0.6183808077670052,0.45754454925576593,0.02228376530809254
2012-04-17,0.6734504778890387,-0.3414559460223548,0.6309931517901597,0.4268084849969478,0.07453552345287605
2012-04-18,0.6358328523470443,-0.19542307909955656,0.6268557941307418,0.2366783691141855,0.09696131568897677
2012-04-19,0.6636636726583067,0.03654752880120842,0.603246459744433,0.4618226975569872,0.022256138954422824
2012-04-20,0.6854951396014085,0.1777138681076653,0.5746698667971027,0.23806926512307613,0.005480006319820142
2012-04-23,0.739736486193877,0.29382295865478064,0.511857285016549,0.3929599757283301,0.09435911784368785
2012-04-24,0.6581750276024213,0.04718606777676144,0.5230291797325485,0.531217851213074,0.03151582279174236
2012-04-25,0.7207052503384949,-0.05510382646019303,0.4984525518952642,0.4160499998205606,0.09776522966411656
2012-04-26,0.799133061600481,0.18545263875359505,0.5168227485321908,0.5828819376402208,0.059157176985226094
2012-04-27,0.7352468674992301,-0.20180619172956427,0.5055290809825297,0.3382781512163388,0.051189288762797436
2012-04-30,0.6459566859393011,-0.04977378483424259,0.5842012325923472,0.3433192190326124,0.08788519991885671
2012-05-01,0.7607270653498154,-0.3936781628039192,0.5643528976535772,0.30986725542071264,0.09808544788181245
2012-05-02,0.6155984500609251,-0.15782355883508817,0.6119460670061708,0.4057817801535885,0.09427503788694108
2012-05-03,0.6812854464096024,-0.2727554988741985,0.4970368459986525,0.4538139445187849,0.0958155356414167
2012-05-04,0.7069426581206386,0.09571369792564595,0.6555731179612388,0.4123202415939823,0.019178817200458876
2012-05-07,0.7034177801154647,-0.10123199635584251,0.5584926852334671,0.4264844485691172,0.03005873814762282
2012-05-08,0.6999575737390381,-0.0011360700147677958,0.5586858759483736,0.35720859373068475,0.07484759720142369
2012-05-09,0.7206252819411906,-0.20859442071336098,0.6538590299360902,0.41276457852739534,0.09097267832905422
2012-05-10,0.6374533285887057,-0.11280491523603652,0.5235572680424713,0.4113309452008532,0.09938214490042159
2012-05-11,0.6875072115763646,0.10942393336863053,0.5635021505224024,0.2083853160352246,0.042233409107530775
2012-05-14,0.7046260509875358,0.054419897592349435,0.6204507757347503,0.20638027000091655,0.06809131643935347
2012-05-15,0.7400090987488096,0.09042698913154035,0.5016377144551684,0.4825863841597743,0.07088302053827204
2012-05-16,0.736631326645268,-0.2391836227476,0.6013172587227307,0.3836279275646925,0.08442972127579916
2012-05-17,0.6828055145461598,-0.4171675744307625,0.5616647477317177,0.42700263593123494,0.010065062057475661
2012-05-18,0.71404414596999,-0.0664292828196719,0.49529373636409313,0.4007596478137861,0.024262918678958613
2012-05-21,0.771264147299133,-0.26821459194362646,0.5277662140078627,0.3885150663573896,0.012166495677426538
2012-05-22,0.6949165570004491,0.2857395526377925,0.6884402490443935,0.5573775116697556,0.03293069936065847
2012-05-23,0.6844814677157542,-0.04437380777038179,0.6016220731278631,0.5047796663063984,0.03761556226499524
2012-05-24,0.6726958802575322,0.025273275006157715,0.5866804293617766,0.483206986950184,0.05626204007094158
2012-05-25,0.6697418474306757,0.4555798003108329,0.6604922046994292,0.4807501963058639,0.01209152786166644
2012-05-29,0.7362155667084029,-0.07215062370413385,0.6673725862396743,0.464024879338279,0.03888804184832245
2012-05-30,0.6883646025448725,-0.19532616887769574,0.571834649048455,0.4003769230338053,0.011848441533503819
2012-05-31,0.5915539706727908,0.319575538597441,0.5699722024058769,0.1761457445235259,0.05643777687192317
2012-06-01,0.7646290020265826,0.1627019956373716,0.5161100406415653,0.30114781000307755,0.06819100256684066
2012-06-04,0.7443276359033046,-0.23108330275011282,0.6045305128630059,0.3245558942237211,0.0811256967186132
2012-06-05,0.6622272541128813,-0.18890786949397723,0.5605882102268281,0.6034019096358789,0.0846336021474225
2012-06-06,0.6667564869741971,0.13100667225697524,0.579601112113202,0.448996417480682,0.08317509288497896
2012-06-07,0.7128248095040903,0.10504275074045442,0.5758933583382996,0.3008923592392779,0.034619753153038536
2012-06-08,0.6766422989078393,-0.161911706771498,0.6505893487277123,0.3745159568330127,0.06022222306293014
2012-06-11,0.7177401915289884,0.27894695618702187,0.571099250326462,0.3615065568909124,0.03853141595067734
2012-06-12,0.7927830563060335,0.03436178341030656,0.4888133365614451,0.21551509835151642,0.0910838763660171
2012-06-13,0.6558888800229038,-0.15932692653208091,0.541101363709449,0.3870428796545912,0.03106264897933361
2012-06-14,0.6776198755260593,0.14648633672526398,0.5967539641601641,0.17294632721317146,0.05725974955507623
2012-06-15,0.6874214193109794,-0.22982778062902579,0.5556107621095504,0.44211324713636735,0.07762118572463372
2012-06-18,0.7662773389976568,-0.09285623731828246,0.5570154939541841,0.47012620717010567,0.06896980929197714
2012-06-19,0.7222893180080306,-0.052824159010815996,0.5319686688042699,0.3237188856250193,0.0443118679827634
2012-06-20,0.6446638812974638,-0.10351164486082752,0.636473852475346,0.4329677194351474,0.09270719924004978
2012-06-21,0.6879409413688882,0.13085448500434257,0.5265504906484009,0.49922180054216775,0.050195733753895314
2012-06-22,0.7371661816794585,0.15631138779146814,0.49524221112951716,0.29556725997174327,0.017512418285637512
2012-06-25,0.6712543481246811,0.24941383650786408,0.6344811175942672,0.25866912131056896,0.002634486801793945
2012-06-26,0.7075579960457953,0.20557487196444005,0.5966115801510802,0.41970310711753744,0.06914341834056315
2012-06-27,0.7414207395439237,0.05678414824173818,0.5944387649462609,0.47836730634017416,0.024859295634752733
2012-06-28,0.6888504014307834,-0.08867238568481979,0.5090265749812466,0.3507562266724173,0.0488444634670455
2012-06-29,0.6545359183218927,-0.1728948100093522,0.5281995793477424,0.5415874060002622,0.002190698653866663
2012-07-02,0.6929790582957478,0.15747552346010876,0.5760991610242071,0.24566295980275188,0.04380950915814477
2012-07-03,0.793861561409007,0.08481737677431544,0.5324348149815034,0.25648242636759033,0.014363496396616805
2012-07-05,0.7388624825106929,0.1492040883483167,0.693464524317734,0.33831318706056723,0.089961116296255
2012-07-06,0.7385481072687503,0.14286564025068796,0.5097578296372826,0.457856796257825,0.05706693711998141
2012-07-09,0.6707368674073526,0.14671592356427837,0.6342479153787581,0.4761979037923843,0.03327364395404838
2012-07-10,0.5999998743603795,-0.28362429566113795,0.5682005466352863,0.5251200399499037,0.011975123628763374
2012-07-11,0.780986894690263,0.14711203191238373,0.5826256818220185,0.49542712588413174,0.0664542637978526
2012-07-12,0.6516760292867666,-0.19187914925179367,0.546675338269265,0.35841575860176444,0.09602568140383952
2012-07-13,0.7737292134253122,0.001145128461058122,0.5375853875786811,0.4486287129286147,0.05648776845666064
2012-07-16,0.7276272326689558,-0.12666110981125428,0.5673479031651291,0.3573088294222947,0.09807877403254678
2012-07-17,0.6923692644703241,-0.138269199625316,0.4782099593243165,0.5068933494711401,0.028687834147172353
2012-07-18,0.790083559267935,-0.1487154788341684,0.5584079614755693,0.29385118338764743,0.024159852239030534
2012-07-19,0.7266609460562945,0.18746979896855748,0.45357666430665666,0.3284157093294674,0.08934535704107627
2012-07-20,0.6341633005115569,-0.21339997867298297,0.538931186089572,0.47828773636307326,0.08457364150474368
2012-07-23,0.6901927012536628,0.0445865569573535,0.4790569402863158,0.23900550501128462,0.061232376337800265
2012-07-24,0.7183208195280204,0.03337202028302616,0.5606404321567923,0.569714874141702,0.010887334194558663
2012-07-25,0.7300574967012763,-0.26273691570631635,0.6079801810086217,0.4891519992510001,0.02628488751315851
2012-07-26,0.6201274541806517,0.3619257340926639,0.504103234215462,0.41979317929361853,0.09303577666349643
2012-07-27,0.7589534863371602,-0.1496339064333947,0.5273826410844337,0.40810235606514583,0.03673206575177287
2012-07-30,0.8334519571337511,-0.0939297595501882,0.5301873619103028,0.18351318144195428,0.06977495556899473
2012-07-31,0.8071766879354834,0.0747973950697705,0.5520644340597242,0.4845661492251668,0.06096333062465457
2012-08-01,0.7040600398323567,0.1591901841601404,0.5349857495097332,0.42944721335790886,0.012207301247593994
2012-08-02,0.6632195446727496,0.09533233956302516,0.46755142957789836,0.517067233262845,0.02469348768078297
2012-08-03,0.6514145645274743,-0.11177756855670327,0.5533750912885658,0.3237074156215645,0.04270767679906014
2012-08-06,0.8007457989098928,-0.19957352602406395,0.5165327630643805,0.3086511323191509,0.06250862300830323
2012-08-07,0.6924576678351706,0.23021002752841146,0.5722647057274357,0.4625976506733488,0.06684860899385045
2012-08-08,0.7076091124816353,-0.0827771516995471,0.503060077165471,0.4459978872186187,0.005324997185908953
2012-08-09,0.6613234670263776,0.006034281144051883,0.45177947251459927,0.4819745349951663,0.0923603317115495
2012-08-10,0.7636457686014287,0.2634684573493275,0.5215296914666678,0.42978222217571727,0.03831475832374686
2012-08-13,0.6177730958360466,0.146751797479822,0.531933372265224,0.3332597794173494,0.015917783838030775
2012-08-14,0.739041744052567,-0.03574090012840658,0.5802148493768666,0.3171752739074736,0.09380047011031722
2012-08-15,0.6774239638061278,0.10572918435881314,0.47482305204571573,0.3135093550414296,0.08606644308319959
2012-08-16,0.7265259798581192,0.2354097973038289,0.4235611853974045,0.3697609759055926,0.09013773901406083
2012-08-17,0.8216855588355543,0.03183926446223121,0.5580150840215445,0.45427503399962327,0.005594261560211045
2012-08-20,0.6134488003226998,-0.2733347599819555,0.589340305790625,0.335619502152359,0.0964609992504962
2012-08-21,0.7171115818642844,-0.09522064272869205,0.5444365149001085,0.42368281720459033,0.09791515786330283
2012-08-22,0.6461073805265357,0.027130248475431714,0.49420905314367825,0.39083113318611923,0.0792638496790087
2012-08-23,0.756718488409574,0.4813864618455944,0.5531506255561016,0.4118820412750775,0.016231436933865428
2012-08-24,0.643501540854825,-0.007525214579115563,0.5956765189797356,0.3941330548088872,0.050401420912978195
2012-08-27,0.7227536908183669,-0.00556913615534696,0.5337102332826429,0.3558068827538678,0.009778269566189702
2012-08-28,0.7554432917240578,0.13623631382792295,0.45869277835177347,0.35501895195669364,0.06606948761349687
2012-08-29,0.7849822618470054,0.08908023368544161,0.4967358909643709,0.1815728453470806,0.05861282530015363
2012-08-30,0.6771818120900176,0.006478371315471694,0.5323660504590573,0.41449284140527565,0.05034256895777772
2012-08-31,0.7199201829157458,-0.10745497991877327,0.4711485886404056,0.30091204700090474,0.0771205559586251
2012-09-04,0.7448840782544769,0.19262495055993842,0.603679888388537,0.3113132392858238,0.07071578613722351
2012-09-05,0.7976485715537224,-0.16095822421178949,0.4575401731828887,0.47210521459621113,0.08928280229727754
2012-09-06,0.8337356998116074,-0.12461336385879543,0.5287359041769858,0.2655062989694099,0.034580766675166
2012-09-07,0.6599668523600944,0.015802348807863912,0.45604054410353756,0.3224725534733607,0.08237185969384261
2012-09-10,0.7166614922586111,-0.0695722994391701,0.5520884093286261,0.48848144810649075,0.04247251431682804
2012-09-11,0.6660983428617104,-0.027191673848098383,0.5492172664714129,0.43114640553726263,0.07112425314425808
2012-09-12,0.6695130471191492,-0.18912348110144694,0.5063452301466445,0.4282424639412902,0.007965478416026206
2012-09-13,0.6471211948378537,-0.1784623939053877,0.49222868297741873,0.3457970285887447,0.0440266870849979
2012-09-14,0.6982716178671076,-0.03157952894157305,0.5644177598757626,0.317991317698593,0.023232200457583476
2012-09-17,0.734235423901627,-0.04630592935538164,0.49659901161364406,0.41222587875005773,0.07761033041504435
2012-09-18,0.7833473990860723,-0.49589669339043563,0.3896928723358161,0.5508781237905568,0.026752188528158805
2012-09-19,0.7988178311112852,-0.19515356659359392,0.4906699825085108,0.3734554925458206,0.047388793236797136
2012-09-20,0.7203170663579247,-0.1775445704705482,0.42252443662852346,0.47741004442586166,0.08691236908827926
2012-09-21,0.7538996363894683,0.15384766427546642,0.46014391358247214,0.4696437956028981,0.09800435535320913
2012-09-24,0.7179637744916028,0.1267115094214553,0.4671135186458237,0.4878215386865284,0.05909895663509893
2012-09-25,0.7384268540152187,0.07936797503541654,0.4837337630702198,0.4986730474186219,0.042449313756752455
2012-09-26,0.7600743272809609,0.5384885906521379,0.4945660247729919,0.4416729089774479,0.030134825415731606
2012-09-27,0.7009871967635887,-0.005292539727629432,0.4862623494137855,0.41356606454317174,0.0372283840441314
2012-09-28,0.804985723561394,0.1943630882385915,0.47208118268453303,0.5141926996408004,0.08789681168472818
2012-10-01,0.6812725870327939,0.18504644128594563,0.4589164017503835,0.4687398851573335,0.028605254206475084
2012-10-02,0.7473598100239633,0.13037807838221085,0.4783517659150016,0.40752852160589487,0.035755294484993115
2012-10-03,0.7230575763581961,0.06308336653224587,0.40654478877091604,0.39437087565802137,0.02329478199815187
2012-10-04,0.7582350921478395,-0.11900326988092039,0.4632029190473006,0.30636971223378484,0.09564046366691041
2012-10-05,0.7586097978165742,0.13335183015182484,0.5678178684610592,0.33209471667703244,0.01647468105078629
2012-10-08,0.6839009237006994,0.1646839527547776,0.5319429464569966,0.3375730969332996,0.0973983090713068
2012-10-09,0.7124978669430296,0.24778295231492375,0.38573411646316924,0.4879936348452965,0.08546285336302586
2012-10-10,0.6719578236907457,-0.07495840888125647,0.44484352110077935,0.3341540600597893,0.09434612885334642
2012-10-11,0.6656787719220071,0.11553950858621645,0.49699092472438794,0.37503682494142776,0.03844369179777273
2012-10-12,0.6659478195141373,-0.032807282329140514,0.48864013685893554,0.538681698912655,0.08403277347245741
2012-10-15,0.7112090792399963,-0.15963739062222085,0.5080863709157356,0.3687002942626485,0.04790628800996949
2012-10-16,0.6786581035213303,-0.20311735290465294,0.509858363530421,0.2982004235768187,0.06552752569757314
2012-10-17,0.7431413101151644,-0.20746122422376573,0.49811062859210964,0.4149399775149738,0.06928411977544983
2012-10-18,0.6541202250838023,0.0741204765272228,0.5474952230900556,0.4632148421527677,0.06601738972019904
2012-10-19,0.7850793378545419,-0.06095093289412026,0.534597859726194,0.4762935228973922,0.022286214204134083
2012-10-22,0.7615416316125421,-0.1302165227895551,0.5324944261662675,0.4672992749664969,0.006099665116267339
2012-10-23,0.6785829673139737,-0.2787319933629814,0.461426898658098,0.34108875977586744,0.09449546429038269
2012-10-24,0.7466081197561939,-0.07594934441101447,0.43133530543495235,0.3420370301702742,0.017633483964598084
2012-10-25,0.6468966776394364,-0.42190891123758845,0.4644828763287536,0.31224949080858494,0.030997262928567783
2012-10-26,0.8249347616093125,-0.029140041412121127,0.5681593663128445,0.40355423538515384,0.03713592219262777
2012-10-31,0.7027057657642921,-0.12183323211284919,0.5531189725900995,0.2930227543720918,0.011588139761561833
2012-11-01,0.6931542010711208,-0.02709668382459229,0.5191249071907205,0.19743949221664128,0.008977625907252951
2012-11-02,0.6230274249967116,-0.3548525056394982,0.5029118169423358,0.3965751255518396,0.06919822879895159
2012-11-05,0.6748357216751827,0.21588276872081422,0.5095170814401297,0.43651159631607583,0.03529633403330852
2012-11-06,0.6872483193049487,-0.22372456189505702,0.47034351688148734,0.30851321662312914,0.050168244084067386
2012-11-07,0.6337771916175277,-0.04888496177614809,0.4949643183041563,0.39809176490387105,0.039413492184822485
2012-11-08,0.6930841583124889,0.4584801752534504,0.5492585913681244,0.389590524216528,0.05110905563461054
2012-11-09,0.6229741888966441,-0.21372540123519942,0.47131298566122243,0.4406779635922745,0.053134577497250673
2012-11-12,0.652930015098434,0.01142873121509569,0.5029222213947114,0.3150626860918246,0.08743598750889023
2012-11-13,0.7662764082465671,0.11109716747814383,0.6209897307388292,0.5188771226805785,0.011013137993041322
2012-11-14,0.6779425696795844,0.3638259012801839,0.5149861464476675,0.5315515282211665,0.09092843830559653
2012-11-15,0.5779589876849216,-0.03127992460462331,0.5525927371541162,0.59685516636625,0.0036073579709326787
2012-11-16,0.7584152762431129,-0.03771591790369558,0.47274627882247283,0.4083909435772554,0.09078375495036947
2012-11-19,0.6627565629442552,-0.13329656542220666,0.5495227593432276,0.6180179701716477,0.042642380353810266
2012-11-20,0.7405785353269683,0.32734421252820306,0.5520116954812562,0.3208937620947506,0.056315890964666285
2012-11-21,0.6959979062346173,-0.2603178986233149,0.47249988350991917,0.5872353601032656,0.052183188042617984
2012-11-23,0.7052200835953251,0.005525893689841417,0.5076057509849033,0.4440842783548794,0.02133915850490784
2012-11-26,0.7315169348915784,-0.28101179800638415,0.5523069390102948,0.34732220477020614,0.05459932323825181
2012-11-27,0.687428177063132,0.15304696606142548,0.5135885281851088,0.43074649839881224,0.07590912735649406
2012-11-28,0.7672755777773945,-0.3289893447043561,0.5793905254054145,0.5284301517739634,0.03516528590237048
2012-11-29,0.6449994404487018,-0.2097789994173792,0.45081891921600853,0.5296229448417301,0.008246617013118773
2012-11-30,0.7358771540186005,-0.1436832528385916,0.4465325396228551,0.3672095076011941,0.011431579015857297
2012-12-03,0.7009384288451005,0.06957805685254585,0.5381569672150781,0.2230819481075924,0.036135579987780275
2012-12-04,0.6107496833187019,-0.07182467359068682,0.613680929415507,0.3309811347572297,0.007339814285976243
2012-12-05,0.7778610136169578,-0.3962830558695701,0.511178008928401,0.5008088418139971,0.004584705043867654
2012-12-06,0.6873720635889811,0.01700286463085687,0.5959067892903586,0.5542960734420503,0.061381297449795515
2012-12-07,0.7858500559997349,-0.3002982709040515,0.5399581650056018,0.3120868709916368,0.08939425733081546
2012-12-10,0.7581652959704991,-0.3227056531713182,0.538129656841163,0.49771628414979063,0.03714323541102398
2012-12-11,0.8048361041629932,0.06828200040220381,0.5185511506288878,0.3103406743786937,0.03925409011269957
2012-12-12,0.7815673251639744,-0.0691284510124781,0.5393085828233884,0.6266180377977411,0.028711499445027745
2012-12-13,0.7762207483124572,0.09655706642796634,0.607208634478338,0.1814279905663485,0.09717434572328405
2012-12-14,0.6798652627267903,-0.1463732970411342,0.483044111812938,0.521918951736797,0.7908579057187187
2012-12-17,0.7133930694842365,0.029036199348946336,0.4861176776247369,0.45195301705684704,0.019565098230367707
2012-12-18,0.7192729373174687,0.16022797342714445,0.5579208110942466,0.25277562216997596,0.0846555206429393
2012-12-19,0.8367241106285412,0.39490956029103885,0.5804764608800763,0.29081224247668985,0.020320701208776604
2012-12-20,0.6975956465593409,0.04962020522942599,0.6322501961464825,0.47482084200216307,0.06075866305781388
2012-12-21,0.7335225832458834,0.1178329152172339,0.6285688024091717,0.4493868901539333,0.039842229127117594
2012-12-24,0.7617227672933058,0.13663930383485334,0.4833606579267097,0.36826172879964586,0.036911896096628295
2012-12-26,0.6829947912227784,-0.4358074572987066,0.64025042693105,0.21390336207344485,0.041085005187909265
2012-12-27,0.7622886039581749,-0.021194481828423362,0.5189938095113842,0.5487440116481799,0.0906618489355005
2012-12-28,0.737357766004071,0.12316565664648393,0.5679455097252724,0.433753128951045,0.030674274098747234
2012-12-31,0.7406216912146123,-0.440922908213733,0.6272019066232116,0.34447515611113444,0.04828777884569111
2013-01-02,0.739993145272031,-0.2517427007410634,0.5834429202024186,0.31166329507520263,0.031449482836931296
2013-01-03,0.7429721340494745,0.33287198213116587,0.5726137464470473,0.4819102653962453,0.09319653619311284
2013-01-04,0.6700181925456039,0.19380871035499078,0.5758035177355686,0.44681882790578376,0.06245444152636492
2013-01-07,0.6918911969456647,-0.06638411801168778,0.6133517468136681,0.37925383633382337,0.09089791041184694
2013-01-08,0.7341715285966489,0.17632468580935456,0.5016390074118908,0.35788580083090693,0.0809478261223524
2013-01-09,0.7304303855888072,0.21325096292690815,0.5022202805092,0.38979682474793764,0.03713509799642763
2013-01-10,0.732562851417625,-0.14517355886320835,0.4836593252628191,0.33057380600881514,0.013858222790910736
2013-01-11,0.7671481485910635,-0.35454361221772196,0.5556185338040714,0.38077315520195154,0.08902046891261645
2013-01-14,0.796207663907489,0.10050699323847906,0.6361214009334738,0.29877753339548785,0.085978217107186
2013-01-15,0.7727054244225009,-0.05638256291043339,0.5770798712433651,0.5537237868611317,0.06312557314560982
2013-01-16,0.7268243230304938,0.2766916205324955,0.5314432812638643,0.41643762279089724,0.025289812429318683
2013-01-17,0.7309136128588918,-0.3301684052303499,0.5836043393645401,0.398224851140276,0.028505921274304104
2013-01-18,0.7451542213793766,-0.47909546720736823,0.5124468430670966,0.44059715834273794,0.029395669102072586
2013-01-22,0.6363118805747379,-0.09320247428065542,0.5485921348305751,0.42096692818762854,0.08075107456774622
2013-01-23,0.6559658670372367,0.21858544487459267,0.4274305707091459,0.43988739739210736,0.04314150139383315
2013-01-24,0.751767022669123,-0.0670288592333886,0.5236896767352386,0.33798985501695006,0.09295446356486106
2013-01-25,0.7432754583212197,-0.22579064888329065,0.6123350246494272,0.371624855192795,0.036468281697201156
2013-01-28,0.6950459440923022,-0.12323610643109871,0.548653184919771,0.28815120676331407,0.016251045420481416
2013-01-29,0.7162361585095921,0.18298578141188504,0.5733202920152308,0.44994510887043626,0.0810176583979495
2013-01-30,0.78392679485302,-0.10627333811583375,0.5106500872600662,0.4321022741212792,0.08203763107526527
2013-01-31,0.7135557657678145,0.2245075347095079,0.5757566221872457,0.3661285541553292,0.08457773738003158
2013-02-01,0.6870782832281506,-0.23862969221384353,0.571551960699535,0.4308331741710692,0.06153049597582001
2013-02-04,0.6928105660147748,-0.11035663495541406,0.5521445027532139,0.3525721430199117,0.061421540158734994
2013-02-05,0.6863635093397362,0.06129322995975011,0.560237104717044,0.22739146415028288,0.09022238540235838
2013-02-06,0.6957095424592457,0.1844545642622768,0.5314761594798669,0.367227673260655,0.03549948593858365
2013-02-07,0.7086597038658202,0.26726415482865457,0.643681367597412,0.40070553541100906,0.06858184498089659
2013-02-08,0.7554827897293146,-0.08402261425306369,0.547880962998516,0.4506100113886476,0.060417192926632404
2013-02-11,0.6699002536804085,0.05808510747161724,0.6101880278677668,0.5492042583858914,0.0897112752713272
2013-02-12,0.6801291010217514,0.09099283328685362,0.6533603781889816,0.41394545836475843,0.02211085183030849
2013-02-13,0.7937709238162733,-0.033306744545825634,0.723074359789598,0.41798086750057717,0.036574850014435736
2013-02-14,0.7617707390895545,-0.16560777846989105,0.5813376129116551,0.3955007220244251,0.011472851855535038
2013-02-15,0.6970476792224806,0.25153654640221784,0.5867337257450019,0.2343545083626846,0.09013579575595156
2013-02-19,0.6635353893306184,-0.1821520013010888,0.6382164679914135,0.5411842807493401,0.002638270125277009
2013-02-20,0.6793759930891387,-0.15486113823844103,0.5898275940118799,0.31450671420980797,0.005057286647203874
2013-02-21,0.7165923320215948,0.06215627902674367,0.4961137764514457,0.17143298703934723,0.08528568816875923
2013-02-22,0.7299180322558474,-0.10840188979357052,0.6279720093358941,0.36247328880784757,0.08844724365821888
2013-02-25,0.715988315782251,0.3738456409981402,0.5497119888723936,0.48274134941559665,0.07384785978783136
2013-02-26,0.7792563770218895,0.07141108409321449,0.5107999700586539,0.5363026348533683,0.04030060261132523
2013-02-27,0.7386910715510593,-0.047404207487264455,0.5984768309089471,0.47987064125187473,0.022000862394300127
2013-02-28,0.6517178911953343,-0.07135909102232853,0.5563707676539192,0.30962102344655307,0.011181368220206335
2013-03-01,0.6338258187331607,-0.004310303714767308,0.5652870959340238,0.40017614514659333,0.014252852329851018
2013-03-04,0.6795519677105635,0.19855460620894913,0.48595343471768093,0.5046623413613938,0.05547912615445092
2013-03-05,0.774177396594005,-0.1962739803267448,0.5842887618814019,0.3555101181178131,0.08711079670823477
2013-03-06,0.7673070872526279,-0.03802706114441116,0.5262499949966395,0.5271458155476607,0.06959380580194945
2013-03-07,0.6718100609192609,0.15970539936227357,0.5750069805662731,0.4569112077625156,0.08280068020609155
2013-03-08,0.7028596956967074,-0.02749581436571675,0.5475776458141492,0.49549329090685074,0.032030257954951825
2013-03-11,0.7935214868685585,-0.15763150076057494,0.6256136149248582,0.33356274379021733,0.05101895647982564
2013-03-12,0.7161637640559553,0.007377542492307642,0.6891401201218728,0.46040007082404605,0.05006141693976873
2013-03-13,0.6902961369642736,0.15770642432629411,0.5757967163533776,0.6232943767223378,0.055583682390919036
2013-03-14,0.7343744335441694,-0.019468351023663635,0.6243222928737722,0.45437887403754945,0.035144559477256324
2013-03-15,0.6914217874948231,-0.08450176746112464,0.6215263617183977,0.43362086790645826,0.08590404445916551
2013-03-18,0.8108504762499542,-0.48816588384359405,0.6253328261029254,0.44516393629151624,0.01489135658545292
2013-03-19,0.7787580140141509,0.10033460076163969,0.577398414796967,0.4643826952442855,0.04283599224483675
2013-03-20,0.7445148277757628,-0.08034285596125924,0.5675006073461301,0.3670686451023264,0.09940831583376221
2013-03-21,0.6916323943706171,0.42746424588429877,0.6013045593380479,0.5026858675161695,0.001919622259535081
2013-03-22,0.6907667644148899,0.2043686821858579,0.5690856359986094,0.31935468688556573,0.06486034373959917
2013-03-25,0.6454574396230203,0.16641130143276464,0.6367716736030394,0.38968995356359215,0.03571673678350976
2013-03-26,0.7164158559429558,0.24313429057111438,0.621317756432696,0.3699947400152884,0.05512256694893593
2013-03-27,0.7489232386461018,-0.32146163905529357,0.5897440903146873,0.28549608659587794,0.04078638274219207
2013-03-28,0.7032964746436363,0.147025184805872,0.6563302088357548,0.5117068910195565,0.01973783432816484
2013-04-01,0.6830138937008396,0.16620328306747043,0.6906381607373963,0.5403815372878038,0.022509333274922452
2013-04-02,0.7247805085687622,-0.02218009742769662,0.5609611334474652,0.34933990184211294,0.043713522767365
2013-04-03,0.7934815487458361,0.24468869419148348,0.5956187424650728,0.6556077847161477,0.05665892198929634
2013-04-04,0.6719862494815835,0.18615004612169386,0.6678327977653188,0.27087156943616214,0.09714765218621868
2013-04-05,0.7186885894973117,0.016646224758897425,0.5310231946252528,0.5698336910519349,0.07917311934589444
2013-04-08,0.6552789705034506,0.17008521409441194,0.6514263226300785,0.41973150112632285,0.06268595485164388
2013-04-09,0.6378938086245505,0.10873232794615591,0.6220021574916796,0.21263610675923617,0.021009091034197694
2013-04-10,0.7449299524560743,0.07023541808386143,0.5782508299887835,0.2919578187288172,0.07309502733820748
2013-04-11,0.7789812855127258,-0.3868873852683502,0.5338459594463157,0.3479302951430244,0.006191230845550633
2013-04-12,0.7348751022971881,-0.044771353369394994,0.6390287990902,0.2714107170196467,0.07657885038903928
2013-04-15,0.692715585486037,-0.016858913007869156,0.5994595973263575,0.1700729276082092,0.08559036339570975
2013-04-16,0.7649125692218558,-0.13277442827697392,0.6526332873085308,0.2723548440252393,0.08107982717121356
2013-04-17,0.8147547065232391,-0.11602838620031336,0.6964630257664065,0.27123053803344477,0.08977109018951156
2013-04-18,0.7340560079905479,0.22143539777316545,0.6502513992290038,0.4518522429455416,0.0712591183085841
2013-04-19,0.7058910339620341,0.04402298899115983,0.5784615411655938,0.16890923232784105,0.08460588395631728
2013-04-22,0.7047278755899437,0.279734619290816,0.6210066598718947,0.42855945501553716,0.06630004216704014
2013-04-23,0.6953268705995206,0.055104191538718574,0.6229460156853684,0.3148420431867529,0.017587601108867357
2013-04-24,0.6418916392183625,-0.035521712091230104,0.5787420501674401,0.2882376411595537,0.09099012874468287
2013-04-25,0.7154837392055443,0.2138479153719137,0.6141312054058511,0.3619504373865071,0.02796540164047047
2013-04-26,0.6755386662510185,0.05503197831151999,0.5868206446897022,0.2973020028034243,0.012149277755513499
2013-04-29,0.6391845788202916,-0.21196695126462375,0.6807386627079685,0.4775370099306753,0.01925640519416093
2013-04-30,0.7849243927039441,0.3510233577763201,0.6052568768679776,0.34921125071338194,0.0811553399220077
2013-05-01,0.7033327015950646,0.2455541279624539,0.6194394363361849,0.37609446011378117,0.05576727170031223
2013-05-02,0.7089658658279246,-0.4486512591572853,0.505856684046788,0.3903087288113364,0.043278095425191225
2013-05-03,0.7401643028684654,-0.30271098338695607,0.6180198971751859,0.5983629102134659,0.026900447336835387
2013-05-06,0.762410680857498,-0.3021492345294597,0.5238590561874207,0.5638584063087038,0.0839384164684736
2013-05-07,0.7329204358554856,0.20441813658366204,0.5416226775988678,0.33149264640770437,0.045200299126128246
2013-05-08,0.7520230241562469,-0.10602231048213087,0.6699841821724795,0.22761946471103844,0.03262957296940899
2013-05-09,0.6836716278869762,-0.18054509413207018,0.5465564889793445,0.39967740676581376,0.0924583968988831
2013-05-10,0.695302642214506,0.003029833875446795,0.5539972020447196,0.3644196914535138,0.07983965376962372
2013-05-13,0.6757948574265048,0.5328432702616372,0.5296387605387305,0.46842747370909943,0.024677074831059766
2013-05-14,0.7524066767959018,-0.0549728829098929,0.6004616516562191,0.21821297501659775,0.06566956275076097
2013-05-15,0.7147643675655138,-0.2522592050884162,0.6424709584891266,0.5279779790340141,0.04264173835932303
2013-05-16,0.7301857190693685,-0.06531048066334184,0.51323677720801,0.30833290605414926,0.009230822643882197
2013-05-17,0.702527226483238,0.12108919059355283,0.6714236917687648,0.4380389110156598,0.0793308552503384
2013-05-20,0.7348580649351373,0.25284311794904885,0.5797204317198469,0.29810556325754245,0.0856370401120704
2013-05-21,0.6796886922382326,0.008574430479351863,0.5107469757206915,0.4032287159286745,0.017324738701174326
2013-05-22,0.7032912206807278,0.29491811108466837,0.6242618136902822,0.5043065488638032,0.03480951966229704
2013-05-23,0.7885594009898734,-0.272346056073749,0.570931644091609,0.4107560681074275,0.008822396630635942
2013-05-24,0.7266424169006653,0.08414816740237945,0.5845841648603967,0.3816276522759543,0.029404876419271253
2013-05-28,0.6705059820424137,-0.1940791405628441,0.5463009546208765,0.70844186304832,0.01677952629268762
2013-05-29,0.7176069177931756,0.23836757447701343,0.6147675794615155,0.3909243584880308,0.08775745790023776
2013-05-30,0.7946758755801011,-0.2092332717783263,0.6760233416830105,0.34095076324652734,0.09871622797383174
2013-05-31,0.6636603759827256,-0.043483705752633446,0.5875344246865961,0.36294031731435383,0.03044669101647648
2013-06-03,0.7323715092610555,-0.22753001693127844,0.6041300626379847,0.5232381659612921,0.020930927816594492
2013-06-04,0.7239957779494626,-0.3027069462538432,0.585839290708409,0.2632237484987958,0.007998397845561866
2013-06-05,0.7767645870034102,0.12973199559066922,0.5019605671784754,0.3529153798341229,0.06305726043988047
2013-06-06,0.7550031727841793,-0.27465021647488447,0.6513503158520366,0.4160587170098661,0.06391921628071726
2013-06-07,0.6975888649452634,-0.02506200933046275,0.5546608699046259,0.2918601381926076,0.06848355185767101
2013-06-10,0.7252004256121029,0.08766418104365463,0.5976527742757871,0.5469281795709169,0.08582131253875257
2013-06-11,0.6960717182977623,-0.25194741702398266,0.508502929351255,0.43100485227475815,0.030158628488710648
2013-06-12,0.6619392389830021,0.0957025041890483,0.5880837381194953,0.3520368117166702,0.05682797583817306
2013-06-13,0.6432938708219937,-0.012733678869445618,0.6048169982424333,0.41604844991142925,0.05260305708927875
2013-06-14,0.6679302350465539,-0.08816394606996047,0.615983643285749,0.3360540110207777,0.04589463982117911
2013-06-17,0.7411013282494401,0.49014530343376617,0.5697489410112287,0.5560551083220386,0.05160886731421885
2013-06-18,0.7170451836295098,-0.1598132708145861,0.5720258206658521,0.4402969432005187,0.028334914079459983
2013-06-19,0.7500853834819772,-0.29337330259275435,0.5522659255195276,0.19872875511927104,0.024052395050424225
2013-06-20,0.6723931594655158,-0.07849394897537945,0.600023355197094,0.31974866213900655,0.07636372499033488
2013-06-21,0.7313960967649494,0.06642371163954403,0.5748613095151712,0.4941535644554673,0.0643471783025011
2013-06-24,0.7509324466970035,0.22427562419791847,0.5593868776352319,0.3900282340949001,0.019830850495772115
2013-06-25,0.6517591544383609,0.12789363248340496,0.6281006350021133,0.5272765627813609,0.0794632127140009
2013-06-26,0.6919609924821527,0.3383283217517231,0.5248238435480563,0.28063119974835893,0.02131671309074439
2013-06-27,0.76686927418717,0.18529596090889858,0.5848283034304587,0.4115977218522067,0.006676984699651978
2013-06-28,0.6630046833538897,-0.064406443101073,0.5964860490822494,0.33488980136436053,0.04156304022786973
2013-07-01,0.7022283843422775,0.2222339494498959,0.5474758982180132,0.3140728451679252,0.051347617639511824
2013-07-02,0.73741293972217,0.36727626536163593,0.4602168725834916,0.37423921676846905,0.014253398750716429
2013-07-03,0.6886756234455278,-0.20603283470456232,0.5041323678738125,0.4539100146786952,0.06002312974480298
2013-07-05,0.7208185118061565,-0.05753386428214938,0.5774368634883937,0.5332164882713462,0.02873199524161334
2013-07-08,0.7422728196540442,-0.35054797282718814,0.5881617258067426,0.4940391005291947,0.012541281418863971
2013-07-09,0.7570365182362739,0.3454624616196691,0.591180887994002,0.466588174276107,0.013996001482790578
2013-07-10,0.7683770873631552,0.07209160459821402,0.5186586117278659,0.24953550679225217,0.00716014407983141
2013-07-11,0.7542656571938599,-0.40357660309772314,0.5310850666281186,0.2838797521284038,0.0679870529328126
2013-07-12,0.6747614695585659,0.11378565189025354,0.5432865315190324,0.5099629111471615,0.051044582974405
2013-07-15,0.6248551279921253,-0.08573727474145416,0.6067420184316148,0.28846638699807836,0.08220119305989085
2013-07-16,0.7716620758232839,-0.17192110396722557,0.5512777977025897,0.4248721239252725,0.05640387091308377
2013-07-17,0.7297240716884393,-0.22046390448934164,0.5235212086393044,0.3810041336727962,0.07834787525328499
2013-07-18,0.6889457842762661,-0.05906167150370019,0.558946069960984,0.30774970421908926,0.0504928263834489
2013-07-19,0.7261709013603299,0.006464342425617712,0.5137557577619991,0.2619665750501996,0.02374162550760125
2013-07-22,0.6194689119309307,0.3465264675813347,0.4809805902357638,0.5040699054195612,0.06081672440899304
2013-07-23,0.7426680406487763,0.09714466031972215,0.5069505632743873,0.4716705904300413,0.06240772878405903
2013-07-24,0.6574522175138625,-0.3021102584242814,0.5429130364946917,0.4933310241173049,0.06529646613795914
2013-07-25,0.6670468273448804,-0.10512571612084882,0.46736206728895247,0.42406739858400894,0.02004337807209521
2013-07-26,0.727125938095314,-0.2418050182621744,0.4284814209606752,0.38165223903534745,0.08349165878738506
2013-07-29,0.7094558220464364,0.02734101454419101,0.504805748599314,0.4640331763315368,0.051635247553319955
2013-07-30,0.7146178707238849,-0.03586189069683988,0.5413996697555702,0.48644794504913996,0.005645225914255015
2013-07-31,0.7089436732542052,-0.12331168963571093,0.5014520390231929,0.45224565303276487,0.07712403557379066
2013-08-01,0.7687238083816118,0.16375377061323565,0.5257450426874766,0.32659768849205567,0.020759020886746728
2013-08-02,0.7091604353872473,0.012069863962000375,0.5269574888021651,0.2985248849569182,0.03287871167577451
2013-08-05,0.6480163637891158,-0.19124551692073385,0.5067194659546311,0.4871393308162385,0.0314181289507145
2013-08-06,0.7525361444755828,0.233471690587875,0.5574912626035688,0.3596480544821183,8.314349725968563e-06
2013-08-07,0.7189014849407868,-0.013429431657925199,0.5273814574357006,0.5377237879035704,0.05409377528777111
2013-08-08,0.7709034501217413,-0.11037480488215592,0.5065432148774884,0.38411027743351933,0.08846195428876817
2013-08-09,0.7008834443363842,0.32431830375568704,0.5218005059661465,0.46600634918837774,0.028313136655070792
2013-08-12,0.6748511733659076,0.3293590939352166,0.5521393473103595,0.4372971368053502,0.07824682226726204
2013-08-13,0.6019534625291618,0.21212425547863326,0.5314688052614917,0.2810787841766077,0.021288128083674387
2013-08-14,0.7210481500022309,-0.03513413175671451,0.5595996458626468,0.46568910733871566,0.056016179006257376
2013-08-15,0.7486792173683443,0.048892951836139564,0.5522425374451235,0.4935094778941003,0.015084312122241296
2013-08-16,0.7893037036664603,-0.08954186054483267,0.450061631925445,0.3887851542012365,0.06719073331645858
2013-08-19,0.7261715380635119,-0.07158196652902989,0.4792452360885179,0.34518300859733614,0.07981220225620296
2013-08-20,0.6879399479388182,-0.31029669567411655,0.37876221985000313,0.4962831957910334,0.0839898642319925
2013-08-21,0.6164700013221099,-0.14270122979393174,0.4430588624672515,0.39019537619502653,0.09947830025740981
2013-08-22,0.6960384322142659,-0.12358201269982871,0.4641750527478496,0.300879519536888,0.002670814708869951
2013-08-23,0.6892855470063994,0.23522093561306123,0.4160638841601766,0.4971713937526615,0.03106847332416042
2013-08-26,0.761496602063848,-0.31996144797006787,0.5673914192294841,0.4627001159493053,0.042809118015450724
2013-08-27,0.6975058255866915,-0.059007618497918114,0.4705728271776312,0.38108524904152835,0.09670865828815108
2013-08-28,0.739385499087557,-0.20152501386869243,0.5426272870328255,0.5024117211180694,0.08493988527524693
2013-08-29,0.7988823920680899,-0.12080016682735212,0.4735313416403808,0.2979777531574953,0.040910519981125916
2013-08-30,0.7845842310511306,0.13967392639374782,0.45006980008165287,0.28764194104192503,0.034869479285066944
2013-09-03,0.7823058669590062,0.20693296921126822,0.5740189367866199,0.21675679746046497,0.08411678591388913
2013-09-04,0.7204475531592419,0.08582586762055558,0.4467042446065037,0.48050188426176405,0.03380547277653959
2013-09-05,0.6933263701810289,-0.033601106918922805,0.5576833205110244,0.5620540833988559,0.0009606625644623112
2013-09-06,0.6941070381797114,-0.01448126116575326,0.5720071402551491,0.35479132339633973,0.04607543838354697
2013-09-09,0.7707965710945295,-0.175640524423317,0.6400878381460254,0.0229442673695629,0.06861855466071526
2013-09-10,0.7444903216628616,-0.1680966759114795,0.5568331527670605,0.3242452290883431,0.048082438214060164
2013-09-11,0.7802077154912274,0.03735628701814973,0.5194484853171426,0.35564361266002636,0.05937848405506055
2013-09-12,0.7319520043029009,-0.14000134317785834,0.5563329996153935,0.5503307553611991,0.061468156192511995
2013-09-13,0.7205900156369107,-0.3337183278492226,0.5926275138050925,0.6655448875486134,0.04327958870642067
2013-09-16,0.7115655763910316,0.22909064923967137,0.511861986352542,0.3735573608891694,0.04862248203399305
2013-09-17,0.7353115106131776,0.0003204748715645463,0.5092641759798705,0.4643155320784338,0.04607562996337409
2013-09-18,0.7172057622345437,-0.055660829702070674,0.37241621134861025,0.3463335761734777,0.055264749105278115
2013-09-19,0.7691672404601558,0.17373658929348543,0.46684623735193403,0.4386427774288159,0.08670646601112494
2013-09-20,0.7845682267530456,0.17005216794182365,0.4873302124068909,0.2656472055761331,0.06677818966113344
2013-09-23,0.6988525906220572,0.025680455494482158,0.5749798541443987,0.41036232684198687,0.08712423851812061
2013-09-24,0.829776349640438,-0.2594515818285506,0.6036923754839199,0.5708724737627274,0.005603108082982911
2013-09-25,0.6810374711860047,-0.01114882081731142,0.5040019723818275,0.24960562223994243,0.04059154913258495
2013-09-26,0.7908540772350474,0.2148483460352043,0.5373584817828687,0.4431725840027963,0.0883330127812112
2013-09-27,0.7329381551853801,0.061786316539834796,0.5160335517286623,0.343367446976784,0.03802603393286563
2013-09-30,0.7125978238842059,-0.043286225504422134,0.5117339016158493,0.40620566021439575,0.0459318596980031
2013-10-01,0.8094373403970565,0.20117170753570504,0.47932263999101116,0.3912461718997988,0.09958149498534354
2013-10-02,0.7939775194845023,-0.05095933046795348,0.5282561077348639,0.4707426030003259,0.056108458189080126
2013-10-03,0.729701064824687,-0.23558867501911288,0.5604559129484356,0.34282849507731306,0.04225708670955958
2013-10-04,0.802378247243144,0.06685138095669332,0.5039665174016437,0.30058505500247557,0.05057659610554097
2013-10-07,0.7020659609545337,0.11611437275913156,0.4951521023945231,0.2840736509116647,0.09657932259491112
2013-10-08,0.7025936264890666,0.2386554041255573,0.5071171108506137,0.4689768870817252,0.0601834270813338
2013-10-09,0.746674795359014,0.18616256971112613,0.5371476833787916,0.3243016225625115,0.07792079336180929
2013-10-10,0.7262930664144682,-0.1733736260057118,0.4648228925486934,0.34233448098275865,0.08131282161886677
2013-10-11,0.702443144152914,0.19141254976154176,0.5215171741314294,0.20563876411386334,0.007406719337445045
2013-10-14,0.6965560542025018,0.0704363999922967,0.5408950052001673,0.4059634746549489,0.09306333551604974
2013-10-15,0.7128520763599338,0.09064291055463525,0.5169372182216273,0.5027366139444127,0.010302513287133663
2013-10-16,0.7806273764202005,-0.20445398638064935,0.4991459983196242,0.37455985553603166,0.08617298947459229
2013-10-17,0.7689625276009318,0.26205039229909355,0.4958492201198937,0.2172665096303929,0.061724988706089216
2013-10-18,0.7880662921379504,0.08869325059780679,0.5057488286976382,0.46340672028546426,0.06479516577677408
2013-10-21,0.6983689189061819,-0.08603658671844049,0.5617551556483407,0.46108470775955424,0.08235901158186944
2013-10-22,0.7289508635383812,-0.236697916835585,0.5396742132497032,0.5822541162681113,0.03556034539279954
2013-10-23,0.7093043456857567,0.03414900669339482,0.48004730782529176,0.3772414742636672,0.060597087049787814
2013-10-24,0.7063567580180824,-0.07549122684313508,0.5973406601732048,0.22952414273264476,0.03006332933074837
2013-10-25,0.6258784204599255,-0.4628073960933568,0.5220811028992041,0.37393815953853976,0.06777482259021249
2013-10-28,0.7501452126759603,0.09968156765721588,0.4733972899612433,0.5301723142148255,0.06827996858690356
2013-10-29,0.7175087239805992,0.03188806532835313,0.4317585039150399,0.40118270944481477,0.03204513399535552
2013-10-30,0.8016215528141472,0.09441889701796766,0.47982609498258416,0.3395353701011161,0.03699553169741759
2013-10-31,0.7817990385885787,0.037276781058648865,0.43833186055587026,0.2388037569517203,0.0700947494131575
2013-11-01,0.7142176050297504,-0.15913108882396476,0.5150233566380313,0.6008434429566081,0.007715325733864975
2013-11-04,0.7351172739248896,-0.10399220180232152,0.501761293820081,0.31702245369732474,0.04134181069463791
2013-11-05,0.7718469830060095,0.18375329954793782,0.5326749694639351,0.456783777783498,0.05718451348248487
2013-11-06,0.7169462760584946,0.13143965115668485,0.5181607114387736,0.3493321927639345,0.04943051772440004
2013-11-07,0.8031666664242768,-0.31639234666547145,0.6459378145946449,0.41859609800078107,0.0383104761196981
2013-11-08,0.726118590574782,0.07467968140197809,0.5697249222364202,0.4316547282004503,0.09595457829316067
2013-11-11,0.7597152980377764,0.18926249922447813,0.5129286171120763,0.501033587140217,0.09612076845582586
2013-11-12,0.667606807421879,-0.062050175187662815,0.5595691911016811,0.30246208622235465,0.012084426139799088
2013-11-13,0.773445233069304,0.03522037906021458,0.5259482930866908,0.5313131114858892,0.014889656986319423
2013-11-14,0.7330305753398534,0.06038396194616022,0.5529272769337872,0.38214791602096226,0.03489959288059909
2013-11-15,0.6807750023819747,0.3898186411452663,0.5443107012300371,0.3456908805308636,0.04619403315391958
2013-11-18,0.7872902278423977,0.10214129824488641,0.578240831132751,0.4393167464891507,0.024298010041182663
2013-11-19,0.7181450756759612,0.06854293928959847,0.48597590255769485,0.4058703644801335,0.009237332568178781
2013-11-20,0.6586985489305001,0.06924439068586725,0.47686961912963827,0.43274396806897397,0.02996052846069354
2013-11-21,0.7446269978832523,-0.3643049129257491,0.5036272363576841,0.504377186107529,0.02491853261346455
2013-11-22,0.7252809749577098,-0.12230860057047976,0.5729132344333981,0.3881621331104037,0.018707718537664852
2013-11-25,0.5969422066878507,0.012418828847168203,0.5061907797707773,0.4361301670256528,0.0330330221371672
2013-11-26,0.6663560358981616,0.31548176213543777,0.6209904890936842,0.25359689250147976,0.0136473018680906
2013-11-27,0.7505444689583912,0.013022073769600183,0.5487468417816518,0.32922292117538354,0.027505844299192495
2013-11-29,0.7211043714195436,0.15693504934514707,0.41485913263542257,0.3542614143081456,0.047527109608359076
2013-12-02,0.7908200277728683,-0.020693391000291633,0.5194975114308087,0.33653552892961675,0.09353355930297408
2013-12-03,0.7369210997119,0.14926901488175762,0.5615975775795616,0.4600240684727457,0.0947527824599932
2013-12-04,0.790198787262121,-0.102772946788452,0.5544031125974075,0.4714182764754523,0.0306193185253862
2013-12-05,0.7254947698061078,-0.12975068896113184,0.5837867998723503,0.32339190546943986,0.05695553464372998
2013-12-06,0.6616195482766273,0.09652941879041682,0.47840374575987465,0.381200293526472,0.05938087303394827
2013-12-09,0.7054610038666298,-0.026353342726125425,0.530261610037617,0.5897465293251787,0.09031956478355369
2013-12-10,0.7447258105381045,-0.0684637440245539,0.5395700493074665,0.5791462226602296,0.021510466216132052
2013-12-11,0.7596988076085359,0.16276641910510992,0.5214231208496456,0.5102259330558168,0.008150416191546017
2013-12-12,0.7032911821044463,0.002715379874533559,0.6049110668572044,0.2723592854815236,0.05832012318056336
2013-12-13,0.7259942184601175,0.050977305055522726,0.5741634612023458,0.36082623535525227,0.0008273358938860943
2013-12-16,0.7899093163434101,0.09003378736734452,0.5937127396184683,0.3708956058459445,0.02946687540272991
2013-12-17,0.7455157310649645,0.17109956166812734,0.5835206317478929,0.38559087080223503,0.08370717444587654
2013-12-18,0.7460683961754825,-0.062363794872956235,0.49002838841584223,0.31320445713259076,0.0794493597702084
2013-12-19,0.7476873060241305,-0.26488588442059186,0.477607844431075,0.2711581095875914,0.06980978257380754
2013-12-20,0.7053202644701104,-0.3054532621220598,0.47037916336586166,0.18226920120830045,0.03057868827200082
2013-12-23,0.7532310273665745,0.2062702531009246,0.4625725979188512,0.28661759753961147,0.09102657675810977
2013-12-24,0.7468702872367777,-0.36474109340494976,0.6656237071592288,0.32696315333925785,0.0018547727950915195
2013-12-26,0.7365564344802266,-0.1627468747797476,0.5154064085240596,0.39067037054135983,0.08012270213016859
2013-12-27,0.7429259006105514,0.15576072512119826,0.6264008518310716,0.2694453838412571,0.03655255180681899
2013-12-30,0.7392148459527325,-0.252339226118582,0.5648371457675586,0.2580358084835398,0.04758396716856544
2013-12-31,0.7901252050948366,0.5404374233994175,0.4858703219623894,0.5774501604361152,0.09009642785311134
2014-01-02,0.7509834226064055,0.08574241012827616,0.5292247745703941,0.45019538553470895,0.09192028247964108
2014-01-03,0.8298050547982105,-0.22292890275322785,0.5779416227012362,0.1837068284518121,0.030330123454697433
2014-01-06,0.7370871143533262,0.033677645925587425,0.5240213080439737,0.43423796022041444,0.003633507522777746
2014-01-07,0.7199365285897097,-0.20960240511222572,0.5285201090526671,0.5000895148898018,0.0012522584976587094
2014-01-08,0.7471063366766981,0.008933674343028716,0.5878211121218262,0.548489818646598,0.08277625069281702
2014-01-09,0.6768084794792428,-0.21332413108270007,0.530734863538308,0.438678433115725,0.050749079443871636
2014-01-10,0.7537501237023602,0.06668298835878221,0.6272735519059138,0.3588415484612277,0.018655080912019405
2014-01-13,0.6378291326557305,-0.05301177689678682,0.6564850785841649,0.41498251073853326,0.06733393599209768
2014-01-14,0.6929474895061285,-0.23927285738870602,0.5594464118076586,0.41083672570619134,0.07770601268602852
2014-01-15,0.676854101431928,0.34537158279385827,0.5644014024091331,0.3631154820402249,0.08717697568853967
2014-01-16,0.7653026708382241,-0.03443352625915406,0.6034298626968636,0.5177042488093639,0.09431940488423202
2014-01-17,0.7516837251574268,-0.0737727738027987,0.6109802587666453,0.3938029643709568,0.09457125117068116
2014-01-21,0.7310475982012979,0.1448998986216635,0.6790821760269945,0.5301259796327235,0.019323052209734484
2014-01-22,0.7024305098945628,0.01818313626349825,0.6596415179199067,0.25998476672280546,0.020532980998608643
2014-01-23,0.823032583364698,0.2678859573032796,0.5623723894884927,0.6211767594444975,0.04050819603829216
2014-01-24,0.7469996621928383,0.06662256048295943,0.5208360814886445,0.38205539199406024,0.014331046342729636
2014-01-27,0.7725727267945086,0.04806174386058176,0.5119602328159947,0.5016096480039689,0.010125682244970069
2014-01-28,0.7741316352877557,-0.001023203086656901,0.584195108139109,0.50359144474844,0.03495047969669355
2014-01-29,0.8111215536223724,0.23300979519099166,0.48149605116447086,0.4037670485462909,0.09007338682028657
2014-01-30,0.7543245375453913,0.12256294087593583,0.6099794660979387,0.4513720612997006,0.019770106054150607
2014-01-31,0.7089138597629709,0.01454918776894111,0.5028177530673165,0.3916670696770243,0.03653355204406298
2014-02-03,0.7672702753283893,-0.24663482567062617,0.5270997663774207,0.5364965332126841,0.09819219834094313
2014-02-04,0.6093532291651362,-0.2711587399190227,0.4066396375770397,0.26511246324241167,0.09452809959218073
2014-02-05,0.6368971375808907,-0.08782534286857316,0.6121572142348481,0.39057769191325936,0.03332385118870623
2014-02-06,0.8229353534218261,-0.01142522010533949,0.5529763261918343,0.4263131804190152,0.036404740179700856
2014-02-07,0.729449399426086,-0.06970265375197375,0.5134896590328062,0.4183804587669715,0.04743056616403512
2014-02-10,0.6948335627392901,-0.19787806041918854,0.6726315672382621,0.4738896784460864,0.07571729898556534
2014-02-11,0.728288679404859,0.32442828171255855,0.5803017109861699,0.44714239127787136,0.05215030246528083
2014-02-12,0.712770213524056,0.02087341692168052,0.6456063417774466,0.35723496676297345,0.06172121182069758
2014-02-13,0.6661071598655315,0.24290097465893054,0.6220339604281119,0.33280820036089825,0.016928903122408367
2014-02-14,0.7370005196967946,-0.01874425723039694,0.5741249187716165,0.4982073170596743,0.01813251488620905
2014-02-18,0.7428308049730514,0.15395050667894802,0.6941800384317207,0.438354687402512,0.00019559033257260383
2014-02-19,0.6864531071331522,-0.1825450811833581,0.6068434538485711,0.40522217007402483,0.03460799544679444
2014-02-20,0.66114990138166,-0.001129043159502605,0.5606353467954259,0.3296923944777519,0.06405634014725065
2014-02-21,0.69938821316695,0.029286360480328028,0.5487736105031336,0.6641534771219051,0.009671849901117014
2014-02-24,0.7146531936353211,-0.43157124492698085,0.5967806851839211,0.4332122274441771,0.09491285416818075
2014-02-25,0.7318957714806379,-0.20152726647982827,0.6014352916616491,0.4518404887783495,0.058803606892543436
2014-02-26,0.781053182214528,0.31078123366930677,0.5393302461338964,0.3706367087023283,0.006839022896197311
2014-02-27,0.8332678751672256,0.0023392743589491748,0.5499539610723566,0.34154834871225137,0.011815933252819611
2014-02-28,0.7242795547981826,-0.04281118386009438,0.5729510537340775,0.34895396094408426,0.08941653660937471
2014-03-03,0.8058365199424601,0.0004686329617693936,0.5621222833293125,0.4311319703978055,0.08186770174825164
2014-03-04,0.7564837052619812,0.1081585983856557,0.5825325754104408,0.40618470583268956,0.022951781133054162
2014-03-05,0.7032498709170967,0.02529758533771715,0.649324655383096,0.3733057427055833,0.08503169164487545
2014-03-06,0.7061570828517688,0.05677794528616329,0.643767386902979,0.6727095956331721,0.04257194325291772
2014-03-07,0.714797431934019,0.14615241701764178,0.6594232835524689,0.3924828754343081,0.01004086112631001
2014-03-10,0.8385598846448923,-0.021765580906931967,0.6456163373907138,0.3583920101737624,0.055047938960389814
2014-03-11,0.7837928575453599,0.27916955540318167,0.5741168870813285,0.47383264842360145,0.01145183360067027
2014-03-12,0.7140834756534391,-0.059201975943344934,0.516686956920496,0.4308554784544827,0.8874614723771811
2014-03-13,0.7244735482037132,0.0955566641404976,0.644001736583739,0.5245363163955783,0.05285985021921718
2014-03-14,0.6693327281199164,-0.2011431235375498,0.6471064803086044,0.47278652664990656,0.0024582286161365487
2014-03-17,0.6855629746993284,-0.39237313789720685,0.6063264157351119,0.3902871419785453,0.03126385072977646
2014-03-18,0.7059853818745975,-0.033993187569560226,0.6151217409568799,0.44645800232215266,0.06734438035136653
2014-03-19,0.7296299980728719,0.4189848210683397,0.606553713334079,0.3189116294287056,0.08906408874954216
2014-03-20,0.7218209940621962,0.48972296094655965,0.6054314759559855,0.39443717825084856,0.08577262640279247
2014-03-21,0.7468006076858169,0.12901270968504475,0.6809759409133074,0.4976890129557708,0.007870886072513794
2014-03-24,0.7215122893924244,0.007227975043275424,0.6187530751944149,0.3892077091249721,0.07447549324455752
2014-03-25,0.7935919331826458,0.10324650415126209,0.599501097661957,0.4308558981906904,0.007406131454161591
2014-03-26,0.8678001129745684,0.26037756465723744,0.5759576904012725,0.43348171728637663,0.030251210753357252
2014-03-27,0.6666811739075809,0.1552634293260372,0.6161910023630832,0.23950324839803072,0.03733385592477865
2014-03-28,0.7241791826276182,-0.18689195895218158,0.6035186161682278,0.43585876914608335,0.0006431777732475941
2014-03-31,0.7091583591542341,0.1474802100421985,0.5962076664088407,0.3347183301855019,0.09492159665449003
2014-04-01,0.7076219282846885,-0.11434102437994276,0.577342058844028,0.44371236833219085,0.09474440465503292
2014-04-02,0.7241342145566667,0.03696988321738962,0.6170753229438066,0.21319855677379682,0.035175250166074444
2014-04-03,0.6916886717343439,0.39587663977491844,0.6296375385461216,0.41551787661259726,0.03905430824310451
2014-04-04,0.73591291525521,-0.20749555390155364,0.618282162425247,0.2916279952641169,0.044177988470124774
2014-04-07,0.7709052049517334,-0.12810396273336208,0.5720400079983313,0.5765580093930539,0.03941352826684429
2014-04-08,0.7493403445686453,-0.12807577229777695,0.644331692232853,0.326185902722035,0.08601863788048546
2014-04-09,0.7058261682930811,-0.019650735599074518,0.6132496341745515,0.10722664434853574,0.09796386798228916
2014-04-10,0.650574732404403,-0.11585102610737102,0.5910634058707556,0.3519371185832242,0.00505940781437968
2014-04-11,0.8148905178707516,-0.33207321254591254,0.5832165701823236,0.5431058453729938,0.017377555941351486
2014-04-14,0.7067801639370126,-0.1951819267054331,0.5789296549863651,0.23901900119760502,0.0458733844777639
2014-04-15,0.7802276373527183,-0.08074908101837101,0.6112559426608029,0.4424723949788974,0.06806404723092228
2014-04-16,0.6782616253104287,-0.09708566442975053,0.5660144267330207,0.5770467328109488,0.017256996345070174
2014-04-17,0.6916899702070425,0.0532342699780201,0.7076349855795862,0.404823528160293,0.008313411592535503
2014-04-21,0.7425208479635381,-0.0829794041051988,0.6180641848157347,0.33592338371117847,0.0004464594745321349
2014-04-22,0.7448215068679556,0.10074777489279135,0.6031337596180408,0.4184787126010369,0.08663826183339846
2014-04-23,0.7376736555258453,0.1107825678543538,0.6276307962976204,0.34837749956487685,0.032480700914650454
2014-04-24,0.6900402720018362,-0.10796819066009428,0.5809220891360448,0.25745262539949765,0.05630669971469313
2014-04-25,0.7166004208290137,0.0171833622042206,0.6041825023315435,0.3480976636199393,0.08093808842609684
2014-04-28,0.7794727203023702,0.06729029855684202,0.5847252651443116,0.4813110073453072,0.07211195009200315
2014-04-29,0.763189256724016,0.006582558359716487,0.6282985438297767,0.3831777452742737,0.034274893265176375
2014-04-30,0.7360606377290153,-0.07798937385946825,0.5565063571489269,0.43194908978747304,0.01030566679389523
2014-05-01,0.7188215305511427,-0.18419415014797216,0.4511951562871537,0.24305765545021163,0.08236265456012395
2014-05-02,0.7243494118796452,0.184292107628215,0.6082104871948998,0.5691785536379615,0.05176314990123726
2014-05-05,0.723171057468115,0.07482593392503649,0.5529849344274839,0.40805918436482763,0.03663127325513119
2014-05-06,0.7305741739547041,-0.24354219105171504,0.5554215203142671,0.32029413074118485,0.027076695430803557
2014-05-07,0.7118295202353542,-0.025456682678467842,0.570362254591472,0.6425139352402914,0.07993869532969858
2014-05-08,0.6585973916692605,0.1521018090948976,0.5701230506601214,0.35211336763951195,0.0385195246417979
2014-05-09,0.6960212479017374,0.005577842998238075,0.5470764445746938,0.46642837315343344,0.0352742694039063
2014-05-12,0.7219289978749986,-0.05084872007487637,0.527696690962503,0.22639412190598499,0.05074646308823405
2014-05-13,0.7708844284549898,-0.11798612777466187,0.6373945280909391,0.29514573112321685,0.04216129135362689
2014-05-14,0.7015399675336684,-0.1681075061097691,0.660783324300751,0.35392611507083577,0.026180845160720802
2014-05-15,0.6623221541976043,0.09533923344452384,0.6189257557619886,0.4398645913174709,0.0962003556852645
2014-05-16,0.8147034148713406,-0.0573024145732834,0.5893741346733178,0.3524884160450543,0.04141750927004578
2014-05-19,0.6847642261055669,-0.4182031481995845,0.6219573055808753,0.22237273781094072,0.0431432969995853
2014-05-20,0.7875609025706479,-0.08983644435480798,0.6314945813532183,0.39115948809799067,0.004393015879911622
2014-05-21,0.8062709503041978,0.2543966651889729,0.5958474985065658,0.4102347765049175,0.04457500820115465
2014-05-22,0.7221883085679216,-0.31146498964880864,0.516043894816284,0.45635448392354916,0.04227795249679877
2014-05-23,0.7551916421861015,-0.3233143539195158,0.6035369216016334,0.32179072885518345,0.046900780850599934
2014-05-27,0.8687814572053234,-0.03626990347550653,0.5360180222401849,0.26180104561850626,0.08676930977910059
2014-05-28,0.7652610915028218,0.06058086775180447,0.5643769101732582,0.45931208635843884,0.030279536533101295
2014-05-29,0.7587947404190637,0.19718808498901122,0.6421879509232452,0.4221939645102207,0.005736903594380272
2014-05-30,0.7586580860136097,-0.025105324688368187,0.5117916942266233,0.303758281472265,0.014366949911346384
2014-06-02,0.6987319634194558,-0.06173469221493375,0.6234864193761096,0.30826642153773304,0.07072905426071839
2014-06-03,0.7423939556944281,0.030937621060371474,0.6027352853361401,0.41347158312883564,0.09123269397836377
2014-06-04,0.7884140993149696,-0.00023369147775508144,0.4932870384534729,0.28091860895329157,0.010211018347231494
2014-06-05,0.7479451361032886,-0.09928727782035861,0.578319863685241,0.43053215728286665,0.06656823652787124
2014-06-06,0.8300911031529589,-0.04886228382489311,0.5310969120766778,0.3901330637180361,0.08518604933296131
2014-06-09,0.6965299561203314,0.04716618182451194,0.5072836289998855,0.336269127159177,0.032892926655871395
2014-06-10,0.7017365912120566,-0.2253148585822057,0.5701517221347804,0.32243951356693157,0.013266910043635583
2014-06-11,0.7532454899615844,0.23469734573773415,0.536770110001273,0.4052337734420187,0.0976950314405169
2014-06-12,0.7647811683862767,0.5210288202223236,0.5409559071043827,0.3226878049654493,0.07931068156006509
2014-06-13,0.7936473584691043,0.22270269963540856,0.5248348366453598,0.3351061481975688,0.09596791115065334
2014-06-16,0.8453779020377463,-0.18725378245607052,0.558474734924934,0.3985185345508284,0.034848894335834844
2014-06-17,0.7974404927542323,0.3434367868219536,0.5679248147137641,0.17521086582566722,0.04733026543389014
2014-06-18,0.6687712536311038,0.032855156123478634,0.5491553951988755,0.3983418901475558,0.032412328072779176
2014-06-19,0.8499744187139291,-0.10654224411675993,0.5172275299468128,0.5167370089266733,0.062284861046554334
2014-06-20,0.7357087998811354,0.022925604923553736,0.4680593922225727,0.22033095346424053,0.023308472281568862
2014-06-23,0.7362892433233905,-0.07782532374819255,0.6065080250594241,0.4407628902973252,0.08251140461508963
2014-06-24,0.8039261987766357,-0.329374670873631,0.49444830005945245,0.404791577455083,0.04797917513085488
2014-06-25,0.7127844076446775,-0.07375916315164781,0.6294005049760685,0.28555858323259736,0.08642384194945966
2014-06-26,0.6742503018609275,0.03171406620743752,0.5384669561448122,0.32939343294384943,0.029128455765511874
2014-06-27,0.7584410313188682,-0.05507778714138515,0.5611715811272313,0.1909951368912894,0.011265984505064431
2014-06-30,0.7150603132893605,-0.24048784061971173,0.5762229197143622,0.36703536312350904,0.06772458906460271
2014-07-01,0.7144099298285833,-0.28089442267371767,0.4635116432598318,0.3621776957911929,0.08235039043706324
2014-07-02,0.7482649831000628,-0.14231196752414985,0.5262698018959511,0.4442277902624192,0.016965931774328837
2014-07-03,0.7504945959923144,0.3510725096849536,0.5076514668958093,0.4365732385370896,0.09592159282558471
2014-07-07,0.7101972703741881,-0.09324215595722184,0.6193574845351979,0.40813399361663977,0.05437845709756656
2014-07-08,0.6958778260911782,0.11666492931578079,0.5847876430178965,0.34551715810051276,0.05178133964165147
2014-07-09,0.7188412163838618,-0.016679371659158174,0.5682953400434384,0.324175410889552,0.0037821354213962047
2014-07-10,0.7825227374212167,-0.22614286829229588,0.5350712239170372,0.5404750029795237,0.09090851891626835
2014-07-11,0.7976889279453115,-0.14030280435036166,0.5298467724517426,0.3119645044724868,0.048211036794585244
2014-07-14,0.8087229639651008,0.16179664423451823,0.5567868725847156,0.46175315978608755,0.01885649412163
2014-07-15,0.63570843212059,-0.12451670692169092,0.5815128254936789,0.3003612378157907,0.005714112295552132
2014-07-16,0.8031663823421119,-0.19415925091172276,0.49728358952068374,0.35940466607757304,0.010193027835001112
2014-07-17,0.7166394576957432,-0.0035345101835418296,0.5926420421005696,0.34257200664816956,0.022048128101792797
2014-07-18,0.6898787964088463,-0.10916470984464771,0.5968900459765287,0.49942676262450136,0.0733006217276589
2014-07-21,0.6941513236333282,0.45632127268595063,0.4746659623823758,0.6854703157076014,0.01416325295930917
2014-07-22,0.8348922076694771,0.030524568874362324,0.5161825834641057,0.30877987821028907,0.018194818530970037
2014-07-23,0.7307408969127446,-0.06325968387994653,0.5287452882911322,0.32082732171252526,0.02578540865561897
2014-07-24,0.6964046340721614,0.08969133148439319,0.46587631009611485,0.29760677003322045,0.048117602838925855
2014-07-25,0.7101181593504435,0.07543088212417251,0.5452039798259218,0.4527390768462505,0.07354868016196228
2014-07-28,0.7336824252936579,0.16670264866403234,0.5123442907446012,0.30304361570010807,0.040080436199124825
2014-07-29,0.7147226127441222,0.3312431154898643,0.4789615946968594,0.22263464152515186,0.049611669283947016
2014-07-30,0.8235955953402941,-0.03380564201431351,0.5020289448490509,0.3133018319520149,0.033320872044814466
2014-07-31,0.7632487190788066,-0.22657445995903688,0.6074190553072959,0.2781305777466485,0.0868797595764978
2014-08-01,0.7342303976255354,0.14694430964166624,0.5425127454282228,0.47630429607389163,0.010333332397974038
2014-08-04,0.7312221364138773,0.3198949227807005,0.45208308206186815,0.43570040423275264,0.08095335757653124
2014-08-05,0.7429198479684149,0.09957194475367567,0.5492400863288764,0.33794123275206345,0.09479889285940143
2014-08-06,0.646511399430359,-0.058701111431230524,0.496716151058425,0.37343906049585357,0.07985690975532188
2014-08-07,0.7582796933765085,0.028984279382380018,0.48778869049396817,0.34623754715471766,0.073717836336862
2014-08-08,0.7020374668163024,-0.10452852292671547,0.5513149560883722,0.34958734705368094,0.08741200719527313
2014-08-11,0.7707653856097109,-0.20735382994894405,0.5308350937493207,0.43555106023638607,0.055710612536446706
2014-08-12,0.7280995264258284,0.016272680698035738,0.5259598854732809,0.5430833777312853,0.07943736780377125
2014-08-13,0.7171768865528049,0.11198790953453196,0.57605773408375,0.35222516079342303,0.09534519320836793
2014-08-14,0.7278180510990844,-0.3209534348503624,0.467276362470617,0.44475439755738033,0.0634679025923187
2014-08-15,0.7389652793089793,0.11164700300165274,0.5441011851456864,0.3683049368011387,0.08036145898115155
2014-08-18,0.7261046425591875,-0.28753764173630597,0.5612440145115689,0.4800408728294931,0.06729401882928934
2014-08-19,0.7048182229499782,0.2177950603303358,0.487864832379016,0.3236752693992211,0.01663306174351267
2014-08-20,0.6974036910209541,-0.22219781150252335,0.5600683453969366,0.49707904724118557,0.07269276202956247
2014-08-21,0.7055087179543597,0.016259576861689867,0.5947609517026669,0.5254211389812461,0.012205008163486597
2014-08-22,0.701915341820522,-0.16580457675785087,0.5272402795217431,0.37420793280632686,0.07591603352176846
2014-08-25,0.7529735041145355,0.13419927440540813,0.5578453400209724,0.3918974302435091,0.0240555859639506
2014-08-26,0.7805179182965677,-0.1345705685982624,0.6092612423261219,0.41418822701118124,0.06002854468991016
2014-08-27,0.7041045408619151,0.03689522489116775,0.5015212769000041,0.1457105730311194,0.06663139671708003
2014-08-28,0.8155387155558977,0.3338019633453533,0.4861000578930767,0.5609153789674872,0.09621430989255539
2014-08-29,0.8211521286560898,0.2979415732069618,0.5237411719204369,0.41754160526315504,0.00399908467657506
2014-09-02,0.7558238354083391,-0.06377561617192348,0.5641777529507397,0.42122230658357185,0.09762034865685917
2014-09-03,0.7996949276633434,-0.4170207994039033,0.46664278331906,0.483653155414532,0.08484471641314435
2014-09-04,0.6833525271426719,-0.17609930437918425,0.44234180015405183,0.34989270456660093,0.09307120399467862
2014-09-05,0.8016990275453861,0.05499022464717066,0.49299672640245146,0.29931438516099773,0.09233247981857394
2014-09-08,0.7342679491103239,-0.1602778256961953,0.5289890441838827,0.2364353159390561,0.043531111356407616
2014-09-09,0.7907107691003199,-0.053861493024510224,0.515327272636695,0.31862364030417933,0.052632328088283824
2014-09-10,0.74704531816469,0.1459855586457328,0.5125090587443957,0.37720168074236876,0.025148658414703165
2014-09-11,0.7534669864154516,-0.2626304031404489,0.5115354328501925,0.3554968778782558,0.09128685858013513
2014-09-12,0.7537956317496076,0.12987878846002815,0.40831175830965544,0.32657796379482007,0.00023347445850864236
2014-09-15,0.7091887181391954,0.23021929073529487,0.4438135230933117,0.46031629086147263,0.06207729306981244
2014-09-16,0.778606667641606,0.08751302731205898,0.5033258275741231,0.42409602546314307,0.04754048609370887
2014-09-17,0.7361936577870553,-0.14885317246886845,0.48974967256154467,0.4523996829217046,0.05859728874378814
2014-09-18,0.7322713794560123,0.13579375669240196,0.4057575804468552,0.38016863037909654,0.0699272265143572
2014-09-19,0.6809919993047331,0.007861166825682348,0.5419495144151819,0.47371339025995296,0.03376931422630674
2014-09-22,0.7451547794318943,-0.052023234204927854,0.515021133888249,0.3998661904474311,0.07248246788520422
2014-09-23,0.7021163709843935,0.23788659940333445,0.5064933069254706,0.46883906246343443,0.025738539928116845
2014-09-24,0.6715887659046236,0.21421261455262972,0.45000415267275895,0.3641327051280916,0.057696972067761476
2014-09-25,0.7214320946191801,0.41218609649731724,0.46269974340675013,0.4986116280379814,0.05473239828839852
2014-09-26,0.7307771705347617,0.058185444615522275,0.523957336047274,0.31075134409956784,0.0035771173410714566
2014-09-29,0.6823680596757556,-0.22073529836069017,0.479050755779213,0.26928592944228313,0.016500940699873966
2014-09-30,0.8461462281349944,-0.14326423218634568,0.6196784950778024,0.3594111674491376,0.013717919716021222
2014-10-01,0.6945716235676953,0.04360314513986335,0.5804955639203672,0.29157670352654685,0.07933281162519693
2014-10-02,0.8066454860204821,-0.060746327518974214,0.5396082258831659,0.45726430438911647,0.044774157350696314
2014-10-03,0.6738586547442496,-0.06791060644654658,0.49899590596968674,0.41009683277378073,0.05456275778149823
2014-10-06,0.7536509414007114,0.025495400614240417,0.5208855511056039,0.2784389452782706,0.027799619881763795
2014-10-07,0.7862036399089063,-0.02319568077740418,0.5208499442412322,0.3928702743292405,0.009749092913389192
2014-10-08,0.7967575224741857,-0.058223826165239856,0.4502673423496228,0.4915266222769602,0.03832273772774693
2014-10-09,0.7468453495552673,0.288162036637636,0.5419323866801353,0.37411384523075747,0.04772264797762637
2014-10-10,0.7074255932738791,0.2898754179369054,0.4720679129575606,0.48783431089511475,0.011751523038330892
2014-10-13,0.706014546127558,-0.0965974399698172,0.4835833708392755,0.2525878752020931,0.06414482737795701
2014-10-14,0.7417439169229307,0.06903972874312433,0.5537113957163863,0.33282148902716363,0.054730337165283985
2014-10-15,0.7839340917431796,-0.28287894665378754,0.5504883668348751,0.5224909484544852,0.09522246470698165
2014-10-16,0.659304805479442,-0.008474727097658242,0.5160881517414878,0.5591618799286154,0.0644137523775179
2014-10-17,0.7088602006092091,-0.4043223620187008,0.5362335542111161,0.49993980968311325,0.09665764266471459
2014-10-20,0.6532913190728438,0.026430359246963575,0.395769807253219,0.4418593924501223,0.0016402359602783801
2014-10-21,0.8138957954403813,0.2152498037336819,0.5143592829917858,0.5127790814395844,0.08729218448760223
2014-10-22,0.7068680376438954,0.04233820610435279,0.4717532543817431,0.3467570828523353,0.020111359918314056
2014-10-23,0.7544304492292488,0.19081414542464026,0.493703353626471,0.4002189306088501,0.0640754068979226
2014-10-24,0.703595611105152,-0.32349800874999546,0.4336723277474804,0.5168666746059584,0.017977525665043858
2014-10-27,0.710579120828833,0.03493588096197687,0.6018147900267479,0.3516985747236694,0.04963591427501982
2014-10-28,0.7383024254211288,0.18282640137880163,0.478029591629221,0.49135836948155953,0.06839899286709769
2014-10-29,0.703519668006005,-0.3237690416412565,0.45903225219032356,0.44000695855481103,0.014199137557608177
2014-10-30,0.7959989733575343,-0.19943774797033553,0.5295762948356825,0.38634034229184594,0.09081351038993535
2014-10-31,0.71666425401108,-0.08387746408925645,0.5406560871354328,0.36919361626601077,0.04232323794368527
2014-11-03,0.730175052649007,-0.0016968587036947766,0.44739857936415384,0.43639874373125553,0.06969384538624733
2014-11-04,0.7786175338680759,-0.25878176015925075,0.5866980970198515,0.2031913095788178,0.025950536519198222
2014-11-05,0.7770243826780419,-0.29243557410819226,0.45914696445927095,0.4957964082352072,0.01977894657708834
2014-11-06,0.7575606951781243,-0.1478683962468694,0.4840289200338211,0.23989768708219567,0.08586866086282557
2014-11-07,0.7978586138467241,-0.34959289177377534,0.5874368959274943,0.4101700802062015,0.03808581294122642
2014-11-10,0.7362883086203376,-0.14902796655347966,0.4784658221076354,0.3757158534341138,0.001020466500719608
2014-11-11,0.7125706786270444,0.08984943148340258,0.5493097226349551,0.521362540289438,0.0188291490975227
2014-11-12,0.671748987657851,-0.05915084332770906,0.5474924921782558,0.4879277654478251,0.008372819685610267
2014-11-13,0.7885679182097244,-0.2930374458449851,0.5060339104981424,0.2474647736221341,0.0007051529084333375
2014-11-14,0.7569059780923193,-0.36833128936743187,0.5207292923258311,0.3806489899365901,0.0837937788331176
2014-11-17,0.7619886529876202,0.04409241306200766,0.4247013372178162,0.45803723615345204,0.09236877059519544
2014-11-18,0.714906910738195,-0.003379574487080453,0.5617797162981626,0.4705709600769001,0.07260751517315135
2014-11-19,0.8503139533681322,-0.018182337069414998,0.5508676649102746,0.2148666219640594,0.0440382188655738
2014-11-20,0.7348577967563872,0.0021714005569597756,0.40141832339731554,0.3254841537352905,0.06472891289613111
2014-11-21,0.6790419743538679,-0.23550837526411403,0.5031157914350733,0.2101242851487932,0.04226288606986306
2014-11-24,0.640314739586507,0.16633993106735018,0.4710426969046261,0.42622918678979904,0.030438814931471603
2014-11-25,0.7499132605770246,0.22869213926486048,0.5665404986015651,0.4066851449077295,0.08183605298677615
2014-11-26,0.8136741836334437,-0.03286629212780295,0.48649307244167694,0.48053618261830355,0.026751910647785693
2014-11-28,0.7047376571391192,-0.11025842912316378,0.4939654236354232,0.25276902795822587,0.04679877193378312
2014-12-01,0.8745581281727904,0.39391546957291784,0.5482935517949985,0.5576389283206484,0.013533562274950351
2014-12-02,0.7392930178454015,0.05501183063228035,0.47571933505127834,0.4181920824309939,0.055004798709674334
2014-12-03,0.6916304182942062,0.4594486659092571,0.5727121488518767,0.3723101475005888,0.04623760271930436
2014-12-04,0.7922417112819582,-0.1766124810040588,0.5109928177168137,0.21005178392069077,0.015746126108902615
2014-12-05,0.7477751149626151,-0.07362539239612843,0.5331431928374386,0.4052084884042233,0.05475922462696597
2014-12-08,0.7375713395680835,0.3958657041610461,0.5996187874173557,0.6516776678371905,0.028626605803397764
2014-12-09,0.7616740634932173,-0.06306256381801226,0.5019725651350715,0.5557270094246021,0.01855599994715129
2014-12-10,0.7662828464038418,0.12817303510114844,0.5402807387331944,0.4481849477957135,0.09907665311044299
2014-12-11,0.7492710237022954,0.22436850787842844,0.6534710104007245,0.436445491179184,0.05877694836979874
2014-12-12,0.795986396368464,-0.1995068131280049,0.4222915731474543,0.40548690781887303,0.08895862088821399
2014-12-15,0.7287695056579652,-0.034221700504677384,0.5197109873717549,0.504362032513733,0.03819770229109013
2014-12-16,0.7518274376189095,0.40972328605547237,0.4858733226337138,0.4184285524688635,0.06681538230017815
2014-12-17,0.7277637210241316,-0.3588442581653715,0.6237249343344574,0.3820247139025876,0.053191948868613
2014-12-18,0.7703833266235063,-0.16581814878159595,0.4885278365803159,0.6669010292395172,0.07837760631422547
2014-12-19,0.7040123033592075,0.05011973209455525,0.5760281325126175,0.4417574352858,0.09928994049592321
2014-12-22,0.7114871878822897,0.11890566344114986,0.6068897376560634,0.372725708361056,0.04109124833946886
2014-12-23,0.7731673632162304,-0.19239844304123016,0.5371203148012971,0.496764771688862,0.020317668471933947
2014-12-24,0.8047772667751107,0.26758396513433924,0.5609502210760267,0.36524021642080734,0.08156750969831578
2014-12-26,0.7310940498024399,0.1517557934663068,0.5657853880615609,0.2911088311505359,0.038477750057754806
2014-12-29,0.7640050223852197,-0.10259243847858784,0.5763700924260595,0.4970467696634048,0.0013865640622432785
2014-12-30,0.8192412770051278,-0.10889524913736973,0.5476742058941985,0.6124862626972648,0.04265624434136044
2014-12-31,0.780002631392317,-0.15101566896160734,0.6179046249506001,0.3739925856958632,0.08922604872586881
2015-01-02,0.7063470245197943,-0.0922153615334055,0.6564017269827711,0.30770526423252587,0.027436692510521055
2015-01-05,0.7564164540545225,-0.1281851089621587,0.5318151197731421,0.33854322824905747,0.08620066616288195
2015-01-06,0.736486709600945,-0.04675137673048858,0.5267699363011765,0.5007732728924199,0.07112048173055714
2015-01-07,0.7944163810571874,0.37115890330529444,0.6778643105422612,0.3894920307266494,0.019874729385898616
2015-01-08,0.6982461472002434,0.18506630108112923,0.5351438088410928,0.22220041428175477,0.02610783340697226
2015-01-09,0.6974084752973759,0.08354789985721399,0.5155575468937459,0.2781242562972925,0.025777906768740113
2015-01-12,0.7538237829679553,0.047572675037477495,0.5415325808632561,0.33337046469619663,0.020263797213934155
2015-01-13,0.7354622403443526,0.11350441232503893,0.603180933232583,0.60223202945441,0.043991940716641136
2015-01-14,0.7481585456073623,-0.1507127422458676,0.6344251839611635,0.2210685104572393,0.0020803424266558792
2015-01-15,0.7621044293422409,0.09145398523345066,0.5639058756898712,0.38290147730607116,0.06696479716043723
2015-01-16,0.7682126766461134,0.2589940997679391,0.5682774033139681,0.3489872392698622,0.05962756277011332
2015-01-20,0.8174701939893356,-0.2857075077055266,0.5990214993382454,0.5383161627848269,0.025799790525979305
2015-01-21,0.7109994726944757,-0.17805268417740394,0.613565761094468,0.25098423964801575,0.038546853545903294
2015-01-22,0.8155377131329444,-0.028507099816790445,0.5684817512271474,0.5026135989555398,0.005384840085976606
2015-01-23,0.7220107051822725,-0.015878058009203465,0.6309383054642899,0.27686490762182897,0.029575551123325175
2015-01-26,0.6774421213123254,-0.15727485511032355,0.525957005618542,0.4793286814770262,0.05296834599492493
2015-01-27,0.8197226478858655,-0.023047537592342467,0.49536596054176374,0.3959608528686462,0.09329224060902139
2015-01-28,0.7165498647483736,-0.13285720937477907,0.5734085838991401,0.324989715572215,0.06003050667829049
2015-01-29,0.8050282116732829,0.2888663978320277,0.562276790757117,0.2539437485896943,0.08252173895074975
2015-01-30,0.6756057736498903,-0.2952765492252169,0.5884907230529491,0.18408741964659245,0.020592241684016712
2015-02-02,0.7196849433794787,-0.09479492062588052,0.6148571189175916,0.36874132232511514,0.09701194503919684
2015-02-03,0.823984658253801,-0.06555081163494583,0.5384167586263024,0.4469173711589676,0.03537879543937376
2015-02-04,0.7282085606224142,0.06487867046268114,0.6644916599782301,0.40267796232623937,0.06629529010312776
2015-02-05,0.7446470461080575,-0.0934627014121062,0.6005535720546342,0.25110468689393306,0.08892706395769504
2015-02-06,0.7252835619013797,-0.00039648813241048813,0.5382455780810448,0.4483709647693103,0.08902220309670017
2015-02-09,0.7381370464913705,0.21956460606401706,0.5811542738903733,0.36994836147485305,0.03340696941971192
2015-02-10,0.6977413771962362,0.13149247944365208,0.5255706325098357,0.4309609309911344,0.024921163659442316
2015-02-11,0.7570094822136373,-0.0870669518655618,0.4605973185773143,0.3296805810262657,0.06841959675783
2015-02-12,0.6609179208725626,0.21283032201081586,0.4193738870643606,0.39745847471258555,0.07225996999178955
2015-02-13,0.6922051720962844,0.15383913172816663,0.6325232038096897,0.37852649683887146,0.09819519915700198
2015-02-17,0.7271758548846582,0.010655894814937734,0.5207393949895247,0.4459927471964471,0.01787935856399725
2015-02-18,0.7359174608665369,0.03960191174059693,0.5655230751882399,0.3846660907314284,0.06691531930093807
2015-02-19,0.826603848318803,-0.04829585644519696,0.5726395883627654,0.6280414537577215,0.0031300425932799915
2015-02-20,0.8183520798643071,0.17082181489917195,0.5934019444128941,0.47006508923454937,0.07495918704897035
2015-02-23,0.7041539071540275,0.10403594467681557,0.6423925672723726,0.5268242111493545,0.06627954958839831
2015-02-24,0.7160157373558913,0.1829773944616071,0.7030582945049664,0.3526554374809271,0.01004541072201639
2015-02-25,0.7521475816068753,-0.1778732930499566,0.5663818429692036,0.3984146241429056,0.056975661640210375
2015-02-26,0.8299827464592373,0.15403068717353344,0.5461861041892663,0.2986519426661534,0.06547551336223192
2015-02-27,0.6947342420777227,-0.17311149058273534,0.6600112765852506,0.33509033631111157,0.02124668779254677
2015-03-02,0.8115500956208458,-3.9463184280054166e-05,0.5435929503343794,0.36665483333305704,0.08854036543778274
2015-03-03,0.8403608663595827,0.11278756874375757,0.5726555708790971,0.4670159972684,0.03585448596374235
2015-03-04,0.6780541692657285,-0.057863618902226216,0.5398459301820967,0.3306344671181153,0.03775859410314737
2015-03-05,0.6993149998767388,0.08239091427182454,0.569561692213429,0.33871867502816094,0.054620093271572294
2015-03-06,0.7813256247898398,-0.24743093721316087,0.5898391370154039,0.40107586673928863,0.010014454203716595
2015-03-09,0.7223034383216026,-0.09801251456101952,0.5234459029224807,0.4984408190073756,0.09930947505608813
2015-03-10,0.796827546806417,0.16826864717533685,0.6904459996026083,0.3372316269855863,0.0688914574336588
2015-03-11,0.730556270745315,0.23343036543296744,0.6041072085355713,0.5198829799884627,0.0159764745036615
2015-03-12,0.7563948875153099,-0.18743218419051053,0.5571389078765738,0.4354039448219618,0.007197278551742426
2015-03-13,0.7817709660834593,0.155793288441727,0.5590778235092179,0.28462395114579436,0.03265279633996646
2015-03-16,0.6916709477047688,0.015915685432684127,0.682449131236213,0.22995994556515564,0.043180008324347596
2015-03-17,0.6851330573511989,-0.0037337828736871887,0.583822735774227,0.32492860889922626,0.05909721562650369
2015-03-18,0.7592608116208399,0.3492959104477027,0.5851700392127638,0.4947095013331744,0.05172695674960856
2015-03-19,0.7451141504735094,0.21910149591954245,0.614560151428812,0.3941784951411352,0.002424473522772086
2015-03-20,0.7990799766409779,0.013642730654457811,0.7284102007467238,0.32404271503396986,0.028494464619126126
2015-03-23,0.7568079036520527,-0.06788647954281558,0.6240168721199595,0.299840035623939,0.061031292864083264
2015-03-24,0.7576496710518491,-0.0728899961736975,0.5504483992838066,0.38655886109614745,0.08692900624756114
2015-03-25,0.7565837827810078,0.1894891819953121,0.7217415408721067,0.4288990350318766,0.05070342543047245
2015-03-26,0.7451240177606517,0.04570366224425458,0.55803448028297,0.3655363138787435,0.014325694108806375
2015-03-27,0.7501950269241093,-0.07392306635480402,0.5293995621414036,0.4877926139664809,0.0076988454867117475
2015-03-30,0.6855746305861824,-0.006977838493976049,0.6410562295271839,0.4009186797899486,0.016023234538699537
2015-03-31,0.755694620516101,-0.1559130828458181,0.5924662936161095,0.39385441175075037,0.06621822508812154
2015-04-01,0.8002615619695159,0.46655896302826705,0.532339014131857,0.20262335748892368,0.0516975374524285
2015-04-02,0.7973556027895485,0.1315961474492519,0.5810167076190441,0.36583438995182616,0.06453551869396451
2015-04-06,0.7174124700663768,-0.007007201721861253,0.608631703641067,0.40749323566980966,0.0958723463577899
2015-04-07,0.7593328701688059,0.05771856829053928,0.6641370461134408,0.24451018579524814,0.009547929830436298
2015-04-08,0.7544560250140665,-0.059827587527198446,0.6675512148496058,0.4058543250093231,0.09741460063702272
2015-04-09,0.7901479640895543,-0.0010876575933538382,0.6311297882866027,0.49468308843581266,0.06247418308763534
2015-04-10,0.7188432759730227,0.0155928639177297,0.7813760430540899,0.45267127114736094,0.06440461511989055
2015-04-13,0.7421007337787094,-0.08019051095371021,0.6584669117755917,0.2869534437835741,0.05945618354136989
2015-04-14,0.8061403039875625,0.05572115650712908,0.5790086147394514,0.3712636278899159,0.0757594140723751
2015-04-15,0.7385091647625395,-0.030002911109456312,0.6043616258279859,0.33851007809569533,0.08935381482853355
2015-04-16,0.7333979461014682,0.30994549429176615,0.6280956076949634,0.4376145255724315,0.06499201422134708
2015-04-17,0.7048560945594046,0.15126178548683306,0.6542745675920696,0.3286209730053043,0.06817095024364209
2015-04-20,0.7594907476019611,0.27905675655537066,0.5442933574843718,0.46903057652762953,0.02705903298883754
2015-04-21,0.6456303566646812,-0.09344466983765332,0.5907984037737672,0.4022835060087405,0.012789261554879007
2015-04-22,0.7365627383182903,0.227244975670896,0.6583373515912653,0.40131960616046514,0.051600941052258
2015-04-23,0.763295339956773,-0.37762888791575533,0.6302985533716798,0.27098120862709035,0.09834955893843453
2015-04-24,0.7375154499031004,-0.17043220026688477,0.5220826378608079,0.46209522640365946,0.016901851172782246
2015-04-27,0.7658719484170883,0.02613619615770867,0.6670310398307433,0.29284909124581415,0.012442997837910409
2015-04-28,0.77628983646632,-0.12694449012245054,0.663658582368234,0.33205074918825916,0.09524312132558957
2015-04-29,0.7986606746571874,0.46275987808009705,0.510922276286085,0.5054552131652121,0.002183726250719376
2015-04-30,0.7384807146401509,-0.3261656631587392,0.6104367048313034,0.37088304053334586,0.03419498337276753
2015-05-01,0.7542999038755916,0.5071262238301832,0.5819445500410241,0.53578923197108,0.026421112899166033
2015-05-04,0.6633782618746584,-0.1756938099048446,0.5191758975385883,0.4344380935998913,0.040330143449727233
2015-05-05,0.7027845559269253,-0.027240833893206886,0.6429040773255225,0.22777311741768289,0.06577462295979108
2015-05-06,0.7729290265712816,-0.12237311061790579,0.6736142980336705,0.45743702788771096,0.0426410198094813
2015-05-07,0.7287250442610819,0.10923529210044268,0.586740753704181,0.3988780430496166,0.06285564684105059
2015-05-08,0.6744508425967428,0.1467494737878949,0.6184317293609818,0.3215612377644448,0.09880568024665282
2015-05-11,0.768893433005631,-0.17153399958583998,0.6162600750504716,0.3315402996786163,0.04979654667028251
2015-05-12,0.7730333158696139,-0.06573450006570668,0.5906248709905996,0.3993324130496163,0.07756000376541602
2015-05-13,0.7484747890055722,-0.040593142094869056,0.5857200914907048,0.41475090593431585,0.027649467951110743
2015-05-14,0.640415684462878,-0.23403608248516675,0.5560157125875298,0.33637214072290816,0.05446611278127547
2015-05-15,0.7336878576645652,-0.10246831227607311,0.5321121182579698,0.4485224213591552,0.09251908447697116
2015-05-18,0.778622333464316,0.09345740336831398,0.6012623712128217,0.3246964579224337,0.047820568661812016
2015-05-19,0.7819161725642757,0.2139176446668108,0.6349566133970348,0.23744041305046848,0.00991346334884543
2015-05-20,0.7349010323163333,-0.4450284318460085,0.5208230811242637,0.3604150851693154,0.09310546435865104
2015-05-21,0.7108803517384454,-0.43478158597137756,0.5152041568297773,0.42912911583985386,0.015146724277422597
2015-05-22,0.7372121563352672,-0.4429336618541288,0.5896507402073956,0.3305445649045483,0.01996262891620071
2015-05-26,0.7562588706698945,0.21852760257425186,0.473896279349848,0.4089988649488199,0.07449629389570776
2015-05-27,0.7589902795540721,0.2390060603119958,0.6883787124992863,0.5421832816262482,0.04032095016123312
2015-05-28,0.7428942938161801,0.2671719663026359,0.5596042227623039,0.4959478563574092,0.045364121006022357
2015-05-29,0.753238612445216,0.02785943241103907,0.6849948550412266,0.6179877011204254,0.07878848732018057
2015-06-01,0.7961056046688135,0.4756166001816775,0.48774623792462896,0.3687024963340308,0.04494452488757718
2015-06-02,0.6608019111231318,-0.048616996902149025,0.6474614288037843,0.4604694109534696,0.07122777765522141
2015-06-03,0.7732351969419433,0.11520367859829657,0.5759303710131572,0.6264603395801227,0.07346282038572259
2015-06-04,0.7292249084417787,-0.25350783962665174,0.5145493235570402,0.5713731295324778,0.09064801541359375
2015-06-05,0.7248683571025666,-0.057021456455552455,0.5150105230363019,0.4285851954418816,0.07607510470906276
2015-06-08,0.7644075052559518,-0.07324664120789208,0.5676747341554528,0.26316263723261946,0.06890951661180382
2015-06-09,0.7166230551834851,0.058933484840453236,0.6197747946290582,0.44926902019353077,0.05675573784174579
2015-06-10,0.7601506014700535,-0.4321571924081239,0.5741335248266857,0.31497737205783494,0.06597367882416227
2015-06-11,0.7668339501663715,-0.18907163081438166,0.587130799306468,0.6355229863043487,0.0898373520216951
2015-06-12,0.6738830559866277,0.06417112977433201,0.5740460477224976,0.48944495527281295,0.08831323797824574
2015-06-15,0.7409865812988492,0.23230799970568372,0.5647515440883931,0.4767501949394066,0.022962998593367746
2015-06-16,0.7701065751578356,0.005023138416384364,0.6112684853872457,0.3043775205739442,0.011791343668590748
2015-06-17,0.8254539987815838,-0.25958180617831056,0.5449594400475365,0.5242416821149743,0.04307189352044019
2015-06-18,0.7875691987039293,0.0071913467318318386,0.5818662867118737,0.6286998869251733,0.08160030016415282
2015-06-19,0.7230242948329629,-0.003207827192941461,0.5069769578891197,0.5153683549344477,0.09649830095550449
2015-06-22,0.7867493268598873,-0.043312846937228214,0.46792167861688777,0.42154664056082725,0.023866738880244723
2015-06-23,0.7403934302810365,-0.11038234235224179,0.5977708031792303,0.6837446555121839,0.03572164591480732
2015-06-24,0.8313812643662142,-0.41528257016728065,0.5575292782992691,0.4985384287444333,0.022716450709066985
2015-06-25,0.7462823454256221,0.18542132435638317,0.42265071716511526,0.3385480764003611,0.02903393164704933
2015-06-26,0.7231111056020355,-0.0768172040506479,0.5405227528799526,0.5953182445400995,0.025344428270636654
2015-06-29,0.7807848100481142,-0.13626128723549177,0.5459489225189506,0.4285153319655588,0.028751253566968407
2015-06-30,0.7939225676717204,0.0018976241165912918,0.5744719639678972,0.37203378904581197,0.08549790494366681
2015-07-01,0.8040930875386996,0.11426180218948152,0.5352182482028867,0.4033362743406061,0.0006039714325308809
2015-07-02,0.812599062839944,-0.1927440348924157,0.6254612695136791,0.40697286170128194,0.08134708435791853
2015-07-06,0.7832088363719429,-0.05962910459265999,0.5626835038562189,0.49130777918438157,0.05074004692005284
2015-07-07,0.7015651077404607,-0.18699182152849358,0.5613345372110078,0.2466167705271971,0.05550983989827216
2015-07-08,0.7879361397217386,0.16130027719494008,0.5615506968512491,0.48158843868106216,0.0675535158539312
2015-07-09,0.8273498895970383,0.17536570427391573,0.49492166480631944,0.43913436088446617,0.07780271322354777
2015-07-10,0.7393392585712529,0.09172535849008487,0.5205323843780527,0.4449992229023568,0.037887537021730845
2015-07-13,0.7528668763559165,0.2766599893616393,0.5764198973971822,0.4253830409286091,0.025004170824138562
2015-07-14,0.7670417637040445,-0.1381785861383157,0.5424681575508316,0.4696757996412484,0.05498055893174937
2015-07-15,0.8063066843355817,-0.05773001938241773,0.591700393886543,0.5292172649457498,0.016442330588618572
2015-07-16,0.7419267894870232,0.2427969911527985,0.5910679681831928,0.27080621452361103,0.022496463713158412
2015-07-17,0.7529212986429601,-0.7455973471931451,0.5352723224344403,0.32205764245619106,0.05749091450319597
2015-07-20,0.6546572172590008,0.2658452612971306,0.4813178572764931,0.46114112555137265,0.04964610635212813
2015-07-21,0.8095026399919288,-0.008309900692055774,0.5391521293259458,0.2940846246101283,0.059880365586092776
2015-07-22,0.7639056097252047,0.332026879860796,0.5843436076364854,0.47296844458339504,0.06622328289404011
2015-07-23,0.7945082797255284,-0.06725695558232725,0.564110395701677,0.38287389447063436,0.0612922415642545
2015-07-24,0.715142006747665,-0.0003105006744492224,0.46547727620258655,0.44970046325490975,0.030080528698075006
2015-07-27,0.686527314558576,0.3138964195223891,0.5174960504908802,0.532805646472368,0.05900935073018494
2015-07-28,0.7049285945086073,-0.08772219512769477,0.5563954333014371,0.3837040750561274,0.09432268580142233
2015-07-29,0.7112023377249047,-0.18120029538698534,0.5812833619155101,0.06891868895399456,0.07729767874719701
2015-07-30,0.7412637392830036,0.19250894026013704,0.5311801146531221,0.4601112606943196,0.06400206733508998
2015-07-31,0.7040728454665781,0.3037316181881213,0.5663406152945768,0.24792387943878114,0.01648677470373706
2015-08-03,0.7634588514281894,0.0772032351321892,0.5975854253481119,0.4027845801313391,0.07277529187369527
2015-08-04,0.7627413913734035,-0.10576579369822847,0.521621067529153,0.4907802943117083,0.08290311703398814
2015-08-05,0.733877866033537,-0.10912354552629065,0.5681255425975243,0.6628674583546803,0.02151664129386004
2015-08-06,0.734439413704902,0.20943967769360972,0.5095861402495817,0.3002310191844674,0.07052604552908817
2015-08-07,0.815816890281671,-0.05561662008993093,0.5708514076847153,0.4023775036808477,0.09429199808139525
2015-08-10,0.8029833028456099,-0.2492245124654504,0.5435137822120834,0.28499298284075936,0.08059243297758756
2015-08-11,0.7972744607831991,0.17632840245097559,0.5719680806664651,0.3823431733045862,0.02591540071525197
2015-08-12,0.7817693682768903,-0.06963722297965563,0.5522784162556064,0.39112310115607574,0.06235924700955342
2015-08-13,0.7651915108576175,-0.08024943971424058,0.4823483492850524,0.25714344261360544,0.056327535308751335
2015-08-14,0.7309514169406663,-0.19924271290471363,0.5484405317789665,0.4533200590965821,0.03630557755913451
2015-08-17,0.7804674098217931,0.4369818073996256,0.534214724818042,0.5188889171601273,0.038559258639770104
2015-08-18,0.7945853374236701,0.36768147756537883,0.47324738173305747,0.45882796373408063,0.07052427898670113
2015-08-19,0.7546258799210946,-0.11053948288970417,0.426212082639251,0.4508523717627888,0.030818990334233055
2015-08-20,0.6459137726300928,-0.22657973891846825,0.6110451245655268,0.4189906964146777,0.08171314745273972
2015-08-21,0.7670612677666664,0.1696653848926896,0.48732956327820853,0.4365545406255353,0.07847550261573286
2015-08-24,0.7369824873775266,0.2560366535719662,0.4319148836854148,0.25109428528528777,0.08970699190665538
2015-08-25,0.6872805723824008,-0.011269598079461004,0.5116202126330862,0.28932787394119097,0.04909943108950056
2015-08-26,0.7518835511283453,0.002836783812787713,0.47095504874751604,0.40666605070893586,0.05616090190795817
2015-08-27,0.7698347835463851,0.38125634432000116,0.4831506668254126,0.4623263609122589,0.08257733592536035
2015-08-28,0.7280655933920718,0.2536716258234299,0.5070408223299623,0.39316629170660117,0.019670105008081508
2015-08-31,0.7748981690657272,-0.017619519958484715,0.5327533638148418,0.343967613134101,0.012693026500963168
2015-09-01,0.8064819862202983,0.08994808620107056,0.4189077362945977,0.25635297438047805,0.007164925390638188
2015-09-02,0.6969751002508202,0.15120463916694848,0.5212680151794831,0.2284017949207927,0.03493207195469861
2015-09-03,0.7071299364805815,0.4888275702766143,0.4751808472670974,0.4111726336069668,0.010014223023224623
2015-09-04,0.7065266676726085,-0.18102338485186412,0.537644229868205,0.4917441013478123,0.0863907880035631
2015-09-08,0.7156664344584868,0.3700983657867462,0.4459574848404734,0.35030431284941027,0.03456545409525585
2015-09-09,0.7503355905356757,0.10821784101673733,0.4749142852398542,0.4410330736985991,0.08026015496717907
2015-09-10,0.7449384032841739,-0.2337370550982429,0.5089022503368072,0.4554389391096351,0.05925192628400973
2015-09-11,0.7869142255678478,-0.3709234219583257,0.4614101659973989,0.46130645113807445,0.020774206711631528
2015-09-14,0.6382537614378506,0.07367152175959059,0.5311536120318474,0.46662266509394157,0.04412928761948827
2015-09-15,0.7571135752964535,-0.045407350588474754,0.5205515140817807,0.4098134387510608,0.09102770203135711
2015-09-16,0.7004217747480871,0.04847534645577693,0.514731062302315,0.3514297976922227,0.018589342300366407
2015-09-17,0.7848649998032057,0.1386225884497664,0.5836041398927441,0.3523628089690479,0.0564243066073376
2015-09-18,0.7569484234937491,-0.11329165748130049,0.5701564143230973,0.34470358337158014,0.06563549129558151
2015-09-21,0.8177970525483519,-0.13269240585009637,0.47203321990175046,0.36692642721928065,0.005960080132196877
2015-09-22,0.718455350836289,-0.016572142783206123,0.5234051140302567,0.49975826708501625,0.07062847297690583
2015-09-23,0.7650403771714328,0.04024624939327884,0.5683440862220346,0.5889219376249594,0.05125396198314394
2015-09-24,0.8147942650757064,0.20310759717342403,0.49620150794104956,0.3637346933380705,0.02678754908029194
2015-09-25,0.691992397805634,-0.3536237270668722,0.5248762028559095,0.39813044701662775,0.026037500955294335
2015-09-28,0.7170899720528016,0.016630525068356213,0.5200165794855213,0.4115867951392842,0.08910856096550697
2015-09-29,0.6810556569260894,0.3406840980375119,0.5095952394112465,0.3043170117919736,0.09252288096999385
2015-09-30,0.757747023894915,0.033395854456689834,0.4866613892683833,0.2770842017242525,0.060498870832698164
2015-10-01,0.7192325714155777,-0.12498837589958887,0.5745150407960447,0.4584432060630451,0.07156972231333471
2015-10-02,0.8487369430341033,-0.2898971869855066,0.4709131090022832,0.2345713877312199,0.07595726283653641
2015-10-05,0.7016620968402909,0.07674338196183916,0.5274242915781252,0.5485148307211914,0.0997014152649579
2015-10-06,0.6823729388822013,-0.14925762030891587,0.3422553151335147,0.2949188222330228,0.03176183880645949
2015-10-07,0.7846593668914748,0.19047566442076747,0.4958836240356576,0.29674485892920344,0.09973347991519077
2015-10-08,0.7557417701530995,0.18942399919818517,0.5286284896199606,0.14793845477903927,0.03445741096722421
2015-10-09,0.7837884278302851,-0.016536749464986466,0.5308004536209232,0.3686608208698715,0.08655158661868653
2015-10-12,0.7152311043362236,0.013763586467441325,0.4804479049138711,0.4203743633567476,0.08399371701150066
2015-10-13,0.7846231831825287,0.12143139998043236,0.45648480326997537,0.12595363021490646,0.04403136383106657
2015-10-14,0.5897118779269551,-0.11149369473766174,0.4486827977630073,0.28826032853770467,0.034467589673571844
2015-10-15,0.7323810719840583,0.12088027072907899,0.5492801845147289,0.3524838490738365,0.0698280119848058
2015-10-16,0.7461546537511825,-0.03311179753566058,0.4125121817394288,0.3576261785304232,0.04811279461806761
2015-10-19,0.7603136001728321,0.06436263192543448,0.5120523982157609,0.25851481247331676,0.0351131449826391
2015-10-20,0.7781238236728273,0.32664259921734073,0.46210410455649825,0.3675260873017248,0.06999938212527688
2015-10-21,0.7573949008652116,-0.38253854369817947,0.5388320276285609,0.563384122320715,0.0699763082169723
2015-10-22,0.7120431438942892,-0.1072262444664599,0.4908811266071577,0.37451008801040336,0.07915391747655975
2015-10-23,0.6962852122122167,0.10669699358961296,0.568505607237981,0.3262838200904388,0.08620247326395843
2015-10-26,0.7641125766904004,-0.06994966229778277,0.4858170338567333,0.41674549973119296,0.09515697055090439
2015-10-27,0.7133679505871626,-0.060606894495446276,0.44077912778303485,0.4288755017060904,0.028842393300622507
2015-10-28,0.7496596385623112,0.006585666388553457,0.49036465630110176,0.16590045736487036,0.08562744592711892
2015-10-29,0.7350065278239883,-0.05002104446180601,0.4528993097188342,0.4205547224298968,0.07120466524591247
2015-10-30,0.7875175243044948,-0.14066869916757807,0.5054606904972827,0.5554189679962735,0.07584611763214781
2015-11-02,0.7616006866009686,0.3458016075755218,0.5561583242227375,0.39763009092543017,0.08833987571708343
2015-11-03,0.8207154074682244,0.09285177078904187,0.5079991202370384,0.2861161712078283,0.0028971907131510656
2015-11-04,0.7497869947728815,-0.028469264360237057,0.4873807384896454,0.25489105853261185,0.06036810631067061
2015-11-05,0.721960322650855,-0.30897426393228067,0.616241076245377,0.4161644378031686,0.012180268626451975
2015-11-06,0.7298508937746934,-0.027283702979274727,0.4844073287578003,0.4236102209168019,0.05227595698172306
2015-11-09,0.7058024130966595,-0.13421610244645849,0.5693046787490279,0.5021759056238463,0.008601207570829762
2015-11-10,0.7536913959446155,0.03383812095724883,0.4538265458466857,0.42513538359338254,0.08255016102977508
2015-11-11,0.7713000747814369,0.07414166896276465,0.5423538674816637,0.3081694472405471,0.06472203219594704
2015-11-12,0.7515409808566552,0.017929247617940996,0.4331989736452033,0.3317640123560197,0.06888066582238538
2015-11-13,0.8016259243936701,0.3796412482221547,0.5001123047512654,0.5250952961631641,0.06848353005960629
2015-11-16,0.8065583108897133,0.1849436955278396,0.5427589022605711,0.2429819883546841,0.06024713529191557
2015-11-17,0.7157774441446129,0.13212953791164736,0.5977476587211781,0.44278652067099267,0.09223088117610201
2015-11-18,0.7967388567566301,0.3910383964929471,0.551168343461305,0.3853246564651175,0.050761625226813656
2015-11-19,0.7139434676779217,-0.10303262387631157,0.518255434829725,0.3712506514811927,0.09207337219493911
2015-11-20,0.6812438077970907,-0.027499480330321915,0.5683190050030735,0.3888716163147927,0.07527955240228339
2015-11-23,0.6950706456526111,-0.08199424444680752,0.6180500425101806,0.3247411731503037,0.0265151194525078
2015-11-24,0.6796948079660039,-0.12191109914032937,0.4164035063258069,0.34069338419993395,0.05830487243300994
2015-11-25,0.7058682900970805,-0.03714573312997575,0.4194171552375907,0.4420268352393878,0.0953747525692331
2015-11-27,0.7382209100634817,0.05241837683420793,0.5329250782485542,0.4496559853855937,0.0823163451121783
2015-11-30,0.7107958578048243,-0.017339919563160718,0.47713063155673685,0.3028875426004604,0.088987990032782
2015-12-01,0.7699918870003712,-0.14719869900254556,0.5440026929830086,0.3970276429379538,0.009878655977323514
2015-12-02,0.7408672976683002,-0.40347855064561877,0.4136763255746362,0.45181297985998636,0.022464089633463115
2015-12-03,0.7740957907768653,0.2761400802583906,0.5011920048863836,0.330849685578968,0.0784247484143737
2015-12-04,0.8188015854092624,-0.1687760109349452,0.48279475674313643,0.36122986501867116,0.09404912656255211
2015-12-07,0.7397584432680374,-0.11609002321795317,0.4449440931129888,0.3983806748239626,0.02792448130055125
2015-12-08,0.7205564797029699,0.14429437051424981,0.5984002816926842,0.4259045177451716,0.01376592179947167
2015-12-09,0.7511521402065645,0.31599667227920775,0.5236834083040237,0.3951279353057766,0.04207843731420946
2015-12-10,0.7093186230093214,-0.45413605399002643,0.5760695874514674,0.3139295553679333,0.06490161628078829
2015-12-11,0.8129292846536361,0.4039169463313583,0.49876960685618316,0.478807939342209,0.0631508394347545
2015-12-14,0.8664608185520375,-0.10626128792541381,0.6194955164589291,0.37808251404339466,0.06070804430073669
2015-12-15,0.6925664304580099,-0.1213749376239226,0.5106836046331213,0.37239594616956023,0.016537633307526178
2015-12-16,0.7307962294022975,-0.08249198821714415,0.5259132438805599,0.3963923809739601,0.07643640607799013
2015-12-17,0.8015703092193259,-0.009531322540086366,0.495140174995763,0.42701373659393327,0.06390050858481469
2015-12-18,0.7443532833610452,0.011117971103877144,0.47171004883847256,0.4249117033071487,0.01558943689940321
2015-12-21,0.7425395045863121,0.010785790059808814,0.616532093072543,0.3880757635042386,0.08280545216253273
2015-12-22,0.7487998658246787,0.10957708733379637,0.5253394638161291,0.3418014991833359,0.09561775242444313
2015-12-23,0.6925688558381756,0.07881179158828178,0.5714276072332056,0.5292066024721828,0.0907873091177855
2015-12-24,0.7541996150414084,0.15183533584757214,0.4582410055852898,0.4150501086370209,0.08712966995271001
2015-12-28,0.7512722461533614,-0.2724169406700335,0.5156861743474045,0.6644140071978979,0.03896667601313193
2015-12-29,0.755493993617801,0.10864339202333172,0.5436360985579456,0.18610912765085202,0.09377067917925776
2015-12-30,0.842846800256618,-0.2393867376960436,0.570722925100023,0.41756636147394705,0.09748936389020599
2015-12-31,0.7476538361183802,-0.2504931983170787,0.6460728293393241,0.523125336409029,0.059623297757092665
2016-01-04,0.8451474017206198,-0.11561840276796974,0.41495375615248054,0.5026136942942654,0.08779177438292145
2016-01-05,0.7511578599215079,-0.12621056894629423,0.5628645859294157,0.2541502590469188,0.09800649661223647
2016-01-06,0.8267101151382177,0.29658449819755794,0.5690731846593051,0.4861966874631066,0.09271845537111809
2016-01-07,0.7396054948871263,0.09052450830889325,0.5622281897354586,0.37847863484446714,0.04007891967534767
2016-01-08,0.7145596549804695,-0.04814651839711152,0.47545266162148225,0.3226567535659437,0.07606637936045199
2016-01-11,0.784099343324652,-0.04107396748117151,0.5768290835881231,0.30795255955223255,0.055154736730462554
2016-01-12,0.8035276128761593,0.25471888047919744,0.5511997018546269,0.2602364940039016,0.011441491025617846
2016-01-13,0.7574491954128562,0.18892420549245337,0.5388205468591686,0.18129099653798253,0.05172237582580345
2016-01-14,0.7196042178715167,-0.27729526967636303,0.45956153285949325,0.513857337686112,0.007882071532236957
2016-01-15,0.8150701861892127,0.01659713936194634,0.44537277824824184,0.5721392247674398,0.03232294583772843
2016-01-19,0.7740452202941954,0.10520227300628893,0.6177938111896292,0.49082483730147186,0.02969577164940339
2016-01-20,0.8017794206727897,0.18752918563609236,0.6476817966826675,0.405515217504581,0.08453012828329515
2016-01-21,0.8156475822418328,-0.19498775860060993,0.5296729378603574,0.6061822103961887,0.0917616992344828
2016-01-22,0.7440970573797643,0.08366726170896534,0.5689682598118396,0.44799632670139106,0.03687326840838934
2016-01-25,0.7816469284251405,0.13548344328152614,0.5638698277290554,0.3672680601672838,0.061483874519461794
2016-01-26,0.7557426020611188,0.2493633411461325,0.6238704334015096,0.45032859829042937,0.03989237741857844
2016-01-27,0.709540333025711,0.11762113956839147,0.46451370328743613,0.36876836104358884,0.029531871956848824
2016-01-28,0.8026364974336099,0.12114429215269394,0.570809302917449,0.34769534114038275,0.07944147502118061
2016-01-29,0.6485677219898072,-0.14036911928179072,0.517878698788951,0.535402672492969,0.012595723023379846
2016-02-01,0.7093007171502843,-0.1063066495670801,0.5607301157573238,0.4306149707950441,0.01090529620585108
2016-02-02,0.7614749303751946,0.11895458742467005,0.5594347942205015,0.4284357852749818,0.04199490727771776
2016-02-03,0.6834244743335803,0.07381745453067418,0.5284117022125374,0.34043699039529496,0.08529122279588164
2016-02-04,0.714101119816434,-0.05896274959693298,0.6545855499578146,0.3638113906386848,0.03611603120237727
2016-02-05,0.7830921287649828,-0.009903514636713042,0.5213359889534596,0.3318869544402917,0.07181951137465602
2016-02-08,0.7417350553708976,0.08697570469980623,0.5742096260466005,0.4481696173989711,0.09123821578941764
2016-02-09,0.7706454237285455,-0.30894161495258454,0.5750325633142835,0.4270163820174313,0.054720323779718597
2016-02-10,0.8325547332070661,0.2743345868510357,0.5992405184092849,0.42576741898102183,0.09835412577279241
2016-02-11,0.7556787309066819,-0.03304780519323825,0.49516587279557855,0.41362355672687556,0.06147682672293692
2016-02-12,0.7694333938074064,0.4914690294189445,0.6984031276724858,0.46687343449971486,0.07699640122393953
2016-02-16,0.7113751361740941,0.20223017058612391,0.5354755433382555,0.5329868214338385,0.02280144848025213
2016-02-17,0.839529430748712,-0.1449527373448736,0.5334940178725746,0.391887563916844,0.0030099231150196195
2016-02-18,0.7207160047199127,0.06917220736180406,0.5000018922092851,0.3427407546224447,0.05739199756851249
2016-02-19,0.6402691038869692,0.035582282408399966,0.723004374095336,0.3665912761101391,0.046568368159123866
2016-02-22,0.7952347536730516,0.1848620085955832,0.5784153858610913,0.4063737214662802,0.08601269490457426
2016-02-23,0.8455486764995434,-0.14022985943759717,0.6175321815029438,0.4015649682805977,0.07198811748072023
2016-02-24,0.714939785570931,0.13337926543344317,0.4619776173123039,0.376369413885411,0.04598838590588571
2016-02-25,0.685943667508428,-0.06844335801173343,0.6163238425028765,0.3070613603130045,0.06203950077665124
2016-02-26,0.595711591166686,0.3442078680630234,0.4768091931277354,0.4241567944180832,0.03667682011704065
2016-02-29,0.7858004613056828,-0.11942361579239257,0.42850859308768524,0.42855746251272403,0.015004920748249896
2016-03-01,0.7888606903991298,0.1018410551821548,0.6333186435214256,0.38816643264641837,0.005151234331059174
2016-03-02,0.7804947067505568,-0.145159413043171,0.5667436489153269,0.4985899290386194,0.04371156599430287
2016-03-03,0.7611796438424054,0.414488531791097,0.5562460979804502,0.5140133184367693,0.07014818836796886
2016-03-04,0.716243015353383,0.01487660228277577,0.7108790574659529,0.38128934275088006,0.05128758658620889
2016-03-07,0.8238045068013027,-0.02146295639699274,0.5451491918177321,0.3593841633744546,0.02338664138170631
2016-03-08,0.6476673359749956,0.1138300222645574,0.579332779066287,0.4486573704035234,0.08153740817045496
2016-03-09,0.6980967346569632,-0.07251899197196227,0.6483626524210486,0.3224241319449373,0.09074373719787648
2016-03-10,0.7167594183764145,-0.24999859028359644,0.6395865284058491,0.4220645357756161,0.07521261258760288
2016-03-11,0.6957955480690432,0.34630419501130616,0.5736226453791219,0.4062470652338831,0.031041266080034838
2016-03-14,0.6699130492686634,0.09415176380813692,0.64292912473008,0.5637041627569438,0.018294294137708812
2016-03-15,0.7596703336512575,-0.5172136298621391,0.4689712867109861,0.44041332636636965,0.016169881529853037
2016-03-16,0.7114180596069105,-0.054950548294311286,0.5763585686174839,0.5246404057155984,0.0776544578293481
2016-03-17,0.878493855611008,-0.20095195113101794,0.6302427654488449,0.4334307962156657,0.049228666909249
2016-03-18,0.7520840633069846,0.06963410898498112,0.5613293985272094,0.3894932570868459,0.05724120316283426
2016-03-21,0.6916406686749758,-0.19262682427473535,0.5881900937844816,0.37053008176367874,0.06432912352995128
2016-03-22,0.8465891905566761,-0.1636777481827089,0.545922833994499,0.45959886529119737,0.02476933314427995
2016-03-23,0.748982549352738,0.1892510046549775,0.494755208687066,0.38257201238671845,0.018906328131439654
2016-03-24,0.6880715417903256,-0.12000302562780724,0.5225901395188547,0.4334510770493236,0.046597920328714265
2016-03-28,0.778013304068145,-0.17369106418495306,0.597740326087782,0.4343874435933844,0.013031435906364908
2016-03-29,0.739135976423839,0.10884379337115668,0.48589128248372715,0.33177145119331675,0.009669874115134414
2016-03-30,0.8070543743911721,-0.2200882964367602,0.5573986170034878,0.30506768065430534,0.013490464753002009
2016-03-31,0.7824508605075313,-0.08204899604308738,0.587971857691378,0.4165716877837161,0.08857380088712345
2016-04-01,0.7565660029584522,0.050027483482354064,0.6820109221948728,0.4391261369753939,0.02503850626287797
2016-04-04,0.7513116589151944,0.1386819687650344,0.5267980785237747,0.345539626009982,0.026913337209601984
2016-04-05,0.8466825386902084,0.21627874455536344,0.5299453075718634,0.6182551271699959,0.008331093870506701
2016-04-06,0.7857550197913223,-0.31082994936421476,0.5862668199216975,0.23065418697769208,0.0015510184343637602
2016-04-07,0.6895831829827125,0.02605209375537611,0.6053448539392288,0.4428722328884708,0.008405786948933193
2016-04-08,0.7338818660559525,0.12381129156251161,0.5756133281456962,0.28360026132632954,0.07748169759449015
2016-04-11,0.903418962486674,-0.015995252640141375,0.597313117270878,0.5478668308636492,0.0976239062970033
2016-04-12,0.7413565843223163,-0.13112471222707353,0.696753636386773,0.2725518682674366,0.09625337683925113
2016-04-13,0.7857317805993075,-0.12386583762960593,0.6430580759729755,0.2770637703073037,0.0935358707955933
2016-04-14,0.7152803580803124,0.2996531483435676,0.534099010119048,0.472607168476709,0.09833054961055417
2016-04-15,0.8410417362895973,-0.45293157924614447,0.5236794057379869,0.25525337557074335,0.09135291023670455
2016-04-18,0.8488891210415719,-0.06398777525224983,0.5477562151439411,0.43971544937699986,0.02229696247494253
2016-04-19,0.7319424603120969,0.4347921124108971,0.6035337053717222,0.3447089421921399,0.016246229809536227
2016-04-20,0.8072965326788067,0.019875464452471677,0.5747799178351392,0.4348561379260538,0.028401513306828597
2016-04-21,0.7923639793338088,0.337871767068048,0.5825814248420242,0.5144946053317612,0.03047648173008645
2016-04-22,0.6549271481626356,0.25334360545797224,0.5926955233684166,0.24117896146342888,0.08555838821983551
2016-04-25,0.8198594537345264,0.23587868905497444,0.5425540497114474,0.3507323055202386,0.04600026291391819
2016-04-26,0.7050641083490947,-0.06959697044829234,0.6206280641397206,0.36048432107003403,0.09054938898757624
2016-04-27,0.7114392955104119,0.35848316205683456,0.580606004549725,0.3813675943706669,0.04517046650845923
2016-04-28,0.7670069000457472,-0.07931104960223552,0.5436362260261275,0.3701378469689612,0.0034767432088326556
2016-04-29,0.7452516303054589,-0.05935230579793698,0.6633285537551666,0.48166205622288794,0.07463817546558227
2016-05-02,0.6482147282623154,-0.02181216684557693,0.5845775435885613,0.29047293553849185,0.09832762304756924
2016-05-03,0.7371432735797736,-0.15396778242415288,0.512926315920935,0.351476195826412,0.04380162715025835
2016-05-04,0.7263245769588118,0.012464538118728018,0.628289805647137,0.15876394822915635,0.059994869242040186
2016-05-05,0.7984776686553883,0.12177656451430047,0.5753992941889811,0.5242370960373675,0.016396181123190922
2016-05-06,0.7433625141148118,0.38352683345517713,0.65738347786579,0.4325246643724594,0.001920647433922429
2016-05-09,0.7924449503458643,-0.07790091173395508,0.5435674051955172,0.4865741666484883,0.03144711907156803
2016-05-10,0.7773521969054803,-0.17132152923201924,0.5831843017347093,0.4003504313297188,0.08938132825502561
2016-05-11,0.6981140869775573,0.0722147668157545,0.5374126160023976,0.4092050768715223,0.07923585468747274
2016-05-12,0.8160151873200558,0.3296105394063119,0.6586991967627084,0.4738587439927939,0.05700396864112161
2016-05-13,0.6281936271692354,-0.07907017393969129,0.5384332524637775,0.29368052778942244,0.08440075242416185
2016-05-16,0.7684210738895718,0.007643768867097439,0.6229026259791405,0.3867367779672255,0.08029181559165861
2016-05-17,0.8086849571797832,0.055218891362114275,0.5932507146317355,0.5685565230765006,0.0066822586887105295
2016-05-18,0.810539574654509,0.09646651682200623,0.6097129766805486,0.35619828793460795,0.07283222510054123
2016-05-19,0.7635842254016483,0.06401206373933899,0.5586046867038321,0.3597426244666996,0.08326850649209144
2016-05-20,0.7690242909626999,0.16471741622469802,0.5718425063443943,0.2059225818137902,0.019375984727788356
2016-05-23,0.7571152054595545,-0.22826405702709407,0.6037965026627292,0.5598080157666302,0.06915608150811794
2016-05-24,0.7252730386432013,-0.024548121864666643,0.5530915714972259,0.47397646124683307,0.042751836976515106
2016-05-25,0.7362875751826515,0.17808077644095963,0.5532347277602725,0.38717958442764927,0.047782472987633044
2016-05-26,0.7569170408915354,0.08965099312166709,0.6004031649345554,0.29300074229488593,0.07906620095176199
2016-05-27,0.7596507741551615,0.0701522639370845,0.5629839957732553,0.26216164262569275,0.03187667417912238
2016-05-31,0.7227253250318828,-0.07598294591567702,0.5455065640385107,0.3975871728092219,0.09793317060607547
2016-06-01,0.8611782707058323,0.22050158688938196,0.5443971562005773,0.31095408726634544,0.03295478271949864
2016-06-02,0.8436351779456807,-0.00408114147749379,0.5539022190428963,0.3509619844545137,0.0927638390182175
2016-06-03,0.8308951418276879,0.10136064824719176,0.5564473812093687,0.35243490343135075,0.01376459031253431
2016-06-06,0.7740247835423384,-0.10664408859836437,0.5986428446781833,0.4783800290352411,0.08075296291719603
2016-06-07,0.8240835738789808,-0.07882619882518122,0.5450286408655542,0.47945240602039885,0.02794971538090345
2016-06-08,0.7807952355616676,-0.16620914070377277,0.518726926326104,0.26118414699704573,0.008055441729899193
2016-06-09,0.7463068792159623,-0.05401390522732526,0.5896815661513715,0.43760078447836015,0.05157442346124742
2016-06-10,0.7452063986564494,-0.16024507413111044,0.5025404669340736,0.49880780778693345,0.0781204907360114
2016-06-13,0.7539101813714832,0.10314157908677549,0.6451406696810618,0.2779654107406907,0.023251411739332907
2016-06-14,0.7618944394745795,-0.3258115085373517,0.567435018146754,0.4085898272302656,0.05075627295003019
2016-06-15,0.7769121979835646,0.24294498295440625,0.47038795473617945,0.44713583215701874,0.05281708257509085
2016-06-16,0.8252913278484391,0.1439153639184579,0.5840059131512876,0.3377788233000442,0.016338544218970154
2016-06-17,0.7886590307339226,0.23355490568355455,0.5442350783437798,0.2628001111754392,0.07922182718995135
2016-06-20,0.7296344759694608,0.2846783697891624,0.5049303165203063,0.3971851361379999,0.08935163210002696
2016-06-21,0.7010094341688778,0.08161675540997697,0.510913914368009,0.25582885539755074,0.07180873492580407
2016-06-22,0.7339424669848992,0.24582557881578043,0.5108907316584378,0.31539577347561637,0.06151864713342238
2016-06-23,0.7858504211682394,0.35948792238740024,0.5163309773149155,0.5029596157096861,0.004459509802540351
2016-06-24,0.8277620916446713,0.0263253722017657,0.5723921398508717,0.22051638863652762,0.013597738456518606
2016-06-27,0.8138007258104387,0.24560614687356558,0.6088748139033966,0.581859204358272,0.03696757520760743
2016-06-28,0.7306613729879858,0.1464260452774022,0.5891624232784202,0.4110751579839212,0.03167163323911876
2016-06-29,0.8243756358863269,-0.12519654669130528,0.6371606870279077,0.3390656212609862,0.052594502358546326
2016-06-30,0.7172178558672053,-0.25271676350885797,0.5299934970791788,0.5045356063193792,0.016022884762706024
2016-07-01,0.7865175798031527,-0.16563895367127235,0.5547823384587478,0.5034375148880245,0.022312327751520623
2016-07-05,0.7651049873214164,0.02603043541794859,0.5132379256865248,0.3026464717360395,0.008061902951047417
2016-07-06,0.7411380656743609,0.011227821246370066,0.40284885526221714,0.4204493950439596,0.0654120062308882
2016-07-07,0.7988485968989768,0.1892521586534148,0.4993249532132151,0.4515067727446388,0.05479383230612916
2016-07-08,0.8019971991543173,0.09857028296606062,0.5098205414394711,0.43628083706292287,0.03506598920816364
2016-07-11,0.8062752378342897,-0.22513146034369746,0.42950067555977905,0.5722711782030125,0.09363418427960662
2016-07-12,0.6779811557694364,-0.1085902060925012,0.5566129239033606,0.430474389080698,0.06515506450454593
2016-07-13,0.7194322964189008,0.20851268983300997,0.5482150612481888,0.22548266165320374,0.08002668189070494
2016-07-14,0.7415824277960402,0.28537458729085613,0.5030704527775128,0.5177009520366913,0.06503898129133638
2016-07-15,0.747473981331912,-0.402214086572219,0.501754053780796,0.35302940793494364,0.0015515918296157172
2016-07-18,0.8063592818537417,0.04516927863469477,0.5111246638243468,0.5268310329688656,0.032233149276395055
2016-07-19,0.7655779538421686,-0.014173164993750438,0.5542101254124614,0.5262873151589121,0.047937451684092525
2016-07-20,0.7875216568701149,-0.04141904831965757,0.5205858158423545,0.6280022959319516,0.08146604288628022
2016-07-21,0.7458222051642627,-0.08380205596132312,0.5978141939270074,0.38387148883252126,0.041289083510010594
2016-07-22,0.7122985223487942,0.41561111620788804,0.6147631317210579,0.418206966055037,0.06690078679098671
2016-07-25,0.7254982949643645,0.024179505288359965,0.5193229642194614,0.480082600547325,0.033129585596493115
2016-07-26,0.698566754055528,0.029070619719541453,0.5813590460350516,0.5278640118512579,0.08373965220624795
2016-07-27,0.6775729709765244,-0.03487870754999818,0.5771057008809597,0.47557528206099803,0.06433653945303851
2016-07-28,0.8275890102110117,-0.06006082855005545,0.479287383060398,0.42492140226330766,0.008726602130813088
2016-07-29,0.8294864763027358,0.17965768426257317,0.4636958519930444,0.3376801568209638,0.08552325550524975
2016-08-01,0.8798330564819021,0.1998586147423332,0.5204911632303285,0.42445308794740194,0.04078548905893895
2016-08-02,0.7712161709866484,-0.2790768562886938,0.5978050786925495,0.41787934455924347,0.06524392067104133
2016-08-03,0.8094781399086961,-0.08995557103106634,0.5656525623460613,0.449560641151322,0.09454561688822141
2016-08-04,0.7859577402199496,-0.022964839193360315,0.5510470011994956,0.48043585754287926,0.06792764055845868
2016-08-05,0.7893280261761129,0.11509094590222763,0.5187076398766146,0.5298618503905508,0.09290745634922913
2016-08-08,0.8421415702527889,0.026954094426652433,0.5508455256785078,0.4093779037506369,0.020362968124365968
2016-08-09,0.7487124512318866,-0.04229567308668715,0.6088329760795513,0.1872656135243164,0.03813053416945315
2016-08-10,0.7296829513581498,-0.0752753777256458,0.5584496774807636,0.5454400449029461,0.05243760039259746
2016-08-11,0.7732942573004483,0.09118914032661143,0.5223663969069067,0.30527402305724194,0.06871329029845703
2016-08-12,0.7504803357644476,-0.30472723991396533,0.5361898996065494,0.3906271084766868,0.05511601947172602
2016-08-15,0.686194838959625,-0.12638466240553778,0.4930983952802257,0.5237557382636722,0.04120704972921399
2016-08-16,0.7775433731866401,-0.20325062034907737,0.581531396462567,0.23777895485108858,0.07374298261910946
2016-08-17,0.7606395524180619,0.04478522525617863,0.5288774626092306,0.5294271711087961,0.02581908656561324
2016-08-18,0.6263026608437483,0.04985387558042784,0.565548412889884,0.38844063282662,0.05426565680019862
2016-08-19,0.7595282458985906,0.2638403535443888,0.5057535992911389,0.4360616232630987,0.018948320194912695
2016-08-22,0.8116427706763245,0.18272806359716126,0.521436133262335,0.4522792593055436,0.04673739642768507
2016-08-23,0.809578361258952,0.030466597670766777,0.5137316899531553,0.4392231758594306,0.0376442287751932
2016-08-24,0.7899621141028152,0.628495833650271,0.5169322970974061,0.6075725249775406,0.07745377901289097
2016-08-25,0.7739660814223093,0.05427153065784551,0.41801326749400985,0.44919443029627754,0.02044862085818734
2016-08-26,0.70912990042429,-0.4390466543828588,0.5809525782802285,0.35042941099375835,0.06738445986111431
2016-08-29,0.703811064483446,0.17371963867424403,0.4265916082318224,0.4205430637170768,0.08373765206359121
2016-08-30,0.7336109326365932,-0.10266949983807493,0.5114523030022736,0.5606914818579798,0.013656163291995517
2016-08-31,0.6944856486636216,0.15514781411734413,0.42521756892245255,0.3640571090029231,0.04726664858340779
2016-09-01,0.7310551499215973,0.0777260879554545,0.5268215115417716,0.44360184801024277,0.05719144045839983
2016-09-02,0.8337402434006468,-0.012839318715217788,0.47181394519441816,0.24319782227089637,0.0027836186529382914
2016-09-06,0.7465302577726945,0.37815857595496355,0.5913451720449515,0.4513820546851086,0.015457047393163182
2016-09-07,0.7395823469841236,-0.19805539315815168,0.5932252595313692,0.3749809717364027,0.04009840268352208
2016-09-08,0.8770253966108427,0.04181432488412017,0.4702358007769974,0.4202680051687161,0.04791937987389044
2016-09-09,0.8430044644981731,-0.2417199294230609,0.5639263729550785,0.3305523180019246,0.08380900086576491
2016-09-12,0.7320244669509922,0.33133425443035097,0.41161516743122206,0.4540015631452574,0.054831790664338076
2016-09-13,0.7630363451832585,0.048683447630517615,0.5367585999749195,0.24705745045108304,0.028887097694276012
2016-09-14,0.6952947392488376,0.2508438014426137,0.4790175403124355,0.1632235964377453,0.0733002507903004
2016-09-15,0.8186073717674595,-0.11245668605518684,0.5377071359094988,0.4869872311307313,0.09689915027384503
2016-09-16,0.7305783693587798,-0.3183787641092377,0.5522502082631501,0.43577027201086993,0.04648511355174284
2016-09-19,0.8517724416229318,0.2722963829492193,0.4280987928776212,0.5566292256231951,0.05578372522457575
2016-09-20,0.7712033230981306,-0.08474614058527635,0.4722309867420937,0.4672512775165919,0.0413172264912211
2016-09-21,0.752946642957357,0.14035264432206382,0.5143565210061279,0.44526073563643354,0.0639491443813277
2016-09-22,0.7450209458264254,-0.16534118026575,0.48178599580717835,0.4007966028618077,0.001267265386503147
2016-09-23,0.8190067655102755,-0.0783994942412534,0.47054877176724236,0.5368478720204932,0.029850891659467572
2016-09-26,0.7364312596181624,-0.03297442233321901,0.5389242536041713,0.4385930440752629,0.030509950101646723
2016-09-27,0.7781508106912973,0.15629932921034614,0.5104877856866763,0.31474621994033153,0.061000866428370076
2016-09-28,0.6827885563638635,-0.19601372981095264,0.42376123660430365,0.13561797264953251,0.03594695123800875
2016-09-29,0.7785798985102139,0.03716859000176022,0.49375011656149753,0.4243501094954095,0.009799222946292386
2016-09-30,0.7774458422965124,-0.18554326020354173,0.473134110116435,0.49626405543203733,0.06233067829789042
2016-10-03,0.7236692674549507,0.04701750189250752,0.4699180665457109,0.32992447312880946,0.09006901069121227
2016-10-04,0.7585791023351318,0.01676008814711628,0.49952173967519314,0.3973236271239164,0.02772089480365879
2016-10-05,0.7431722922380752,-0.11395816338547414,0.481976332278854,0.47358610880838875,0.0695066591246104
2016-10-06,0.7863529070173594,0.10228663883569929,0.43823214254722787,0.31034694592441736,0.09523859677604635
2016-10-07,0.7977889114686089,-0.1358248441834979,0.4384617674182083,0.4420313618909479,0.004592500818844603
2016-10-10,0.7401204458520231,0.11760009605575172,0.518970793188593,0.48639184018203163,0.06348268998387409
2016-10-11,0.725282964167335,0.20258662721206427,0.48512156643518495,0.5512990986552848,0.02985442347239108
2016-10-12,0.7130128879402318,-0.2314771222376122,0.5394383655652524,0.6746750936789985,0.0351267021062168
2016-10-13,0.7625051682058331,-0.11066662270408852,0.47762885753455403,0.4360335487943756,0.09450527659615586
2016-10-14,0.8034522400982644,-0.2978713812714797,0.5688444519485126,0.27076392882555333,0.03803469171038765
2016-10-17,0.7383039827828352,0.06062013999335328,0.5902960670228978,0.3854367274036394,0.001930878776643974
2016-10-18,0.741819811558439,0.11190202091631357,0.6086882915502683,0.319679094770086,0.09591444638007252
2016-10-19,0.800529263778169,0.05034408258331377,0.4573931004180686,0.4597453838324484,0.061415018616658205
2016-10-20,0.6716367810654447,0.22475037209036489,0.469324372969818,0.3306938771264779,0.05252502027582191
2016-10-21,0.809370857260469,0.011520208088332769,0.5249035360644682,0.12820695330436876,0.0102367852267372
2016-10-24,0.7904580057529275,0.07863674348585631,0.43721729959169175,0.4576925700094334,0.049626226546290564
2016-10-25,0.7604883904524471,0.04496490722627886,0.4318931763801384,0.39790303463708154,0.04827301295599883
2016-10-26,0.7077267216112583,0.030518864905854662,0.502862966083773,0.390525700598681,0.07018825032194036
2016-10-27,0.7596359393992711,-0.0021206116132098697,0.45545061435020767,0.3261215477766828,0.08622890997242695
2016-10-28,0.794637425547476,-0.062111371280874544,0.5872704763079538,0.49589912628641586,0.008577832920927076
2016-10-31,0.7133238690124942,-0.008413200934453439,0.5339943558399768,0.33436888257117214,0.033243957821256
2016-11-01,0.7406138934319456,-0.2486407252127426,0.46814888304718355,0.38166210783060683,0.07247583818665536
2016-11-02,0.7692817718941773,0.2106395675886542,0.42432990797357223,0.44526847929453356,0.09075097889518774
2016-11-03,0.7226644695467791,-0.14227169342154386,0.5524197179829043,0.38626134315791094,0.03528552120242251
2016-11-04,0.7490000974811885,-0.45864769751698375,0.5106757993016542,0.38957251557704836,0.046154021135163384
2016-11-07,0.7420246117738751,0.09682839003739711,0.4818503125699025,0.46023424034396504,0.04872298062395859
2016-11-08,0.7217846699391464,0.15812144964518304,0.43641773881761337,0.3491388326341261,0.04965815769049116
2016-11-09,0.8087165398038767,-0.04933195549443332,0.4863650908611689,0.2701178698104809,0.06550665181241673
2016-11-10,0.7571629145400999,0.4171165230331892,0.4561766492206858,0.47846076517415953,0.05327299258189852
2016-11-11,0.7241160052389847,-0.5062311942045694,0.43474694437616146,0.2473150154340036,0.09554062811504736
2016-11-14,0.7171096518766739,-0.10116950747821474,0.4640075026246171,0.30639309374535406,0.016095818120122896
2016-11-15,0.7742948016997764,-0.18801398427907332,0.5427446694144188,0.3448834054906259,0.04413031611788644
2016-11-16,0.9413073133247041,-0.2141234441657165,0.4629148793911708,0.5236786362586172,0.015419705113145943
2016-11-17,0.7124165571961817,-0.028055258855834504,0.48937331753530083,0.3968445664402224,0.047412461109057585
2016-11-18,0.7952563573142871,0.07394972695118816,0.4624430849413095,0.28632639027206336,0.048012659983339034
2016-11-21,0.8203168380527763,0.1636683269735452,0.5305175755995586,0.3572473683729014,0.009548114703216749
2016-11-22,0.8185128849738945,0.12173857883283917,0.4875735643852075,0.23473186331565024,0.08027426902831301
2016-11-23,0.7758489735888904,0.3467602034206437,0.5552987633125299,0.35474845290684104,0.03420767690610756
2016-11-25,0.8287083164972076,-0.07499201575709999,0.5590618310818536,0.5093311188583458,0.05593430984188509
2016-11-28,0.7448457477204263,0.3005099950965271,0.5148747081031183,0.4056299223552585,0.018275382789298623
2016-11-29,0.750078369952433,-0.04400173292601285,0.4795626827513546,0.3320331443274482,0.08209448403392633
2016-11-30,0.7662444585453806,-0.05816396973855115,0.48025244406162104,0.5187292476303798,0.018816884396369027
2016-12-01,0.8030394965221063,-0.23229372173107243,0.5323276293603485,0.4065867643716347,0.07532864262837756
2016-12-02,0.6682090360226243,0.40262982505530326,0.5754409365975441,0.35232307249506345,0.05114189232576774
2016-12-05,0.7520898167339279,-0.15478518402228797,0.534695216782815,0.4175954524865222,0.08129366089436289
2016-12-06,0.7167492277750102,-0.08639434795254723,0.5507645702612461,0.32318848835095876,0.022606063774140317
2016-12-07,0.6894956744625683,0.033242585333396545,0.633916495470102,0.4266945202101301,0.06206608264517599
2016-12-08,0.7956727732010692,0.18859990580815628,0.5859951832431065,0.5594828954113629,0.0625043967058504
2016-12-09,0.7647408989011291,-0.05055328283541064,0.5272513760101545,0.3997272157769003,0.05042904444734861
2016-12-12,0.7446377484543897,-0.35314661890446863,0.5147075427420871,0.4210039035177376,0.01839832714261518
2016-12-13,0.7231610431246205,-0.0895096337307895,0.5478285994741795,0.4934192106118736,0.029779503061230818
2016-12-14,0.8225833505968168,-0.17742794997279737,0.508892643936827,0.4260805139745342,0.002424509958558463
2016-12-15,0.7648073991372644,0.0477628896403056,0.5583126035716907,0.3058981312228748,0.02137203573231754
2016-12-16,0.7788753512249835,0.2062983063527801,0.48477733947585677,0.3121295459405829,0.018174939129617207
2016-12-19,0.7469112151081487,-0.24715634754996643,0.4954661168594079,0.274759990892223,0.07780011808224596
2016-12-20,0.6687253754922802,-0.19380782115472614,0.4825570592022353,0.27520387442340916,0.024631914667302357
2016-12-21,0.6461972235848857,-0.1708384172142777,0.5139122540431854,0.3638149913688419,0.03880295699470542
2016-12-22,0.8204501025749777,0.0075011003309504555,0.5676192071706161,0.37757587772717593,0.08749251457548507
2016-12-23,0.8065219626678514,0.36115735264525234,0.4712493021696402,0.47452324162852727,0.08943016670006945
2016-12-27,0.7876616069261393,0.20219102483938056,0.5607873229044127,0.2867840206108033,0.03907114200016242
2016-12-28,0.7981296823855643,0.17211176731062997,0.5025357811442375,0.6281544009365805,0.023067361684079038
2016-12-29,0.6992149911373974,0.12171579018448145,0.5440603504467,0.4195065221792768,0.06796486922570753
2016-12-30,0.7733602285247159,-0.2721297265539341,0.45273345221638034,0.4508100424103926,0.026171111758258894
2017-01-03,0.714632507040272,-0.23121317499537242,0.6329932524852657,0.37108151285064617,0.07286107935279397
2017-01-04,0.7334695583622403,0.3778823432834473,0.5388602629634456,0.4466635778003391,0.048258863184303426
2017-01-05,0.7838370709193018,0.04990992437446858,0.5511189041110774,0.2840699713406203,0.004714636385109517
2017-01-06,0.7501984194240229,-0.3618422679171231,0.5580552620742966,0.4052154278622732,0.05017314444440799
2017-01-09,0.70312488266232,-0.3039533714899193,0.4286551036080583,0.29528697568550677,0.0240921478141101
2017-01-10,0.7589941605758984,0.039013427771433365,0.5835025591525449,0.638546492820292,0.04405312225991323
2017-01-11,0.756967009603193,0.2698177989651004,0.4955884755597094,0.18901820014965007,0.038751495257889935
2017-01-12,0.7407117456533339,0.22780207259712915,0.6551089136721442,0.5560895500272064,0.07390134688549062
2017-01-13,0.72633258310468,-0.04822183526475052,0.496554718549829,0.28733272437363166,0.021871077346659218
2017-01-17,0.7582540431762244,-0.36486140229305986,0.44156071044644074,0.4754670178950152,0.09597894455052412
2017-01-18,0.8003862096636649,-0.075881166377536,0.6147713458315045,0.3530568821250786,0.07126753381384424
2017-01-19,0.800619786160279,-0.08706207911146796,0.6639061829985833,0.42472007778857646,0.03263614438083269
2017-01-20,0.7517654507135751,0.06598474541730476,0.6783823945968285,0.3572766536459926,0.08331701388882552
2017-01-23,0.8271534212340259,-0.30482789472007377,0.6195753974918725,0.4804912544429176,0.09279824445245392
2017-01-24,0.7554519916575002,0.14216771792799227,0.5745060636761915,0.35931408857112834,0.07486786423988463
2017-01-25,0.858913063752778,-0.00908365235906927,0.5759501337566674,0.4096484011494399,0.052318189982897716
2017-01-26,0.8650546996745598,0.024315983634264907,0.5630659960319645,0.46652857289443256,0.06775542144853251
2017-01-27,0.759891862276229,-0.1510923827014581,0.5357726310657286,0.44410607559291626,0.0955931501741421
2017-01-30,0.8088199233371823,0.21785216562173063,0.5234001458077008,0.5363787449859926,0.0979983114285044
2017-01-31,0.7918749166073681,0.055093448776612514,0.5535938035017116,0.44817129164216674,0.03957183088378065
2017-02-01,0.8121581246034404,-0.3218478110434953,0.565106060542342,0.28892927115024025,0.09592386308900623
2017-02-02,0.7582014508446604,0.26016300946894083,0.51325649548658,0.6076283026836244,0.012565435250895686
2017-02-03,0.7429565471707978,0.13654240745681806,0.5497113190043562,0.43655670341435143,0.04226228647301368
2017-02-06,0.7980715715030018,0.07207713972718953,0.6193688895596828,0.3790056781417386,0.057059826594608176
2017-02-07,0.7708218085436965,-0.25508587216162265,0.5254916932135635,0.6441836479392412,0.026808655467914968
2017-02-08,0.7066583541378127,0.04708488315375017,0.5391379159033283,0.41499813203596475,0.04712137650776506
2017-02-09,0.6985507063787474,-0.0007014534103924043,0.45828223231779724,0.2640561872912116,0.06104701134284379
2017-02-10,0.7740847340714698,0.031503424243322746,0.5777073222270851,0.20782221705605522,0.07833308841037477
2017-02-13,0.7898252194043993,0.29945906996541866,0.6051004789838863,0.5604449272906026,0.055128071454143404
2017-02-14,0.7089394365783117,-0.2928789415850965,0.5986721464079423,0.39325266507699685,0.06771533989932123
2017-02-15,0.8008007198282519,0.04601053183197903,0.5462052774764321,0.2919112068653364,0.08549142805180501
2017-02-16,0.8037884098272671,-0.20255856500667915,0.6554451420240832,0.31776757236910086,0.077605063580646
2017-02-17,0.8532415861083529,0.3809252253668996,0.6456190531367466,0.2780783053565813,0.04118893630154763
2017-02-21,0.7009323640446178,0.026528591447445994,0.5943643378462465,0.4310251656643413,0.08248667375476867
2017-02-22,0.7651512581921833,0.06753832349215431,0.6461026916726954,0.4986348492934018,0.0013577738511664885
2017-02-23,0.7641999854721332,-0.041085771729235825,0.5245514973514568,0.526093108048164,0.03794785008448105
2017-02-24,0.7524365115638785,0.05083178383661207,0.6504296905129576,0.5027531635446594,0.07293137347290136
2017-02-27,0.7861156244039395,0.16640939192532123,0.6040751445344122,0.2893931212533271,0.039363743269872443
2017-02-28,0.8037650287814626,0.2525716819281642,0.5612531935882524,0.41789086363963557,0.031022835067144053
2017-03-01,0.8474397404044199,0.13806777629151273,0.6301794875269974,0.3460805027452661,0.012564589130527727
2017-03-02,0.7869390819644859,-0.3115213816236422,0.5194803633099541,0.570314372599412,0.07061142736500318
2017-03-03,0.9072081988411689,-0.17853206932008792,0.5772878495990376,0.2618812857913646,0.004953294142797615
2017-03-06,0.7540702509952342,0.14133529014230659,0.573159813434833,0.3779948896121521,0.006615643645609071
2017-03-07,0.872736983580362,-0.0833418928595927,0.6498157412694775,0.4444786012264766,0.0007305660546392035
2017-03-08,0.8015629959444557,-0.23402013086392223,0.5468751225669467,0.4094454795460228,0.002056502321788012
2017-03-09,0.7373484998226467,-0.01028777036958016,0.6075024684126163,0.42859686655800633,0.06308195312834385
2017-03-10,0.8419067258512739,-0.15652563520048124,0.47956694045310067,0.62875400521528,0.07465781312013346
2017-03-13,0.6859899301744707,-0.14771389114418274,0.5527605696339836,0.2730812634338021,0.011319562983062727
2017-03-14,0.7397040754599086,-0.26719460674523793,0.5672822280407349,0.45485026400151823,0.08736239506566053
2017-03-15,0.7948938930886877,-0.30794015071686354,0.6331575795558679,0.3029607808853563,0.022781069725425984
2017-03-16,0.8251147259676086,-0.15959346593191548,0.5819344281123787,0.3979557306460993,0.09586217517559477
2017-03-17,0.6713151752050487,0.10288773262760045,0.5256782917672941,0.38213960603684444,0.03611258566102733
2017-03-20,0.7403687750754359,0.13813536412781494,0.5618167955987633,0.3997025391977096,0.06367901734878417
2017-03-21,0.7088738771422909,-0.06426720043218336,0.6403867629940883,0.3524510960431603,0.016083756067719234
2017-03-22,0.7680903517285171,0.11728365488152626,0.668336579954563,0.4256755112437885,0.06063488676926307
2017-03-23,0.8044027930111602,-0.4441515777464258,0.6127593805849144,0.23501790797842678,0.0585238894781865
2017-03-24,0.7424156920420337,0.31251143621129307,0.6221245219101085,0.5421707240230578,0.017018978510327777
2017-03-27,0.7293758297180242,-0.0877156026761376,0.5774212408892869,0.6191061976960964,0.055970962166549836
2017-03-28,0.7966913333879233,0.2212639452587271,0.6795358744244112,0.5194219653976162,0.05406280160459939
2017-03-29,0.7819372790612062,0.11929166821413457,0.5638200504349187,0.5154626667713234,0.024784976107888282
2017-03-30,0.849369536935515,0.2988284756444885,0.6941279083923264,0.2788562701742633,0.07551875150401167
2017-03-31,0.7531971442895331,0.03331885628872759,0.5581593277263489,0.29135417344950654,0.027074697111793156
2017-04-03,0.7143967301766015,-0.3140653987882532,0.5938119263943233,0.43525272315024893,0.08746277753123705
2017-04-04,0.7308613116247111,-0.09554324973288132,0.5549577210771172,0.45141339800437424,0.012034417586057146
2017-04-05,0.7774023042544478,0.21354505921517375,0.635323372529214,0.41820837880987133,0.06915065792692486
2017-04-06,0.742708096239293,0.2582520990122474,0.5563475879381525,0.3043249475856967,0.06838005902250288
2017-04-07,0.8282529548473886,0.17954981260026387,0.6173813349665092,0.34672384326057876,0.06996139833058936
2017-04-10,0.6974358879693027,0.4163872340395134,0.5425314805430379,0.4150534415633637,0.007837692444852084
2017-04-11,0.7858525460421366,0.023999200491400016,0.5777415374912777,0.31232921475503445,0.05846011352919739
2017-04-12,0.7515003036986565,0.032587825663455874,0.6089934829994477,0.2060582359139228,0.040996334670818396
2017-04-13,0.7604872317157497,0.022523796858126038,0.6284752101309098,0.30337437852096644,0.026160684126244206
2017-04-17,0.7223248886474317,-0.21171022666067152,0.61790746972493,0.43733626303089,0.06290459565234585
2017-04-18,0.7472246632800416,-0.05733043814507757,0.5771938172909582,0.45279740986256456,0.03943132853713593
2017-04-19,0.7362672848857931,-0.3703792022751899,0.5003086176251261,0.2917799264418286,0.03963985982964801
2017-04-20,0.7912585598737799,0.2627996458029232,0.5743225399611157,0.3978237256082092,0.0444010685108163
2017-04-21,0.7732787859338871,0.03342979955650772,0.6345135081116753,0.3169597270732907,0.0003211029291986578
2017-04-24,0.7998578024906412,0.061905227243277475,0.6121089497233798,0.3619911008487606,0.073306189152486
2017-04-25,0.7388313036909874,0.3842248709834513,0.5419222501741029,0.4722169302490982,0.08297806249262928
2017-04-26,0.8180120680306978,-0.04365933283500711,0.5229457234571955,0.36744617667284274,0.02020336054463088
2017-04-27,0.7596608205551454,-0.0979806158849334,0.5859796860267816,0.5748180520909354,0.030293830020160062
2017-04-28,0.7829872202532812,0.38765133263652984,0.6768959184983767,0.4323004046842114,0.03395705061712776
2017-05-01,0.7338070150907123,-0.1256840600325599,0.5897548876383827,0.5929999012329517,0.03137929630250669
2017-05-02,0.7695780290852627,0.13223077443986184,0.5790979680510022,0.5912431602416668,0.010856340519528662
2017-05-03,0.7970585681269123,0.061773223827236406,0.5643104157122346,0.331987792071125,0.04082655244851781
2017-05-04,0.7882539887763583,-0.05124443317763952,0.5421913195384742,0.6056373607641286,0.026806581771732008
2017-05-05,0.7677136136790038,-0.1922971132178981,0.5790030504421924,0.2977932924101798,0.07727052611876263
2017-05-08,0.7786358582892254,0.10041844262419664,0.6375704476047294,0.3290716395394154,0.03932799153404975
2017-05-09,0.8268676493710693,-0.09830949528592617,0.5623536073379092,0.39624950223769767,0.03549093913982109
2017-05-10,0.7741983333513307,0.01592171462076297,0.5275045730722456,0.3529844872383491,0.06155611351207438
2017-05-11,0.6921631698263617,-0.07811039194951747,0.6070810555586776,0.5290242408795852,0.08055913018751751
2017-05-12,0.6882152154650805,-0.04955437150310099,0.577415113659873,0.2602481436879377,0.0912423484651266
2017-05-15,0.8477862291857334,0.0654112415562906,0.6095625254629622,0.45382502651417295,0.02265480865677535
2017-05-16,0.7641195186867273,-0.03677463623305573,0.5860559028573639,0.6004465847046797,0.08016927561125053
2017-05-17,0.690641379096143,-0.5351005398833728,0.5799623849540857,0.5309771269521452,0.03291704185317889
2017-05-18,0.7614031536246378,-0.01803912670447043,0.6277792347068486,0.41732531652231797,0.09774246161956952
2017-05-19,0.7479421582980932,0.4487066282167999,0.5879460626573809,0.5733291164781773,0.06181965581084903
2017-05-22,0.9103333129963003,0.1886107825256792,0.5401778479458037,0.4241607986217978,0.09254259653324426
2017-05-23,0.8728525776530796,-0.08235034301999705,0.5828769820971703,0.5138836685115318,7.447326334493188e-05
2017-05-24,0.6583175697341285,0.10501254220575518,0.578373025815693,0.42360802346228826,0.05889054827351158
2017-05-25,0.7476201549561234,0.14059064644280478,0.5823923220210511,0.43658439176644037,0.06603554774645896
2017-05-26,0.7720187411272833,-0.06205408516816612,0.5430563739252705,0.3553796440548092,0.02874964573288923
2017-05-30,0.8474390507108429,-0.00269851816566556,0.5401395393242941,0.4573900763095696,0.09574444067088239
2017-05-31,0.7188203676557049,-0.028758147717230634,0.6047445484888767,0.4822619455257688,0.009551562899819023
2017-06-01,0.7580474590595496,-0.02095157161070797,0.5331334395750087,0.4222240538141914,0.029473574928233017
2017-06-02,0.8047807358193502,0.040672028904664856,0.5827080538464087,0.3682924568848156,0.056392699762602375
2017-06-05,0.7293371108011643,0.048993300343385525,0.6117025568833012,0.4029004088264625,0.012214884368832736
2017-06-06,0.7626644833551797,-0.2563842283481238,0.5561587413073414,0.5719657412231857,0.06048110048782393
2017-06-07,0.6833192524614875,0.2778209985325951,0.5304968739358535,0.4393900269936526,0.012189918093677544
2017-06-08,0.7472751844052791,-0.07284635660089993,0.49704791541599025,0.36927011151098804,0.06704230440530164
2017-06-09,0.8745857899958348,-0.12663201027009222,0.6149922851082448,0.4105269706778705,0.035041402228171446
2017-06-12,0.8762134061782559,-0.06189058649486134,0.5451618189397345,0.40148113723061596,0.021769441155347125
2017-06-13,0.7922901771889657,-0.42814564551433554,0.5963715218174426,0.41507329535121956,0.07697835975653276
2017-06-14,0.736622152367864,-0.06500803817125403,0.5133738686065261,0.23122590467172066,0.0391349637692
2017-06-15,0.757142195982174,0.10023041310061438,0.5010027590933223,0.31861104241846583,0.0925308458736493
2017-06-16,0.7671133421143718,0.05378547658423952,0.5799410825583957,0.4650875334346297,0.04915026929947689
2017-06-19,0.8051688647551826,-0.11759196350256518,0.5508454444409656,0.48377774320449274,0.005319071161781153
2017-06-20,0.805162564788346,0.3287379448089243,0.5663595618852026,0.38089598122456514,0.04399158082435775
2017-06-21,0.8165175570934227,-0.22776581353084466,0.6293438617978228,0.3935429792786336,0.08626914900087865
2017-06-22,0.7821674774869769,0.07619908945900374,0.5276809499985957,0.46517722264228667,0.03142260942319406
2017-06-23,0.7750438882640908,-0.1509414815678252,0.6037205149741197,0.20600825628416547,0.007942170899243107
2017-06-26,0.7037688109770542,-0.3010397196363166,0.48242110266045835,0.40135959084479794,0.06192835161784769
2017-06-27,0.7599735907793891,0.18254883313378759,0.4875330713278248,0.46161352178700504,0.03093177666435505
2017-06-28,0.8134533581930996,-0.07608002876276698,0.4894920945622325,0.46676308454593357,0.051199565694019705
2017-06-29,0.7513868305680399,0.42688636889319675,0.4752492688260331,0.46481749402299066,0.024943848177549556
2017-06-30,0.800405043828068,-0.2875137660781186,0.546301192531419,0.3429704272323367,0.03273438733838783
2017-07-03,0.7596806012835412,-0.23968577063908578,0.5052806771518751,0.4936696458353117,0.004836537354806669
2017-07-05,0.8104515519580001,-0.10503963159226133,0.5181729401755539,0.4147990602951877,0.03218458569313026
2017-07-06,0.7050746386240124,-0.2532595245610217,0.5109595863329067,0.3061472597583794,0.01566951653205132
2017-07-07,0.8143893314097987,0.05701405574199064,0.6103983425872063,0.3352932312594099,0.07581126911396402
2017-07-10,0.7406643999613229,-0.08141257769116472,0.5677864180363832,0.47696093013728397,0.01807860090147262
2017-07-11,0.7191341712026332,0.2531353422254276,0.4992970687321152,0.4671843983569407,0.03771560612677175
2017-07-12,0.7038919881435739,0.06375335527486466,0.5913295213828484,0.43543040501632363,0.04335863455224123
2017-07-13,0.7687441724422278,-0.07630099014921983,0.49609155892811707,0.35435204455348435,0.015745816917467226
2017-07-14,0.8214410245537511,0.059383697354558874,0.4536786066184192,0.4947558360389941,0.026012388791073406
2017-07-17,0.8508620992066979,-0.37591285096144655,0.5170755771854214,0.45408369020895945,0.02961136021374099
2017-07-18,0.78627430952517,-0.05206699985334667,0.5433681923710266,0.19971267637692627,0.08548375638333577
2017-07-19,0.8430102259196739,-0.31514375575310993,0.530892187369329,0.26964501779772365,0.026276567439374045
2017-07-20,0.7701218519476081,-0.12923983834603284,0.5402200374572446,0.17020374219993603,0.0989120807157901
2017-07-21,0.8131836605683653,0.11428746660907413,0.4503601566681115,0.43275489839536896,0.09326276681360633
2017-07-24,0.7173993202101443,0.03982246677334721,0.5591898704628706,0.4655355478415286,0.04230094693443655
2017-07-25,0.7438826412575301,-0.01753134427098843,0.5822450987157903,0.329805988222816,0.0008742403335541993
2017-07-26,0.6817278786506128,0.02268401368327495,0.46902547870309685,0.40150086027916043,0.07431974398769677
2017-07-27,0.7862352072754422,0.028670128759639146,0.4913879330808957,0.28482701669390026,0.09603626024276746
2017-07-28,0.7734928193646146,0.03026496564410265,0.5085415581544485,0.40639689922662536,0.035776706270760364
2017-07-31,0.7190601718521564,0.0513175231665075,0.5291967660544192,0.610246806919197,0.025667629737328612
2017-08-01,0.6858171464887787,-0.16573021658780662,0.5539510439617875,0.540373165925462,0.055591358736276734
2017-08-02,0.7878131396932486,-0.11576103737332533,0.5758497168075526,0.5035421576812268,0.046623573379865016
2017-08-03,0.7845970315088451,0.3430683173205305,0.487175189409508,0.46310956859389796,0.07603676818023314
2017-08-04,0.6740347893616143,-0.19978075833971679,0.5040540859109549,0.41549871509326824,0.08235955494176823
2017-08-07,0.7387084834657475,-0.07184181144152141,0.6044368978600431,0.31486413750311343,0.04864665242765648
2017-08-08,0.7624474763503696,-0.2912502308512833,0.5260931860563021,0.41145046592151746,0.08229644312446577
2017-08-09,0.6633806978910965,-0.0402244404214786,0.5555670294394573,0.33962414626264104,0.08804340915573358
2017-08-10,0.8390236758383441,0.15643144862238526,0.5080752929604739,0.4760162715253819,0.012832153505655941
2017-08-11,0.7200184235848363,0.055961417750522116,0.4938898224754158,0.31296817974804736,0.03451178731912543
2017-08-14,0.6960038860715754,0.2676601382505749,0.45215257142175463,0.18404078631114534,0.0748122122956385
2017-08-15,0.7701826161453478,-0.027100264375641715,0.5603752570285275,0.5687005077320453,0.07348783832717352
2017-08-16,0.8364826469017872,0.15721308236955553,0.5223456113598373,0.22002491560679574,0.09928198813646925
2017-08-17,0.6367247844638991,-0.13549951985254674,0.480366715593415,0.48625387225454625,0.0035966865019285256
2017-08-18,0.8087135987935672,-0.07217004255440702,0.5403679626204476,0.3685919806057416,0.06794727201627068
2017-08-21,0.7872572496759294,0.11835870092234049,0.5183457668184478,0.44340197192575226,0.05206567049415848
2017-08-22,0.7821146719585491,-0.14936960575955158,0.48238955946658846,0.44703361673242703,0.08398736504179527
2017-08-23,0.8146809996716295,0.09405520983801288,0.4834520337428667,0.48668841650430283,0.016257977853739957
2017-08-24,0.7453380401173033,0.1922088041406439,0.38424242409325593,0.42883661655018523,0.043772209650107655
2017-08-25,0.8245775163275444,-0.15105423276807967,0.5204015457617784,0.23719106556683475,0.054948756792351144
2017-08-28,0.8502008210231224,0.41779320574024564,0.47021475376940175,0.49557236682771066,0.058127556760445655
2017-08-29,0.7514717322766836,0.18727594625824984,0.41302323172959365,0.433004031150071,0.017299960263110405
2017-08-30,0.6815312807170155,-0.10343653068360888,0.5410870158489198,0.4935901475848305,0.0014364410874532331
2017-08-31,0.7304643370850312,0.29957513332695573,0.5095425685261025,0.37189207977301675,0.030668452107996583
2017-09-01,0.7718640344710411,0.040733379538242825,0.5098178069671472,0.5923719066395021,0.026509101183294772
2017-09-05,0.798576840089182,-0.03934035611430665,0.5790248829190733,0.5421759131831412,0.07371695875751565
2017-09-06,0.8304834165881071,0.0654262650916528,0.550618964495999,0.33134528223685317,0.024536744860749374
2017-09-07,0.7539955476956272,-0.09743146673507491,0.49764964436097986,0.33054631760985603,0.037940592304393284
2017-09-08,0.6850391562026359,-0.12671482313903012,0.41202288620175015,0.4395102223374132,0.06878073173298602
2017-09-11,0.752675486999835,0.2329389254665356,0.4515679331596165,0.32446218725126996,0.09387900529785824
2017-09-12,0.7857732167489073,0.25230145626973866,0.502079488826186,0.2843507713600432,0.02863770546967802
2017-09-13,0.6377286429135672,-0.10514738144074816,0.4532602592585895,0.2581548542660149,0.08360223766274669
2017-09-14,0.7609591855494554,0.22077807272887082,0.506242878137441,0.34597917075797474,0.05144154202930468
2017-09-15,0.7232963011518312,0.23819106940558102,0.4419002944408661,0.3520829014220598,0.09430854717578524
2017-09-18,0.7922310391498967,-0.042448286688204835,0.5408935882456207,0.42067520884633897,0.08150064544441829
2017-09-19,0.7206808508327975,-0.05056129324048101,0.45945257137499573,0.4031775655991784,0.05636091708736975
2017-09-20,0.8072412578935549,0.2861260865139908,0.4165203318505533,0.23418389511021212,0.03816071675566071
2017-09-21,0.8196890894684765,0.2772823756357633,0.560797828298889,0.3745460615686963,0.09164254959662232
2017-09-22,0.7698615842857124,-0.2430858678548826,0.41970506176919065,0.31109508520289175,0.08421581006809276
2017-09-25,0.8150006899029014,0.0012954988755258946,0.4067918470158337,0.5724115969842434,0.0841199259283988
2017-09-26,0.7747675855819246,-0.130569551581689,0.4840169709127871,0.28803394147750316,0.09980411647509993
2017-09-27,0.7083946377500613,-0.08806358172910571,0.4488677360555581,0.26373099894563884,0.052899959326691795
2017-09-28,0.7212534456494575,-0.11348629238242475,0.5013679121302547,0.42298705991978,0.043217285313736614
2017-09-29,0.6914776159134953,-0.035294075484664136,0.5312341177599141,0.485423384777055,0.06898708484453764
2017-10-02,0.8378562682492761,-0.43576217710883913,0.5183858949701771,0.3838272997197017,0.037887100560645065
2017-10-03,0.783242152850334,0.15119782280368466,0.4512246405985111,0.5307657347855826,0.07441247382049025
2017-10-04,0.8385124982027716,0.336496852986778,0.6047277241336796,0.3952713596878474,0.08370769685774614
2017-10-05,0.7815609262528178,0.02126005682413369,0.46064185449017586,0.4340687708468218,0.08779905273105615
2017-10-06,0.8412511618924683,0.08411919939895346,0.46289525397128906,0.34757247483520876,0.04701648816290899
2017-10-09,0.6881011182982443,0.06148857869739719,0.48684669212072756,0.534744319320723,0.027091730712768203
2017-10-10,0.7815134309202258,-0.24907450213101492,0.564533316107177,0.5403283037969546,0.00478359757461947
2017-10-11,0.8290483109799944,0.09389191293871293,0.5513951654171662,0.322087345786122,0.08995541178962978
2017-10-12,0.7119396022320021,-0.23142230812931663,0.4861918740452738,0.4750426314097567,0.019804713861261893
2017-10-13,0.7334658017432804,0.029078616269355952,0.4965511542765843,0.3221850788893134,0.06164222493889622
2017-10-16,0.7554430443844741,0.05829646716072556,0.45633226886623973,0.42161061659439614,0.06468605665613245
2017-10-17,0.8007563485153832,0.19411200240128995,0.5429296962110646,0.30891618037244767,0.05656779576103804
2017-10-18,0.7749944352929198,-0.016837974193518315,0.5657400078018546,0.4825514151167434,0.04985700423913534
2017-10-19,0.7754339272708188,-0.10359813063751988,0.5203462897194226,0.5564652025894219,0.022079975377754336
2017-10-20,0.6468343193455193,-0.4636978569403758,0.4601978263894138,0.3734282111122627,0.009664201688353791
2017-10-23,0.8984664965632312,-0.01704151345251717,0.5014633788751479,0.27327148166427173,0.07650391338061792
2017-10-24,0.763410110412019,0.02628246801811522,0.6317409577384361,0.42718965280296994,0.07069561528999094
2017-10-25,0.6892048640253124,0.2958083178209669,0.4270801865553397,0.5941235542050471,0.09389818889404727
2017-10-26,0.7092507065601462,0.2290239045426899,0.5847818807844709,0.41918076678782346,0.010055824118276747
2017-10-27,0.7584137843040509,0.007429517929761444,0.4696506618040057,0.4804216489363973,0.051235665428062065
2017-10-30,0.7247784653778974,-0.01953692308263998,0.5277570644446823,0.42893330114956424,0.03602683260383782
2017-10-31,0.7027370601210328,0.23483874401285548,0.5460514373847438,0.5135056007271723,0.08438019927268973
2017-11-01,0.7769264362207523,0.2778823653461075,0.49970398508753633,0.4238284152590233,0.09890903463935921
2017-11-02,0.7431814716562355,0.03351745382670487,0.48826974768846715,0.3080668802629832,0.010475838445529441
2017-11-03,0.777741468520181,-0.12291849200115655,0.5460556963078066,0.3701496054999549,0.0300790158605325
2017-11-06,0.7952300513056458,0.43947782320355366,0.42222140367686284,0.3691212941933413,0.0625771692723297
2017-11-07,0.8354951339783546,0.006552575629569635,0.42793672160287916,0.3147389587967517,0.01538072742050809
2017-11-08,0.7815654286781428,-0.03324304756578102,0.44829990681810356,0.34572853947824916,0.00028034936774350426
2017-11-09,0.727253502634658,0.17032616369442044,0.5913988490430349,0.4738695873444003,0.021594267176425565
2017-11-10,0.7815941342949322,0.2944615317578014,0.45460333270877407,0.499117294535094,0.03012579029692758
2017-11-13,0.7743010437610889,-0.1336976487349889,0.49152642184309564,0.33184861742664945,0.03518029956245392
2017-11-14,0.681579346762584,-0.16700412677507231,0.4825973435630124,0.5557470690842307,0.7346657149099394
2017-11-15,0.907491658896711,0.07941758560876802,0.4453686969541427,0.40030200755341727,0.08461106032931244
2017-11-16,0.7955147682936193,0.3170382701735451,0.5316301896390135,0.3577980396871771,0.030030264060560877
2017-11-17,0.8729690251989793,0.5345540153003152,0.49605967722061023,0.2923074248863348,0.003944817299649384
2017-11-20,0.7869637343550381,-0.07678432135187435,0.5105407740820537,0.4904469095907505,0.07398338086389114
2017-11-21,0.7295100478642887,-0.24333731182335488,0.5044358909944464,0.4451782061442886,0.08911648103091796
2017-11-22,0.7936200309888779,0.09842733364004613,0.5327385822167457,0.4899030768221597,0.04124410016224786
2017-11-24,0.8079015470984163,-0.03509267629486993,0.4930510805926388,0.3565302328092879,0.029576023625481198
2017-11-27,0.7698556485000254,0.06017454233953915,0.503271520147722,0.2603304940898744,0.016178842814153983
2017-11-28,0.7142603690492398,0.2168427825514547,0.4955656700194014,0.385951558776992,0.0045490604374174735
2017-11-29,0.6724210560477386,-0.03465010297216721,0.47021535808927484,0.44899541439036383,0.028400339023602228
2017-11-30,0.7307181525447947,-0.1878483295322927,0.49343818376788584,0.31642329573564865,0.04491368287166828
2017-12-01,0.7314819531834634,0.19227042740722852,0.5546960027720788,0.30762314391352125,0.02262313873033195
2017-12-04,0.7335118326541292,-0.08688835694376851,0.466923263436761,0.5193555161735126,0.0826201131593629
2017-12-05,0.8124727463767047,-0.30600664020608126,0.6040400139789868,0.4799241314681081,0.008650758489615462
2017-12-06,0.7772929348081046,-0.2791306405946896,0.6107088769847125,0.47465140764029284,0.04111240447940939
2017-12-07,0.729753125123211,0.40196659459490286,0.5561949460580176,0.4988838595056455,0.02797443141655255
2017-12-08,0.7656840305082475,-0.11409712302281748,0.5269216835355313,0.41323390792014036,0.09404074179301652
2017-12-11,0.6585718826973764,-0.03318040561962687,0.4970654271175696,0.4364325198490531,0.05257162359230129
2017-12-12,0.6481963015797402,-0.19513622424413815,0.4505743015544675,0.4637394522640221,0.014373853084684097
2017-12-13,0.7958419356187935,-0.10004898789709422,0.4826019877596349,0.4245873843841439,0.015066485677710706
2017-12-14,0.7625098284788756,-0.3667903398651087,0.5495754879963964,0.4433269816236761,0.027943314882850834
2017-12-15,0.7944570772481854,0.002245815359202415,0.5027486943377346,0.3357911157268168,0.05807175360224646
2017-12-18,0.7990757098839264,-0.1030561046003836,0.5568340807408947,0.21818091204405904,0.008414021546195393
2017-12-19,0.7644731707058269,0.07429039013937996,0.5154488918593969,0.17067822962965096,0.05833357412084697
2017-12-20,0.7097790430600458,-0.09574911031081892,0.5361755428855061,0.5018449116776094,0.06274287305896951
2017-12-21,0.7077957636684965,-0.06976848570094521,0.6565857317896346,0.45859926491606584,0.05248802356992817
2017-12-22,0.8043502151272985,0.02602660493200179,0.5358472475864412,0.29848107153726405,0.027351925014705472
2017-12-26,0.8220850840994408,0.18392871753214252,0.5584326796570057,0.4115698262434672,0.001538232153284891
2017-12-27,0.856095466183911,-0.0064605295529653415,0.5838088439042952,0.4907225945666768,0.05351358220933568
2017-12-28,0.8233048281533046,-0.41601903820030917,0.6371366523309616,0.44064788910011604,0.07618682875142614
2017-12-29,0.7210225887557442,-0.1575766382876651,0.5940272988929487,0.4608282083835122,0.008350487386588645
2018-01-02,0.6693534938917174,0.5102344315786382,0.5564688619762038,0.517438772801389,0.08729960834452814
2018-01-03,0.7924041801861911,0.2667979205192442,0.5598017311185137,0.4715721002491893,0.09669357748953933
2018-01-04,0.8217787225452093,0.3332203582740421,0.550054456067611,0.46793069660143005,0.08970861891956368
2018-01-05,0.8282693586782779,0.03333554501696604,0.5183692288893553,0.37696874144453324,0.0684717125907762
2018-01-08,0.7769900750236088,0.0189717821855835,0.43846662825400656,0.3822631129254977,0.05718501412520584
2018-01-09,0.7866694341883046,-0.22634231633688442,0.5279626214044807,0.40510624687153013,0.07754506438066386
2018-01-10,0.7394390806495262,0.28095211092313066,0.5253070396378129,0.3460796125602007,0.06549186797555345
2018-01-11,0.7293645729292985,0.06442284570993209,0.5829805418553275,0.5279551392794495,0.03388520066751725
2018-01-12,0.7298077894650252,-0.13787387196899728,0.5603459023099061,0.5649001302364339,0.08538960883286678
2018-01-16,0.7955525468961514,0.23919412985507413,0.602697521438042,0.2800498332809664,0.08098077877565127
2018-01-17,0.8460454722714509,0.07307197472191321,0.5617522727084232,0.31818739400544177,0.0797357916871176
2018-01-18,0.8327923554336695,0.12250229360670983,0.6154394091608048,0.36179937244244986,0.08980223634818094
2018-01-19,0.7866946962493347,0.07107712962868176,0.6192863645891402,0.3405461558491451,0.043084989414093104
2018-01-22,0.7741392343238451,-0.3675138701461004,0.5763667596886557,0.5260368586463458,0.0773428295392023
2018-01-23,0.7654243923063296,0.10128112753690954,0.6032471074477119,0.4606364744359613,0.09034921440422514
2018-01-24,0.8217704545928116,-0.05712654505433164,0.5405536317726464,0.3363057988122655,0.07441217744433862
2018-01-25,0.7642315898868532,-0.014609685181302188,0.7013177993119623,0.4985886305528265,0.0737545828985127
2018-01-26,0.8153032519150784,0.027098497414799784,0.6367692972345875,0.3415134782708073,0.06370569878759379
2018-01-29,0.774481693594512,0.1454122150745322,0.47028167278734434,0.34105731530623223,0.022776945948296524
2018-01-30,0.7941864981923441,-0.12650329928133544,0.5291809590024312,0.3501948485566915,0.053682824031422674
2018-01-31,0.8062441157178337,0.022976315892642464,0.5554390273015342,0.5577123060460845,0.07011871842690998
2018-02-01,0.7496314819858642,-0.0060085677880171795,0.5463286835930994,0.32039940146643225,0.07622766270218471
2018-02-02,0.8613154765607666,0.23736206584536057,0.5703961161751844,0.5689597966138918,0.06363338346068749
2018-02-05,0.7570122764206622,0.23550875352604914,0.5900794188003308,0.2890113815145537,0.09947662693007871
2018-02-06,0.7718907738300427,0.03476089493267531,0.5697111627433954,0.15487196086239458,0.023431898048626346
2018-02-07,0.8342699983078453,-0.1179215389176862,0.5405646016498805,0.46970629778722206,0.01819969777854491
2018-02-08,0.7302577155807698,0.22571184987130277,0.5970025694651696,0.5147588814752613,0.08681890494634555
2018-02-09,0.7852358326907817,-0.1338404119583065,0.5734922211228686,0.4110492019873271,0.07128291893351549
2018-02-12,0.7998689151598635,-0.17284006555364786,0.588368524709868,0.41706860029217974,0.059933701672258026
2018-02-13,0.8049892747830114,0.03270851615586207,0.548361161238885,0.4116783858282589,0.060320958104318895
2018-02-14,0.7289215288300439,0.08008795998717974,0.5747786191395804,0.37144775886498027,0.01935420967758128
2018-02-15,0.7994279731191425,-0.09491552842621492,0.545522176996063,0.32163024171388677,0.0015737977739393562
2018-02-16,0.7699693847426321,-0.06528393435880141,0.5976287461456239,0.44004026509782024,0.029485926520969166
2018-02-20,0.7792441227463374,-0.35526698502658893,0.592233628588654,0.30936737645535334,0.05076011700981419
2018-02-21,0.7381492982363129,0.18515942696907395,0.5293530692020396,0.446143734554688,0.04448570290152859
2018-02-22,0.8614901530027643,0.47383516331401965,0.516803122757016,0.3806236339520323,0.06874854080828145
2018-02-23,0.7661319022935474,0.09675850349212238,0.5420151651181405,0.4363789097166461,0.0704573048613577
2018-02-26,0.8739358131651555,-0.10495280108439065,0.5613200191768697,0.4994766643253531,0.03144494689973095
2018-02-27,0.7743694991631555,0.2492512167396456,0.50657908637016,0.3315900100461514,0.0696898751446123
2018-02-28,0.7635850132305829,0.14823595615159812,0.5749499394800427,0.4337685303068842,0.011365240286287437
2018-03-01,0.7513534930414135,0.09350576695083851,0.6110890110578711,0.46472963670537554,0.06608364757273841
2018-03-02,0.825467637731241,0.2934347267475307,0.6356569245687982,0.5255952422567483,0.06284865131118365
2018-03-05,0.7989930269637933,-0.03678722520837009,0.5344457866496826,0.565368631516048,0.05586993496525203
2018-03-06,0.7594208719804835,-0.2244444107293657,0.6390731669477978,0.3603421034424776,0.0929129559423228
2018-03-07,0.7679909968921101,0.2674574051586579,0.6314596250029657,0.4193301123897241,0.007306314288109317
2018-03-08,0.8241630689092881,-0.12169308640087469,0.6642005373670333,0.46645987092652047,0.08501231902375835
2018-03-09,0.7168616752309462,0.3572641776528298,0.6023213364490799,0.34306746298506674,0.08207349429310556
2018-03-12,0.7932466182554634,0.2949632270154272,0.5989060936527807,0.26670994910218504,0.03325957645139598
2018-03-13,0.7671911008527098,-0.21755196394728224,0.6298354123071523,0.33064853472900696,0.05173263592822706
2018-03-14,0.8921371224604918,-0.04709766439850116,0.6247206701644649,0.38524623178868594,0.08285228015225021
2018-03-15,0.7366900766650605,-0.0026758085307161702,0.6135503031882916,0.3747805202308613,0.06470405722373275
2018-03-16,0.7332306991436378,0.017059514127143575,0.5530011083018543,0.2374072844195033,0.0718105136382176
2018-03-19,0.859557316072668,0.04422215919374944,0.6340569327148368,0.2885650284958641,0.09447430905036396
2018-03-20,0.735876554513701,-0.20993884780271754,0.694413060804167,0.3846182736757276,0.04964472357251964
2018-03-21,0.7847849519266636,-0.20143945814053069,0.6628617764608266,0.41921987765580015,0.03971975138517676
2018-03-22,0.8321698784026016,-0.11682843396502418,0.5521867355096196,0.4593067381571948,0.04924587507913134
2018-03-23,0.849482769476396,-0.05797111324350034,0.6138700059679312,0.3411422867613402,0.08088501665362607
2018-03-26,0.7593587530508543,0.23643732341023785,0.563196843058519,0.5593944861596635,0.08102357731010626
2018-03-27,0.7696911291743258,0.05730566524236658,0.6210521091227719,0.5043715982896743,0.06336634522792249
2018-03-28,0.7540305534590622,-0.36378809610012536,0.589024236011647,0.2561836502147996,0.07630107202545357
2018-03-29,0.7333469535402354,-0.05506277336635981,0.5736596390719438,0.31484346322486995,0.056638685089317
2018-04-02,0.8385562863356659,0.12429803871890173,0.6737769911622018,0.3384638942573518,0.0805822458326117
2018-04-03,0.7496030167274284,-0.09715563394981848,0.5777508554082689,0.33050359382773364,0.00530997896624067
2018-04-04,0.7288591210843656,-0.2751509805692635,0.6308446055272218,0.3867205686257953,0.04532401352349672
2018-04-05,0.7436384021054776,0.15392888042151553,0.49132241040365887,0.4700987342308666,0.04424765555221292
2018-04-06,0.7612918147607446,0.002079177756748288,0.5405651758082829,0.29303858589457094,0.05174582085145394
2018-04-09,0.8994245642520168,0.12308416259111908,0.6042157008581296,0.4461282505066744,0.06964023696001324
2018-04-10,0.7249812596098832,-0.3612345311535089,0.6948502901248287,0.2900735978132049,0.07231033194907319
2018-04-11,0.8614424170561329,0.0751969813400477,0.6037738765867654,0.3144855342489151,0.08428950650760203
2018-04-12,0.8049183060147104,0.2800546829830597,0.5302696276018612,0.4941397516955863,0.06769459450450661
2018-04-13,0.6780436402989187,-0.07453377004256458,0.6355871947931673,0.2874671992402872,0.07598362632696343
2018-04-16,0.7996903702331482,-0.18108595264295646,0.6265035951243183,0.42806954445792406,0.029160332000582226
2018-04-17,0.7594489676549726,0.06632669178860921,0.6272971192697366,0.3103648845032725,0.05563696535248719
2018-04-18,0.7705284921200242,0.2079426569711417,0.5972844916557617,0.39566566150259125,0.0007064335996047389
2018-04-19,0.7548339542787588,-0.039041021411489324,0.5966935361256153,0.5211153225150579,0.05985669186950198
2018-04-20,0.7219562778368208,0.12122733983947553,0.5800811398349153,0.5237111123400752,0.051235810307515665
2018-04-23,0.7213556521760641,0.0010556900699232432,0.6390415131218129,0.4127554440165697,0.00978428941051115
2018-04-24,0.844025656425913,0.42288098937320867,0.5765363710226964,0.4345978632433103,0.07135681059507241
2018-04-25,0.7287998447826477,-0.18419248401952987,0.5845027214369317,0.3858601556267504,0.05144048373070362
2018-04-26,0.7590495539138293,0.059699598216470355,0.5171250934043355,0.2615874178689781,0.01745523947191621
2018-04-27,0.7320997852906602,0.07449961089081673,0.6058940277260717,0.2624749095166724,0.031701823074004876
2018-04-30,0.7533023686050008,0.0926046423086943,0.5518145151445251,0.28865652742068415,0.007145504980075912
2018-05-01,0.808988930626159,-0.12080697536829987,0.6433638923878408,0.3230021603935127,0.007285423068117015
2018-05-02,0.6414040234271585,0.03763225615209013,0.5520788332555222,0.4110392467177686,0.0021766214962162357
2018-05-03,0.7375190731589677,0.21423107577384176,0.5889274251300458,0.21987239769821998,0.07200089258071173
2018-05-04,0.7886189251501978,0.2854463580806702,0.6051296956646882,0.4026105698764022,0.05009798655606699
2018-05-07,0.6783867427860598,0.29768092859523265,0.6249648057112895,0.4220117043405111,0.03588439358759399
2018-05-08,0.7319693943281712,-0.19920104451301643,0.5650930014655347,0.5523377922184478,0.07095977851847682
2018-05-09,0.8150617719844534,-0.5585227226620001,0.5551952452233386,0.3333364064565359,0.09807776752107517
2018-05-10,0.7171318144968254,-0.25928128103130893,0.585874856756492,0.17271844128980984,0.06053518057389741
2018-05-11,0.7351099406336972,0.04672393743931303,0.5706801270065813,0.3383400595777778,0.07122839038641512
2018-05-14,0.720232190047809,-0.29363268953379523,0.5394706917413568,0.3933701947799473,0.08137297274218923
2018-05-15,0.7506980096567014,-0.0646256594148495,0.6036650423620689,0.5092742999265696,0.035665851696956206
2018-05-16,0.7768406908376145,-0.1707805573559227,0.6041137158499718,0.36946685915872507,0.058838508481444944
2018-05-17,0.7785657357105191,0.28118338188252917,0.5833987018063648,0.28675917981503396,0.07019025004633017
2018-05-18,0.7255098987864405,0.20318356612334842,0.615205238304889,0.3656928421329714,0.049883435167740964
2018-05-21,0.8169596182645542,-0.05373428044381408,0.5418618491268431,0.36985368452270156,0.0887397151621049
2018-05-22,0.7071441978070694,-0.191154316466468,0.6436947061596645,0.3737208368804829,0.012315042489092843
2018-05-23,0.7289341721265347,-0.14126101073808892,0.5070570196699641,0.4330966408839292,0.06935852963340465
2018-05-24,0.7560018592033453,-0.035660647204845755,0.5405299387492581,0.4048839319082834,0.03729435309782755
2018-05-25,0.7444673738609016,0.026394430271350106,0.5819488242514069,0.44882335930148876,0.010642888662257412
2018-05-29,0.8698488884640622,0.0815328059293808,0.6466607860839287,0.5318867191700835,0.07479882736175159
2018-05-30,0.7027688551175312,0.1277014418528446,0.5708124874646484,0.4850883290535017,0.018879272592499986
2018-05-31,0.8041357096329027,-0.3911359613145394,0.6439794620867996,0.6108541323323491,0.02396105431990351
2018-06-01,0.7550806554742632,0.2738045877767874,0.6381894711342622,0.406014367092166,0.02917486011348527
2018-06-04,0.7942737880016507,0.11569638295215721,0.5968575304756385,0.4762528045137453,0.020305544391682973
2018-06-05,0.7303496179617864,-0.26305240838739835,0.5377924366139636,0.42813580551011887,0.07647014179430672
2018-06-06,0.7291458641272023,-0.14813483898616184,0.5625466719937914,0.3503243145276376,0.06076415952829387
2018-06-07,0.7933329185318231,0.441188235051645,0.5224044627544397,0.30120384600754196,0.0320714536749815
2018-06-08,0.723862588149657,0.21238394650594802,0.519993325198733,0.34566298812468005,0.05995767725246795
2018-06-11,0.7712889481363961,-0.09567226230755344,0.6394225353108629,0.359054189985682,0.06511404414663638
2018-06-12,0.8195245487477161,-0.07966521288209383,0.5736431486867439,0.40715799292388144,0.02818086160695629
2018-06-13,0.7319660715413541,-0.6254252851260986,0.5099384446998607,0.39775072547712237,0.020972347888868627
2018-06-14,0.7639906470939211,-0.28519367231960907,0.5202743354196873,0.3790006511805109,0.09143540180428807
2018-06-15,0.8001432807545922,-0.332526104853306,0.5499337132200595,0.30633556018841024,0.000531465737745307
2018-06-18,0.8097952692863487,-0.4701444304439232,0.5811947267570288,0.4428511101017705,0.003089941808961927
2018-06-19,0.7936571497701579,0.12377671234151225,0.6030361193480216,0.29278554739590434,0.05095508270675421
2018-06-20,0.734294907816797,-0.07057325293896376,0.6805316176994696,0.5114716462593463,0.017730769891506026
2018-06-21,0.8001749070486605,0.33379565218215435,0.4697779052013095,0.2053915431530623,0.047246586035834454
2018-06-22,0.7327679536162185,-0.07302024796590463,0.5208610678009619,0.4096640996763883,0.0012042165063865908
2018-06-25,0.7464960019535142,-0.05590966722330496,0.48654754450804916,0.5788569038832407,0.06211292606340579
2018-06-26,0.8989400862788718,0.08805629857636817,0.5562868449056589,0.37508599227299666,0.028433530248944617
2018-06-27,0.8751846185592601,-0.04923593707257007,0.561850716140154,0.4781866643550822,0.039172942692046686
2018-06-28,0.7647055183379899,-0.20242469076588032,0.5333600637943682,0.4118846681845273,0.08622635057436612
2018-06-29,0.7936873323919992,-0.14070313819462504,0.584356835416704,0.3239613492818138,0.0889529785035827
2018-07-02,0.7578970873942452,-0.21590367479848083,0.6117807737075687,0.5611497424719171,0.01092914677243284
2018-07-03,0.6959373018296746,0.3735381881894666,0.5427088363440896,0.388959201524747,0.010977637036944033
2018-07-05,0.7129906444426789,0.2326509674312212,0.5244880557438143,0.3224309800952492,0.0038642245410019484
2018-07-06,0.8537702638844764,-0.16843589588393004,0.5206760982544352,0.3757484746293334,0.08640086411535518
2018-07-09,0.7500247100585302,0.14433304827512708,0.6317848420917163,0.23631745528886872,0.003699638681192319
2018-07-10,0.7897258057689177,-0.30143208265023164,0.565865434716145,0.3635338667031357,0.05681838941628761
2018-07-11,0.7687801757096633,-0.18115049420211826,0.5547371702207043,0.3883389001405659,0.03608865591532451
2018-07-12,0.791206910411437,0.003782246033116162,0.5599516278831955,0.549286861634215,0.035577796704661484
2018-07-13,0.780896906261009,-0.030892113407939577,0.568052799404545,0.5083934534709356,0.01772041651520122
2018-07-16,0.7588045355731182,0.2024760091731035,0.5546254002881161,0.43393600780613617,0.048243945607363704
2018-07-17,0.893339654900045,0.058799328735597935,0.4944543300620719,0.20287494584252747,0.07471015545811441
2018-07-18,0.769257084451069,0.18176865179630883,0.5183192467712272,0.5457041666682055,0.04152372534538928
2018-07-19,0.7439882213307517,0.42962296384049314,0.44787623333191595,0.4876311401570509,0.04598166002405109
2018-07-20,0.90803243579838,0.0009786168224853512,0.4773477470008993,0.23048036526638602,0.08185165750044937
2018-07-23,0.8197466263565958,0.11404681857479614,0.5442145447942793,0.2640936567366318,0.04891066614118962
2018-07-24,0.8103780982505073,0.21585703550689717,0.5293744734382707,0.5266800330135817,0.08968745875810767
2018-07-25,0.7347748975980597,-0.0670053719317692,0.5530450759730642,0.5488018074752021,0.08966875467379015
2018-07-26,0.861517477219362,-0.06352096468775292,0.5805562103948025,0.32834536708491835,0.04552633629522508
2018-07-27,0.8240551984013417,-0.2960185806879628,0.5588745403785846,0.3625144782142563,0.030330835930128464
2018-07-30,0.8747860050077494,0.0724972945590504,0.5483064952206291,0.5737995893186378,0.051736822131422326
2018-07-31,0.7804243256020663,0.14174522626006916,0.5491141768979776,0.26734044801273993,0.06689350631253317
2018-08-01,0.8217617892329406,-0.34629119454954566,0.5198106036950311,0.4193877985180495,0.06572267698473298
2018-08-02,0.8056358037297975,-0.3651987429327539,0.5058091320549566,0.37200658331784114,0.0736863098570115
2018-08-03,0.7910361915398033,-0.32142083893543116,0.5005579262904173,0.3609074394146984,0.05592173982484179
2018-08-06,0.7133349135859901,-0.3151883586527052,0.4501617609605239,0.47949488209543567,0.03236671246576502
2018-08-07,0.7467844918638299,-0.15709831143623015,0.5189264262681571,0.5823307537590394,0.08637701744614869
2018-08-08,0.8427971536262407,0.3980325577991429,0.5566343834481363,0.3511547145973663,0.01806222196502959
2018-08-09,0.7422150308384237,-0.06846033376195179,0.5228752305288986,0.22855696044903515,0.023012600714482204
2018-08-10,0.8178734047211906,0.04360605578605714,0.5619598987728247,0.40229841234485325,0.026145783612029294
2018-08-13,0.794642969654298,0.02954559886111001,0.4502875363678378,0.2574993262598945,0.02148499213109877
2018-08-14,0.7516928705042661,0.09767545957239182,0.6018492908938701,0.44398215223825505,0.09685168618225289
2018-08-15,0.7549791680360293,0.1050682970888766,0.4971147855309444,0.4573687075668357,0.09673234108320203
2018-08-16,0.7609301135070673,0.13780860210089074,0.4801702006991708,0.31776805436707256,0.014114965001890212
2018-08-17,0.8325913481745953,0.23059776785868702,0.5270324560468889,0.3910687015928531,0.06727170108933073
2018-08-20,0.8473696739970459,0.11106996584917146,0.4428083688527729,0.47341371797235154,0.055712800392467704
2018-08-21,0.7677194945899168,-0.09222266167791526,0.49135906104152227,0.5565410033048654,0.04947734504402504
2018-08-22,0.7311054337804633,0.05552911674236351,0.4912513406693268,0.4086941278699779,0.036673701675668226
2018-08-23,0.8251987573315445,-0.26652047595989103,0.5635928776997644,0.4464778173521457,0.08103201079619701
2018-08-24,0.7830663793927993,0.13498390289340062,0.552766420237533,0.5336005151951744,0.025468222978671386
2018-08-27,0.7357945895363086,-0.2354100258017,0.562579625172601,0.46889372670138396,0.05975137440364773
2018-08-28,0.8251732586238864,0.05911671894546122,0.5666496406371552,0.38108300141757095,0.018795804517053285
2018-08-29,0.8531488063335477,-0.1643559505671593,0.45834006480221046,0.2486563006106489,0.0921930934345925
2018-08-30,0.8273370024989118,-0.165470005013192,0.48232282981816793,0.3724045424623139,0.01665156498399203
2018-08-31,0.768032075130343,-0.26511215265827354,0.5058089135108669,0.32189306013926283,0.04582586788648396
2018-09-04,0.7541862302027722,-0.028182111712993736,0.45147131747510405,0.35747511101655005,0.0723491078060891
2018-09-05,0.8028918561978913,0.05929032081026062,0.4972359772229434,0.45970835684934735,0.0087855775228188
2018-09-06,0.8150830288970853,-0.23715336453012792,0.48235762684839034,0.5416646900437103,0.041949736419240935
2018-09-07,0.8147800886250915,0.14174619023741314,0.45073387412089455,0.3523186563957811,0.05480737458586874
2018-09-10,0.8297830320970023,0.005014762978127741,0.5647360782701438,0.30270636308613,0.03624526423709318
2018-09-11,0.738615849604854,-0.055303488321663374,0.46869006171111083,0.5358631331777235,0.08631258731530352
2018-09-12,0.8145105341831262,-0.38390040261202546,0.5230804857616511,0.07903284670216504,0.05976801782184428
2018-09-13,0.7330925035686224,-0.043746210633345044,0.5013695310352885,0.40081129631424905,0.008595818064390071
2018-09-14,0.754234490083727,0.20129392411037328,0.471027586444312,0.35335624684718847,0.04362899813027269
2018-09-17,0.7857606521941782,0.018125917202543577,0.48697063774514787,0.4292644389926,0.07504160996554982
2018-09-18,0.8305050284481493,0.17496982842434383,0.5499656257234766,0.4793596900802944,0.07083431926151917
2018-09-19,0.7717302960587131,0.13546991237522174,0.531791476710087,0.4673154634247499,0.009565879972181014
2018-09-20,0.7266924230558515,-0.11850453663542404,0.5003489171078036,0.41360841358169537,0.07202189872686525
2018-09-21,0.763647344439823,-0.2669937232422477,0.5218461254477833,0.3009667771004564,0.020346270706501357
2018-09-24,0.7472978177861598,0.3240994261267243,0.5299649329295357,0.4909246776163853,0.06279774174972068
2018-09-25,0.8021510652539217,0.35528681543614066,0.5470630570649276,0.46545758129448334,0.033460038859587836
2018-09-26,0.8137536943707534,-0.06614787502307486,0.4878983268602617,0.6200777880319814,0.09315372768011487
2018-09-27,0.8454758585061221,0.3964115603423527,0.4840769467628002,0.42977360864803055,0.03601173021224096
2018-09-28,0.8200044105774722,0.0027484875642024816,0.4397854117142563,0.3882652695917534,0.03754788169744793
2018-10-01,0.738500925200954,-0.33494582218107616,0.5251764684242377,0.2221747775978997,0.09686110502000884
2018-10-02,0.9248224680104316,-0.17093411782660156,0.47069992415930595,0.4320180245130998,0.07180567170919161
2018-10-03,0.6972067053764051,0.020727144785438415,0.45380174906299625,0.29777516712796104,0.087224408747674
2018-10-04,0.847078321046624,0.06430808826931309,0.5164094432308068,0.2484204442751272,0.050728305406442825
2018-10-05,0.7744473771161056,0.1005928984991293,0.5034866487720004,0.47334171159545496,0.02704955845051368
2018-10-08,0.742624431267711,0.31936663584874514,0.49570579520535873,0.6472060633081852,0.01697212592157358
2018-10-09,0.7826134714007266,0.15870814832727945,0.5528219592318854,0.41586565738911585,0.08625765062689472
2018-10-10,0.8091615902347223,-0.00567859364608538,0.4802096477576189,0.45678468449936005,0.042814007314233994
2018-10-11,0.7489850384161927,-0.18002151211583284,0.4908418110214945,0.2724680965181947,0.05101447574955797
2018-10-12,0.6695654630384018,-0.2725463136162565,0.5288300241472963,0.15631307879167539,0.09761598685323652
2018-10-15,0.8417661625911573,-0.17233993398235126,0.522577839510275,0.390839318040793,0.02337742431484925
2018-10-16,0.7458311072830637,-0.18336805109187568,0.5041289199310311,0.3728856139713522,0.0707985583944069
2018-10-17,0.8168868939871146,0.14192777629061512,0.5270230677414446,0.49984437818864486,0.027572782753217187
2018-10-18,0.7654154013712983,0.1507180731613419,0.5395969537143864,0.39591295630005763,0.09573688471012333
2018-10-19,0.7498821084383015,0.2940560710092368,0.5358646268280185,0.44565241158702423,0.018167073496356757
2018-10-22,0.7637181949508529,-0.1463415984431628,0.51019561931978,0.4866139395321599,0.07923210683923393
2018-10-23,0.8242613857022818,-0.12058402172257109,0.4225686709362728,0.6452919899114872,0.0464103732537886
2018-10-24,0.7854859050946802,-0.07361916874576674,0.5203394949966536,0.25158619922486636,0.04345198422333623
2018-10-25,0.8326904605098016,0.02285283880918164,0.4540161134134128,0.6421312840409235,0.041385180977528226
2018-10-26,0.8113477829112092,-0.08338038698339102,0.597137525078814,0.46915584601133276,0.01001974696107979
2018-10-29,0.7803733997667458,0.08035293169144708,0.5161904912209876,0.5448483221805165,0.062260196943636374
2018-10-30,0.7436472541586306,-0.06277529475689257,0.5279520899188148,0.12410401960167805,0.03501643553384994
2018-10-31,0.8204215607795524,0.1914601140741861,0.5926302265348189,0.3730611478021313,0.04679174306224441
2018-11-01,0.7870130258639081,-0.44141776161902213,0.45916977167750217,0.526773829118369,0.07376822408679229
2018-11-02,0.7837590345864639,0.11851244544509483,0.5043838271750739,0.5808604819546481,0.03178508544749126
2018-11-05,0.8324768626992982,-0.0693567658577764,0.48401172807894544,0.19616490161637487,0.062376067825164354
2018-11-06,0.7802809381584522,-0.04268388231352173,0.45800237098477475,0.5484253524816087,0.056602114347568615
2018-11-07,0.7969430245670266,-0.17601797513119316,0.6210789763527951,0.3533710583384917,0.06133445853713631
2018-11-08,0.772484571727541,-0.2699648736700862,0.4686690707404927,0.5456107768066676,0.09564915992750034
2018-11-09,0.8770799321924068,-0.0948619512452426,0.5752474084211378,0.5305029252208378,0.0886681077564743
2018-11-12,0.7630427628547485,0.024096126449443346,0.4197672273117607,0.3638586207452811,0.06029753368608087
2018-11-13,0.7435710214789968,-0.0011797725710603266,0.5397975948990799,0.39934119003891133,0.042154295266961433
2018-11-14,0.7933378703212998,0.09990478036594094,0.5617082207549995,0.3378810961981218,0.04488212003260933
2018-11-15,0.6327344121120817,0.03410559271480914,0.5470987464240451,0.5168030661423615,0.028388304560749446
2018-11-16,0.9254287812472584,0.09131845758340822,0.5730033331223557,0.34566693154140643,0.004077581116575013
2018-11-19,0.7638911847121675,0.012406614443137865,0.5231605132631416,0.2944506363899682,0.00886433024450004
2018-11-20,0.7393186504514719,0.2974364832843861,0.5187458709450468,0.5336010764385933,0.020667332159513455
2018-11-21,0.7239742010003247,-0.31620075250516855,0.4447285747614637,0.2697390344843266,0.030123883941078712
2018-11-23,0.8253132736322359,-0.17510939012788665,0.4452285830807256,0.1708764049189372,0.05898417268127698
2018-11-26,0.7846242506916327,0.11803442972281027,0.4739938193416537,0.5273081560784938,0.061715711382562835
2018-11-27,0.8122238183956274,0.22344476045995718,0.5731642058728714,0.215471006070439,0.09168192867337371
2018-11-28,0.8412905503256175,0.19575963023381482,0.6049119867542495,0.568636589979057,0.09868786930267752
2018-11-29,0.7613956910912688,0.04960054823450388,0.5003685157313101,0.43013569855107425,0.0025744560407565454
2018-11-30,0.7805829564119708,-0.15499374856758136,0.5409138062581751,0.31658863833327566,0.0057166491357276365
2018-12-03,0.748077503300275,0.19408166824103606,0.5727957690503304,0.5181790651138158,0.02693539053187969
2018-12-04,0.8295531931945334,0.14983763161904035,0.5489111728293267,0.44179020029670574,0.08016825170810411
2018-12-06,0.8149823914488368,-0.0768757950047948,0.5551758199206412,0.5833317177245431,0.01395254514996176
2018-12-07,0.7466964708676107,-0.08702217773484855,0.5145140793339839,0.5680497444722332,0.06289510212659581
2018-12-10,0.7512313903592078,-0.13265809681950522,0.5163293566646285,0.31125365167673136,0.08027570141757318
2018-12-11,0.7510548034001685,-0.2770716154666911,0.5664356793880588,0.35177647609188384,0.034084109398588594
2018-12-12,0.76041178674588,0.3087764185204862,0.45987392002895966,0.4236951930481888,0.07413885820161051
2018-12-13,0.8049051802337969,0.11671815846904583,0.5522897826637647,0.3778599840480446,0.0019936549657359583
2018-12-14,0.7655056007682323,-0.07426150698124728,0.5995819079706511,0.4268713191791203,0.03585531932851116
2018-12-17,0.7862780954872257,-0.41458927181725286,0.4982573207361192,0.4698125866857328,0.042246862470855275
2018-12-18,0.8204778807488219,0.2421807717904724,0.5842358734615765,0.3507589333606777,0.09372637109531604
2018-12-19,0.7555861025279891,0.19798548239922106,0.4734133783720948,0.2494978432694468,0.05004206057613032
2018-12-20,0.8201370066584212,0.011971046667661469,0.5826329853925069,0.3548719278700004,0.049880060926008524
2018-12-21,0.7252496048992026,-0.23806613010782118,0.5437138004982394,0.3153534515571363,0.06630472664892954
2018-12-24,0.8049862164937649,-0.22428494760251327,0.5413122576606305,0.49599290654333783,0.07655673465205036
2018-12-26,0.8211559242205886,0.2322676812980042,0.6174929314657666,0.3809670516444458,0.08420245729756427
2018-12-27,0.7596982889954753,-0.042456536930151674,0.5208523742130957,0.355205025403884,0.010629267466408677
2018-12-28,0.7357439385585439,-0.25137529017340315,0.5416622242561769,0.36697120540184225,0.08861223387360784
2018-12-31,0.8115958718936971,0.21521372559772667,0.5562617056529373,0.39209201121704396,0.04354731264288875
2019-01-02,0.7855459890085292,-0.14556852424012176,0.6322131014971957,0.4835107748068369,0.0832027975189209
2019-01-03,0.8371926190764817,-0.052251822756931354,0.5306991745429076,0.38343228775659977,0.09064828407395414
2019-01-04,0.7125628034549378,-0.14831551667169354,0.5712284351374926,0.3594548163347599,0.04678659656873442
2019-01-07,0.7716676595044433,0.04720180429546526,0.567458010778577,0.5250187136053894,0.03101816554138728
2019-01-08,0.7441364243200326,-0.07302662404776804,0.4963392024602808,0.46552739393963666,0.0006429145003385207
2019-01-09,0.6822989968135448,-0.1020625336512131,0.5574542672992985,0.2230069414417952,0.018630153973477937
2019-01-10,0.7908756256470313,-0.10986295795774455,0.5820009591748647,0.4580068958596545,0.020782617656115023
2019-01-11,0.7900231680997086,0.1606824938741643,0.599743819643478,0.3205917876646769,0.03428283876393166
2019-01-14,0.8030900917991861,0.30665207888616014,0.5017584869837314,0.5164778917890384,0.08472530996094006
2019-01-15,0.7663438426405207,-0.14042052437639002,0.4703954226582655,0.515371155780403,0.03525328853861148
2019-01-16,0.8144681313153632,-0.2733538340161884,0.5579670285558236,0.333409891229647,0.07767381955799692
2019-01-17,0.7768567332129835,0.22816266245439076,0.6132281167008824,0.3133786687322369,0.00683545861488255
2019-01-18,0.8217397174955501,0.05160458136664545,0.5255787189478606,0.4834646407932573,0.006050728531470074
2019-01-22,0.8212357928350726,0.38308848148144237,0.5197884064694449,0.4694562783616252,0.03616978824204459
2019-01-23,0.8878860330739442,-0.3192792842650898,0.6206740961807942,0.5951115236227958,0.020340600816127
2019-01-24,0.8059175747323515,-0.1458068312533331,0.5956200770601294,0.48554261118916925,0.04182464230692639
2019-01-25,0.6830164607992845,-0.32466102630318083,0.5681428110452774,0.3453511427671379,0.04144186443417178
2019-01-28,0.7725291320883898,0.3303233484797594,0.61645780402643,0.3209213412133198,0.08591698339841941
2019-01-29,0.8120552750822875,0.29245666953518884,0.49704551250606255,0.48093733366174557,0.03787356737770714
2019-01-30,0.7645592660194895,-0.0796954981798511,0.5586800023536762,0.4045085787895255,0.04526281455255601
2019-01-31,0.7726672017248688,0.23575878234247638,0.6070300774241778,0.4639061138681066,0.010307243954407398
2019-02-01,0.8637611140441519,0.2907009950339547,0.5998728000116448,0.4114385499860444,0.029369357493680495
2019-02-04,0.7818523069496,-0.31861499485362876,0.4963940210834986,0.35322105224644895,0.04755391272479531
2019-02-05,0.7782150654968251,0.13146529187797623,0.5389067913380361,0.370629536643962,0.08875844618402488
2019-02-06,0.6538785568633186,-0.11562192654935938,0.612999464096241,0.4669217818549643,0.06316122744987228
2019-02-07,0.7582289123483082,-0.15760970402569074,0.571620343343973,0.4701599298574101,0.0886556398660589
2019-02-08,0.8192204923911321,0.22256624452252233,0.5183163804718459,0.3445751015122956,0.09628396564818859
2019-02-11,0.7788088004331676,0.3438364215559266,0.554038758447443,0.44098584015451187,0.0377103141027173
2019-02-12,0.6720698738319562,0.18236811101348727,0.6062841460453692,0.27578902994063553,0.004075687320808152
2019-02-13,0.770324230184626,-0.14961404992474164,0.5233909954269571,0.5627164571098006,0.06152996341764808
2019-02-14,0.7466190639348051,-0.42282456676632374,0.5976917008088949,0.3521824448823927,0.02146382940198518
2019-02-15,0.8213165197564158,-0.16008826741470158,0.6180018719473624,0.6032175316261728,0.08801695659833392
2019-02-19,0.7494023122263294,-0.003960722426389832,0.5905573747196967,0.34740844351954847,0.08972379501981499
2019-02-20,0.8316002217505025,0.08683456535190899,0.6054305899265611,0.39405961378147486,0.09579848038113022
2019-02-21,0.8255216112711846,0.24040253200566025,0.6534460275778331,0.31396716248997936,0.0049481698059684835
2019-02-22,0.7089067052392356,0.27206482138510885,0.44336506319934155,0.5579444278628206,0.049985980093273596
2019-02-25,0.7109971292868797,-0.2671233250435689,0.5688071443174558,0.26029367043102236,0.05841967136620935
2019-02-26,0.7497439562298808,-0.03020991272428021,0.5474317792492884,0.41420876733817164,0.02244606952210685
2019-02-27,0.8484630448440378,0.09613306425191316,0.6334707086596677,0.568538586054391,0.03288463326898774
2019-02-28,0.8210073950770075,-0.09096660413021793,0.5911297400895691,0.4979174340703855,0.009384340732450126
2019-03-01,0.8599810060963626,0.2039080154883303,0.4721839394624882,0.24720996210212212,0.010168309192807435
2019-03-04,0.7337522787054567,0.04638139172966375,0.65203867658151,0.21982673455672583,0.09416298699677189
2019-03-05,0.8030928462517639,0.1633256669686589,0.674558685454009,0.3834042845776742,0.014910510703754699
2019-03-06,0.7324127149543422,-0.18803816299346632,0.6030785006985824,0.19645132556585368,0.054083232896225755
2019-03-07,0.7966204330067498,-0.18497903031616533,0.5891801227774354,0.45406454866292556,0.06672111085821718
2019-03-08,0.7847420423763911,0.30614679225439145,0.5444881232110181,0.563836643786447,0.054002114761250164
2019-03-11,0.7890803714804815,0.1339362531430551,0.5270233385249493,0.4177973814172571,0.08258646717223031
2019-03-12,0.7890216491193494,0.01681126821643542,0.6234486599402658,0.3545857470373046,0.0606076071774693
2019-03-13,0.7547489314658687,0.1045656830031267,0.5778857181334721,0.47416735505550095,0.01785034566806133
2019-03-14,0.7801289099045767,0.031194829108451578,0.6357191099045579,0.4011276151916295,0.06386825829543429
2019-03-15,0.7804173992210316,0.19647462401572752,0.532583226732077,0.41738437301171616,0.09189992490521977
2019-03-18,0.6656176592940876,-0.1822535519912286,0.5375844002627921,0.29738149348333387,0.024096563072249236
2019-03-19,0.7871930676768194,-0.20549952088993528,0.6618236693216951,0.36457565799192815,0.09153014702914015
2019-03-20,0.7466422945294854,-0.29111104778011543,0.5405810303831775,0.5115798451157031,0.033018660137216764
2019-03-21,0.7832636545474185,0.13939142156308942,0.6218703445772008,0.407860534436711,0.021978678316084778
2019-03-22,0.8063528642517799,-0.3126884913070791,0.6027384883624097,0.6228463576866892,0.044346174065606175
2019-03-25,0.7210827846654506,0.29714274307772004,0.586839520014613,0.3625781087783796,0.02780754127531886
2019-03-26,0.7487255885157011,-0.20599553957272568,0.6232642800723681,0.21450095890850596,0.07650691012390187
2019-03-27,0.7844659955014532,0.06940884184732078,0.6007530339613296,0.4124174738995736,0.03214640122609321
2019-03-28,0.7646108321618453,-0.18254284911514282,0.6932294263106511,0.393017454592124,0.09003695775339665
2019-03-29,0.7665324398657904,-0.35337925805107234,0.6287149696769684,0.3444004926324267,0.07209692983010112
2019-04-01,0.8661199315394149,-0.31013815044995896,0.5601794245124514,0.5777974287730275,0.02735971847479859
2019-04-02,0.7340575224459216,0.044831843751764425,0.6994235879631263,0.424951315963217,0.05960791745912184
2019-04-03,0.7770619450034153,0.15002130495986507,0.5749901413309454,0.18685132893623313,0.07161850000535382
2019-04-04,0.7588722455743719,0.03405459589679173,0.5520171589027785,0.4982979079243079,0.07696468764392948
2019-04-05,0.8314989125750892,-0.27750234880137975,0.6088907616745485,0.4885951193810286,0.07822429435513326
2019-04-08,0.7234380834308506,-0.3045146899276501,0.6698217158222012,0.47655223018907444,0.050073300342823715
2019-04-09,0.7586937782952248,0.03679643307342376,0.6294643099422307,0.41283294864038084,0.06303151018736235
2019-04-10,0.7441277424220022,-0.09911827382185134,0.6336043040562609,0.46029504572394664,0.015695031409734186
2019-04-11,0.8110467866240991,-0.3405350057340677,0.5879721456700608,0.4232738114930955,0.039061690549230525
2019-04-12,0.8434180540407376,0.05258944275822708,0.5631307056631322,0.36664374479844797,0.039452295287825706
2019-04-15,0.7486246970869549,-0.14217496809143865,0.5549468481221234,0.36315124783737474,0.06523791006356815
2019-04-16,0.7551770883456245,0.0016593139953841275,0.5455686511899899,0.5708661314783531,0.0335119438120654
2019-04-17,0.8294668909421085,-0.09055074193914878,0.6395118518977485,0.5174286916085066,0.007323177732182307
2019-04-18,0.799590542619947,0.15965138009839852,0.5750922221253139,0.31569573022301717,0.09793099498562173
2019-04-22,0.7399937742231295,-0.08334049662000496,0.7326088648491043,0.3724876452727138,0.010227813965321332
2019-04-23,0.7300929377013015,-0.24940094191329287,0.6343541352435503,0.44400794489740086,0.014585592223495336
2019-04-24,0.7908783992690644,-0.07609681781785382,0.6033705357315198,0.510872212340971,0.02864380289681047
2019-04-25,0.7820527551051125,0.0472233205139506,0.5361026300974585,0.39985499677553005,0.05378903002592329
2019-04-26,0.8255286667006551,0.15221033986766702,0.5841277165514084,0.2736905070626203,0.06988201225025083
2019-04-29,0.8373477654281415,-0.182160353417968,0.6274074924335318,0.39312404730760436,0.09377565741223912
2019-04-30,0.806236402444774,-0.08773567657740484,0.6483634284199585,0.4032730358409169,0.06448255388884652
2019-05-01,0.8540992553975785,0.18456692335956207,0.6348535919562435,0.33342366889839037,0.06863800482022465
2019-05-02,0.753465073670372,-0.17409532443311693,0.5319556356765835,0.6279998665742427,0.011657733586698983
2019-05-03,0.789850075150128,0.005978195549449349,0.589804739830204,0.6136157102572103,0.026974665671870936
2019-05-06,0.796853516458105,-0.12740350289103655,0.6146530499633743,0.516267074620532,0.0402550457072634
2019-05-07,0.8413117299055813,0.10582343741141625,0.6294016029321234,0.4581610740976128,0.078758754346842
2019-05-08,0.854854465584447,-0.036466416848112755,0.5305381624410355,0.4614031842311718,0.09265968037414701
2019-05-09,0.74648403278661,-0.3114584242374856,0.555700003992507,0.31359436166320237,0.06414834445272934
2019-05-10,0.9319471429019819,-0.27089594824505514,0.6264663024291387,0.5751851941182561,0.019128204832088193
2019-05-13,0.771801090746809,0.06440026776197501,0.599498681298637,0.3249073032524581,0.06524869282848442
2019-05-14,0.7801251497337343,-0.12469231056114555,0.42112134284592484,0.331124352724028,0.03588919022231537
2019-05-15,0.7598349137987064,0.15276186557358418,0.5148377223769768,0.41959995342846307,0.0700835069785972
2019-05-16,0.8748175194597269,0.051220839660994416,0.5869787527812282,0.42008791981544047,0.062035950295590836
2019-05-17,0.8267034735754692,0.36707647850329994,0.5569523948731572,0.36092070852309655,0.061207715579135014
2019-05-20,0.7615460957622376,0.08397248053690169,0.6264226495930776,0.2606530724022199,0.08747612604973765
2019-05-21,0.7767663283653594,0.008385992604326598,0.5972242562682892,0.32221761776002794,0.08807397770151437
2019-05-22,0.7892836858005128,0.0953818241899919,0.6050210081316539,0.5466607321603495,0.0023523234470087862
2019-05-23,0.6906551696056614,0.08923016904863006,0.6380735413900585,0.5966735540704784,0.0692266305158724
2019-05-24,0.8829426868735458,-0.22510459163754237,0.5253848471634145,0.5042464462955064,0.003886192820636014
2019-05-28,0.7622877841842348,-0.12328869020483053,0.5077843432766428,0.44978631143892717,0.006438458646794654
2019-05-29,0.7571075466426416,-0.20757213731324475,0.6115682265047945,0.43803397844818853,0.06699788341242006
2019-05-30,0.6972876075882981,0.02846089365056988,0.5991014215067803,0.4289916066590517,0.06590174571257588
2019-05-31,0.7638914158381566,0.3789465759920244,0.4753261804085901,0.5508940645544262,0.08128882235879405
2019-06-03,0.7170007756246399,-0.036152781244574474,0.5990095178979444,0.409541383517504,0.09840824112004479
2019-06-04,0.8029432735113362,0.1619731577400455,0.6343840258372998,0.5296744246269369,0.00045494055651749136
2019-06-05,0.7824308394786653,-0.2137962287389255,0.5621672856585145,0.4460198343235347,0.05075026892807142
2019-06-06,0.851846944981193,-0.09697922533860281,0.5572483254503239,0.4561531395866567,0.01979992587418237
2019-06-07,0.7801906539105256,-0.23134247552159973,0.5732557408166775,0.42060376120930726,0.042836942664856964
2019-06-10,0.7822862970053407,-0.01608237321665714,0.5214198836092843,0.29863896821964003,0.029371397645868925
2019-06-11,0.696074809500303,0.07725645971853203,0.5092518548215832,0.2794370196871437,0.03653742134177647
2019-06-12,0.8106773716445378,0.002184993905648054,0.5608973618999324,0.4950817534357708,0.07235627200796288
2019-06-13,0.7778343220955053,-0.13932844727307223,0.5695681246004415,0.4187342816883481,0.06808181104239647
2019-06-14,0.7797707638836544,0.012633986270740777,0.4979534444475316,0.31739070278257153,0.0022571178297076887
2019-06-17,0.8500179183588209,0.15722642320386113,0.5353015672977861,0.35920465419543,0.04291220882393215
2019-06-18,0.8265562013610704,0.13342963752344877,0.6341380139504716,0.23455703328977667,0.03260846399760993
2019-06-19,0.7731279103112497,0.16256559997207645,0.5852456912673736,0.3784053647996507,0.001080581911482481
2019-06-20,0.7568517983035301,0.20899216900711337,0.5199578738273313,0.46032925275235254,0.06290496617347273
2019-06-21,0.7564899602248647,-0.07164842886282932,0.5370565414132027,0.21036076578786692,0.017737365047083443
2019-06-24,0.7706593878080119,0.045955023896706595,0.49818045900003927,0.43977150640781076,0.09265856154671102
2019-06-25,0.797299857966005,0.3306692225044197,0.5674838516139882,0.33455311879504684,0.02478888674522789
2019-06-26,0.7573203135807327,-0.09101697210341081,0.4979740618554518,0.36732008462036714,0.07862035834548167
2019-06-27,0.7998764238459071,-0.04543123530614593,0.6076155714525902,0.46892136347384844,0.05207309750961754
2019-06-28,0.8204813073111942,-0.04361991900886105,0.5032590763451132,0.3965411225456534,0.019717480272630684
2019-07-01,0.8564416055944797,-0.09828306953974508,0.51077685221002,0.47840228140556723,0.09819742298043196
2019-07-02,0.815095067457376,0.1942743467467187,0.5358298770520901,0.46841763229164496,0.057018383539278086
2019-07-03,0.8089902058332317,0.15532546862892815,0.4617144353100008,0.32983333253460045,0.02551066516789744
2019-07-05,0.755051425517177,0.002992014281472605,0.5452848618468461,0.3066699767839883,0.07770369964711915
2019-07-08,0.8060492142330781,0.1119211319504895,0.507932278000826,0.468000551276409,0.029971894342821603
2019-07-09,0.8958288561187587,0.05695020479209763,0.5374281020311831,0.3062670503153294,0.06824940728761979
2019-07-10,0.8273652616206053,-0.2975718836319122,0.6013600919111343,0.4631341114947839,0.024161634187504312
2019-07-11,0.6892049954174416,-0.18682359985262917,0.5474504488540116,0.48372164563422515,0.01692282313636383
2019-07-12,0.7969026020423907,0.18691457014834742,0.5372543107306705,0.48800533440035426,0.07292722018055518
2019-07-15,0.7604583099042685,-0.05162456188371252,0.5195129692545282,0.40603068822815847,0.030722601937141117
2019-07-16,0.7562836630502363,0.12702182956904123,0.6310422647575111,0.2799968862499269,0.01775650362575698
2019-07-17,0.8019071045051535,0.04480445337085817,0.4543822240610672,0.5257972718098625,0.07180149761194725
2019-07-18,0.7605992991595756,-0.06115182277237255,0.5239282480330815,0.5992235263774581,0.08442335465112576
2019-07-19,0.6989833443771275,0.11914978608115792,0.5303571378368491,0.4008809184465493,0.013467164439222024
2019-07-22,0.7373558481037976,0.3723996306286623,0.5695300108278178,0.5796054306167988,0.046316149780379595
2019-07-23,0.7795518543900405,0.026846060589929468,0.49673559667675404,0.38683770935608786,0.09448971945822232
2019-07-24,0.8010003888751925,-0.19656795669737862,0.5431705903076632,0.188552511877832,0.05796575965782333
2019-07-25,0.8013347669938766,0.07288878282106197,0.527912979192196,0.31606234367322716,0.09069830518477598
2019-07-26,0.767223021333069,-0.23182993704681698,0.4395175754297022,0.3834849995170841,0.011276091693783998
2019-07-29,0.7240341283957555,-0.04306367560703352,0.5351706515635277,0.34943787639065205,0.04931711408168319
2019-07-30,0.8033329458228027,-0.2513652686740459,0.5996212711725637,0.22059617172278387,0.08497812106727055
2019-07-31,0.7369943219017832,-0.0648582383437153,0.5060533663679666,0.36568333332171504,0.05072047596284584
2019-08-01,0.7890691579546918,0.4431301298315097,0.5032171428142129,0.48498587411512434,0.05309775804407695
2019-08-02,0.7143273196874642,0.06929204488459005,0.497633217994032,0.25195512814901855,0.014007439879303352
2019-08-05,0.7978257970137654,0.27104616223794387,0.5002230455397496,0.15586721498399947,0.0975161570296476
2019-08-06,0.8447049068168359,-0.2723156955106239,0.5696883006160725,0.431669996139465,0.08978938708270154
2019-08-07,0.844158566406409,0.08434011836734637,0.5090397679149355,0.43979839439797963,0.07466332775825632
2019-08-08,0.7270959455606609,0.17037098886653157,0.4867388200158758,0.3763741979224289,0.009645326715196379
2019-08-09,0.7973200213103045,0.05792908921081295,0.49485402727693883,0.24334614065278784,0.05601269923452519
2019-08-12,0.8666749763690893,0.16375387891134063,0.4824154672692423,0.4083784882730003,0.01707936097208663
2019-08-13,0.7725852210435729,0.0388596590405555,0.49550088697516004,0.39936159053742626,0.07055792971293116
2019-08-14,0.7966026305676379,-0.12123258624208305,0.5658951689673336,0.3631933466788036,0.08534880043597338
2019-08-15,0.7569160210037134,-0.335507666852118,0.5801438412977254,0.4944435800073615,0.07481174960547252
2019-08-16,0.8078341712883904,0.3729680038530403,0.506358478729508,0.3937530051695005,0.09096228798099038
2019-08-19,0.7835275227093752,-0.046855683606355066,0.524539916707648,0.49783526821774926,0.09156039551660214
2019-08-20,0.7116987090172393,-0.09817345147678264,0.4363310163378961,0.3525768961811958,0.018829571118124413
2019-08-21,0.7655023023637588,-0.3206966644419138,0.49920114598836807,0.35280091663590957,0.02988156084544348
2019-08-22,0.8153162598306583,0.2151847352206426,0.47340786431668985,0.48808569267376745,0.0009011680925696264
2019-08-23,0.728482439020155,0.1608077488206212,0.5238024697647635,0.3619700672402706,0.010332083337959798
2019-08-26,0.8432791057259452,-0.0465749720883624,0.40626324653998125,0.5117512359762573,0.07248705758597423
2019-08-27,0.8504290627914157,0.010683780556565515,0.4573907382653146,0.25153541177731276,0.07959153177577899
2019-08-28,0.8275743021469341,-0.1118280579543022,0.5275324559330974,0.38755858994458176,0.09719326081623868
2019-08-29,0.8217912219098851,-0.11726226951108146,0.36542710032994263,0.5153399083399777,0.08045016294184631
2019-08-30,0.8637112611365958,-0.26845195331561017,0.4777179669456727,0.38853437177885575,0.09388856741762355
2019-09-03,0.8729782192562604,-0.0007775163071790496,0.43031915316710867,0.36946463689583614,0.0032885076419190474
2019-09-04,0.8493568079356967,-0.060087929910217254,0.4770866890633023,0.3970231888835024,0.01916771565866914
2019-09-05,0.8384872707659295,0.21493796416685984,0.4438146156093307,0.4831767182759433,0.09734910985023985
2019-09-06,0.8006352637805065,-0.16291092251246364,0.4836736521042693,0.2256963897325085,0.06447539655300946
2019-09-09,0.7371409517442535,0.0449915509979679,0.5296948435861685,0.5074357956959289,0.010447752401379429
2019-09-10,0.8037810278322371,0.13380382675511143,0.47549588031785844,0.6961068828183867,0.018204891570200842
2019-09-11,0.8766740510126937,-0.08488341145666677,0.38965120107089063,0.4404861520582799,0.06689669040232557
2019-09-12,0.8157414347896979,-0.008016409545259428,0.5746217671765657,0.35114624873421435,0.007004223098001073
2019-09-13,0.792068241251255,0.12664990813653182,0.5488907924459504,0.34138705442426076,0.0008429539046177382
2019-09-16,0.7813469723897472,0.040896151239312534,0.48460484262245573,0.5073967933930619,0.001905962048276244
2019-09-17,0.8183515084769327,0.4628569345366276,0.517755654297252,0.39315077445244523,0.007941255914537194
2019-09-18,0.7711203724770815,0.22681119584614573,0.49934340613479783,0.48344766342075357,0.08109168799416945
2019-09-19,0.7887057391737134,-0.2624775495405396,0.5436371792006299,0.31692586709149145,0.09421791864625251
2019-09-20,0.8619360814797443,-0.16150961634005453,0.5410836701549929,0.45743008603043,0.03976015003471403
2019-09-23,0.7688116821435335,-0.09013522964432737,0.595412782077634,0.6461292044007958,0.05862700814379841
2019-09-24,0.7322220166329233,-0.01238861396877749,0.5121967560670193,0.5002859550845554,0.07796485356172597
2019-09-25,0.8565454286717807,-0.30598864682684795,0.4771949801192769,0.42615452805574394,0.029865922030027747
2019-09-26,0.7827248576932824,0.16701506833524912,0.5006916770213886,0.3182586327926772,0.09109764390956011
2019-09-27,0.7984645467367204,-0.06511205089086299,0.4951998095498363,0.44934746276510895,0.06931874584528668
2019-09-30,0.7957285157263815,-0.04493361328663506,0.4973372215741349,0.36884244827818163,0.026461973517538484
2019-10-01,0.8346988979033001,0.06287554059451624,0.5284394479180924,0.36806086939925764,0.04165548812528896
2019-10-02,0.7738979704005307,0.031213804152821337,0.46151213670442226,0.2705260954105345,0.04068512181607466
2019-10-03,0.8542990891372204,0.03950008532282717,0.49370982657907164,0.4911574382565995,0.0020611741728983725
2019-10-04,0.8364318532174392,-0.025930072253102416,0.6499213797856113,0.4419001789587441,0.023819491297347985
2019-10-07,0.7588291968086177,0.08895394808725861,0.5299998303902831,0.3943640894084158,0.06077120624453084
2019-10-08,0.822668516868295,0.17687228104849356,0.42288856777375655,0.5982839858599327,0.09614565233099381
2019-10-09,0.8751804980970245,0.20307003086768805,0.5851576859273356,0.4525200640119824,0.09386022788430504
2019-10-10,0.7720904432309842,-0.1545993624179215,0.4342313000752546,0.17535014395069673,0.026850687031422307
2019-10-11,0.7766095387971222,0.1597059273600692,0.5154916739020505,0.34828418214416695,0.07706957636482376
2019-10-14,0.7819015449945383,-0.14710525770538016,0.4567001844376674,0.42522536732839394,0.09004377878842768
2019-10-15,0.7913315431514044,0.3866656886941261,0.5439869885802863,0.6007203663935128,0.058847227430956134
2019-10-16,0.7999619786655194,-0.30901134654234114,0.4492268950105806,0.5709444305678109,0.09279416873888426
2019-10-17,0.8400056458549807,-0.17195829149730207,0.5636316579433954,0.4698698593635653,0.03201363216322635
2019-10-18,0.8206535981215749,-0.07706099070093765,0.580849446612616,0.32063561848694655,0.05071916597192903
2019-10-21,0.8031692316872698,0.33552331265362795,0.45607734848902864,0.2882389467806398,0.059973758090759166
2019-10-22,0.7485714542100764,-0.2788563766121033,0.4404554729176545,0.4735522829608186,0.041533436699035586
2019-10-23,0.6881593114997884,-0.7667239570405231,0.5523932338748325,0.4662263608869122,0.08343739943846146
2019-10-24,0.8389960904711385,-0.218191862233575,0.49793947623830104,0.39698754916537593,0.05453762345998784
2019-10-25,0.7580537270624844,0.018598641158980737,0.4913131264982536,0.31797961143273307,0.06010422786947525
2019-10-28,0.8779319627736191,0.1990868811610909,0.45143341042884966,0.4301856871096282,0.05507426220053453
2019-10-29,0.7852186360720954,-0.19630427908409065,0.5104629359993101,0.3063464211412222,0.01318238166898943
2019-10-30,0.7900156384075205,-0.31516895283330587,0.5237669464290935,0.3252600304583917,0.014882583540975037
2019-10-31,0.8120975733048118,-0.04289550946146019,0.5204178982693266,0.321481284636811,0.07343578450548055
2019-11-01,0.8632384945880758,-0.03294639151680353,0.5224465661054908,0.45568529624491305,0.06676597049978092
2019-11-04,0.758803804022993,0.13164465817678336,0.46502172786148,0.3787753294086337,0.0392386853512601
2019-11-05,0.8107875048838568,-0.042278946218645475,0.47150557116459296,0.3526776363900137,0.04755848021149975
2019-11-06,0.8226092090858729,0.04729856728122215,0.4533286172821733,0.4582562424330444,0.05540461629889342
2019-11-07,0.7577132827771235,-0.16685050737951232,0.5294097944824101,0.4152438845669189,0.03268078127445031
2019-11-08,0.6615247515164846,-0.07081880432108051,0.5699640948812674,0.405104811778961,0.025312486881949106
2019-11-11,0.8119221933352866,-0.10370505016402337,0.5382733236816433,0.5926199249537734,0.0093097571542768
2019-11-12,0.8294371217918578,0.34735236967446426,0.5078312532622242,0.4438550491932988,0.08537575245299929
2019-11-13,0.8167407603358173,0.24000576321512637,0.48961138911818386,0.5254807021357077,0.01840580958749364
2019-11-14,0.8383490868392068,-0.23908263998023083,0.5274689061463298,0.31995074658104933,0.04937717507462445
2019-11-15,0.8027974489226546,0.06549041717566982,0.5181147373297104,0.5052075503059662,0.02666102931433059
2019-11-18,0.8520783772668807,0.16450527391566913,0.48202460753127907,0.29879326566168174,0.007964319801167952
2019-11-19,0.7834478325770156,-0.0735393205610518,0.5269990447004207,0.3801259286316354,0.0323913813169465
2019-11-20,0.8113448298173861,-0.017743439540746957,0.4724416133276003,0.44056129617748974,0.05876526731555361
2019-11-21,0.8670714145679379,-0.06019745201429253,0.4478047912565409,0.4675505305637169,0.05495038950385676
2019-11-22,0.7438861748205997,-0.18090120930452283,0.4983715307730817,0.37282130932405966,0.023417813081450356
2019-11-25,0.8843282064899152,-0.11745876417061761,0.5072719227790099,0.40532421298246435,0.014668861295014247
2019-11-26,0.8381526773030706,0.20831316338401826,0.5525189269962107,0.20422155163866076,0.09018759183668959
2019-11-27,0.8518573642300928,-0.11058082590668461,0.48453873330986547,0.3098340877572959,0.06183133434334457
2019-11-29,0.7904130418448607,-0.15141280527864512,0.5063706068905295,0.3951653565227324,0.07849434732427991
2019-12-02,0.7528526956401432,-0.3217763896058261,0.5641664107945594,0.5546158156132185,0.06102124869900784
2019-12-03,0.8031515393450908,-0.10481516850577473,0.569090309642925,0.4057415663377688,0.021036916586938705
2019-12-04,0.7844213234525697,0.11842175311515096,0.5631400060456024,0.3867360550327719,0.02622802849459237
2019-12-05,0.7698228904401789,-0.01782303517655844,0.4380487628468157,0.3918217616791247,0.07004955363221253
2019-12-06,0.7907008796720952,0.09978968912078653,0.542591241733346,0.2871288004701892,0.02205269478527243
2019-12-09,0.7723328395664995,0.0800183479790453,0.5017059631473056,0.4174774477834688,0.014565918407997303
2019-12-10,0.914200254123144,0.2823728236692342,0.5340533855262473,0.21183646477152343,0.023840362262435067
2019-12-11,0.8215878581760503,0.017739458523936286,0.6280211691121111,0.29866601998750053,0.036753947112902245
2019-12-12,0.7507393309662587,-0.22915440890224717,0.45582210598027373,0.4715861964278025,0.07392077628936829
2019-12-13,0.8251883996560342,-0.47627805556760316,0.5707096208450427,0.494574206474518,0.09209520292879193
2019-12-16,0.7857144794497648,-0.17554058445677512,0.4937871661496182,0.4619737604940507,0.06315645590092321
2019-12-17,0.8253923584199259,0.17576895334308512,0.5601292272604196,0.417006131045507,0.04328077083418097
2019-12-18,0.6903932207482004,-0.15067190071789294,0.48691543113351976,0.5149639528187917,0.06756392911935986
2019-12-19,0.7308935516629512,-0.015924126155137656,0.5933998881088374,0.37443731879912745,0.007923175432139329
2019-12-20,0.7945912233947202,-0.11191630969045144,0.5946646493610139,0.31499168051457827,0.05668010982213822
2019-12-23,0.8818767517520629,0.6640281567081762,0.45690321930216254,0.3770964790969172,0.019580322294458375
2019-12-24,0.7573422701487968,-0.3544397150226794,0.5904618861967807,0.5173907284113753,0.0677259400995102
2019-12-26,0.7522063972583961,0.44866169037175085,0.6253417643003827,0.5080725589702189,0.07594635734549013
2019-12-27,0.801898706783217,-0.05779398689284591,0.567150494759412,0.21309669910579493,0.06380069671419378
2019-12-30,0.7115987049134003,0.20760820921891454,0.5066058425475195,0.3089505299326001,0.015621858682883284
2019-12-31,0.8324724519490861,-0.1836897153711031,0.6013297179711887,0.5140348004642266,0.00041416538847623976
2020-01-02,0.796663544093264,-0.18448424097704696,0.5407948496039817,0.38854859946653064,0.023347590704733658
2020-01-03,0.855259349795171,-0.16625138746291757,0.6168182833841137,0.3832203086158214,0.0393313736987527
2020-01-06,0.7388350276819532,0.5096273033467539,0.5290013992960934,0.486900365188467,0.08450064711192082
2020-01-07,0.8691248683814814,-0.04953563877035243,0.6166366431996865,0.28284211109092805,0.0967664654838932
2020-01-08,0.7173741434497507,0.14501644552943846,0.5713283737486625,0.4511132973281668,0.09833152160128766
2020-01-09,0.761168135260745,-0.0688488688956229,0.5603138874566117,0.35868275132416866,0.03260812283482376
2020-01-10,0.7266166316065086,0.0046686671900763085,0.44497935310436687,0.4585057682451399,0.07669594753936798
2020-01-13,0.8641434176037894,-0.21695397385255913,0.49822773166331696,0.25493118079109267,0.04985025185484191
2020-01-14,0.8673116822140541,-0.3802001893195039,0.5089496253740272,0.33894051240822476,0.04541207309226528
2020-01-15,0.6983562372516483,-0.06358098839052204,0.5801687069005496,0.345201984293546,0.054213853013647645
2020-01-16,0.785644519849835,0.14915207986299595,0.5820638143447056,0.44874160065611995,0.09362166972497088
2020-01-17,0.858312134822198,-0.07876172997179273,0.6338667682517367,0.36697085902700294,0.09579421652213463
2020-01-21,0.8227101562045399,0.33888259972658036,0.5613819365618968,0.4334138483199474,0.07397035091311838
2020-01-22,0.8136747677116278,-0.10763565253107504,0.5851577033870506,0.3609217321064054,0.08063056232150377
2020-01-23,0.686679475650056,-0.18911388140778426,0.6484036011482764,0.1795407080754383,0.04708152135848114
2020-01-24,0.8283996170708693,0.06312632988134186,0.5475798096281561,0.5113191286810859,0.08402713416277846
2020-01-27,0.8885607978927985,0.1268286072392987,0.5762034655859177,0.41092917569900517,0.09593576920624058
2020-01-28,0.9056753955460642,0.43968156693433746,0.5227198649590608,0.5207231745329179,0.0028201293611578196
2020-01-29,0.8371394281382316,0.2094944914944672,0.5451960002342119,0.35722808302702136,0.06984414459345815
2020-01-30,0.7458032388661192,-0.4216833539251743,0.5834046410806097,0.34869271324314677,0.09006794486803295
2020-01-31,0.8385041997389884,-0.35772093965684965,0.6015685067066742,0.22791350635929156,0.06213001691315073
2020-02-03,0.7950595886574333,-0.08887193965567544,0.5854357630676966,0.34599948300067757,0.09896677147626491
2020-02-04,0.7620353558326071,0.03881756528520404,0.5581497577894996,0.2908800351441716,0.07168857927680726
2020-02-05,0.7757690095293184,-0.1874942198984255,0.547523382765418,0.3600115078879353,0.06669799540036724
2020-02-06,0.7528350997815607,-0.09271394783942927,0.5032294938798986,0.2753252392351378,0.013718995048544659
2020-02-07,0.7953505709321778,-0.00814228649596829,0.5093209609932509,0.40056703953016926,0.05366389792148864
2020-02-10,0.84197287759431,-0.001574552853896227,0.6123846284949948,0.43965005620372477,0.07293196605921258
2020-02-11,0.821697486562885,0.02153654120530256,0.5804933738311029,0.33215689882580424,0.09929008101326593
2020-02-12,0.8790702146106917,-0.25290324299321265,0.653826699906625,0.2746760147767898,0.031676463299046546
2020-02-13,0.7804842005715495,-0.629128781466178,0.6237360620026142,0.30501972842668584,0.09174217516667865
2020-02-14,0.8331456182441707,0.20791686892992206,0.5984177636267686,0.4258923763804435,0.06846881503375697
2020-02-18,0.7455598992583012,-0.04173753985545493,0.5327039322979218,0.5454587594202908,0.015864483507960582
2020-02-19,0.8277527820308144,-0.2731026271566055,0.5396924079855181,0.43181680603094796,0.032246609869608304
2020-02-20,0.7622523122804646,-0.044086354166752564,0.5966445037568308,0.44299465495083973,0.010323688182068903
2020-02-21,0.8199077029685047,-0.07185209273344033,0.6416475352295478,0.1630899388587151,0.0655072660509478
2020-02-24,0.8146568933086554,-0.024939953463824646,0.6379975439070443,0.22155987936501023,0.08750223347381794
2020-02-25,0.8742479046079052,0.3142170400418548,0.6037157218542141,0.4407528716619732,0.04856246449924056
2020-02-26,0.8594968816100579,-0.15098075351432186,0.6097368084216792,0.3826858778816271,0.08541739887657926
2020-02-27,0.7694921089226157,-0.3154216280019632,0.5797861042817072,0.4258105951678869,0.013906228750593053
2020-02-28,0.7458890155676695,-0.2853281563979719,0.6904447843789856,0.3142736503360668,0.08348341237690449
2020-03-02,0.7745176796544495,0.14934348410796547,0.5842857850216174,0.30808279001246697,0.005449728121307807
2020-03-03,0.7248934232637516,-0.12153160148596967,0.6724071293880498,0.40603061775648197,0.0662629353045055
2020-03-04,0.7415284544004153,-0.11663921850086795,0.6339827017341764,0.44747982854417656,0.023894038011149067
2020-03-05,0.8161542190572512,-0.13343793108425894,0.5536319511925785,0.6546651915147264,0.08625083002786231
2020-03-06,0.8753617824708246,0.21169566557647854,0.5607872034556104,0.3217783058420686,0.004438937104184459
2020-03-09,0.7712617234986581,-0.02320216937292422,0.6475590741859929,0.3978980947123448,0.017568486555321183
2020-03-10,0.8239895506588407,-0.007610246432740342,0.49877072034017583,0.3215003315004974,0.09122545901569117
2020-03-11,0.7947125173838429,-0.3475184445145673,0.5607242761145016,0.4307587743921672,0.07814350444746328
2020-03-12,0.8299526340590342,0.019276787438667446,0.5784894940346444,0.43195774872240655,0.09547876202187743
2020-03-13,0.779817264488866,-0.12139953283995411,0.5164345152993999,0.20782074810526166,0.06597101329182833
2020-03-16,0.815818444467709,0.0805547093734489,0.5961635902300598,0.31354568390653337,0.0836525221991628
2020-03-17,0.8246019765186817,-0.13327449838052588,0.6319741743326697,0.4349581800470366,0.06806890738470482
2020-03-18,0.8222069954949118,0.19428992306575338,0.6141782603216261,0.4535775385762538,0.009511921124376089
2020-03-19,0.802530851407192,-0.29697173594165366,0.592144984402194,0.3592436977426082,0.07062537631368751
2020-03-20,0.7195380998978426,-0.22676094789273785,0.5924485059742127,0.4464338119160055,0.02595648475765865
2020-03-23,0.7123912468297348,0.3044010701283828,0.5790082711231851,0.25995362883678796,0.004556990283312379
2020-03-24,0.7261561930359779,-0.026332760451480447,0.5813387209306204,0.3686502489114327,0.04657545880250141
2020-03-25,0.7810858846419215,-0.1158226299529529,0.6250481118454645,0.2474622040897503,0.03952478403801485
2020-03-26,0.8069977013784496,-0.26663422255680674,0.6103060097427757,0.3725293069898981,0.07281019863298621
2020-03-27,0.7953701228808354,-0.08479619111848356,0.5964673704025265,0.32131572718821694,0.0012071261456700344
2020-03-30,0.7872497969719385,-0.08618966763103486,0.5395450553975756,0.307001272141996,0.012291851090237817
2020-03-31,0.7433462709024958,0.05451800184360878,0.5688894348155239,0.3582492750465255,0.08336055408316936
2020-04-01,0.7257781694521062,0.07374572440627164,0.6513781437198944,0.3476502668330108,0.07534340816690145
2020-04-02,0.8776525205320954,-0.16814814583115384,0.6648173724281049,0.33151351645762556,0.031199250424517044
2020-04-03,0.8164886987849128,-0.21914018484071052,0.6012635937816515,0.5198588769471129,0.07508542037026457
2020-04-06,0.8673075921775681,0.15296878580091014,0.628692988732913,0.4215194220717014,0.016585043069066118
2020-04-07,0.8467642496731725,0.2950271070164442,0.5969330293251667,0.5073852849188027,0.022681474065851706
2020-04-08,0.8037408186124859,0.3331729589126503,0.6146379080551269,0.544466079226084,0.023506500772075237
2020-04-09,0.7862371968153101,-0.46161689048665855,0.6667129043134589,0.352534004156777,0.0712379741832556
2020-04-13,0.8555315713674335,-0.14915234370121858,0.528733783601573,0.5202877407439012,0.054853005036160966
2020-04-14,0.8489503273403047,0.150690128888474,0.6241095986779865,0.4077734244234822,0.016541361274745116
2020-04-15,0.7819329632304476,0.08998210149593856,0.5630739498560524,0.3776559731535196,0.0815558656769688
2020-04-16,0.7939970527035205,0.0977879591899029,0.6214956423252308,0.4761765555270557,0.031233486236234377
2020-04-17,0.7374324634277578,0.1151117442677399,0.5490914789036584,0.3440151811623793,0.024633481089919074
2020-04-20,0.7695717104390638,0.21880991893237783,0.5346094195407206,0.44095420010427955,0.05283610863628663
2020-04-21,0.7914109534521625,-0.2285552766810103,0.5417330530591249,0.5099040154609356,0.0034435381602378468
2020-04-22,0.7741605644647094,-0.2648545923094577,0.6242053188346389,0.4970584829737427,0.07080099175169992
2020-04-23,0.7500516154470546,0.12512658861491452,0.6106892188667191,0.5266042312058357,0.08160227121626562
2020-04-24,0.8133371579791808,0.05765814002812119,0.5283099641395854,0.3132172578511111,0.08776651851119392
2020-04-27,0.8706388116275193,0.2335544331687996,0.53778128855034,0.27356816460390687,0.08654673313716556
2020-04-28,0.891063029336044,-0.04845985976150217,0.5208031208019984,0.4273665977920155,0.004632088864477724
2020-04-29,0.7842107687504656,0.03260852250701576,0.5806095259020634,0.4170558249967793,0.0003518689534347641
2020-04-30,0.9078079080579964,-0.05566661178064321,0.6109983658556529,0.562315975216652,0.01413934375156607
2020-05-01,0.8266160019002209,-0.22984542293726498,0.5796456152566107,0.4917433243066524,0.07475366913768278
2020-05-04,0.8898279835037027,0.0699796541477468,0.6379227067635751,0.14158878698553407,0.07307657355542217
2020-05-05,0.7833494645596232,-0.0799423784601904,0.546634323216317,0.3392063739626927,0.05282261874524167
2020-05-06,0.8071672725854702,-0.4454903759118347,0.6001431480706383,0.5586044545570603,0.004707769475934986
2020-05-07,0.7873362783795946,-0.07032349662050554,0.6387516111878778,0.49546823928687017,0.04463677934945895
2020-05-08,0.8485595776749885,-0.02694259892221684,0.5469920983301588,0.5473813313793161,0.056223792411077306
2020-05-11,0.7461242416901125,0.09913061559939522,0.5670539052999255,0.4716399578042181,0.034276401855866
2020-05-12,0.7627753162978507,0.20449076472697542,0.569651815574416,0.2493266335202371,0.007049980681485268
2020-05-13,0.7149714386894365,0.13965807469603372,0.6789240339443139,0.3301538141398337,0.030565941469086366
2020-05-14,0.7836621048475285,-0.15197062390737326,0.6080761819116917,0.5280324966639407,0.00755287378986077
2020-05-15,0.8088585614761041,0.20121743949246165,0.5475235772077124,0.48292179012374314,0.0162932974784734
2020-05-18,0.8887478720870381,-0.15847136049878574,0.545950699464256,0.3258245318299925,0.024722126864321004
2020-05-19,0.7123798414874051,-0.12742675609591456,0.5614329380882539,0.5212702778351763,0.06334648964245751
2020-05-20,0.8183473040493567,-0.2280339549660825,0.5455040212241886,0.28793193187983557,0.08559349536946552
2020-05-21,0.7505582905899488,0.08660828512285486,0.5362419532048144,0.40945157974765567,0.011647621686131438
2020-05-22,0.7875774797155654,0.371639596090215,0.526791038659458,0.3880837234785319,0.007218004625571706
2020-05-26,0.8663364064387546,-0.0993280194799153,0.660253352737017,0.2449416381703849,0.05468900433847404
2020-05-27,0.813315850579643,0.2587801871976871,0.5140258451235111,0.2579048499230666,0.053831576721397226
2020-05-28,0.7650720756899851,0.1666734003101763,0.45759387633418735,0.5223694590828301,0.05845070312112857
2020-05-29,0.7774420362640054,-0.19913198160834303,0.5266041084151403,0.3366341252793083,0.015668031477168165
2020-06-01,0.8294282382553024,0.32606986191582304,0.6215065776931662,0.23641163111283248,0.09979444356701986
2020-06-02,0.7408457099344873,0.16617211216568561,0.5447899664430099,0.5949878764120442,0.0017846613025100933
2020-06-03,0.8719967486950759,0.22483468307062526,0.5701617909845255,0.29842466351923347,0.018449083975077264
2020-06-04,0.8621558006676757,0.009185063866103937,0.6027012081837808,0.5108008629451294,0.07694416501325407
2020-06-05,0.8686838212995304,-0.053695579214220024,0.5730993271220729,0.5523113500747049,0.07876050464067202
2020-06-08,0.7426059390181161,-0.01203516784336026,0.6101524920767656,0.404362946312328,0.00021546166829771176
2020-06-09,0.792079412017869,-0.11775465742632758,0.5500754751797524,0.43314340281262853,0.03845315476254716
2020-06-10,0.7731809342110741,-0.17545494589625296,0.5646875714609916,0.6264646848192386,0.0897562777148546
2020-06-11,0.7711559644009669,-0.1488895170360059,0.5473572158222865,0.30519635222460223,0.051608711514248375
2020-06-12,0.7488070649120979,0.16283682752369397,0.6042733451293271,0.44298606467493523,0.02682462712782291
2020-06-15,0.8128347677109617,0.017975316787420714,0.6124376619819649,0.23157523861501622,0.09078499555281104
2020-06-16,0.7439030135619399,-0.025163148777468242,0.5944022920768472,0.4653877564943175,0.03298326320215507
2020-06-17,0.8078113370766166,0.21111289708483644,0.5624375651955181,0.44291812272781156,0.005485712950541177
2020-06-18,0.8042309756353473,0.34490966890561786,0.5034060398721042,0.3050143416520549,0.09261340562125564
2020-06-19,0.8027851997507768,-0.22327255212272823,0.510252053528639,0.35173539614616744,0.04590765840766925
2020-06-22,0.7591669339471672,-0.33346746079717066,0.5521314098214853,0.44874156144341504,0.04333221679215909
2020-06-23,0.8095800260949246,-0.08764829587178374,0.5793125446045003,0.3250629412684292,0.09474911934107066
2020-06-24,0.7979556232554976,-0.325353713513813,0.5228663544423131,0.402448480545503,0.013661226360019707
2020-06-25,0.7648655296089165,-0.06971845885152377,0.6393238656185747,0.18962174231926593,0.05331059161001073
2020-06-26,0.7585822303425267,0.08791082064990431,0.4932999823561884,0.6824084891571212,0.026987959550415365
2020-06-29,0.792670027738029,-0.12395963267404919,0.608778975606942,0.37218980293617066,0.06358509804661953
2020-06-30,0.7518165752212759,-0.21986586808361597,0.5054797204696948,0.27582125658780715,0.06039563398967593
2020-07-01,0.7686036914901759,-0.040092696675620564,0.5383153831564692,0.433484778255057,0.04577673208042848
2020-07-02,0.7973646980212997,-0.0990025195132338,0.45138786916693263,0.6108769954711603,0.003922064114845947
2020-07-06,0.8299970893902447,0.02515008443838553,0.45544078673611177,0.6106308836299745,0.00080840690348013
2020-07-07,0.7068578317117411,0.22012336002529453,0.5651046988779921,0.3033773851244476,0.05484913269446136
2020-07-08,0.7980850486251231,-0.09049767512339392,0.509259118121772,0.451118561384599,0.022318722093783563
2020-07-09,0.7622345266365333,0.08879913157563635,0.49633748612778245,0.37158666439823496,0.06703033440875354
2020-07-10,0.8467644926688683,0.43109184961090224,0.5122782589057095,0.3451906127210944,0.06454096645328006
2020-07-13,0.8027488108378703,-0.27111210834484434,0.6162795183311829,0.4230212078278181,0.058355927041939995
2020-07-14,0.8485328609193877,0.29978107289831724,0.6751126825517464,0.3251592650443351,0.06818875592658247
2020-07-15,0.7800656710686592,0.11831736449193737,0.47854297535390045,0.5072482295358691,0.017327874516149932
2020-07-16,0.7787820735263411,0.26848795976275236,0.5034064798558735,0.2725000967615756,0.07564683758136477
2020-07-17,0.7498033492819319,-0.19410332076529802,0.5099640349225646,0.41565876374399385,0.08400628928573617
2020-07-20,0.8215262950877498,0.12893854568612778,0.4816331218017109,0.3593087990721281,0.013842733853401913
2020-07-21,0.7767036377129566,-0.21800726901375658,0.5129369442725984,0.29290457903102396,0.03079273280379452
2020-07-22,0.8433694717073753,-0.16145997567473167,0.5566877204117294,0.2999143605066428,0.016361233466767513
2020-07-23,0.7240927673500193,-0.25139904163107585,0.4329314689800222,0.3827616520873573,0.04181120505068817
2020-07-24,0.8218135123025484,-0.3589039533004327,0.5133254759755193,0.5284660961683967,0.08709698868486182
2020-07-27,0.8188980528379219,0.1374018874850741,0.4578413591791455,0.38859276248509866,0.05623505540096695
2020-07-28,0.8441903713647534,-0.11021290194563223,0.5368432581990734,0.35329362415352855,0.01236937030853309
2020-07-29,0.7806437279432028,0.3347188446585526,0.5065257055520703,0.31146937229501936,0.08396465694860848
2020-07-30,0.7775958756966241,0.3433723594245334,0.5016216604827377,0.2076308869076298,0.07323595569822823
2020-07-31,0.8229785311003368,0.046763182001354237,0.5332624554570241,0.3145869042297191,0.07975163939307876
2020-08-03,0.7523697576959434,-0.42260400714185914,0.5710180298086864,0.505307251512546,0.006807714387637321
2020-08-04,0.8329341807381885,0.042139556539256384,0.518991792131138,0.374222217591299,0.02914394275112934
2020-08-05,0.7979121070415747,0.221683092526792,0.5128962795709883,0.5509903660325051,0.08545744806703082
2020-08-06,0.7482966172739808,0.1450943563909994,0.4621361058706427,0.36047877158972236,0.06523655032721198
2020-08-07,0.8501802413197558,-0.270895518403753,0.4650190204558571,0.32594335614731673,0.05398004863915889
2020-08-10,0.8170635331060886,-0.028771449514787287,0.5942020143376315,0.33909538661585054,0.021228415629372888
2020-08-11,0.781309872777631,0.3095350757365793,0.49117158750544515,0.36151567668648427,0.013416572726361065
2020-08-12,0.7841863714298763,0.23139664692813386,0.5387310446119679,0.4010871729894061,0.02192848620078144
2020-08-13,0.7768535531424445,-0.21146338965511055,0.6064297741762652,0.5314304682177444,0.0004912766108343347
2020-08-14,0.8472173896014715,0.18529951154157365,0.5335448860245893,0.5010468870724362,0.009272998727312621
2020-08-17,0.85432777469707,0.11834112591348832,0.5250875509293919,0.4238386735093435,0.03918848489606178
2020-08-18,0.7904095591955944,-0.2066717554455706,0.5247242280564579,0.6941789717392397,0.07765562610018104
2020-08-19,0.8186121277755247,-0.12356389099090984,0.43308871626240864,0.5826971852702946,0.023536183651081177
2020-08-20,0.8607462615087018,0.542650213928955,0.5570997420992765,0.5751727756978722,0.030325597799253937
2020-08-21,0.791003556610825,0.22721825802820794,0.4588021182930803,0.4465720714614879,0.02588330701511983
2020-08-24,0.7921217597657805,0.10263575397737855,0.4745729504583985,0.33643190167445647,0.05664224691367989
2020-08-25,0.8145953390343147,-0.12220670980198367,0.4984313466942783,0.5447037774198769,0.013598287810338373
2020-08-26,0.7043641048969105,0.02632877449631863,0.5718427262575926,0.31198348385497743,0.07142522923477944
2020-08-27,0.7742493804916832,-0.011846217438377889,0.494153297147308,0.21105289829568252,0.013729050324890546
2020-08-28,0.8188500164012904,-0.4762079946927209,0.48280819463223934,0.5932084498384369,0.08362638152033193
2020-08-31,0.8177359894752019,0.3129124534382543,0.5226537012076605,0.3066320960878839,0.09052914777249128
2020-09-01,0.7804673063136479,-0.06947250726973642,0.4627680284775303,0.6719296523186065,0.013099821720876948
2020-09-02,0.8742885366272745,-0.38907528914944156,0.5400118232610172,0.3086582270826441,0.016355120728698824
2020-09-03,0.77108823414381,-0.10007374697018075,0.5620056548829062,0.4361650310191398,0.07705754693151728
2020-09-04,0.82466057226502,0.0221517374625377,0.532493371565518,0.41799830536935645,0.0773509058745887
2020-09-08,0.8451310424754034,-0.11282768478132915,0.4896847416711778,0.40997410596424316,0.008560817745496963
2020-09-09,0.857804218057106,0.2602905901845611,0.5615159449881956,0.38862811935722136,0.07740160567224175
2020-09-10,0.7145158657679063,-0.10698115768927081,0.5111180159870266,0.2800230964656056,0.07052052789904573
2020-09-11,0.7380057783933284,-0.15174625886062795,0.42459588338135823,0.4904406136054459,0.08520035182046555
2020-09-14,0.8056721593153465,-0.16797035122869725,0.4619595873670519,0.3941689193724467,0.07736169474492798
2020-09-15,0.9079206980433865,-0.05268715942516875,0.5229904724061128,0.3163235621246676,0.010276457464110468
2020-09-16,0.6547580410531159,-0.2561713842454509,0.4786685545122311,0.5544346230567755,0.05051814477344331
2020-09-17,0.8616301459518894,-0.055561635862802244,0.5169006510443745,0.32248172892160676,0.06031048413569578
2020-09-18,0.812581350670714,0.32178736325916524,0.5195651515723733,0.3857320620736072,0.09228372897981589
2020-09-21,0.7524500803792934,-0.17268806024289682,0.4840550837276606,0.23862185706079503,0.0016881447091217751
2020-09-22,0.7886323479293902,0.20883854564627724,0.47677198670268245,0.41965770424338766,0.006600052963758174
2020-09-23,0.7938575672186708,-0.05931731268158952,0.49665021809530624,0.4208595374741696,0.05733556145469914
2020-09-24,0.7870348209697993,0.18971847241436013,0.5053982057881233,0.4945391031320321,0.08686808348849352
2020-09-25,0.7923402426617429,0.1349876173665905,0.4943470048756509,0.29807405220652106,0.078281260007874
2020-09-28,0.8479837022975948,0.23638121373919502,0.5314721341169067,0.3223175991494816,0.06969338561831487
2020-09-29,0.8501779444268474,-0.09544819534576843,0.5264067350702824,0.38136189375302154,0.008119374906603171
2020-09-30,0.8250421084630334,-0.04010273497210639,0.49170607417788337,0.35788895736209836,0.051572505479814325
2020-10-01,0.8356634641390858,0.06246506000136484,0.43598057525832423,0.45237266942605203,0.028541871484145
2020-10-02,0.7624002160630692,-0.3304632782092399,0.5445812059711129,0.14347496192354298,0.04796715530555082
2020-10-05,0.7967751654368862,0.2224415621003135,0.4842481015646289,0.5224003398313868,0.05921720935549532
2020-10-06,0.8013028863119283,-0.25298325703807206,0.502254280266684,0.2656640790486548,0.08393517252985028
2020-10-07,0.7897151392135592,0.2592004487995272,0.45318242972658174,0.27881228767432226,0.06870694542775342
2020-10-08,0.826403169674567,0.2060638128176216,0.43090182861616105,0.4263864928053431,0.04162276025453694
2020-10-09,0.8430679288391995,-0.37962422492300574,0.5188205673259345,0.3680462868286759,0.013521614147753137
2020-10-12,0.7871322994288235,-0.34945097143963494,0.5101389257433117,0.2083398622387862,0.01296486221606248
2020-10-13,0.8396117423402117,-0.019072929346111527,0.45433253620161285,0.4064210537532159,0.0753971320332657
2020-10-14,0.8477579151180301,-0.333805637044557,0.5370117485819897,0.45215349131577837,0.07583797900799627
2020-10-15,0.8148761871334329,-0.11856038186505778,0.48798041860121794,0.3374717491537155,0.03307552893217939
2020-10-16,0.8649463727823373,-0.1931298645270928,0.6501200826328084,0.33385277512651024,0.08686118593612942
2020-10-19,0.7534778401370009,-0.2585412834607745,0.5637511665059511,0.3887105219802024,0.06135842449145471
2020-10-20,0.8955209264886346,-0.07071003312406136,0.4780760917950785,0.39722707207226793,0.0713357367272011
2020-10-21,0.8804408369732184,0.040147916748372675,0.5243497908687726,0.38635857779034155,0.05223356174471936
2020-10-22,0.7940726727972353,-0.2328482636749689,0.5862042759308781,0.34553803790066595,0.05006715993880709
2020-10-23,0.8201112258465559,-0.01757972594229112,0.6344180943843286,0.37016390597474985,0.08434424733649644
2020-10-26,0.810814146832796,0.24847329775950766,0.5294311354402745,0.4909871527373253,0.05322049599036437
2020-10-27,0.7261200671749922,-0.010666237385742756,0.3580946800328124,0.41567510840224386,0.06294000541374342
2020-10-28,0.8399863404903932,-0.05609254651802795,0.5120375506617867,0.2870242969949657,0.018535743258186157
2020-10-29,0.7928798803241832,-0.1300498980528762,0.4566931623016223,0.5774980064228786,0.017981656899634723
2020-10-30,0.8270834334731376,0.1065486220171015,0.5921989711066746,0.41228666668416486,0.01326955213635468
2020-11-02,0.7407959471849421,-0.20079597631449078,0.49588067217819,0.5179922187560257,0.07664008254317246
2020-11-03,0.7753962248497885,-0.14116736335115207,0.4325124182017268,0.31882964031746486,0.008094661254293279
2020-11-04,0.8381435800494123,-0.018671732494030008,0.5653183317115127,0.405030301434587,0.08949187003637911
2020-11-05,0.8108767600892746,-0.1564850867270942,0.5634229101799642,0.5398324118326383,0.031771145214863995
2020-11-06,0.8518668552732594,0.10601955266859948,0.540958614941982,0.38137891281420233,0.09810958117265872
2020-11-09,0.6832640332476791,-0.1934908031217655,0.5161647057673262,0.2787638212483604,0.011355786844228877
2020-11-10,0.7870583768956604,0.16601377174861023,0.502272958415453,0.45155867169557345,0.012945099840933528
2020-11-11,0.8220037906998641,-0.07910551329845024,0.5041738199303282,0.3627511927430485,0.04865587069498262
2020-11-12,0.8685387212285021,0.24904846563027958,0.4544103417765131,0.46615816589724357,0.0683884764102826
2020-11-13,0.7216935697912248,-0.11545998500760057,0.6049677851408519,0.3125007866039857,0.007471240474316821
2020-11-16,0.7000095768899999,-0.22890644116614062,0.5373169897098943,0.4900812205742224,0.024330812122030466
2020-11-17,0.7944438938960663,-0.18588471117603073,0.5075337422201677,0.5694441009899975,0.059419109947104004
2020-11-18,0.8565081420379103,0.3574009505200391,0.46174255098568917,0.45829394028959775,0.04898566201466292
2020-11-19,0.8320012703380828,-0.2634938768048742,0.5880199689548022,0.4616188884517941,0.009728988284446006
2020-11-20,0.9170445793798857,0.030776779570415067,0.5613358810477246,0.5083145113214458,0.05089271162057865
2020-11-23,0.86270035196134,0.22548705040723252,0.6434822669790926,0.3254385590379631,0.010422943423347287
2020-11-24,0.7735266279038873,0.023678469607229292,0.5604921409781601,0.2560841106409554,0.020033419812358202
2020-11-25,0.8131044157263053,0.22758991478234492,0.4692127948062651,0.6939157243415994,0.02814023958103138
2020-11-27,0.8757814203712908,-0.030443012264132013,0.5812000752619925,0.21247278702854364,0.08069393551639707
2020-11-30,0.8222528594704491,0.06601359592365809,0.5930960756578053,0.333344672955928,0.01515668985887201
2020-12-01,0.8035793091647738,0.06166937209603717,0.520726413041069,0.3289146393458397,0.07870828332640073
2020-12-02,0.7734608952091688,-0.32011711719454655,0.5689638530016911,0.5166184038918435,0.017285957282056664
2020-12-03,0.7961120814886734,-0.20618431551411887,0.6184320896690294,0.3422373096991817,0.06982645773191493
2020-12-04,0.8190047329992591,-0.20762995397005912,0.5472872947858918,0.4681599638188283,0.0866564632406555
2020-12-07,0.7740402343666888,-0.041690341067715964,0.49264103787991664,0.4792765311922841,0.02262142179842537
2020-12-08,0.7583338384869742,-0.13849327853241744,0.5273717310129649,0.2545188480437273,0.014254913234134393
2020-12-09,0.8657121718560558,0.09568586727894494,0.5424292553838028,0.478834529679812,0.07977571440295997
2020-12-10,0.7643296897858839,-0.05574231638247417,0.5786192317499145,0.18391684826754584,0.013294907262303847
2020-12-11,0.8704376563212701,-0.22252431781128254,0.5624252202756209,0.5066613483608753,0.01966603189448639
2020-12-14,0.8959832546410755,0.21881120671064772,0.5047581793353811,0.5642037984395664,0.0894082614697656
2020-12-15,0.7321856361270597,0.08896786946337598,0.6434936449687738,0.42260463814969557,0.06610060758664488
2020-12-16,0.8424447581729917,-0.009945084460603224,0.6024355193226275,0.22308554687070767,0.021375300897417505
2020-12-17,0.852443660822187,0.14634498589343362,0.5453614252591721,0.45587167414512686,0.008217401393295843
2020-12-18,0.9103125162667608,0.04132173794330235,0.5402633342154664,0.36884818744701886,0.07160054420436282
2020-12-21,0.8363314435343171,0.07138870715939861,0.4867284051437833,0.3729845636651457,0.016058313697628945
2020-12-22,0.8308098359466254,-0.28566962293582654,0.5791257809136527,0.3963951712166498,0.06094043943287922
2020-12-23,0.8202997134991167,0.2942248352468454,0.6228754358493968,0.40432900234459884,0.02812442313922059
2020-12-24,0.8215104386355395,0.23411439750693386,0.572125719726015,0.3612050059304909,0.07205969728036458
2020-12-28,0.8169168537137327,0.1227008935051601,0.6131299371999592,0.5444652797952763,0.022085478965872287
2020-12-29,0.700275253640633,0.2060589232276208,0.5337015162349737,0.33451502316147597,0.04910559866778132
2020-12-30,0.8087189085267088,-0.2988876439729381,0.5030896300967339,0.3691851828838199,0.0787126022089858
2020-12-31,0.7987235694924443,-0.16289466106335432,0.6255520204645375,0.4875560000670514,0.0199322264453219
2021-01-04,0.8388752889074589,-0.2488734287386628,0.5617220092555771,0.6747903687520663,0.08366352141763655
2021-01-05,0.701795335582959,0.11778866629054002,0.5056202642705027,0.32038545602774604,0.05016898803656244
2021-01-06,0.7842309542015875,-0.11490098582034601,0.5850930146151274,0.28035065054148167,0.024797369167022288
2021-01-07,0.691750101462267,0.11011776747172314,0.5318668700738037,0.5411315748003903,0.034285932215043204
2021-01-08,0.7774068388404344,-0.30920296485757987,0.5615131352731553,0.5729770843683535,0.03199525117160403
2021-01-11,0.8283497082673494,0.09493684478707355,0.6325610542832437,0.4769209462539272,0.08151052685149
2021-01-12,0.8190437224635495,0.25779828063324467,0.5535836217159419,0.43035647626724083,0.07568131514774902
2021-01-13,0.7326613638253167,0.2122998105431255,0.5997030691979285,0.417435304159142,0.013715153436782158
2021-01-14,0.8177868870148598,0.1039987148835295,0.610765370030165,0.5933352189957813,0.030269477146887526
2021-01-15,0.8149942819958874,-0.18683745694396545,0.6474028711796367,0.5315487257147322,0.038358928615581
2021-01-19,0.7972571423750772,-0.08170862501881632,0.5962509988826665,0.39884030891520333,0.01011264109067952
2021-01-20,0.8311528939893259,0.011294779561766347,0.5311044096429313,0.48288397189470933,0.08106155641975765
2021-01-21,0.7391558265321208,0.14136334264086678,0.5911704665987488,0.3324425286782805,0.049762844655437004
2021-01-22,0.842506391190983,-0.26601624994291945,0.6438946122025666,0.5672054566800336,0.03215175938394003
2021-01-25,0.8079096623909132,-0.07927152900665434,0.5730653723644012,0.5191631810838742,0.05272976065758861
2021-01-26,0.8064590644793239,0.25019109432535397,0.5481500231986673,0.36535188979707073,0.008036123798972106
2021-01-27,0.7922992258259607,-0.02884883464373146,0.6039401891898161,0.3686059811102359,0.0859895916027058
2021-01-28,0.8425405092073424,-0.017403821037057756,0.6117025395028884,0.5702060818543145,0.09799893974689228
2021-01-29,0.8813921359395674,-0.03893322484223633,0.6410591775380036,0.49630496636990096,0.0637569711100411
2021-02-01,0.6822922937902891,-0.3928073947100975,0.5768527225899863,0.1908642530416128,0.05526401749908051
2021-02-02,0.8232493364765374,-0.3790898445929603,0.656248093552658,0.46343207795661073,0.0968236691807989
2021-02-03,0.7591758697972668,-0.04231673389524425,0.6166380840110226,0.23716712281711735,0.06573144174977802
2021-02-04,0.804780601296443,0.24126599818295286,0.5257175658534106,0.46079867907284777,0.06241119995668706
2021-02-05,0.8161898060607146,0.1389299601973199,0.6365592311302748,0.3171473363475754,0.09592837717139872
2021-02-08,0.8107622443554747,-0.18817589186886477,0.5897969807868441,0.3153628581401797,0.057936259862827105
2021-02-09,0.8130481239993548,-0.21279733462884243,0.6489044873686193,0.5069799971505223,0.08393037691834716
2021-02-10,0.8400153021113114,0.035599756076449336,0.5682822183354508,0.44457338252544093,0.07342485753322389
2021-02-11,0.8205298705959019,0.06900524741456536,0.6574101632469391,0.19334652563209165,0.040288010680288325
2021-02-12,0.7703258510365457,0.19168564136897456,0.5523882791083976,0.4164449201168954,0.04052674809799753
2021-02-16,0.8003903917427407,-0.38816572998205195,0.6474685355796166,0.3520185824560703,0.09944696357568131
2021-02-17,0.8689368479629879,0.02965641725305436,0.6109737219554546,0.3668558957103091,0.07821550990629017
2021-02-18,0.879055311204748,-0.26835725675350214,0.6400773765860993,0.3472408855463027,0.0679526346762444
2021-02-19,0.8172701732677438,0.024354140445475445,0.5566732028883297,0.45887308019099776,0.035741140230987525
2021-02-22,0.841352260119505,-0.08541371914544386,0.654817895224819,0.43158142314652187,0.01665532142324495
2021-02-23,0.8461463483571223,0.17523540363280674,0.6817725965840066,0.22399058648428455,0.08469219663206225
2021-02-24,0.7376150320681795,0.1311870162062697,0.5087238804113395,0.5642494972784629,0.05457143669946588
2021-02-25,0.7635624230440615,0.09875768084635646,0.5896636977666087,0.5596714902766101,0.030137847586074698
2021-02-26,0.7790908655704617,0.01568524951405056,0.5858671924821005,0.3963358240531429,0.0934674993054709
2021-03-01,0.8361885245103715,-0.25814757345566863,0.6534505794855942,0.29167017163538134,0.09500353326899667
2021-03-02,0.8170125352005323,-0.003121060913166941,0.5678751299620267,0.28343678832407426,0.05384267280936696
2021-03-03,0.7818744288177772,0.2940593172678139,0.6300129072822803,0.4895389070167768,0.07064464390312321
2021-03-04,0.8353030800577447,0.21686174899938854,0.5417814960619177,0.36938682220095753,0.07081320431886674
2021-03-05,0.7462119956075135,-0.13975974313649733,0.6612789529976598,0.5105946567294476,0.03347199922747588
2021-03-08,0.8440164588613674,0.027451152593634544,0.638899474668558,0.49009034593186196,0.09969128373267297
2021-03-09,0.8807218487804883,-0.5029730325118454,0.6265926604754777,0.449368106897821,0.02101262258633715
2021-03-10,0.7802380814033906,-0.24460463292081563,0.6652112209754579,0.39236709863714175,0.0046329145961563345
2021-03-11,0.8255849412069068,-0.02421939485538528,0.6203258171997345,0.5779790711991769,0.03886192913096279
2021-03-12,0.8178272757812429,-0.4742884864891977,0.5040195362334443,0.36880238624820355,0.05357158959289367
2021-03-15,0.7983004717946781,0.44018283065064234,0.5921467615125959,0.27504883238684796,0.09667292452070401
2021-03-16,0.6595848240242626,-0.16365741383807764,0.6049601504661183,0.5133498372837993,0.07000644989963119
2021-03-17,0.7178125748190245,-0.15479809609986314,0.5983871463858202,0.39816276129119443,0.09840092350415983
2021-03-18,0.8344361686969957,0.2717473714409175,0.5467212236108518,0.32053395597817236,0.009899852955051159
2021-03-19,0.8062331579166355,-0.2107585909214585,0.49665742791429246,0.2734530771483486,0.08915174515009254
2021-03-22,0.8210358205537781,-0.052347033238854604,0.7002675707382154,0.3161068778119635,0.052074098179432676
2021-03-23,0.8940203190102933,-0.07486400392459117,0.6007504526806188,0.2941703853233138,0.006019872514437897
2021-03-24,0.835900704163565,0.2404240311881175,0.6159863570767783,0.4428782681284636,0.08578511006365318
2021-03-25,0.7860625085143311,0.2646957720866531,0.6535767833305344,0.6300778377230238,0.06662961786451654
2021-03-26,0.7459728075769081,0.05202997596785293,0.5737190518928647,0.35248019924877516,0.004957089505551149
2021-03-29,0.8505590291475644,-0.050182222657106805,0.6427288162981889,0.39301009257422564,0.0026265174982146758
2021-03-30,0.8074318635530151,0.1795091053136788,0.5893983705335815,0.3089531226112362,0.016629023474880666
2021-03-31,0.8120273150823148,-0.10856351148482557,0.7029258807641902,0.6048559559523334,0.08409041298825093
2021-04-01,0.8676666235130184,0.16826160351043296,0.6367292468361073,0.2770177085393519,0.01017219701137494
2021-04-05,0.9187216138812624,-0.17367881666487445,0.6697430445149568,0.38083574472151327,0.09088651253012686
2021-04-06,0.7701924983943035,-0.25943359943236577,0.4841383285628218,0.26981708889726264,0.07766866238097661
2021-04-07,0.7765357456743088,0.27286309342732545,0.6032276298845073,0.5041101129063771,0.020802771655063924
2021-04-08,0.7937449572572222,0.2937056108769044,0.6080988244223106,0.30502161529447386,0.07374446844446378
2021-04-09,0.8186194681104715,-0.4855821083444248,0.5801496342461672,0.3482770910191474,0.018386813011789082
2021-04-12,0.7677729888030138,-0.02658565128806646,0.6194037504671066,0.35680088345862154,0.0793838691675377
2021-04-13,0.8521233169213174,0.05468265029179608,0.538546007679804,0.48008495884845487,0.0196747650216776
2021-04-14,0.9418191613662205,0.018790788907997534,0.4706634510751751,0.3952587942133408,0.016955822827862378
2021-04-15,0.7757864077774526,-0.021384184370760836,0.5738068349830965,0.3647255669513752,0.0820469181157956
2021-04-16,0.8180607367940154,-0.16530006762846383,0.6171671024455212,0.3672628942659009,0.0881764814616144
2021-04-19,0.7591990704483992,0.08051506691977839,0.7195263659782236,0.5318742616403757,0.0036481970352356674
2021-04-20,0.8412037099501056,0.08643270985030893,0.5556204068680257,0.528862760795831,0.012384535169204437
2021-04-21,0.7510133858976964,0.2155850017612777,0.5967168988451178,0.3931998879605353,0.04799796002908377
2021-04-22,0.7760360043796414,-0.06313524194629098,0.601868849289889,0.548732698833515,0.03080982913063478
2021-04-23,0.7710279860756594,0.05898585685934204,0.6177360502520383,0.4830900119524495,0.04720282742781537
2021-04-26,0.86517695147133,-0.011937256748211996,0.5658332091996499,0.5943878002619083,0.06567755038579558
2021-04-27,0.7948172509067257,-0.11419587555218097,0.5132511960805588,0.41889744875518437,0.0665961802355436
2021-04-28,0.7948180079042775,0.1167223676881538,0.6058239490437634,0.3893801984404452,0.09019495728567345
2021-04-29,0.8281368034483508,0.04569870296417938,0.5722559572516827,0.38014794731881174,0.06084160910545444
2021-04-30,0.8402693224959682,0.08379254779241585,0.537519493587929,0.4256497434073859,0.0744722670483863
2021-05-03,0.7917145766060032,-0.05311378716127688,0.5541795113665342,0.35480097323951615,0.09650118458607089
2021-05-04,0.8470505096266148,0.06826046514526161,0.5998543762067629,0.3947092102836476,0.09824662236912302
2021-05-05,0.8939247727028168,0.06066357541373375,0.5878133963247992,0.5690920898483771,0.058724937192975404
2021-05-06,0.7038985946515753,-0.19359452017890555,0.5478557989843128,0.4657207722872509,0.05625676284819462
2021-05-07,0.8703326655559775,-0.24882157564662438,0.6096549151912484,0.4746944752697755,0.055777783165134744
2021-05-10,0.7796540099370233,0.014063906976074472,0.6359782960849382,0.3634319717410843,0.07895364112916597
2021-05-11,0.7818053829330341,0.03059203367668273,0.5321920910157331,0.35982582418703046,0.04435678416988853
2021-05-12,0.8172581313429004,0.052055229549208354,0.5896080186481463,0.523657785932555,0.06129157998229984
2021-05-13,0.808168080751166,-0.07870358499322036,0.5374553872455705,0.32178190002784046,0.061380217192687936
2021-05-14,0.8044772348867121,-0.1325418160849424,0.625631756878678,0.48793358097992745,0.030291463816020103
2021-05-17,0.7505795685708871,0.16686350270693995,0.5827444597067212,0.389112937560761,0.07560107345773812
2021-05-18,0.7344019798494456,-0.035813521473565355,0.5554162821731592,0.4120390099779758,0.03209050150263111
2021-05-19,0.7944175344971512,-0.03973394496796387,0.6073726477492105,0.5010298594636647,0.08654675396133593
2021-05-20,0.9114702619728761,-0.14760290582323812,0.565643768304164,0.6185443709893516,0.09027740673434446
2021-05-21,0.8258241077831145,0.0025762048368062167,0.5009919259525148,0.5698600177657827,0.003969916310428201
2021-05-24,0.8294932675481687,0.1511248017864768,0.601779379234268,0.10951074405407335,0.009778190648930485
2021-05-25,0.8152552000283516,-0.029787754250799665,0.7173921103815788,0.37416582089092,0.008043753566320245
2021-05-26,0.7577537839331614,0.09664006831413925,0.5364291802860516,0.48002448261467323,0.0979468601622297
2021-05-27,0.7353954820368239,-0.33629922177817484,0.64316229872263,0.47994733055257266,0.047521155880800525
2021-05-28,0.8549097851120386,0.14912050736110546,0.5295792959633101,0.18640052252453035,0.09478608658718861
2021-06-01,0.8740134969696272,0.26929134800586624,0.6812149552105359,0.31328326235970017,0.031795638364537894
2021-06-02,0.7310825172223512,0.36598423852068057,0.6243752800459321,0.49179258603369636,0.06621287527578328
2021-06-03,0.8433918176884084,0.0022682332471384028,0.49295944762740374,0.3625448384659838,0.04942220152115756
2021-06-04,0.8796050438206499,0.33852016058440604,0.557882092890239,0.33495561207931973,0.08519408831557228
2021-06-07,0.7993237947199195,-0.05355866525275992,0.5793136678745142,0.3871904849815667,0.02390857424221289
2021-06-08,0.8022402954963173,-0.006639242260243927,0.6248248068283209,0.515240759835045,0.06987348484141923
2021-06-09,0.8486049408878346,0.08752427863051646,0.5875857490484616,0.5278965593422605,0.023997414720909785
2021-06-10,0.8486635099084923,0.30737381219902765,0.5585676247862112,0.35799485645254725,0.03017219648319516
2021-06-11,0.8361304620289621,-0.18703252598741507,0.6702939638611453,0.5135998521222115,0.02985691026375742
2021-06-14,0.7402884426885936,0.2509301244888099,0.4270372727760464,0.4764797383719591,0.03344720622157873
2021-06-15,0.9085919026362097,0.15345397453617152,0.5020752056723703,0.45841346126118543,0.0593581154751076
2021-06-16,0.7361298708957531,-0.015197216834471295,0.5142146118605054,0.31765530594236213,0.08171457756929332
2021-06-17,0.8602713867952976,-0.17350456140284068,0.6471217256625479,0.3559561884940202,0.037942986788589074
2021-06-18,0.8435506144820122,-0.1624051380147546,0.6260879995428239,0.3848090621205384,0.09458487043921088
2021-06-21,0.7738942616789599,0.03597542157667285,0.5446194253288235,0.25171147268286753,0.07326185402103962
2021-06-22,0.7592507319851494,-0.09690962036643969,0.5724379721932238,0.5435255372421142,0.02429546224866839
2021-06-23,0.7203262421301424,-0.1089210269546507,0.5384945970289002,0.3316709534757692,0.04117340917401886
2021-06-24,0.7221911969884371,0.3371985594871638,0.517441075358811,0.6391187569661378,0.026734560854352375
2021-06-25,0.909854659902705,-0.11462131730119432,0.6074370784399005,0.413803582579832,0.008404665263671141
2021-06-28,0.8946421902891999,0.38224800387149743,0.5731094288547,0.45681221003403555,0.04048945523824243
2021-06-29,0.8089480279797755,-0.17466695068228133,0.5862316352626887,0.3011241599058446,0.0011094287115810842
2021-06-30,0.832199589187457,-0.17225587910616993,0.5142757030753192,0.37589796964883043,0.09087912719603798
2021-07-01,0.7548284810242144,-0.3061118512711828,0.463681216888666,0.3084727569744648,0.08290570092457356
2021-07-02,0.9213279330302955,0.28754374909097236,0.5445442064905323,0.3716689722394383,0.007034988293764199
2021-07-06,0.8301356171544492,0.17635644688323135,0.5134651730464028,0.2832377257919838,0.08133063815817251
2021-07-07,0.8029028219717899,0.2018104662791708,0.6218717536385756,0.36833975322025736,0.04304468844549097
2021-07-08,0.8487389275401362,-0.21802366030888926,0.555686584618509,0.246870738241878,0.07724372641869687
2021-07-09,0.8794636833804599,-0.19853329981248125,0.5138578337346436,0.4093302797293202,0.04615398642734804
2021-07-12,0.7460462542584346,0.014366082194936021,0.6015862865977377,0.6051142061270525,0.09055661812159824
2021-07-13,0.8638556140339969,-0.08772677913386763,0.5462437871594618,0.5157877921170438,0.03928246210861789
2021-07-14,0.7520115027717191,0.20073910085779342,0.5370092762934796,0.37795960833476133,0.0669324165793635
2021-07-15,0.7715392281375417,-0.1026582967215327,0.520942073618451,0.42635187929987883,0.0655709428465514
2021-07-16,0.8812466544233413,0.07556395495331185,0.4997632825249265,0.5225268892675515,0.07201178810877688
2021-07-19,0.858174534506856,-0.18987259198523654,0.447754652721957,0.3573107510990227,0.051875966938072074
2021-07-20,0.7731847005996656,0.05649897054196082,0.4879904258505108,0.38955913118005076,0.019257874903811104
2021-07-21,0.8962046992252184,0.13857053927264906,0.5744812806066902,0.27542876240207814,0.09243256538969709
2021-07-22,0.7678741038966085,0.2154974263018073,0.5006273392502026,0.400630033889963,0.07452693943246445
2021-07-23,0.7998987493115319,0.15309862607378805,0.5034548780687325,0.32216998572838795,0.08794489333347125
2021-07-26,0.9011371259161767,0.053427622912969645,0.41039962879678726,0.2738050788337098,0.0567481920074069
2021-07-27,0.8118602471989518,-0.20321974329780368,0.553967184650017,0.4452612958712844,0.043315557342596636
2021-07-28,0.7403300658086004,0.0635737103626711,0.6068632731352289,0.5739399433021718,0.017154275664149454
2021-07-29,0.7853975538353888,-0.25955828874086484,0.503717308922518,0.6418395880941237,0.0628084675533732
2021-07-30,0.9222520641228217,0.03297325671329834,0.49479011413130275,0.25329251730047925,0.031079548726965923
2021-08-02,0.753391919273762,-0.1841566731116748,0.481165663512208,0.47462323784545096,0.05881472937502379
2021-08-03,0.8219244003683691,0.5020399469626243,0.5391812886458812,0.5293184536345394,0.028939347699406138
2021-08-04,0.7397707017446203,-0.6583294527577169,0.5443227191459709,0.5089814132283335,0.0343691331495579
2021-08-05,0.7827591916995627,0.042420359162155814,0.5159321054199955,0.3979044985514778,0.032417127139383106
2021-08-06,0.716761954380182,0.12689841342804817,0.5298971197522885,0.22335534483990557,0.08387239921976625
2021-08-09,0.8009623330389981,-0.21345500912519727,0.44733678048738595,0.37848738976725577,0.013686915726281668
2021-08-10,0.8018912288208238,-0.3614194625208691,0.5325468813990115,0.5152240819305584,0.0921853623862274
2021-08-11,0.8262464665809038,0.09071546618781678,0.5648748576067399,0.449835046619829,0.09643199081628373
2021-08-12,0.8559967901347306,-0.2585611049537558,0.5185985029843798,0.3804737023291469,0.023129794789730408
2021-08-13,0.7445704386295158,0.1572441567499639,0.46481826508237395,0.31410045385099195,0.015565559210742064
2021-08-16,0.8611496712211455,-0.15534377269765215,0.4013997538288513,0.41346144539364815,0.023128462564565758
2021-08-17,0.8033968219210453,0.12286695373836008,0.5352499953693085,0.4294272981834318,0.012595220889211257
2021-08-18,0.826578936816022,-0.006631848558570914,0.5552214970090291,0.4917750838779319,0.01972400661419642
2021-08-19,0.8250642302563561,0.16573201583574668,0.5699586534072921,0.422709695965228,0.032800939410453034
2021-08-20,0.7547242284102298,-0.43271858754715437,0.5270462244015822,0.49104710646283023,0.09632680060270861
2021-08-23,0.849494716415727,-0.029302005651118457,0.4676781163642143,0.5852354892043525,0.05353682816354084
2021-08-24,0.7624053797727064,-0.05547019005262754,0.5126338569741609,0.2296293038760133,0.0029845199916042064
2021-08-25,0.8362924649282797,-0.16565192441208876,0.5663146318021418,0.45985763281556064,0.09997064800466546
2021-08-26,0.9248471829935535,-0.3093235710440839,0.6027817892935883,0.33868819008036344,0.043641935820666035
2021-08-27,0.8928309783090875,0.25106889322306863,0.5782924637984601,0.3935081459763359,0.0152471397881793
2021-08-30,0.8108840478544407,0.29359681517259406,0.5604741625521587,0.2071429972321459,0.04825898063328696
2021-08-31,0.7828656593121576,0.06157733885810286,0.5254840337201989,0.5462185781342088,0.09715417369037582
2021-09-01,0.8912941489937404,0.2046707306021479,0.5341693301746482,0.4544159891302051,0.09695754226821543
2021-09-02,0.7788918852180938,0.11190726780680127,0.5410124547044503,0.400498027388479,0.04025321139380738
2021-09-03,0.7960123036296524,-0.41079607216628516,0.5464962750179574,0.4181349488692324,0.008966649122509685
2021-09-07,0.6948627463281126,0.25899663850320864,0.4473355222234604,0.3760817029280056,0.0724300753166314
2021-09-08,0.7454367505345285,0.19499601646005627,0.5011847088667422,0.4811493260752411,0.03227167210865486
2021-09-09,0.7633601418605862,-0.0196396477447393,0.5749148561412768,0.35618877768450147,0.05175160938250069
2021-09-10,0.778177056988596,0.3067339742136969,0.4658367546913433,0.30616433064881654,0.05788781428385038
2021-09-13,0.8054434704377466,-0.0005329092071886726,0.5248528419446115,0.42178244875985527,0.019502226993129104
2021-09-14,0.7808136723269083,-0.19384510948741182,0.4435349805146638,0.32825087783828766,0.06929081329396895
2021-09-15,0.9121072873026626,0.1549193390427158,0.4921942990597796,0.354615402757381,0.012662180331315677
2021-09-16,0.8472773315927484,0.03701017121823192,0.47786528539347267,0.3602960396236842,0.05095515912289581
2021-09-17,0.7314652311527828,-0.14635712293505818,0.4503407514533375,0.21971219276750967,0.07527737059173764
2021-09-20,0.8628157915017776,-0.04231591026549508,0.5324180497515701,0.40766013937187756,0.03462440333954549
2021-09-21,0.7851823345571386,0.09290285505006639,0.5126523974880637,0.3974545337590201,0.04211755690462008
2021-09-22,0.9407344197458585,-0.12478232296051227,0.4752803518831705,0.37473480345133797,0.0487845768803629
2021-09-23,0.7048585783717717,0.023277607586066763,0.4611233053859952,0.5028642375782477,0.060577474018089994
2021-09-24,0.9091652993419177,-0.011322022151796111,0.43078947884453117,0.3144044762995613,0.03709020361503158
2021-09-27,0.8062468289196452,-0.3740452932326889,0.3832858634077132,0.389379541919092,0.09742378650411461
2021-09-28,0.7548785575968257,0.11812891123065937,0.3761734330600549,0.3821751987949897,0.049539970974327385
2021-09-29,0.8183722272128022,0.1416632253483283,0.5538369804612179,0.28282589738685165,0.04258328522130117
2021-09-30,0.7501927919554524,-0.26695547581216117,0.48881521973059516,0.4101235375517244,0.006853691106701565
2021-10-01,0.8661677605247546,-0.10290406229847059,0.5299902008717896,0.30366789901777336,0.02815400175758567
2021-10-04,0.7723433347292785,0.04666249247883377,0.4434608332634307,0.5188113132487682,0.022916963575982042
2021-10-05,0.9077188100895075,-0.23268342911762466,0.4473341279699956,0.5008076573278974,0.09938423768864005
2021-10-06,0.7935105322469818,0.1328397195002667,0.5290654849234516,0.5276642544478686,0.04920365082742151
2021-10-07,0.7457915946742302,0.1566916131800452,0.4626340942945513,0.3482764845082633,0.0030777469077245437
2021-10-08,0.7940872066448487,-0.05664056887457425,0.516397843372762,0.42782299922746014,0.0988840121792046
2021-10-11,0.7713917745893608,-0.05412870604188555,0.43439392729083226,0.34778988526441296,0.031013901800602574
2021-10-12,0.800831565523078,-0.22748167806956887,0.5384302182790683,0.24812910583392345,0.028776098849663957
2021-10-13,0.9289916639755234,0.0873951565816459,0.4779186629316461,0.6154955193234599,0.07768699925605407
2021-10-14,0.8198606865977262,-0.04483677537003598,0.5082976094512599,0.4646831575848072,0.03391489106946549
2021-10-15,0.8659070050453571,-0.2665099700467959,0.4875568199792449,0.46955212670175184,0.09192054024585612
2021-10-18,0.8396656382520742,0.09495351967170403,0.5385190224444767,0.2795708059337201,0.0583658519476877
2021-10-19,0.82588650925129,0.033222511483127264,0.4421614625124293,0.37741170609853064,0.06750636633726763
2021-10-20,0.9031086765568392,-0.3238429642084388,0.5212529125586637,0.4181331706329376,0.0009630241390350292
2021-10-21,0.871753899429107,-0.021873705735805563,0.5456970761267004,0.3896059143777091,0.02869989846779283
2021-10-22,0.854353846582595,0.062414701270507036,0.5233155954540969,0.2809099882674885,0.024615566524204758
2021-10-25,0.807090196533857,0.14278028364893675,0.5778303700162805,0.3614832407815701,0.08912046241939828
2021-10-26,0.8041868339139826,-0.18023082022222403,0.5170892596852342,0.2597068564162491,0.029388995110261874
2021-10-27,0.753998251495188,0.07895119477023606,0.48254439390542947,0.29863433407459755,0.010622617758886588
2021-10-28,0.7081130334308612,0.18877499108325202,0.5012165875524313,0.48366011756951843,0.027113162261549598
2021-10-29,0.7925958292036578,0.03866866096436948,0.5231088584135007,0.42086330337339906,0.017807211264396463
2021-11-01,0.9076314466154168,-0.29251595891437004,0.4101645319166659,0.28460473231190664,0.02204578199241978
2021-11-02,0.8114018617786203,0.047252121832602655,0.41886667960793633,0.5726126110046859,0.013932494010859775
2021-11-03,0.8515838339315288,0.3485527823885539,0.6139608649697592,0.44519397679181577,0.07688132363846323
2021-11-04,0.792969929259958,0.04251903699419917,0.5648457945658654,0.4821504943538899,0.015812682488955145
2021-11-05,0.7969661420387066,2.9010117801107504e-05,0.5374398828294346,0.40490522043848287,0.0896304243405905
2021-11-08,0.8724435228722489,0.2072250100613593,0.5624707819088686,0.44015568328056287,0.00430198954071579
2021-11-09,0.9078368671404492,0.2940039795812913,0.4938707127549475,0.2784966962121242,0.008152871792325779
2021-11-10,0.8354045207856251,-0.11750032533423263,0.5170945890642145,0.48711174157967496,0.060807227103020826
2021-11-11,0.7625921108463007,0.16930265649463552,0.45514105543363625,0.4626162083470592,0.0889599580131265
2021-11-12,0.7582321002915939,-0.036534231620387624,0.538940725298557,0.5722503223002937,0.08947329631713884
2021-11-15,0.7449899829967741,-0.038608369621069644,0.6065217801561222,0.4820440815824757,0.0686871292248441
2021-11-16,0.8328431558081908,-0.04844924359873959,0.5020456955289403,0.49633333914186234,0.08162819377145325
2021-11-17,0.8066161495074065,-0.2238475204194332,0.5333827076883277,0.28609746040219547,0.09817650483073037
2021-11-18,0.858178294359504,-0.15938213350580555,0.4579164244720011,0.32182908794425763,0.023375844141893278
2021-11-19,0.8189261394426035,0.3403696285186348,0.5679000977215106,0.4135398627061833,0.014747472238098292
2021-11-22,0.849356385301095,-0.22854039799432124,0.570344685246618,0.3474784663883736,0.040859797409686927
2021-11-23,0.8067592075079922,0.12894330422180614,0.5165739287483799,0.5873891915021026,0.09681544587281851
2021-11-24,0.8454197056267944,0.034649970204924066,0.5509567943441432,0.47434397536514317,0.07955685695752823
2021-11-26,0.8229254372138602,0.27305134750924903,0.569551373235305,0.5172194105650558,0.09805218245964274
2021-11-29,0.8241245530006072,-0.021075130480371112,0.5297338983815585,0.4604941693182268,0.03189586385994697
2021-11-30,0.6970417020099268,-0.359726971848997,0.4592441558894717,0.27300767485524247,0.020902397028891018
2021-12-01,0.8127300665397632,-0.03525014279770263,0.40817851405023176,0.3651875206505587,0.034854385164386374
2021-12-02,0.8543426480005093,0.09690611221313537,0.4549295091867005,0.31833965596189506,0.04819116251368432
2021-12-03,0.7760045554680391,-0.15834535015311296,0.5548610665503161,0.6804076503247947,0.06778787126421988
2021-12-06,0.8053237202781224,-0.13042074254292466,0.5733410272866213,0.4695818338835609,0.09640389674771438
2021-12-07,0.7779936310377745,0.04825978267752169,0.5801783143635705,0.32785452533121484,0.06734864404872903
2021-12-08,0.8544692952707816,-0.062026607801835,0.5387548296646475,0.3915090150611781,0.015334386151066316
2021-12-09,0.850120854311585,0.3833010004691846,0.5471598597463662,0.3719433723196117,0.04423192567690644
2021-12-10,0.8453538932728805,-0.26216535537782154,0.49097226955424583,0.5056349362613184,0.08359523131353881
2021-12-13,0.833407219207388,-0.05418796043302504,0.4321949404178506,0.47146774442237055,0.07396953547797974
2021-12-14,0.8073153483622639,-0.25350823759551055,0.6005816413301815,0.3529639192562784,0.03377958726200012
2021-12-15,0.8293107795744068,-0.05563521803883334,0.6000926453193592,0.434722053995995,0.09861831819876998
2021-12-16,0.7738496486491104,0.20576390990487525,0.5009890512684423,0.29669819783666274,0.06180381944310688
2021-12-17,0.8049106502135726,0.004685875318362675,0.5037717927811708,0.40289937110526786,0.0795414631110027
2021-12-20,0.8060747327725107,0.2615083346819158,0.5367009858367857,0.42635812889139446,0.012112557929995228
2021-12-21,0.7450801458827749,0.20206271112643043,0.533281554300198,0.6121175588206891,0.05272338977643479
2021-12-22,0.7900398539716819,0.1622123005178144,0.5460480868857731,0.38338583103907614,0.0734780101700037
2021-12-23,0.8749398740250004,0.4361900458058153,0.5365465534509645,0.3213687788572869,0.030923532120977894
2021-12-27,0.8159445391448631,0.10768769818614965,0.47208341674724424,0.4396091794545651,0.014064865224285872
2021-12-28,0.7975640617841767,0.057029028127644266,0.543881538915863,0.539306761063469,0.04396554715505083
2021-12-29,0.7889744166908428,-0.11126512895299621,0.5474828752988039,0.5695530864306083,5.4149205145626045e-05
2021-12-30,0.7979950300612751,-0.3598416334059028,0.5889424027927532,0.4506483957601455,0.08318000365443594
2021-12-31,0.859672910355448,-0.07955558312339876,0.5074858520180484,0.16227314677747684,0.08394582071465469
2022-01-03,0.8685890278428037,0.05382543165499909,0.5125352986459405,0.4876453049050308,0.053666055260361084
2022-01-04,0.7851952674950643,0.1697556137699678,0.48071746267389504,0.5490624619744469,0.01372215409097678
2022-01-05,0.8025417192270968,-0.054646226257526125,0.5779039034327175,0.39109403694495476,0.025092294307365915
2022-01-06,0.8289233199729574,0.19025524321778453,0.6507649600061334,0.4439080035120844,0.03442597913948179
2022-01-07,0.8753331151631446,0.01553755722242172,0.5543710949882713,0.4634885910662997,0.05774610203701535
2022-01-10,0.7487088581245347,-0.13004345769321304,0.5553403609628753,0.31945383523389137,0.03006644064606391
2022-01-11,0.7917023788445975,-0.1935692080817587,0.5264244157721022,0.5650878755858517,0.06303656925591679
2022-01-12,0.7650646348540076,-0.06456985708558931,0.5890646224888644,0.4702147713918218,0.004416432683812943
2022-01-13,0.8150618900210531,-0.13125681709048329,0.6285700783991406,0.4195936254036102,0.08445599882427825
2022-01-14,0.8174240078635833,-0.13777654515038396,0.5024236628574756,0.4364343457097107,0.04724769525127729
2022-01-18,0.8157422406567174,-0.10968012942444211,0.4890896515427959,0.47355441123899455,0.08183547054887515
2022-01-19,0.8638806957371927,0.22285324881816698,0.6000418531094427,0.4898301870194333,0.052392730144190436
2022-01-20,0.864033403870562,0.3169355269470921,0.4443009887214174,0.37034531306456764,0.0773194227709475
2022-01-21,0.7764437227639847,0.32442122107752436,0.5980767048190002,0.3266722239561516,0.05150991813969407
2022-01-24,0.7751141272529828,-0.07232175546845697,0.6032189065499145,0.34128786096940955,0.099052922835273
2022-01-25,0.7992338045897329,0.26540393437649334,0.6883889606881803,0.4538001327947486,0.014591036748787967
2022-01-26,0.8649319842669599,-0.10648067027822804,0.5252074701306304,0.4559576150660726,0.08698042606389948
2022-01-27,0.7909825785527932,-0.15029260482182366,0.5453755818473512,0.5906025567984066,0.07951186180206106
2022-01-28,0.8249914818700237,0.061503080830676585,0.5873907605222871,0.4059259872314438,0.06547543533785169
2022-01-31,0.8865651353541559,-0.12765779735970226,0.5149748269300253,0.42963627941071564,0.09899232117357819
2022-02-01,0.8344043728706008,-0.39543392339163463,0.6303271949574426,0.5179629101506912,0.02232321725096309
2022-02-02,0.8446894971276906,0.02961542908629808,0.6411757476082445,0.42019194186809095,0.07063396979988647
2022-02-03,0.876235561068514,0.06942277999868217,0.6147496679807085,0.5575840955832957,0.09016210846921487
2022-02-04,0.8518730327694837,-0.025990400115159785,0.574098072674752,0.33427326177099126,0.04256220921466678
2022-02-07,0.839211001456121,0.212665457371694,0.6391417777562789,0.3717758248824436,0.08924088360975956
2022-02-08,0.832699365098801,-0.11540318297357335,0.48547272491447435,0.5314155842316416,0.041975010468845865
2022-02-09,0.8941240966722391,-0.011667138026426195,0.5419096392860305,0.6246463883044487,0.022373656208870874
2022-02-10,0.7397356639287921,-0.2729146099473731,0.6431604400362491,0.5688720493928662,0.06784651427079395
2022-02-11,0.8593747850142068,0.11984275152638801,0.5873583421707327,0.4654021137375312,0.010281606068796356
2022-02-14,0.8254735142740918,0.012164032962098073,0.5996163487078009,0.495512613767873,0.0030489546563672865
2022-02-15,0.8672144752995625,-0.019922804889193565,0.4901668968320246,0.40968827577945566,0.020805859547265094
2022-02-16,0.8508853901588921,0.10882219576461533,0.5713077898293188,0.22526765883479216,0.07581651383796299
2022-02-17,0.805236968663172,-0.07701429464399762,0.5786659991481469,0.33945796497370967,0.003197974552032723
2022-02-18,0.9092813122687912,0.14525386905588575,0.5578601665591988,0.2740279652257702,0.0959770880444894
2022-02-22,0.9011946786293947,0.1813460986667931,0.6643764949559395,0.4572143441894548,0.061241636538973444
2022-02-23,0.7977786993566588,0.14478592138437257,0.606387713468875,0.5778704227986119,0.04183318726795639
2022-02-24,0.7812289032390769,-0.11077871142579845,0.5695209857072879,0.20980714984783044,0.0012165634855934471
2022-02-25,0.8249755929321229,-0.046466034773215266,0.5718957419319278,0.3591366444781537,0.06036292157822501
2022-02-28,0.8611711472560534,-0.2315081312558748,0.5627400104426683,0.26371442644570053,0.07354595870380777
2022-03-01,0.8568513259188497,0.2616182036990569,0.6483317190115346,0.32620657498238426,0.00228572281405387
2022-03-02,0.8237454942992339,0.13342540000194367,0.5992555379261336,0.29955952509461664,0.07755948009817663
2022-03-03,0.7710198984418813,0.2767372439972827,0.6185013175976904,0.31970567210869266,0.04001901951356626
2022-03-04,0.7903363809882532,0.25597937410604804,0.5817717972187614,0.502378552980781,0.01357457556002837
2022-03-07,0.7289378970839241,0.2600350295074256,0.6236593277126105,0.5587268789641303,0.08590317925051186
2022-03-08,0.8140137489567496,-0.010423293366858367,0.6446915070990376,0.4276070612553025,0.048988461888268636
2022-03-09,0.805105222872576,0.11569852164182291,0.6259131510956008,0.49459924723683596,0.08671153986852638
2022-03-10,0.8351660771817644,0.3040510017373725,0.5939776929008159,0.4591033258442201,0.0026877601861749257
2022-03-11,0.8175304481535491,0.32735873985666586,0.549395812489176,0.49008745788941965,0.0827104588671612
2022-03-14,0.8125362450728231,0.04918277816194516,0.6424234217870894,0.4070399984729654,0.04435646773096197
2022-03-15,0.8506931100878812,0.2412989415646449,0.6385760638243314,0.5072333669382458,0.04242021308127578
2022-03-16,0.8171193859169692,0.3826838737524002,0.578862198733036,0.37498487977322625,0.06960840395478465
2022-03-17,0.895168443107606,0.09922482202161059,0.5441107560235078,0.4445769793964586,0.0034936632807496927
2022-03-18,0.8891064639655629,-0.2707879756663666,0.6781054377647056,0.5147774459763437,0.0363495734300876
2022-03-21,0.7652333156891844,0.10106275118127234,0.6467250718454204,0.39237120724621233,0.058291943763671444
2022-03-22,0.7719462197932887,0.07090777835611961,0.6235646038643987,0.5967603127275907,0.023481157712612666
2022-03-23,0.8396483325026124,0.24372906204842537,0.5817797922026674,0.508311125415781,0.06490895627629623
2022-03-24,0.8383012293149944,0.054035898944240025,0.5443202627824235,0.34010437295577195,0.08140466462521001
2022-03-25,0.7010521254617362,0.1964226373362925,0.5838640966809212,0.35705915865538945,0.024590298908406916
2022-03-28,0.7696132073418209,-0.2455907837726574,0.5839632114979391,0.5793203247431066,0.0912621997664078
2022-03-29,0.820144780284435,-0.10157817032861845,0.6306927479349271,0.29647122254971614,0.0027271125899333117
2022-03-30,0.8276939958573676,0.23349847826946202,0.6424961969699595,0.3651628832648804,0.06290028214472929
2022-03-31,0.7728871322399088,0.14643713644900036,0.5227024131833613,0.34599725543665283,0.02609010727434489
2022-04-01,0.8100795965548883,-0.2905933561527004,0.6087282035819986,0.27732667122120364,0.09363345607627209
2022-04-04,0.8140171563940147,-0.16319559162588462,0.6189951080181982,0.33726637716760394,0.019431265815071697
2022-04-05,0.7216172259336717,-0.12341724523186914,0.5263289140659072,0.3639439198400638,0.0866323085491239
2022-04-06,0.7775771921539794,-0.40989808264749555,0.5400355611888851,0.4367930447318027,0.03545956330029925
2022-04-07,0.7912903285225039,-0.13960288772140547,0.596683063955192,0.46291460263215356,0.06756601646870164
2022-04-08,0.8391583977063333,-0.5893744295362787,0.504590062909939,0.5918234356369403,0.0781854012666321
2022-04-11,0.7199290861790165,-0.19537008134709044,0.6251532687493231,0.3452679021918459,0.07129467530139195
2022-04-12,0.8484390921381173,-0.06369804221055875,0.5915161653069745,0.36086981039938987,0.015475968849818944
2022-04-13,0.8222556637871308,0.24696901093125545,0.592965926640525,0.4529668353862573,0.02254517340765899
2022-04-14,0.7676807182691423,-0.32464064585884606,0.6031703407352652,0.4755956437680859,0.09063094216017842
2022-04-18,0.8264656022245216,-0.21590795897965853,0.6449558176023463,0.3774116320536239,0.07014082525633204
2022-04-19,0.8305951667131094,0.23778274202004793,0.6119594743238981,0.33337034703096036,0.09827227945463514
2022-04-20,0.8435203915465898,-0.0014989614385835604,0.5554330960563019,0.38197924581570425,0.06675749243031882
2022-04-21,0.7701289979465045,-0.06784327501569136,0.5673855135845891,0.3740221843652078,0.0759078084719231
2022-04-22,0.8313082804367656,-0.17491066771059396,0.5645015069773325,0.5067371357064192,0.06260415545391322
2022-04-25,0.8386688351947135,0.152237041467044,0.6542413749086081,0.31028337423619734,0.06543079181737586
2022-04-26,0.8407928232434391,-0.12214801156617767,0.5826567662518559,0.49007816083078437,0.0226605220910753
2022-04-27,0.8197818249254697,0.055232714732418024,0.6057839415139594,0.30580317889054154,0.08799716074219356
2022-04-28,0.8763694095133121,-0.13995367869605124,0.6790768979939585,0.2670224198982348,0.009354855088756487
2022-04-29,0.8235952453482241,0.20623929945970249,0.5551101118438513,0.4489870141470947,0.023262379735597763
2022-05-02,0.8015907439572584,0.17214454435096657,0.6134406484559507,0.5110873251083282,0.07568335999214845
2022-05-03,0.8146015636185543,0.30383056347876813,0.5739389135966367,0.36428568533303135,0.05391303714657192
2022-05-04,0.8451649943923574,-0.051640212169031086,0.6878058477072518,0.2833157207893845,0.06442519799521154
2022-05-05,0.8785007131600304,0.1307512930150894,0.5890439216718543,0.24294764769622582,0.09876032046758147
2022-05-06,0.8071257807228008,-0.04440393201775396,0.5738102375316415,0.5128929504597186,0.05187263409172488
2022-05-09,0.9282111770755626,0.0791690175277668,0.680294938231901,0.5137279791830551,0.021789675482872774
2022-05-10,0.8357357694804033,-0.12886226734414474,0.6007430403218781,0.3841206181463651,0.06481224877699332
2022-05-11,0.7179546979446492,-0.020517995545455938,0.5596750353754302,0.43746167172065953,0.06507344688776183
2022-05-12,0.8245277557790585,0.06742032791199094,0.4523159888997037,0.30514893664123377,0.018733129863545386
2022-05-13,0.8290505987718348,-0.17938604272573921,0.6361394621650655,0.39289206530852844,0.09419232253501125
2022-05-16,0.8376672154433411,-0.07540801662611894,0.580234804895633,0.4693968247315261,0.00876148708712684
2022-05-17,0.8682615551769279,-0.04950017866893783,0.5892617423012919,0.43836020661612696,0.06631230004477418
2022-05-18,0.8325503841513076,0.1307696469329826,0.4967590039904879,0.5113252901303849,0.0972922144242475
2022-05-19,0.7956388011194824,-0.22137895280084774,0.5937876866769201,0.35716202208557357,0.0043702511121557095
2022-05-20,0.805351562166406,-0.04006257004802203,0.6027760040686334,0.46890813414716515,0.010020439506184932
2022-05-23,0.798514647767427,-0.02859971666801069,0.564509155366526,0.5014313787740219,0.021409581599845996
2022-05-24,0.8129097882749268,0.3251304250771305,0.5457580822706479,0.42303544280891137,0.0755127213507217
2022-05-25,0.8979723817556273,-0.22202870350379744,0.5365090022326635,0.5283439212304275,0.029335860746117395
2022-05-26,0.8054855122643433,-0.14381467897651495,0.5662429395150509,0.3155737235417291,0.08984563357747519
2022-05-27,0.8513007340772981,-0.006137597563826317,0.5724127507212398,0.4698424210616171,0.01195190952806431
2022-05-31,0.8402373943229242,0.07867662461201134,0.5697099437914397,0.467164756284075,0.07221721331399653
2022-06-01,0.8186795663108555,-0.26439456403895395,0.4944467914668689,0.39984440866030796,0.019821091944687952
2022-06-02,0.7377574301927259,-0.15454795027615187,0.6460179404268482,0.3860024592691762,0.030258550194465696
2022-06-03,0.8226794331955054,-0.10262715757434332,0.5164982133556167,0.43819646651801725,0.052489540069093225
2022-06-06,0.8866206274175862,0.1750093397537289,0.49003875187815615,0.3646021232795455,0.018327008851682546
2022-06-07,0.8143069667685225,0.10644263334854981,0.5592455570861468,0.3813935309273921,0.01038402121192893
2022-06-08,0.7967954065770363,-0.03837771836299586,0.5965157722011281,0.5337440985097932,0.00796114346741208
2022-06-09,0.7593547423724802,0.11769442701243349,0.5670803568648555,0.4300037250976966,0.09767584547544675
2022-06-10,0.8537168921700604,0.04973386469323524,0.5813903958140028,0.48060060842030594,0.02573483501498063
2022-06-13,0.8666364636824636,-0.14497215103902003,0.5950098933789196,0.39438773040678204,0.010746583583979764
2022-06-14,0.8819822386000947,0.29327835779971034,0.5960638433462355,0.4737254810090792,0.07333102013883629
2022-06-15,0.7644577647609784,-0.20745778154250039,0.5964207064215034,0.5228306169383681,0.09720856581701304
2022-06-16,0.7455781136612003,0.1833154077315617,0.558139022315002,0.4190165971327663,0.054424751819501696
2022-06-17,0.7888385548607934,0.0951497146228012,0.5185400065584314,0.3076769052644697,0.014924815760548894
2022-06-21,0.902465350589711,-0.1645277539795859,0.5634380014847945,0.6227247052749241,0.06396229202449015
2022-06-22,0.8264654390728888,-0.09611127401609855,0.5395614535578542,0.5333632901991279,0.013529721141943141
2022-06-23,0.7962525385197822,-0.5208931938252718,0.5595074013705362,0.42152007436906236,0.05331018374289973
2022-06-24,0.7967241665746684,-0.25976502466701773,0.6202374026856303,0.39075705173687453,0.017511583230317807
2022-06-27,0.9034308285773235,-0.07761242857242054,0.5532632041477749,0.44066140067536314,0.04182712477887564
2022-06-28,0.7335610621851836,-0.18489594365805162,0.5579751253372662,0.3880594060886754,0.06757452124161854
2022-06-29,0.775212198116772,0.09419551437157608,0.5580520702621237,0.33238344394967445,0.08817669360299635
2022-06-30,0.7945899771587346,0.1779808945888531,0.5921792136789036,0.4271259148391844,0.04941785766325338
2022-07-01,0.841261393984198,0.006071545401983544,0.555459659502998,0.32800741726837584,0.0735262639086414
2022-07-05,0.8524106242881989,0.001611668220908201,0.47889955804386636,0.44425657959449527,0.09149482262738076
2022-07-06,0.7737359110409789,0.164411464593283,0.5652790058315366,0.4445892403994429,0.06304408381024267
2022-07-07,0.8299699888654531,0.29662177200645207,0.43972987105027894,0.4281218132153794,0.014080115995762012
2022-07-08,0.7541277645042276,-0.003521259140589033,0.4568192067568691,0.510372616813614,0.08416193398052388
2022-07-11,0.884511060890524,0.068283975504412,0.5387646282027997,0.35940151188285213,0.012936616983529292
2022-07-12,0.7931460842386355,-0.10218645458912146,0.5618999718137113,0.3580518913718097,0.036500457891054265
2022-07-13,0.8378759571059085,-0.047657321627879196,0.5424322229811613,0.3811045702990502,0.0478175584827816
2022-07-14,0.841622091354843,-0.01580050509542572,0.5606476492217597,0.37558793748422625,0.010663732904680801
2022-07-15,0.9100496806424132,0.5648628143850369,0.48767440688855895,0.3987018467447884,0.0920391860902966
2022-07-18,0.8494002576480685,0.08647541624545677,0.5210177350661694,0.4998877572690478,0.07348917601577407
2022-07-19,0.7655356661474652,-0.0342283286289979,0.5507056609043048,0.3805371609989811,0.08864173213523638
2022-07-20,0.7328746070042805,0.27719123644510296,0.5834020051392754,0.3097222446107339,0.03657717007983813
2022-07-21,0.8389182500433167,0.030757105758521353,0.5328179930962059,0.43106943403323744,0.08790233846871032
2022-07-22,0.9155500737009487,-0.11685765447650878,0.5236944683564241,0.43309257364384113,0.00506110070597765
2022-07-25,0.8934936422382007,0.15332302601490638,0.631474370351715,0.5263288682639473,0.03892473599468781
2022-07-26,0.9165499020491097,-0.092008221912044,0.39485593813977415,0.4132601676831231,0.0022833378119832327
2022-07-27,0.8159561341927355,-0.1033105902982847,0.49749233433309176,0.45667295440214317,0.05423604875315943
2022-07-28,0.7449033693796887,-0.28675188461868023,0.5058935609278763,0.38619679056273987,0.06907685197092668
2022-07-29,0.8405028655102443,0.3325463196357412,0.5364775057915182,0.3053156035873311,0.07431431349640703
2022-08-01,0.8419362638763348,-0.13473475483377725,0.5462302761023345,0.3432896149003873,0.02513706740698809
2022-08-02,0.8235687911077266,0.15524845590981085,0.5710939017360434,0.3432546692999156,0.08964190753842544
2022-08-03,0.8189847716761924,-0.11447730347338302,0.4778159022089238,0.5724434116653988,0.030884426709581515
2022-08-04,0.8855346753113454,-0.05061333177075899,0.5082257388432075,0.6317498131117261,0.05675555682955631
2022-08-05,0.8869137292143647,-0.5666007213674832,0.5274711433445777,0.3314498141010931,0.06864932450302909
2022-08-08,0.7592901055395006,0.03653449910189182,0.4263894921719368,0.32336291260036415,0.048655474076941665
2022-08-09,0.8027095423285718,0.012477072776763708,0.5238021119269284,0.40451371812978665,0.08438084422900821
2022-08-10,0.7976314243296884,0.06420705272201378,0.49020628442754377,0.300014427146929,0.07806630892777054
2022-08-11,0.8503949540311374,0.02518529158536574,0.5753213671644286,0.43327012774826695,0.06551291359539321
2022-08-12,0.8170586126467771,0.03618423755121316,0.4623998378656028,0.6761207478404865,0.04859363152606473
2022-08-15,0.8953948825376841,0.22193246097560426,0.533934419495237,0.5080656720591106,0.08894081922619448
2022-08-16,0.8372259518650931,-0.20208849179348767,0.5143632387316854,0.48471527778570367,0.07267095929717081
2022-08-17,0.7795687013329805,-0.19218335652630106,0.4816387607936114,0.5516606689292505,0.07156955674960175
2022-08-18,0.8791303016170584,-0.15062202897451077,0.5269652261250077,0.6666839092855957,0.02310983876145043
2022-08-19,0.75605088009327,-0.07348548089593666,0.5967333888456621,0.46280339351647337,0.0573411024290664
2022-08-22,0.8340292208496927,-0.012239250118610254,0.5383048786722737,0.4113568480071054,0.045081066379327475
2022-08-23,0.7934470061409958,0.037982316652395716,0.6117605884846053,0.3941229905895374,0.02716602351734433
2022-08-24,0.6968115251997088,-0.03032582004934451,0.5983505772373151,0.3426021303962292,0.030070881417890175
2022-08-25,0.8248979078132488,0.03992918368912015,0.46480064274838073,0.37067725882772296,0.08310549270729224
2022-08-26,0.797219879615457,-0.1839985642328839,0.49086168792792434,0.3346910061297954,0.097007432418893
2022-08-29,0.8272269558155251,0.005673252479469286,0.6546265607764734,0.4248570724740624,0.09632593475244959
2022-08-30,0.7398524280475104,-0.00959361942203392,0.47738599678402377,0.39305890776202346,0.08274323219498306
2022-08-31,0.7705519575427412,0.2372260285249934,0.5365147490612511,0.4339757895061164,0.03131324798741292
2022-09-01,0.8664073703755689,-0.17247525522188561,0.517961487265359,0.28900545053540494,0.073496485918703
2022-09-02,0.8398284919503373,0.3854940917377311,0.5043086854662074,0.32450212852151056,0.05437144771740504
2022-09-06,0.7982285174442909,0.09091457458042346,0.46085061512224423,0.3387002661241777,0.06729217653009964
2022-09-07,0.8144661132367483,0.14923547344175656,0.39900359617401726,0.40134907275881815,0.039650743878084774
2022-09-08,0.8303293054960056,-0.17268141854445362,0.49166926097138863,0.5038615187490383,0.04199400559591368
2022-09-09,0.7711597199014676,-0.09070047714653388,0.41308067646150437,0.49016181865696806,0.07996232090881011
2022-09-12,0.8122863674923232,-0.14599880858902317,0.5769454832440554,0.4542896590346338,0.0843577294889197
2022-09-13,0.8838156377049898,-0.15529393878129916,0.4347204181494973,0.5304361751016159,0.058873045399513414
2022-09-14,0.7510722809720549,0.1501566414657675,0.5098264647261748,0.3878927466889979,0.016075129060978032
2022-09-15,0.8389328944216793,0.008537936971130472,0.5225916571495584,0.3259220643742491,0.030012376318456813
2022-09-16,0.7882015702989208,0.2644143816530673,0.5369341141333879,0.443933066855039,0.004387169389974555
2022-09-19,0.7361355684990712,-0.0826842586577329,0.5521681735569755,0.32806896026391774,0.08608843831554264
2022-09-20,0.8254131696319381,-0.2079980617618412,0.5228903978041983,0.33327035286770035,0.03891041317001951
2022-09-21,0.8543392633745815,-0.3655692491869929,0.5097167015368747,0.2698724214621916,0.016375422549995713
2022-09-22,0.8681038494040537,0.2759473335701232,0.4782490591742673,0.49847192420248865,0.05249432424595696
2022-09-23,0.8403520002713332,0.10882193062952608,0.4655430512968526,0.4655705950740894,0.046629580701071316
2022-09-26,0.8133191699535322,0.10796327251517078,0.5513434457977923,0.3626273057252448,0.06953661469798912
2022-09-27,0.7986843145156016,0.17801685253614735,0.5278991912398141,0.47339102039646025,0.09711074141254195
2022-09-28,0.779058934400217,-0.004743528299339199,0.5497063773529121,0.23938979752595885,0.021768964045736805
2022-09-29,0.7803958926280041,0.11704976822336584,0.5236809666046278,0.5185918734831981,0.002653253020307722
2022-09-30,0.8007715589783004,-0.08544159504656906,0.4531436816694866,0.40151279768552334,0.08968651359916503
2022-10-03,0.8252658077481029,0.1606430662919047,0.4634366578236876,0.714294460249319,0.08097447609539639
2022-10-04,0.9068444811512919,0.012608829389925684,0.4978459505788592,0.4066896765810784,0.006635434927310802
2022-10-05,0.8889744751492399,-0.2578870219784439,0.4157457171775717,0.37801381607819134,0.0804069722936841
2022-10-06,0.7728352775628637,-0.28784942413613307,0.46419755495437925,0.36434138632160423,0.04712773043004445
2022-10-07,0.8394715352235101,-0.05770878351098722,0.4847821713280297,0.46070028086070497,0.052223054939168956
2022-10-10,0.8047707880671182,-0.2619174445223827,0.5106099776657198,0.43142767093220147,0.08947696155276717
2022-10-11,0.8095232617211063,-0.12627286124981432,0.5824864486488508,0.3880549915185988,0.08817986991149174
2022-10-12,0.8392393801901521,0.12196665863643136,0.5455239291066369,0.3271882604956554,0.036800667721081426
2022-10-13,0.7688536388605415,-0.10831087902599515,0.5941340037005167,0.2910173257634531,0.086202768703997
2022-10-14,0.7996043056868478,-0.02320143750718584,0.5033332758322843,0.4531397027053548,0.08816983790590208
2022-10-17,0.8085990215570384,-0.19805559681243434,0.49774952107866816,0.49837533238808873,0.09733514256687104
2022-10-18,0.7978876430524808,0.06549705055239717,0.5396851038418741,0.4634278299975944,0.020739895531049914
2022-10-19,0.8551801282534334,0.05347394081569741,0.41708685105462445,0.321610997043593,0.0476312223146223
2022-10-20,0.8040113056457324,-0.24631190992098084,0.544634115345386,0.3350064585276805,0.044321205497126176
2022-10-21,0.8253727569919136,-0.11488174414284483,0.5572007591006876,0.3219389309052231,0.05641874922398508
2022-10-24,0.8675247767814653,-0.07304698859979397,0.5655738875615226,0.3783767648094992,0.039587052849571175
2022-10-25,0.7694036416819813,0.4025072681000583,0.5088021038254028,0.26744612183183725,0.028622679908851492
2022-10-26,0.8491349403291202,0.3687009278704134,0.390598275708565,0.38629789817253585,0.05250228735501518
2022-10-27,0.856015509103509,-0.14674752801123148,0.4992475485917824,0.3602423914575999,0.046760798421237905
2022-10-28,0.8227198778148609,0.14085004465020776,0.48437398312744456,0.4162763910022327,0.0015990074691632828
2022-10-31,0.8440064893373135,0.05468521347661557,0.5184399445317024,0.3579438181916139,0.019550236987109927
2022-11-01,0.7704675333849728,-0.3279234942780016,0.5020631152375716,0.26557492798090276,0.06741380167629869
2022-11-02,0.7830481050894428,-0.23839882625380215,0.545743638186708,0.27746083900135193,0.05895129428463548
2022-11-03,0.7715647075412049,-0.18310727755489398,0.5704363808525643,0.36800296932464743,0.03689149126520339
2022-11-04,0.8465225223050553,0.18408393385932276,0.5414612104357638,0.406510221228367,0.09414162514535336
2022-11-07,0.7210544572532928,-0.331633884806204,0.43431838697567166,0.22406463514735103,0.008442323629055072
2022-11-08,0.7825268568548925,0.06599345672593648,0.5017540874743669,0.4051492119786541,0.04257199030671987
2022-11-09,0.8412438749314843,-0.07011470916014849,0.5373867738375054,0.25079853466331703,0.048154060009898136
2022-11-10,0.7992190182927531,-0.08936376070861807,0.5058118884083986,0.22843240672909715,0.035963050009177
2022-11-11,0.763416472642056,0.366429803963713,0.5393802468060406,0.4974586690286712,0.050540391821483024
2022-11-14,0.87744462427824,-0.06132505744438088,0.5271572856674351,0.3112668210962717,0.03515038838413095
2022-11-15,0.7601873485053897,0.19763344692888993,0.5170684120372032,0.29932374181667837,0.03345424729128126
2022-11-16,0.8119461273772389,0.3719980990853726,0.49286102453791464,0.39250010207935077,0.02354744137295023
2022-11-17,0.9074224639770028,-0.024592345064311093,0.4084744263444413,0.47990678270488424,0.07143108540344001
2022-11-18,0.7926671320897171,-0.18789279945605245,0.5449715747947482,0.5597929556899754,0.09000101499732477
2022-11-21,0.7679032667415004,-0.0046466490829285894,0.49106115651523874,0.17040835649172303,0.037517754995705394
2022-11-22,0.7803243510915235,0.07863583198753284,0.5621544585011429,0.49027169977651974,0.014360793334110444
2022-11-23,0.8752802646536169,-0.06746600235698207,0.5215059613969301,0.3749138354274526,0.08365393729866345
2022-11-25,0.8559488959579381,-0.48247900959668855,0.5042382544818035,0.3831229677200879,0.024440126006022536
2022-11-28,0.8303601077314291,-0.05200672670183461,0.5495884379853012,0.3059718840728065,0.0321471419361419
2022-11-29,0.863563904255793,0.00860497365558113,0.5954923777101502,0.375796141280948,0.0680129849146016
2022-11-30,0.8420364353324221,-0.002687804256622383,0.5596020580506259,0.40047175788137546,0.03140097242393244
2022-12-01,0.8080261349791711,0.036020691294358614,0.48705504846596814,0.28498786365955875,0.003022009540933646
2022-12-02,0.7581013218590901,0.07305721498693672,0.4988314605353626,0.4419555357102681,0.09012143949644527
2022-12-05,0.862685939157559,-0.11849770677400964,0.606143193598837,0.47814911083156,0.04444269660647868
2022-12-06,0.8428594415749625,0.15375854451509108,0.48992074083416964,0.5258420264691372,0.0727364190900243
2022-12-07,0.6857688902248065,0.3096692318514251,0.5485982256477777,0.34095752734054274,0.08985775820762054
2022-12-08,0.8104304211002467,0.3099993472375584,0.49381035427627595,0.4145231697196479,0.0047727693037451285
2022-12-09,0.8728331417183129,0.00843853797248696,0.5505741295601341,0.5716939757588775,0.04940729879998423
2022-12-12,0.8480501239682174,0.0911492175945618,0.5065683559331272,0.5560030679515066,0.05490893341092178
2022-12-13,0.8742605953619379,-0.13678655397363582,0.5322413047988553,0.2896765986849982,0.04978351613195601
2022-12-14,0.7743811596044131,0.07792370221038859,0.5065079449531923,0.38839320420117945,0.08750318095754574
2022-12-15,0.7946917634499902,0.06553069613232991,0.4302177132238415,0.31390012112639576,0.03453242532230594
2022-12-16,0.8575255388070834,0.08772399051596214,0.6223726371092242,0.23258054752135462,0.06488894802619939
2022-12-19,0.8343307242244473,-0.27388171106153264,0.5388804143342228,0.3642617252181022,0.035084300138592386
2022-12-20,0.8460182928383964,0.266520260591497,0.5437419076505554,0.443545948470921,0.036731882745762966
2022-12-21,0.8015370344165059,0.0991064943234033,0.4979123482642849,0.26572437001409766,0.06863810456329222
2022-12-22,0.8400929078975844,0.2644809333613336,0.5974848185882969,0.5293500446348163,0.007410580758749075
2022-12-23,0.918820972226058,0.18586225166021453,0.5177308912852484,0.3994185569982779,0.030668027545682465
2022-12-27,0.8186757852902028,0.030405062271768764,0.5255136288933238,0.4075741875428825,0.03650964270058573
2022-12-28,0.7812682716905213,0.08422787077795885,0.5189544821920776,0.41832342960015234,0.08267715771084655
2022-12-29,0.8007510574481063,0.11517866101504266,0.5785403317605955,0.382046950374914,0.08471475731902106
2022-12-30,0.7683160130928148,0.3149747556369218,0.5387400603779823,0.4034028444138154,0.019644916484640063
2023-01-03,0.796846621467545,-0.41930655415707624,0.5773638707281186,0.4386507471146944,0.05434715706686958
2023-01-04,0.7945652123574126,-0.22667644907017306,0.6029793855166167,0.414451304418686,0.022348073421834726
2023-01-05,0.7612313410561105,-0.03424030600914851,0.5257605182644859,0.470614705699391,0.07845266097004094
2023-01-06,0.870956143316644,-0.1507272255521518,0.6244983116762003,0.32659365475029384,0.03768813371746274
2023-01-09,0.8701299849070193,-0.19247438447898413,0.5507498338110018,0.33960136573648325,0.09340569246700561
2023-01-10,0.8078199042291032,0.005881467938305474,0.6184057656810173,0.4471862011537047,0.09939490637540563
2023-01-11,0.8774347885319734,-0.1644074072481957,0.561739155577135,0.2847173920220898,0.043690423695278535
2023-01-12,0.7747325483990545,0.24206341629883377,0.5771594031511794,0.19792218649272209,0.0605882882216848
2023-01-13,0.8727520040026234,0.011731931968045917,0.4552777169126236,0.5189343122643494,0.06698446092314246
2023-01-17,0.8354631317423814,-0.04588478595500209,0.5696790623226335,0.2982650275075546,0.04455266026999049
2023-01-18,0.797554818952064,0.006451319584240747,0.567469471611218,0.3371649100671913,0.08898121093927634
2023-01-19,0.8043994426215363,-0.2676642054009614,0.585996178636551,0.08951679523786205,0.011356527207721446
2023-01-20,0.843901069919843,-0.2776694256082605,0.5490127585540274,0.33639314453922614,0.06962003594280917
2023-01-23,0.9006896622088015,0.029926889333192788,0.5309894199337825,0.302324820661397,0.050679252908357036
2023-01-24,0.8443726863100771,0.09018918168930856,0.5599153893753317,0.3716790880831192,0.02226765373258153
2023-01-25,0.7800834066574621,0.15569886808341704,0.5412928114926325,0.3711630917050301,0.01849744425384905
2023-01-26,0.8207452295943007,0.03417932918053585,0.6336179396988356,0.3330912017656729,0.021248714839613627
2023-01-27,0.8668362303752816,0.1348653116665793,0.6297633071154584,0.34092393573372504,0.07348331687481058
2023-01-30,0.7677387747896058,0.06520572258066501,0.5743224758902736,0.4849663346993358,0.036064268580584195
2023-01-31,0.7882900009681422,0.048309432940470486,0.5694957997051489,0.39585449120955046,0.04413279314829162
2023-02-01,0.8490746092170703,0.08068791492255246,0.6507315981502169,0.49630918615949843,0.003690502488300407
2023-02-02,0.8343309860793524,0.22716073761707492,0.5846310853531225,0.36615022138975056,0.016792060221481785
2023-02-03,0.8217253646618408,0.03571766732317559,0.533402389997593,0.3062847350379168,0.009154809534434372
2023-02-06,0.8400853177557359,0.6138054998242787,0.6020706946019896,0.3630033913443968,0.045774812602292374
2023-02-07,0.8200346373179074,-0.23573737084970184,0.6068639971278289,0.4173909237914695,0.055289082626315156
2023-02-08,0.7967773628542962,0.2177185351586026,0.6047390318080202,0.56326157472469,0.056792677959703025
2023-02-09,0.8421214983069364,-0.13149478758148125,0.6610056434474793,0.29629851811719565,0.03508463160722104
2023-02-10,0.7454936363520777,-0.09922349530959097,0.5834432187211243,0.31446910131622563,0.06590112187993451
2023-02-13,0.9069206285111433,-0.2864197089054118,0.5517174262253872,0.4981587031046352,0.051858221477185634
2023-02-14,0.8499599438183845,0.021647758189425072,0.6000015855633553,0.3956212578050457,0.06700028337600815
2023-02-15,0.8541524971634777,0.3147620780494462,0.5708294632345051,0.2801073697266973,0.07118986365513684
2023-02-16,0.8076447817838518,0.35914417086408806,0.5496882808134025,0.3126223141760385,0.04009934268690757
2023-02-17,0.8438916600991672,0.026919407006499935,0.6307210869512306,0.42270849167960134,0.035536160319485546
2023-02-21,0.8681685860829964,-0.1882896025233893,0.6606837737521859,0.3246477654068429,0.08754081267288448
2023-02-22,0.7935826227215489,-0.32034551046179904,0.6414325172596532,0.3891625921792417,0.0020066726130289593
2023-02-23,0.8065975135470158,-0.09458018922493461,0.5268691405102357,0.29513594192470544,0.020604921036876236
2023-02-24,0.7586646149222791,0.3538343520889535,0.574418741162767,0.5081109779777753,0.0799164759143009
2023-02-27,0.7634524650502289,-0.0930567868185738,0.578964031789717,0.5090095607382477,0.09517604453740738
2023-02-28,0.8048669068109159,-0.27207739415370047,0.6443033064722574,0.4477912488425333,0.028950215001323366
2023-03-01,0.8497068377227027,0.13208001366692887,0.5215478242558602,0.48688739066639347,0.01130669405578645
2023-03-02,0.7520698001894506,-0.14978148925187337,0.5831173740577019,0.3676848154264498,0.09471757729905765
2023-03-03,0.8131955427899031,0.18030305992533768,0.5838735453075528,0.4338740112123751,0.06109021013379926
2023-03-06,0.8924132296440153,0.05291405497259845,0.5209623445786501,0.44080559690617255,0.04579318744094233
2023-03-07,0.947957019644341,0.09102647744719067,0.6023645086395039,0.36561845028168016,0.09378059541953433
2023-03-08,0.9334406071216551,-0.07310912987457871,0.5914299811818726,0.5679314574147214,0.025329214177204865
2023-03-09,0.829018525524763,0.1208278666339484,0.6069482157376747,0.36018793467237104,0.023143818183273726
2023-03-10,0.764398635517504,-0.1386658528926292,0.6418851222905164,0.47996339755149264,0.005165048649742133
2023-03-13,0.8485438665370011,0.03811725626670348,0.6984033715298815,0.34229338253519753,0.05397220069436364
2023-03-14,0.7902976870701339,0.06524014829304108,0.4629652993548101,0.2969363135527233,0.06754115552304578
2023-03-15,0.8335977741712671,0.002458971343004234,0.5418884147336632,0.4599216215967466,0.013374340580458766
2023-03-16,0.7386145108342838,-0.09962132034488871,0.5629432332016665,0.5711486698461404,0.042036956139413856
2023-03-17,0.8423852633451769,0.1259894738717447,0.6153590022152412,0.3061890175792224,0.0417184041076816
2023-03-20,0.8276297879726985,0.3202877802467259,0.64919251817571,0.34326599021419835,0.03757827064052306
2023-03-21,0.8509693094221201,-0.15912911986531575,0.5170041854652356,0.5499411283246565,0.09748482937320582
2023-03-22,0.7993678657621442,-0.19022091429256688,0.6023618121793424,0.4633840343276915,0.07559915412086647
2023-03-23,0.9254308149723955,-0.3594342333206755,0.6623652164533695,0.428673403580652,0.08190651443557168
2023-03-24,0.8166947476639742,0.04954980395079295,0.5213006483903997,0.21523057794446687,0.06719624060509864
2023-03-27,0.8910360679111049,-0.28851557873793904,0.5475394610555019,0.3979372731229013,0.0015768437250848755
2023-03-28,0.8171524852386644,0.10889080878640234,0.5356080014388382,0.5619925276411722,0.08516992008885853
2023-03-29,0.8465506421257358,0.25472253328056615,0.6320061165777855,0.33811837694107344,0.07339964949873017
2023-03-30,0.7777271227252562,0.39322502129503933,0.6696813503717822,0.45583643033217197,0.05466371549847732
2023-03-31,0.805578099478819,-0.12967213184987675,0.5583711889852851,0.28503196945051096,0.03681969367563011
2023-04-03,0.844315968431689,0.2822065082626721,0.595265541613341,0.525133034225006,0.0005176133678040818
2023-04-04,0.8654793810531429,0.2134717250680673,0.47927606659172933,0.5509830191052039,0.03792210904669563
2023-04-05,0.8200185664271064,-0.16201927886261558,0.6577434809215441,0.38043390409170263,0.03539934428258523
2023-04-06,0.8333423187573786,0.056437518768265096,0.567243520064702,0.45025440072391465,0.07364229109871548
2023-04-10,0.7711794451383093,-0.24856113909387095,0.6520313803522569,0.32446309622431463,0.08835810200863874
2023-04-11,0.8790603459508164,-0.3596106485160607,0.6152555919780639,0.4763378020567532,0.04497794398892635
2023-04-12,0.8359583249759556,-0.21669419155594027,0.5956879345576213,0.4576304042219265,0.033698044495319726
2023-04-13,0.6855410209122246,-0.1569506284102672,0.5696336418127497,0.4735644262497023,0.06871460291156466
2023-04-14,0.8328192453026997,0.04326219586278651,0.610698491734924,0.34883700278614993,0.05481999557108661
2023-04-17,0.8176378583461545,-0.18691912091759622,0.573997051429127,0.27937367227243937,0.03318417208481759
2023-04-18,0.8334317719029068,-0.45487827099827627,0.6127220445549002,0.41715848381520637,0.018667025873118605
2023-04-19,0.8317164037150717,0.07214530020114045,0.6354775400270667,0.47008383895252076,0.09997961986812835
2023-04-20,0.7940607433157052,-0.16567596804738702,0.5230761671936692,0.47705010284195104,0.052728472671637897
2023-04-21,0.8597812023253295,0.18799169759175682,0.6250294874795284,0.3140011213581195,0.036002610200449106
2023-04-24,0.818708569566173,-0.2193676191393113,0.5385518173271873,0.5360860041285882,0.03896607472345254
2023-04-25,0.7889844551148845,-0.06945180860002655,0.6068295841735512,0.5951476339496898,0.04969223572399139
2023-04-26,0.8430799810936306,0.13677998617799933,0.531816160007269,0.36234451009443247,0.0709308333173781
2023-04-27,0.8491195785189302,0.06112087188945845,0.6341652556544477,0.44152545282967226,0.03529039833546016
2023-04-28,0.877613702062176,-0.09662532900586505,0.5584096584841167,0.5299874102675519,0.009924983021286039
2023-05-01,0.9496745093706557,0.47676799389614194,0.5771634805696136,0.2822635399649059,0.08832404641446029
2023-05-02,0.8815238479202058,-0.25737885069195804,0.6143158519368889,0.5201206585810544,0.062444426750223325
2023-05-03,0.9085217974079323,-0.19643785342730913,0.6519675959857999,0.3998591232671885,0.09109107201033988
2023-05-04,0.8866585196583249,0.346726566697648,0.5555328837776677,0.40326245169451386,0.07569905017178709
2023-05-05,0.7928306164804063,-0.31614802924074403,0.6267913750901004,0.28795029137503125,0.0014009316199154133
2023-05-08,0.882177843354018,-0.024341538812802342,0.5839699179378648,0.4750558922334922,0.09657572496933453
2023-05-09,0.8931517933030897,-0.011727219538540487,0.583713024119034,0.5078499537325893,0.06098327348438928
2023-05-10,0.8404036175263181,0.03764393990941115,0.5385500748247175,0.19530864107664173,0.03444437940287439
2023-05-11,0.7650184067142561,0.08362464769335481,0.5023418072026776,0.4969265206016666,0.09699859690087659
2023-05-12,0.893259678568497,0.24817221701623807,0.5710754059697292,0.2278641915966828,0.0013232097163124235
2023-05-15,0.7722294194259155,0.08199295575984879,0.6062913324020354,0.3549199769194238,0.08951661942928679
2023-05-16,0.8158907462640728,0.26996465553212035,0.5586965290337765,0.5377651759310207,0.040789698847185155
2023-05-17,0.9058045960773033,0.08483287104855765,0.514408392435357,0.3838554386930647,0.058747215373899056
2023-05-18,0.7513833959680025,-0.006161865201057493,0.5865337928971236,0.3571360617342896,0.0830586418500163
2023-05-19,0.788491874403615,-0.1423866026828202,0.6054129873467058,0.5405986227930001,0.03971866854729805
2023-05-22,0.86360473391901,0.2957036866269267,0.596401535526483,0.3844449870050508,0.05954342923504642
2023-05-23,0.7300088777457617,0.10117905181415998,0.5967782494529533,0.2619416384421146,0.09729602254434887
2023-05-24,0.7957597734103209,-0.11650212267919807,0.5056517244908715,0.4156607442687189,0.09073501013293944
2023-05-25,0.8369066489747052,-0.09006627337161417,0.5516997583164467,0.38327322444347717,0.0730516638507133
2023-05-26,0.8135354598128103,-0.12862298752848808,0.5420401859379608,0.4020635257667517,0.03728022191494634
2023-05-30,0.8993600239143745,0.030118886746277492,0.5989473779513638,0.3818319473372727,0.0756066286614031
2023-05-31,0.7272028168650332,-0.3141739101175343,0.5884475240388457,0.46761480091123775,0.06880412215015866
2023-06-01,0.844048442517573,0.3217278650470842,0.5711514616961189,0.3749400806136027,0.061487527444831484
2023-06-02,0.8137133436883744,0.3682556753546138,0.6649585004407262,0.39440602300628586,0.02703308417824939
2023-06-05,0.8442295996774736,0.11957500580077603,0.5855423485039883,0.43510874513333436,0.04501398432221557
2023-06-06,0.8093916177990897,-0.12018776040850472,0.686074811025283,0.4543761592766479,0.037463633269206535
2023-06-07,0.7437742802461722,0.054361665861714405,0.5791672354051779,0.4408533737253631,0.0979167638318256
2023-06-08,0.7993639792365484,-0.04155282857795345,0.6362188589785546,0.38136502238043035,0.06433404815799208
2023-06-09,0.838939130693923,0.05164044991608379,0.49229978367235705,0.48357149244549624,0.06157211103964019
2023-06-12,0.8037413112631167,0.13087901620703712,0.5317910653973942,0.40187598603628316,0.06549505089516712
2023-06-13,0.7086165707545022,0.16805603930735172,0.6170949299951789,0.4775812667292654,0.0029394621737862782
2023-06-14,0.7298545916205197,-0.00128611406505366,0.4562421002383672,0.3869526901050563,0.05879166304072928
2023-06-15,0.8359315661647595,-0.17409798455606884,0.5437328394806995,0.3965677075671374,0.08733863062619712
2023-06-16,0.8785781178447574,-0.1978165016965492,0.552523839037905,0.5141535087364382,0.0405302338444423
2023-06-20,0.8419522124719139,-0.043568943478215626,0.5800915531385415,0.4750895610814264,0.09160149156054609
2023-06-21,0.9023768270464231,0.5147916273470835,0.48048610447779116,0.1941384595402676,0.045186970568946175
2023-06-22,0.9221075184023563,-0.11625127743697693,0.5767198345055794,0.4882172039213037,0.048855600389331934
2023-06-23,0.8893631819208649,0.07664556616015233,0.622771648619513,0.5514354854946255,0.07739619716256807
2023-06-26,0.8821877250352205,0.20612667739254054,0.5045756823975266,0.40400775801684274,0.09960990398562737
2023-06-27,0.9157156603064104,-0.08494876041784911,0.5023340733597843,0.26256921104671915,0.07225514441632161
2023-06-28,0.7836109275118389,0.25057423254776406,0.5926695651706477,0.45499922236551105,0.08711593069751034
2023-06-29,0.8828604893465649,-0.1609213115807079,0.4901856467333613,0.38032592899540624,0.01911719615923646
2023-06-30,0.8916225690810263,0.33438231177793665,0.5434414589911033,0.2982366292144905,0.07522537233783978
2023-07-03,0.8640498690561801,-0.20354169582783876,0.46090734193932253,0.5258404879426049,0.007498855650501491
2023-07-05,0.8859882350450664,-0.3085475143087762,0.48561634960063305,0.2816747839476174,0.010948283157081497
2023-07-06,0.7668021003208827,0.14297008728034696,0.596259131423739,0.5518567958351386,0.054340139070791584
2023-07-07,0.7413905189410529,-0.24971848424377155,0.5871074816062685,0.36836488747025253,0.035100834612168334
2023-07-10,0.795087947963363,0.002584966879598383,0.5270978964963761,0.24746976601237286,0.04726028913358715
2023-07-11,0.7940277531269289,0.3262806746590705,0.5536635714165685,0.5140502685626107,0.003605016515679549
2023-07-12,0.85314497640882,-0.11109809670932345,0.5745320541475948,0.24262223384565068,0.09711256179100998
2023-07-13,0.8848199784767666,0.13130574523289706,0.5325910304721707,0.3039093991217044,0.08833183122054543
2023-07-14,0.8016291976723845,-0.18455848705779865,0.47777174099239395,0.32767812335774404,0.08098693988968456
2023-07-17,0.8522101707509249,-0.0037874774487393135,0.49644787614159913,0.4109585567641856,0.06724648139959369
2023-07-18,0.9153464951062606,-0.008069266172816203,0.51580026763058,0.4711160111195354,0.05323438102564881
2023-07-19,0.8277730500041304,-0.02802075636249169,0.49042826381978327,0.42770812559676347,0.044358216137166666
2023-07-20,0.9043570169789796,-0.07102968585800606,0.47792380003818,0.41636341815586336,0.07935615416987708
2023-07-21,0.8361440594934902,0.17780117232784087,0.4962370949505721,0.3937841489348924,0.03612523600793332
2023-07-24,0.7743854297762327,0.23931342112268955,0.5309921239465076,0.3055502066565777,0.05714577056328486
2023-07-25,0.8658515349550044,0.15475894341000448,0.49854014506884325,0.3362674062022271,0.005177179782706965
2023-07-26,0.8470421270744044,0.0062166538760836,0.536792336104147,0.4834822291238391,0.051476380928066036
2023-07-27,0.824351129477061,0.07589106792406396,0.4996295776451469,0.4545437878725982,0.07299368904330593
2023-07-28,0.8053349011707652,0.22084373433049762,0.5264144251292051,0.22445399957648693,0.08451047193305178
2023-07-31,0.7938456603903435,-0.3908424336195877,0.6024787671404792,0.4561998171689027,0.0037420024470087966
2023-08-01,0.7947065944080277,0.2984339075993399,0.5056437885064763,0.3307249316605266,0.0919951059950817
2023-08-02,0.9123718647062649,0.006060040002617542,0.5436132020805785,0.5122252251360273,0.0406073500374723
2023-08-03,0.8919456562557934,-0.19063742536769165,0.5816815409299618,0.356428917240773,0.03868945903862573
2023-08-04,0.8031252541611864,-0.26929527298854466,0.40610320917915405,0.35580620614412806,0.04969091859562014
2023-08-07,0.811636924704135,-0.20161176003330905,0.4211886502229085,0.4374010316287601,0.02077041520613021
2023-08-08,0.7957970324438937,-0.3926494932831295,0.6237997584136831,0.3458239479378071,0.017914945108951152
2023-08-09,0.8922331460287108,-0.0839228057840076,0.5488259816482917,0.5321540688179528,0.044513948291348485
2023-08-10,0.8137054433765554,0.25992727987137926,0.43278864996125965,0.2967472430757059,0.09190620130163066
2023-08-11,0.7502507744715475,-0.002298494303551771,0.5981519604049428,0.28129434266484066,0.026826070999241447
2023-08-14,0.8073823287000436,0.1055791524884316,0.5055440631610103,0.360481245755625,0.08915332443354307
2023-08-15,0.8771974808779562,0.08658322134258363,0.5298911299104148,0.43488128160304274,0.022849319112112954
2023-08-16,0.873317612582245,0.08165564698551753,0.4548427003432211,0.5480743103068617,0.02257296001757242
2023-08-17,0.8652475110623279,-0.4140638732545613,0.4267592932823342,0.430221017324208,0.09685846098163971
2023-08-18,0.8011392444448845,-0.127756181732378,0.5119245565986765,0.33958512056161116,0.03771546370010638
2023-08-21,0.8852721803154713,0.024156109353687116,0.5517074581266466,0.65493736861846,0.06307592664137561
2023-08-22,0.7948159641143531,0.2548954895808812,0.5588655308136663,0.2610814840369772,0.05767418716187084
2023-08-23,0.8313315904809772,0.018931238732449895,0.4788245604337836,0.3856060868115522,0.09388504344348014
2023-08-24,0.7725213880038859,0.005408621910488174,0.4357074166347621,0.4818758482776233,0.08460436332588904
2023-08-25,0.8204224060749665,-0.10529677865285564,0.5432292625910824,0.39920039543264424,0.07104723258155725
2023-08-28,0.8134792667629185,-0.27482074395717004,0.539849236941551,0.4417068259554488,0.07782066991383702
2023-08-29,0.87574638112042,-0.11966176779094391,0.45046485884555154,0.26668721686961483,0.04291167581660815
2023-08-30,0.8303646895493589,-0.18635889936310884,0.552308996818983,0.3094396059291602,0.09891319430707939
2023-08-31,0.8790286102796175,-0.20750166715299173,0.5594933256272202,0.329237572405444,0.05201295222586238
2023-09-01,0.8335340633531292,-0.03168573343677775,0.45501316054655794,0.3930208262866574,0.08647289296798794
2023-09-05,0.8258505310251926,-0.28731065247633775,0.49277419934370725,0.21214820756360273,0.03476205284219499
2023-09-06,0.7939395005428707,-0.2797297907151014,0.4465751804576834,0.502346749905982,0.01953946823057733
2023-09-07,0.9080224464310922,0.008131639517832813,0.49576554062868994,0.46230020673579586,0.028666683652153094
2023-09-08,0.8190743930977139,0.08862961874870973,0.5265708113343607,0.5211963150720214,0.02829602666722443
2023-09-11,0.7758375661164891,0.20744084657801928,0.5983053612283111,0.37327588594176525,0.06808350562059605
2023-09-12,0.8709823500814999,0.13264037755191602,0.44662077760039487,0.25876646536064274,0.012493047307734284
2023-09-13,0.8945880480131666,0.12822699479788616,0.5006858424941518,0.5236948450240211,0.09038753077209315
2023-09-14,0.968841237765042,0.2074969447658902,0.5065435476070593,0.3151490436104506,0.0891214167375549
2023-09-15,0.863118183750051,-0.0465903481182715,0.437884052232509,0.26934553254878707,0.07527540068281269
2023-09-18,0.816617075732601,-0.2525605224900056,0.530897381449213,0.2936019969933089,0.008564535707231702
2023-09-19,0.9149502237313377,-0.20537147649209003,0.5236432769262085,0.34844221185194935,0.010106928065596911
2023-09-20,0.8024314142366819,-0.08378958306741956,0.4587095145261374,0.48716993390298713,0.003138141041049503
2023-09-21,0.8396521743923806,-0.17842251435941117,0.5579053586779639,0.31068757263635904,0.05349416263939484
2023-09-22,0.7724683359742408,-0.37269859411087003,0.47614096197497613,0.27847838491722304,0.0742206341499903
2023-09-25,0.8439738615974186,-0.24731797329434083,0.4666147039195214,0.3314787070932979,0.043357597352948085
2023-09-26,0.9114008276776916,0.26535387215886447,0.4903531765434207,0.4130047613955569,0.06421468485295187
2023-09-27,0.922857884449905,-0.01746370487503736,0.49685200643266797,0.20669426950895065,0.06676997832084493
2023-09-28,0.8625946246897302,-0.030309367091304763,0.46735242252703973,0.408272779957435,0.05446813756222279
2023-09-29,0.9087518584856774,0.06251468467129385,0.5388397419033729,0.45713874910133606,0.0221072641486628
2023-10-02,0.8241813250040579,0.01718768708708011,0.460425843894946,0.34690037877612256,0.03614042375120511
2023-10-03,0.8637063428698232,-0.1951158643698772,0.44644703996596957,0.4726551508559905,0.08576370469398722
2023-10-04,0.8089951167780134,0.03860709395462872,0.5035183743871031,0.3002587231875157,0.033844352510236445
2023-10-05,0.8427802996343322,-0.2666626166464746,0.4894839391860435,0.3941562064055074,0.00115509235195137
2023-10-06,0.7993412407325539,0.18390249786527332,0.46155662209271936,0.3486906549491152,0.037551018296667474
2023-10-09,0.795686442516502,-0.06608592608216363,0.4487292529262674,0.3147879875576838,0.07650346367615883
2023-10-10,0.8394020004989051,0.0533623353146415,0.4884232080029049,0.4400081127658588,0.08657738076517661
2023-10-11,0.7988490365313009,0.03633067009247597,0.49771859254563744,0.3018728789534951,0.03860511068973413
2023-10-12,0.8239661723668849,0.19525417488742733,0.47545616811037994,0.3228153897949599,0.04162268459012819
2023-10-13,0.88118274584611,-0.09418357182631604,0.5017244043267578,0.3588706253715036,0.09847425932315554
2023-10-16,0.8516994625524217,0.2280349724514247,0.4268916035000234,0.4660450200083128,0.009838119265627977
2023-10-17,0.7860908456062499,-0.3673066904774766,0.5529896835270036,0.5454969724811031,0.08678068500299108
2023-10-18,0.8312813835749137,0.00271917946920389,0.5177752697298283,0.3336910765193436,0.06797542561231391
2023-10-19,0.8520957792803903,0.16368732278145198,0.47157805697686617,0.4032964863808054,0.05277965258532774
2023-10-20,0.8444316641165777,-0.10351789032968023,0.49713753788855264,0.41611411085909,0.021916731257940882
2023-10-23,0.8310008529316832,-0.2356791564732338,0.5619243330729393,0.3731500383736684,0.02624677924041431
2023-10-24,0.9467919954549125,0.38207615972416564,0.5369071879634878,0.3821310350862982,0.08004494280178191
2023-10-25,0.8373652521207149,-0.22306245562685897,0.4872164517082398,0.42196734818222015,0.029348502053986793
2023-10-26,0.8212569754371878,-0.132614343960163,0.49941828622386575,0.3728672763043783,0.06642460781444354
2023-10-27,0.891090715160192,0.23284418159040668,0.6127062242711939,0.4178507621397753,0.058064144114662666
2023-10-30,0.8754067279238108,0.0347596909574986,0.5308708213738718,0.5087196520372599,0.010585888456132099
2023-10-31,0.8213261548577713,-0.08272501613582525,0.467105034514397,0.22228150458513538,0.09581198712458468
2023-11-01,0.8666662108274261,-0.09921739893355175,0.4968729178411537,0.36318099249515595,0.08275459888224863
2023-11-02,0.7682993079469469,-0.14889029216253669,0.48925505822194965,0.47078469483038043,0.021197644840839358
2023-11-03,0.8987543688310752,-0.12895398264980165,0.5054317106761305,0.23349482535508023,0.013660360691679885
2023-11-06,0.7649931386044772,-0.2822480016548993,0.5530895254380834,0.3103901423241941,0.0674604360894407
2023-11-07,0.8438563061877508,-0.06186860988718195,0.5085133276364471,0.25610441483157986,0.06382204685314899
2023-11-08,0.7807212599123331,-0.22653361880008327,0.42978193362779016,0.5131169564083307,0.015729979563941877
2023-11-09,0.9176901053752331,0.08203262316745773,0.5152503585195197,0.5210641336402494,0.06333881080147566
2023-11-10,0.7598135928403813,0.1118540526739597,0.49446893356743027,0.31466430524491307,0.021408078685353507
2023-11-13,0.8247022441170668,-0.010816887644389643,0.4557046538273281,0.5976456449438708,0.03808289041666274
2023-11-14,0.7874938787017167,0.12644833175025075,0.4694764290281252,0.49101495292263125,0.005420193845426269
2023-11-15,0.866345447990031,0.006397535230830401,0.4930744383028517,0.4312460284737348,0.03102424954959019
2023-11-16,0.8205825736914546,0.03726410329748086,0.49368404582475556,0.4291442627434122,0.06692296978615085
2023-11-17,0.7856441126850819,0.5418284866832245,0.5163336851518202,0.46774137144153105,0.014994934303731434
2023-11-20,0.8526926539943416,0.13305768337866306,0.46777417606740773,0.5346645437559236,0.06019300082788799
2023-11-21,0.9619400074551329,-0.3703723799503488,0.6002023948020019,0.5899584275012643,0.006317783919292397
2023-11-22,0.8615222450261721,0.2010480750760104,0.5656266880885732,0.4094225023763595,0.09161736586430536
2023-11-24,0.8071665747448329,-0.38587172935170355,0.5941439777793528,0.36168360427505436,0.00827067080216688
2023-11-27,0.8499634588309667,-0.025971530955445573,0.6264344138785374,0.4287398036361412,0.0809650921806356
2023-11-28,0.9213539981441362,0.017444617913363353,0.454205495789377,0.26814651261233047,0.07148518374902767
2023-11-29,0.7757144992139047,0.03112507810471269,0.5226227939408395,0.36785251228743565,0.0034819874997988444
2023-11-30,0.758216173853902,-0.11885014897333666,0.5415565465536574,0.37468940614356333,0.09144884556920391
2023-12-01,0.8032380530111773,0.009425844157034416,0.4695156717029661,0.34503675751285723,0.04015697779697548
2023-12-04,0.8619822731711464,0.2964623174539451,0.4937639775311981,0.4020437160342915,0.02058995280200955
2023-12-05,0.8262838415067545,0.19652961133377347,0.522984288825514,0.31708595022039915,0.0052725283437883965
2023-12-06,0.7870175903403277,-0.024067439162970605,0.5668050973391381,0.3126113958496656,0.003437924161713202
2023-12-07,0.8140570110100033,0.06522408966930071,0.5372604311810575,0.46681058175540724,0.032271672416699475
2023-12-08,0.8736243905107279,-0.08157167670484052,0.5005146014349315,0.37834600973836335,0.0019352783108026574
2023-12-11,0.729626033246807,-0.07056910510704138,0.507280435419719,0.34339074792707375,0.0951697919878996
2023-12-12,0.8142597391965649,-0.02660079437380419,0.4961561578819615,0.39598558920528804,0.06002270392318198
2023-12-13,0.7852841290525998,0.11805865891879881,0.5126835868630787,0.43419103513538304,0.09059114983742124
2023-12-14,0.82450026819782,0.12559300240721943,0.5576532989553369,0.5888507527784115,0.018127914058228025
2023-12-15,0.8728269838385702,-0.26244493191907264,0.5035889984488507,0.5264255967233186,0.09322269792359814
2023-12-18,0.8257476244954162,-0.10026081879996827,0.4979633720183895,0.3593376495684054,0.07586968230028565
2023-12-19,0.8861745366342552,0.12197842486040783,0.5322809912315677,0.27084844046336476,0.031166604834770507
2023-12-20,0.898021242944421,0.2117608998513314,0.5382698638701245,0.4578618979828571,0.014898898109388482
2023-12-21,0.7781871313397835,-0.17202908012968407,0.48119940376184894,0.3504555158428432,0.042107367766265835
2023-12-22,0.8279428793111925,0.34011169240068756,0.5762041254031349,0.4400889291350291,0.03880841881565982
2023-12-26,0.8302528428765685,0.28425663433920406,0.5419573018389,0.2579199370664919,0.08501244056160866
2023-12-27,0.8491553294891157,0.11294023453465558,0.5154695987615096,0.43656852207594704,0.08914595852136595
2023-12-28,0.7757300936945067,-0.13412715859870927,0.4347303201861782,0.3398081121548237,0.0923883668005018
2023-12-29,0.7835336393732957,-0.3492862578600376,0.6139143725310303,0.5784070304072694,0.08826584868366244
2024-01-02,0.7722838186350974,-0.11329434857541242,0.6157026219988914,0.24769513973005125,0.015987031366875237
2024-01-03,0.8811061998260267,0.038878450256005614,0.5898859783989969,0.4635399423973424,0.0424416629118666
2024-01-04,0.8773567620410838,-0.1628093666627276,0.5773080424138564,0.5070763339448927,0.09214619345801817
2024-01-05,0.9560817102866722,-0.17316142335587367,0.5439310836221477,0.2703484264055079,0.06795676696167256
2024-01-08,0.8476430278741204,-0.1005885045320051,0.5302110953520998,0.48491211206306845,0.0360237970823723
2024-01-09,0.8839354244363617,0.34590758476756683,0.5650241264387903,0.51712127146263,0.07119872115222185
2024-01-10,0.7781014731169735,0.1917743165247498,0.5936660512827311,0.35277502573864006,0.0864090958860728
2024-01-11,0.9124939390539487,-0.26454461434020055,0.5506434951125879,0.4092118069112598,0.027026470057767628
2024-01-12,0.8199723538487518,-0.1731857296890557,0.5326764216802804,0.5513467765330987,0.0016491872727190772
2024-01-16,0.8464818296138019,0.19210058224128468,0.5478136672405794,0.4224897823375314,0.0920378493239077
2024-01-17,0.8247001719340749,0.23895452248985347,0.45760908646881937,0.3642221477720678,0.06348603294029186
2024-01-18,0.7501744437195349,-0.03437904622106349,0.6052361595295812,0.3944399653757405,0.05761063433651897
2024-01-19,0.8351229018510732,-0.27409460645479317,0.523953183274151,0.338103136877137,0.0886820009351943
2024-01-22,0.8415825270719764,0.34431102963245586,0.4846824298714522,0.43135753418371414,0.053517168341201266
2024-01-23,0.7567748119082374,0.210377706732681,0.5835956241238622,0.4701841851562716,0.0878645968505681
2024-01-24,0.8274462667875866,0.1294017300476158,0.5711084382215723,0.266429704254736,0.012921633714792814
2024-01-25,0.7797112607022288,-0.18804438334291343,0.5318615572455978,0.3199625483301916,0.05435284887247528
2024-01-26,0.7883666772732288,0.03326519665569871,0.6773990034649315,0.4537714062247772,0.08789582709097508
2024-01-29,0.7775090651689369,0.005901475388140914,0.5668136646006624,0.4028420582197424,0.039394601387139516
2024-01-30,0.8638541139591687,0.014870538489666147,0.5112021598681173,0.43922069753130777,0.030393304245442034
2024-01-31,0.7692058397800232,-0.10102726108888177,0.680762999311087,0.3191615858563472,0.09114676009953969
2024-02-01,0.8284754429028004,-0.15919408241695363,0.5476321622005768,0.506251502202467,0.043911259447698775
2024-02-02,0.8626052773188014,-0.06316787421032109,0.5968622128461674,0.3601353759102923,0.056494317273278485
2024-02-05,0.8954990619408161,-0.026098971202595557,0.5060581669809681,0.5209331407247747,0.07016876942788393
2024-02-06,0.8330408514344337,-0.13248720161405153,0.5524849454998392,0.41843645853431943,0.05195927227037961
2024-02-07,0.8297542904256799,-0.08619776512510058,0.5739958012176097,0.5146372683701336,0.009145670642370696
2024-02-08,0.8629476976056688,0.23341154321078303,0.6690074598123564,0.46408539531846577,0.022619684751601046
2024-02-09,0.8281851215700395,-0.27882692673654613,0.6313980284800486,0.3423056802293467,0.06976593569816447
2024-02-12,1.0,-0.05361090001639617,0.6147917236904563,0.6682188964116211,0.08215443731605088
2024-02-13,0.9763771134304233,0.1658584454551564,0.6168225473030502,0.1964505010451684,0.09469785672355807
2024-02-14,0.9115557219205557,-0.11336328661964115,0.5246988266329822,0.4069187641225052,0.015090885688315847
2024-02-15,0.817778010348892,-0.17375032047490058,0.610401870370023,0.4702433939932381,0.025155772361414964
2024-02-16,0.862258737501544,0.1086663141942435,0.5802334815671363,0.419274034303993,0.033906347512448955
2024-02-20,0.8589934800660554,0.05397913255565582,0.5817336344750046,0.6179818427681041,0.04136575997908032
2024-02-21,0.7181902634371216,0.25019464199739677,0.5308047256843055,0.47199880201683986,0.04023268205370132
2024-02-22,0.799863221683604,-0.16623762695254896,0.49721009295865004,0.3554588367885696,0.07550760574794564
2024-02-23,0.7416247511902004,-0.19697927993294437,0.6240847033620518,0.44012534728574787,0.0466924318165004
2024-02-26,0.8793875642776937,-0.32047085446317447,0.6206784226702305,0.4305634088373507,0.08707582853271793
2024-02-27,0.8306266927998348,0.18340727414794347,0.5878585041627951,0.33335675729256614,0.09625964907696787
2024-02-28,0.8532649364661941,0.11502265796044393,0.6148306311191926,0.39770123716949385,0.07735607952173001
2024-02-29,0.8279850791973264,-0.20572705002150685,0.6151371591850316,0.45707432423111377,0.0350279833014393
2024-03-01,0.8401659748949809,-0.2839979208123946,0.5683370681616008,0.25598719458458563,0.061064828754747814
2024-03-04,0.8242607004060942,-0.13851238274285355,0.5277490792748966,0.3688385914555006,0.02333247692474806
2024-03-05,0.8392962865697148,-0.3071162120163535,0.6601522404922987,0.3500124790933713,0.07839407148905257
2024-03-06,0.8146273561751745,0.009814269678530765,0.6498410296164184,0.30123745785500883,0.0011575620308148739
2024-03-07,0.8774201169573952,0.28528195345224544,0.6559275925167983,0.47054576817276783,0.0934287537227098
2024-03-08,0.8920198164439705,-0.2013447778235925,0.5924062231579732,0.491672392126575,0.06880726008283163
2024-03-11,0.888480587435596,-0.3508502686142293,0.6194236149849472,0.4743089463376092,0.018791252858837426
2024-03-12,0.9604316110515796,-0.09584378374676955,0.6832588441954812,0.4449065199840252,0.05912273611655248
2024-03-13,0.7480586537612212,-0.09770789869112047,0.5925291549515381,0.2834367268909304,0.0670805223053109
2024-03-14,0.7731105517230219,0.24687920442539096,0.6520328608521678,0.3780882658613654,0.015826619954558287
2024-03-15,0.9242359906758371,-0.11432090523418344,0.5344481241241648,0.5703696232499094,0.0902737459700028
2024-03-18,0.8741545058474154,-0.20655528269038625,0.6308574800816541,0.4086650333252632,0.07397076371156279
2024-03-19,0.8416894853388874,-0.45502725996555277,0.59364972453568,0.4739045890186693,0.06882938905084973
2024-03-20,0.8190944248940996,0.0532977225550113,0.6299743401875293,0.1834591243391094,0.02407621274095304
2024-03-21,0.8429768432778337,-0.061572087460774395,0.6168715245880549,0.44817567616416054,0.08770775797146238
2024-03-22,0.8363172359395857,-0.0948112228992438,0.6166229086363281,0.5479567179512363,0.04853385549677558
2024-03-25,0.8347288571659273,-0.2979960174467041,0.5589999509788448,0.3024637783740605,0.03392799002783519
2024-03-26,0.7602020521240851,-0.3305446958439488,0.7006090867854771,0.38512273125636604,0.08049113177399675
2024-03-27,0.8181329186012123,-0.0264247741132618,0.616659256118625,0.38232582942629634,0.009432081605618193
2024-03-28,0.8875158315779884,-0.04758047334611495,0.5985423108728148,0.6606135723861759,0.06131301235242795
2024-04-01,0.8536239059516205,0.0589840315443949,0.6001175220754236,0.26891564802580986,0.06931451178960071
2024-04-02,0.8044036036874188,-0.01652178834495779,0.5822289966083098,0.41730529339173783,0.01092395540397062
2024-04-03,0.7686334292131431,-0.32066843816533597,0.5868453681998133,0.44518047059348026,0.017385579971237918
2024-04-04,0.7980393123786909,-0.07753267558861378,0.6050887821150962,0.26858395849896505,0.02576274616291443
2024-04-05,0.8189912926582539,0.12304204231822918,0.5299032842075694,0.4186397085870457,0.07556453057623845
2024-04-08,0.9029651889818816,-0.04181057980672311,0.55358554833965,0.5672144861939079,0.09842633701750658
2024-04-09,0.8500987664805125,-0.15674928033249072,0.5674826319473875,0.2897610702817779,0.0876057623467191
2024-04-10,0.8607624883581255,-0.09603570658062174,0.5797525373237415,0.4346942865669342,0.0873297521689639
2024-04-11,0.9015640033636924,-0.1797339738222666,0.7133166455853162,0.4499611534474525,0.06851681073722046
2024-04-12,0.7905246784805229,0.01261294075544891,0.5397089241002063,0.5276488077489445,0.047164804225116666
2024-04-15,0.8184760973895358,0.10563757684998545,0.6227472612704286,0.41638279444130316,0.010865154081450069
2024-04-16,0.8474747905232063,0.012454843754206671,0.6318998846292506,0.43710161726194763,0.01379579882381461
2024-04-17,0.8807095407285248,0.23523199141751713,0.5751549876256974,0.646344792177005,0.09880050390583395
2024-04-18,0.7207688562912209,-0.13723737331710942,0.589534483197073,0.16969543994787262,0.08016251426209348
2024-04-19,0.8742257857988026,0.2289908578240973,0.5821146360427525,0.3386324351756825,0.09363880827587828
2024-04-22,0.9866383138419178,-0.14180644384682983,0.5845589401271517,0.272918485273747,0.026636978203470732
2024-04-23,0.8091004836119788,0.0018315492136950938,0.6341780657667007,0.4514099428048181,0.08633596465211296
2024-04-24,0.8373630214054211,0.27386808813879243,0.6005538911536391,0.37868198468645076,0.029680193959577574
2024-04-25,0.8283744980834343,0.019624170717704503,0.6132376246840732,0.5679856961753792,0.07390096103971006
2024-04-26,0.8548343046870536,-0.3555899327140702,0.6459603860055174,0.37155088457472524,0.08784502800113415
2024-04-29,0.8544158637042114,0.459789742421925,0.6036640304127616,0.48666625718335,0.031440470587509574
2024-04-30,0.8277112112559095,0.3155653630910587,0.5921892940430106,0.42617548774776176,0.03831348841752587
2024-05-01,0.8676823505622273,-0.021797742087688872,0.6230716165413782,0.26611109070383465,0.05066895798791519
2024-05-02,0.8602288972236622,0.08886426052096895,0.5646711510596879,0.36260233354031307,0.015884185506702387
2024-05-03,0.8389033736244398,-0.18410363708160224,0.6471022086598514,0.5191065035628488,0.04473668285787039
2024-05-06,0.8181372056011285,-0.22068884854477125,0.5535877762784015,0.549091931150105,0.07143865502425872
2024-05-07,0.8853527494718575,0.06700394807914621,0.5961673461617872,0.36420766005602706,0.09213305758065049
2024-05-08,0.8863726421010243,-0.09776265988823614,0.6273369387172546,0.4480772044071103,0.03318200422819245
2024-05-09,0.878749597281313,-0.20194430817050782,0.658275945809215,0.34034590347911037,0.052474249724254754
2024-05-10,0.8788226580822173,0.0065746827328702,0.5552957816645758,0.3397385717685958,0.06030544717709681
2024-05-13,0.8146268975017685,-0.29072595159575526,0.5921902166794748,0.2959672981344194,0.048585526103724276
2024-05-14,0.8037701858374036,-0.5125217163660655,0.6333312661674104,0.44064950246073015,0.07122295172312594
2024-05-15,0.826836618032325,0.09002293625900389,0.6464102267994289,0.3459780531775284,0.05091479485847984
2024-05-16,0.8530123120874333,-0.0794950278407805,0.5280891648355627,0.3838251534508808,0.06239229577822815
2024-05-17,0.8660322256424549,-0.1059408198622836,0.6157977337520399,0.3742409529445356,0.04256027871209039
2024-05-20,0.858716474499575,0.17116975772199536,0.5899249825388914,0.2502833059140609,0.08102776778585215
2024-05-21,0.7497175160491296,-0.003103161033773017,0.5963556855996904,0.47292711121970077,0.05220508800675632
2024-05-22,0.773974915097448,-0.5053451488786174,0.6288150629513003,0.42784608322526907,0.09033376033072037
2024-05-23,0.9180590866131917,0.05941949399993604,0.5690750347560399,0.4175930249495498,0.053464629670166346
2024-05-24,0.8638424928267613,0.09892158242217958,0.5811809030887221,0.4312696556258404,0.053150019015904326
2024-05-28,0.8318507447322585,0.3060668484909225,0.6136636295013094,0.4432285813704605,0.032156648420989024
2024-05-29,0.8799252500205625,-0.19994004696072457,0.5952225706037966,0.6687833364368141,0.036467343028928616
2024-05-30,0.7982009473823454,0.01365630448594139,0.5853948437315286,0.28747039588206547,0.021246027355091082
2024-05-31,0.7701991537289832,-0.18146082930118257,0.563515996781224,0.26528406963529694,0.060516454732008174
2024-06-03,0.8772088462722569,-0.15028704932254508,0.48969460008984267,0.5531984543285738,0.0978616376624152
2024-06-04,0.8311537308276019,-0.003995563541782606,0.582634232554429,0.4337810103562018,0.04336596594552621
2024-06-05,0.9066799307710802,-0.6229705082594683,0.6454948626096162,0.30892750340429354,0.04087166903536026
2024-06-06,0.9204859267432628,-0.08327713212245547,0.5606592572671855,0.6051375240392927,0.019387871537165813
2024-06-07,0.8271405604494931,-0.23049003362583284,0.6224375634814567,0.3453978799149474,0.0498496936385211
2024-06-10,0.8434462867254616,-0.03580101619121764,0.6108314856195378,0.14731226466767094,0.06279609738656929
2024-06-11,0.8733861862739833,-0.14158603062785632,0.5068606856224254,0.40861275912798634,0.008946842692809154
2024-06-12,0.89081338039953,0.1088768743432736,0.5351830138918979,0.275181671257133,0.05073244171128366
2024-06-13,0.8777839477192112,0.3291772852998718,0.4349351220005159,0.37517812994951966,0.0385573559264589
2024-06-14,0.8647065943402048,0.12840084284023717,0.5296538907776748,0.5209112909450934,0.07672124161625253
2024-06-17,0.8926041964227337,0.3474043000649394,0.6016512237071352,0.42802419884547765,0.09853539382394927
2024-06-18,0.8407059316089172,-0.230491987135737,0.5555817953335584,0.30889340616093036,0.08904273216347992
2024-06-20,0.7577244686444773,-0.30126885624608324,0.4891865648694257,0.31295884607738184,0.017773703040638324
2024-06-21,0.8141471182332136,0.05602283094234467,0.5793554498377451,0.31021758142221695,0.05261591905298757
2024-06-24,0.8188736881469083,0.02256564366411533,0.5578617324840522,0.37966084031873576,0.06661031186824057
2024-06-25,0.8769982929723595,-0.08236179530522762,0.554214383268302,0.4169898530852081,0.08352418342556299
2024-06-26,0.8802441618249961,-0.07864610706652722,0.5532263129016176,0.23227217162571132,0.05788142118996906
2024-06-27,0.7308235203990082,-0.18801744104245507,0.6174462265087165,0.5782176311296165,0.06186112073822051
2024-06-28,0.9130774108395907,-0.32826703548828373,0.5865284056870601,0.29893843892522,0.020875486140505196
2024-07-01,0.8165728238554429,-0.16277142484566487,0.49941285861194207,0.21471960239045026,0.05353855849678574
2024-07-02,0.9131697684592844,0.014417094497727349,0.5434590047561504,0.4283906030939429,0.08644031277943053
2024-07-03,0.6924651668952798,0.04432255720315553,0.5434237356163801,0.2618242055524609,0.06954011598103815
2024-07-05,0.8968739129967104,-0.04512012773629051,0.48416489781598626,0.2984236819588451,0.06241226095749269
2024-07-08,0.9507355470792771,-0.0021481605768004074,0.5359939452342123,0.1970711696129188,0.0852469157786272
2024-07-09,0.8870719918728998,-0.30844015518001194,0.5083121381211575,0.38033089513700646,0.0023974947745689203
2024-07-10,0.9107677347190849,-0.4193777916697934,0.5301125971503233,0.511641030718716,0.043317511268641064
2024-07-11,0.8269070265645917,-0.012657635370713417,0.5111846986198676,0.3567587980403943,0.0231872115535555
2024-07-12,0.871416011150464,-0.3101694433901685,0.4477266293970251,0.4341470342230365,0.02357224679816108
2024-07-15,0.902106022703303,0.09049197806827429,0.6878233588929463,0.4143657065959071,0.0810109051198241
2024-07-16,0.8167733333582996,0.08327080241748,0.4901417997653566,0.5224976716545825,0.013676017928759844
2024-07-17,0.7569941335397414,-0.004199501729914005,0.5604969375751595,0.3528699438165107,0.09174741475325032
2024-07-18,0.836159784072412,0.16162955429757972,0.5425659964037383,0.5576936113625004,0.06915903966752117
2024-07-19,0.88068276395591,0.2524193458414415,0.5584607262895922,0.3582838834029131,0.039118486632064076
2024-07-22,0.8567798565323049,-0.21665806333800625,0.5538131015866606,0.5331470678184568,0.0046355593589728515
2024-07-23,0.8139501906651052,0.31177255620920197,0.4879976540580892,0.44704645376710506,0.01013643824414714
2024-07-24,0.7850917415518928,0.1919107813356426,0.6013085929855162,0.3010115815514642,0.010856419643411087
2024-07-25,0.7922832493980146,-0.2547033743966031,0.5239146339441236,0.464495783770843,0.09177987121952258
2024-07-26,0.7767161013901589,-0.025956494091765626,0.5169389544522841,0.3683961629646498,0.0020455198122567467
2024-07-29,0.8573296593977459,-0.11651481003992284,0.6136667969894686,0.24396285521489033,0.057229405640027126
2024-07-30,0.8699660232763007,-0.4013128797242822,0.5496595636014694,0.3399045381985184,0.0997623072531806
2024-07-31,0.8272099872551163,0.07100662962341289,0.5214406999981357,0.4818402768733441,0.08680584555905624
2024-08-01,0.825702969166619,0.2736941518048609,0.5186488018848403,0.5259152309278546,0.07452394491776128
2024-08-02,0.8684051179443345,-0.13324412607395927,0.5295184634902189,0.38490457360693087,0.06411015119471503
2024-08-05,0.9390439216008979,-0.060857603375196606,0.5713378947936455,0.2650079243652697,0.004341882262653807
2024-08-06,0.6766304322650547,0.17015280889466503,0.42993034432361055,0.4162916654849515,0.05397140011089885
2024-08-07,0.8523277141348294,-0.15114354131034172,0.5017503641641889,0.31654247606035607,0.08286251295210367
2024-08-08,0.7277378462573317,-0.3950688152103473,0.4842630149710147,0.5280348418258821,0.01007357621207351
2024-08-09,0.907481027445235,-0.04370287285239284,0.5790600326047508,0.4799983848177636,0.04574516499166975
2024-08-12,0.8740192735954735,-0.07592926193820561,0.5096072909678607,0.4223758972286036,0.040961028262904264
2024-08-13,0.8012244455488099,-0.011127211812614383,0.4307364319729387,0.31423602333430767,0.05532833322844566
2024-08-14,0.9251595773370991,-0.021815122039365666,0.477623585612694,0.3479590746317952,0.03649208263841101
2024-08-15,0.8456955084439431,-0.06692800593971418,0.3790984073430186,0.27981801291889435,0.02454143513754166
2024-08-16,0.9056899232369782,-0.07094219399489879,0.5104388364191347,0.31038605369159133,0.001036412273249321
2024-08-19,0.8015193855209551,-0.1277845660615357,0.4311491273754233,0.49881619373045283,0.0530473692995329
2024-08-20,0.9181609059277708,0.20733195851950606,0.5472041660663068,0.38658774783624,0.038834486555626484
2024-08-21,0.8051072090586908,-0.23186060896628927,0.4956755934154502,0.3886925733273795,0.06759126198466091
2024-08-22,0.8724859935758392,-0.3717267831717012,0.516554508107832,0.40585716997603133,0.03580989991812209
2024-08-23,0.8814038056750831,-0.20688168563709716,0.6143678131588757,0.45860913823334265,0.02615487249688946
2024-08-26,0.89428898414898,0.06823975466121872,0.4644407655721179,0.3851557235107262,0.08912126493843238
2024-08-27,0.8461182222463407,0.12451702403500538,0.5726427041765446,0.2977941075396357,0.019078555482895856
2024-08-28,0.7850183078703166,0.24026758365027587,0.4554682606447243,0.5018720026970416,0.054347424806684766
2024-08-29,0.9153393252099546,-0.08332520584913594,0.5128359331398186,0.3485397385975007,0.08062363344411158
2024-08-30,0.7472342324286498,-0.10286837338121094,0.49096746612016195,0.43663108139944157,0.078169223584907
2024-09-03,0.8814934645444652,0.33195688120905464,0.48586246142613604,0.2933401939451018,0.07216767766216071
2024-09-04,0.8380745865909845,-0.25452158019652454,0.47576333665392434,0.25498114443521724,0.03884086060294489
2024-09-05,0.855305243953602,-0.04593770238382711,0.573019840407026,0.47150570677622144,0.05512121400397463
2024-09-06,0.8880721810879825,-0.15625150630275433,0.5143052016726486,0.572973736541124,0.08041136161861123
2024-09-09,0.829861495599011,0.11184492010210877,0.46144677695666636,0.41748502389236114,0.0998681004370067
2024-09-10,0.8144129136100239,-0.02118662768182403,0.4980509138926893,0.5058346969102421,0.054311710098365634
2024-09-11,0.8764779977787156,0.21033499613243026,0.4965476767469803,0.4104313291160163,0.04664783735653937
2024-09-12,0.9246365219493803,-0.14765015151871363,0.5995502245839694,0.5256044207211482,0.03249508533524973
2024-09-13,0.9193485553005298,-0.11081979041392197,0.47811880103715076,0.24772789492922292,0.008578685356925476
2024-09-16,0.7369177187261421,-0.151031121432262,0.4422105100401384,0.40409895004472096,0.013436647810645597
2024-09-17,0.8025147366009759,-0.21408207799755982,0.5253574435776868,0.3942952441443576,0.003945943884604808
2024-09-18,0.7900087213203026,-0.11440964297051873,0.4755925584963353,0.47165743721096415,0.05119746343287434
2024-09-19,0.8280574793621799,0.043886745739502714,0.4562436379614866,0.4241387774039679,0.04564604686787345
2024-09-20,0.8561426322140906,-0.009222073953551358,0.42136609247435236,0.29039016326184874,0.028863721499932573
2024-09-23,0.9567574269449846,0.2000541508185791,0.5328616131540764,0.38489589920728917,0.0030262419076557915
2024-09-24,0.8234951405998027,0.06971568827329393,0.449426279987509,0.44246173203676903,0.007440910318497929
2024-09-25,0.8822518286083317,-0.24281331402720774,0.5326887420783678,0.26405574167105605,0.05241558191126899
2024-09-26,0.7989118720893188,0.02258925829270296,0.48533732725371587,0.3509677699516214,0.023796762180999312
2024-09-27,0.8473564406100917,-0.18245558238830062,0.506121838166801,0.33356142275120937,0.048202017687929956
2024-09-30,0.858228335998808,0.2336959640990402,0.4814338098125549,0.4384768917469666,0.08439119047563973
2024-10-01,0.8789276232255596,-0.31025055834615234,0.4134813253786794,0.4233215505978583,0.04529633434608946
2024-10-02,0.807246879895935,-0.11858464699629707,0.4610552505283537,0.462164080954351,0.07726321467666791
2024-10-03,0.928669513811777,0.3362974821354064,0.4755623619020355,0.5657770124876405,0.023890221020994043
2024-10-04,0.7843195777410449,-0.40750036978968884,0.5231258093479509,0.5255960402291415,0.0559691232510208
2024-10-07,0.8757017991499966,0.08865298806016572,0.5110476126745612,0.6809636572318822,0.021035021780284893
2024-10-08,0.8098431994671799,-0.12701671883794602,0.5092164005988081,0.44839666157744307,0.08994876589279133
2024-10-09,0.82576322209709,-0.2332950354244533,0.4611911044063519,0.4508300130304831,0.08916255535818876
2024-10-10,0.9428264266702144,-0.17442980772424724,0.5157507731653836,0.4014411854676684,0.07312744452111301
2024-10-11,0.8245859004904577,0.2412545433056654,0.4276031782359304,0.3047108316942939,0.008253611551254236
2024-10-14,0.7957168948944097,-0.11422262028176894,0.5474176993796365,0.5671139676398419,0.028596853260844268
2024-10-15,0.885003733430957,0.060548729511580746,0.4542362134791445,0.3563169640246254,0.07779845402450175
2024-10-16,0.8296433341290956,-0.16318382846103413,0.5154700695070263,0.5391628734652254,0.03809179841998237
2024-10-17,0.8110715465216544,0.1330957167231989,0.5441122965413653,0.7014598907241731,0.029412968366348314
2024-10-18,0.8322974456878481,-0.0759164800900488,0.5391091676178146,0.3073033975249139,0.08921074594107849
2024-10-21,0.8252417662143529,-0.08906570339489112,0.5659129332070416,0.5087935677337292,0.02574108470686838
2024-10-22,0.8811169046401683,-0.2462265106230912,0.5043984561490484,0.46464838198787206,0.047460226542426015
2024-10-23,0.7397952959269989,0.08975803835229973,0.5342776486130487,0.2914469535163622,0.007751820127772047
2024-10-24,0.8499077423113732,-0.004405008054854077,0.43271137589517894,0.4071092591039413,0.016370730241574493
2024-10-25,0.8421975540908511,0.23699136298420218,0.4377559132912783,0.435487256454877,0.08404056512645831
2024-10-28,0.872582938282903,0.10761961226811348,0.5356655641235354,0.3207055335394276,0.09547108282481084
2024-10-29,0.9325858580120572,-0.10235581583326557,0.5182330590411199,0.3519890727381841,0.08125648156157156
2024-10-30,0.853479799115831,0.0015772316131413167,0.47491782798713356,0.27146915176113057,0.0329655610085855
2024-10-31,0.8395586575951145,-0.08453789767858566,0.5060185571337353,0.3868942897428346,0.021128126282311713
2024-11-01,0.762960111766337,0.32948375619633996,0.5296367240775502,0.4432995231677401,0.02737974434151165
2024-11-04,0.8169045725156332,0.18015581609954706,0.5272592488680843,0.40842524769267974,0.050926852003601863
2024-11-05,0.9336864925182109,0.061363168761511266,0.5179651727019279,0.3090649592845268,0.03452058584033031
2024-11-06,0.8120198919067136,-0.027674860632413728,0.4446497008911216,0.5026701288772197,0.03884340019805141
2024-11-07,0.8045252604005422,0.3346294871070419,0.4156375336664803,0.36508059544584603,0.08841127002417509
2024-11-08,0.8760349255885881,-0.1420206396792676,0.5161811999974922,0.31387658238762267,0.020414267383890506
2024-11-11,0.8835343037463778,-0.2355499520737584,0.5000360248021175,0.44751646580385307,0.08174438465052325
2024-11-12,0.7729715743353781,-0.24985979227757552,0.47127722425884877,0.4161448355755356,0.042514722643533134
2024-11-13,0.7845512273616253,0.1724086597991895,0.4742825101196761,0.5304558690742321,0.07838954928963274
2024-11-14,0.8397130161697708,-0.503825231460779,0.575677163444959,0.4913480590249783,0.09170297715401565
2024-11-15,0.9487885217397001,-0.283206539844957,0.5900915903300203,0.43924264275100944,0.009083038914896901
2024-11-18,0.8891069514066356,-0.15731111286946442,0.5097192436839457,0.44382427431652327,0.07739371521792222
2024-11-19,0.7859808560599599,-0.04631255523086884,0.5011909705473907,0.5902626392127653,0.02342736255925514
2024-11-20,0.906606979483827,0.2553351396668063,0.5748625017408268,0.2617429058799184,0.0028847556685752344
2024-11-21,0.8092005765156558,-0.08824265881437415,0.540460536034563,0.2966682477847229,0.05829454296046937
2024-11-22,0.9102410283519196,0.057322860655614705,0.5506034629432431,0.466950307214381,0.06920608368481762
2024-11-25,0.8130678048531859,0.2000548463984828,0.4773134843540918,0.405714137272091,0.04879631401031348
2024-11-26,0.9023505311636567,-0.23654850671234887,0.6233812661411586,0.30529676135498524,0.08437607297600755
2024-11-27,0.7695748351100119,0.1918048163645459,0.564622926890956,0.398355164285648,0.030547106403017624
2024-11-29,0.8221470407197697,0.14930703474601445,0.48377983333707614,0.4450817479823238,0.04420865659455189
2024-12-02,0.8440772810849391,0.016265155360121797,0.5074336161562523,0.5639551564332592,0.08478213609247001
2024-12-03,0.8873324653666181,0.14786620733219988,0.4523959614060047,0.46969140839636536,0.07522306958007176
2024-12-04,0.9223221060460886,-0.27521099584440467,0.4964887283076798,0.4249553953445513,0.07855383535755019
2024-12-05,0.9414800800143863,-0.012308604453524538,0.5358576108688331,0.49665288077976116,0.04279431094929298
2024-12-06,0.9024707766757644,0.0551205489761846,0.46047018938459905,0.43393430794738247,0.03639605698651162
2024-12-09,0.8582365302272569,0.17602542338673988,0.5772064823110026,0.1962387352143737,0.000735240686316896
2024-12-10,0.8940717414140263,-0.24877173737752378,0.5202083458189516,0.35585281214399267,0.041076473177427575
2024-12-11,0.9185541589559962,-0.12780527819554155,0.5250396498807408,0.4060945243189962,0.03361476075784469
2024-12-12,0.8375392273633898,0.18987271766110494,0.46092116162939983,0.2692930847160313,0.02607496629059243
2024-12-13,0.8367701105335728,-0.007027596541431619,0.5449307966949981,0.44144827114308416,0.018849116396770862
2024-12-16,0.8966851221384007,0.031046845989825107,0.560083708599222,0.33920731013254424,0.04516069293838692
2024-12-17,0.8999409587888597,-0.027495031316587287,0.5835610743823925,0.3299406527798732,0.06197413162332648
2024-12-18,0.8871880378814833,0.2658266643312266,0.6374897278325738,0.35713106891414526,0.05995723590829647
2024-12-19,0.818656013239807,0.1623166142345711,0.513220271480881,0.34116803577590993,0.09332564331999393
2024-12-20,0.7911758312920972,-0.23315116549569792,0.542552348321888,0.3051438528189161,0.030214238909413882
2024-12-23,0.9036800338688463,-0.4454247609301918,0.5462550856387678,0.4741317854096984,0.0023346273086163106
2024-12-24,0.8761158870484567,0.08759304521254337,0.5046391172560006,0.3024685821234365,0.017259882695844674
2024-12-26,0.8360256017025721,-0.03503583367809841,0.5368110649310608,0.4493531664436853,0.018985408543829952
2024-12-27,0.7648938718710152,0.2425748397766673,0.5985692161263775,0.42179504037279314,0.009578535987298976
2024-12-30,0.8864469695561665,-0.11848889732646253,0.594637430966249,0.36316223450023627,0.059824503957788204
2024-12-31,0.7751182711287394,0.031928042633045654,0.571815207117158,0.5486348748357579,0.01572295649358233
2025-01-02,0.7779834499028181,-0.15750709951042818,0.5039898067189079,0.41358051094818443,0.0684428055706409
2025-01-03,0.8353356941867603,0.1778222952094165,0.6184823193948643,0.3354201822427775,0.06498022358367601
2025-01-06,0.9587191755587922,0.19020628753076688,0.48278616801088864,0.32216761450277354,0.0998533922676067
2025-01-07,0.7991684871038158,0.13350000155640632,0.6114563920149982,0.5082630299892963,0.0022778541373246644
2025-01-08,0.8569330723395736,0.3601080321441412,0.5502004472541406,0.4125147005618104,0.08761354783159629
2025-01-10,0.7984719524381452,-0.07539627620413154,0.5664323587757155,0.46296864839026663,0.01151027416911058
2025-01-13,0.9089434744525078,-0.22487179785526568,0.5107593462221695,0.4489423466480532,0.016361076166811584
2025-01-14,0.9104358038211616,-0.15849085524819065,0.5608340631749871,0.3562801167570845,0.014823372855777029
2025-01-15,0.86624320704699,0.1716246786310448,0.6319638164356327,0.3198437028058024,0.0011353797229467168
2025-01-16,0.8889117854757496,0.0672943382050492,0.5240388243415641,0.32723897751297815,0.06290873970273696
2025-01-17,0.8367425471898128,0.10047835243619517,0.6074554068168871,0.4393611922635481,0.06510221454960696
2025-01-21,0.8957231088703409,0.0024622803511076996,0.6545283881125762,0.4501884021623079,0.013756550281827507
2025-01-22,0.7950866689120698,0.20624712761091107,0.5931714296107514,0.3056302546643479,0.025662420210635608
2025-01-23,0.8452706999262992,-0.07510435693325661,0.6780482683147618,0.37865093879059797,0.03018304298282345
2025-01-24,0.7368996560238897,-0.14236558385205325,0.6504454717110199,0.21182351063043048,0.03510916748713795
2025-01-27,0.8364510942129358,-0.043508111088158996,0.6296494071077665,0.44363660176113157,0.07359937114450958
2025-01-28,0.8086191367260587,0.4358485287280227,0.5875069212373983,0.3572544507571032,0.0719721898697308
2025-01-29,0.9484140965206407,-0.23549399850902653,0.5993598216391358,0.5717125605481178,0.0001446742816797575
2025-01-30,0.8959904083242145,0.1492556313706546,0.5664125677134069,0.34904703601733056,0.026820449409243153
2025-01-31,0.788054049195225,0.1718371600770242,0.5846623981426616,0.4843328084741909,0.002680616919038581
2025-02-03,0.8052265196211801,-0.26264343315879807,0.5560592102214658,0.5784630286291164,0.029590959372688755
2025-02-04,0.8630583642659986,0.016936271183884275,0.5777561614501254,0.40437819141492043,0.09387454071941226
2025-02-05,0.8091674091005645,-0.00833733045102862,0.530806630400636,0.3355070654170066,0.06445826642769178
2025-02-06,0.9659692935560369,0.057918772342239994,0.6379810712763024,0.3250117503378956,0.04014974890035216
2025-02-07,0.8686655684272475,0.23675114984956927,0.5804668575130918,0.5268169564311103,0.03084926971932608
2025-02-10,0.8557930284965195,-0.06779447086969462,0.6620213135900098,0.349062120436471,0.07747059858603453
2025-02-11,0.8064007132764168,-0.06294036904208765,0.5562480184893,0.4904475539258816,0.035218186876085154
2025-02-12,0.8665256805522662,0.1384473389812654,0.5937700084092933,0.24430656796254857,0.0099953293848422
2025-02-13,0.8584351075155778,-0.02044496137231959,0.5794786485529013,0.2931568775197614,0.08447648197098966
2025-02-14,0.8850371474895112,0.4146594676402966,0.5837729287977039,0.5174317868587401,0.06162813148944363
2025-02-18,0.8155162957127114,0.08903164552525661,0.6482958250191344,0.23738639533530226,0.05885125158060365
2025-02-19,0.8548425647064299,-0.08000561731468324,0.6143580245293614,0.40771289032589214,0.07225884070469606
2025-02-20,0.8831687085232274,0.05983393115773192,0.5882811453447995,0.38087667019691707,0.08738463261007273
2025-02-21,0.8769789817362451,0.05306641389059946,0.6768638812495303,0.4376504747068778,0.0210518441371237
2025-02-24,0.8171689833266129,0.11255641811803936,0.618445258907433,0.4442722167092195,0.040406394874299284
2025-02-25,0.7923561841846909,0.15589722351777635,0.627347189816813,0.43259785541950807,0.07207590609205178
2025-02-26,0.8372358991427059,0.01861658784342039,0.5405295860557543,0.4253314910457436,0.07397241626051668
2025-02-27,0.8401592301253679,-0.035648088169413276,0.5887725685358418,0.29591857873748717,0.015951028261624024
2025-02-28,0.9014001560683976,0.04875160714601684,0.6374653409866217,0.24951840846034606,0.049457929470489714
2025-03-03,0.9767123640897866,0.5126712044752723,0.5585940818083948,0.48245095087905765,0.07998210215507269
2025-03-04,0.8097920026789683,0.10492436567000207,0.6931981178160499,0.33582642638826116,0.036992896334936125
2025-03-05,0.8976653096704993,-0.04909345832473134,0.6517314638699869,0.424443808010463,0.07527050032792565
2025-03-06,0.9055258144525851,0.07884442280109683,0.5846261812913359,0.4602269786718145,0.07039671920373342
2025-03-07,0.914306122668023,-0.027512168103101142,0.6366270944068342,0.5668315616123268,0.009642806881917876
2025-03-10,0.8102055207729828,-0.05181210481843639,0.6172603308753994,0.31699551805330983,0.045494930246457094
2025-03-11,0.8032261345172574,0.16433351636349486,0.6119744891580425,0.31899086581438,0.017056262738138827
2025-03-12,0.9060146621293109,-0.08414297959798768,0.6122673482747811,0.4007364814077207,0.09343037621741357
2025-03-13,0.8132928286010777,-0.17344322228158213,0.5771923586302529,0.5253285241721501,0.049834363849002666
2025-03-14,0.8146990571638716,0.030374803691966004,0.6036572954195164,0.5618626422705632,0.03692883602003281
2025-03-17,0.8155291274408003,0.12069302835968974,0.5468772434558611,0.5514709337018423,0.04073570765475262
2025-03-18,0.7828877916611423,-0.04900901594547727,0.6247041746239652,0.3543004724574203,0.07977370178599971
2025-03-19,0.9025533510193791,0.15446455039812412,0.6114866278123506,0.44498053265806264,0.03480194760330065
2025-03-20,0.7956546734910085,0.015462207701927792,0.5585589329843885,0.44407685903642197,0.031001110510014973
2025-03-21,0.7557290521035138,-0.22590584646282444,0.6904842068382728,0.3760265880229455,0.0028645997797055126
2025-03-24,0.8793576015929911,0.039737127897241334,0.552804484368913,0.4833660729445712,0.09923089031972683
2025-03-25,0.75158538042565,0.2875805312350048,0.6412735669100438,0.44754216535638136,0.04625956177062595
2025-03-26,0.8721394744357984,0.15617385663793337,0.6099567409597805,0.22507015389581833,0.05248615904684311
2025-03-27,0.9323495665260838,-0.14119432879041346,0.545060495746282,0.44306118513467885,0.006328041250370487
2025-03-28,0.7928757146694552,0.06273327093133,0.5257034747466474,0.3115593533402371,0.030265788051162902
2025-03-31,0.767689762044405,0.0817346759971487,0.5514631137710629,0.36654094653612873,0.0523602993746308
2025-04-01,0.8587402104674371,0.027841964945523878,0.6124797825972442,0.4241141694660295,0.06431657504784426
2025-04-02,0.8531414748446347,-0.0849864978861033,0.6233024126289793,0.43568786997389247,0.01962124480653662
2025-04-03,0.7929788432383497,-0.2166996477639442,0.5447725356979216,0.4611380874338995,0.09186475505862668
2025-04-04,0.8497306655940865,-0.39838382630885505,0.6355495961681816,0.4898228179560575,0.08741399292287316
2025-04-07,0.9140568970952083,-0.11552620380982873,0.5497940665624369,0.440920444609743,0.06380705709755478
2025-04-08,0.7848596677041739,-0.17191936465721233,0.6573486029035767,0.5142648642257974,0.09909069759860671
2025-04-09,0.7903486266615312,0.47488161019667957,0.625159698181708,0.2634910281575903,0.06367948573602758
2025-04-10,0.9226399774358945,-0.14049251116234823,0.6538820261439587,0.41072419340433086,0.04996925181845028
2025-04-11,0.8603605397761479,0.3713222146975,0.6348788239012019,0.32378230482850967,0.05929729255461234
2025-04-14,0.8484051654146767,0.040361772363913605,0.5626604072900767,0.37188816840286654,0.00337194394801541
2025-04-15,0.7515611378412683,-0.3922033748388134,0.5252643107949964,0.4535301403339243,0.062366762600069514
2025-04-16,0.838295782824199,-0.3668590947892494,0.6355041555456336,0.40273097076516634,0.0914706972977495
2025-04-17,0.8963683373755507,-0.04741593437175764,0.596125005703611,0.48127185122087485,0.07912079579545406
2025-04-21,0.8517528876588065,0.04502731487572738,0.6441491231000434,0.3433552937987735,0.047890956001417434
2025-04-22,0.8184554945488596,-0.18491011693800474,0.5856861367610982,0.39388509823488627,0.05106221943756767
2025-04-23,0.7905595296550004,0.10751727604709699,0.5618382149213902,0.3472039040428855,0.035370297235585935
2025-04-24,0.8317695061965334,0.02021568957452457,0.653522624267308,0.3208060855516716,0.09764388665377058
2025-04-25,0.8775703414424559,0.20092041308106545,0.5858238035024717,0.3722963205604523,0.038466579722464214
2025-04-28,0.8217083730107386,0.1925195360635359,0.6104123844715034,0.49730672031790846,0.02056947734286666
2025-04-29,0.6981942395998721,0.18391888091707065,0.5938180597167336,0.3073525631638776,0.04465399148085374
2025-04-30,0.9064066974454479,-0.23129686043260222,0.6089312830910704,0.42488469098898385,0.06486934530889098
2025-05-01,0.8826764711313613,0.05216715701916095,0.6332014004438113,0.43802211304248034,0.09147996739269221
2025-05-02,0.805484190808711,0.23871114343543037,0.5207484700450118,0.4206605536272967,0.0018671119769827383
2025-05-05,0.8123755785775777,-0.6153311936575507,0.6141214454681696,0.32608326588721526,0.027766205686848035
2025-05-06,0.9412514984957144,-0.04732684265183493,0.6072396819430244,0.2898055635327353,0.04940554291295704
2025-05-07,0.7582740383356529,0.29641499151803435,0.5642089843148,0.531392162062325,0.003285243156505857
2025-05-08,0.9456094718037932,-0.3460403948442715,0.576541543004685,0.25880026196921324,0.0539563230089447
2025-05-09,0.9074076163502928,0.20436907402379428,0.6125215154902138,0.4770457684174638,0.031683171857028215
2025-05-12,0.9353888548016258,-0.02051246363089403,0.5433944224904267,0.4488761164883687,0.06418016404499607
2025-05-13,0.9075194680571168,0.007335033360031414,0.6681752240399769,0.5426076095477593,0.0518870430280457
2025-05-14,0.8008990380322202,-0.036908470926192274,0.6650297081138826,0.3478171933417704,0.07779247743311604
2025-05-15,0.8221912007537846,0.6253152745499052,0.6950200699496081,0.5103742192544525,0.05275979548040697
2025-05-16,0.8963141354772878,-0.16837428774378657,0.5845783102684019,0.45576894564952275,0.027843331084294144
2025-05-19,0.8760004410816554,0.1073903224813828,0.6084274436932587,0.24385932352371076,0.013162949298778216
2025-05-20,0.903596151314915,0.032962162520819044,0.7136270422120625,0.3171657596414261,0.09665996544621085
2025-05-21,0.8254363382732515,0.1636276032851014,0.5553225051519849,0.46638845787096406,0.05814787723712411
2025-05-22,0.7961561723591275,0.12356695412579305,0.5685935822317736,0.34503518397769317,0.019061948124352746
2025-05-23,0.9383703203824143,0.22571039848537278,0.6362438448527454,0.3032439850492958,0.05120305900428355
2025-05-27,0.8446292523641943,0.31118551707468844,0.6914809426273101,0.3562510922579819,0.05112629247730574
2025-05-28,0.8258128438986502,0.14744467022728994,0.573861556530158,0.5472888213874125,0.029272567413946085
2025-05-29,0.8420776414479203,-0.2899549542482151,0.5503728029476621,0.3123902301958018,0.019093890878833175
2025-05-30,0.8011286238616375,0.33047321455850975,0.5522274439807442,0.4315316571240347,0.08957151009857127
2025-06-02,0.841797374391211,-0.18400639817079137,0.5367487398324291,0.2992772614198186,0.022544933711146065
2025-06-03,0.8293982948860512,-0.2063451515689464,0.5180965910669775,0.39477448032887963,0.04066546434935581
2025-06-04,0.9488468380016963,0.1560154830567879,0.4620261664647338,0.5181992172348965,0.01996073020381696
2025-06-05,0.8465702748240685,-0.2845223001477546,0.5909078636924493,0.43396500300068297,0.055007619418486954
2025-06-06,0.8712138625067163,0.018015174862111183,0.5717747318752697,0.4075096942698747,0.017848243151290157
2025-06-09,0.7856208957306046,0.30299069049042904,0.5988880368894853,0.3869024165728795,0.012261423189372556
2025-06-10,0.7454368437489667,0.2171345760891905,0.5333615146560375,0.2837416538136922,0.09938331978462198
2025-06-11,0.8218678167114319,-0.3262217414363126,0.5689205608501593,0.4447295721262126,0.0719033153708038
2025-06-12,0.8560355007189185,0.3711206007208613,0.527756333566929,0.5641670675864968,0.07253670536327028
2025-06-13,0.798749141014975,0.23076073986803594,0.6745319085978464,0.4712166829717176,0.06449397281986828
2025-06-16,0.8633501688198995,0.016686351524013224,0.610730535917905,0.533944221987898,0.09751440812514806
2025-06-17,0.9048249355414806,0.1700628904229629,0.5888739925962954,0.46568579198581816,0.05163101940258356
2025-06-18,0.8902463199148347,-0.1707938236804399,0.5317300674924935,0.510781158291612,0.018268099669682483
2025-06-20,0.8283555853337342,0.35911801232067914,0.6179149603208078,0.5286614936194559,0.06008511007568157
2025-06-23,0.8049632523427277,0.23666407022273878,0.6014771138499415,0.38601019005643716,0.09636188884623272
2025-06-24,0.9017602572918627,0.043675220616104383,0.45922417711875274,0.36828576303694394,0.01541139150175801
2025-06-25,0.8336344188407372,0.231756173704518,0.6391504889818027,0.39081659514822725,0.03216914007020929
2025-06-26,0.8824295740331444,-0.07472102924122752,0.5427341783972195,0.37698521522889605,0.06530929404933791
2025-06-27,0.8651599940001162,0.00439689592158126,0.7096162046274828,0.4183476448776199,0.003607000230276958
2025-06-30,0.8770601347011695,0.17691015515068298,0.5884309299488493,0.4119594333790477,0.07294422391659515
