Date,fundamental_score,sentiment_score,industry_trend_score,market_risk_factor,black_swan_risk
2000-01-03,0.6248357076505616,-0.027652860234236933,0.5849636452485051,0.5523029856408026,0.0025010755222666936
2000-01-04,0.5882923312638332,-0.04682739138983611,0.6323984111994266,0.4767434729152909,0.022321073814882277
2000-01-05,0.5765262807032524,0.10851200871719294,0.5311244205724436,0.3534270246429743,0.06766994874229114
2000-01-06,0.6120981135783017,-0.3826560489315596,0.46890567732650734,0.34377124707590273,0.008693883262941616
2000-01-07,0.5493584439832788,0.06284946651905478,0.5106051044830571,0.2587696298664709,0.0029797219438070345
2000-01-10,0.6732824384460777,-0.04515526009730714,0.5619352632149062,0.2575251813786543,0.05053552881033624
2000-01-11,0.5727808637737408,0.02218451794197322,0.5018552920094748,0.43756980183456723,0.01988376506866485
2000-01-12,0.5699680655040598,-0.05833874995865536,0.5301629750870049,0.5852278184508938,0.05449414806032167
2000-01-13,0.5993251387631032,-0.2115421857911801,0.6022158534829836,0.2779156350028978,0.058926568387590875
2000-01-14,0.6104431797502378,-0.3919340247759551,0.4955163263147823,0.4196861235869124,0.0006498759678061017
2000-01-18,0.6369233289997704,0.0342736562379941,0.5594535475360461,0.36988963044107115,0.06981393949882268
2000-01-19,0.5260739004816286,-0.14396884167894172,0.5430209441612742,0.5057122226218916,0.015547949981178156
2000-01-20,0.617180914478423,-0.3526080310725468,0.583069251926549,0.36149177195836835,0.033659454511262676
2000-01-21,0.566153899984702,0.12233525776817358,0.619222209688502,0.49312801191161987,0.009671637683346402
2000-01-24,0.558039123838868,-0.06184247517024292,0.5866246208425533,0.49755451271223594,0.06037260313668911
2000-01-25,0.5760412881077355,-0.03713179533276342,0.515529545366135,0.28037933759193295,0.07297317866938179
2000-01-26,0.6406262911197099,0.2712480057141646,0.5680244640276823,0.5003532897892025,0.09731157639793707
2000-01-27,0.6180818012523817,-0.12902395092102487,0.5904670272458153,0.5538036566465969,0.055204063127322706
2000-01-28,0.5982086980445024,0.3129287311628013,0.44217564092388745,0.4821902504375224,0.061851975236424606
2000-01-31,0.6043523534119085,-0.05980147009317349,0.5800058607236508,0.20124310853991073,0.057735214525676204
2000-02-01,0.5890164056081244,0.07142251430234929,0.6500494174045325,0.34817297817263526,0.004582438365566222
2000-02-02,0.5595753198553406,-0.10035140871690731,0.6226539747221345,0.4328751109659685,0.028938796360210718
2000-02-03,0.5735119898116481,0.10265348662267122,0.5824589446046982,0.49686449905328894,0.02327908863610302
2000-02-04,0.5648973453061323,-0.06553242931955365,0.5587126889974647,0.25364850518678816,0.02779736031100921
2000-02-07,0.6148060138532287,0.05221105443597787,0.5806617478268001,0.3765412866624853,0.036483217897008424
2000-02-08,0.5292314628974792,-0.08412906455307181,0.563948618686989,0.3197722730778381,0.02095070307714877
2000-02-09,0.5919357144166996,0.08081017136290769,0.6760627107348638,0.4174577812831839,0.0936654587712494
2000-02-10,0.6128775195361382,-0.014889183153233444,0.48647452972383354,0.39734861245507835,0.060913100566698825
2000-02-11,0.6030115104970513,0.49264842249705726,0.5734451255092259,0.43015473423336126,0.07291267979503492
2000-02-14,0.5982644115147379,-0.23373560752390643,0.642095105754029,0.4751933032686774,0.03794554417576478
2000-02-15,0.6395515973521523,-0.18187749095894779,0.6557035031454957,0.25981489372077193,0.06399997598540928
2000-02-16,0.6293428546900135,0.4380911251619957,0.5366362700156525,0.3433702270397228,0.06846142509898746
2000-02-17,0.604982568254382,-0.10069513082323985,0.5092185121533405,0.40685629748060276,0.07759999115462449
2000-02-18,0.5468848143136947,0.09471848612703632,0.5413581940149306,0.554993440501754,0.0032100243904037763
2000-02-22,0.5608373353831881,-0.06441230324113512,0.630204030714061,0.2769135683566045,0.026774087597570273
2000-02-23,0.6113729967302064,0.26142855085648564,0.5096748548208532,0.41846338585323045,0.09429097143350545
2000-02-24,0.6129941397124211,0.15636457435546208,0.528710476560024,0.26795433869157237,0.03146778807984779
2000-02-25,0.6260970782808448,0.059396934646637214,0.6035796484079383,0.4346448209496976,0.03956319010606643
2000-02-28,0.5659987639210754,0.04645073943220071,0.6071261476390081,0.32856485819736325,0.045885185258739886
2000-02-29,0.6932887255572378,0.0947665841823575,0.5333549013044622,0.465655360863383,0.024662750769398348
2000-03-01,0.5512659164886339,0.15741692074849042,0.6512847065644307,0.317931768164829,0.02627416085229353
2000-03-02,0.6481688064622161,0.08255618538729967,0.6348799576426561,0.5896792982653948,0.08978228836024771
2000-03-03,0.5877305941998564,-0.15074723287149794,0.5497102958868237,0.3184189715034562,0.021932075915728336
2000-03-06,0.5961449145292947,0.06823039496332878,0.6091688435713909,0.4827183249036024,0.050952629367646454
2000-03-07,0.6006500945938953,0.2907068154314634,0.5824575408204353,0.6720169166589619,0.004711637542473457
2000-03-08,0.6312833673882503,-0.1714315112832565,0.5424883159374565,0.44824724152431855,0.06274460417030901
2000-03-09,0.5888268607337074,0.1428000988184184,0.620023758539575,0.39271710873431276,0.04221599667996841
2000-03-10,0.5576603140965797,-0.3029694449371729,0.5743513469525451,0.48563987943234727,0.03816192865065368
2000-03-13,0.6107046872065102,-0.24914775574239761,0.6061985649156882,0.4385317379728837,0.0529114345099137
2000-03-14,0.5558071281899433,0.030745021189105583,0.6007094031145039,0.2857029702169377,0.08607797022344982
2000-03-15,0.6178893680174141,0.11215690527364688,0.6521968334366388,0.5053802052034904,0.07207218193601947
2000-03-16,0.5311165316021454,-0.18756500798302456,0.6240271216511498,0.4513785950912209,0.05369703304087952
2000-03-17,0.6257523843153023,0.7705462981309443,0.6270366853830232,0.5135565640180599,0.06409617985798081
2000-03-20,0.6477000881746601,0.1302782502611596,0.5832927692565684,0.47589692204932676,0.0434765250669105
2000-03-21,0.5613587392731214,-0.04736372134800178,0.5749471148334966,0.4081874139386323,0.09538159275210802
2000-03-22,0.7157329283336754,-0.37345303851834966,0.6336727988832761,0.23872841288103486,0.026338905075109078
2000-03-23,0.5764034067105283,0.21779011939347323,0.6027036811031267,0.29222552220706943,0.017865188053013136
2000-03-24,0.5642348145370015,0.13591954978693518,0.5630865945537317,0.4216458589581975,0.08705185698367669
2000-03-27,0.6022785919951906,-0.13032006952116343,0.7070596805201337,0.46339190223180116,0.06389494948660052
2000-03-28,0.49874287066711964,0.03729086295388553,0.5668295220849378,0.48524333347962245,0.015283926854963482
2000-03-29,0.560373963078365,-0.022947288293379803,0.6252098067524217,0.48657551941701216,0.05393790301196258
2000-03-30,0.5399851796472112,-0.06690024716818968,0.5762399906265808,0.33466707674262886,0.05303536721951775
2000-03-31,0.6882727120140548,0.08099634219219111,0.5369550798157837,0.49178619470547763,0.03241560570046731
2000-04-03,0.7061078098506317,0.2064930521102294,0.5239780773965422,0.3515765927133749,0.09290986162646171
2000-04-04,0.6633455574593311,-0.14153389312375617,0.6220904085230914,0.4774634053429337,0.08316655293611795
2000-04-05,0.5536534764210959,-0.011905071212360016,0.437774165487616,0.297561235866571,0.005792516649418756
2000-04-06,0.587371592430342,-0.2495566363929699,0.6813814453352683,0.2569858622039367,0.09469494452979942
2000-04-07,0.5779977756651508,0.02614811545721827,0.6717331671946005,0.2564137848820561,0.04859904633166138
2000-04-10,0.6581581876077479,0.00204661220391741,0.5502318798646822,0.4462103474263271,0.07606021652572316
2000-04-11,0.6099529847786734,-0.12004337543175894,0.6026474529356084,0.361468640313824,0.012839146449976281
2000-04-12,0.6056758672625624,0.13242613490420935,0.678293679312061,0.2762184501173151,0.05498035934949439
2000-04-13,0.7066516687328133,-0.3904175599045004,0.5912245758025675,0.4588317206484577,0.08724330410852575
2000-04-14,0.6140495933867516,-0.12453990396411876,0.5882142652882362,0.35069990653411676,0.021179820544208208
2000-04-17,0.5705317621527894,0.16992041940420494,0.615804718799958,0.33070904047393457,0.07299310690899762
2000-04-18,0.6449799937716625,0.06145990417532187,0.63834643344484,0.46296288419236126,0.031171629130089498
2000-04-19,0.5585502494538963,-0.11203620803939392,0.6348032745781605,0.4610370265433465,0.06498780576394535
2000-04-20,0.5989549203017925,0.0234654766617564,0.6610430680872506,0.34084286111641704,0.051757584103559066
2000-04-24,0.6273548690585019,-0.04043853048677881,0.5850220122528609,0.509877685198719,0.022469733703155737
2000-04-25,0.6412708174494015,0.16270192720012772,0.6608323721243496,0.4021003841632759,0.05883087184572333
2000-04-26,0.6340976485647482,-0.06205335131869121,0.6114056272705422,0.38698569456323156,0.02202173844515595
2000-04-27,0.6048497982496359,0.11903140508738273,0.5539117787528542,0.609238727568546,0.0631102957270099
2000-04-28,0.5496991309250149,-0.24283772255754643,0.6523405960664681,0.4791662693962936,0.0905420013006128
2000-05-01,0.6312059908526078,0.12566910185285599,0.592581016296841,0.31027456285141686,0.007085734988865344
2000-05-02,0.6037902279096863,-0.13543234230242235,0.6415097121003722,0.38529426184978616,0.06689777782962807
2000-05-03,0.5587251401603744,-0.0642771683305987,0.612948017118368,0.34362754471960255,0.0132311848725025
2000-05-04,0.5588889802216784,0.04873744229838246,0.6040849742571608,0.34930568246288707,0.05710430933252845
2000-05-05,0.5764480847190838,0.04640998747152726,0.5189552497874463,0.2592536225623445,0.07846194242907534
2000-05-08,0.5640777889373781,-0.04268943034236945,0.60540045791926,0.5475356216949552,0.019040991436187774
2000-05-09,0.6428829811601009,-0.031987705992685425,0.5883790179091957,0.29974706353621916,0.04310511824063776
2000-05-10,0.5990743432003804,-0.057731727784027666,0.6049288666572536,0.31727690564476774,0.0467024668036675
2000-05-11,0.6259673257120586,0.3065477826005156,0.5828065620988634,0.44017117220989416,0.06733645472933016
2000-05-12,0.6345071995855556,-0.08024409437716726,0.5988895073101665,0.40125924007817954,0.009841787115195889
2000-05-15,0.6048838049274415,-0.1546019567710933,0.5871651025773683,0.44979982912454497,0.03393026053949632
2000-05-16,0.6725571803897521,0.19185416521704138,0.6929954506544587,0.3232652437111951,0.024865633392028564
2000-05-17,0.6436160318360339,0.03666840114767035,0.6942127517663275,0.3191701714644849,0.04486135478331319
2000-05-18,0.5580139078909612,-0.11987852908880443,0.4779038212390328,0.3474244978319239,0.02785451446669405
2000-05-19,0.562043366922315,0.030078757295241527,0.6005523182659209,0.5876170839215886,0.09232655992760129
2000-05-22,0.6475211919093025,-0.11538073113248062,0.5365828709818006,0.4491919171506506,0.08613491047618306
2000-05-23,0.5339883396489679,0.36629175317087076,0.6398030666908463,0.35308243478952955,0.005058832952488124
2000-05-24,0.5143432735454561,0.2707744748330826,0.5744224010908427,0.5237816311973462,0.0836027585079952
2000-05-25,0.5202786170602816,-0.11987500459075458,0.579720989347524,0.40469805937647424,0.09263669830081277
2000-05-26,0.5774967264260378,0.12456998646949975,0.5253784765664692,0.3857620514978707,0.0166311110603914
2000-05-30,0.606014781585595,0.10288776681174981,0.611460019417104,0.2875357908162131,0.021374729919918168
2000-05-31,0.5232942914632188,0.2555353643797018,0.5917552365879448,0.32515134634434467,0.0058635399972178925
2000-06-01,0.6775575987761261,0.023134926858571735,0.633357216475307,0.4067518481410109,0.0985308843779726
2000-06-02,0.7030373962440993,0.3510681684886409,0.5611897530403602,0.4971570950954356,0.07840706019485694
2000-06-05,0.6322687974792573,0.27372631150646975,0.523087531130491,0.46860514599984393,0.042300748599016294
2000-06-06,0.6529212243424793,-0.35174789728462286,0.511389762101063,0.19607678222398994,0.09954226894927139
2000-06-07,0.586529658277772,0.14350845115919247,0.6448834420430473,0.4074094780419775,0.0718408275296326
2000-06-08,0.6814307772785646,-0.2760202916429783,0.4838035202184695,0.39444523011033816,0.02967078254945642
2000-06-09,0.6192032724469654,-0.006538949618818623,0.4648019756221515,0.3910879960487212,0.057918029081625626
2000-06-12,0.5347765249747574,0.1339345097660077,0.58407699334129,0.30601202136726446,0.07479755603790642
2000-06-13,0.5743066541331653,-0.21184270437779032,0.5617944860045274,0.49551423205012385,0.058417759445897124
2000-06-14,0.5507136976832228,0.10080930310356889,0.5375925022154739,0.3207127167737656,0.08527198920482854
2000-06-15,0.594648482002272,-0.20704846448387482,0.5355956861228438,0.2802122107411152,0.09607789032744504
2000-06-16,0.6982362566458195,0.007052710394345723,0.5274607150280591,0.42139799107342224,0.01858249609807232
2000-06-19,0.5943835975154584,-0.0441939199066446,0.5906407321461798,0.4757507710047305,0.06752125536040902
2000-06-20,0.5734749426194736,-0.11516364812893601,0.5453354045219866,0.16980788352644152,0.01198866139471242
2000-06-21,0.5242404468900723,0.27337485348890495,0.6404892780079241,0.3750963960443622,0.02462153477886249
2000-06-22,0.6288278481527882,0.062250030908707225,0.7113353970962885,0.5119574911434577,0.06193815103321031
2000-06-23,0.5936041204259617,-0.19110808812008517,0.47621731777995935,0.42034636358672234,0.058367228929122474
2000-06-26,0.5621824627357848,-0.28445074191953484,0.5216452207840547,0.29184519963856054,0.09347062577364273
2000-06-27,0.6843570817536282,0.1763279513898901,0.5527172869018854,0.5479944138890026,0.07161918007894148
2000-06-28,0.6038684153823809,-0.17225684026565274,0.6284132547521815,0.4538910043684659,0.03957858467912545
2000-06-29,0.5481376922836771,-0.03806773561672164,0.5076166022427727,0.26172002690356644,0.029999707979876222
2000-06-30,0.646308877376582,0.38188332809402614,0.480609186697219,0.4562969236690571,0.07518644924144022
2000-07-03,0.5674678715439087,-0.09742507675293921,0.5183380842108918,0.3136009230320184,0.04582855226185861
2000-07-05,0.6024260813972413,-0.16619002328220756,0.5597633624682541,0.3949761890550863,0.09960964478550945
2000-07-06,0.5880525976566795,-0.18151273240831958,0.5165448667868139,0.47553912258257564,0.02131543122670404
2000-07-07,0.625045859381219,-0.19551104895971022,0.5494943268390156,0.4751387123371789,0.09332593779937091
2000-07-10,0.5165297359439314,0.10867203847598701,0.5088400848229581,0.457059866859316,0.08792702424845428
2000-07-11,0.5618370421728741,-0.3609764201329038,0.4597464206464902,0.4048084946661382,0.0157746832357232
2000-07-12,0.6129861250860741,-0.18086332502088173,0.5722080619364857,0.23384799377310403,0.0703539925087371
2000-07-13,0.5966960100676342,-0.24220323995249135,0.5068444068307831,0.40473986713164145,0.09872330636315044
2000-07-14,0.5569793317358024,-0.07691110884596508,0.5889117518996461,0.3423108130476851,0.0007823107152157949
2000-07-17,0.6417846056032571,-0.22594137093152364,0.5625912519258252,0.5441568620657901,0.02993787521999779
2000-07-18,0.4764177749936355,-0.15937905109409536,0.564130525269687,0.37969546139570076,0.0938930003927104
2000-07-19,0.6185572936685654,-0.12079703734316412,0.5387866409614699,0.3844322764607921,0.011542867041910222
2000-07-20,0.6583891030829904,0.050884168660242625,0.5505221167476554,0.3588123033877533,0.055322364088481596
2000-07-21,0.5756196887963753,-0.08651163756392419,0.5525542634190954,0.35790155191797374,0.060482982703022395
2000-07-24,0.6144887428448206,0.4150801597290878,0.5739883433435333,0.3673976467832159,0.020359731232745294
2000-07-25,0.6600606961081972,-0.08161507460431028,0.42773729897339474,0.2991913689082596,0.026398390163040943
2000-07-26,0.5064604039487072,-0.07030269680826173,0.5297818860603437,0.5676437312275283,0.09053364910793232
2000-07-27,0.6163463686882081,-0.04382010576177285,0.5695549429085486,0.1788864690992115,0.009229846771273342
2000-07-28,0.6117807279054283,0.15417303877739338,0.4533855334094407,0.514375404320693,0.02766802239722517
2000-07-31,0.6169248203747206,-0.08305758278016026,0.5566856631708876,0.6270692857804396,0.07711192230196272
2000-08-01,0.6090933127529248,0.04964411726006722,0.5013369049575224,0.31501556305352085,0.02619552624343482
2000-08-02,0.6415167908272122,-0.17121676518177345,0.5271492454431732,0.35223425532348834,0.05516804211263913
2000-08-03,0.6239489912873196,0.06673242105738966,0.5747217352287234,0.34899836011452534,0.0009669699608339966
2000-08-04,0.5865062532353315,-0.1957527431564615,0.499911915124555,0.4377300493044852,0.0883106393300143
2000-08-07,0.6378494308322675,-0.1844330648355251,0.5635027214293006,0.5355637858804951,0.054559028920552234
2000-08-08,0.6206717451611851,0.3753591625116132,0.4806490487298339,0.27553452966885833,0.058250956648979405
2000-08-09,0.511063987554786,0.2992088622978366,0.5513819479922863,0.3944415329089545,0.012744551928213877
2000-08-10,0.613998431315991,-0.2250978094596753,0.6402856935706238,0.4129221181975228,0.08989814887425901
2000-08-11,0.6054697397302446,0.14515332477973839,0.5413924554704892,0.42238840242791315,0.08607025820009029
2000-08-14,0.5604762772277344,0.09429367142719915,0.6095336630132814,0.5345420046154978,0.021007653833975404
2000-08-15,0.6796593313319699,-0.10224313528623703,0.46533588861312036,0.3874213079900352,0.010279362167178563
2000-08-16,0.6027862456144347,0.21883830369418972,0.42958700105012587,0.5529550319460614,0.0884134701451009
2000-08-17,0.5920996050710505,-0.08537621398948401,0.4630097074506705,0.23451433281342307,0.062066151015071284
2000-08-18,0.6411585291980957,0.014663593437680778,0.44853234183315116,0.27049212279363843,0.09298810156936745
2000-08-21,0.5832107650354935,0.3338043050578786,0.4983635161532896,0.2496857046881894,0.0976206032930963
2000-08-22,0.5877128467957028,-0.0545447139495341,0.37595897701877545,0.3945705133482188,0.08814162046633245
2000-08-23,0.5884532734895661,0.13924127296268368,0.6027229382889374,0.5126565029547758,0.07365644717550822
2000-08-24,0.5865555654722584,-0.22130518174833408,0.6384267033070758,0.4059218434014488,0.09308158860483257
2000-08-25,0.6006964645956473,-0.004825017422000656,0.5191584388300888,0.3855639588076058,0.08640640283752794
2000-08-28,0.5713168996559882,-0.10937178824807843,0.5061759235377365,0.34565752288662355,0.026680570959447203
2000-08-29,0.5643577108661417,0.02128604553837937,0.49460930304048434,0.5503992988582689,0.010809562640295712
2000-08-30,0.46745150958034937,0.21830137038449238,0.5692196188047389,0.19266097675918506,0.08585932513377817
2000-08-31,0.5828656202959825,-0.0742881731991583,0.4361097191506806,0.3222183312409125,0.0816586605596929
2000-09-01,0.5444712077267085,0.35045408868472455,0.552852044949323,0.5271555094994159,0.030519086733860057
2000-09-05,0.6360836032021617,-0.22581035424344587,0.47830457566777174,0.44893745612279184,0.022759548740777038
2000-09-06,0.5388936095554027,0.14259968603447762,0.492163298257376,0.3625179192450403,0.019312978832770868
2000-09-07,0.6355479984101745,0.08885266229720795,0.48579379806081086,0.5159329803364249,0.08643529420302865
2000-09-08,0.5459468336200051,0.12318712138885275,0.5331733663000058,0.369045356068601,0.02791249927218714
2000-09-11,0.6163066511121059,-0.2502227152770606,0.5488311364981509,0.3815097863557011,0.03996783843600609
2000-09-12,0.573863848974048,0.20980184516737788,0.46714435086201955,0.259153870363644,0.053621573247872194
2000-09-13,0.5221685413238047,0.12120199026912792,0.4380859146038026,0.5754794181984365,0.01153417518514276
2000-09-14,0.49590352960581385,0.33929127365800765,0.5124182746243235,0.3903286888129608,0.017856781617246364
2000-09-15,0.5727540456595525,0.07982722287041417,0.4997599283888711,0.5103301882016522,0.026546636252296862
2000-09-18,0.605711382433102,0.03006035229237552,0.48286994570226066,0.3943054376278933,0.04345637585646444
2000-09-19,0.615390088444603,-0.34203367853132516,0.43347314585236824,0.47432640940227155,0.031367731419499126
2000-09-20,0.6085432719063971,-0.03679666727053583,0.5016505089386721,0.4347581705361671,0.05114230596694781
2000-09-21,0.5730120159845319,-0.15566094508046255,0.510382050505177,0.30216272223849683,0.057658804349659955
2000-09-22,0.6204126377857235,-0.3405167208475681,0.5519231663582042,0.4472597482413043,0.07087852838341706
2000-09-25,0.6128014867156938,0.19653819678910278,0.5834539710321927,0.5014370065018131,0.09255751654990828
2000-09-26,0.5079562884334177,-0.2559153933471403,0.46887372647971026,0.4026091050210834,0.07194299991448455
2000-09-27,0.6258829510234561,-0.14514876263069312,0.509402162019834,0.3244617067646678,0.06706285044329995
2000-09-28,0.5694241098504026,-0.2813322193696445,0.4538661068398555,0.2648315394383667,0.006997381112631019
2000-09-29,0.5512063373511333,0.21072835932156792,0.45253655764031,0.6632382064837391,0.03302000360425964
2000-10-02,0.6246658950440445,0.036967224738974784,0.4571135784482395,0.47003098794089915,0.08480152795063356
2000-10-03,0.5712181086881113,0.02440196292907229,0.6280735968092411,0.39039401002753504,0.03003222682112642
2000-10-04,0.6574636663142838,-0.1406352850251775,0.49837262308620883,0.577080063563551,0.04083929086192169
2000-10-05,0.5686516471106116,0.36248971159938576,0.5355770817876574,0.34375332241057327,0.029565520252594703
2000-10-06,0.631620386952776,0.194510889925346,0.5313621602623282,0.24297752801095437,0.042044633377290835
2000-10-09,0.5636431412087566,-0.04950372711030095,0.4968846955632456,0.4620672097550678,0.06773179452727329
2000-10-10,0.6088850500466627,-0.26706887174202026,0.5197571089592231,0.46105857452838234,0.06155149159513806
2000-10-11,0.6279895223965519,0.21615614511092437,0.542598748218113,0.4459180079228437,0.054793721313569826
2000-10-12,0.5964917144270676,-0.3321921867031983,0.5225535042276191,0.42076876871631114,0.6434568584344635
2000-10-13,0.6135789418597687,-0.2553497151640619,0.4472041974377162,0.5053152853332904,0.0579984781195682
2000-10-16,0.5980222423071673,0.13630013947452488,0.5033125401816159,0.40297561394957454,0.046498819024701425
2000-10-17,0.6469141902987998,-0.10320894564347478,0.5069444166808836,0.3537724711294958,0.02137014009891003
2000-10-18,0.5782751886283842,-0.06183442469372788,0.5135009858982802,0.3521251378336523,0.09011808258282543
2000-10-19,0.6627878062786761,-0.17892146044390078,0.49332072188461273,0.35602689417258254,0.016969139619805475
2000-10-20,0.6723488942176866,0.03931095530231493,0.5545405452361758,0.2514439626963028,0.05154520099152165
2000-10-23,0.613352513293463,0.17792615912468743,0.5079977435823185,0.5065480375065352,0.03351882554098009
2000-10-24,0.5741355774949813,0.281869488037116,0.6191676125320852,0.36371614395603413,0.07511381375407322
2000-10-25,0.5777248739299614,0.2906768954235402,0.5835540221079102,0.34771399728467317,0.022464066599728827
2000-10-26,0.5789906591452071,-0.05635692177210144,0.43771903960547837,0.3081348053515802,0.002442538772682634
2000-10-27,0.5497929616623966,-0.1535595130208257,0.5035868046394611,0.4234214732536521,0.047513634421880516
2000-10-30,0.6775250246407039,-0.1996708081477582,0.5557544791009553,0.37860111557744913,0.007282822918456911
2000-10-31,0.5975268145173783,0.13496389843332077,0.45083391410937923,0.43824097461840505,0.06297653807377138
2000-11-01,0.6083226104106528,0.09849025280162982,0.521872836658045,0.6455300139910894,0.0696354250490505
2000-11-02,0.5681130007874342,-0.10619939100036353,0.4767143691794316,0.34445228808397454,0.024398443957843886
2000-11-03,0.5681306436346741,0.23780330622151036,0.5793660654700339,0.3429253706250524,0.000554481813803176
2000-11-06,0.5583822213447885,0.09428311127728083,0.4822114653592559,0.4632931817755511,0.07700461885740251
2000-11-07,0.610146151042565,-0.3031488229994464,0.587715775869244,0.5795877673095522,0.042514619394273416
2000-11-08,0.5693605654757806,-0.07754031198719684,0.525163419447856,0.4334456789987025,0.09579660422795398
2000-11-09,0.6329272136336415,0.40204090775326995,0.5025640017979585,0.3201702755461546,0.005021838514064092
2000-11-10,0.5310340385992736,-0.14618600798838383,0.5103076467884896,0.5794557863517789,0.08483363473516597
2000-11-13,0.5741194350481914,0.044757590327779706,0.5128676094661547,0.5188393273448084,0.08014166017222646
2000-11-14,0.7263466212936811,-0.10617375458406414,0.4898134220106337,0.5044160877069073,0.0987892453066448
2000-11-15,0.6340945744813156,0.3693414651472067,0.5440890117960633,0.3640707909212941,0.0950039608443156
2000-11-16,0.6295327415346155,0.22174071611658155,0.5565343088265888,0.4507274031107298,0.061265232276176286
2000-11-17,0.6533337344794576,0.23385911808913457,0.5852459526423289,0.46487098875896427,0.0504778164824402
2000-11-20,0.5916440959841572,0.029342737286664568,0.5784062253666847,0.3183064329012764,0.054787195061082844
2000-11-21,0.6184336654436451,-0.07866776246547214,0.5201847587162189,0.5278451862607298,0.07436554421595849
2000-11-22,0.6095549534009952,0.009287309631229762,0.4514306991610488,0.4746253566027221,0.025919154846501938
2000-11-24,0.6322742090570538,0.43265094466109205,0.505413513259465,0.4219150327663939,0.06376614367761563
2000-11-27,0.6124691841855378,0.3154906559526949,0.5181703007754715,0.42790215257703396,0.052129981282798214
2000-11-28,0.6303948254858269,0.03732182463127162,0.501340581631946,0.4194089992898308,0.02745974469175383
2000-11-29,0.6536815874929885,-0.20530305988221206,0.5310457247917707,0.32998791850608267,0.02857281508631525
2000-11-30,0.6597523314462421,-0.30463738095675497,0.49719370371407373,0.4377211875064521,0.03197095684187623
2000-12-01,0.678276201461717,-0.01315005221459756,0.49812973127052246,0.588115706944059,0.013837406151615573
2000-12-04,0.5275993049791878,-0.4397611913240164,0.550182074297437,0.3497945775647389,0.06939498122990523
2000-12-05,0.5489383591434643,0.14167128945987068,0.5411484852587772,0.3435921369263272,0.006422885071387808
2000-12-06,0.5359847800664552,0.17449146565602894,0.5622518327768953,0.39008241362206175,0.05426111405039154
2000-12-07,0.6923318498023833,-0.21401695326523051,0.454254834376503,0.33080919301187556,0.020683438951441025
2000-12-08,0.597720699182225,0.04866788986453837,0.51926437023653,0.4352055396514297,0.0904838478340177
2000-12-11,0.5374230287904778,0.2887529208146519,0.5296360609303762,0.5117295831588128,0.06955229864979681
2000-12-12,0.6171362673188852,0.09135064383075679,0.5630477399482975,0.4447708560017315,0.07655945761180695
2000-12-13,0.6321361379933772,0.2658305060264863,0.5452057596375197,0.47090037575885124,0.0005896083583993073
2000-12-14,0.5955132152856386,0.2880234430898946,0.5023847376468885,0.5800940432910816,0.07534751250593859
2000-12-15,0.5979921024677828,-0.28615502042360963,0.5434383074467692,0.3318948342525119,0.09534303384701064
2000-12-18,0.6420321774494362,-0.1305247958604782,0.5172321530569433,0.2110459269054469,0.07475156689780509
2000-12-19,0.5773846840375462,-0.48477586532579137,0.46118878356375914,0.4760414656144298,0.060325258894124136
2000-12-20,0.6392900079325416,0.08509151235699296,0.49288056315332546,0.395228864385802,0.021942163462143616
2000-12-21,0.5998198730454716,-0.23167293783850856,0.6172473263403158,0.4877362290575672,0.002902481994671524
2000-12-22,0.5889517913085168,0.005377167798906156,0.5533469370129807,0.19582651315757094,0.06791418850283497
2000-12-26,0.5876411308739702,-0.13639684959955972,0.4962667400947019,0.3718899707114045,0.016504473120350884
2000-12-27,0.6898843263424761,0.12816857225340197,0.5186471126655916,0.45725827813561587,0.01276277972811607
2000-12-28,0.6699677718293001,0.18492673658255376,0.5510467289871824,0.3353063222294426,0.002696645190513769
2000-12-29,0.6349111656806795,0.07869707708434992,0.593684592364346,0.463517180168197,0.056439198302477414
2001-01-02,0.6624776357659667,-0.1070470423121136,0.6175896063123967,0.41975996046923997,0.06427496480093357
2001-01-03,0.7137630436312633,-0.13783756361791358,0.639377408501733,0.4197910783462648,0.04616984440515118
2001-01-04,0.5774290998192776,-0.09677716681086432,0.5374204050143411,0.4424165946401917,0.03791038641881396
2001-01-05,0.636141774401775,-0.1147400007877158,0.5530775756000176,0.6142270358611864,0.03268458048813085
2001-01-08,0.6963771585050356,0.08726473393480642,0.5587594441112401,0.41200313267182614,0.03791262155641363
2001-01-09,0.6406758986365209,-0.20455851303968112,0.5448413755069672,0.23314159261224107,0.08319242851552727
2001-01-10,0.6299611561302639,0.1294391879405482,0.5343995298655413,0.5573986763290033,0.008190623276164256
2001-01-11,0.548711716849883,-0.29287497604196405,0.5706275618085885,0.5047098302612155,0.05394190479225337
2001-01-12,0.6941963845728935,-0.09177685257378801,0.6141823473700396,0.3961491530499293,0.03499603437201839
2001-01-16,0.601368635002959,0.1767319874973345,0.5962049808442279,0.24236078430157507,0.07812330496108949
2001-01-17,0.6838270174862948,0.2760182708294903,0.5331363969599995,0.4395803533437409,0.07542332040595262
2001-01-18,0.6347015093141369,0.052134753164781424,0.5377207039631872,0.33283766320619484,0.019936068236253292
2001-01-19,0.6087222964504277,0.23454580385187296,0.5932328904389852,0.3629385667913894,0.015238234578479039
2001-01-22,0.6485849355324173,-0.5697085241260151,0.6259124691909743,0.22602862212219005,0.06694588446199107
2001-01-23,0.5918779529298434,-0.2239339789252288,0.5045365941866711,0.516082678737852,0.021796454090650366
2001-01-24,0.5866149399344054,0.06930077634614316,0.5677154203284159,0.44770408272231216,0.07668980983562408
2001-01-25,0.6138410945530127,-0.25659844483771393,0.6206596350387935,0.3506243416838688,0.06072474938909317
2001-01-26,0.5321709050670125,-0.08562303219318251,0.6466629596384146,0.4850221742113493,0.011453287137889769
2001-01-29,0.5925673932796071,-0.06985154086368577,0.5578399384518661,0.6076747983560842,0.09647207730340877
2001-01-30,0.6290967726115777,0.08600832943821393,0.626187579785454,0.42387891590265137,0.002567842549746602
2001-01-31,0.5970478927089649,-0.039269969816995653,0.5718377589261724,0.39627777634901584,0.06773472868504088
2001-02-01,0.646381477181849,0.010389177161459887,0.6127867190282356,0.3919283419891418,0.03966544415166273
2001-02-02,0.6139317595158045,-0.39964013690642153,0.6227002525721549,0.43464884758979927,0.007599647784305996
2001-02-05,0.6599005054929826,-0.5792510756387379,0.6834414816294914,0.3860410371844826,0.06272423956010445
2001-02-06,0.6654091408368759,-0.20798118542510619,0.6103575030823777,0.2946584436826344,0.07724808849512241
2001-02-07,0.5788115519652097,0.38280627077335727,0.5708719549565098,0.4217432873179723,0.06004116148168442
2001-02-08,0.6535033865344377,0.09913637759452093,0.5886052897705063,0.43649610024662255,0.09838443515146714
2001-02-09,0.7301707792619138,-0.011523759406717078,0.5918083680100856,0.5050654396007612,0.0347203765308449
2001-02-12,0.6652762966478992,0.23740606111207604,0.6156399841841901,0.28569950872695166,0.037057087621805616
2001-02-13,0.6916715766150547,-0.2292690786037376,0.5994655722792095,0.3245724149980642,0.03412311748612832
2001-02-14,0.6067930826703504,0.06575248206069609,0.6010218258007916,0.4421920754235285,0.08223309180900581
2001-02-15,0.6906855634529323,0.09070686030279597,0.5733559558341583,0.49640871682883575,0.09607875672145787
2001-02-16,0.669473524446232,-0.2455215630273985,0.6160330897646799,0.47011727423108984,0.08287073110024583
2001-02-20,0.5951218248320004,0.2751413626623239,0.5809487636113196,0.4125576453471542,0.04354871450076771
2001-02-21,0.6013464087858065,0.003115809516293507,0.5341818717760758,0.25599491174057054,0.09654737312380778
2001-02-22,0.6897252531612486,-0.16939226966366558,0.539958552372762,0.18466098863962854,0.0808199218806756
2001-02-23,0.5780519126155249,-0.2646179586814997,0.6721497745557331,0.5009817089342634,0.048349750388319616
2001-02-26,0.5755924827411139,0.4504871610688618,0.640628125190186,0.36751686164913777,0.07310262143051223
2001-02-27,0.48502971425632135,0.45818851451814835,0.5225337801422126,0.23546012530431082,0.08517131600193319
2001-02-28,0.661128521600482,0.48795048126785456,0.6616861648996,0.45639091200523596,0.00866628980556744
2001-03-01,0.6397377170832643,0.17068311175606155,0.6308665056539329,0.4281191423969376,0.0243863439190956
2001-03-02,0.6152100551975938,-0.012518625579904484,0.5556566981707267,0.3719324923133226,0.06103317042305206
2001-03-05,0.5253521592902307,-0.01966792535894998,0.5451524543822985,0.28964106827842295,0.0028699997770089583
2001-03-06,0.6189947075576739,0.2784004572689199,0.640880639877767,0.2429499396376823,0.01818398571576918
2001-03-07,0.5605185931714831,0.1881542375976432,0.5462099339279745,0.3775366850002976,0.07978323568280965
2001-03-08,0.6375026049512276,-0.19366889097272708,0.600959157789631,0.26659745050817957,0.08803199797582255
2001-03-09,0.5799316178024393,0.06395638682850739,0.5163832541639287,0.4440474737960399,0.02762685757561849
2001-03-12,0.6090181100536659,0.11049799088342956,0.6081742060008862,0.5364140429973845,0.09480625777770313
2001-03-13,0.6162612251323953,-0.0858811082250506,0.6033808774972709,0.45432980290363884,0.07200746641041943
2001-03-14,0.6124430035162852,0.008118338240776476,0.5624399342327914,0.3337099082449052,0.07581646534824665
2001-03-15,0.5398697364100153,0.3499153486373879,0.5356058054226397,0.3307094802204093,0.06459028997409523
2001-03-16,0.5740796367215402,0.17898487538888827,0.5832967873632736,0.5247742072673734,0.07929328681323175
2001-03-19,0.5763254687878065,0.055798832444760395,0.5569272591327619,0.6145149127773388,0.022159640047253015
2001-03-20,0.5506200790485244,0.061964142045405506,0.6305714982706881,0.44137990974514985,0.03062060301300884
2001-03-21,0.6007356170561146,-0.025964139946685234,0.6012468050875411,0.3852997998371512,0.04732604887595248
2001-03-22,0.6581939558397455,0.44210460031827026,0.5713407029745601,0.26301970204209224,0.04255038127052148
2001-03-23,0.6055858975824372,0.5159418675308637,0.559176060966064,0.5639116805444068,0.033079129719593016
2001-03-26,0.6938850407038221,-0.11071764834159892,0.6281546471943759,0.5628396623128539,0.027091642697619635
2001-03-27,0.5910436129506256,-0.04071607202047236,0.5707073059780708,0.29852432693071335,0.012065588475230583
2001-03-28,0.5775361227466996,-0.24478805335245132,0.6015666494668286,0.32300267689413587,0.011955474125505284
2001-03-29,0.6216892955895373,-0.3111791292407255,0.61646285693408,0.4833528961608925,0.0762189609484103
2001-03-30,0.5103132178714272,0.07481131396951443,0.6613438924270634,0.2790358981308795,0.021638463987860568
2001-04-02,0.6936286193418851,0.08380380187320904,0.5647459105018899,0.39442309223422944,0.07245850010930516
2001-04-03,0.6379163456260861,0.015201078282482301,0.6269167338997133,0.3079326406920634,0.052463686910860785
2001-04-04,0.6184680412018039,-0.28274289938099606,0.594385272626808,0.30960923585352107,0.010052610809079078
2001-04-05,0.5732235028705117,0.2472186350420875,0.6544649431454934,0.46091381209071774,0.02274831634825547
2001-04-06,0.5553843617663711,-0.06328168993896038,0.6604924174900288,0.4141716913639905,0.0014148367256063832
2001-04-09,0.7259664769990847,0.07866356787887438,0.6091658831634379,0.3690883535797499,0.027431132678326732
2001-04-10,0.6166770452391142,-0.030493967276108782,0.634848119155459,0.49567023167945845,0.05533589667986083
2001-04-11,0.5707005269746025,-0.2662465907115556,0.507497043761915,0.4507991326912544,0.012627949295840891
2001-04-12,0.5548316696913063,-0.4305781185904966,0.6185862789126557,0.6492999517432791,0.04908786945237789
2001-04-16,0.6096964544230054,0.16769815489032838,0.6025040054332119,0.39011103468088576,0.05740642196263323
2001-04-17,0.6559538241493884,-0.05805490883773027,0.6115599868604318,0.4321697806196014,0.04404687981360103
2001-04-18,0.5765954773178475,0.19840846990730457,0.5892059566669352,0.32442548405071553,0.005137671718357784
2001-04-19,0.6368254921785201,-0.17969359635820747,0.5991123853713485,0.3990881003355797,0.047772918726568775
2001-04-20,0.6642947782915789,0.09493964657599056,0.5961872463847402,0.48177662992002873,0.04007074422519398
2001-04-23,0.6795103774508656,0.11156206127037245,0.5970781328127789,0.26881637676498404,0.06294457069519983
2001-04-24,0.5567443168462314,-0.06104494087093353,0.5657645186084613,0.38130286970145544,0.014919758447365518
2001-04-25,0.6128324962448554,0.10593855087134617,0.5923811335112673,0.44865016438262023,0.03038355118422277
2001-04-26,0.613223720740506,-0.3950933132707743,0.5485916620756954,0.3855912444278385,0.01184515622114616
2001-04-27,0.5495152628579446,0.1199857459992409,0.6717348512633049,0.5218761851697317,0.06063176512429628
2001-04-30,0.5993278564534896,0.29814522736999044,0.601467515681613,0.36629140288819606,0.022568713706503464
2001-05-01,0.579329866822953,-0.06049393729762567,0.5742113619131867,0.4170416222375488,0.04505144648887543
2001-05-02,0.6180286990524932,0.000609204030682894,0.6150402634265043,0.5190646274786341,0.08601666658261801
2001-05-03,0.6574777067720662,-0.2969795936899807,0.4650576686843869,0.4934319911239274,0.03053802443193604
2001-05-04,0.5416560650792289,-0.04495308037853671,0.5337957931016188,0.21980195624199805,0.06096309122451304
2001-05-07,0.6370731364102394,0.1518310320605294,0.56204452905491,0.14089577078550902,0.0947590200325378
2001-05-08,0.5826877775873759,0.0783608010805093,0.5164229587764111,0.4183359919779156,0.0211025195305393
2001-05-09,0.6092345075413502,0.11585829992021768,0.5958340980600675,0.30269310591184445,0.015705709338087716
2001-05-10,0.6698285750832246,-0.03170591460539401,0.5879646013288335,0.3066732040926804,0.0075064868901167925
2001-05-11,0.5878358874404245,-0.1769605428053802,0.5801456356441781,0.5711708480142343,0.04505037046177024
2001-05-14,0.5414049428534322,-0.32271227957534826,0.6606725617290297,0.37906763228481344,0.02912592890310276
2001-05-15,0.5765463630670041,0.2079809374792153,0.5562514478590814,0.5826009713546937,0.07069558298790334
2001-05-16,0.6438962935669634,-0.09758228162914054,0.6938050045276963,0.33942850769966615,0.04540313264070433
2001-05-17,0.6471047686004653,0.059858516081298385,0.6504233922488207,0.5561511196726853,0.09239110444825488
2001-05-18,0.6116002074532884,-0.15068357406923671,0.6077212122523996,0.3322284630247894,0.06250580071642219
2001-05-21,0.7106693623763312,0.02730706621654749,0.5645544512442916,0.41846803058649085,0.09336684584455134
2001-05-22,0.5426436855235152,-0.1943228077021303,0.642187521417446,0.3343105721028604,0.05445623787105787
2001-05-23,0.557654450865903,0.10733055050545724,0.6407888122823683,0.4718953310665067,0.09084114452126062
2001-05-24,0.6598023842902908,-0.15135901771389215,0.5097405273176898,0.5501333651955487,0.007140983685581415
2001-05-25,0.5938660080578932,-0.05016660329100947,0.6465591004459265,0.455623000940066,0.030761181261423257
2001-05-29,0.6327943886040803,0.4330004689802168,0.5451596521244226,0.49278401280812373,0.05692070493190924
2001-05-30,0.6128506562448542,0.053718455772651386,0.6530347782629986,0.45078357562896243,0.012435365817470824
2001-05-31,0.6369148039524817,0.21450146746196044,0.5576316390355153,0.3160790332660994,0.06997336849757173
2001-06-01,0.5577595402989484,-0.39327131787520037,0.6779498924859814,0.28967916342783173,0.05004721771179256
2001-06-04,0.5989373188207114,-0.05536265997778414,0.5882469036941677,0.4815737212539297,0.008044185189930098
2001-06-05,0.6530236744179873,-0.1166154877137877,0.5637523219090331,0.42825799504883,0.04320286641607726
2001-06-06,0.5975654436908227,0.32146911520399857,0.5958824517414089,0.47348777860498176,0.025036790241200393
2001-06-07,0.6431440634333706,0.234694771497065,0.5796037656695371,0.27031680520441537,0.09619111021928367
2001-06-08,0.629984397587632,-0.1302713787583658,0.543334755350758,0.45863640187550936,0.057519910921993045
2001-06-11,0.6719141535716817,0.00425431534721233,0.5828117916891621,0.5702214944635238,0.09995724168774514
2001-06-12,0.6220376589744284,0.520336622836079,0.5948365436716615,0.22392372408441824,0.02695110259670539
2001-06-13,0.6476670810552266,0.07623167697655556,0.6302347187405849,0.4673181351269959,0.07562688304125571
2001-06-14,0.6030772008008113,-0.24485964725787315,0.5544772780038848,0.31494795457907,0.06515094894336863
2001-06-15,0.5809738275097639,0.11771568088412193,0.6476006083516663,0.4394671529822981,0.018148914722312594
2001-06-18,0.5502058468982408,0.08892053364402815,0.6214437205327361,0.33902170956806177,0.06347847194540869
2001-06-19,0.6032991416663541,0.0029376389458394187,0.5215289500982245,0.46482804338438594,0.009124240629382718
2001-06-20,0.6039525925696109,0.08390648878140555,0.5155577882539035,0.35625416996765896,0.033330839366509206
2001-06-21,0.6461190678913885,-0.0745666304183534,0.6454361819412391,0.3600363814385398,0.08577330944003526
2001-06-22,0.6212342362875943,0.186518166374618,0.48732260568620833,0.22391911880192242,0.06936736739834325
2001-06-25,0.5337171842714953,0.2525168206854364,0.5280930684346752,0.6558199285668252,0.09451935395632106
2001-06-26,0.5817876200671306,0.036910260639407395,0.631936132722454,0.6006092888159124,0.05500966089717829
2001-06-27,0.7130751788318199,0.2416732461186285,0.6051769912867542,0.45925269492011833,0.03145171571701679
2001-06-28,0.6489180538083319,-0.11023714326570669,0.5122059747966009,0.3996625542589048,0.09701847268085773
2001-06-29,0.6014907688737535,-0.09064560986545504,0.5870764232615343,0.49553052085705107,0.05145962523291051
2001-07-02,0.6144203443145924,0.2955060162110524,0.4925930010834196,0.3806340540720282,0.0657660386483129
2001-07-03,0.5741588839698597,-0.37330732341461204,0.5446834093456034,0.38782524916167166,0.041324757079932155
2001-07-05,0.6856724871621065,0.12616233691095552,0.4958893803171007,0.5854092566334188,0.036177935915167526
2001-07-06,0.6710516847762676,0.11641954069372316,0.5349163162367705,0.304056076327652,0.0625408742145009
2001-07-09,0.5913896611964473,0.21774972394083722,0.6379029244547962,0.5543243528272189,0.02035582383502739
2001-07-10,0.5855575289106862,-0.22392348665780226,0.5498656911749698,0.22315606344371486,0.09276727608444478
2001-07-11,0.6261583857092391,-0.029520517259733738,0.5186694476768382,0.24052969327332047,0.06982500291221723
2001-07-12,0.6356800053284858,-0.10654016793238229,0.4826277007551339,0.11277377867183508,0.09731468158216944
2001-07-13,0.6086242547474682,0.3544503193339488,0.6233413997250105,0.35429037434137284,0.023929746232765038
2001-07-16,0.579889396981911,0.09375485121500476,0.48784211299572244,0.4301791899819466,0.055083900700267
2001-07-17,0.6483040139192345,0.24538664477686153,0.5319215762504446,0.37963262498230343,0.009320920128152254
2001-07-18,0.566100870662172,-0.165376070807972,0.5247770984349847,0.4367365506816178,0.0912929878484168
2001-07-19,0.6556792313116625,-0.160635790136069,0.6099113473586361,0.37288763989574314,0.011746614908955755
2001-07-20,0.6089316352825782,-0.14944233582956468,0.41324513857417783,0.488404539636105,0.04983755047071953
2001-07-23,0.6468421948546217,-0.05626551142364268,0.5353759452068225,0.45159392177040997,0.050887201506951175
2001-07-24,0.5318727071556728,-0.10581053546925896,0.5709397150467104,0.2745710576830751,0.08347239455766944
2001-07-25,0.6246778966083315,-0.27131636092468103,0.5537536072936251,0.39643585177025165,0.024373090607513838
2001-07-26,0.5292434092047245,0.2329478708914343,0.492913946892385,0.3189747562985619,0.038358601324715
2001-07-27,0.6200284598615471,0.22972746988574305,0.4780698761519463,0.40616798498479717,0.050824089159289404
2001-07-30,0.6314408250165287,0.1386211214526288,0.5353738182134797,0.36329721609166776,0.08640269344285882
2001-07-31,0.568620488967564,0.01722877660927495,0.4721886233187709,0.10786495165053928,0.07900061820031135
2001-08-01,0.6318279902078834,0.18078696821723905,0.4068999480884815,0.2990269295290063,0.09342483936825202
2001-08-02,0.6409577130502598,0.41149909394233974,0.525344635318305,0.3271997058770866,0.08205494731855784
2001-08-03,0.600855177944758,0.274975283829637,0.4912727246259769,0.3200807993349747,0.02985558497717672
2001-08-06,0.5858628238908984,-0.19066572165174248,0.5275501822346045,0.5624678458469561,0.09989023332293388
2001-08-07,0.6261539636558014,-0.050470700425257524,0.5061246495638553,0.2436809191303343,0.014859541838278912
2001-08-08,0.654155488857358,-0.015567439402560408,0.5109984297444863,0.7193107567844861,0.034512394169300756
2001-08-09,0.6249376454182843,-0.15035821001903688,0.49802062887473536,0.5148445709196755,0.0543430062958673
2001-08-10,0.6156635205268882,-0.2876555956634734,0.5646251119033436,0.3331855914461006,0.03217773502290374
2001-08-13,0.7036648888108773,0.2160096131429297,0.4943294624240136,0.5281016361735114,0.06974984276205713
2001-08-14,0.6133927755263702,0.1705547350244439,0.540295616715412,0.31536433450091267,0.023356244605789313
2001-08-15,0.5778225083841269,0.20599216351623226,0.49869367158420264,0.35963515367580035,0.004364729909730192
2001-08-16,0.5622438710325324,0.08471981311869221,0.6179423755882066,0.29324670857457275,0.07052278810250026
2001-08-17,0.6112109728336379,0.28244411108308587,0.5102281629735811,0.44523717962497344,0.038607875249098235
2001-08-20,0.556880323592656,0.08566141944152972,0.5030995740798252,0.49857299956798634,0.08207475517095551
2001-08-21,0.6693693025782376,0.5179127284037228,0.5408759561412214,0.43257963165821667,0.04953286496164236
2001-08-22,0.6197192150788667,-0.07063325856213767,0.5282672758945545,0.37045985898609707,0.05022911501329659
2001-08-23,0.6184230488134806,0.26351950712159194,0.460476180901872,0.5139878561129045,0.08697003133622155
2001-08-24,0.6758557533669932,-0.02361370539821575,0.40418238859124034,0.3392178012905568,0.04403062097706772
2001-08-27,0.6748497273280555,-0.004573612459776425,0.4587966341615864,0.34952250787717826,0.045692807447424225
2001-08-28,0.6520310013252276,0.10934671364027587,0.49633488886536764,0.3633175588185313,0.040997861974636444
2001-08-29,0.5904120925478089,-0.18448203689970052,0.5885823715220087,0.367767953078866,0.015436121877154886
2001-08-30,0.6708579260412748,0.3042632103844903,0.5572737088189251,0.3568379687281952,0.09692036305742173
2001-08-31,0.6301865045168304,-0.0048391212781832334,0.461730266143351,0.4324359281721603,0.06927045985868821
2001-09-04,0.5510480104420099,0.23753587769231277,0.4820420232862579,0.4201159655872839,0.08517652923506915
2001-09-05,0.6241643935773071,-0.05178099474081547,0.5342297550022547,0.35250963433774757,0.08593421841682666
2001-09-06,0.6535648648728623,-0.2691959360493497,0.510849567959081,0.5938928999058285,0.031666115393339966
2001-09-07,0.5599834337697213,-0.13554899410497032,0.5298749606482285,0.4179581781939598,0.07594018093343637
2001-09-10,0.6275315049636779,0.09783742602953271,0.5349443285613388,0.5109699841956223,0.0035899099837686578
2001-09-17,0.6304909328464257,-0.04825153092370849,0.5350589208259492,0.5899881934895216,0.06311610168546405
2001-09-18,0.6033683126808713,-0.19490586093412832,0.5565872140605095,0.3879618836046402,0.09974259229562155
2001-09-19,0.5013665226992982,0.16948433543008434,0.47428414701525734,0.3909466717695839,0.04339714719231257
2001-09-20,0.6265990165284507,0.038099935955813284,0.5363550078146059,0.3564513629430157,0.06337478287807913
2001-09-21,0.6356552899088042,-0.05190933551678344,0.5376693363297776,0.4615367484013054,0.04436785516617058
2001-09-24,0.5632280648977702,0.21719642323500646,0.47355746706751284,0.48080577982811457,0.0903424062050486
2001-09-25,0.628364365670067,0.3676367353590245,0.4890872856009411,0.36506832038818027,0.07961434651622118
2001-09-26,0.6090290197056134,-0.06063595656685509,0.5401773439061663,0.23836893915634122,0.03748410897753148
2001-09-27,0.5573158790426823,-0.21356058431583863,0.547630034963173,0.5710613372581925,0.053116631814876004
2001-09-28,0.6047775390731264,-0.033764344638002125,0.5035664319516392,0.516187830260819,0.07925194738809532
2001-10-01,0.5636323432904713,0.047673796546957026,0.5487599103878869,0.45010941699398455,0.007896835065999464
2001-10-02,0.6194790808299372,0.20020921851342824,0.3648467368615329,0.4677875319530908,0.061971036853741536
2001-10-03,0.5772962158436288,-0.3661265793712914,0.5255915974335492,0.5373658545162958,0.09128290160235548
2001-10-04,0.6031275742686154,0.19057490944058778,0.5806832827952337,0.5314914453584048,0.04611499133549976
2001-10-05,0.6919982264685697,0.14842549821437845,0.5038937295561365,0.23980341881028316,0.025532670815915405
2001-10-08,0.5976968755935026,-0.16864931906323835,0.6089156905781653,0.3824114187567664,0.08046330769751464
2001-10-09,0.6161602403392242,0.11029707520809351,0.5026602563168598,0.5695051040430753,0.06776108856990795
2001-10-10,0.5788675319132774,0.03892149104744855,0.4634828377333455,0.26799774887792943,0.04417297836038145
2001-10-11,0.5794115454547357,-0.007407359409682405,0.47928210518306197,0.3307579020126144,0.05875717051264215
2001-10-12,0.5396841268164083,-0.016621114525738955,0.4256666217891177,0.4760055963689603,0.04243089384608977
2001-10-15,0.6141219876467251,-0.2915102998929861,0.48599542562343767,0.3247843594409417,0.08453039251425987
2001-10-16,0.625958725520959,0.2680900892046289,0.4079104759977079,0.41150260791474175,0.03846932489673455
2001-10-17,0.6019933602216679,0.13426801529009313,0.5125564527869773,0.3248030668261181,0.023720570192757463
2001-10-18,0.5940473032166691,-0.1592051713606978,0.5559387347637643,0.40213116486719425,0.05748119301786451
2001-10-19,0.7050595342876503,-0.012132162762924156,0.4669739589710714,0.2486285607387173,0.029523075388326936
2001-10-22,0.5198430161872027,-0.316827188601098,0.5166025883329964,0.4508725023229934,0.06582298159286808
2001-10-23,0.5309404648983933,0.1790076628152231,0.47940497590303766,0.41467930119855495,0.0565929016955699
2001-10-24,0.6906110314127712,0.17936786317310638,0.4904570117232557,0.31088077745847126,0.07446688411653252
2001-10-25,0.5024092299335348,-0.14383066384848403,0.4936661944097379,0.3012820472848816,0.060640649307647454
2001-10-26,0.6034371516453847,0.015370376591753644,0.49333261573097065,0.334999741917654,0.09041552908937255
2001-10-29,0.6184327335983364,0.08838812991388181,0.45119380020867955,0.541093237974627,0.07988601195075988
2001-10-30,0.605070593385787,0.0037699245889695325,0.5415302853283359,0.4233216131263502,0.03523209558353165
2001-10-31,0.6576568316956622,0.057424833040364845,0.4759164904451042,0.4361503525206102,0.062089116313030414
2001-11-01,0.5528136896339669,0.02171194115530463,0.5053085156552711,0.3791883142727461,0.0720928376670709
2001-11-02,0.6035731244280534,-0.37636980909952783,0.479978159075606,0.4092844901141115,0.08383371169625166
2001-11-05,0.61799281959987,-0.20553502818519165,0.572108030295455,0.3133825151785499,0.0903403704072968
2001-11-06,0.6584728600263369,0.08543887237433698,0.47700524298552993,0.5775310892609512,0.030893288395263608
2001-11-07,0.550318158412176,0.18383083472200032,0.5598517334754534,0.3329379790923355,0.057957380536840276
2001-11-08,0.6796232650032165,-0.050009302919790555,0.5247751972667337,0.4260321838771221,0.009013337574621893
2001-11-09,0.6032845629264726,0.16216165463195642,0.5505445859392215,0.22514680267618192,0.07474808649383716
2001-11-12,0.6752170121439076,-0.3324983976071349,0.5641551933744732,0.5126705136827584,0.013215979774678355
2001-11-13,0.55545167848924,-0.08216285759091696,0.4578176260605463,0.37850789697112647,0.097148958121134
2001-11-14,0.5945982857907129,0.15593210645386799,0.5792041915757727,0.5395683810789956,0.0913486974481697
2001-11-15,0.5818915986710849,-0.04184437474890556,0.4301134845254973,0.31941299335038115,0.025697008456326234
2001-11-16,0.6582425816548729,0.32311656470964634,0.453175158935769,0.3407535740847106,0.04818478298737412
2001-11-19,0.6086797121520536,0.05603223176392136,0.4762956507277749,0.442406104446409,0.07465593507170451
2001-11-20,0.5863080326464541,-0.002890454175655821,0.5447376943248449,0.4006422269810938,0.011516970744975942
2001-11-21,0.5881807054736715,-0.02192196078516617,0.5136626290810001,0.3629988970117872,0.014075701500588268
2001-11-23,0.5970601968666449,0.3197294341009434,0.5474694786071067,0.370451968197084,0.08601405968988218
2001-11-26,0.6448477202255367,-0.066763897951202,0.580161178998694,0.43696421921980944,0.09799422427819035
2001-11-27,0.6046348927997885,0.08954338516205552,0.4436720937727726,0.2873232531090195,0.0804587644020562
2001-11-28,0.5503037496800472,0.028588618952741354,0.6095608273690738,0.6231300146192633,0.07906819685889376
2001-11-29,0.6419025550720379,0.1001688949888914,0.4336093756518354,0.3457326200265978,0.05365723082690591
2001-11-30,0.570610812404588,-0.12416951965022321,0.5159900501551874,0.3527909422302873,0.06728283818737536
2001-12-03,0.5110350094812106,0.14958205122350676,0.47300960246913826,0.42392468641111497,0.05845600916521661
2001-12-04,0.7137041334874987,-0.1838769183172847,0.40089633437103933,0.37139957781198896,0.09402918917795543
2001-12-05,0.6650479817499285,0.3916694908441188,0.4667038720721496,0.4496699223236522,0.023382190221158318
2001-12-06,0.5867344771609974,-0.021189670860827133,0.6611756169210691,0.24970296716048468,0.08842348452148523
2001-12-07,0.6226869830747287,0.09353863435308664,0.5840310901259296,0.40979831534708955,0.09152559087431594
2001-12-10,0.6254025269752052,-0.07832971348435823,0.5455831262840124,0.365680772450259,0.006321704116019545
2001-12-11,0.6410785944928026,-0.0739220672087268,0.5517876939828575,0.3970737186315022,0.0909387638427892
2001-12-12,0.6663025125386084,-0.010278744717697248,0.4450919964396606,0.5261921500713992,0.04082958557954128
2001-12-13,0.5647133849568691,-0.13075326772976398,0.5047763112345127,0.5374438093170818,0.09462615328819463
2001-12-14,0.5032162893010652,0.6275497067319988,0.5881825416057488,0.422323891412916,0.04926246189782059
2001-12-17,0.6072552999691857,0.05711081497153139,0.5639217791898372,0.4645215585950057,0.08872593085285024
2001-12-18,0.6377802233001724,0.017916136251049763,0.5288348985722328,0.38487267163464883,0.045364375688889264
2001-12-19,0.6002545859823659,0.2267540193734129,0.5692191608317253,0.10596113653357198,0.07431401215231716
2001-12-20,0.642795038826488,0.03894723894375497,0.5394484869157504,0.36114815469111144,0.041912675341472284
2001-12-21,0.6662056359993007,0.1895052924245716,0.5025854869186057,0.44070522871245355,0.015452290240983503
2001-12-24,0.5614171632729357,-0.2759236329577861,0.5124444135285118,0.4862393472382759,0.00990216347105285
2001-12-26,0.6576562522688043,0.1026170840194586,0.5817452891288827,0.45161782871149586,0.04081158856977005
2001-12-27,0.5779259202388524,0.08638450893478813,0.5863682168508318,0.47542913298135747,0.0032716286855046907
2001-12-28,0.6694456685737321,0.14166076944021275,0.5647784725318106,0.5070150238316428,0.044338308606070166
2001-12-31,0.608673937037547,-0.17637493024554357,0.5416316221676628,0.32550973551935514,0.08554501933059547
2002-01-02,0.5862410862512809,-0.028903734143103568,0.5120989069806824,0.369203847036096,0.06856802654812853
2002-01-03,0.5253192666523108,0.042658741474587716,0.5526394921115817,0.31829113689318095,0.09778425294520468
2002-01-04,0.6529622834216202,0.18751402752531168,0.4730597772056083,0.3237275221433786,0.03981396427443731
2002-01-07,0.5815428825106351,-0.18798062022177295,0.597480050355705,0.38061738612271967,0.012215971908726376
2002-01-08,0.6067742579344695,-0.4007724728813507,0.5886301717132915,0.2760741605146528,0.04547173685705172
2002-01-09,0.6229966315133164,0.05547538759163834,0.625743132170067,0.2691179600880888,0.06417044672332177
2002-01-10,0.46902439220895875,0.03676990895073897,0.6485844120560527,0.5238946352939438,0.002135745473637063
2002-01-11,0.6304829707637313,-0.09832723712640948,0.5997611007124555,0.30264538002955316,0.024356889716402364
2002-01-14,0.643817888467811,0.10109403183332538,0.6149361241346478,0.6759660038911077,0.05645779759079633
2002-01-15,0.6396207983589384,-0.10179272514149976,0.561480405046569,0.2230924095110882,0.07651573758885845
2002-01-16,0.5852643434455471,-0.08185648762262081,0.5373844170268273,0.4152354872033722,0.021595135191867478
2002-01-17,0.5788790033808899,0.2242061334648943,0.5644248852813858,0.3990699678861386,0.032855955343223046
2002-01-18,0.6036052641743541,0.03103813677179583,0.6064908748888399,0.31328697842890996,0.09005310356317582
2002-01-22,0.5870941755462371,-0.06074520575533293,0.5011806379987084,0.31807421402785024,0.08584061263801764
2002-01-23,0.596188956322767,0.1748778361425455,0.5823987344228125,0.41935899113675446,0.01299921314434368
2002-01-24,0.6625448981083986,-0.02747435767987933,0.5895846917688196,0.3896778247067504,0.017449712090139347
2002-01-25,0.6332681174699815,-0.11655173152231642,0.448905436152615,0.3865720837813696,0.002578014978619836
2002-01-28,0.691137406804997,0.1852430804483185,0.6214327703579332,0.5236130721806218,0.0789984664234754
2002-01-29,0.6244328795480719,0.039463141481119124,0.5430390962410176,0.36839271439729504,0.032377146196202244
2002-01-30,0.650788557488557,0.24077688743376324,0.567701093299812,0.35498107351485886,0.005239901786117652
2002-01-31,0.6200263979428299,0.12024134978582297,0.5032250810901986,0.1703819046862762,0.052608552659786714
2002-02-01,0.5924731575254208,-0.24414248518283174,0.5507477052850911,0.3852219681182529,0.04762459654232503
2002-02-04,0.5973375795488494,0.2904935068941491,0.5946553348841886,0.43004743596108286,0.051323795760919166
2002-02-05,0.6511103572021701,-0.22776662355615385,0.6309783357614683,0.39242357134645406,0.05038386897858214
2002-02-06,0.6535240308620607,-0.2143714466080311,0.502030869528446,0.4817889658025029,0.0043365036899171705
2002-02-07,0.6388204763048758,-0.18041031087150208,0.5369229209309424,0.512543478441477,0.08669809077598384
2002-02-08,0.5605294053566336,0.3285345906511927,0.5360533077809341,0.46383919256083833,0.045804252209768206
2002-02-11,0.6035690762125507,0.12063748621646862,0.5558574736425723,0.3837207093927706,0.006082540749450582
2002-02-12,0.6220459587697861,-0.20043749115629456,0.6207446903537371,0.3486786433528415,0.04016172545125605
2002-02-13,0.6085700042329991,-0.19886987492170247,0.45621711607749227,0.38089722373998314,0.04902688541442253
2002-02-14,0.7406307710806458,0.15692085757960478,0.5839909460415582,0.37371091707917325,0.00734907157664505
2002-02-15,0.6211232946406023,0.109423823035042,0.5265231468332485,0.5114321694668873,0.060829742363344
2002-02-19,0.6557690657720622,0.1436371451415869,0.6098198683153537,0.401961665769399,0.02750159995579532
2002-02-20,0.653643061798341,0.11836282674827561,0.5707495074158948,0.3426398227103099,0.05483564340483606
2002-02-21,0.6250928147630993,0.30980403029903747,0.5270402723381409,0.253247473424756,0.09946277558609236
2002-02-22,0.6282380420618259,0.010177540371203614,0.5981952530640978,0.42439531979085005,0.045371541757547165
2002-02-25,0.6088398872682598,0.29797268772041646,0.5110098069668187,0.31715029752197543,0.009917846167904198
2002-02-26,0.6148372619925476,-0.32863776223083346,0.5827471306190026,0.5661470165728019,0.08527927372955751
2002-02-27,0.6210443244147981,0.0461401811437367,0.5290041652217634,0.3383638591960523,0.07689627301047386
2002-02-28,0.6012401809838032,-0.06354301935124682,0.6565547137242624,0.4557691060725125,0.02150230663274969
2002-03-01,0.5644271021531484,0.04930095568640098,0.6178311635894339,0.5140149038521267,0.02284935743645844
2002-03-04,0.6990270343284186,-0.20301883836557374,0.553643141807583,0.2742422141085384,0.04534989029074474
2002-03-05,0.6082990070446509,0.09327167488926691,0.6439487355692995,0.39240489763574776,0.009508583927563086
2002-03-06,0.6040076238372578,0.030351598449748076,0.5532076644961501,0.6089538721694774,0.0665107863060309
2002-03-07,0.539616948644097,0.03694811577914489,0.6965146145663719,0.4006799844559998,0.015263892476872376
2002-03-08,0.6104980482499253,-0.07148908456208544,0.5866707983942127,0.537284847467653,0.006713330813664775
2002-03-11,0.5094069044335247,0.3066867402592651,0.5254792369333888,0.37333476707655855,0.00932301017036774
2002-03-12,0.5985377789850669,0.11771065395414396,0.5170722817034658,0.44621726660819433,0.07387959984887157
2002-03-13,0.7212154811643426,-0.2726348009185621,0.6067513107261764,0.3338017822203391,0.055637073561535015
2002-03-14,0.6412943603096518,0.003829555483150412,0.5654651731709137,0.4487872284871074,0.056158641399207246
2002-03-15,0.7102174054893371,-0.03818075834545974,0.6337868642996131,0.27067270421288364,0.01222312853545593
2002-03-18,0.5721781811590996,0.09448125557607548,0.672697961275163,0.435561334878566,0.06653405200029154
2002-03-19,0.6043470984738423,-0.00014171891532918345,0.5361742250972638,0.46045153263553673,0.0868092148869065
2002-03-20,0.6641166531161704,-0.09041806656661608,0.5753805468361082,0.42658782296520487,0.09683986253114746
2002-03-21,0.5981640131979702,-0.013226522925164491,0.7040423209469114,0.3752974299254004,0.0351646185693149
2002-03-22,0.6020829923989389,-0.12950836112703185,0.6364248907999486,0.3818775826781897,0.02127388056720061
2002-03-25,0.5875313480839287,0.2642608064546024,0.6705850763652703,0.3399576434261295,0.02242448691075656
2002-03-26,0.5266730024319692,0.20150273796738444,0.565474001947112,0.4790625599162769,0.08453734186013451
2002-03-27,0.5214948091144083,0.17851946765986185,0.539232755211464,0.4730764119066525,0.07626056319368497
2002-03-28,0.6207136533918217,-0.190787883879329,0.5795106604075283,0.4686318456956701,0.08072213711523445
2002-04-01,0.6252947226557617,0.11688259609449686,0.6988213067583103,0.2435758388288949,0.09745466021257082
2002-04-02,0.7008606287484311,0.020871187504642588,0.5550573008736539,0.266968637426101,0.06135732805354648
2002-04-03,0.6105439804611483,0.18433002238489188,0.5936014782585181,0.5511154930247348,0.00262538314535834
2002-04-04,0.5474412154974221,-0.0024177895692109124,0.537326903473587,0.4363631882624968,0.0829460789959663
2002-04-05,0.664344369504865,-0.08415235873621066,0.46968874428442325,0.41989481467964945,0.01804160719608544
2002-04-08,0.6418369275866754,0.08085895099233953,0.6614586123324024,0.29289463203509514,0.030898468882991015
2002-04-09,0.6540108052725224,0.23850150249559499,0.5106340481386105,0.43196518259189776,0.000610578940365869
2002-04-10,0.5947910084496164,-0.01630453462032918,0.6168265094979464,0.3512771435886448,0.05663210947613763
2002-04-11,0.5862145960419194,0.00683048349760492,0.5449450154739397,0.29141748711148147,0.014187465415126867
2002-04-12,0.6539686641478252,-0.22975880703173124,0.6324729737315681,0.44625912928539513,0.0030657098380905915
2002-04-15,0.5337096635604701,-0.13551293046713103,0.6583258479584685,0.30188344688603186,0.021513288003351096
2002-04-16,0.5967797868845306,0.0924121786503793,0.6375820629699634,0.37484611139555046,0.03408959817693328
2002-04-17,0.5901244902654179,0.28447397233970156,0.6851353543467156,0.4978858050781796,0.07215959677426732
2002-04-18,0.6242659071282513,-0.16165314432818528,0.5564317241738774,0.4522514105265758,0.05675935566143973
2002-04-19,0.6409199110444341,0.2803197185892859,0.630225832129699,0.2496919698240182,0.005260882642552179
2002-04-22,0.672597380886146,-0.1996121254628826,0.5776685333256013,0.42502002062516947,0.06178381819260306
2002-04-23,0.7197833744891982,0.6219837112010722,0.626896654777419,0.38168033812796126,0.027210284354621896
2002-04-24,0.6467252824240275,0.17753108517476723,0.5802067474385659,0.5795211355912322,0.04856617048909963
2002-04-25,0.6315035379595701,0.09954861781827885,0.629202285016945,0.4421586610614456,0.027316684436476946
2002-04-26,0.6619470250234806,-0.12345063730938464,0.5676433440693316,0.2899845767028305,0.011381750811020176
2002-04-29,0.6419750615310114,0.15578730070242283,0.617323695699059,0.5674492433347538,0.028324647008044934
2002-04-30,0.6197201990585477,0.13374833111850254,0.5394490990145417,0.3612900297525599,0.04866327533642509
2002-05-01,0.6547768878782889,0.1698204221486288,0.578921855457039,0.39284007481419336,0.004541736260442753
2002-05-02,0.5441063126659595,-0.07140584016132188,0.6377125131151761,0.45752050161065666,0.059932495694445045
2002-05-03,0.6450332860690605,0.009954737436192016,0.5931068833608935,0.3339678860526553,0.03014193620184368
2002-05-06,0.6549414210101268,0.08419458887787797,0.6159604092619525,0.347396515733242,0.013723480525732702
2002-05-07,0.5123328540064378,0.21943054235073914,0.5669281762908257,0.31372242359568797,0.032812235593784114
2002-05-08,0.6546739455956997,-0.07840252798382592,0.6433653564174486,0.4617005949576698,0.07470141234297678
2002-05-09,0.6541784661600238,-0.2731911422401069,0.6504522789086798,0.4261250531233856,0.03802074457152363
2002-05-10,0.6015361430376899,0.028677693468450217,0.5005180666594141,0.4408652811480671,0.05002623465562132
2002-05-13,0.5685314245908965,-0.2705340571687069,0.5115669239087511,0.5112688374989925,0.0806200186566764
2002-05-14,0.5885368303153605,0.30674554198329984,0.5603239722017344,0.22926420424070534,0.08617643620225886
2002-05-15,0.5641737780025671,0.24716232400138774,0.5787373159490912,0.3451712703509399,0.0018741536585645702
2002-05-16,0.6280009112926394,0.10035654723350901,0.6418095346595443,0.5448499229892927,0.08621100136120664
2002-05-17,0.6020115677105458,-0.26520953721640766,0.564663069722717,0.42602805065828864,0.057339968088584305
2002-05-20,0.5718120536894694,-0.1914301829790086,0.6006539135545572,0.3951347648429549,0.04176939598434806
2002-05-21,0.6216398497705793,-0.1516990669400139,0.5713004930996086,0.3075766855731696,0.0020856559024748813
2002-05-22,0.6645099205562394,0.20704986694475053,0.48985743290831996,0.307048913980759,0.08013221543104522
2002-05-23,0.545173537245496,-0.13000478688137965,0.5773317060597004,0.25503547803014703,0.08320259130717073
2002-05-24,0.5739070093437343,-0.20079147441629971,0.5911944271247291,0.4069344337036251,0.008812988129788469
2002-05-28,0.5839131223331373,0.0353641744278796,0.5507176770820552,0.3728344889673947,0.02433164748227337
2002-05-29,0.7036726045149269,0.26809221035806957,0.5123565017970498,0.48297324178791745,0.052396254300063165
2002-05-30,0.6605698277245796,-0.22965265775052368,0.617550239130115,0.5537931918412553,0.031027456183586134
2002-05-31,0.5638727596877793,-0.18350056420285274,0.6267623488548346,0.4271495310825648,0.033306862249313195
2002-06-03,0.6475738137619762,0.06811784328009936,0.5931727565107211,0.2673527871688917,0.051048328454214836
2002-06-04,0.6723658853310724,0.23391799848555472,0.5614070316003112,0.39565230501861376,0.0509952062322972
2002-06-05,0.5434446248722139,0.10285095120356698,0.6007112796840609,0.3937808983000689,0.03493752654723803
2002-06-06,0.6762176679935251,-0.0668154461959881,0.5995640004541762,0.29803356613078846,0.0818948601524852
2002-06-07,0.6188223924562881,-0.03487085158056717,0.5818180838363989,0.36304730711666416,0.02362688489467243
2002-06-10,0.6134263702164167,0.16520943428830126,0.5463358687622344,0.23934228992613207,0.019727180282398327
2002-06-11,0.707479195210271,0.27629081573809733,0.5027570063039329,0.46897078052451946,0.07602152955468922
2002-06-12,0.5948512614724328,0.052697443066211914,0.581272267840759,0.37655921996836783,0.017714612894722915
2002-06-13,0.5808117167206802,-0.1381082104632519,0.5199374852623855,0.3168177791769555,0.04941170250173887
2002-06-14,0.6166410854975323,-0.14315199782215035,0.599031044153817,0.5487246155335928,0.07598771496077485
2002-06-17,0.5909973379314979,0.047880900107075415,0.5874312459428351,0.44720022709192747,0.09241542583856593
2002-06-18,0.6237977633958044,0.14853648367194447,0.5857245938344864,0.2762337577672702,0.06352983190605935
2002-06-19,0.6634578032194637,0.17745816745334841,0.5226095605434075,0.4037937835447602,0.08642468748314162
2002-06-20,0.6541664496405535,-0.04186276391587232,0.6135812995323091,0.6363872494619361,0.01509574013930769
2002-06-21,0.5807006983682509,-0.276208920630755,0.5742789191598127,0.4721562505126144,0.04422080638362849
2002-06-24,0.6084566813077615,0.29065213266420686,0.48960934380667553,0.4692918623031611,0.02746736674861592
2002-06-25,0.5897069589620554,0.34387558124145934,0.6553117433877035,0.3233343412216652,0.05073368852897782
2002-06-26,0.592522143204571,0.1719175773959604,0.5354741026045844,0.3954588782067762,0.045191386370068226
2002-06-27,0.6212694210271205,-0.3839346312395313,0.5532819776914693,0.33102722259358264,0.08316966316631215
2002-06-28,0.5953438588800114,0.2887264006937628,0.49029057425375344,0.48132051867479775,0.08642500339252392
2002-07-01,0.6060518534834096,-0.05595203369916688,0.5900561601907617,0.43400512945688907,0.06150083884155736
2002-07-02,0.6485306498609765,0.19363693210657223,0.5331120376309287,0.33877632654922496,0.04627116589272723
2002-07-03,0.5657424736721101,-0.16508210599579104,0.6962721649031747,0.5244679580736787,0.07918177972653585
2002-07-05,0.552446281689599,-0.26449159134871403,0.5711920246194856,0.45472647973779673,0.04497337036509063
2002-07-08,0.6474441917658682,-0.05099115871073957,0.5382549985674093,0.43278795241593576,0.06518374546486098
2002-07-09,0.6242946503146665,-0.44386007454950704,0.5321836276293062,0.3148593565739687,0.04756290279430695
2002-07-10,0.6287605709454256,0.5970518005206821,0.5611954621031248,0.3686470313827602,0.006187370010110072
2002-07-11,0.6660900750988626,0.09653757744184255,0.5629759972928424,0.4606850593215671,0.08991268339557736
2002-07-12,0.722827178241477,-0.22617768706518315,0.564805146381221,0.3073618870018462,0.07143155491674627
2002-07-15,0.6477756323171124,-0.18373730229721888,0.5177287707586699,0.37049100857620937,0.017255891143636494
2002-07-16,0.6687908359672354,0.18369088878848278,0.4754755161328178,0.4054934110999849,0.0437758274309233
2002-07-17,0.5845210072625414,-0.2517009821350669,0.5260784275532236,0.3691517211544181,0.05227480352655456
2002-07-18,0.7413358243172761,0.08659196507213923,0.4672201679923491,0.34352259958290576,0.03728519821013271
2002-07-19,0.6710691647714699,0.417688554573985,0.45597775329876206,0.2120075614860955,0.04087693972473203
2002-07-22,0.7135482587685891,0.07792283547418077,0.48941701970636226,0.4534629086122436,0.05978858623829895
2002-07-23,0.4882126130491561,0.0006751013194321999,0.5484174679877332,0.492427013953783,0.0647305356969307
2002-07-24,0.5693052023853731,0.01713743228067181,0.4849552497626396,0.42553837556743174,0.009450594751509434
2002-07-25,0.5752326838818488,-0.08162016783204412,0.4806413384324373,0.46511362418236574,0.028414697387811372
2002-07-26,0.6629225558328332,-0.04692411399148276,0.5315554254802889,0.2551408585366456,0.0656564086410478
2002-07-29,0.6050161675996606,-0.010040923408348957,0.6583545002499316,0.28880329742258365,0.08732796620605389
2002-07-30,0.6932088619376219,0.1993717546931616,0.5405835606741253,0.5758620484195134,0.05827395145864196
2002-07-31,0.6386052736303431,0.07783183913358575,0.523139541267174,0.5223568882418628,0.034982078753584424
2002-08-01,0.6748234616905442,-0.1251354574992425,0.45908421013563505,0.3797019362604343,0.0698479962811881
2002-08-02,0.5799980717801176,-0.01270491492307102,0.5861768566687415,0.354269834491321,0.05950412281515748
2002-08-05,0.6178588309344213,0.011604546961679046,0.5645481222386248,0.1753110666015395,0.030958188741596095
2002-08-06,0.5896649852617352,0.042256738455894546,0.5814206142562078,0.3508097552493795,0.07916619578635437
2002-08-07,0.5261723646979063,0.12394228919322725,0.4889470935683511,0.28103333409096387,0.06701163999947225
2002-08-08,0.5887827305143388,-0.03690507153116991,0.4897851921971069,0.1794433942900931,0.07387746721294829
2002-08-09,0.6648533098443566,0.25497500825574443,0.5519146082519878,0.28623143295751835,0.052639333973417406
2002-08-12,0.6099254233026241,-0.0013042630458916125,0.547281713361749,0.4668340488718081,0.042340636632210375
2002-08-13,0.5832913100610753,0.016399111282712084,0.5395595774377132,0.5455822322146767,0.03625976689820444
2002-08-14,0.6552253269912361,0.15781133747510379,0.5202503072471564,0.5410459145203504,0.021419266120890037
2002-08-15,0.6404881397979749,-0.1722175820347141,0.5856009366957892,0.4697903272539028,0.04862709208727273
2002-08-16,0.5978477989435759,-0.09589859347984868,0.5296449068830875,0.4463184795267585,0.01375653531770793
2002-08-19,0.6298646132815603,0.06226173468857698,0.5980282555490228,0.5071543152234886,0.08444283886858833
2002-08-20,0.6295317795632512,0.18826211615349667,0.4608305921536756,0.4397927049946809,0.07708747203631011
2002-08-21,0.7104653174866555,-0.04360917907847477,0.46951260104958836,0.33479111114069393,0.08836821654925617
2002-08-22,0.5655183481328806,-0.1569523816255407,0.4928176787919684,0.25944329808213584,0.033676437196428155
2002-08-23,0.6207809166974801,0.18045543475732945,0.465415500158508,0.5519283923641769,0.013104904142950803
2002-08-26,0.6455396044263797,0.20611611712481148,0.4763624730990892,0.4854525227066616,0.01622472120884505
2002-08-27,0.5654033049802344,0.17804950016730176,0.5173537127660085,0.4553251219984784,0.07710978137309885
2002-08-28,0.5612202697187574,-0.17901396845532094,0.5381429047365216,0.3051651995775799,0.01655391657440587
2002-08-29,0.6431603146049562,-0.27342756129204915,0.5502222976818699,0.27674766852314914,0.04108586114965335
2002-08-30,0.6476149968839762,0.12512618672920017,0.4725195729900484,0.4582026567084727,0.023753020144692508
2002-09-03,0.6330221131666778,-0.10776837123854766,0.45523621264203995,0.2037374308327421,0.028492793256335826
2002-09-04,0.6374825023649847,-0.31296055427241104,0.5100400981232429,0.3736551783917751,0.04489279630333404
2002-09-05,0.6539571387719098,-0.06040909989797284,0.48842267561113634,0.47318707042882957,0.030946789656278964
2002-09-06,0.6367529014542058,0.06323119143655566,0.5279939684721867,0.24644278767928943,0.046901560503225276
2002-09-09,0.6578394339993491,0.12249375880272047,0.45268414697276166,0.3755919526325799,0.036784095822503284
2002-09-10,0.6180346356186185,-0.026899356880346545,0.519901253461677,0.5431366781831184,0.09844397935315774
2002-09-11,0.6740883363836414,-0.26244383868628124,0.5340155528103294,0.5328933319535409,0.028177173270377543
2002-09-12,0.6393404260344602,0.2181960850371934,0.6032433078228441,0.5023709546106981,0.05274597884614827
2002-09-13,0.6324654297820864,0.2090176948169507,0.5096059270440021,0.4023903043284956,0.08168912395812401
2002-09-16,0.6024292882143134,0.31268267176642167,0.46072023021301345,0.5532367724678117,0.013839853460343122
2002-09-17,0.6449932061870186,-0.27986123496038834,0.5198127004153836,0.1899973492348376,0.06411790362044471
2002-09-18,0.6512754008415518,0.17704629659779822,0.4716153828135582,0.4123547695955583,0.055454074542443124
2002-09-19,0.7177078716875143,-0.10114934085238735,0.4481051769601234,0.5481663402462599,0.08458922767334386
2002-09-20,0.7181293595265398,0.0007391343695694651,0.5514555687280717,0.5341475915530881,0.028506301405932844
2002-09-23,0.5828757883730808,-0.09706116707357366,0.5620091101496587,0.568501427870851,0.027279129959135662
2002-09-24,0.6481440430087178,-0.17596287070041086,0.5997086949081873,0.3469029102188036,0.01473486559916043
2002-09-25,0.6032431109414274,0.0684675668979243,0.5779686057552724,0.4853975976552224,0.09464132630117607
2002-09-26,0.6407432750180955,0.09265770602362125,0.5023559822412371,0.45581395145185066,0.045112799022070896
2002-09-27,0.4935219961152848,-0.059321491813959674,0.5121807521103332,0.2848985916380493,0.0026670190802938532
2002-09-30,0.639316165890578,-0.04089424419722431,0.5877802869976816,0.5573019725214856,0.05020071146932355
2002-10-01,0.5967097215440919,-0.030167542313339065,0.4963026506183458,0.35483405238403776,0.09945253512382912
2002-10-02,0.6297512492014063,-0.15165641377751804,0.4434775847646185,0.4622711223900269,0.002818754552815006
2002-10-03,0.6514764792110905,-0.1608631519319985,0.5447992389954301,0.3368422270834669,0.08391762876116057
2002-10-04,0.632658261901899,0.16406880252249123,0.49838874166061575,0.44547409121411347,0.07913806374821761
2002-10-07,0.5941785178056214,-0.03929331668561944,0.4899786906074513,0.32534216534597615,0.028687939731326818
2002-10-08,0.6111612918442109,-0.30972365977274935,0.47581086734616934,0.37151245066303296,0.06960719885759836
2002-10-09,0.607191012375231,-0.04829948917415577,0.49739192400523075,0.4479441518086064,0.07055361752890804
2002-10-10,0.6637258537066262,-0.12995304536965344,0.44044632424879065,0.29579555877568975,0.0005251198305617933
2002-10-11,0.5956398539402536,-0.07038426356330182,0.4622474130990521,0.2703883335750106,0.025592392843704473
2002-10-14,0.5971939586262905,0.036285324022794274,0.5310084977499075,0.3442576946891679,0.05488042454438355
2002-10-15,0.5993501088928282,-0.18533966176946215,0.49988392095719203,0.31515713658091854,0.05277715058867243
2002-10-16,0.64865639066206,-0.35717329838682227,0.483687615857372,0.4301107339191742,0.028810157803923056
2002-10-17,0.6291917258161253,0.5386067327960994,0.5193866226034882,0.299594540315799,0.004774944661885128
2002-10-18,0.6152267876455464,-0.3552492666932904,0.49810839036899635,0.31669439429992413,0.07938991086394381
2002-10-21,0.6657695137780081,-0.10990805491910699,0.49711002247298175,0.3364442158595597,0.011085789529001501
2002-10-22,0.7069425675926666,-0.06424855322358235,0.5948741079563823,0.48141517621182667,0.0596739042818947
2002-10-23,0.6441033363667693,0.07374662946350395,0.5232478933980222,0.207232742065439,0.051537573020940614
2002-10-24,0.6060558302924621,0.1690315942368643,0.501438684944842,0.2594810153196425,0.014357684024626005
2002-10-25,0.6173797774711265,0.34082110325109827,0.5665672921278586,0.39379959906339684,0.06148095827759507
2002-10-28,0.6675724638529044,-0.07330140407361037,0.4201274696674643,0.30755340118704455,0.041656759520853986
2002-10-29,0.6981444384254099,-0.05479861636586084,0.49354455511207096,0.37001618037251194,0.008561395498726176
2002-10-30,0.7152068294786503,0.3251917830724127,0.6170585758379148,0.3840954789599949,0.0067679322908846045
2002-10-31,0.6347812244373547,-0.30332850988415827,0.5803850804830398,0.2832220448732065,0.05073276965797866
2002-11-01,0.6308387781881315,-0.21946050552656882,0.47752667385055936,0.31627375689503,0.05541519524181955
2002-11-04,0.5896062369662091,-0.10782454062979573,0.48092741332428723,0.48333339117803076,0.0470135078158486
2002-11-05,0.564756860346874,0.044108285402773374,0.5697205958674979,0.3486803635486604,0.09810394225515603
2002-11-06,0.5841040554626199,-0.04610492503605017,0.5683028688957557,0.4194107630953358,0.0016242231108947625
2002-11-07,0.5934392852696201,0.09677533023760795,0.4547080100814833,0.46813595104429484,0.03448024931633913
2002-11-08,0.6404303653850884,-0.061561694227776825,0.4684112258803793,0.3113319077716543,0.06282569624756565
2002-11-11,0.6467408668172955,0.2457961004978124,0.4800986080807398,0.44583867035514846,0.07351869848123113
2002-11-12,0.5156486490698966,-0.11692354613143992,0.5109749365138452,0.30903165830181667,0.004433568829520818
2002-11-13,0.5731746812605202,-0.13355591129377725,0.5277124959011618,0.38126709815936255,0.08135088655560882
2002-11-14,0.5080884383337514,-0.42414003052701327,0.48334549537693355,0.44576865860535525,0.07791425934782815
2002-11-15,0.48262475786373826,-0.09994603523032614,0.4879730013106738,0.5388337778208449,0.0695389251996064
2002-11-18,0.6007489094143568,0.07659779694818569,0.5232008600948257,0.18694335201927995,0.08114976818476065
2002-11-19,0.6584103608315869,0.04307930109125759,0.5421892587075867,0.7926237706436328,0.07761903997034218
2002-11-20,0.5157943530250706,0.3449393299522217,0.5030511059546422,0.42873289044030094,0.029344257117503127
2002-11-21,0.6177243877349379,-0.08484726667960871,0.48958913062932896,0.43295087355730094,0.019946983371518835
2002-11-22,0.5441413151664161,0.15011583350435312,0.4979377973252154,0.28699306609596426,0.09333709799503974
2002-11-25,0.5974993571002093,0.25142984337251456,0.4940356706563039,0.43584536182096206,0.09891227022961235
2002-11-26,0.5834521862142263,0.1515843699847239,0.5557803340588721,0.5848608833296411,0.02533137652026174
2002-11-27,0.6112218027250392,0.13373096095158132,0.5271192783531448,0.5295871781863015,0.01911034307339109
2002-11-29,0.5840583806195635,0.14900106257545623,0.5139273975536383,0.39358118228915023,0.07808415669784251
2002-12-02,0.6245876242224186,0.050448079285335484,0.5200782554490845,0.42147131831705265,0.03319246863813446
2002-12-03,0.6989059028781093,0.19708993712304368,0.5701044833809734,0.35444604739761293,0.0368019174314673
2002-12-04,0.5755379585885838,0.19106011164755057,0.5712130501348456,0.5472670675750982,0.07433077055196212
2002-12-05,0.5898009687015385,-0.045909731072069415,0.44620714366849873,0.3607528893939127,0.038664476826069216
2002-12-06,0.6698285255289723,-0.0932990758456396,0.5609824393302585,0.3809496894002189,0.04962032265370227
2002-12-09,0.636202851411078,-0.22953827796313347,0.5355866456110415,0.10088640290992767,0.09243104666269636
2002-12-10,0.6106551920919008,-0.32609464874302807,0.5924265050490978,0.47774073527645117,0.08011480874017739
2002-12-11,0.6433335490983041,0.30420124543187604,0.4854868482465064,0.5747363197915558,0.007892700605546787
2002-12-12,0.6666095782130192,-0.04731105744378921,0.5905246272091518,0.2893706487588366,0.08223412795398867
2002-12-13,0.5787742919236163,-0.12171794464794009,0.5081104905334866,0.2943442357239747,0.032121142821459406
2002-12-16,0.6811541533547663,-0.05177088007396633,0.5546583351190737,0.34296486335863197,0.06609192214581366
2002-12-17,0.5289698349725741,0.05401147167828442,0.4422529089998814,0.3931365953914532,0.060262162773059985
2002-12-18,0.5515842480583595,0.3974551998461616,0.5842699556963352,0.4105753791271481,0.06897648084454863
2002-12-19,0.6831853338827334,-0.16926319549314717,0.5667152936511869,0.41998104337187137,0.004235516285012952
2002-12-20,0.6332010040666834,0.2544707000213536,0.5770085298770354,0.42887236628250236,0.03525593103084823
2002-12-23,0.5372556281885852,-0.19200925905589275,0.5367923499358168,0.40933723742766515,0.02745553600748576
2002-12-24,0.5634898137663038,0.48233533511568427,0.6195999775206887,0.46021183203924837,0.09479043786030864
2002-12-26,0.6236018430641872,-0.04244179398023034,0.497894576785371,0.4077480518518863,0.06375125378832984
2002-12-27,0.6328876270071375,-0.24835211509632488,0.5630565614516926,0.38447409511752517,0.080109597556217
2002-12-30,0.5246096221061305,-0.17207700215590038,0.5282446546918772,0.588768765734019,0.09527893962796079
2002-12-31,0.6478276562266879,-0.2670963138199783,0.5740867848357328,0.24526960110616347,0.06075729033208554
2003-01-02,0.6841345526943536,-0.09422493036357572,0.5470380935937219,0.532579664754219,0.0034798965798542025
2003-01-03,0.5656418215707875,-0.27942363702259826,0.5233992520261702,0.5038378851019317,0.07785153735068655
2003-01-06,0.5540326962261579,-0.5664311196221138,0.532593626031709,0.45517407999109205,0.03828544016887778
2003-01-07,0.6900130874869415,-0.0926322724170798,0.5354349779033174,0.5153900734255747,0.060509482885478555
2003-01-08,0.536512915015229,-0.07770415503660186,0.566380464699083,0.4449218721285034,0.09488235292655565
2003-01-09,0.6045096653404559,0.00688820234116827,0.43329383470748506,0.3341751587666152,0.07630844717985796
2003-01-10,0.6526754356277233,-0.19645880685093592,0.5615080640599899,0.4446872500802698,0.05294598815362897
2003-01-13,0.6128725399571118,0.03409275419931418,0.5129519796135935,0.37933887203039535,0.06495607367060316
2003-01-14,0.6605108084794611,0.03139459219368684,0.5325990652815071,0.4224216404290793,0.011344861258501805
2003-01-15,0.6657304895318309,-0.40998825571549563,0.6207128239039637,0.3663745261318928,0.04990439602564668
2003-01-16,0.6512744966620115,0.2394493847290456,0.49500515206203355,0.32905589975724536,0.05616727107596471
2003-01-17,0.6155725652062147,-0.15675070422488568,0.6511613608273163,0.3143227906173207,0.02602897711399034
2003-01-21,0.6022226610256567,0.04087780632059536,0.5075647572599,0.36043192882437364,0.09963651121547608
2003-01-22,0.6458726630625088,-0.06657208087650225,0.5638048412273717,0.34706678875516295,0.09164789095418814
2003-01-23,0.5542764845409617,0.06431864226784771,0.6570173215550784,0.40184016307834386,0.012263742190397088
2003-01-24,0.6412632058623775,0.1385445510233719,0.5065949244450402,0.5702514658129606,0.04520426852453974
2003-01-27,0.6401164398211401,0.3263713798178218,0.5357455971941951,0.5818061922557825,0.0445111192742455
2003-01-28,0.6687577747017391,0.1106080171704717,0.5848641188460321,0.3751471381925551,0.06819292602506372
2003-01-29,0.6900265829236937,0.028071973969609393,0.47556820583337756,0.28828135382929976,0.031958777209997014
2003-01-30,0.6207077123903626,0.06199979663311102,0.5718439826388672,0.5218970789793663,0.006493907831607116
2003-01-31,0.5324449067980688,0.02871758730103204,0.48451886062751787,0.47597122954841686,0.0891331682353889
2003-02-03,0.6252770642778999,0.08392199440482363,0.5344109191078078,0.5279464931657751,0.07118091040072126
2003-02-04,0.6820862332029426,0.11670886060237753,0.5718422343109006,0.45798572852951325,0.06377000225640163
2003-02-05,0.5946553716006325,0.17111113180414242,0.6614967911066509,0.5070610559979186,0.05087557451743008
2003-02-06,0.5935198765096296,0.07228346345462058,0.5150617306413169,0.4572390311175676,0.020098037117768575
2003-02-07,0.6525301706431269,-0.37396326790643286,0.522316882799059,0.3716861103256233,0.07903730608077492
2003-02-10,0.6149570126429587,-0.24189538708376107,0.6018620269563948,0.42514736089405125,0.05540214372595951
2003-02-11,0.620286543401074,-0.1511583000316726,0.6354985300691102,0.5655407113088295,0.08036617262885865
2003-02-12,0.6058219258076731,-0.12243338343096416,0.6082638563533307,0.3641970620253014,0.06119483626205209
2003-02-13,0.6230301399668383,0.14793063034493428,0.4888659946418932,0.531830232485267,0.03092907175284622
2003-02-14,0.633634026216467,-0.08229862891243606,0.5804922573172054,0.3962429355020519,0.07188696598907195
2003-02-18,0.5434399348277538,0.2989876454906472,0.5893956873401517,0.44430021304473755,0.0769164550374698
2003-02-19,0.6775774885287021,-0.20423249151206005,0.6115696763266288,0.37323589091012066,0.007375071291123903
2003-02-20,0.6723385387608247,-0.4254454840702991,0.5834968279508825,0.33971793442160386,0.06423385893863813
2003-02-21,0.6516131475317077,0.09400883747364043,0.5536143313797346,0.3287826135823957,0.0680108990649581
2003-02-24,0.6244667315721335,-0.17932844546304164,0.6326571968765344,0.3630792799552554,0.08779601516504118
2003-02-25,0.4846505890339179,-0.07496441132436123,0.539127814848446,0.23687241845390547,0.06397939293666631
2003-02-26,0.5681286680888714,0.021881694366594012,0.6579718922530178,0.43131844738649805,0.09662646139341069
2003-02-27,0.599674830589213,0.09118083903414054,0.5690578879694428,0.33053996308368555,0.09107122709468873
2003-02-28,0.5722818665883508,-0.35036576135034386,0.5729763386461018,0.4158053489920132,0.01241611206390122
2003-03-03,0.6251688164992555,-0.08319338558947173,0.5464896466080925,0.4608246191684969,0.016465707989012413
2003-03-04,0.5641434040026707,0.1552055827686951,0.5440751664217637,0.3247564762646965,0.07093321325292459
2003-03-05,0.5566607404692161,-0.10028042937712733,0.6433476326637434,0.4515628088443957,0.09409040549315348
2003-03-06,0.6789211056014017,0.10442850918678717,0.5397813181511328,0.3669210775672443,0.08459337061558657
2003-03-07,0.5909900435441269,0.26611498080780804,0.5354948712835743,0.4893697689389111,0.0635057091387746
2003-03-10,0.6746476935054385,0.36592404034321746,0.5758775476794229,0.47123221595801623,0.012517029512690271
2003-03-11,0.7440825918269421,-0.12352833538673934,0.5199250821792781,0.21199899660922364,0.053347802976838055
2003-03-12,0.6656356014430665,-0.37663004161171676,0.5783625466507569,0.4437313187038961,0.016863590174770682
2003-03-13,0.6392587768414957,0.08508897283683446,0.6083804951356994,0.5278865813313394,0.015419426687956317
2003-03-14,0.5823841809630601,-0.13539902769170628,0.5589065463595879,0.483019181186261,0.0720632768437273
2003-03-17,0.6750199294197532,0.09024506386370164,0.6574500416352133,0.28219591326236193,0.0842530004113389
2003-03-18,0.7133612055775569,0.3046477243424517,0.6352732597106521,0.5781798908771061,0.08252362673266321
2003-03-19,0.5471688396161113,-0.10488962725253037,0.561929438761652,0.4721479323757344,0.004546180329134198
2003-03-20,0.5774929630198927,0.1514990298674971,0.667409461423919,0.46952029000839995,0.05767712314773791
2003-03-21,0.644187551183075,-0.19757466818014985,0.5567136831823174,0.5249618905296667,0.07669590009163112
2003-03-24,0.6689674501952666,-0.0078039038755088235,0.578594202860059,0.1974192126888623,0.06389911922088705
2003-03-25,0.5764573790657781,0.3822838174279447,0.5355821475894651,0.4189479821221081,0.06271640102980844
2003-03-26,0.68037219865976,-0.2509845336004585,0.6089410169741662,0.49379155375106554,0.0956650169954405
2003-03-27,0.6306249660953626,0.5736806111333537,0.5163613887315932,0.5058728529883879,0.0804688154215733
2003-03-28,0.6213599131301768,0.15438403096733502,0.6219278336388296,0.3266843802890004,0.029743387142974233
2003-03-31,0.641449819622967,-0.37158029027965744,0.6301496312131983,0.4298158465990526,0.005991303293466899
2003-04-01,0.6619330084321551,0.21162366501743005,0.6183802695430216,0.41480894197982765,0.048425113010735925
2003-04-02,0.5859465831669354,-0.1424441527298102,0.6593332342986769,0.5436335405705979,0.060666026282063634
2003-04-03,0.6180944781843973,0.009200549450654825,0.5547482155277065,0.5172756845267446,0.07183628851124375
2003-04-04,0.6632708411845889,0.3882434872927498,0.556030421835256,0.3621992100981783,0.08607773657543254
2003-04-07,0.6415722961262786,0.12929790754515413,0.588977498261305,0.31270389095462997,0.013076615155238648
2003-04-08,0.6740703764461786,0.14422707250911634,0.5538557977131084,0.5355442801105497,0.05616512157483692
2003-04-09,0.6885099354598302,0.026859299449558578,0.6035433204577382,0.45540577711159075,0.046647256704063646
2003-04-10,0.5869148464871871,0.006006295832816435,0.4918235080905705,0.48764556455029356,0.024791888252554562
2003-04-11,0.5519253388779071,0.3006839656857998,0.5828013077187573,0.37883330180688235,0.029021200496990154
2003-04-14,0.5986133046957747,-0.05760777478441528,0.6697403978117485,0.15121913434649206,0.06153774441639687
2003-04-15,0.6938482693044093,0.06760469622034164,0.5382692954132391,0.2924687606950762,0.08653075017207178
2003-04-16,0.7138196513604101,-0.18910137598854626,0.5407450119760357,0.5137314542364729,0.032743582080119495
2003-04-17,0.6469276438142957,-0.18758511530727978,0.6090216199270675,0.2974247316359723,0.03127149208622731
2003-04-21,0.6850410699211302,0.2122741929746267,0.6237601332389265,0.4361661061247017,0.049826554205990886
2003-04-22,0.7180594062433687,-6.273452235494242e-05,0.5377733906521789,0.4449473912832307,0.049875970839765416
2003-04-23,0.7343023524768557,-0.20295189863717045,0.5784873634859106,0.4416446038101453,0.002317629821635103
2003-04-24,0.627304757549713,-0.19646071607546292,0.652333021527949,0.6320040722017259,0.05054444630237716
2003-04-25,0.6398065729511954,-0.18081365794720006,0.5184580461615481,0.4257975981221181,0.02151444225262411
2003-04-28,0.6851938671658129,0.09503354929907633,0.5947026208685852,0.3410728348210694,0.005054040462789189
2003-04-29,0.5753918183640955,0.16695026526497644,0.640123633460744,0.2454270213309267,0.08823394763682012
2003-04-30,0.7094919489090342,0.11481424417880026,0.6640138750787972,0.2657872251514885,0.047058685336819575
2003-05-01,0.5617087922292281,-0.029793861953459386,0.6187594241850078,0.5796360822926964,0.08471723653934679
2003-05-02,0.6653039456907566,-0.04853625536240667,0.5418748945558922,0.523000057271915,0.08824557309185929
2003-05-05,0.5817647287124643,0.32569371095446437,0.5776174132213993,0.5590582072617851,0.07638567641619896
2003-05-06,0.663946564502964,-0.027399097888491653,0.5653896482710062,0.365909212265392,0.04005816210147566
2003-05-07,0.6514158346187618,0.015431299243543348,0.5611794786878107,0.3834368589682368,0.01946553018877191
2003-05-08,0.6339288514859575,-0.42574681888296245,0.6132769429545525,0.30202787752831933,0.0073531749742841825
2003-05-09,0.5723333798397128,-0.3374688694221421,0.5001604547459653,0.2644552496887711,0.07644041147072396
2003-05-12,0.5945489521184755,0.3906518275053137,0.561950585726946,0.41777501062680317,0.09890907006207227
2003-05-13,0.6500240693253164,0.026213037243169746,0.583812710183346,0.2804706236400756,0.011881101972358955
2003-05-14,0.7025463774139606,0.36143932872757706,0.5029811106482149,0.2975971409113621,0.039390371272860714
2003-05-15,0.6160094828811497,-0.19290755898203826,0.6118305025187178,0.3271727797593387,0.03390852999525653
2003-05-16,0.7382528033903302,0.23810971886871923,0.596568295396032,0.5026986263319733,0.0754965172292794
2003-05-19,0.6852950212178655,-0.11278949761164865,0.5432877452274248,0.40781430629696475,0.050912251622518216
2003-05-20,0.6730818062248972,0.02781207973068353,0.504614695367513,0.31971755560491577,0.004530335246707473
2003-05-21,0.6263013568202811,-0.015133120865166053,0.6814476376493874,0.2614012057601002,0.033304070535276724
2003-05-22,0.6552794620917938,0.2978226216656579,0.6957393132913644,0.3595602576816039,0.0456988559282874
2003-05-23,0.65457147263601,0.1139520714397294,0.591277691126883,0.3901154798760694,0.05155057321472539
2003-05-27,0.6517987694750023,-0.5064492170439371,0.6128629725387305,0.4126177903661967,0.0613068121064678
2003-05-28,0.6188762551610867,0.4093724391439116,0.5443049803718909,0.3596924010934969,0.09906157375611402
2003-05-29,0.7295776651102367,-0.16641226096997133,0.5498297994966028,0.38529745765691503,0.029923434252831827
2003-05-30,0.6720367241064775,0.04156050147066268,0.5119800895847588,0.3467831436872811,0.08282893859573759
2003-06-02,0.5996322783393895,-0.015444209044609115,0.5956845402036072,0.4418205755887972,0.07087398064354379
2003-06-03,0.5411994122975798,0.21278819751217123,0.5862664027641451,0.5384532047593906,0.08157488332438242
2003-06-04,0.6522099163645336,0.22026459154715244,0.5962038343762189,0.5346225756202748,0.06738063924730166
2003-06-05,0.6561125318008889,-0.019583049288580814,0.6857301436206977,0.48890371222798923,0.05837021418487864
2003-06-06,0.6586872210502207,-0.2552608833076672,0.5069183232863194,0.42927154821418534,0.07253242125518554
2003-06-09,0.6372760598884121,-0.12282451300166325,0.5760217771668302,0.5588626928043596,0.002664715496383319
2003-06-10,0.664770123727515,-0.22820170195054768,0.5625986392669982,0.31950335191474394,0.0967070696172051
2003-06-11,0.6106150041795719,-0.08272313312592855,0.5434878619290137,0.27448646280266054,0.07761620251720722
2003-06-12,0.6236172659240905,-0.112121527369462,0.42008862688997095,0.6052972024501664,0.07214001122963068
2003-06-13,0.6844384827108336,-0.07526014498499922,0.5666880335234776,0.28283456526824385,0.017051206174665934
2003-06-16,0.7147861438905433,0.3794577389546223,0.5711128378025291,0.5023530644185346,0.061973580550108945
2003-06-17,0.6387643389466962,-0.2673450877751861,0.5418558219795055,0.4131927966771957,0.014777570830033183
2003-06-18,0.6072726140628278,-0.0437306554870072,0.5570421683249978,0.3919121502134539,0.003157051334209937
2003-06-19,0.6326129245248742,-0.2121210132793202,0.5249230582959398,0.27154157343000307,0.010989552133369685
2003-06-20,0.67889077748431,-0.4211293883680649,0.6176119143098548,0.5386349397262844,0.03136924834458552
2003-06-23,0.614890970650869,-0.5206274175654597,0.5393258285751621,0.3935815838711181,0.06905002609185255
2003-06-24,0.5794700890035543,-0.10304367876164855,0.6330493937360056,0.46649271623017413,0.0774972301807091
2003-06-25,0.583771794281095,-0.31951983391908645,0.5393351098488091,0.3786543220649562,0.08728177089123204
2003-06-26,0.6548099593681658,-0.1070633425135318,0.5804056138621533,0.593515404006023,0.006228128601443195
2003-06-27,0.6707750511222131,-0.009617701466154517,0.5448163414435163,0.3643326865820129,0.020734170497124473
2003-06-30,0.6890320456226072,-0.12546268919026057,0.5536586503620098,0.40511979018810856,0.06622267997143491
2003-07-01,0.6049107903594234,-0.27449310957682016,0.5666862905690595,0.3938996028144617,0.031375259873781716
2003-07-02,0.6550120234718285,-0.10672006128783339,0.6107185217307473,0.31232262187881554,0.09121241609240105
2003-07-03,0.7156020142008946,-0.34952730196565235,0.570555946865583,0.4475430682526624,0.03542869886448128
2003-07-07,0.5902221466029559,0.08487878757220252,0.6093593668032384,0.17831811606459358,0.07209245613272927
2003-07-08,0.6551372403745407,-0.49865416406601554,0.4962444713913939,0.5629166364900946,0.0693313310029821
2003-07-09,0.6009108983303973,-0.23477599288179452,0.5337767227088317,0.6067906338163552,0.019226416913671343
2003-07-10,0.5384158876396987,-0.2102619823278689,0.6176929629883908,0.5857702343537733,0.05580866508074042
2003-07-11,0.6248284387854858,-0.2478105405053285,0.6467634478607083,0.5594442391749197,0.09729106275905691
2003-07-14,0.6639473493881116,-0.162480469787484,0.5369847451789893,0.38396399189551694,0.028900413740352494
2003-07-15,0.6465425652307789,0.2902002876262672,0.5825679634957942,0.2922623923015242,0.07049882597401967
2003-07-16,0.6988248225009769,0.06262642800263106,0.5721146747480829,0.5466540859278604,0.03488031742013066
2003-07-17,0.5744209875243225,-0.007165115741292587,0.5103565525064815,0.24321405746345443,0.07954053560023336
2003-07-18,0.647335498880246,0.5023113103168847,0.4440971558047734,0.39677193889505297,0.012187410573271508
2003-07-21,0.6620271467537386,0.02461564033123623,0.5279855810181082,0.2700783636554176,0.03796941853743825
2003-07-22,0.6416393371470082,-0.15135279540318528,0.4233355710512529,0.5194592220513731,0.08183774601305624
2003-07-23,0.6779192909921021,0.010332195370215961,0.543480143755864,0.5074318012715562,0.08046158339565704
2003-07-24,0.6412169828389042,0.18080351095226288,0.5163523710219264,0.5311983738573947,0.028763034161413993
2003-07-25,0.6460392862966342,0.03881038872117481,0.46692905373634713,0.4286955854301709,0.03463635140956165
2003-07-28,0.5884022541252775,-0.12765654530569884,0.48731588243356805,0.29337650681007754,0.025644397547348208
2003-07-29,0.736238570150848,0.26626781239768066,0.6233332208056459,0.27771049804444364,0.020206800720059648
2003-07-30,0.6335626874955447,-0.25870152504081917,0.4917669965897653,0.3081873016583425,0.09330239337833078
2003-07-31,0.691979200322078,-0.07924593562035198,0.579214540602752,0.46041208895885183,0.013727295480092295
2003-08-01,0.7451819376052394,-0.2958888446279448,0.5880082318549134,0.5146440870400728,0.05868304985708152
2003-08-04,0.5813310580986483,0.20142666729463193,0.5396519861671398,0.3772523740046592,0.0669833964893104
2003-08-05,0.5888032256514,-0.1438218902898372,0.6246171829176569,0.4000682818957483,0.06379445734086377
2003-08-06,0.669106500076573,-0.15817987633351063,0.4824240191237828,0.5081984809249942,0.041330136604825866
2003-08-07,0.5625211894224234,-0.08304275358105431,0.5224165835632442,0.41113726018400526,0.01005449047773479
2003-08-08,0.6210453357491922,0.07916395621918462,0.5546652132149081,0.47346375454593304,0.0005181446407130031
2003-08-11,0.5807098095666087,-0.05683101958575944,0.5777362376836294,0.4894647187573873,0.09290996801699779
2003-08-12,0.5613570274259468,0.07029598007044034,0.41843073141491305,0.404693490206037,0.09350320985961516
2003-08-13,0.7248883508372989,-0.18957854345379727,0.47497940493237206,0.476402978157286,0.04774485204408965
2003-08-14,0.5528599242395177,-0.12655100597700783,0.545881032729776,0.3365714152310597,0.09639140388909358
2003-08-15,0.6182015006394515,0.1488371420630069,0.5365097423663577,0.4266818396295402,0.06458979178902699
2003-08-18,0.6130438860364981,0.07401222305379107,0.507428292208691,0.4457805609925785,0.008946072051151633
2003-08-19,0.6051533987441011,-0.03651379487590822,0.46353249719260314,0.39649923899937645,0.05351522768936047
2003-08-20,0.5894499568185577,-0.2228092900323987,0.525389844722822,0.42127397758576607,0.0936669379750626
2003-08-21,0.6691436867474286,-0.08622511391501982,0.5322969398223804,0.4550797572273664,0.01750647754809631
2003-08-22,0.6522386903915798,-0.16513073656042843,0.5188112578350293,0.43641402960546616,0.017578870753886255
2003-08-25,0.6303589233453971,-0.41729553167421696,0.5177831943432568,0.6212531039397242,0.099717180308851
2003-08-26,0.6119980365621509,-0.14561541957106425,0.5279216287772659,0.4312378210466572,0.04953838973217578
2003-08-27,0.6896367582708207,-0.25157363118177756,0.5453307584050815,0.45904220612514635,0.09621313800833425
2003-08-28,0.6228926731529727,0.067737463584338,0.5597543679037702,0.4872315380028451,0.08767431679179234
2003-08-29,0.5728490343963135,0.1640316373510969,0.5045791567969106,0.40728740980155154,0.05679618686644954
2003-09-02,0.6336598495500847,-0.030048597759651997,0.5656535001473032,0.3916282040150788,0.09829938883710065
2003-09-03,0.5740226935808416,-0.07870597119394578,0.5145986826863741,0.522921478429705,0.09890994700887235
2003-09-04,0.6601547342474416,-0.1701070557494088,0.6295323839851221,0.42647753109779796,0.049391242034181916
2003-09-05,0.6937695368999508,-0.030342886715445827,0.5315630271637634,0.4839468504518405,0.08510597385779967
2003-09-08,0.6909097355877128,0.21147366107564503,0.5474519563554138,0.36849132688058917,0.01928113982738098
2003-09-09,0.601412697902197,0.06652150206483952,0.55017470701864,0.37772792992233933,0.016249426253973864
2003-09-10,0.6832585982857193,0.2905233490972359,0.4573922091795793,0.316307929620372,0.02572648802295191
2003-09-11,0.6229812470547332,0.061522533637839286,0.4766837026066744,0.5352202678867145,0.0736617895492257
2003-09-12,0.6512033430759225,0.007889409648147898,0.4308343093443794,0.26841841835724933,0.056778122242093935
2003-09-15,0.6440504625140904,-0.42651912523096724,0.5524992717463962,0.384184615562768,0.017549491383846472
2003-09-16,0.7921546484797367,0.46158325012322216,0.4925692100477377,0.38936629974686854,0.08970427617839752
2003-09-17,0.6797790757001015,0.34063452198360755,0.41952878289401174,0.22136245346453134,0.051528065895979594
2003-09-18,0.598898259722281,0.11654751663477288,0.5260768601215406,0.506977145498385,0.06692558534099542
2003-09-19,0.5700151235817346,-0.4632287725937754,0.5439512660780608,0.31718037270347654,0.014061187563429845
2003-09-22,0.5290756067805681,0.029012749191876325,0.5402485721612268,0.3877942867878723,0.0248047083667145
2003-09-23,0.6071075806908756,-0.031872446429181314,0.48193624637188287,0.2651952888059833,0.023552125280153394
2003-09-24,0.5942659661504784,0.1042559810027629,0.5164395663920403,0.41680598059668206,0.09540348226549127
2003-09-25,0.5802425759073311,-0.03630063242713343,0.391407332397391,0.417847666388539,0.07228825284009975
2003-09-26,0.7014428853906783,-0.29482642640842116,0.4708838651431761,0.432910677871013,0.06536833670701987
2003-09-29,0.6926421317213742,-0.08964492326002989,0.4654152526821059,0.2031076857583917,0.006212433180053612
2003-09-30,0.6351719064654053,0.40841520802874887,0.5138744251801409,0.39777210208162866,0.03068063420036198
2003-10-01,0.6461041155383492,-0.002218400789720412,0.45934931028575887,0.48232799156777056,0.05025204712383896
2003-10-02,0.6412880761555877,0.0035226503867314633,0.4512400501475823,0.5303507931934759,0.0703557035102256
2003-10-03,0.6632351372666555,-0.1105841674734604,0.550122710141397,0.3502429161614793,0.011741574584477632
2003-10-06,0.5908998253744482,-0.15194062349605741,0.41163605736047904,0.4471542380418206,0.029503760015624683
2003-10-07,0.5384427560830825,-0.24568876625315253,0.3964922616975417,0.3913930307209107,0.021912860093534395
2003-10-08,0.6224839769864065,-0.06533924263727281,0.44823966996974574,0.282776624656336,0.015318556468917922
2003-10-09,0.6532184931773287,-0.11011038634169755,0.5162980500750445,0.31147513138757776,0.06057389480890694
2003-10-10,0.6390531371385542,0.26065560746321276,0.5299146570378871,0.358758618178352,0.05492345088183648
2003-10-13,0.6428599485177964,-0.04813303490604261,0.5014666025057263,0.3674388947851497,0.053751768769320085
2003-10-14,0.6217832397057305,0.04241867061483505,0.4515890894790318,0.2984121173010022,0.021841162265732596
2003-10-15,0.5605728723084394,-0.320054220900742,0.4405917448649069,0.41594625068041297,0.07547395497248655
2003-10-16,0.5853606242254058,0.10272289284621926,0.5034047869176232,0.20314957865619465,0.008187030647327486
2003-10-17,0.6627487792110844,0.16215972911834198,0.45220348763335017,0.44201915428949917,0.07037661251558726
2003-10-20,0.5871750881295401,0.01953407534966708,0.4394393837449324,0.22068935474654233,0.05641687222734748
2003-10-21,0.6108591405193515,-0.024745789254967232,0.4830643335820139,0.28159694417774406,0.05476492487109315
2003-10-22,0.6100050468934431,0.0538589505161468,0.5010016042762954,0.4182501030599214,0.05727016742278647
2003-10-23,0.5964942399772883,0.23434358294323193,0.4447493616594706,0.4487560297086719,0.03281176377422065
2003-10-24,0.6890945546479981,0.09618161854977908,0.4937573327653058,0.3471702953337021,0.011624002218466423
2003-10-27,0.6818043825523128,-0.2845949850523346,0.45643535213821007,0.36024422345082785,0.05831476784410176
2003-10-28,0.6918826878755999,0.07595352720817922,0.456918761083288,0.3689692294615097,0.05103753540328346
2003-10-29,0.5992838427951853,-0.14195779844670703,0.5546582320086608,0.26282568707364945,0.0453432300179782
2003-10-30,0.7104390427867187,0.16564593803692457,0.560662647695693,0.3537060487974742,0.04567984757118761
2003-10-31,0.6225029640460445,-0.2866303629049424,0.48030523882378595,0.4493654847643151,0.04623783057389237
2003-11-03,0.6948031530890698,-0.22143136336049035,0.4895960986514066,0.38487007797674777,0.07232800798250023
2003-11-04,0.5602105398903757,0.11826984835168007,0.47214133648341067,0.38046096488229764,0.08164532259331306
2003-11-05,0.6074025314044061,-0.1578677011439349,0.5084703889781922,0.3784390421431978,0.057831126505903545
2003-11-06,0.6114071058860667,-0.14569232433606857,0.5252928420168679,0.5653617268492286,0.034452886656213454
2003-11-07,0.6369943616419563,0.1992236429822258,0.44031152131563134,0.41577614392937695,0.09941236604769202
2003-11-10,0.5751315840514467,-0.2953849855063803,0.4744427927997091,0.5191899334413573,0.00690191461603138
2003-11-11,0.6775007914334823,0.04860094441087994,0.43532896743768296,0.38037193486120635,0.003173487102307904
2003-11-12,0.6450850004450868,0.035107245915719586,0.420338203983353,0.3109682151980128,0.07689720625834828
2003-11-13,0.6267961117925642,0.107258181903438,0.4032964684298458,0.38378760245201415,0.09783332849241011
2003-11-14,0.6371524384939476,0.16992239770324263,0.5483316334816641,0.4582571318808806,0.04203619388823279
2003-11-17,0.5900029746649033,-0.38160042742466155,0.4958575619136506,0.500163182520856,0.03824796188513721
2003-11-18,0.6996727263762216,0.14210982045955708,0.5376050442305392,0.43796396483859656,0.09067673115245727
2003-11-19,0.602194062661961,-0.02601205871072401,0.6002293030151737,0.3057441994208124,0.06827303541015414
2003-11-20,0.7107389395354926,-0.06440563089841168,0.5836950873794139,0.2593184990502462,0.05393002639188602
2003-11-21,0.6592952100582324,-0.1473540271895244,0.4473174174450575,0.4218534042410946,0.034776988713915026
2003-11-24,0.6804735894297984,-0.16898828771869928,0.4451577449041323,0.3908155235665045,0.05372584863980012
2003-11-25,0.625628233561141,0.10966392551089975,0.5682821535753395,0.3940584818727506,0.07278581409061281
2003-11-26,0.7227751657397131,0.04484694890705836,0.5041836218190169,0.23884326408971723,0.0003473294944907779
2003-11-28,0.6168670239841916,-0.06727738908222725,0.5709503172088927,0.4462483624066854,0.029836298870298185
2003-12-01,0.5710315439183692,0.0344508772822075,0.5587163546641059,0.5528031359387833,0.05444453390250208
2003-12-02,0.6743751983707029,0.15216933086229556,0.5288940073359406,0.438831200542345,0.08233604373757844
2003-12-03,0.692475245035308,-0.26655547949592995,0.5091747873952808,0.322743125124376,0.03461597349876268
2003-12-04,0.6489576559363062,0.24604443513015753,0.4975619961723022,0.16096956325305622,0.09374103611350669
2003-12-05,0.6093889627487765,0.18269474640348132,0.5550628469422644,0.44281862478105766,0.011284463876647733
2003-12-08,0.616000334906276,-0.2558061472439573,0.5562958090039632,0.3165718189965375,0.041924059849175216
2003-12-09,0.7392048366690228,0.11410144167090319,0.5022937580016489,0.3388614752611372,0.08837566218453746
2003-12-10,0.6253527896693206,-0.04790038440434996,0.5879684679982548,0.41864161697440466,0.020608162185021418
2003-12-11,0.5934184130545737,0.37808813703115657,0.5353980908637594,0.4768839675968897,0.0033576275754280795
2003-12-12,0.599588674627762,0.07262312554890468,0.5492991194071644,0.21103507079038472,0.07032862668649287
2003-12-15,0.730763755523032,0.25812889218450946,0.5163445869425526,0.28977302595441445,0.07405410784798616
2003-12-16,0.6473780806901777,0.01733953988287932,0.5548165341293912,0.419157739619409,0.023433927848756166
2003-12-17,0.6553120494652963,0.2894611398783613,0.5662708180273026,0.2950344501090059,0.08637302426700565
2003-12-18,0.6981281426356226,0.3281229126976575,0.6963046563132034,0.2876505966760402,0.05038958489409345
2003-12-19,0.6421441006575137,-0.41641974063779746,0.5671987825366427,0.34517997018332275,0.08157862567633169
2003-12-22,0.7261722897412477,-0.1549229940037164,0.4576182593535951,0.352873625929748,0.03189036963691921
2003-12-23,0.5312256114391432,0.15021989090146204,0.43967364430278694,0.4028457581183159,0.06725319014369137
2003-12-24,0.5261094090071902,-0.06405956090732838,0.6259491825482367,0.4360647891435795,0.030176443514420326
2003-12-26,0.5868253197517533,-0.006240697787816795,0.5463913433887051,0.4472630345843406,0.06602124238107432
2003-12-29,0.5616570818359586,0.11851345476946613,0.41284562891103493,0.337011544763619,0.03005009537574196
2003-12-30,0.6055863078774227,0.1266653652142477,0.5500564739968028,0.25944369461437133,0.09485202550267213
2003-12-31,0.5807503437091492,0.03973600190948138,0.5458316032716232,0.3420875890364254,0.09115776656205445
2004-01-02,0.6159583105244011,0.1392335994318578,0.5258352743872197,0.3911908755970927,0.04272005822945435
2004-01-05,0.7484968294040272,-0.2847365273767846,0.46170316863433375,0.4783589664798607,0.09722902353436859
2004-01-06,0.6060678469352948,-0.06364750554852405,0.5160937500456033,0.37401998592324875,0.06713425247457223
2004-01-07,0.7199269056048171,0.16042569172362386,0.5991174838534664,0.2583772944207354,0.03187344573163122
2004-01-08,0.5824423131723565,-0.5678157318970855,0.5163902291486924,0.49567031863856587,0.01492176078251637
2004-01-09,0.6658473257874186,-0.04430265259042478,0.5565951881922319,0.33111144574245943,0.07544160972381253
2004-01-12,0.6502379441200892,0.15317565589612298,0.4794539663279512,0.42996476878373485,0.08493409322600405
2004-01-13,0.6866217435477334,-0.08302005779267392,0.5961236384838533,0.6814654444472553,0.07075767974879722
2004-01-14,0.6347828603506555,0.07866141000106473,0.5250227745766343,0.41812511626020504,0.09147411738159056
2004-01-15,0.6630135812491152,0.038968468054027615,0.5117743546707259,0.4206361771325451,0.09677861885466267
2004-01-16,0.7131097969358818,0.08972715290290546,0.6116881963771489,0.37629880299873725,0.013409275105907803
2004-01-20,0.6774950119711856,0.055853567643305194,0.5193195169724476,0.4318521004798875,0.02033367330600544
2004-01-21,0.5904151668279845,-0.1265760549769584,0.5771386489283231,0.4297244273380124,0.09222261045112223
2004-01-22,0.5805383767461436,0.21079715423657525,0.5970744980873928,0.3295271564389116,0.009246399652686366
2004-01-23,0.5631207601775412,-0.028980915816286264,0.5469734822796583,0.4113140457053023,0.01904816184307383
2004-01-26,0.6218441669422217,-0.401491372149002,0.5522076231916411,0.3694380888931687,0.06736719206345786
2004-01-27,0.671683051238703,-0.13963993492220994,0.656330980639023,0.2088359449348243,0.08736204584895396
2004-01-28,0.7055583748901313,-0.04486379417562096,0.6161421397455524,0.4079801484058733,0.076169641753721
2004-01-29,0.6969777768012735,-0.07747239291056225,0.5189906697538446,0.5420504287271064,0.05588504762725273
2004-01-30,0.634325967705893,0.04431169472484212,0.6364110027861017,0.2968044757905565,0.0869473851524538
2004-02-02,0.6697745448819629,-0.11797895129257818,0.5702754010548122,0.4072278965384289,0.09570197605266732
2004-02-03,0.5649889069276532,-0.15576740856408697,0.645158711757953,0.4886191188584796,0.09371597632022477
2004-02-04,0.6368680211336383,0.04862469170257862,0.5636059713722498,0.5356583385827982,0.01173161994433345
2004-02-05,0.6299823711102919,0.046368418426969614,0.6363242535975582,0.32226285151540934,0.04789208763423658
2004-02-06,0.7179394592248447,-0.3060922819486754,0.6612009143848891,0.36273244160480256,0.06044015340787812
2004-02-09,0.6278650626087359,-0.3780020342365886,0.5590136798054526,0.2960193468973116,0.09151264595935565
2004-02-10,0.6096176827313264,-0.027462193157775924,0.6303026712124309,0.4207603351400626,0.07755138820637703
2004-02-11,0.6553838326700557,-0.21910387776911247,0.5390254692681454,0.5798725018351312,0.053365012741626305
2004-02-12,0.6032399482618377,0.33124165041145914,0.5715504131386875,0.40022879361435043,0.02615616273853526
2004-02-13,0.6935182580114965,0.2543784843877313,0.5787931710033034,0.36117569464784616,0.049727729310098334
2004-02-17,0.6372039775738894,0.06759150564642366,0.6313168680501349,0.40042298589941516,0.09813184568465767
2004-02-18,0.6709443149011577,0.3276719464541882,0.6063948863398599,0.43116528560047784,0.08397311815636849
2004-02-19,0.5640544587454966,-0.5261460273658127,0.6073148678363758,0.3905175768719128,0.03707049214312585
2004-02-20,0.6142608662542629,0.04870604083726893,0.5854313565031006,0.5127780250633899,0.05625247274643544
2004-02-23,0.6443055434129489,-0.14938465701403353,0.6395573284968791,0.3782868925053798,0.014592271310254857
2004-02-24,0.6663268341836154,-0.0954821412385601,0.5580666678290563,0.40841682301856963,0.09347582502963536
2004-02-25,0.6406414321771843,0.09596540707336661,0.5776227182251574,0.21636402162296028,0.041757807355517366
2004-02-26,0.6183613058205806,0.15876369342876315,0.5766710468784509,0.37536165974854524,0.032986528597785995
2004-02-27,0.6893188252952969,-0.14239464545178457,0.5148722425682475,0.3839368880474506,0.08333627152869852
2004-03-01,0.6157913024375632,-0.1932492639506508,0.5845860048191259,0.4491505647246784,0.06546079661210219
2004-03-02,0.6395355719216093,0.061396214537247557,0.6844473345687028,0.3657121138442436,0.02573267576348828
2004-03-03,0.6539174317322335,-0.10184267251982691,0.5518680313737513,0.341509234658223,0.09665082672503437
2004-03-04,0.6160620714239156,0.07189515950942511,0.7120357990748823,0.32839565637241597,0.04905955825807824
2004-03-05,0.6191687347192268,-0.012624602622249652,0.6147547520131387,0.4263550811954785,0.07949755143536341
2004-03-08,0.7042047896974059,-0.48527841410704164,0.4766864473307285,0.3504121827989851,0.07203135307620938
2004-03-09,0.6948650093771854,-0.3131296063211193,0.44598026032620985,0.4571179406219209,0.09168993896943668
2004-03-10,0.6521828611851357,-0.21804168135988597,0.5474001145198496,0.30302562803653255,0.06418094631823666
2004-03-11,0.6455267658736971,-0.1252630552366014,0.6216816952464291,0.11453733370956093,0.003382375716469055
2004-03-12,0.5971574067436101,-0.22521079218221007,0.584448968427032,0.34619522415098614,0.09451881112008982
2004-03-15,0.6798921889947883,-0.3718673543320115,0.6003188450944126,0.4558336423211706,0.07643388435720193
2004-03-16,0.7328323718280978,-0.09635319421869504,0.6144982885083428,0.2196137207437635,0.08425447168253486
2004-03-17,0.5204021897843488,0.16895487515634,0.5982141451659613,0.5178512689798423,0.07071695637034599
2004-03-18,0.5713298555515125,0.10398042790575052,0.6921355038229423,0.4419705608357266,0.050573291969306516
2004-03-19,0.6538290752795525,0.0017112161648699664,0.5203385813677877,0.5355572935710349,0.0617835235876803
2004-03-22,0.6094571180097468,0.1008966512766034,0.5212080740359878,0.282054033549222,0.061651936108433794
2004-03-23,0.7117543699611117,-0.06946045779156859,0.6721534539504808,0.3921769340941482,0.04878543840030713
2004-03-24,0.5479051113521072,0.17841351994634413,0.5701103102518081,0.46986888135170435,0.05516435609112569
2004-03-25,0.6412605433770041,-0.3086236455885741,0.6079202315036406,0.6196223142152799,0.05294176468416506
2004-03-26,0.664649322925723,-0.011503550601092627,0.653558521773348,0.4210668465203111,0.09774793482325117
2004-03-29,0.6504767115131397,-0.21832503443182052,0.6116528440928787,0.5035443416416945,0.08131572209139099
2004-03-30,0.5981968923949987,0.28489916424938955,0.5954019549773724,0.31122304884614593,0.0806167698947429
2004-03-31,0.6898816038460123,-0.05735884714765386,0.6379750219068414,0.37082413677414633,0.010701642869449291
2004-04-01,0.6370086928235048,0.09871204086685832,0.6145413561693106,0.20044682195482616,0.014889748574025053
2004-04-02,0.5839378129952805,0.1858819969581631,0.5933721048323174,0.34762686972285783,0.052645598540021626
2004-04-05,0.5720712992371263,-0.2159472642551697,0.4987476004929723,0.3898719281298467,0.026732473667663584
2004-04-06,0.6100781209709477,-0.19331757819706305,0.5963547088802889,0.4363970630852738,0.03730515834636822
2004-04-07,0.7446598966104973,-0.3023766839126427,0.6576385549063208,0.4973101561015072,0.05650021824479691
2004-04-08,0.601045363031165,0.040647190917206207,0.5766817648720556,0.41856885804187394,0.022585725262742218
2004-04-12,0.7154565506702275,0.1211212465262626,0.6244232571664654,0.35696906800453576,0.08478671020315358
2004-04-13,0.5657971667537832,-0.04169364210808158,0.6591442382975424,0.24728321434103526,0.08582191590211873
2004-04-14,0.5872455315911652,0.025253547246813637,0.5493876385637367,0.32074765528847876,0.009350050542710943
2004-04-15,0.6188200709135911,-0.2731234808380299,0.5497064451950152,0.4703427916787309,0.05527014395296953
2004-04-16,0.5746315108884518,-0.31957442689896753,0.5666891221801419,0.4731955502509846,0.0009450172654130618
2004-04-19,0.6301539096001555,-0.09291621562312367,0.5996565341977778,0.2254292567140348,0.0499858393112792
2004-04-20,0.6647352826887516,0.07668700628072883,0.5766943995930432,0.5005924511796417,0.07843763107901112
2004-04-21,0.5836251950523481,0.22558179865071382,0.6045917802029814,0.3663447410121827,0.08579603133636694
2004-04-22,0.6390063182315844,-0.02145295316218835,0.6575746466414957,0.29233208725289866,0.0528159185641648
2004-04-23,0.6018740380426701,0.20726057841449597,0.5664633819572326,0.4900533077331592,0.02114170558845472
2004-04-26,0.7249717991504355,-0.08035900538832674,0.6292654259748853,0.28463077186601415,0.08875543070344936
2004-04-27,0.6777366649033905,0.039884797197353425,0.6184747270225386,0.3354427927964605,0.004656197074174329
2004-04-28,0.5569458292216414,0.10065041294990096,0.4912648947674919,0.36826495077574656,0.09255848100809233
2004-04-29,0.6870590933209985,0.03837954717460722,0.6914512750609981,0.5025109152581774,0.05635098640479835
2004-04-30,0.6073050805837212,0.005462675970287734,0.5912516677130263,0.2417823236653873,0.09287663612546593
2004-05-03,0.5929800541757824,-0.11215218139597205,0.49049041926178993,0.40474934682516434,0.09614691898760058
2004-05-04,0.6275464077673479,-0.33457878026231486,0.6120472889655912,0.471587274469096,0.07522544698468651
2004-05-05,0.6513517239432445,-0.06481363504179403,0.6209315744499053,0.4680220360476691,0.039829602039512205
2004-05-06,0.6553701784859844,-0.1649224500869522,0.604700087366805,0.5195480650825479,0.016245025071470586
2004-05-07,0.6101685470694135,0.41958786782648627,0.5640869905158483,0.40324070133401363,0.0834650560091752
2004-05-10,0.6063757201996832,0.04465416718405218,0.5016818540085854,0.3453958201183279,0.08965257670027199
2004-05-11,0.5853939399825716,0.027067669578458183,0.6379669382971516,0.4646006187114552,0.07556092645208923
2004-05-12,0.5214170319570554,0.40841393058557607,0.6024488802506891,0.32235008595069997,0.09884779579141031
2004-05-13,0.647856395949547,0.035237964500538475,0.553771609506771,0.4197916667342076,0.05007928516377252
2004-05-14,0.6096263856189846,-0.08087239853800456,0.5522182680581704,0.2567328710260347,0.00536964319473936
2004-05-17,0.6472918235107692,0.11705988730326762,0.6104667849092624,0.48199252526352343,0.0838674657613175
2004-05-18,0.6562170105007434,-0.10654509964338071,0.6260818006760825,0.26424824601580654,0.07690056533654424
2004-05-19,0.5949664308743761,-0.19284001428464895,0.6374673224340284,0.49427885141400757,0.039670304930895954
2004-05-20,0.6643652618522498,0.21438597304235946,0.5388563896892976,0.43485951198609807,0.0029625658945165115
2004-05-21,0.6337412785808418,0.16937642077698278,0.5764056143926147,0.3615057111589919,0.09925858784507974
2004-05-24,0.6670454259280495,0.17523383343824658,0.5467321336111335,0.3938924328647624,0.03558111977058479
2004-05-25,0.5870779683179174,-0.4996122034985879,0.5894817859323014,0.4608905356254632,0.04318479462395447
2004-05-26,0.6531033404543363,-0.38991234355087345,0.5612170265317752,0.17816522399489187,0.06606719075148755
2004-05-27,0.7084850553827092,-0.21721091642361723,0.6408218617844132,0.4945869643684146,0.06186158902598879
2004-05-28,0.5949704823731969,-0.22655699025354903,0.5948540744627466,0.3155675962816929,0.07131085326783858
2004-06-01,0.6451242321079104,-0.09656551816138367,0.485334436548834,0.1769531980875541,0.015422096386551842
2004-06-02,0.6513342124247299,-0.11231154926612508,0.5459834696186073,0.46958638390937857,0.0633900881963051
2004-06-03,0.6986721138316223,-0.05450894427236184,0.5558466334582195,0.4500143033113884,0.03166782286815362
2004-06-04,0.5721532215150212,0.04463061094953941,0.5997027061894614,0.46802302084176295,0.0005195222370030117
2004-06-07,0.5431623648748768,-0.15227105396178814,0.5258524267970726,0.4099886954409213,0.03599174973468966
2004-06-08,0.6640372289883992,0.2993420814891963,0.5442243681678236,0.35024275016907863,0.01325070044941994
2004-06-09,0.6974836009439374,0.05931538770606102,0.631556656183544,0.4288728003009836,0.04488436770214515
2004-06-10,0.5821441690643365,-0.26662567095556133,0.48979452860626743,0.46620518347584733,0.040804417508313755
2004-06-14,0.6994298411543505,0.36987242827727623,0.606260649750258,0.5162838577534986,0.03539142873452589
2004-06-15,0.6109991833673157,-0.23128316334877136,0.6057821180110805,0.44176807522394007,0.05980437977942729
2004-06-16,0.6453722187170446,0.07747429612659798,0.5786062645505987,0.5283816859853562,0.03852379173959837
2004-06-17,0.7047492792408478,0.10884407046806942,0.6039022898286,0.4514062552424776,0.038779955937839374
2004-06-18,0.6169415133982691,0.15131293498262802,0.4910491123093735,0.5053891552295884,0.09011360448564332
2004-06-21,0.5802738530116982,0.05716065735894659,0.5159831944115519,0.4553388983074427,0.09781730640138873
2004-06-22,0.6383037387036046,-0.3189511916326665,0.5784263382244506,0.342207922316729,0.01695829233923255
2004-06-23,0.6840573360406684,0.0002651377468814459,0.5763106830622399,0.3042431044984788,0.013884005895941676
2004-06-24,0.6105333884286319,-0.09172772722021691,0.5985210997414253,0.567737708780549,0.04931239422107847
2004-06-25,0.5997414124128562,0.21536962893153608,0.4463467642077751,0.2805810598907711,0.0434676269262745
2004-06-28,0.5920610771906613,-0.27050173788814447,0.4730776313993196,0.44129989121377977,0.048423131393392854
2004-06-29,0.6292966151136069,0.07588107952102195,0.5859211492180862,0.42656169931725335,0.025169973778890287
2004-06-30,0.6728881588075187,-0.013906457248453878,0.49118789597288887,0.5057814180820797,0.06250336877688947
2004-07-01,0.6105443933609437,-0.1871192597524852,0.5407815629998749,0.30871890807034874,0.01955482248802605
2004-07-02,0.6191284809005284,0.0688107843126933,0.5662345306000448,0.3102169933574371,0.0304657995751257
2004-07-06,0.6156147313525628,0.21486660095404875,0.5702034392019276,0.6075065039348542,0.0332217215311627
2004-07-07,0.6990064086870764,0.22885861371198782,0.4751342840447642,0.47638603516334227,0.08040764619573826
2004-07-08,0.6373446599151544,-0.11019636070764992,0.5520743761846922,0.4945211534611484,0.0334736223746957
2004-07-09,0.6650415795502106,-0.17569476026841202,0.5799443245090405,0.3362412457924036,0.08595084671008352
2004-07-12,0.6508341559482144,-0.06067001349542685,0.5293351264108357,0.476624297504051,0.01361244715782648
2004-07-13,0.5879903140092051,0.3890390148553866,0.4483819087561663,0.3402332316745143,0.09472789220161162
2004-07-14,0.658510594497087,0.11686283328706198,0.5335733254103389,0.3942609296998458,0.03141832811954414
2004-07-15,0.6605275042663808,-0.04621389549153607,0.6074204478518823,0.48393491142316025,0.09687252217466956
2004-07-16,0.6836412175502817,-0.19323134467408343,0.5329598588541571,0.3699534051279296,0.06949577676721101
2004-07-19,0.5897199312155267,0.07203283678915338,0.5075748636988341,0.46554038298502376,0.05758792816249606
2004-07-20,0.5864904218552834,0.34380812256836424,0.4888253507142922,0.4219302337200436,0.03760553023241471
2004-07-21,0.6795929655194034,-0.11412808604002256,0.5754550884718281,0.2770816402199584,0.03929351297394599
2004-07-22,0.712605884959128,0.002829852993151659,0.5022058389471349,0.3700818227572566,0.056385050862878594
2004-07-23,0.680445963469636,-0.11689105837008765,0.4937585965944801,0.3778463402416262,0.054562908545082216
2004-07-26,0.5811518943615016,0.36410878158836313,0.50054123754013,0.4831616786180404,0.05500991569974728
2004-07-27,0.6504735041823887,-0.19690681009639363,0.5277869283887376,0.4784002779310748,0.04616222228331485
2004-07-28,0.6305869332456847,0.2386225891702056,0.578390615337526,0.49189148546583294,0.04384549543089086
2004-07-29,0.6170171613863502,-0.2159684895562974,0.4958723601814788,0.41962409406667206,0.06928352793243428
2004-07-30,0.6672893356766177,-0.4343142809520895,0.5253899138374637,0.4158089225323185,0.07956568359959544
2004-08-02,0.6261227871842224,0.2582547678031758,0.5446599372947472,0.5310191908080897,0.04993032152889603
2004-08-03,0.6292019739824884,0.187495498501385,0.6045980577422044,0.5311693449272661,0.024202116767079885
2004-08-04,0.5853929203285634,-0.0507352155084762,0.5048683428558708,0.4489254535076328,0.07152363912994263
2004-08-05,0.6743176777507267,-0.16777853480514726,0.5248085921307116,0.19800726678438638,0.0073965135582288455
2004-08-06,0.7120972502900945,-0.10247484813533872,0.5235084100018573,0.3690350286011939,0.04792346997726263
2004-08-09,0.6973013787506708,-0.5675012882794758,0.5178331480582881,0.38941812425023026,0.050661264302950905
2004-08-10,0.6173181806204159,0.34524530912712653,0.47363162164699396,0.47717961772356615,0.06917088658981077
2004-08-11,0.6578126394353042,0.2523038505071032,0.4839825396447783,0.3267031100876241,0.07907209170492592
2004-08-12,0.69480349537387,0.08506426166602209,0.4394486898731132,0.34606949855367297,0.08955015153608992
2004-08-13,0.659319132692403,0.16755284430931783,0.48209744319104053,0.1085744010183059,0.06381803670108412
2004-08-16,0.6661611592868517,-0.24406413798879517,0.4133432926297463,0.11676740750158593,0.07689540479200406
2004-08-17,0.680699043009887,0.025723490080993307,0.5023321071780663,0.5389024362962762,0.03550088194484896
2004-08-18,0.6718662341511537,0.3232600085443833,0.443393613211854,0.3965449376046037,0.00442966935278496
2004-08-19,0.5591643312525993,-0.045876466371093445,0.5000259946417187,0.4626613637263071,0.06774718958641857
2004-08-20,0.642278194057095,0.12468142765598311,0.5470663041374874,0.6154928677383142,0.07526827777296058
2004-08-23,0.6242351672356938,-0.1882045401332758,0.5225793143074905,0.31977199728604566,0.04304555438901823
2004-08-24,0.7140980384218268,-0.056643607789046514,0.48147989475088326,0.35286842788488826,0.025873837040365544
2004-08-25,0.675920871173582,-0.03154939664629705,0.4771708597851769,0.5665351917623531,0.05187977668493496
2004-08-26,0.5971915079669126,0.007113214806598706,0.5413770533568435,0.23686648895829268,0.057523539827042613
2004-08-27,0.6640130250702962,-0.2110215350960899,0.5494206328655524,0.3037348988081024,0.039113416867750286
2004-08-30,0.6746384515924431,0.22116661325894255,0.5499871854614977,0.42513166482381026,0.05885899565401473
2004-08-31,0.628434952853515,-0.11528391526696878,0.5800370384274268,0.3300504779832357,0.03449673875995183
2004-09-01,0.5881466963215002,0.133073787006566,0.4662612851326252,0.3049936502533873,0.01045493580060617
2004-09-02,0.5678197868915118,-0.09658196789210355,0.5015281956510257,0.4243091727660699,0.09617278656799705
2004-09-03,0.6875653122149742,0.10537958473315874,0.49572927717351856,0.38018043236202803,0.09406761581461931
2004-09-07,0.6655078734457592,0.2545140325857139,0.5101578163259248,0.35308691457895913,0.031189034389754147
2004-09-08,0.5903566999457227,-0.28904105288244514,0.5368317870037627,0.45779785236395576,0.02068673262083145
2004-09-09,0.6688681762553331,-0.02573188927041118,0.5735549924278378,0.35158815054151826,0.04761625312091636
2004-09-10,0.6877634618603603,-0.0077485789979086055,0.4724945150610601,0.45925303073177615,0.06967632655236661
2004-09-13,0.6604818059341997,0.07139455185338522,0.5061713033314267,0.3962106918283169,0.03002640831819403
2004-09-14,0.759418599643522,0.2368513290392346,0.5380087460134682,0.41117991582033886,0.011508526669878595
2004-09-15,0.6903578600298335,0.10359895527829038,0.5029519011488153,0.36964356747340854,0.06479699172777137
2004-09-16,0.6359541331168655,-0.6340851471756112,0.5119602777306946,0.35115239198896403,0.016435409285070323
2004-09-17,0.7196334999141443,0.0038688141623508584,0.44178500961941275,0.3950119845871882,0.02439129465519927
2004-09-20,0.5876939457468748,0.09468148314249329,0.5152761805023767,0.4957839631108268,0.01601357112153593
2004-09-21,0.6004559104152718,0.006801619245629361,0.4323386979789612,0.4701494781924715,0.09584626217339498
2004-09-22,0.6659435590220061,0.09916100420551417,0.5005463360597691,0.4414772890788791,0.04050474362802529
2004-09-23,0.7202169554154298,-0.05701885140840279,0.5072878985087195,0.29138737008185905,0.06404788766600782
2004-09-24,0.5965869519200834,0.01956265861866148,0.5554572620546291,0.3743719175748428,0.002919227434239058
2004-09-27,0.6282041735343938,-0.08137704890087494,0.473325990253764,0.4294971455708822,0.019732443578224637
2004-09-28,0.5651371177410678,0.2561879153333455,0.46675665423892765,0.47219034854381414,0.038883578035570715
2004-09-29,0.5765000701303062,0.13376802610924363,0.5336037324726319,0.43842020720058966,0.02057844793673219
2004-09-30,0.5902785739100104,0.049909637919615404,0.44084721966204593,0.37472367449038146,0.08087297886312608
2004-10-01,0.6914706550477663,0.1593403854141484,0.5007674986385164,0.30251934240771583,0.01017520487271424
2004-10-04,0.6722793856087097,0.0038762475396050427,0.38410626769953576,0.47826298263165185,0.01869598356320934
2004-10-05,0.6387883583065154,0.24049024959661447,0.44542595907274335,0.08232961868039995,0.04575504222061855
2004-10-06,0.6539541929172593,0.058312735336394556,0.4157380807711457,0.3021500454133394,0.08626365474573074
2004-10-07,0.7777608871859951,-0.061122122830760676,0.5369165035220854,0.33493401726316163,0.06391085856661506
2004-10-08,0.5354848550573421,-0.034051649359181105,0.4871999059839319,0.3600121761331629,0.061130842113900186
2004-10-11,0.6342679582246804,0.05285365432912731,0.49339679292797745,0.27359938320526367,0.03479246374367544
2004-10-12,0.664309239578097,-0.38987435106448465,0.39855472040677986,0.4739180494701568,0.0617362679336425
2004-10-13,0.6653510136067678,-0.011479073014807203,0.43148459922037574,0.3292089059325925,0.07059883609459801
2004-10-14,0.6268626626156748,-0.3191787937148227,0.4645044465747692,0.465233033817668,0.06144845157129195
2004-10-15,0.7113652682144609,-0.08388695053171014,0.5394935171958001,0.20859399294125328,0.013394776965071065
2004-10-18,0.6729725620556806,-0.16078968294549623,0.5177615781519931,0.37522475817602907,0.030538000253549892
2004-10-19,0.7060207004891917,-0.17488712966798364,0.5340446189707723,0.3720492536703467,0.06934365417164455
2004-10-20,0.6320847260995168,-0.03677077863184194,0.46066466303803844,0.3985901034093329,0.041823910621125865
2004-10-21,0.6368675888939089,0.04824804968134586,0.5074715130670654,0.47979945496122367,0.0383709962837687
2004-10-22,0.6861754308023684,-0.21012466436556024,0.5469966535167482,0.2813663572890146,0.06355016420586353
2004-10-25,0.6693927944068868,0.12394775694057375,0.40900957023824935,0.409297924652941,0.06452600950799504
2004-10-26,0.6165751943319843,-0.151753051587075,0.5724841816921425,0.33463208593625815,0.05549125758324974
2004-10-27,0.5996811535440976,0.01513898800101869,0.5396005363237211,0.38583514139898734,0.014029653509779706
2004-10-28,0.6983185272834627,0.10619513239281811,0.39680318809425036,0.3470533036492992,0.04510009707466511
2004-10-29,0.611907895032415,0.09587219068588447,0.3748787113468025,0.6549009708717722,0.035903917217136885
2004-11-01,0.6665513047447105,0.02977536078353822,0.5664927902836114,0.6343654052812625,0.01365347146624959
2004-11-02,0.6835373322294201,0.18976261929432403,0.5144058967238889,0.3858474246633052,0.09638290894149398
2004-11-03,0.616210227799755,-0.16522239834290842,0.4739901480855662,0.2649444035657017,0.049496984786640365
2004-11-04,0.6362064274657488,-0.3369335154452774,0.5183684644594055,0.3963669391957658,0.04156304352741119
2004-11-05,0.6473467649193344,-0.10442631400399849,0.6631596269867452,0.5360115900180313,0.048869951193968565
2004-11-08,0.5777728749957639,0.04657361748537965,0.48046984276474464,0.2985520273292586,0.0030860705643004807
2004-11-09,0.5729963964438033,0.08644333815185079,0.4773423514191822,0.4967826024025204,0.029208990955870665
2004-11-10,0.689689110726522,0.27478287704228993,0.46934465712847434,0.44753656106920103,0.053760861820481946
2004-11-11,0.6716227108321151,-0.09483563502079298,0.47393928528774654,0.5609520665775973,0.04573213872734491
2004-11-12,0.6513747937866027,0.1271935501423476,0.47199905889344673,0.27807155334778066,0.07659195549436908
2004-11-15,0.6115275112753945,-0.024804277477999407,0.46168160218889764,0.39901551913496175,0.011321099529202317
2004-11-16,0.555574740596575,-0.22400948449397445,0.5490557621805644,0.46037905202778945,0.07751130278639956
2004-11-17,0.6204061617306567,-0.20355286181539062,0.46476782551415197,0.36267317540586863,0.03668617721054209
2004-11-18,0.6722259245822646,0.18564913826886492,0.4919492399497588,0.2846507574015216,0.004161052227023332
2004-11-19,0.6533921818933167,-0.1647069941251699,0.4915108499815998,0.5325276090437038,0.05463532747219646
2004-11-22,0.6813557714282884,0.03159486245029034,0.4558275561544086,0.42113965674706594,0.01024164388774983
2004-11-23,0.6931328645393764,-0.07512673315310713,0.5876642474263881,0.5292745289518207,0.07513454947436722
2004-11-24,0.7231866416071737,0.06104862530627059,0.5501720099974157,0.541418728833109,0.09993126692789078
2004-11-26,0.6623696968534488,-0.10024682155804254,0.4997887595498045,0.42385549537737394,0.03485769768223138
2004-11-29,0.5754719289026891,-0.028651783072838527,0.5792245969959395,0.1808746148834719,0.0439069903383333
2004-11-30,0.7167241050897257,0.22447484374063192,0.5021515652861294,0.454339082787181,0.07756316498807736
2004-12-01,0.6401573863453164,0.24599807368773663,0.5750238647436794,0.2599929276816991,0.08107027168394103
2004-12-02,0.6693631206732088,-0.04112557072864953,0.5307883822820336,0.32718280990301846,0.03506308411139897
2004-12-03,0.7274068534560418,0.2080123639805152,0.4904221523097075,0.26653893930897676,0.06327706309271384
2004-12-06,0.6207163684511076,0.08690052921826115,0.5417520660762735,0.5253132824768244,0.013923496592677609
2004-12-07,0.6794959861090426,0.19391380515058138,0.5468738629532618,0.261070126978901,0.0206942720751766
2004-12-08,0.6302150734426549,0.21201794798173312,0.5287500267031142,0.4503090368623747,0.035081547895283095
2004-12-09,0.6240625842376933,-0.205962369708369,0.5259595760194514,0.4309047443032654,0.0538768546047638
2004-12-10,0.6072156140269278,-0.047142248971333706,0.4859595121884491,0.5119244917564096,0.07040537617551886
2004-12-13,0.6252772121205983,0.2905511090252366,0.6118170936794916,0.39189540352782565,0.026734306627808013
2004-12-14,0.5895775633726326,-0.41717957554666746,0.4626024990985124,0.26261651751013404,0.09854883022617943
2004-12-15,0.7089234813730753,0.02316491744538922,0.5565133129058292,0.1779578991064874,0.009522516381434276
2004-12-16,0.580101678539137,0.1774159552892574,0.5522043633899996,0.3852794721314403,0.07856910482912974
2004-12-17,0.6682421179300061,0.327159561227163,0.5276496964107465,0.406936980265807,0.09924862256446744
2004-12-20,0.6496298459365653,0.4784219270547985,0.43626155708883485,0.4683223014788808,0.012688816861381026
2004-12-21,0.6342598875620469,0.11335434523683592,0.509208783552222,0.395103496914155,0.02496772419381398
2004-12-22,0.6755705289732747,0.6225820402087683,0.5833296060857065,0.31519344019694917,0.08284818026986326
2004-12-23,0.6188120158988648,-0.09068282167677082,0.4539981161265093,0.3669909808298563,0.0676234553699946
2004-12-27,0.6766414540910872,-0.25484642381535905,0.5996301947072611,0.4487774821084338,0.05774255293041615
2004-12-28,0.6032883339014481,-0.028305927467569488,0.6279813008732253,0.4733547813505866,0.04142250893650377
2004-12-29,0.6404391827449074,-0.047536663392196865,0.5527553848855423,0.34882364420576967,0.06336277633502978
2004-12-30,0.5347625247140493,0.4084355821069462,0.5575512203248211,0.43981472651225373,0.00930947840426174
2004-12-31,0.6371046125061546,-0.1470233601449176,0.5413488489500324,0.24006052378056889,0.027822568785178373
2005-01-03,0.7638543249026652,-0.24690239968447922,0.5009809041511115,0.35597407956135996,0.036907117407542205
2005-01-04,0.7144037862426189,0.0029017998525308272,0.49163098062253396,0.525433836075734,0.03272892801609303
2005-01-05,0.6865500313392741,0.10768699144329048,0.5900820172716087,0.6394361900582451,0.07741352904376933
2005-01-06,0.7592547447518057,-0.13734306860065906,0.6363458185927167,0.43831681897589003,0.0730931937487053
2005-01-07,0.6749547908068875,-0.33845416632866576,0.5474870199897077,0.31871764096634353,0.06641438208318426
2005-01-10,0.6914029407446655,0.21421610008056102,0.45483453542969443,0.39779651359957297,0.006333068606017467
2005-01-11,0.7060930752397127,-0.037335792462689,0.5958581531307081,0.43511654676270844,0.02178299350152059
2005-01-12,0.6670830115976314,-0.05426299561365949,0.49941926549168936,0.2878469852574973,0.021185146640773825
2005-01-13,0.6854676257227659,0.003891651103776624,0.5541629956474629,0.3576109957677648,0.0828343617048808
2005-01-14,0.6347405577259624,0.2093823588976279,0.5451634246663025,0.26589352866984317,0.057793364026095154
2005-01-18,0.6871825887770087,-0.04097533277294345,0.5668057549320971,0.5607578306399511,0.04853379040085051
2005-01-19,0.6489719721324747,0.05783673462374507,0.5071067081443473,0.378033054764904,0.0682551926093206
2005-01-20,0.6804763022604301,-0.3110747467682485,0.5769073081125947,0.41007910726448066,0.009957474191620587
2005-01-21,0.652064372779372,0.20743177973164864,0.5843941593061305,0.5478071898356445,0.04595817626735669
2005-01-24,0.6003205242202982,0.027184913443669596,0.5742847885918725,0.293074550624492,0.08576515999286138
2005-01-25,0.6978147501045673,0.4649346611705636,0.5699959903422449,0.45050210882737673,6.759315121042108e-05
2005-01-26,0.6542259237907664,-0.14271693398143517,0.4805869562165982,0.3294226516904635,0.020231820639739974
2005-01-27,0.5804020809524134,0.3408204156118236,0.5666417622742327,0.36540806709528295,0.013191308738401353
2005-01-28,0.6944576912393903,-0.2243502205711776,0.534819694228147,0.40680722692486215,0.015897746290581938
2005-01-31,0.7014384495711741,0.10033700903375764,0.5878340790226697,0.40781177352360165,0.02740194580952822
2005-02-01,0.6700117927763388,0.04033058102585093,0.5246561014286099,0.40460792216331515,0.025038927854910888
2005-02-02,0.5963155670541124,0.016216508580164744,0.5528514717626187,0.6539381622782862,0.09038002688356579
2005-02-03,0.6480052808124144,-0.2808479132523178,0.5708960566034499,0.4519358745637888,0.03963415669322332
2005-02-04,0.7336681973076262,-0.1178904799877437,0.4991966979528906,0.48168370114309816,0.06994413715245736
2005-02-07,0.5809700647050174,-0.087231088301497,0.5675250507191274,0.3930366546699892,0.0655485228383535
2005-02-08,0.6844582228537168,-0.13672685645727753,0.5673978819049894,0.39857296470506115,0.00010863036917236891
2005-02-09,0.6574798978759394,0.019565434941584536,0.6035537044354662,0.48438395096417375,0.013269979203998661
2005-02-10,0.6696317057825484,0.09071710470184369,0.5033019321514618,0.40502276991656805,0.06799827251215791
2005-02-11,0.6739753774000805,0.14578823891409007,0.5484456350365923,0.3340960725111355,0.06955971072880487
2005-02-14,0.6212949662358201,0.10728277997826868,0.6366480177744883,0.35925398927083985,0.0988154909464272
2005-02-15,0.6953981156813525,0.024695961832918844,0.579349498740569,0.3788615770182031,0.013217515109256084
2005-02-16,0.6873305682301079,0.06511556335741402,0.6999543576545688,0.3147775357002676,0.038306992567577275
2005-02-17,0.6759050851014988,-0.10584020196230258,0.5432873343572149,0.3989132862965028,0.010242717044950667
2005-02-18,0.6568676239703518,0.5836347110120185,0.5781221149424607,0.2869821270515317,0.08809889949802707
2005-02-22,0.6636505358747193,-0.41492800750927367,0.5849303307153642,0.4016025282295161,0.07734604836506243
2005-02-23,0.6897300191472606,0.1947244498855694,0.5648705356035287,0.38493859853700674,0.013314623118621216
2005-02-24,0.6116939584694665,-0.22561251096153878,0.6060527510729599,0.27264144514034006,0.014285306683489386
2005-02-25,0.6292686549714068,-0.1990347919798475,0.6185391652051575,0.5801430099266488,0.0008474741953009568
2005-02-28,0.5849206008598334,-0.37060369657951386,0.5862281797065706,0.40156977959577583,0.04400994207798519
2005-03-01,0.6609329653378649,-0.08926410304686899,0.5828881112233231,0.43675104105406026,0.06280800383409026
2005-03-02,0.702021544632242,-0.39100975406365657,0.5749079556624874,0.42138087939410634,0.04117098943596781
2005-03-03,0.6041011947694632,0.34623392635345995,0.5620064556314948,0.39587073129927175,0.085996252460215
2005-03-04,0.6778011048421145,-0.11825695776037891,0.501857364977879,0.3571345473083467,0.01004651124776388
2005-03-07,0.7014720277963521,-0.06737902535702771,0.553012588531941,0.49256722095027217,0.058957391776151315
2005-03-08,0.6334612551988474,-0.10203216273004345,0.6031631869654985,0.47707502096187876,0.09632487105532642
2005-03-09,0.7690856765866273,0.1654472215314846,0.6540249391599294,0.34940338010121447,0.01398301888092337
2005-03-10,0.5987065947015262,0.012466269923824594,0.6017203730738776,0.2921487258635403,0.008424871599798668
2005-03-11,0.6412352735047994,0.07986352034382618,0.6146967643068001,0.4504287853384273,0.06000078672258529
2005-03-14,0.6645482365068722,-0.10140173185401116,0.571844487290687,0.2801048602006124,0.077896965251326
2005-03-15,0.7392387519592548,0.0026900729238586015,0.5865563144024614,0.30712079185475416,0.0847892104439959
2005-03-16,0.7967828951163889,-0.2146656064445791,0.5766018749975713,0.44158368362860606,0.03016493335771986
2005-03-17,0.6800106482872139,0.1915864110431368,0.68865578367918,0.45061576554607125,0.050952256611471264
2005-03-18,0.5971984600016667,-0.05138902502435631,0.6138837784740591,0.6068226041505824,0.02955420512420667
2005-03-21,0.5801097260787852,0.2405153010450455,0.6080519499659065,0.4837830535229481,0.08979125603569897
2005-03-22,0.6449002641682035,-0.1684865260252653,0.6367589311950184,0.46544310271056216,0.04948877199432669
2005-03-23,0.6986028482869862,-0.002660927075727062,0.569368688198558,0.24412130049761585,0.04995825412726576
2005-03-24,0.6909686634069704,0.08477789648879722,0.5512005485051557,0.3461426326703376,0.05282865009361842
2005-03-28,0.626662059402428,-0.2965968863964836,0.5589783562236106,0.2866169643193646,0.0986882532843189
2005-03-29,0.6293760494056032,-0.14773949966591257,0.5185685992800197,0.6022590230569482,0.013198288073270205
2005-03-30,0.7126270365514615,-0.15580388430399714,0.6135815126360793,0.4417465089821295,0.0568380388772961
2005-03-31,0.7095542927386739,-0.16372100533201572,0.6545925953837499,0.34520946957930654,0.06829420490024261
2005-04-01,0.5832068797915694,0.14482731186289946,0.6645371987386575,0.6587908973530685,0.09544529839408865
2005-04-04,0.5900137367454894,0.13978393701615777,0.5794565135045663,0.47833587105240316,0.0016689401770856205
2005-04-05,0.5764755224384375,-0.25255395513971285,0.5611056959574557,0.4078964045668085,0.02621852771620671
2005-04-06,0.6179459366730823,0.13181086878268394,0.6511822634039653,0.4599577541245356,0.00604688595882057
2005-04-07,0.7309393819830434,0.0831653258910686,0.5389160446216782,0.536337651353834,0.0506610604274927
2005-04-08,0.6197421882197002,0.182083699937114,0.6783562135690501,0.44566880107303997,0.05010489655070752
2005-04-11,0.5751920593417675,-0.1836424333019583,0.6654445357613366,0.3830877314357184,0.07018106386235164
2005-04-12,0.6539786767471083,0.15176488323272186,0.6339734917901236,0.4278799812385461,0.05365648160700154
2005-04-13,0.6395665814389767,-0.06253368914647146,0.6418877797693605,0.45535695310677937,0.027746773573456007
2005-04-14,0.6371349999691105,0.21642246259862816,0.5923621247978574,0.3148337825665607,0.05113046982953315
2005-04-15,0.6120514650548328,-0.1957481672619532,0.5849998769759155,0.5233724278336194,0.08080600809706534
2005-04-18,0.6097452409484746,0.03769515220362058,0.5651194772203351,0.37396909587285626,0.039073150296834974
2005-04-19,0.5744979394007375,-0.04410764583130748,0.5880180585126439,0.4540287944035696,0.08345264691847527
2005-04-20,0.6611640456627685,-0.23967842499040906,0.6516485065241746,0.42103030402219954,0.006611508362121499
2005-04-21,0.6599196758588743,-0.0018364706770277876,0.5712719509367183,0.42178023397487263,0.07299583774315414
2005-04-22,0.6737794217964291,-0.349379138269111,0.5699290550559142,0.3745053029596411,0.005790594402313044
2005-04-25,0.662808530284714,0.2386622011854252,0.5573190316843828,0.3502038153182158,0.043448358860601916
2005-04-26,0.6243732944676725,-0.1603055180209083,0.5781991070110201,0.4770802219987971,0.06088324044274436
2005-04-27,0.5973082252317827,0.08556287903058064,0.5101021981452033,0.3438662003557794,0.07416935090575542
2005-04-28,0.6335255349891007,0.334971934582813,0.5810826976768935,0.17987565265490818,0.011944300690788745
2005-04-29,0.5500555546569376,0.006805917269336198,0.6251235951809601,0.4375455857627253,0.07014996112238661
2005-05-02,0.6583785052900495,0.2324519195011334,0.5662137939023302,0.4894910556026826,0.09530162017546977
2005-05-03,0.5683992557486791,-0.18098956658761325,0.5024016556828939,0.3725154699330208,0.07829871015437459
2005-05-04,0.6476869391366828,0.022820298445303984,0.5953956120489435,0.30724466691882724,0.016696295419238085
2005-05-05,0.6404879577793392,-0.2994893337211497,0.6599980944583372,0.3696373927101999,0.07811239799369876
2005-05-06,0.6255556940478154,0.31778806568881657,0.5292471401848511,0.2874412885968031,0.0886414759740656
2005-05-09,0.5951889837565718,-0.01357427633989638,0.6114366611212396,0.4739675468117834,0.0029356251172803494
2005-05-10,0.7785997658747484,-0.44988649084015275,0.6197666077605509,0.3442869427427769,0.027198059502135375
2005-05-11,0.6206792425555614,-0.12395442565077552,0.5433544550999505,0.5684524834603453,0.07123232482004954
2005-05-12,0.6921148663506952,0.0046391957114749645,0.6557953571460562,0.24874710347011245,0.007707003128638534
2005-05-13,0.5834647434334537,-0.43559354643893755,0.5527141562134814,0.4161698526704753,0.03601238955217533
2005-05-16,0.6551429288966167,0.029868382211976092,0.5153867523111171,0.4803154742614022,0.05668861282384499
2005-05-17,0.6619813759119499,0.1466108562931997,0.4906982188993782,0.431149085879779,0.025511608103907814
2005-05-18,0.5906117380041237,-0.07946465051027238,0.611440850037263,0.40910936062559133,0.05739123051920565
2005-05-19,0.6074230010110341,0.001254631236883657,0.5075218416923409,0.5150267395898296,0.022840442315325105
2005-05-20,0.6397357990251875,0.2237099888510652,0.5571379351222607,0.34764240115934175,0.004403790726280954
2005-05-23,0.6117906606681077,0.17523478633861508,0.5460320466827947,0.46445954324151767,0.024455145035670346
2005-05-24,0.6308773801165355,-0.395192659978324,0.5523153572654587,0.2820891785637152,0.038297947436739914
2005-05-25,0.6516951361841169,-0.23808154713489804,0.6264481483892045,0.3908924139646973,0.09311600771571855
2005-05-26,0.6411202002620631,0.13117842755751652,0.627654151065408,0.39799012482303486,0.05528647884958646
2005-05-27,0.6114399850225355,-0.3547939232224259,0.5444570101838399,0.33827877533520384,0.07406658281065769
2005-05-31,0.6553528726496148,-0.06902937622760544,0.6102759241152309,0.33870167287293107,0.032180201447206125
2005-06-01,0.6471479416573529,0.23679748863937788,0.5922307966867136,0.39399624583114357,0.07202879214281971
2005-06-02,0.6199027779032412,-0.1266462793429954,0.5318616946245183,0.3458993134217101,0.007788706996691198
2005-06-03,0.6877832919372158,-0.04437765425845375,0.5061493069952524,0.5768169293059784,0.05020409425595828
2005-06-06,0.6659982595572582,-0.2813886801026339,0.549241257797455,0.4110886382828418,0.017934435027230567
2005-06-07,0.7352296046648689,-0.22162249165177386,0.6193547237021491,0.5399486426972343,0.0981413863941495
2005-06-08,0.6185672847462715,-0.055502723772046694,0.5179501270695573,0.3796538858919695,0.00689264377727451
2005-06-09,0.6481705012828535,0.1319299996164741,0.6234818157372496,0.3251903935378353,0.028230687062090244
2005-06-10,0.5516337467887003,-0.0042489558552484255,0.5828509571225774,0.4249417687685042,0.03273009217261189
2005-06-13,0.6336663376245478,0.0249504199327869,0.64151932145406,0.43817341689625094,0.0007969173557455522
2005-06-14,0.6313315787498458,-0.10003956341919916,0.5564358229842995,0.563673996183064,0.056380674082418696
2005-06-15,0.6408349645236902,-0.003958868904141595,0.5399897045872808,0.5098983357441965,0.062271752389210455
2005-06-16,0.7479918627372337,0.09012260988627767,0.5674167965794742,0.4036782833174235,0.05916909349848162
2005-06-17,0.5307846605607127,0.1490301728569635,0.5691553112274806,0.4428342050660725,0.07726132629505245
2005-06-20,0.6144268902958148,-0.07689137579541833,0.5393811503188499,0.502162298407304,0.09004432972264233
2005-06-21,0.6310620081698454,0.41653206442195956,0.5806311103303207,0.27243173400042686,0.02451268743765829
2005-06-22,0.6435726853374022,-0.13033502443128314,0.4485217688418587,0.559947094011379,0.04100361095660199
2005-06-23,0.6851571271110002,0.10664146357986251,0.5656615396885117,0.2617982431307563,0.03464236977394062
2005-06-24,0.6258191430222282,0.16835615495680256,0.5039786323037129,0.14682306837491865,0.0877198614251575
2005-06-27,0.6386446996109537,-0.02835151080550772,0.5607520358169166,0.47285186435145365,0.00014620405355777465
2005-06-28,0.6818802906115604,0.051753961048784325,0.6128924883720518,0.24810302191866854,0.08490059877789219
2005-06-29,0.6752290907238695,0.1253076726673885,0.4902789365846866,0.24971293913176107,0.010394901935155965
2005-06-30,0.61270289367622,-0.1323082885030584,0.5890684880871322,0.33854612163089054,0.02381675945208657
2005-07-01,0.6071825740859398,-0.12232674733891183,0.6064691820958867,0.4013043374376952,0.005989507565318963
2005-07-05,0.6410374487321544,-0.022001099740210295,0.6117017382498872,0.32508282733967586,0.07116524747001028
2005-07-06,0.7157754145470052,0.04209925978430073,0.5382195520804948,0.6500900497934281,0.09212744029721065
2005-07-07,0.5972180255100702,-0.07073715191340121,0.4837618713570305,0.49524619705361694,0.0519759218492037
2005-07-08,0.734459446682584,0.3339845562809278,0.6057251492248545,0.38023795322040344,0.03724919740740808
2005-07-11,0.6317379511255077,-0.33423395449881305,0.64376494952934,0.4468978078148468,0.008490241751648952
2005-07-12,0.6254021547565258,0.2656113777973935,0.4924853167026483,0.4406622034222674,0.013351385025095697
2005-07-13,0.6413685432854583,0.1277354279760602,0.5370997620383109,0.2549072108888776,0.007483048432987749
2005-07-14,0.653778818633502,0.20977282837507244,0.5379753919281919,0.47751151215890864,0.04349828784349853
2005-07-15,0.5977235257162974,-0.005252158653970428,0.5073715886844952,0.474698084010471,0.023677173474189652
2005-07-18,0.6515745781130998,0.13801473526732252,0.5904865643379543,0.46916185751213885,0.03150089154097583
2005-07-19,0.6636559217146822,-0.19964245170228107,0.5351376133773149,0.3466909597984167,0.07007256063215421
2005-07-20,0.6327968021647887,-0.07490683015005017,0.4854608728487127,0.20426614108660102,0.03180577192661006
2005-07-21,0.6165928475836117,0.03867589038483182,0.46623313137252076,0.40156822364716244,0.007468743580247972
2005-07-22,0.7450134212155483,0.20461131105044786,0.6150087317562071,0.43911278769327267,0.07799369824688629
2005-07-25,0.7083754911493223,-0.1447929460935575,0.4982150948208495,0.1260859793862527,0.01554105513219367
2005-07-26,0.709307273702115,0.30806479596397723,0.501984663464924,0.3746048293602765,0.04660551124366618
2005-07-27,0.6123068943154519,0.07653071029549832,0.5851075943660282,0.22572280261189592,0.053592454909002364
2005-07-28,0.6704719265321126,-0.055334354343829086,0.5337543834477086,0.4458994001674291,0.020763622561035356
2005-07-29,0.6405898780613589,-0.020717370681156123,0.5166210873207009,0.4970316201788282,0.02650079269147082
2005-08-01,0.6709379980063749,0.044116707547472156,0.4614989838109593,0.3621420256786846,0.015761537706551622
2005-08-02,0.6949334580169587,0.007539314624784581,0.5572815234139915,0.5766511800327634,0.08263866879396498
2005-08-03,0.7019303034604408,0.01863166753994847,0.4980214750724173,0.14464504039441017,0.004032980810866338
2005-08-04,0.6415807538763574,-0.06520249916336983,0.5423630477355972,0.38460947730253126,0.0327793658884792
2005-08-05,0.6339807470281603,-0.35587978610144416,0.47512818667085727,0.4476651040800558,0.02482187894612551
2005-08-08,0.7357953815566347,-0.01950507674912469,0.5364129791027237,0.49524781569528054,0.051345967537872954
2005-08-09,0.6094553031899875,0.07336280865708845,0.4823140033684046,0.48648244384910116,0.02601667927212239
2005-08-10,0.6575701523975866,0.059690362796287956,0.47953373530365406,0.47070323596107855,0.0031082093358759558
2005-08-11,0.7542356460615508,-0.20158233908564124,0.5010101442074063,0.4231607474168092,0.045220116940106275
2005-08-12,0.6893203105997908,-0.11190925705789379,0.37569047937651656,0.5359189494164025,0.02498526282215511
2005-08-15,0.6880253059792072,-0.348589506097333,0.48505399860055187,0.5568182429527326,0.08038967534438501
2005-08-16,0.7223898209228933,0.18772800453578894,0.5060105079280562,0.40829874188125104,0.0011956923169412993
2005-08-17,0.6434537097436936,0.22564795665376752,0.47041811221111135,0.3194200345115795,0.09825672374836217
2005-08-18,0.7005137293418008,-0.008872291102312328,0.5825382939863692,0.33284877930194545,0.08236734151883558
2005-08-19,0.6472610819830588,-0.18448259696879066,0.5133985208913822,0.2521453063001201,0.06302975486038245
2005-08-22,0.6256183289522519,-0.28725077298562357,0.5460392453810328,0.4716589339759652,0.05823238014140632
2005-08-23,0.5634868634757828,0.2667771491001146,0.6356740654868467,0.4046006386736341,0.08127470916136144
2005-08-24,0.6179442869887678,0.5648661182006093,0.44432670862654455,0.40201064668690983,0.006447203604690976
2005-08-25,0.6589811136315962,0.2690295240904829,0.5277456619009222,0.35013661042115485,0.04434313238359888
2005-08-26,0.6024407814806022,-0.06836436404922712,0.4589078327444388,0.4047825319784683,0.0905077970380153
2005-08-29,0.6217901910069757,-0.2988075586579501,0.5705708764672817,0.3502327476570961,0.03315498912522768
2005-08-30,0.5865931597512344,-0.033651826897508307,0.5107767422099101,0.22535332744209666,0.046099492200194075
2005-08-31,0.6665823833562882,-0.2094315137380529,0.5924667996393969,0.4523960512076735,0.05738841998067228
2005-09-01,0.6300050004945342,-0.1490335540634701,0.5012369185083905,0.461279074158329,0.03949986882219195
2005-09-02,0.64872529357074,-0.043431761427371325,0.5089866398328448,0.33961410687630456,0.06832129167516829
2005-09-06,0.6328397036578481,-0.41715848778100084,0.5532169005243788,0.4298797780321762,0.021471610597002668
2005-09-07,0.6113272077983285,0.3797469962710478,0.508530392184902,0.29638564280248036,0.027985455428072382
2005-09-08,0.692836871073523,0.0796096433018525,0.5235711056259759,0.357424439534841,0.0034649443731505913
2005-09-09,0.6725247861889018,-0.05235165804421891,0.5313153759838787,0.20950555459893613,0.024578477924524545
2005-09-12,0.6283063268510406,0.34443101956163896,0.46427641276779075,0.33961617025068136,0.041199220629616506
2005-09-13,0.6276019330775012,-0.24296122717772867,0.3919474965777449,0.37694136014763874,0.0060979068932842774
2005-09-14,0.6567929712040829,-0.010501013707730435,0.4948634541312224,0.4043040870850388,0.01372360171320648
2005-09-15,0.7011420735775382,-0.03808923718584336,0.47316327240982914,0.3718874515111914,0.08846525162249651
2005-09-16,0.6789673379878388,0.28240537570864993,0.4702344765516546,0.4098933787028884,0.06307543888247555
2005-09-19,0.666917872096798,-0.1985156013457646,0.5020714146735994,0.2534326142657905,0.07948462443018703
2005-09-20,0.5615474848130301,0.0733492815784514,0.48168867989111475,0.42022804076212195,0.0781915766845425
2005-09-21,0.6491052511495825,-0.1952800097327595,0.4984660971871856,0.2766898694985145,0.054451780603405164
2005-09-22,0.7195486179000701,-0.2711940689719928,0.4908005242018639,0.2957728411952752,0.0912677016598367
2005-09-23,0.6785210586680398,-0.06628627425630057,0.4745320485108615,0.4853201545051555,0.03883812745693004
2005-09-26,0.6514715295838777,0.10332888918719346,0.4511139519831906,0.2595183056072493,0.03188775673293796
2005-09-27,0.6553603981020067,-0.06376927109894624,0.5314363889871914,0.39200915473374504,0.08957647816143138
2005-09-28,0.6602537669617315,-0.3246765059882487,0.594485670776693,0.3835758014967968,0.005859123027811853
2005-09-29,0.68487934851696,-0.1672183340439253,0.5154282642562678,0.2697155236475255,0.052943229196543165
2005-09-30,0.6726033919129836,-0.07119481687716656,0.5014660272786855,0.46979740301300976,0.09996057468113462
2005-10-03,0.588372984438986,-0.1368983461225594,0.5228976815116385,0.6098221474546748,0.010013433730495758
2005-10-04,0.6430958832669259,0.1182272235847865,0.4947207964028774,0.59422455947563,0.026652700106568308
2005-10-05,0.5626389166517373,0.018924208933871603,0.4188448459329539,0.14934284294632832,0.09172594825704405
2005-10-06,0.6648731026558908,0.027899559229491774,0.48594763812777353,0.38938059099602473,0.09963920485064572
2005-10-07,0.8049149717035629,-0.05163502760628688,0.5257778802139721,0.3350635180386119,0.08465050904651332
2005-10-10,0.6647616287520302,-0.04764673501112351,0.4800804428817614,0.5818898532200325,0.03548046345651599
2005-10-11,0.708859248159217,0.027349329479846137,0.3855366196117266,0.36389907767474305,0.08452209023662809
2005-10-12,0.7851513782202542,-0.04613233332794163,0.5560635190933507,0.5441942401952601,0.059251950918141276
2005-10-13,0.6609481957927987,-0.16836432637363047,0.37930697668184543,0.46841632086089546,0.069762656359958
2005-10-14,0.6092621998588226,0.03523009037753843,0.4387660074786611,0.3734762459529798,0.0028206569727159073
2005-10-17,0.6516859527450527,0.053718716208859575,0.4461555120074721,0.5196910948761353,0.09475587350700153
2005-10-18,0.6201552607634014,-0.33489389209064907,0.4966872068356612,0.40343753090264606,0.05631088908640184
2005-10-19,0.658029471658588,0.27242648073701586,0.4905718554798016,0.3880380375631229,0.09880062104046432
2005-10-20,0.5948407809383454,0.1641107005775794,0.5118797572965859,0.35799722727058375,0.04922267238954053
2005-10-21,0.5547662653267268,0.2888824390110175,0.4415643200399412,0.34087219906302946,0.049043642012747926
2005-10-24,0.6679172255538002,-0.23931158572333733,0.4292080552058901,0.18760524172993354,0.02326233580832391
2005-10-25,0.6860498476452818,-0.1090372489452644,0.6505862109747892,0.30056449343691266,0.05264485141485109
2005-10-26,0.603927448828554,-0.1130785940570803,0.516732147578299,0.3529796661214689,0.09178961859206465
2005-10-27,0.6806166107001256,-0.19571767799773088,0.43586197923401315,0.22017852605908927,0.013048954561918258
2005-10-28,0.5388212916031402,-0.10361380389501136,0.49027203338913916,0.3368562972516817,0.09187807873072061
2005-10-31,0.7121702898593582,0.24560604192162702,0.48979820980490096,0.22060788868080372,0.03235888113048372
2005-11-01,0.6216647445972474,-0.1199642787834123,0.4741132670735913,0.3302281096101755,0.05866091750912095
2005-11-02,0.6173268552137596,-0.07730832317955195,0.47563734952187625,0.42083225086255927,0.0774366498819892
2005-11-03,0.6680184357952431,-0.18212901743649798,0.5714246618010215,0.3019937698159386,0.08606694665915508
2005-11-04,0.5691099693092332,0.07615561427301035,0.4674704463498241,0.4321291470757388,0.03735907800833732
2005-11-07,0.5298165699449735,0.2784911882966135,0.5434372879753246,0.24995234508369985,0.03955955623538543
2005-11-08,0.5760611438076857,0.33445318081950554,0.4734715206278429,0.31658151512673766,0.03017651537254691
2005-11-09,0.5366973952925359,-0.07015564112031084,0.4994841691698232,0.4715493096769485,0.015750388601684585
2005-11-10,0.5800460785907763,-0.30405735844812193,0.5339594949114848,0.5006730071227066,0.07918425249998717
2005-11-11,0.5714423824441058,0.21630281725994827,0.5138410875065206,0.5091805339074646,0.06491802656448141
2005-11-14,0.6464889819241192,-0.5044555834975901,0.5060903851539904,0.506014381867127,0.09687428963331678
2005-11-15,0.6053126990458143,-0.07759299378149044,0.5054787189589959,0.1100486120131518,0.09288452089854254
2005-11-16,0.7335673787718738,-0.1802751359794349,0.540179374153405,0.3913298863851791,0.022323721398064246
2005-11-17,0.712880952817968,0.08121122448561618,0.5037639861906719,0.310648490748072,0.01753516299902208
2005-11-18,0.689892535069107,-0.3746882607909234,0.5484325241042471,0.29009552484451273,0.06884984395989573
2005-11-21,0.712614183097832,0.032259908532539024,0.5502869654337723,0.40819888138247196,0.0728830955935999
2005-11-22,0.5623811452429501,-0.1721458326790677,0.5523669844500473,0.41666558173598445,0.0948698159849903
2005-11-23,0.7090494952652836,0.08065491260743435,0.4710884116749118,0.3203935862279366,0.09942831305476307
2005-11-25,0.6551458695261618,-0.4628088132000211,0.6044745192882643,0.44417467363775576,0.003238274292708743
2005-11-28,0.7113517298524437,-0.3161207881618338,0.5851633354125819,0.6231498911027749,0.09210382164180794
2005-11-29,0.5839560822311342,0.15428035898075332,0.523717759593837,0.24555661517517557,0.022089525043701208
2005-11-30,0.6746441985925935,0.1667206409674697,0.4943409134509845,0.5165916520255223,0.09366877935542543
2005-12-01,0.5666618296605401,-0.29895122928992884,0.5319696658570908,0.4025385277972272,0.07453433281019825
2005-12-02,0.6141713255787947,0.1619188871943772,0.5524344233159798,0.4858139070934016,0.09823796549403568
2005-12-05,0.6438431782323867,0.12051605359566818,0.5058988366432707,0.6053818690086596,0.08853202533951374
2005-12-06,0.6093727114939007,0.4210594858916625,0.5307028469246877,0.26244891104312573,0.07089658131452245
2005-12-07,0.71840396752443,0.025180277678991805,0.5722979787979742,0.5223855918542594,0.08866535152178218
2005-12-08,0.6668977777072513,-0.11844816896256292,0.5793167618062024,0.4000755507454596,0.02652124405628762
2005-12-09,0.684292890930421,-0.4307461147582923,0.553675258979839,0.336141417485497,0.0067794780064233786
2005-12-12,0.7326654818589265,0.12461746957781904,0.5457365071424695,0.44863099933502215,0.010803460121462927
2005-12-13,0.6000779573561641,0.3246513381056108,0.6341278968575326,0.43929135105482164,0.03859370979534099
2005-12-14,0.729520178428682,-0.11382963973450677,0.4955240228411971,0.4040924748728923,0.09691018251056853
2005-12-15,0.671747051918395,-0.07879733624862409,0.5630927622682762,0.43063894820734144,0.049308199347384764
2005-12-16,0.6000846612354472,0.10375860349034426,0.5802094988273058,0.4171469317590391,0.05460239676784543
2005-12-19,0.7076324051630847,-0.2434807586993904,0.5629388458242748,0.28297192936032256,0.04794892503971605
2005-12-20,0.5942959320883456,-0.126186166747558,0.49328091555933307,0.34520041812588625,0.06509695631134774
2005-12-21,0.6392924844644405,0.1674308972662769,0.525171418374501,0.24143742932304074,0.01626565117484884
2005-12-22,0.7070033923247581,-0.16741802672300793,0.5391413898967268,0.44465365069407115,0.08457624840245603
2005-12-23,0.6599805209201391,0.2188359095042951,0.566877953785241,0.3138690420302892,0.03187169079566576
2005-12-27,0.7589281086995832,0.03886669266764665,0.5389807292583724,0.4963925423055571,0.007420040176665932
2005-12-28,0.6624725472965036,0.07984563858786542,0.6718152620847658,0.37248785717449534,0.03754578840799964
2005-12-29,0.6341119552991302,0.023315702402492762,0.6016410072702256,0.2493465969809601,0.05470462586122315
2005-12-30,0.5517222054261748,-0.11742305412402952,0.467228783409995,0.3575168652474362,0.009310468538068661
2006-01-03,0.6851249848064644,-0.17814977271045274,0.4812378895044033,0.40693371617153484,0.061364472577889385
2006-01-04,0.7031271742307584,-0.33899468770332253,0.5944493903393563,0.48173062037383263,0.0030993204052174985
2006-01-05,0.7077042551078313,0.2436960429743373,0.6643960014460475,0.3643907951380945,0.016499719476191412
2006-01-06,0.6654785790038928,-0.08328768664960512,0.5552504111899496,0.5532873355636312,0.015710377733078408
2006-01-09,0.5927492758034665,-0.1722099344331151,0.6265692492033625,0.502003650690209,0.020555047671793714
2006-01-10,0.641843417659146,0.17088040022414397,0.5756196451051117,0.5500274609000988,0.06971967038073572
2006-01-11,0.6637254796913385,0.20512642277451648,0.691505566405221,0.45980991550474665,0.072997400567029
2006-01-12,0.6624664082897421,0.1444893970441959,0.5419842627882806,0.6387967705524733,0.02815230734452653
2006-01-13,0.669003551884799,-0.054586664045102574,0.5193041576268222,0.5097220191606439,0.004963544303850986
2006-01-17,0.7033593706413869,-0.09947087428281864,0.5932370992915971,0.24914440317871436,0.08398545048456511
2006-01-18,0.6692485287536577,0.0905512704153389,0.6506024521334194,0.3229181197271311,0.036082892122727306
2006-01-19,0.5960823685598837,-0.17908559218500836,0.4992244576935176,0.5336657357758984,0.029454944896621482
2006-01-20,0.7374319647512018,0.06404331558976578,0.6279298007410666,0.41339583805802355,0.06002155280137688
2006-01-23,0.6552444176149617,-0.06660752381075234,0.5537511184038381,0.24521984436909688,0.0025735692731685745
2006-01-24,0.6732127381803669,-0.008066782042808751,0.6073294854762689,0.40935234964386097,0.029181146604610755
2006-01-25,0.6518648149215454,-0.17423860600152616,0.5744539559075246,0.47382372308161624,0.08437690743469367
2006-01-26,0.6028330504458069,0.01749475073614785,0.5832771176831731,0.3281935216381736,0.039746734850812294
2006-01-27,0.6306071847545999,0.04612216975324289,0.5157261960557635,0.4349923715249393,0.06610400547460049
2006-01-30,0.6152322813170399,0.2125707386066433,0.691564794353277,0.31392431982981805,0.054412602921968034
2006-01-31,0.6867103931187336,-0.14534838097640387,0.6274655305867651,0.27347415909147854,0.08854926927495389
2006-02-01,0.6840293379213855,-0.17459779337787054,0.5658054857125382,0.2968974724852693,0.04457752707944582
2006-02-02,0.7011175235447876,-0.16739607088791741,0.6044820818036222,0.36559019717376673,0.046505795615465056
2006-02-03,0.6542763814100567,0.02955118148002571,0.5395138335543537,0.4210367113540887,0.026856199327294963
2006-02-06,0.7365167282177205,-0.15561895716654287,0.6383093149929415,0.5498097633487784,0.07522351421152872
2006-02-07,0.6191922505485977,-0.2910109210181104,0.5955041200032654,0.34525924772331273,0.008570731183991709
2006-02-08,0.7534301609581501,0.0069615080999664404,0.5409743741115685,0.28528404889882886,0.05414490060060221
2006-02-09,0.7144952479545414,-0.11423679481683731,0.5839448556473587,0.4955802745112481,0.05897264423036035
2006-02-10,0.6357870824034584,-0.009185765748032128,0.5815846699976597,0.4683324511516092,0.08407971664302505
2006-02-13,0.6895372167755162,-0.04402274625096571,0.5875162520920837,0.36282209884765115,0.041863207493445055
2006-02-14,0.5861193796540277,0.05152017147962588,0.6795635530699313,0.31162808593089375,0.08668940137055624
2006-02-15,0.6213485145198647,-0.1741455543287483,0.6217933765348469,0.444848545419644,0.08816538694176229
2006-02-16,0.6520731153791771,-0.183603812327793,0.5907819258541831,0.2435377872664196,0.007895504977408319
2006-02-17,0.6671713283428746,0.17430487721758683,0.5241917268749632,0.24674817231703364,0.071430569913036
2006-02-21,0.7389718945847429,-0.12235192790091698,0.6457930184180269,0.3846002334802169,0.09004550614715918
2006-02-22,0.6519022591529335,0.08768253989932906,0.5453282270082553,0.4132497143495646,0.06775348855760303
2006-02-23,0.6409255292587953,-0.26409868868100633,0.6069231202852345,0.3736692193122084,0.01202818747554333
2006-02-24,0.6521487585777646,-0.24203218868283158,0.6701280304920683,0.48767141863861163,0.017287897280649445
2006-02-27,0.7082077942085988,-0.0610889404883364,0.5055532590052214,0.5952917382489511,0.09721648783377569
2006-02-28,0.6569451245997066,-0.14975995920401075,0.6133126026982297,0.5167120788003298,0.012618599863853976
2006-03-01,0.6588474721957266,0.2557150335878749,0.6470700730904381,0.2923618812597942,0.09882799363369157
2006-03-02,0.6263104947170262,0.1915074326559535,0.4577242994235386,0.38505443068350115,0.09972692267787757
2006-03-03,0.5884584399187663,-0.09531076028670493,0.5788359451914714,0.36417556220924924,0.08341081186760042
2006-03-06,0.6323869373943695,-0.21942872992576282,0.7095603729185856,0.5867462004161351,0.09108044857315943
2006-03-07,0.6018967089871857,0.31642335026071344,0.5753610290812473,0.4129187473331711,0.0067011953048612405
2006-03-08,0.6568363020051541,-0.13194972825079318,0.6448829996626404,0.4125886530576658,0.03973549943570359
2006-03-09,0.6361724288390378,-0.26091788876009453,0.5513531901545562,0.23586198843979034,0.027620081990724934
2006-03-10,0.6606111774207584,-0.23933311845687918,0.5830838516849707,0.5370101853610372,0.08734662533727572
2006-03-13,0.7199649786460792,-0.006455378820523563,0.5929117660384992,0.5879874549421008,0.06230579285888082
2006-03-14,0.6860378060179355,-0.06556129197530458,0.5262386127671066,0.43938732181647433,0.04195938342252287
2006-03-15,0.701466188629143,-0.12633030490272878,0.6123591049491055,0.36364267050849713,0.01481997412934446
2006-03-16,0.6507983800400498,-0.4975644115124663,0.5869552010920682,0.49693693024080543,0.0758377387857673
2006-03-17,0.628429872221672,0.010505273643063253,0.5604778229561208,0.43604416762927733,0.09249281667592735
2006-03-20,0.6491738401231912,-0.18784830813640138,0.6655102276073397,0.49289320135322157,0.010099044282544867
2006-03-21,0.6297546618035912,0.09955766188355548,0.6259268316296047,0.46423012350111764,0.05356334811459167
2006-03-22,0.575287205200246,0.2013213082065256,0.5707303440786652,0.3642172066558733,0.04108900372992205
2006-03-23,0.79189408761301,0.06037467614420236,0.5800436655921917,0.17947056272440942,0.04855847922863307
2006-03-24,0.7294882066973177,-0.2690419341617205,0.5493177349733784,0.3668647700912151,0.0037465670497713434
2006-03-27,0.7308205895850145,0.15464799733315185,0.59189947618349,0.4308292063638821,0.014385267062667373
2006-03-28,0.6299807153564446,0.027930737913070165,0.6035293132927741,0.49687698956813536,0.0693661253167092
2006-03-29,0.7083589061219474,0.09879547644112896,0.581801467446052,0.47418222943901267,0.08895742139142576
2006-03-30,0.6554015766898476,-0.2163828737426266,0.5797960532078519,0.40845269837843245,0.023757929391630718
2006-03-31,0.7055107891832372,-0.036705634431430614,0.5395273206226484,0.40567416832968195,0.09208349829061653
2006-04-03,0.6656728020028275,0.03716752578055061,0.6459725100751164,0.5018923240089899,0.0020232888593271882
2006-04-04,0.6302894563809166,-0.1232286916097887,0.5479366401464693,0.4698815670280477,0.030305495344809665
2006-04-05,0.7324410054168857,-0.06301638558178468,0.5878279088795303,0.5466782556898977,0.0491619213359317
2006-04-06,0.6852778926607503,0.08724714096021102,0.5402917071923833,0.4678728069279419,0.009821739027274123
2006-04-07,0.613543182974512,-0.22680403718699163,0.582422301300351,0.341420727655131,0.013438552096844048
2006-04-10,0.6489200152807479,-0.28819632690498376,0.6473835006444131,0.5127686294516429,0.04431106133314289
2006-04-11,0.5626328762929592,0.19569156113331004,0.5587808809259984,0.4856975536982786,0.026941998100876365
2006-04-12,0.6565776753666791,0.005755112816199718,0.5899024662150465,0.5212129204233487,0.06455548114276442
2006-04-13,0.5980205993737485,0.12156806774700171,0.6540593467492709,0.4716340080540411,0.02113905021058976
2006-04-17,0.7762349457161708,-0.10578935254493978,0.6460556122865132,0.389390936465858,0.0740944798920008
2006-04-18,0.7216703038176334,-0.001537799144273895,0.5785601554085822,0.5306072203871629,0.08671889705502257
2006-04-19,0.6354219030490534,-0.28254515178011125,0.5718609833442005,0.46190329465885327,0.051526970260955686
2006-04-20,0.7296019375793545,0.022225875059302423,0.6633484476836987,0.2641825078522406,0.031112309328890888
2006-04-21,0.6378368267591048,-0.05771502343082024,0.5914318519242033,0.4084094388250197,0.01356498210170598
2006-04-24,0.6945455478696095,-0.08896136763409807,0.6031915630640818,0.39548771096759483,0.0879332591359856
2006-04-25,0.6137055048054424,-0.02273333781628708,0.588723095919366,0.3834919434996954,0.019276344683155824
2006-04-26,0.6615879728290724,0.015134708122677226,0.5739436728112667,0.5272714733971265,0.08369766776086951
2006-04-27,0.6015259685398491,-0.14419402169397927,0.7341954908572978,0.296200864501077,0.04564486671280807
2006-04-28,0.5923122662645119,0.14689534900024356,0.49096682022583416,0.37647260900275614,0.07046339452200366
2006-05-01,0.7672912462538244,-0.30898718443068013,0.4945219785533124,0.2500818798042302,0.08235062916891162
2006-05-02,0.7049179784173492,0.22495534399716252,0.5675639150902614,0.4683212404001069,0.06354098090758441
2006-05-03,0.7295127663755994,0.35746928288596513,0.5804369613704923,0.16985282823300132,0.0030563192381993566
2006-05-04,0.6189560538795156,-0.08536083898705153,0.5793545045756673,0.38121405989912804,0.05940435934521513
2006-05-05,0.7159447298965333,0.25488568533751627,0.5832529630054855,0.5098484876051819,0.08704807719184629
2006-05-08,0.6778830683315544,0.012901194572514344,0.6356957450706157,0.4072252048237916,0.034975990164465454
2006-05-09,0.762890558854888,-0.28768223335891185,0.564096534684759,0.387348110304605,0.08944919203121954
2006-05-10,0.6819726345228995,0.2535920974206178,0.5881098999425223,0.2577770350493793,0.06888505376159543
2006-05-11,0.7021256948227501,0.1509917532283929,0.4917000056713789,0.3996195866329201,0.03865656707409847
2006-05-12,0.580492908465985,-0.1329302195004125,0.5431041231735663,0.4809264698241986,0.057225806102030076
2006-05-15,0.6658415087086091,-0.2571182001512055,0.6305355229937917,0.25661941760715856,0.08571111874383024
2006-05-16,0.6765056895235471,-0.16280213385831116,0.5676557397378952,0.4504270748038384,0.06776952460909708
2006-05-17,0.6860724699529763,0.26739381471119206,0.5812236427953081,0.4306450862963341,0.04095071964955421
2006-05-18,0.6381131338797836,0.036397976524559526,0.6066969075058695,0.39016901525456243,0.07803036642606434
2006-05-19,0.5698124757953751,0.06629417926617907,0.6023266813222959,0.3319826523652049,0.0008897986070045772
2006-05-22,0.5957806481963742,0.2951758301007931,0.6067391015649447,0.37709189690782907,0.06473715541750241
2006-05-23,0.6031483558426256,-0.1643629656842692,0.64663312438853,0.41376619408680465,0.0008463727114871311
2006-05-24,0.6324706466499646,0.10193784624493124,0.5401111512824658,0.5500843030280379,0.08050855691954864
2006-05-25,0.7276400267448362,-0.09331481424055532,0.5487158810019306,0.138186680130772,0.09670244433683767
2006-05-26,0.5859209614224316,-0.2678939549915513,0.5862183214109842,0.3673766295558641,0.042380680065961907
2006-05-30,0.5927332256292378,-0.05623280849291146,0.6018782143247394,0.4527839349915587,0.03487091992720814
2006-05-31,0.5650164859570559,-0.025652696096766167,0.5067122366640789,0.4901728697140274,0.04666980154972157
2006-06-01,0.6992073208176749,-0.1796054452648917,0.5368372758689453,0.3538732949501693,0.08243108214706636
2006-06-02,0.5473603302634329,0.06719363468811533,0.5607501299551092,0.4970175082567859,0.010231210296860017
2006-06-05,0.6050795391018723,-0.12382458964998633,0.4967821446963979,0.2995709436505747,0.06623554525262523
2006-06-06,0.6009009001965889,0.19919473576928914,0.5364206117219267,0.41241756847446137,0.03742297631610715
2006-06-07,0.6409618298069097,-0.2538930532025626,0.5621376665757696,0.4599103331863595,0.06090501046380168
2006-06-08,0.5996120303728323,0.16182255814627577,0.527279543364361,0.35170160739271594,0.010810453058584347
2006-06-09,0.6865341561505023,-0.1326872314438976,0.5708513851530205,0.3685309171211908,0.09883609658217672
2006-06-12,0.6664684003351908,-0.47614782110469944,0.4750769706296802,0.46159670060468383,0.08614916002518307
2006-06-13,0.7118590702824524,-0.18209734070630426,0.5535456634278909,0.42947192529023015,0.07110937755717918
2006-06-14,0.6946608800829351,-0.40553545433416976,0.5206264285192672,0.3667420620150125,0.029879111191898646
2006-06-15,0.6951570098618024,0.499686096744299,0.5527050967936101,0.25930225378960114,0.07654743883036232
2006-06-16,0.6801134038600648,0.264199157908142,0.5686788574391779,0.30933514548457075,0.08054298226335299
2006-06-19,0.7078996970740009,0.132709123699687,0.5094698235425553,0.43814256175343425,0.06000333011455716
2006-06-20,0.7098632783829435,0.23637800851177873,0.5566099483785357,0.3641920553820681,0.06807557503873818
2006-06-21,0.7213636911040631,-0.24203210059617702,0.5810169539256191,0.2629973372635571,0.06554005704624416
2006-06-22,0.7132688136129801,-0.051609103122232304,0.6216700541152334,0.44914127563555273,0.025942627271198893
2006-06-23,0.5988389884969034,0.2849255464154487,0.6349536199949131,0.4882286492599216,0.03882749210054584
2006-06-26,0.6219206067481889,-0.061202790871481776,0.5621019959643482,0.3296289600668567,0.07080689593758711
2006-06-27,0.7446173286231601,0.028865294345207366,0.4188064626408132,0.43393558127562204,0.01899151604113507
2006-06-28,0.6425921301591343,-0.014985311223689577,0.5346849506784312,0.48070464166066873,0.022236319397626894
2006-06-29,0.715984388927669,0.05661063245173075,0.5352914915317907,0.395866279519083,0.07848970552961171
2006-06-30,0.6609799808288813,-0.1604860079729674,0.5803439473405724,0.44600423238604664,0.06718684759624088
2006-07-03,0.7370220619888336,0.251069956057695,0.5145336977582319,0.4820298374508965,0.08454192442445953
2006-07-05,0.6124523308452763,0.13918642018816993,0.5212680115955556,0.2976746776624416,0.08764947843421106
2006-07-06,0.6740022671348701,-0.5349134256308282,0.45869174245900074,0.3822508116225717,0.009760306381270935
2006-07-07,0.664122088331742,-0.07386375403163778,0.4664116183793506,0.31821081578614946,0.02586518505602079
2006-07-10,0.6795604663618696,0.11635635412567252,0.5420102229496124,0.5156833781036989,0.07629182183193026
2006-07-11,0.6798698511729616,-0.14949113079164245,0.5279461700996695,0.25971338427921453,0.06797123692899283
2006-07-12,0.654593050480429,0.2224201238442677,0.5753880467761967,0.5402009325919123,0.008929982201943921
2006-07-13,0.6448557378100502,0.26921995890285155,0.5306132276752185,0.5471585082569894,0.07442099293428081
2006-07-14,0.6589071626278937,0.14144627476085533,0.6131918304363839,0.3806572371418795,0.07880904368075993
2006-07-17,0.6709194493772086,0.25777268504126044,0.530279121877939,0.26791077174938394,0.02605592354057036
2006-07-18,0.7671503527292454,-0.09395289286742736,0.5440388455769382,0.5156006669451128,0.08512138882114102
2006-07-19,0.6295753048134398,-0.20157358264442604,0.5479637837494017,0.22069236020876104,0.08663933696925397
2006-07-20,0.6456046961566039,0.04900773286308119,0.5209595567465667,0.2456549056814253,0.09443009840000771
2006-07-21,0.7397088978102005,0.020707630789835077,0.6051995895319823,0.37399637498195554,0.08894260614703879
2006-07-24,0.6159994009154617,0.05383618405103198,0.520437124749208,0.2822238542008642,0.086749775469823
2006-07-25,0.7334892129393747,-0.12445404457879922,0.43841878893217034,0.5328166053957333,0.02983557538174633
2006-07-26,0.6347850992093688,-0.12156477852312486,0.44137414638078876,0.5740941486596991,0.08542397704033439
2006-07-27,0.5955259706395155,0.01168989614112998,0.5744919832278882,0.4421716933003097,0.02002965907951435
2006-07-28,0.6570172844003903,-0.3403331716574833,0.48759842206100995,0.4187800338042522,0.056940358797345395
2006-07-31,0.6206412965006501,0.040671891999753546,0.5598827443588082,0.4962502885800102,0.04575714330615413
2006-08-01,0.5986910321093657,0.43932921099579086,0.5634205370932799,0.3998285846330936,0.07156684561100361
2006-08-02,0.7144768291538319,0.4730815543999947,0.4523689448816911,0.3774737357508647,0.04875808457481075
2006-08-03,0.5410784170063335,0.03853030652960494,0.5418406456784607,0.39608378845572406,0.017682426656346072
2006-08-04,0.6272733214500844,-0.4099029032376651,0.5415214221864169,0.5455434483915326,0.0004713501423993849
2006-08-07,0.6304490772133283,0.088011985804629,0.44230799733863,0.4457213063692514,0.07611932812149992
2006-08-08,0.640330885112767,-0.15248359012058288,0.482004243363211,0.36063884179669903,0.07644837361457579
2006-08-09,0.6791216657846267,-0.26243264023910357,0.49948274210661986,0.3958528222000853,0.07635691671054994
2006-08-10,0.605048038773407,0.35933304033500346,0.47598889117151644,0.333056308636651,0.06144797387250618
2006-08-11,0.611084602508875,0.3596960174276235,0.5456433560197566,0.3063407993756358,0.040339348039795046
2006-08-14,0.7153115779429984,0.040139738857775664,0.5289216469062633,0.36555227912475474,0.03833164200534607
2006-08-15,0.6225292006521512,0.06755321981092027,0.48817807668975016,0.5816755629575106,0.019941425122811697
2006-08-16,0.5965354447378447,0.30723135457098905,0.5092501871861593,0.42990857340211064,0.0014077118724632133
2006-08-17,0.7016578883314717,-0.12604985900088725,0.5574226517707986,0.12924561446188226,0.0833228666566564
2006-08-18,0.624000523338903,-0.1848125614682131,0.4509396255950908,0.3785045161921049,0.06767481416771101
2006-08-21,0.6792874984090846,0.14053199969986116,0.523938135340563,0.3334306535106453,0.024882312287588193
2006-08-22,0.6784508218912583,0.024857138970170143,0.5581458921182707,0.4776936702931517,0.03443497740633209
2006-08-23,0.6615238206960313,-0.17945060123225137,0.47815580137425,0.3450210640361967,0.03835504763076937
2006-08-24,0.6442366833041872,0.053610085517950656,0.5460338530480731,0.39488813069846224,0.016702018726830938
2006-08-25,0.6608062393950236,0.028661261000000743,0.48396344748796577,0.3074607742357044,0.02982022534941388
2006-08-28,0.5722281051344644,-0.13902987161537447,0.5319387664872417,0.3297088561960433,0.07278319114468128
2006-08-29,0.648109648128703,0.09328625748246339,0.5338480618696699,0.2920467147833961,0.0337835151207933
2006-08-30,0.709852967822682,0.22547001787109708,0.4508656710505991,0.3176163130358846,0.09954724098279284
2006-08-31,0.7195545341573095,-0.029370704251060177,0.3959264618072649,0.2600318495267314,0.09013837761445245
2006-09-01,0.6475315187413758,-0.2326085300569204,0.48581411535474955,0.4032396213683579,0.018842603389086943
2006-09-05,0.7331127302017364,-0.05809078324555781,0.5585221549071289,0.5428760162036771,0.09182054088414335
2006-09-06,0.7317154834676037,0.05695091867711365,0.40636613158981166,0.44608248654038657,0.02284182848358255
2006-09-07,0.7124199943906769,-0.016213421087083426,0.5914087616690452,0.4859833561467458,0.013120577641718256
2006-09-08,0.6884136688576391,0.2172761422411676,0.5205105989148088,0.15071895006046465,0.05896928347992417
2006-09-11,0.6350430524264816,0.2394336054495707,0.4625324862901122,0.3776527494763061,0.036659145139984854
2006-09-12,0.6077581843048464,0.3567845190403538,0.5867044084087065,0.3116131104859271,0.0037363427692595264
2006-09-13,0.6673649000194541,-0.13609880955280954,0.5331087673407264,0.4509683077242329,0.02557891739252929
2006-09-14,0.7005852785806632,0.06638368954157746,0.6488776925480402,0.29720762349892615,0.004858696158173726
2006-09-15,0.5744698322781742,-0.0786180401402923,0.42346798798617924,0.2507537729994007,0.06619699158378947
2006-09-18,0.6099342672901016,-0.1844377810863255,0.45350227549865785,0.4518218950445412,0.0019741766514145167
2006-09-19,0.6346905469457331,-0.035902914974496034,0.5457621950380003,0.3233677475218574,0.041677556517954385
2006-09-20,0.6467727050647638,0.0731519972185831,0.40380402692664286,0.16150944910494178,0.05472823847289256
2006-09-21,0.6773058664398861,0.09840285611337972,0.603939819028023,0.415809487586681,0.015312709812443637
2006-09-22,0.7009869858629046,-0.039094528717194765,0.5154511488295472,0.5667256841749534,0.06303113401629369
2006-09-25,0.5538003590937182,0.08272325151433611,0.607039921223402,0.4282034219209343,0.06616645760907221
2006-09-26,0.7425286481616423,-0.12584242990588848,0.49857787410087817,0.4033524702388588,0.026997714953718912
2006-09-27,0.5491204460320613,-0.23363556557004006,0.44527090139529485,0.48220660780325275,0.013716352297980895
2006-09-28,0.7036076552842027,0.06480728854130667,0.5412689686387654,0.3835850587278226,0.010491423690009695
2006-09-29,0.720096583476977,0.0017576885264143642,0.5029209715167385,0.3734407366737589,0.011773456843723929
2006-10-02,0.6942225238818213,-0.08423976332258265,0.5488299203713982,0.28678508592839935,0.010626370830639498
2006-10-03,0.6050541872635902,0.13748535102530085,0.49560425672814956,0.3546108583846872,0.019974938614635854
2006-10-04,0.7045028866237729,-0.1214522828172169,0.49005930718078294,0.5399227950071159,0.052314610759258064
2006-10-05,0.7369571172905325,0.3144796420540654,0.48601575876436137,0.523070290498447,0.07034367502462584
2006-10-06,0.612552358611566,-0.1813805749444122,0.3826666923836655,0.567286820189853,0.003940570762856865
2006-10-09,0.616801007546196,-0.025306515949411995,0.45496391690182303,0.4695165248330141,0.020769398427161502
2006-10-10,0.6412183169641329,-0.26096337808658987,0.5226894952275509,0.25662699751897716,0.033060361619670145
2006-10-11,0.6181297137342253,-0.4213778229252162,0.42954931079904457,0.4178529169720478,0.06716331324652049
2006-10-12,0.5617731980948537,-0.29622914492434316,0.5007841946840274,0.34563931039069473,0.08352321652632412
2006-10-13,0.7596018317979654,0.3667793092048751,0.45767647013343216,0.45571376184034823,0.014914449266676611
2006-10-16,0.6974641278439725,-0.11949577160488067,0.42689202265508497,0.3987701550691943,0.05117053469646589
2006-10-17,0.6513577162592944,-0.08715289939412385,0.5240124647833171,0.3249270392994401,0.010129047859295737
2006-10-18,0.6024001226210428,0.021816594069966375,0.5214368824622783,0.2823355056099947,0.023116028649174593
2006-10-19,0.706404530549554,-0.35409622755521564,0.4734886243808124,0.3741991463802391,0.02960221787104385
2006-10-20,0.6281888143674035,-0.1130120947102385,0.5962180282080864,0.31491159109611017,0.009980891505761747
2006-10-23,0.7820610861235956,0.08742535594621037,0.5081607853528093,0.4476240353387666,0.003944451996869359
2006-10-24,0.7864963874625975,-0.1987186007862896,0.44786264817172783,0.3245133803428079,0.08015961026904474
2006-10-25,0.661607157348228,-0.3451542249625147,0.505339668317053,0.5693547133413672,0.07385401957921763
2006-10-26,0.6675703695312388,-0.05853709179505539,0.4736673923871932,0.48985117045515647,0.07582040048412383
2006-10-27,0.6187083613380975,0.3692791841198496,0.6016095525429102,0.4256750798661788,0.08519987250744882
2006-10-30,0.6594242455961676,0.2061319616483119,0.5608594892768743,0.31940082689405846,0.017051227635637534
2006-10-31,0.6336722433431649,-0.2644694869366591,0.5269916060938289,0.4666627883456891,0.043771451678193476
2006-11-01,0.5925037181069363,-0.09103978096323183,0.4396073193084267,0.31012001897561625,0.08784755373974737
2006-11-02,0.6875508530113149,-0.1466964133356559,0.4923731066610391,0.23726882720526846,0.08149642895364964
2006-11-03,0.6693495104862331,-0.008854663968929767,0.47142343299901174,0.3810985702317526,0.04007775142807529
2006-11-06,0.6690147440251721,-0.16297362978186883,0.4355034812776311,0.5805574432686815,0.027183309075019015
2006-11-07,0.6283363647644863,-0.019352020637377867,0.5603646043243202,0.7529055187570485,0.08506715780365841
2006-11-08,0.5977756775055566,0.089965442745302,0.47496290153803555,0.34612096954232896,0.06488464838722638
2006-11-09,0.6239893989496604,-0.225130993560117,0.5088055818223778,0.25254973129517644,0.011305655637764611
2006-11-10,0.7073403783255935,0.011000587206674926,0.5325331118177329,0.35338113880537775,0.005864639566517738
2006-11-13,0.6416398032894125,0.057512781033465625,0.45490032786455187,0.36420095655866647,0.01593953974821649
2006-11-14,0.6170193243060772,-0.17811376211820287,0.40819684223851027,0.533932658948,0.059075030299033854
2006-11-15,0.6256730623423115,0.23267521103271005,0.5677250102062594,0.2714000293483506,0.06783931362492056
2006-11-16,0.6055794382163576,0.5121005918711368,0.6024388996261223,0.3968481486671896,0.037975077911588766
2006-11-17,0.6728686553208674,-0.12616928058943774,0.5371278354767376,0.32828180992775285,0.0028816229571221545
2006-11-20,0.5583823117850807,-0.2643111573022102,0.5184781193171892,0.2868932764497413,0.08385364765471118
2006-11-21,0.6566361267543231,-0.21493220788657263,0.4789630809161672,0.4853165306413192,0.013065532954841586
2006-11-22,0.6723740273820051,-0.0019328842626694376,0.5626957162230107,0.4480608593347348,0.011293747937376742
2006-11-24,0.7323281645625683,-0.09197185246302804,0.4986267940006769,0.2698890733608655,0.004597232537967
2006-11-27,0.6385509641313789,0.19295397886048915,0.5872152699893043,0.49603051680866683,0.031423794487387094
2006-11-28,0.5702904066725281,0.21662904253214688,0.4310091462312156,0.48981173241223475,0.06779289210201643
2006-11-29,0.6416107736714471,0.14050666278677112,0.45703984496474404,0.5171167632706147,0.05766490081233795
2006-11-30,0.5867512626947555,-0.13369098217063555,0.4744925096959751,0.2245715147177501,0.09778955575507986
2006-12-01,0.6647263783794234,0.3612178235673923,0.6584850571936536,0.4097155787086248,0.033830064176842325
2006-12-04,0.715834063753376,0.04641892758570745,0.5523548702467665,0.36578513488727615,0.07005801842975544
2006-12-05,0.66975384627113,0.10749574092128572,0.49925836535095386,0.39225057001070124,0.06617132628459631
2006-12-06,0.6570784940501255,0.16528066346610493,0.47565684098883326,0.39484577913923485,0.034574948745750365
2006-12-07,0.7556002734526348,0.23281203051718752,0.5972007263233975,0.40244318401780343,0.03848766174067143
2006-12-08,0.6760498781843011,0.2004472333405851,0.6085438693992865,0.20483970871171134,0.05583442367021879
2006-12-11,0.5942279346475077,0.26188882028052957,0.5190882064993081,0.3328279210741923,0.005456611522767585
2006-12-12,0.5972919506502197,-0.11100334030882189,0.46362515567881335,0.6091094272732478,0.015692737330174122
2006-12-13,0.6588781974009712,-0.011590108352543515,0.563963209695079,0.496234516926657,0.08518711514460663
2006-12-14,0.7072944078277319,0.21472438878151434,0.5038374236129033,0.3702133195043139,0.0074865242476984785
2006-12-15,0.6984515827721137,-0.105477812327924,0.5359490211484907,0.43987637644248145,0.024089181669723115
2006-12-18,0.6992592541155187,-0.3555361924740403,0.5744391020820464,0.3766275942148275,0.005035071452654394
2006-12-19,0.695372885543219,0.15538633847096575,0.6199370777736402,0.5353453647621204,0.06433173148232518
2006-12-20,0.7273285831305147,0.2887340638332477,0.5549528739788426,0.403218508703684,0.023499999999128718
2006-12-21,0.7036408541589166,0.1464161902866045,0.5257760584728731,0.44048234088082683,0.08012612877267222
2006-12-22,0.6582451766607702,-0.17078658169201122,0.6066004483207756,0.4055199242530089,0.08565892241780172
2006-12-26,0.7624354128849424,-0.32509845403996657,0.5176515611443144,0.40326388366908716,0.011870685205363286
2006-12-27,0.7168690548814456,0.07989387452043702,0.5618713782984852,0.2872736207445853,0.06533730031383718
2006-12-28,0.6021529301385263,0.06450093205798095,0.4790007624638135,0.3468122249710672,0.04123385476755495
2006-12-29,0.6850458664542928,-0.1964648544553552,0.6283330086092641,0.522393634423789,1.6971547833644074e-05
2007-01-03,0.5914290000830849,-0.18647424863639744,0.43829035611872297,0.3217408637451867,0.06042032760617975
2007-01-04,0.7083194238286199,-0.08277898845497139,0.5764776326048554,0.2477665681718256,0.030459795810364856
2007-01-05,0.7098987627290952,-0.11102184558566996,0.554903789327212,0.39071254986069476,0.020685124884989838
2007-01-08,0.6064225739553857,-0.23061686634795647,0.6052489936530014,0.4398992157501696,0.09503551299933657
2007-01-09,0.7225024520776713,0.06493164710050367,0.5648597341185954,0.22739893813332335,0.0054275213305567845
2007-01-10,0.6564816651619414,-0.005476864080748804,0.6562142128941387,0.4686956632098678,0.04544599826035844
2007-01-11,0.7468030590854764,0.11950754117894564,0.5238398095331159,0.41171242161498517,0.061975796967708434
2007-01-12,0.6818111823132116,-0.18783111395413635,0.5410289368688288,0.3794233006322828,0.06571672064311396
2007-01-16,0.7502809916282558,-0.41614810507819566,0.623879757959359,0.30632047650406174,0.01140233583557383
2007-01-17,0.6013960406365192,0.23598842600769282,0.601009435497195,0.525451870238119,0.022174710782019005
2007-01-18,0.7100350973772788,0.4119690003474804,0.5931721535026825,0.38435226238768416,0.08298838856344012
2007-01-19,0.687146318866067,0.24869382566919274,0.5270841164462577,0.33481114174686194,0.029198356380828152
2007-01-22,0.6545519992701045,-0.42091655975306647,0.5753781045932466,0.2113871296048974,0.07020960532599854
2007-01-23,0.6726529656466309,0.17305795122704998,0.5454268449405245,0.5677115870186871,0.016415536770539085
2007-01-24,0.5969749550290755,0.23825213632636652,0.6038183020927211,0.2283966751689311,0.07168561126478827
2007-01-25,0.8055397149520266,-0.012749057100793236,0.5269720929586549,0.25929128052159833,0.0106961505519519
2007-01-26,0.6589990986170162,-0.02548137447799195,0.5767572465336822,0.370220384377604,0.018754340053160335
2007-01-29,0.7016612655057546,-0.07752596653264927,0.4771734851507116,0.3850638504350359,0.03928964899151735
2007-01-30,0.551626117331336,0.0707541261782779,0.5257083955697301,0.41633603549158005,0.07814204036487547
2007-01-31,0.7357037490762302,-0.18974973905360004,0.6284806348224815,0.3566610433313847,0.0107765747287492
2007-02-01,0.7576597401032792,-0.07303052263964267,0.5341300658921221,0.46872384503952885,0.09266265305373107
2007-02-02,0.6482105135188181,-0.1682899028258017,0.5529918763018412,0.3955393467816999,0.058881110789790136
2007-02-05,0.7371090065622427,-0.38681754909191546,0.580176779337976,0.46249035946540434,0.04505045969589641
2007-02-06,0.6796724287495898,0.26197303388670684,0.576001541341323,0.3815448557814055,0.09561903216257511
2007-02-07,0.6996164773506671,0.019862762990269928,0.5608856380806535,0.451614403958638,0.04988286421026113
2007-02-08,0.6373735853391677,-0.12223543040386542,0.5546846434250468,0.5353069160166408,0.004857160563190521
2007-02-09,0.5089491822007143,0.07911976695258847,0.5834670063843483,0.23191295407618798,0.08388161106789166
2007-02-12,0.6854863389568,0.0951503983663064,0.6131854346506008,0.1348171936955051,0.05083328990718833
2007-02-13,0.7383194705927218,-0.14754734093696817,0.6186621863549167,0.4741073780682286,0.01772024385021456
2007-02-14,0.6261651457190353,0.13209199047031006,0.56567930298266,0.19286228206618428,0.07304946617427778
2007-02-15,0.7283870962763889,-0.15500899260324796,0.542839114461788,0.3596934131963278,0.0387405579220666
2007-02-16,0.6836118362663693,-0.011454082164420454,0.6135664325075455,0.26605106334713413,0.0882695863558678
2007-02-20,0.6328806814784632,-0.023199414464306713,0.6833459075958813,0.38861874615862424,0.03846626387437041
2007-02-21,0.7242611131830815,0.007711033756863542,0.5648126942489574,0.37532755758855596,0.09159102416970993
2007-02-22,0.6615790143985558,0.12072914779214772,0.6582587332244052,0.43596808476863214,0.027359587995611126
2007-02-23,0.7293538839370877,-0.19295794752593712,0.5693174911082131,0.3275697465792333,0.09704916499121007
2007-02-26,0.6857222295437425,-0.07179167703588275,0.6280284976923161,0.3068998288367559,0.013337183101609352
2007-02-27,0.672151548666064,0.13737158220245124,0.4887472647283619,0.6121631307330204,0.07000142848971251
2007-02-28,0.6558424057560062,-0.40500798273523464,0.6003772189029133,0.4033443467973151,0.02989131349554243
2007-03-01,0.6659052810213753,0.19823822258533327,0.6302923247359474,0.42978761910238455,0.0860707546129158
2007-03-02,0.6925077816973323,-0.02087168988761731,0.682129470076063,0.25208039816422334,0.09355120774625358
2007-03-05,0.6769825837107948,0.013004926237756023,0.6352460300430741,0.3156146122575101,0.020088908232534442
2007-03-06,0.5828163698801732,0.03136460321963864,0.6090263341885815,0.548959940944765,0.029057949547925066
2007-03-07,0.6064818976837456,0.23093875334334402,0.713705021806246,0.3622235112477523,0.0672373713051317
2007-03-08,0.6054528890253388,-0.08139487327467423,0.5963906308509022,0.4563787875006915,0.06500863878069779
2007-03-09,0.6404302635080975,0.3110397068294684,0.5403063250901091,0.22607948478272,0.05038934390432497
2007-03-12,0.7253355212143658,-0.45492420624123997,0.5867720108540173,0.7117681129208048,0.03223813974138552
2007-03-13,0.6693978223520034,-0.22415353013924993,0.5943961291563169,0.3949199211380467,0.03522378024628774
2007-03-14,0.6780324970176558,0.13245259643192395,0.5455839602047422,0.5687548055236794,0.05706381942530993
2007-03-15,0.6822557142186308,0.14535880928036077,0.5663914972044218,0.5286382136995533,0.041747793312552184
2007-03-16,0.6571473795593467,0.055510502698706346,0.5513889674185195,0.30030683735978736,0.08413893024169117
2007-03-19,0.7044102653226441,-0.08872136604147719,0.5560034574205308,0.33568166579729697,0.0847301091420549
2007-03-20,0.704947653585871,-0.1258075722407222,0.592999907643975,0.40150277502870974,0.05227299862092023
2007-03-21,0.574132555699485,-0.29422528107470364,0.6158701259509638,0.3262970638847303,0.014532671163279554
2007-03-22,0.7228362455640208,0.19336142085010888,0.6351737255427236,0.5819771787312598,0.01999024172647168
2007-03-23,0.6658455336128408,0.1297763851807678,0.5701397405347489,0.6452369912868724,0.016093539434323
2007-03-26,0.7691816826218009,0.002376086903558388,0.6190348047303718,0.5359297599364806,0.0250561007458183
2007-03-27,0.6626430247592946,-0.13132481415994096,0.6434908392258472,0.40784392460836705,0.06905948503640101
2007-03-28,0.6791497224822629,-0.1668542686135931,0.5139788686356975,0.4236142409879101,0.0753593948045165
2007-03-29,0.7152481020747099,-0.04516134981520837,0.6717403213013005,0.3296083674584456,0.08140262175544688
2007-03-30,0.6172647772517039,-0.013446061439226251,0.5958308140358343,0.4769968731335223,0.08680353736544104
2007-04-02,0.6312518587968007,0.27361884736297964,0.698342351415223,0.39608559730316584,0.08648414852046027
2007-04-03,0.7324855210092158,-0.21129941412505204,0.6537400113364906,0.5047276408559462,0.056127055279081066
2007-04-04,0.7131718640094938,-0.003112617774058796,0.45223412863214135,0.3358272856347871,0.07843071728708867
2007-04-05,0.6387041991157698,-0.19565098761209548,0.6060115873431333,0.35810365544787653,0.02876386545072203
2007-04-09,0.6287693995117488,-0.21176002964956397,0.5637877780646748,0.5121499211849929,0.09264848111687796
2007-04-10,0.6369487472686253,-0.1029877412866545,0.5766078045698672,0.433899351380942,0.09567019700118268
2007-04-11,0.6928124744264266,-0.6089313078486325,0.6503890731084602,0.5436368034243755,0.031265398089463416
2007-04-12,0.6174906731319164,-0.19445964894696696,0.5766446792971939,0.32439959805433954,0.001296523767463831
2007-04-13,0.6811963436973303,-0.3893050572717729,0.5430964581029564,0.5539197200174908,0.062056169561184905
2007-04-16,0.623589001632599,0.24868565562058498,0.6161794472853405,0.2190732285411742,0.08701180923213352
2007-04-17,0.7017664597608102,-0.023533460438570672,0.5754170183443496,0.42449570931720043,0.09114863770737386
2007-04-18,0.6937316742783395,0.1415183643949239,0.6568665868791058,0.44081359127783565,0.06476323855500006
2007-04-19,0.6012182955606818,-0.09472909153023822,0.7448557442663231,0.4724491060381728,0.05466151367012413
2007-04-20,0.7884643650405748,0.27908681643983707,0.6095286978997848,0.43014070697811174,0.07761467451223322
2007-04-23,0.6681709980061576,-0.34756092316929993,0.5974628644440211,0.5210674552542197,0.029417772180449154
2007-04-24,0.6400180002589397,0.08239059981236191,0.6388196810110853,0.30903195606875244,0.06826588517015351
2007-04-25,0.6474348567828166,-0.20358229809543182,0.5547977920797516,0.27123947163469386,0.017379513185530517
2007-04-26,0.6249775769310986,0.28389113615956785,0.5497845803121185,0.412645921906069,0.03771982270526456
2007-04-27,0.6448565623164522,0.2357731874073878,0.6607554244763009,0.4864069982138947,0.0556598620595333
2007-04-30,0.6853067276551377,-0.04621190736817972,0.534440407611945,0.5943528881122198,0.05839860576839312
2007-05-01,0.6320163491123723,0.1327292694065683,0.646598481471418,0.3444719503094671,0.03305627887422691
2007-05-02,0.721900626365798,0.1528426406677711,0.679591546708275,0.3530653533573289,0.015480569779828625
2007-05-03,0.6057067991360142,-0.10109795108890224,0.6031964025562012,0.40582127270850565,0.032263002989351995
2007-05-04,0.6503281051862724,-0.3818394917954486,0.6158255942110421,0.59723444790822,0.09323818655711909
2007-05-07,0.6932125619061501,0.12182710381070272,0.6194923143990011,0.43970466698824,0.06618902109649391
2007-05-08,0.7165832983434046,0.07907473623713318,0.5747346787324537,0.3204011089991246,0.057267699055493004
2007-05-09,0.6575513172359662,0.0628258992901332,0.5740509315832111,0.43143386831314307,0.07840314485705015
2007-05-10,0.6919575066850208,0.16663588625403636,0.6534695767462791,0.4078007418478858,0.021996201542755747
2007-05-11,0.6046111717426169,-0.06902081936383801,0.5909960670106792,0.216423124382291,0.006817646910442588
2007-05-14,0.7394332260051241,0.028475582502093255,0.6061816870833634,0.5365526462526267,0.04159312437704217
2007-05-15,0.6384928584928826,0.11480838617680603,0.5810390186908279,0.38159131329840806,0.009194555393906645
2007-05-16,0.6313903806097809,0.33312064273730546,0.5671645918606426,0.46994642468957026,0.021335381018619592
2007-05-17,0.5762496306264031,0.23599770593795732,0.6379468855767337,0.40974341102973033,0.03607978246627327
2007-05-18,0.6586528766931037,0.08000000112271329,0.6991621381494583,0.2236763301096515,0.0752655689554517
2007-05-21,0.7091013693787063,-0.18232346043078052,0.5818246089949104,0.37521198809213374,0.09966310826043388
2007-05-22,0.6485840871101122,-0.002093025810545868,0.5254582687563351,0.5029180436127967,0.09811331976152965
2007-05-23,0.5802928244400699,0.10795290256566842,0.5651768119224899,0.2829075106192547,0.06689384679943866
2007-05-24,0.6801191685299347,-0.3113902173412956,0.5828167517407637,0.2577123092188446,0.09044964584876922
2007-05-25,0.6930636042158915,-0.18487146672607513,0.5575996925020081,0.4293949387943162,0.0621131697623634
2007-05-29,0.6313728944078881,-0.011592799933660506,0.5016440385811871,0.46308756035961557,0.0682551360768528
2007-05-30,0.7582456902775385,0.5584417735819923,0.5811697642756939,0.4788204140797187,0.09159324302986754
2007-05-31,0.5809687163546254,0.3005468652611176,0.6146907007488648,0.3516066555048767,0.038587593478404396
2007-06-01,0.7318590400144503,-0.0508952153290683,0.5522382768382375,0.44753349254274916,0.028282899427939746
2007-06-04,0.616832275008484,0.20432495287998964,0.5200770782073705,0.2949945210176814,0.08221090642399663
2007-06-05,0.6245155105795832,0.15190000750322444,0.5412696395223683,0.26520042156328316,0.0802816737508294
2007-06-06,0.63971600000321,-0.006408474136097374,0.5122850799762769,0.28483188909656565,0.004385166091050175
2007-06-07,0.7755648167049791,-0.1721130807627774,0.5544005692957014,0.36327629992007143,0.01925123879336771
2007-06-08,0.6489321596114779,0.12426934799382046,0.6171727369618483,0.3694045568468408,0.09482118196484181
2007-06-11,0.6081760856703825,0.2548880455697807,0.5626030864993797,0.5730321814857169,0.09562762064733991
2007-06-12,0.5577207051217418,0.039080644256664056,0.6624913780838947,0.3646735864561842,0.0007330586216845125
2007-06-13,0.6587253288332682,0.05910233831806775,0.5378072900921997,0.36879280679472676,0.06703351261430567
2007-06-14,0.6531092452904298,-0.12548414688527465,0.626371268378214,0.44610780322964355,0.08649508557126312
2007-06-15,0.6825314116051651,0.16171420137802336,0.5508875914739226,0.32257961816471,0.010392680917367015
2007-06-18,0.6398687847692721,0.00035660822092178045,0.5086515607818084,0.34997389834133247,0.07027428662675413
2007-06-19,0.6441941679064282,0.42491124596580276,0.42208311875564075,0.3820380278594367,0.07752067404630614
2007-06-20,0.7562846896407385,0.024368892826490796,0.5976032708150631,0.4099826315099768,0.09397511115083135
2007-06-21,0.636633330939176,-0.44838318690178264,0.5693607737313839,0.3224393395397609,0.015375457721764553
2007-06-22,0.6299832296917347,-0.09979745119582238,0.6454839626640345,0.6404837542253974,0.03317153754672878
2007-06-25,0.68086039687642,-0.09295344478234555,0.49682465485673705,0.44685401615460696,0.005426807089144104
2007-06-26,0.7591452800032571,-0.049468077405031355,0.43588083305639896,0.4670049671815524,0.05580842053178108
2007-06-27,0.7192699855725024,-0.3171691280771695,0.5627980741793287,0.4451226016136099,0.02276456349416567
2007-06-28,0.666344634899553,-0.15815418381707075,0.6039127801458941,0.35966202540313175,0.03880326036447708
2007-06-29,0.5957406918650033,-0.40989489713393623,0.6152995268886641,0.46166639764711187,0.04330250346392709
2007-07-02,0.6743986773564584,-0.08805492737016071,0.5232275360799384,0.2924263351558389,0.06732987323277127
2007-07-03,0.6484272177720057,-0.4240174430240349,0.5120142609643127,0.3689062483648906,0.06414227464816397
2007-07-05,0.7004940023595209,-0.007985292674672755,0.5868448772273389,0.534913510511343,0.07559605966951775
2007-07-06,0.722908504691205,0.09410196947571137,0.5468336551383014,0.3019211991586441,0.0700882031383002
2007-07-09,0.7069972025689657,0.33594947644430584,0.5607789111405868,0.5917259148426124,0.09280477501663338
2007-07-10,0.5937214145969457,-0.23083267695590828,0.5855814542168226,0.42642902101532515,0.078689189766257
2007-07-11,0.7356891088285903,-0.003094328145347916,0.49857250164383377,0.3786406757794958,0.008650522143779272
2007-07-12,0.5933658014538132,-0.22571813461940693,0.5897457424365489,0.48727874144696104,0.0437676149468225
2007-07-13,0.6881502142403038,-0.3442155041920939,0.5223582602219725,0.277500011133995,0.06607231649072405
2007-07-16,0.7288266626893882,-0.11674442671252026,0.48347399941605956,0.4029796165121425,0.053346776381034945
2007-07-17,0.6379922771582693,0.2967487820407414,0.5001887351977327,0.2600771740775369,0.03909925654289903
2007-07-18,0.5623543242121242,-0.0061573004826830395,0.5080045373371647,0.2571095393488273,0.05457244686408226
2007-07-19,0.7294613230627892,0.13344902948584839,0.5338660249637985,0.5364326244170867,0.014407553745848312
2007-07-20,0.7031268016699306,-0.16457118030368648,0.4824961433882866,0.48179815444538615,0.09141689163846178
2007-07-23,0.6898183478233675,0.03394955359413234,0.4897015192021335,0.4607947567005754,0.07293245766158447
2007-07-24,0.6322250558433025,-0.020397330918735596,0.6035736883849679,0.3339165764189854,0.09494651035305128
2007-07-25,0.5913505371463569,-0.21050943837402208,0.5801470495063299,0.425473113738021,0.055506974564026194
2007-07-26,0.6635561310655622,-0.1018187610623139,0.553911521109947,0.3150895149009777,0.0005029839074005116
2007-07-27,0.6852832784321298,-0.1462509137625914,0.4839779978371135,0.3362512565174989,0.0537152048554461
2007-07-30,0.6512296276758018,-0.009765967186740634,0.5383245302051742,0.031163470857155595,0.03046911523495084
2007-07-31,0.6296174721126617,-0.07831399547120786,0.6010486758484677,0.2919997391617868,0.0903546375974546
2007-08-01,0.6781398309049955,0.2990060619471675,0.4593981433682098,0.43939752258644027,0.04126544960262479
2007-08-02,0.6298864083032739,-0.10092674845784691,0.48414940823686886,0.32681426915841144,0.0512552694547587
2007-08-03,0.8060956073953246,0.16889117441433316,0.5786578266715141,0.44919934868364964,0.0220787969357408
2007-08-06,0.589687160579902,0.07899159406466144,0.5750631471602321,0.31466005259608887,0.019432621534632544
2007-08-07,0.7182663333580562,0.14086724197081577,0.613317215250316,0.35822169874863813,0.07996600536055315
2007-08-08,0.6151194508862136,-0.07232562187450912,0.5918009750821988,0.2171594119158037,0.08513877224254743
2007-08-09,0.5665812142284483,0.017879055786322654,0.4972090440463047,0.4007727893175685,0.09943130504254334
2007-08-10,0.7172655885617932,-0.11051386922377049,0.42501337362805247,0.6044481557199944,0.05496646096791668
2007-08-13,0.6201385856280611,-0.2118074244024195,0.5718815578930809,0.3615510878958482,0.0067362757404801354
2007-08-14,0.6668305073982594,0.0965580248120636,0.570238131006188,0.36665393068182284,0.07255892573341403
2007-08-15,0.7459976002957149,-0.42715996974696113,0.5534218000371836,0.31604724419823427,0.03308509316827234
2007-08-16,0.7386135658303995,0.02840889576610905,0.4811708630255793,0.4662841093021633,0.06554729806969527
2007-08-17,0.7146594173603625,0.12837882457172764,0.46272542055421384,0.35159828763779155,0.0619515777154333
2007-08-20,0.6697963581439281,-0.00825193053001208,0.54994406110197,0.19850987674933918,0.03177859372337254
2007-08-21,0.6867163527276751,-0.057996270887327984,0.469969266661345,0.32575132222304004,0.061634243025945314
2007-08-22,0.6592731167741017,-0.7202170208919036,0.47627860518189236,0.3124185175353707,0.05841699328451973
2007-08-23,0.6966391604661312,-0.16110533650210412,0.5000476191573295,0.5542276627661302,0.036449343567862925
2007-08-24,0.7197175759907711,0.18045427998869054,0.4852815120211275,0.45430322792896527,0.04283073929595911
2007-08-27,0.6583051099773203,-0.03921864213538758,0.5292460129636594,0.34030064115790676,0.024617513854548412
2007-08-28,0.74465015522216,-0.03202602791958743,0.5391995221368356,0.5455600479257299,0.07398162159386168
2007-08-29,0.7215826887287586,-0.28178382053810497,0.5300583817990308,0.48507193944606475,0.08401100587806554
2007-08-30,0.7145931511080373,-0.22265896682292624,0.4745064020606609,0.4994558235741622,0.07329727957514147
2007-08-31,0.6319119814658677,-0.059939211332862855,0.5857091496549559,0.39522007496152106,0.046284837607561025
2007-09-04,0.6336612931083078,-0.17552347137258104,0.5219088546304369,0.2666851991522791,0.03054717964453353
2007-09-05,0.657633201805179,0.06664610699800436,0.5698525559558743,0.4667548080369996,0.017577016089522536
2007-09-06,0.634296744100891,0.23568386351274404,0.4895548371043865,0.2764296977950591,0.08417929953382607
2007-09-07,0.6613979320367263,0.2876338402291404,0.512441570668529,0.40125218643297866,0.014000166871619991
2007-09-10,0.7518605822351426,-0.2862709694108854,0.4389282994306117,0.2384153529033168,0.02632346505935833
2007-09-11,0.6886324093240027,0.033298625423024905,0.5800488716590158,0.424347507713677,0.007646237855721539
2007-09-12,0.6497921420260347,0.00035897457562141704,0.5085151564608537,0.2328238726671833,0.0018630294871235355
2007-09-13,0.8055165822167446,0.1039742036203823,0.512861950790287,0.4615163984278581,0.0031194231008309092
2007-09-14,0.7054705490293302,-0.02811069710048634,0.4705453254165817,0.45994506863217044,0.040513446755111406
2007-09-17,0.6892855420265726,-0.16197801981788162,0.5723820163341757,0.4293352036322984,0.09063035773981833
2007-09-18,0.7064909681133814,0.2783841775359838,0.5023276216544026,0.43169520069841155,0.054346932391811854
2007-09-19,0.7105013619253058,-0.14497221676001046,0.5037531394552536,0.4125548586651149,0.04721039507829259
2007-09-20,0.6221970724158302,0.4635273577347757,0.4305177447830338,0.27018960963128424,0.036581863010300954
2007-09-21,0.7357113287851789,0.1426532501593085,0.44943057141136356,0.4607289015101693,0.07721448435604628
2007-09-24,0.7433925222498654,-0.006052611519397151,0.6302967843269444,0.22759381891319647,0.02909991602143739
2007-09-25,0.704691172692955,0.23330566724420065,0.544827779799796,0.37956442733543516,0.051041199334378555
2007-09-26,0.6554779258994424,0.08882903421745147,0.5409679731416673,0.4602473436282364,0.05021672696664309
2007-09-27,0.7220028945396694,-0.20377399141334707,0.48872610640831243,0.3059984067876246,0.08479818401038666
2007-09-28,0.6506943611956928,0.20304417836286107,0.5054630198322416,0.660685916314977,0.06140359765601281
2007-10-01,0.6796703183594858,0.011938376115947254,0.5053091748707762,0.33621913071400644,0.05141366805163822
2007-10-02,0.6671081693811203,0.22555760542232917,0.5057068849178834,0.3206540270116529,0.01791451839086208
2007-10-03,0.6237457689760681,-0.09004037833316869,0.5037246391778443,0.5193586535476262,0.06594133069529767
2007-10-04,0.6029755679316781,-0.06396525557775125,0.5072848708675554,0.21662942323705656,0.07359198088348244
2007-10-05,0.6283200858516796,-0.13597770794723726,0.460323528918532,0.41918895450216476,0.0358795538845806
2007-10-08,0.66197201952491,-0.11105722052020726,0.5217666860309064,0.572307471764625,0.04876421483736479
2007-10-09,0.7519628258370875,-0.38455435441246727,0.5293337431899942,0.3821976709936162,0.036943518544747436
2007-10-10,0.6777577671432677,-0.07965660670850971,0.506485798512608,0.4151407396072019,0.0206774074717501
2007-10-11,0.6410524121325538,-0.17927350956503618,0.4783124322779507,0.42342592644567656,0.03612513645596288
2007-10-12,0.6999498170842131,0.17066979546802932,0.47619313933732216,0.4283844567302737,0.04546434497948884
2007-10-15,0.7181251295976648,0.23311897902882564,0.49851423676935475,0.37790682750603877,0.09805897820631024
2007-10-16,0.6795562116918196,-0.22994149457948115,0.49198862392821974,0.474458639847313,0.07037362528476224
2007-10-17,0.702097356472185,-0.05405352087277781,0.5127825314294512,0.3175349659709313,0.08296471556536504
2007-10-18,0.7051746074112512,-0.015564287227294618,0.4883408052490275,0.36382761639066136,0.026331606938415342
2007-10-19,0.666855306655007,-0.08957552898639168,0.5353014491167227,0.36047164519838193,0.017384981644645005
2007-10-22,0.749648204801369,0.2930421006962762,0.45866908128969697,0.40697042694292807,0.036529677799104765
2007-10-23,0.6374671689331902,-0.0653295126377223,0.6036794018694496,0.3692428582884201,0.08354690676766446
2007-10-24,0.6880113018538714,0.10826425880165567,0.4538520754943853,0.31449045255907954,0.03763287810435452
2007-10-25,0.6096988814295939,-0.1771941467795554,0.3617212008852635,0.45445824007936286,0.051637178216757035
2007-10-26,0.7727096920628034,0.02956414780730539,0.4337619718543442,0.33572236171000525,0.08677194218712474
2007-10-29,0.6470561577487501,-0.20351695544267515,0.5487228860005797,0.4810260044375334,0.0482110089713126
2007-10-30,0.612227410309117,0.1450162088895016,0.5824601973443714,0.590255820522956,0.05018369844707418
2007-10-31,0.8132606011542981,-0.1803985298886395,0.6477493804968862,0.3645793611491212,0.016560582242899215
2007-11-01,0.6403767272309742,0.06541447497556906,0.47786694848284356,0.43990441406465264,0.06434770023883098
2007-11-02,0.6039961406131349,-0.04775052041268687,0.571693516180738,0.39429387085688444,0.01869056758087676
2007-11-05,0.6770797893369941,0.09505172094346231,0.567355719718103,0.2344775287810567,0.07173027084540955
2007-11-06,0.6992262025918716,-0.053627827848352655,0.517648503243312,0.5059950169762377,0.02303463325993246
2007-11-07,0.6102906674294077,-0.20252888828861793,0.4130511195876142,0.34508410582362237,0.07202556588749491
2007-11-08,0.7365216172189407,-0.024117437694693905,0.44333427102000156,0.3514321255424953,0.04788146427200821
2007-11-09,0.5956069148254688,-0.22503722034623236,0.5303110954247965,0.28261266736939716,0.016124625986262575
2007-11-12,0.725631715260165,-0.0142240581660672,0.5168076183546165,0.37216270323921063,0.002244603815429136
2007-11-13,0.708642391927186,0.15663197755540215,0.5298555770804517,0.45647891059076484,0.05734865113522683
2007-11-14,0.6593955165039787,0.10844060138180972,0.49679486549610197,0.4002231622162402,0.0629540424888155
2007-11-15,0.6562678125316851,-0.0914437078638392,0.47982980425045535,0.44676901038588857,0.057226929923046455
2007-11-16,0.7355302956406731,0.2342203943339119,0.4520643357324933,0.5289203051406873,0.02582596460167085
2007-11-19,0.6540920749191035,0.12014660302911834,0.4714650601214967,0.41419799138740054,0.09582383364845537
2007-11-20,0.6856861591448453,-0.29692095838393057,0.5478368402418694,0.5345935007838316,0.05636047023357652
2007-11-21,0.6612676027159186,0.2720336261656026,0.5085961023686465,0.48495845310466174,0.07195472995040887
2007-11-23,0.5590715017024449,0.4837555558626927,0.5941964184721926,0.37153744957463214,0.028345462640564048
2007-11-26,0.5713955486678091,0.05760567366109784,0.4493086697656741,0.4444853537557488,0.04492033616194568
2007-11-27,0.690578285958214,-0.18828063380040497,0.5782642525569164,0.48055747028061735,0.08673023989920944
2007-11-28,0.7187911668644281,0.0017715407337790757,0.4521588740491338,0.4977872272211138,0.08303635747042809
2007-11-29,0.6564814300432104,-0.2779560286385338,0.5912642306581887,0.609940752050251,0.07946160702604513
2007-11-30,0.6679375935510398,0.43182423092065836,0.5289629775149943,0.3619544095833649,0.018188415187009966
2007-12-03,0.638477077290726,0.3274164815985485,0.48763955968674,0.47352693099749876,0.02645206985452897
2007-12-04,0.6420418082470395,-0.09206135251487263,0.5789231952068342,0.36199631537106464,0.034267127456033185
2007-12-05,0.6497602310289853,0.22656093943496144,0.6080512164558516,0.4644689803284234,0.05905959909323073
2007-12-06,0.6372615112188025,-0.1021216998595159,0.5329542127572192,0.4320930061925658,0.03854618827418476
2007-12-07,0.6206067044930114,0.14460758791597278,0.5340174403609422,0.22842916813618708,0.020234854908817514
2007-12-10,0.6235536758769634,-0.10082573473033274,0.5284838947797043,0.5889278795503996,0.05043595260707127
2007-12-11,0.6819085653069813,-0.16815437797972502,0.5439642145031064,0.36479122525461194,0.014956119362645605
2007-12-12,0.686237911976677,0.11611353740712296,0.5942051522112015,0.39757135043299746,0.04758691854894773
2007-12-13,0.7519480263799916,0.18160453250723826,0.499187398696078,0.6209855665748465,0.003903656361812824
2007-12-14,0.6863497256635048,-0.16702490079444704,0.6180253537139673,0.6077777585198445,0.05033292081384595
2007-12-17,0.6683487368140218,-0.10073005207511927,0.5292469098981871,0.47147317275177003,0.048224093511248095
2007-12-18,0.7338928327515256,0.11409746617271471,0.5437879800111876,0.5498011770304427,0.060347465082471054
2007-12-19,0.6543581763474238,0.20618386767338143,0.5251381848001183,0.44310229580108934,0.08969689528475316
2007-12-20,0.6643218717604773,-0.011170436530562173,0.5215145988649348,0.5344854031180695,0.0649231735106534
2007-12-21,0.6333536980945732,-0.1480464505097417,0.6472790486020417,0.4977847564654332,0.03703774502487801
2007-12-24,0.5507443150653482,-0.11305174784208072,0.45318080787990733,0.3049309306584745,0.05298165189397056
2007-12-26,0.5130742666882979,-0.027397915538788477,0.4883934088284172,0.4059905256796439,0.08023001960078138
2007-12-27,0.5887439370558737,0.016582370634407987,0.5256019266834313,0.5501952965188596,0.03812364961990551
2007-12-28,0.7405678430872812,0.1570691206020566,0.5308753731216708,0.5985380395260294,0.0741394042282245
2007-12-31,0.5923482361080089,-0.2807117259127325,0.5455958153703977,0.6254038108921119,0.06967076031574668
2008-01-02,0.6698830546564956,-0.036649048641856384,0.47962438522508993,0.4945929585270379,0.013388310562460138
2008-01-03,0.7276588127164676,0.157815040279982,0.5211181847011024,0.32932932316269947,0.02325128906226557
2008-01-04,0.6153438874797514,0.01677450035218673,0.49941740396013196,0.28225834947507117,0.028326666800895586
2008-01-07,0.6588154641544661,-0.09783123503684324,0.5291073818180199,0.44664445968402616,0.040864670468721526
2008-01-08,0.6839523901075139,-0.05763120610222353,0.5660099166184042,0.3008472958895368,0.07091488372061079
2008-01-09,0.6852639311954838,0.03012049856892676,0.48255785941026047,0.4995693754370362,0.057798714580044624
2008-01-10,0.6359283147386502,0.018061959841286994,0.6167794400072735,0.49256767577138694,0.0007194052450581467
2008-01-11,0.6817166694284417,-0.07249980057641371,0.6067805663093683,0.467469497780862,0.06877667367777761
2008-01-14,0.6490817489977935,-0.15897872940033808,0.45830786967490394,0.41540318416835875,0.03622697897745908
2008-01-15,0.67586511274908,0.22723827492850845,0.5807118753301871,0.533422919417269,0.06515759347779318
2008-01-16,0.6451317886041914,0.2276300661935237,0.5371430179683241,0.47775960617922725,0.08549769262679285
2008-01-17,0.6070620803734652,0.04702705987323771,0.46518013496318045,0.37328625140582455,0.036564409443647174
2008-01-18,0.7020176996938956,-0.10419371024621915,0.5127140802176599,0.4846118469295934,0.06806057050634484
2008-01-22,0.6748268605076537,-0.09791412940613432,0.570568980230083,0.6636669141945588,0.04132281582959364
2008-01-23,0.7376751424890772,0.23251473363756806,0.5910479839223345,0.41664852725771473,0.04824677570068806
2008-01-24,0.5601958855834791,-0.13579606929262641,0.5460327286122514,0.21251079359524672,0.055491135629832856
2008-01-25,0.6221292104892282,-0.39616729418452684,0.5689301022815679,0.4818765970848816,0.030665308667459448
2008-01-28,0.7353387259312164,0.08295689241584824,0.5249930790684463,0.20679348414800405,0.07054946079710853
2008-01-29,0.5921565650299249,-0.2537965154508997,0.5294787061109514,0.3840251502008414,0.0854998922823597
2008-01-30,0.6292917890936516,0.0677951787336523,0.5630597319438883,0.4010545711741026,0.07478141950798876
2008-01-31,0.7370125276335602,-0.23604634684007403,0.596353050811494,0.39860267715239267,0.06993114422950535
2008-02-01,0.6633256859515152,0.17705126417319206,0.620105422895307,0.3053509204011572,0.02144581415380801
2008-02-04,0.6708919708071037,0.056242336516813075,0.5646677592529434,0.45850213322877986,0.033843784630934695
2008-02-05,0.6940596008955137,0.36651224807120253,0.5025087895939655,0.38775640102526027,0.06970574087244603
2008-02-06,0.6345748744243904,0.12082149108780882,0.498860213326972,0.43463127102248866,0.016073800913321723
2008-02-07,0.6484975784325829,-0.1468323732242028,0.5080811648176428,0.3534924053798994,0.000529063347257197
2008-02-08,0.7342250265145462,-0.005037736705895895,0.6124683654070512,0.5664641821966275,0.014532843583575372
2008-02-11,0.6931877792411287,-0.11175991441246813,0.6064257845074215,0.3455703853685708,0.043537743455276404
2008-02-12,0.6547788658351414,-0.30397855992379696,0.6300163476369505,0.36139974243505607,0.022177024461951203
2008-02-13,0.6891049122907931,-0.20719238572132792,0.6061311805030314,0.32380587618649165,0.0037755338285078936
2008-02-14,0.6729145639149088,0.17556520624782518,0.6244919306399044,0.397796992748306,0.09844481006312733
2008-02-15,0.591593448364664,0.5985621140121283,0.6728567361123475,0.4722674824888299,0.052100554322055896
2008-02-19,0.6423398109204514,-0.022718432340392936,0.5607250598860415,0.5263855939096389,0.05974725638140963
2008-02-20,0.6931251445425917,-0.15683277167196658,0.5649137880067069,0.5121188142569905,0.08202287344282205
2008-02-21,0.7600048923410239,0.30566631269724914,0.6268472293735348,0.37473751311973635,0.043897204854123587
2008-02-22,0.5179243087335439,0.05943200476164432,0.5894367319033724,0.4139982096321354,0.06568842227068429
2008-02-25,0.6826948673516603,-0.2652524323898314,0.6189254337332039,0.46322163140318506,0.028600651170869542
2008-02-26,0.7141169391029829,0.18931540071467734,0.6217424330866874,0.35899705884610894,0.059951491289248954
2008-02-27,0.6764581576041955,0.018224973450675374,0.5973973759357233,0.499821765597173,0.02316709728180616
2008-02-28,0.7121834376511245,0.41546868791399066,0.7027959729683076,0.4079649582613925,0.003606113314434878
2008-02-29,0.4881672225770315,0.24736649322545332,0.5659012592152419,0.31985160781689936,2.8727185462340545e-05
2008-03-03,0.6600777362505316,-0.0893286093629213,0.6247995078733696,0.24405642208737746,0.09968171438272064
2008-03-04,0.6261139627104199,0.06863171083948331,0.6257292112605098,0.46415416449360125,0.0353127663356528
2008-03-05,0.640648186053335,-0.195653129853248,0.5696330678882553,0.4239872752284725,0.058608016520969856
2008-03-06,0.7542738684636274,-0.4094874371541501,0.5842978657569716,0.2667321558974797,0.0736925540146395
2008-03-07,0.5973878661323254,0.19339132906896334,0.6229216112073,0.44494335159472626,0.00901658575951505
2008-03-10,0.7260512919865496,-0.09594377935322722,0.5750452187392197,0.6185730616722575,0.08297648024492998
2008-03-11,0.6676714472870212,0.14702642261081825,0.5972975763458188,0.2151741469921585,0.034809524824824245
2008-03-12,0.5777685498099365,-0.11579684398798096,0.6500710649291561,0.4788291656636004,0.02765078486971222
2008-03-13,0.7257038582112016,-0.19740923578726308,0.6783331431292449,0.30351066998136156,0.01945251930859611
2008-03-14,0.6906412199334984,-0.0020704579815473377,0.5891052761764746,0.5338592138295607,0.057490672174581474
2008-03-17,0.6447444739917019,-0.2699210511423856,0.5994919341586857,0.3600173265713474,0.04071346261072017
2008-03-18,0.8488691459541322,0.135301495287995,0.5782275830348185,0.2943888430812914,0.007238597052670393
2008-03-19,0.5859855794715607,-0.20504381714748662,0.6046297428120398,0.5427328651594769,0.09470154651776626
2008-03-20,0.7360844571193959,0.04581896632927588,0.5828978482034615,0.42688123564121544,0.09567093495852752
2008-03-24,0.6540681001257711,0.34367279915277515,0.5901454170758345,0.39136621417532735,0.08131473496063743
2008-03-25,0.5692088787489665,-0.03908696930455277,0.6415297001333592,0.2932277422961455,0.06941918614713001
2008-03-26,0.6424639832753593,0.15854220354673296,0.5259584904996003,0.5057801007541919,0.05631686038049302
2008-03-27,0.6533928054913448,-0.0777136440982406,0.5436685557975877,0.43780462604278836,0.07574732850466726
2008-03-28,0.802993599251469,0.1562994478921264,0.5567045822263303,0.5135620585491476,0.0458848429334124
2008-03-31,0.6641660227032875,0.27489699628551184,0.6403330976407542,0.10568584345282667,0.05868265171499795
2008-04-01,0.6297960183522485,0.18887704456707796,0.6075793668970613,0.29762440522921496,0.01162683014409226
2008-04-02,0.6483205242253093,-0.38124732401787614,0.595560269901075,0.6210689726015765,0.06336617975581886
2008-04-03,0.7202466695366162,0.43808340023768466,0.644066430183742,0.5027479343352692,0.06769129760650999
2008-04-04,0.7787039343872512,0.07545265186844528,0.590538071040436,0.5032657516622012,0.03157306940289286
2008-04-07,0.7526920118560941,-0.09599292854244179,0.5635910486242932,0.41388560324308804,0.051650421720483834
2008-04-08,0.721574943346583,0.15961820973231233,0.5283550473295564,0.5911606067063322,0.08321770449232287
2008-04-09,0.6479417535301574,-0.05301299937771588,0.5543099673216385,0.6698328835937088,0.009300943016209174
2008-04-10,0.6921035335143984,-0.170195016136313,0.6425034899152021,0.4769135779310033,0.08210746894925303
2008-04-11,0.6706136488210057,0.16812134255667666,0.5578927506445642,0.3507081725050748,0.09313962398356627
2008-04-14,0.5794891672716967,-0.2647902168439126,0.6890019180896342,0.5641428627722315,0.03535379262161711
2008-04-15,0.6832894324324481,0.33258628943796753,0.5904088131754185,0.3756589697432092,0.026907578246879907
2008-04-16,0.6828255324232777,-0.024984319064713087,0.5874305549788276,0.5143398107149553,0.06831073085237686
2008-04-17,0.6875067826978101,0.1424963528867609,0.6495229707655722,0.4388185795654734,0.04989993403636831
2008-04-18,0.631486433704588,-0.27057317779280776,0.6051423592432573,0.3828743695175066,0.07354290652428307
2008-04-21,0.6843695714460061,-0.003210807849717238,0.7260457799315473,0.2669773744358662,0.02067786323220099
2008-04-22,0.5805026865089437,0.06647536670392194,0.5777393740912,0.43160678697299515,0.02496954339469575
2008-04-23,0.7091941511142,0.2568209390357795,0.5208788376972286,0.3443282102142837,0.015599556847615893
2008-04-24,0.7014380629440381,0.15409271913744532,0.7055785499286412,0.49557039711138673,0.09201881295329896
2008-04-25,0.6771605702056861,-0.17808715058853233,0.5673439391306822,0.3407297177042894,0.06634240783204501
2008-04-28,0.712761681425688,0.0513994891171661,0.5282525738493558,0.35640985309095674,0.0764244212635527
2008-04-29,0.723877377672571,0.07033247099481181,0.622466373622146,0.4382921710057263,0.004226312673099775
2008-04-30,0.7613215367304429,0.04720861276487401,0.5743190629467132,0.30842449588664395,0.06206674748317667
2008-05-01,0.6924804729104855,-0.48814080295501683,0.5839789048475512,0.3794160140078656,0.09853613293244484
2008-05-02,0.6117764573191359,-0.1856531677311992,0.6332366019368968,0.4230711749074963,0.08687688356245535
2008-05-05,0.6850894166853663,0.061269506786404526,0.5959908462597587,0.5242862562858315,0.09843946826775546
2008-05-06,0.6861714590851824,-0.2916426227637501,0.6723765473349665,0.4370340267328846,0.02802666231831871
2008-05-07,0.6505373134602466,-0.2506803436590037,0.6101642482630197,0.3882827995025625,0.057666518634740975
2008-05-08,0.7587073393016204,-0.06918145613336557,0.5479860401552364,0.4895796218235929,0.07992699177799811
2008-05-09,0.7262640946358415,0.033730273522039105,0.6231476806880756,0.3962312879257762,0.05407679455918271
2008-05-12,0.6916932550504623,0.23299817651278462,0.6189507999207209,0.3830725561667376,0.03937169228523979
2008-05-13,0.7476181272963075,-0.47297107455830245,0.689717710925446,0.22940409051092647,0.017480036211904904
2008-05-14,0.6486453587613852,-0.008183507039013809,0.5792081913095165,0.5006411040026555,0.06982445680961395
2008-05-15,0.6271081690694882,0.05215336349661264,0.5570289889534334,0.4295140979337417,0.06892105490596488
2008-05-16,0.6767613870101061,0.018587130536595574,0.5578400861556635,0.3489936049903918,0.021075238570144775
2008-05-19,0.6943636257013713,0.18874310115120888,0.5535505527671705,0.31312324554270904,0.03254361999154264
2008-05-20,0.7106730082835918,-0.006500778611537881,0.6243454355091946,0.30942027866288524,0.025970076909029804
2008-05-21,0.5910280537288284,-0.10660081636526686,0.5438491955569739,0.39212115999197006,0.023713915250754527
2008-05-22,0.6481577392864805,0.14820339026728985,0.5670960914280927,0.4150474498773901,0.06130840431384478
2008-05-23,0.6878817279220472,0.03899101848243747,0.5796246051320333,0.45106006904103135,0.04987700166101969
2008-05-27,0.6402172433087095,0.2798835853307766,0.5662248121429917,0.2688450862101318,0.07007126268163008
2008-05-28,0.6894036678495886,-0.170236096489497,0.6106022903688735,0.6209605576042379,0.08543260872408197
2008-05-29,0.6406713954221074,0.06647446664479696,0.4888360775071406,0.4453905229441347,0.017988922872699587
2008-05-30,0.6357143100100154,-0.12496692368689649,0.5208149510206681,0.4732151226054736,0.057589272920796214
2008-06-02,0.730365217873663,0.004677042931701533,0.530416625197528,0.5589523036103863,0.009986974090945311
2008-06-03,0.6424794936122671,-0.43240645998548777,0.595796019301566,0.2895225326358484,0.023580517288550762
2008-06-04,0.7294304396749587,-0.07622753933468378,0.6022940696255635,0.5401500346552158,0.038088338223146806
2008-06-05,0.6195570567689639,-0.1131874261784811,0.567550150526643,0.5537551319034344,0.09591479207466692
2008-06-06,0.6470808641029777,-0.11890073918980144,0.5944597165121421,0.3422771274289429,0.08056683615575902
2008-06-09,0.6876262941448807,-0.31030748419362536,0.6788905777519751,0.2652290769690597,0.04995978261118507
2008-06-10,0.6639123648004895,-0.006496207168418923,0.6630045477770536,0.267515421906726,0.08493899153966605
2008-06-11,0.7791852067739375,0.15143536422040452,0.5874158276112467,0.30153663129820446,0.07205603295246306
2008-06-12,0.7085570621019036,-0.14469732448396,0.6290801436963682,0.3028937970892267,0.03000341821534487
2008-06-13,0.6743420752771957,-0.11105461760263431,0.5155522927468363,0.47413198169079146,0.05678345192053117
2008-06-16,0.7067729373704816,0.24180203978019943,0.47345323501728004,0.5064170702341044,0.06905431759606442
2008-06-17,0.8052724452678446,-0.09032821783538938,0.656369576805902,0.3736838727940174,0.08138180692068464
2008-06-18,0.6113795131219346,-0.061126488481359126,0.6131840641361004,0.3161823517668469,0.06298622123621544
2008-06-19,0.6499830670496756,0.11870788645863817,0.5600854029809372,0.4584622952486741,0.03346565385145628
2008-06-20,0.6918914770379168,0.09592506391031459,0.5374729300890918,0.4231730942030393,0.056035003481426454
2008-06-23,0.6336313497152033,0.2576867245006777,0.5248258979519723,0.512884748754939,0.02577148254524192
2008-06-24,0.6683196519508566,0.04039980215146425,0.5309377481847626,0.2984004568831971,0.012123748921670376
2008-06-25,0.5927619806197348,-0.2110648317184919,0.5386351924332641,0.42118791788288845,0.09631165609179142
2008-06-26,0.7305189656641631,-0.08915149195936978,0.5098758267828224,0.2557285213997288,0.05758944574733487
2008-06-27,0.7040031808952051,0.27663890306586864,0.6164324323655307,0.47099327481472375,0.01745388357294584
2008-06-30,0.7119271658633799,0.3395247559418682,0.5671416384590167,0.4646129676024172,0.03551090383908918
2008-07-01,0.6639608069074,-0.2724086741709515,0.515485011765116,0.3990840961465345,0.04874937443043617
2008-07-02,0.683039268625065,0.38525717097107864,0.5528813020172919,0.5178843444025644,0.08896324491382206
2008-07-03,0.6582461379211841,-0.06233517715304683,0.48150739856166286,0.32576719871234283,0.02865235765557891
2008-07-07,0.7063490695681875,0.0015120360788266531,0.591674642562416,0.41812539483450506,0.014484833827806742
2008-07-08,0.6623773134181129,0.42965937275739186,0.5389784307224135,0.5163000969705305,0.08077171439570685
2008-07-09,0.6599395396727661,0.1419198958767133,0.5892221617869938,0.4208491970575581,0.0631273408325837
2008-07-10,0.5622758538651698,0.0036504921712225895,0.6034942751582492,0.45274808330277305,0.08489007719388086
2008-07-11,0.7022919437614623,-0.34445138679150383,0.5051007890068954,0.4411357631151439,0.016199948894698536
2008-07-14,0.7005191638393445,0.2429333560265805,0.5313537736816194,0.44058240866738146,0.03168782416955612
2008-07-15,0.6808187120965646,-0.19738854730031138,0.42497181840039966,0.4431009692130077,0.026747239087063793
2008-07-16,0.6886973604206406,-0.12363500842003379,0.45597062724864895,0.46297395144087383,0.027124810135134902
2008-07-17,0.6667039962902224,0.11137494447362913,0.629303469550649,0.18585691196802953,0.08628064836470026
2008-07-18,0.6450199595648818,-0.041875122662382656,0.6080182276179925,0.23635969807935153,0.05869197735260106
2008-07-21,0.7767930512840302,0.0271711803132581,0.5280316232134876,0.3801940236781094,0.04139890608736732
2008-07-22,0.6581868483909985,0.20962335185383096,0.4786003716414569,0.4345414181643854,0.0023101092316507588
2008-07-23,0.6607909167146512,-0.15242668970281958,0.6605252398498138,0.441905073475346,0.06620225478086397
2008-07-24,0.7106632772330571,0.22755535613373246,0.4593646109060214,0.5752291909122031,0.07006969284246843
2008-07-25,0.5545521410752461,-0.1537532820077041,0.5066919420733424,0.45817233649705064,0.016691046503965246
2008-07-28,0.6909359133070744,-0.033362948139678654,0.5267149784670466,0.3021976976477432,0.006379239959116024
2008-07-29,0.6051383802757913,0.14530232446721206,0.5612370460764278,0.5584494375157059,0.05484337438182938
2008-07-30,0.6404991451592396,0.13856304206018452,0.5116102374998146,0.5190474985193483,0.03970125207601695
2008-07-31,0.7310981388339071,0.04224187984489134,0.5080700620322741,0.49609321786082616,0.008325120139068665
2008-08-01,0.7123452261628282,-0.13688808041723652,0.457915016260563,0.3711467099318204,0.015527436200016188
2008-08-04,0.7557706907674104,0.22929743174660766,0.46651020464483156,0.2832242584100079,0.08854713170963989
2008-08-05,0.7437341924839742,-0.2271271809515658,0.5468814326169651,0.3383928784663677,0.024739651931519224
2008-08-06,0.760852246226084,-0.15408495982757578,0.577883289519924,0.4184858654060365,0.06264806846261897
2008-08-07,0.6926097427117143,-0.3940617162702802,0.4098767577637316,0.37794340597326864,0.08385177788928747
2008-08-08,0.6923453031708305,-0.22503956554754467,0.4649038381611954,0.4561472629826133,0.06635491353038046
2008-08-11,0.7081427240228565,-0.027548212077585413,0.5563520799429573,0.2825797704279854,0.03252013166564788
2008-08-12,0.6622032541456514,0.32957552115673466,0.520111663703942,0.41263125145869994,0.09749815454400947
2008-08-13,0.7952973292983869,-0.2798684331697542,0.5558804941827938,0.56639862798081,0.027241442761231416
2008-08-14,0.6637571036750727,0.17192615737096922,0.46633146332898445,0.33132676044326487,0.09695422645545462
2008-08-15,0.6992483208023816,0.15971333462211804,0.5708629552463617,0.5569628586939493,0.01770366399797121
2008-08-18,0.6766276720722408,0.2387223510345176,0.4959151446477464,0.4902091311588268,0.06310475226410597
2008-08-19,0.690374439892609,0.08913558141638478,0.5336321810311545,0.2395294990202188,0.056398448672128745
2008-08-20,0.6237939070569612,0.020508287963504485,0.4275303434984842,0.4831211103199756,0.06395282487108121
2008-08-21,0.723577798314407,0.06543411057555805,0.4552863830835737,0.5380138938868515,0.03471683001641309
2008-08-22,0.7818605319859179,0.029415365489194795,0.5363300780884158,0.4201738654796044,0.0804707766246453
2008-08-25,0.7065184594499399,-0.023911751325279215,0.5075259887995058,0.49057176004973657,0.03657833219483778
2008-08-26,0.797281208094822,-0.28001424688034776,0.5035711215561836,0.2819539514767918,0.0303572915573089
2008-08-27,0.7596012449288041,-0.11754759386397969,0.43612145413456266,0.46381869988485736,0.9076898945804441
2008-08-28,0.7672155557371555,0.13271957371215257,0.5180534809126324,0.4409140922775994,0.03438849172499943
2008-08-29,0.7507420331412776,-0.17483985400282998,0.5017658087072114,0.35473098514904666,0.0008317110596373301
2008-09-02,0.6216067346354144,-0.06567505188336048,0.5610500016449728,0.45666021483927255,0.09469575118681245
2008-09-03,0.71221552500541,0.029295122330663642,0.531439077287607,0.3199409657651895,0.0009132599576333168
2008-09-04,0.6645245057036385,0.03840084739373535,0.5187708578725854,0.4320187854921873,0.02929226130023878
2008-09-05,0.6730832358991811,-0.07548468022606594,0.6624191531339754,0.4906787272932399,0.0007217985005767536
2008-09-08,0.700657373797631,-0.046641699641278796,0.4809573620543927,0.38691994062730445,0.04117358690661346
2008-09-09,0.6946414421793341,-0.3760871088126163,0.4247387753645161,0.3363117611061043,0.03947520796201834
2008-09-10,0.6903569718389284,-0.04785462943037028,0.5768181146000012,0.25176032130042314,0.07371178541033774
2008-09-11,0.6424327265198314,0.30401834819822027,0.5091857517715631,0.4884842582801159,0.03783580602749618
2008-09-12,0.7825623471634731,-0.1387608835803645,0.4973958184995559,0.37275730990691286,0.04222393827536927
2008-09-15,0.5822703497758361,-0.062079360751193816,0.5456947728791468,0.4540589541812241,0.07645382940766146
2008-09-16,0.7109541584694005,-0.07510179612789991,0.4686253739655305,0.526925567189862,0.08075749404275756
2008-09-17,0.6551341426821164,0.05881640775864282,0.5093999146300378,0.5461717016257118,0.028467685467345294
2008-09-18,0.7285706178836179,-0.2590517241334242,0.44167289797420145,0.45789098180691346,0.08088086490990372
2008-09-19,0.6767831176310416,-0.09103435679075278,0.5516638111573774,0.4187459382088911,0.0853482023391604
2008-09-22,0.6826228693444721,0.15596572815100995,0.4817099347447438,0.5568518985472555,0.02895952992912855
2008-09-23,0.6405976188383495,0.13138581326841764,0.5720472812562075,0.26227045107279,0.06177294139025154
2008-09-24,0.6628332412073775,0.22844147857711158,0.5581228121060849,0.38285043996117607,0.06227537802755535
2008-09-25,0.643266445316157,0.19118716446615247,0.5593577039381441,0.28353366514876055,0.001939539724699635
2008-09-26,0.619804317551681,0.04505133639671991,0.5315826870359388,0.37009309147699454,0.05349707530597663
2008-09-29,0.7139646909991174,-0.14202732136747642,0.3942718221282203,0.35760989276674043,0.010227348865653975
2008-09-30,0.683161607325655,-0.055167991979291314,0.4420698657157911,0.21843510241211828,0.07151959422112751
2008-10-01,0.654295559781605,0.17953115432994873,0.5628182234821789,0.5187713384138455,0.023281049795595546
2008-10-02,0.6392045232425723,-0.23074126472607281,0.524863198206295,0.4635100011597926,0.049357955319574535
2008-10-03,0.7000084802600248,-0.4028126548475527,0.45672514065162806,0.3970311209714022,0.031157668520305548
2008-10-06,0.7043609097315213,0.15346147252049736,0.5074843382655704,0.43307838065382365,0.09979634461655995
2008-10-07,0.6842432729180552,0.1371238748436966,0.5160118372778201,0.4065737660047288,0.07914247142652953
2008-10-08,0.6665815600431308,0.016258285008496222,0.5247097029402009,0.42674753888980616,0.08435462992680787
2008-10-09,0.6990413209172627,0.26854437227023714,0.5138645631555773,0.3351001479526843,0.005603834440189282
2008-10-10,0.7241803392997084,-0.27323966753378354,0.4466765473719606,0.4335847264720069,0.007138469474905685
2008-10-13,0.7058198333893289,-0.24901024470079902,0.48211615040879185,0.33939161677803414,0.01921922929264528
2008-10-14,0.6556661838559201,0.18871955525458917,0.5367811526532935,0.3980877820146293,0.08172507239995704
2008-10-15,0.6527019036442535,-0.26992993404402815,0.5726783464190925,0.4592113900284919,0.012196155618577077
2008-10-16,0.6446665447963429,0.1439198995249783,0.49838544034636156,0.37128904951376573,0.02489623605072341
2008-10-17,0.7017605764144801,-0.148299649982545,0.4849505518583289,0.41214610641995464,0.04429609421429201
2008-10-20,0.6550274403557392,0.1338170420535048,0.5964016434466571,0.3245701867392857,0.0033510291570275075
2008-10-21,0.5967437351847977,-0.40034803349525233,0.4957228487076731,0.33368354098738173,0.07709959677901887
2008-10-22,0.690393025053354,0.026519534405220216,0.42339718615650485,0.2185116170518594,0.09821158514056141
2008-10-23,0.6947966620173047,0.027085766943991403,0.48259264420021974,0.23428564148676956,0.06814423200578533
2008-10-24,0.7035695631382495,0.2543799090847887,0.5181218283620688,0.31525261094349355,0.03230631884829062
2008-10-27,0.6822276082785576,-0.273222816186737,0.5582190847007399,0.4081844334529539,0.0042185915594731066
2008-10-28,0.5915921544123384,-0.060134872088736524,0.5288788295925334,0.3666952379024478,0.05209262529175096
2008-10-29,0.6662052139279913,-0.24488044140945436,0.5344466135195909,0.3351530799980863,0.06385200120420238
2008-10-30,0.5721777311497482,-0.07425147413407877,0.5555958449556437,0.3613070553400053,0.08875195760435425
2008-10-31,0.7668992492561759,0.08579358970970341,0.5239079233015125,0.38716017340823916,0.021778824905510287
2008-11-03,0.6765856896117854,-0.052684727023900806,0.4932273834664148,0.4530867162067149,0.06329089659017448
2008-11-04,0.6332084385104717,-0.21517876574485195,0.4526628857084511,0.6045654547677155,0.016736035640828605
2008-11-05,0.7065171450835289,0.06089844033602896,0.4564408749630485,0.46233423006748287,0.011964959201073867
2008-11-06,0.6741714326773335,0.04283378822634997,0.46099160178012666,0.41602688574175767,0.0008929855889342142
2008-11-07,0.6588083230896757,-0.15312223140603756,0.5470458325931034,0.24622921914699977,0.07834752402510599
2008-11-10,0.7082388132157075,0.13689722671059923,0.4679818116546175,0.3179671538867533,0.05962122839316125
2008-11-11,0.6688487159366798,0.05640724209244411,0.504885133566679,0.44335624601918794,0.008947990274967444
2008-11-12,0.7681489826268699,-0.10154335382994278,0.4273438609496721,0.48259235830306535,0.009140155230421299
2008-11-13,0.7641657287963765,0.07855367261022489,0.4593013205021089,0.38761076367647995,0.09308487845186271
2008-11-14,0.6240738257894183,0.12857109879258952,0.4467208740016231,0.36998712131718003,0.06251323302094068
2008-11-17,0.6297831086853046,0.025364937026992374,0.49782091923356464,0.4176762103250264,0.06445748966479185
2008-11-18,0.6811175277483182,-0.1973318055448221,0.5481196799003083,0.3951234348156885,0.07914662443652128
2008-11-19,0.6305735496067049,0.4481853112411585,0.5412449902605162,0.3846739446600695,0.023267463085606357
2008-11-20,0.7507602263350911,0.36836312187732145,0.5108133059255726,0.4347397486434762,0.07885618257868736
2008-11-21,0.6305998590998529,-0.029438550153602302,0.5087943898814846,0.4184827033621654,0.0805525376586586
2008-11-24,0.6966380239318505,0.111965689765612,0.532684557822113,0.2789257373370836,0.019296529905015847
2008-11-25,0.6330766447129457,-0.1092815238927346,0.5073929175232005,0.5050774290472113,0.03581674972504314
2008-11-26,0.6218530506573543,-0.07148300963413999,0.5698663762869001,0.3700122525503388,0.08986630442700427
2008-11-28,0.7030207824921412,-0.027908408585580708,0.5365014252257084,0.377152745619046,0.043750000416505924
2008-12-01,0.7133532736364177,-0.3090112814812871,0.5077241071857551,0.42965726766943085,0.06970377749956548
2008-12-02,0.7066847624003096,0.29859052455076557,0.5070955204128498,0.5479481761860874,0.018662672894910384
2008-12-03,0.6470488086670164,0.2657292823089287,0.5682840668432745,0.30865414203677777,0.07324024101227128
2008-12-04,0.6953519618625911,-0.01024716710643831,0.5594605814785205,0.37767284115666905,0.083134959339112
2008-12-05,0.6646376887169133,0.2738189165525703,0.5240224048474337,0.48264223241917664,0.05545203101660565
2008-12-08,0.6687324257477899,0.33333265184550465,0.49740944166257184,0.33858564687528153,0.015502547807532697
2008-12-09,0.7562258590557951,-0.08898927817905057,0.6121804945299767,0.4891840579594813,0.026334926889543198
2008-12-10,0.6722675146719582,-0.36265869440343174,0.5319667590741565,0.4101630053533425,7.198287242494716e-05
2008-12-11,0.7383608866652186,0.3176894352480224,0.49949426089281723,0.4801181763988183,0.03790435696665774
2008-12-12,0.7182701078006675,0.21468254048208904,0.5594938715434645,0.20575023090382302,0.0018719856588055195
2008-12-15,0.672228878373612,-0.23114151498338306,0.526902798055326,0.4980004236133894,0.07760165677979389
2008-12-16,0.6952575417937485,0.22961817327948655,0.5549533538065472,0.27016740603310974,0.07210035626839233
2008-12-17,0.5539576496713632,0.02976175233591807,0.5280054962700408,0.3023054260618118,0.05389565215934048
2008-12-18,0.594968637517431,-0.14694864269454186,0.5298167504744434,0.466587782370639,0.05240697688104523
2008-12-19,0.689431554078399,0.3216134494345458,0.4886037219357756,0.4881058892057434,0.055146780724921456
2008-12-22,0.6823649371564363,0.13893382482371694,0.5211020534523259,0.507168037389059,0.032260003991279394
2008-12-23,0.6947612379172621,-0.1358889969835499,0.5431790733123506,0.3760444141062901,0.011046413403940414
2008-12-24,0.7044589175318896,-0.23595534987490174,0.5431670083113972,0.4395307252649331,0.006667984309626562
2008-12-26,0.6816511653596516,0.26938824887779916,0.5850488792930003,0.3992519203259254,0.01297742663222461
2008-12-29,0.6908344548748836,0.05913311029639992,0.5690899115713006,0.21743420043353923,0.020207902868878216
2008-12-30,0.6649236852115326,-0.29688781363868527,0.6136990177378253,0.3939150479997072,0.009875358664853229
2008-12-31,0.6703329525160188,0.17935946640664704,0.5717613128699648,0.2871365485620793,0.08362995266064914
2009-01-02,0.6864547318736315,-0.06703339464527697,0.4644932586003777,0.33097237667627954,0.052582136261441176
2009-01-05,0.6808229838991766,-0.02299018629836852,0.4801837340292012,0.5151665583047476,0.02559385303339781
2009-01-06,0.684894847055428,0.007510615332112582,0.5751836508691508,0.3211923746096329,0.06059536242324501
2009-01-07,0.7128177986566347,-0.07341492920363661,0.511177031226758,0.4573447493355399,0.0930211036809051
2009-01-08,0.7645836929400903,0.14496587469716635,0.6030081484598516,0.3479369393437701,0.049140550142827415
2009-01-09,0.6101190135415772,0.2980275044199682,0.6604359468483725,0.5542806773769682,0.007995680323287202
2009-01-12,0.6732107030510125,-0.23092686774576887,0.5069641708074966,0.23162674323859514,0.006070018828605151
2009-01-13,0.6846310690794977,0.3211355916164909,0.5540054762842119,0.4302322900348275,0.09382438576998607
2009-01-14,0.7587798482152104,-0.08081906236647994,0.6637022015956836,0.5992094407497454,0.036906865085847354
2009-01-15,0.6834444330659758,-0.11550685280384257,0.5976210229756844,0.3652475057481142,0.08236429662774006
2009-01-16,0.6321722391466331,0.25624773070459606,0.6244112062874109,0.4155511603763561,0.004065315227434286
2009-01-20,0.626856762313591,-0.24590525024347723,0.5722265178777669,0.3500128965494968,0.030390454886805543
2009-01-21,0.6729453533929195,0.2043926310120007,0.6043311994348324,0.5378142680497613,0.09605867454371249
2009-01-22,0.640468838831137,-0.0686383137373424,0.6064232689453748,0.4448078341012892,0.07251719328091889
2009-01-23,0.766619019129381,0.08410734118081387,0.661676123177994,0.4540017801723141,0.018946041310667572
2009-01-26,0.743108372379433,-0.06470298935689144,0.5723393307008985,0.49109444038394756,0.02487630290540134
2009-01-27,0.7706489085296526,0.1458473898621506,0.5682386583736636,0.5377335029528342,0.017889789162891714
2009-01-28,0.5804010671860059,-0.2844469003013747,0.6072446073117941,0.4014108356253125,0.04151846002497403
2009-01-29,0.7202756825562082,0.01288150448638841,0.6024689757429288,0.31855971790068094,0.0638624299888042
2009-01-30,0.7185243043039845,0.1988829056415169,0.6357009372804235,0.60135542946487,0.04587205924283744
2009-02-02,0.7022049221751193,0.05478221736943578,0.5007252456283384,0.3468588598861575,0.08828240193732262
2009-02-03,0.6803458962996694,0.21006391045527104,0.5470550109328146,0.47963400197488326,0.018039653860006822
2009-02-04,0.6899189141518309,-0.03543362302295238,0.5907627951107355,0.36088436277471575,0.033751287056156896
2009-02-05,0.6685481375953667,-0.3409571811580229,0.5666250360240604,0.35200318538512737,0.09984335720532815
2009-02-06,0.664200950532546,0.08337461251800808,0.6126504054687747,0.42321945046423276,0.035232407527033216
2009-02-09,0.7397707595224736,0.11511238516607303,0.5670006061840551,0.35371437142856205,0.0991462990618127
2009-02-10,0.7056411118383422,0.11475342198038017,0.6523053058403605,0.5191173044940096,0.03717195124353713
2009-02-11,0.6629263496746415,-0.02040125602545234,0.6166140639941705,0.5067997778058972,0.043058807273324555
2009-02-12,0.7369484734352396,-0.012775566566269337,0.521002340461305,0.30010636237544086,0.06084133702570391
2009-02-13,0.7036316757159706,0.06844511588486911,0.5293998303455385,0.4044569610889272,0.021392813604372042
2009-02-17,0.7215612178485891,-0.23024533150142884,0.6420015437968678,0.3622468851440175,0.09261469225926575
2009-02-18,0.7528806556288326,-0.10669048915518009,0.5359981315824118,0.35418630101582804,0.09616517756313345
2009-02-19,0.685242593846134,-0.07769598135429619,0.5770960102962117,0.43339651496761905,0.03970905616894038
2009-02-20,0.68144103151018,-0.013222478790401407,0.5029902230028162,0.4391698016010473,0.09829564711785478
2009-02-23,0.6855398351154165,0.3220585960965742,0.5430707581862168,0.21917046715004856,0.051760935884032924
2009-02-24,0.720903424696502,0.06930540366260009,0.5401363610773708,0.24702510449959086,0.03018416539323987
2009-02-25,0.7668698365342145,0.28282207812135635,0.46668216795533807,0.35417769707434993,0.02218867034824401
2009-02-26,0.7732096027391949,-0.09521251155557339,0.5670092391392736,0.3717240672370632,0.002170137145759954
2009-02-27,0.633955151311592,-0.34095514884560885,0.6446397690171298,0.21570630937523244,0.0689719183909427
2009-03-02,0.7023635726054377,0.17731589855152993,0.5207936126690026,0.3075731597404929,0.05536631532853207
2009-03-03,0.7506589594195794,0.10657834404540799,0.5629126642989872,0.5202249003361171,0.09259224502117323
2009-03-04,0.7503267861727151,0.053810538603141424,0.5491780059744168,0.3586551296528205,0.0037736300083769827
2009-03-05,0.7043193371977694,-0.03771896582949765,0.641529868651587,0.2470225919890664,0.013840819347640998
2009-03-06,0.615286823546688,0.03617422229648649,0.5703875888873061,0.3372951385302259,0.05821557063598701
2009-03-09,0.60159716404128,0.0039091689596363515,0.5933951854404739,0.4653478981951741,0.08110742367826584
2009-03-10,0.6934453066560485,-0.02652081564809935,0.6552119091504146,0.268753269655145,0.039979824847776395
2009-03-11,0.7168194609423788,-0.3342294329590698,0.5547590005558557,0.27873428673766865,0.07342659538775799
2009-03-12,0.7290971267725959,-0.013082046719078803,0.5963033370680043,0.28932670122705495,0.079290419431428
2009-03-13,0.6750153252033555,-0.15269306066182234,0.6164387530883675,0.30089088646683865,0.08257052443848856
2009-03-16,0.7564897182602537,-0.3351160899248189,0.5577182796550468,0.5677200509966096,0.05762324617766981
2009-03-17,0.6682430626018983,-0.2629757328808824,0.6092289364176003,0.3524607757785458,0.05952312025595801
2009-03-18,0.6482064872190847,-0.2191741621597435,0.736910840129662,0.37484480998158637,0.07307893619562772
2009-03-19,0.593721631983356,0.29874195180110685,0.6292481570512782,0.32335335689802125,0.007847739592285385
2009-03-20,0.6433440455656929,0.13469455923164617,0.5865367378496106,0.20740221815548987,0.07709015036701385
2009-03-23,0.7793619982302333,-0.08679809244319141,0.6741383761886718,0.5278434957965715,0.08171417000465422
2009-03-24,0.6399495227758593,0.20663797287262958,0.5669175526551695,0.2133299413196058,0.08678310969512204
2009-03-25,0.6687700916988928,0.0795275003552558,0.5764680937397716,0.3692951659074899,0.02267176713621516
2009-03-26,0.7471783022464306,0.02129879605801837,0.5575405776708645,0.47020303236673267,0.06023016343165425
2009-03-27,0.6998837783477122,-0.5043209602924086,0.6212089973640754,0.43918287077161017,0.07774186181440473
2009-03-30,0.6910060564790429,0.17834011621391505,0.5663407635870736,0.4336499788820901,0.030478339287924285
2009-03-31,0.6116520314416323,0.08141807667976636,0.6976402409616235,0.3005143647532459,0.053992972943866915
2009-04-01,0.6520098934006112,-0.14200308857831045,0.6064991888226158,0.29369637271462823,0.05024016104472328
2009-04-02,0.711062368934549,0.16936798909383305,0.6267138639624996,0.22315845743619278,0.0050519814145827515
2009-04-03,0.7397583832579302,0.18747348285073598,0.6414870028947101,0.4372842248655825,0.03928827045190352
2009-04-06,0.7010094657102566,0.20647787962527936,0.6960132068712424,0.30469595366351504,0.059513219129484034
2009-04-07,0.7439062697897385,-0.01724341960149055,0.5932772275372565,0.24634693096179616,0.02220856281514143
2009-04-08,0.6757605295242302,-0.1994529915936831,0.5764767812659974,0.29018136162218505,0.0394322403878066
2009-04-09,0.6675545806343496,-0.08122207140468066,0.6044011732608763,0.2385250137708669,0.008254511263858266
2009-04-13,0.6177240926127338,0.07238285414610532,0.5591209326512884,0.5074529790229931,0.004931109807008805
2009-04-14,0.7012634861007523,0.12135243004128148,0.6693484465753914,0.36902891881934274,0.008507898746823539
2009-04-15,0.6612756647291862,0.1743405171197627,0.6240960560025842,0.38126696901786994,0.07738251365562566
2009-04-16,0.7595728983477971,-0.04244886196798611,0.6000512193836227,0.40212226508342586,0.013487076372595497
2009-04-17,0.6432703052550763,0.015517077897278193,0.6680283800267611,0.4444968315376176,0.048786109980433284
2009-04-20,0.6915531713199465,-0.03235345623313381,0.613981945742315,0.47497666284891854,0.019609930039322078
2009-04-21,0.7204619415444876,-0.06637297236439584,0.6133989030033351,0.4479939741148279,0.07356677541453226
2009-04-22,0.639640250623651,0.03364610823673888,0.48880190260810086,0.44825337098211854,0.007164398034108488
2009-04-23,0.723017152728134,0.1495092251572919,0.5768081592121315,0.4309046835024035,0.03234116411562112
2009-04-24,0.7611976922770582,0.28275392965825175,0.5947814937550975,0.413931963072956,0.008959464812673524
2009-04-27,0.7455455572367216,-0.30016040305243497,0.5790435225122689,0.5335570455536757,0.04235406023656401
2009-04-28,0.7387600270842383,0.07385275552998093,0.5195311926479969,0.3950089766958838,0.03207383628526696
2009-04-29,0.6605042301875033,0.0662077805634427,0.5539677181517206,0.29742766050253927,0.002420683033526905
2009-04-30,0.5867567361158179,0.2443609369953403,0.5740456172493545,0.4157145783702535,0.09876519169637293
2009-05-01,0.6898880941762909,-0.21348678659209988,0.5306669572678384,0.2994684874002765,0.09901591822713318
2009-05-04,0.6538415780585303,0.073321249402761,0.5525155612285562,0.5746490631594622,0.014581847519027758
2009-05-05,0.7413575517946575,0.16167190993314168,0.5858537005780672,0.5514280735720484,0.08181719201318144
2009-05-06,0.6790997184439438,-0.0062522828308492154,0.599858193849776,0.4701823040543344,0.03738207903205694
2009-05-07,0.7218454039501492,-0.09502505568892065,0.5642203631199483,0.46399029571520845,0.08527641451792005
2009-05-08,0.7257618291945616,-0.07867022496457457,0.5110091337311948,0.3792683903991756,0.005453801336175424
2009-05-11,0.7211762899412929,0.3610833692839561,0.5288950405233162,0.35734287471694265,0.09267296951091071
2009-05-12,0.6705298219237311,0.2711610678863003,0.5864974944987746,0.30926734406277345,0.08201339564299963
2009-05-13,0.7179347641460909,-0.08092770400818927,0.526465519551748,0.31072266927238495,0.06937952250561176
2009-05-14,0.776702097721131,0.07684184432989245,0.5925020481269764,0.3750106264187954,0.045006157063834595
2009-05-15,0.7046074421059398,0.056047189200498865,0.6011406662562909,0.41148450902777534,0.02090095411242021
2009-05-18,0.7334399169152774,0.004620869200146207,0.5358256633278119,0.3387577109099132,0.020380135287660518
2009-05-19,0.5910490653255143,0.4053634232084785,0.6272363370521574,0.3169929504870763,0.025865800342559853
2009-05-20,0.675907757530145,-0.12737529484128668,0.6605918800457687,0.2580122835729071,0.07299235835097888
2009-05-21,0.6957238029409389,-0.02170556851296957,0.6241624603453527,0.3895990772275305,0.06987552320082528
2009-05-22,0.6020895561672281,-0.05022356692848817,0.5335587151230584,0.4079579546556561,0.058300494332641575
2009-05-26,0.7617088518260162,-0.34788504884645566,0.5394476675916197,0.34473070462165034,0.004348200749945896
2009-05-27,0.6709184452293394,0.14802513282104887,0.5700822771575296,0.4415802725720446,0.028401354104799072
2009-05-28,0.6587113478134111,0.04598486908358751,0.6169415628553042,0.32677004502629114,0.061796477639139785
2009-05-29,0.7290679059903257,0.010474553745513697,0.6296085756675424,0.3798580099923027,0.06547578718153871
2009-06-01,0.7090622327581049,-0.008121246335706002,0.5703289228869364,0.425893042822569,0.038864514723697924
2009-06-02,0.7168403734612452,-0.24991298238480103,0.6460740377130095,0.21403369594502017,0.08520829447572587
2009-06-03,0.6557593945130551,-0.018853814152980135,0.5942557589186114,0.5576172527741379,0.08642822735599535
2009-06-04,0.5970854255887446,-0.10153882567794213,0.46653489441374935,0.4031621973910248,0.08674104428544813
2009-06-05,0.7035841792250015,0.3181591484342505,0.5781401456430264,0.504402512944238,0.023116862013781703
2009-06-08,0.7191918540769529,-0.08704963940103366,0.49931755209864387,0.4275002298291811,0.09766119398898543
2009-06-09,0.6153948991427317,0.2590414145339288,0.560869537084386,0.5195177411511417,0.031545596930877974
2009-06-10,0.66598927829338,0.053770157280198384,0.5786415234908797,0.3954955881989076,0.05315606451632132
2009-06-11,0.6683670243301704,0.07849120369410405,0.5210619778850535,0.27905646710409415,0.050065082286887885
2009-06-12,0.7521413446663413,0.1454335977784201,0.5698556418201963,0.5665142382543782,0.09263499730264335
2009-06-15,0.6766117240637577,0.2645406439977959,0.5728840873803871,0.297524924992361,0.024739213974975128
2009-06-16,0.7824020095885424,0.19814216932481704,0.5572270998397246,0.47271712595339493,0.03335696346307757
2009-06-17,0.6698148283001046,0.16582980701190841,0.44289306216349045,0.29801986663054064,0.01570052505908327
2009-06-18,0.738962987214348,-0.04993110764378387,0.5719892609448907,0.2653214337884565,0.0351913082267181
2009-06-19,0.7823933497851051,0.23810592874353534,0.5507396048335701,0.3595304143136674,0.023620476570721274
2009-06-22,0.7414802180709846,0.39649409003378555,0.6059289051234276,0.6171802667396602,0.050125146117715735
2009-06-23,0.643882433546904,-0.16387736609975814,0.49794430077085916,0.444176064964948,0.06257923637157631
2009-06-24,0.6987801774902185,-0.030390224694397172,0.597002565199003,0.5232328605214664,0.08904020860787615
2009-06-25,0.6137168795356578,-0.1193944055802231,0.5966931554354505,0.35322613161414185,0.0029465898455207752
2009-06-26,0.6500896961820922,0.20370748553007895,0.49035563160786116,0.36984201922088955,0.02801938446282051
2009-06-29,0.7064322012902404,-0.11476398278202377,0.5914148336893573,0.34311230248026314,0.08971753149691715
2009-06-30,0.7604309746722959,-0.025149259499154527,0.5849610217472783,0.47460239529828163,0.008779501713730143
2009-07-01,0.6586229998627963,-0.41069730973117774,0.5685753531213679,0.407228834712487,0.09606056934445717
2009-07-02,0.7177913013787564,-0.045305494476567613,0.5281560718500591,0.60084730109817,0.06255246004948266
2009-07-06,0.616382296924461,0.1467900956728477,0.5175104282700926,0.3664221382259578,0.024036080817057603
2009-07-07,0.6741448583713017,-0.16068685483425144,0.5739446438270425,0.5390643595949958,0.09705371730952171
2009-07-08,0.713500683062333,0.020676399242419027,0.49520568661259196,0.4516825265824451,0.032928473837054655
2009-07-09,0.7978174815864649,-0.07613892475901851,0.5248744301904725,0.3438910869019003,0.020675727466100937
2009-07-10,0.6655292882752789,-0.5490599107344769,0.5630731481221951,0.31544478236453866,0.0541353826851015
2009-07-13,0.60948684406041,0.1506379899465098,0.48617754974552013,0.36613309461162424,0.08625876615800682
2009-07-14,0.763322119559429,-0.2818431596049027,0.462806300491003,0.42693061895623385,0.07051363877851007
2009-07-15,0.7474743682005184,-0.3148683435463926,0.558981598280783,0.4580999539961692,0.013525249384391525
2009-07-16,0.587041975815384,0.15970026758144407,0.581591678947246,0.36882144267439754,0.09757769090685993
2009-07-17,0.7526173181149004,0.22729111486496906,0.5420851763603024,0.35485546096750664,0.0933029946422907
2009-07-20,0.6413586053708521,-0.007512701873238247,0.5629450975730339,0.3675823138959359,0.031749621084193914
2009-07-21,0.5801249497368984,0.2537427789153141,0.54315314473614,0.36203755033231666,0.09486015641647616
2009-07-22,0.7328579194211644,0.30492771929655127,0.392736077825786,0.44342636499220717,0.031759758919121694
2009-07-23,0.6186675394594826,0.09982210135978825,0.5384227694643079,0.463572652644055,0.07270795332601915
2009-07-24,0.6650376192752672,-0.37464802236383044,0.5087080715027856,0.44068476351397834,0.08801319001085761
2009-07-27,0.7407696164337612,-0.23436626009450504,0.580213988444517,0.33521277103534786,0.041125176327934936
2009-07-28,0.7081224940797263,-0.10197879057312656,0.5371931952349792,0.48918776345702747,0.0933768524391193
2009-07-29,0.6286492961355732,-0.1359811793493663,0.5365629750655371,0.6401583661030352,0.09332500304158003
2009-07-30,0.6468405143916586,0.4080267771993838,0.6267729056333771,0.3902688849298409,0.07791078849727928
2009-07-31,0.675092373690005,-0.13841303973293836,0.5223854474014178,0.25932805674404424,0.018474649657456734
2009-08-03,0.68618804913397,0.29937605477017126,0.4930166804583678,0.37592756960109497,0.061198159766902405
2009-08-04,0.6049429762866378,0.0748124176262087,0.5360688222633971,0.4063702359765771,0.05670430929389746
2009-08-05,0.6791586474888928,-0.058551583754490946,0.5472215898133942,0.3971183398411377,0.023218253426933566
2009-08-06,0.7057485935777665,0.04299656349090959,0.5775880307896528,0.46769940973750546,0.035926133453455134
2009-08-07,0.6996430921575095,0.303684406130436,0.5417286394624606,0.5304962688790419,0.047660222004418544
2009-08-10,0.7203471304193318,-0.36838381578630863,0.58390540334055,0.41351762413426696,0.06047117596027515
2009-08-11,0.6874022614549611,0.05626966949791541,0.5007489364919292,0.42270288603889455,0.0373959401130501
2009-08-12,0.6604061966828453,0.254854451746874,0.511662588202601,0.36174161572775665,0.04914455970663348
2009-08-13,0.6437537092140363,0.0537551578297283,0.5260509122132058,0.4388424613677507,0.01932598294785102
2009-08-14,0.6386374056247435,-0.32023623976231463,0.5473385409760163,0.5484641861876508,0.07645388541282347
2009-08-17,0.6386823188805051,0.3178882567123397,0.5284057854726859,0.39929370954491705,0.026985870264618128
2009-08-18,0.6701225651727111,-0.27690360388499935,0.5630013520099089,0.3224393638562397,0.07423666616628996
2009-08-19,0.65100966621312,0.19838526197739093,0.4188812144866175,0.24764021893318333,0.07577765897256293
2009-08-20,0.6890932878245959,0.05865688580097042,0.5366935197284988,0.36982015066037477,0.0927103206177794
2009-08-21,0.8165184834320844,-0.04557851175316682,0.5003549898754065,0.32030133311861225,0.08671290026386035
2009-08-24,0.6961953408260535,0.12299224640935494,0.5704540362683431,0.2510715735559782,0.03248956268040456
2009-08-25,0.6777002330822149,0.08934072216182884,0.5391115898743095,0.40065486578045395,0.024678384086158633
2009-08-26,0.717121198476605,-0.16179277858516009,0.5871494724076138,0.49926281029794295,0.004182627505011816
2009-08-27,0.6227536106467413,-0.21502060962335112,0.4564156582709866,0.4677969970896529,0.03803741687551209
2009-08-28,0.6257636116791265,-0.06620486684161613,0.531016713644691,0.39338340654535653,0.0611504874670052
2009-08-31,0.7029443757856353,-0.21316054226975167,0.5366580778497196,0.33867881075240036,0.05938058013927891
2009-09-01,0.6737690162801029,0.047546345581197226,0.511639214963114,0.40239800190155933,0.08757829718598169
2009-09-02,0.6524686589011621,-0.05990988223983843,0.5061773048338017,0.26249147668329154,0.052064909122374874
2009-09-03,0.666873351684331,0.07753597580656929,0.4417921166535832,0.515658165159424,0.082701010165935
2009-09-04,0.7534806631299921,-0.24903011519201712,0.5731538698036845,0.3856418411287866,0.09958363715240481
2009-09-08,0.7109257279578527,-0.09933021042564934,0.549994347713103,0.44060940188486675,0.039561119663589175
2009-09-09,0.6492923371701198,-0.2330403999930577,0.4305031816411254,0.41879417764327564,0.055770094981340945
2009-09-10,0.7186235705889867,0.13019313575588828,0.4973092004028814,0.2843003544335636,0.06306485530927204
2009-09-11,0.6558962600988107,0.23046972779238517,0.4786806250650229,0.41434176306814763,0.029117936223412955
2009-09-14,0.6362174758212555,0.06731660909180699,0.4792231541446628,0.5046712713775764,0.030455414782223855
2009-09-15,0.7286778853103406,-0.09914118931497995,0.4955341998968094,0.34488837599593714,0.046134716396396304
2009-09-16,0.6190283401727494,-0.17148848590944332,0.5115525298961545,0.4325259498229582,0.061313427924389256
2009-09-17,0.6974273951796319,-0.06034661079172715,0.5480835660518618,0.4063541904560938,0.051696965026613806
2009-09-18,0.7251626914047973,-0.3547550264405037,0.3051131680152437,0.428378802783808,0.08298935044266396
2009-09-21,0.6187617173139255,-0.04249034054261121,0.48562396023417215,0.5587400602415538,0.0722646791492833
2009-09-22,0.7099998276471803,0.033171805359734546,0.5424393454819766,0.4368497586839039,0.07787311418760398
2009-09-23,0.6671161503505783,0.21429518605091197,0.44497787809750833,0.43232471875335626,0.06961141418397956
2009-09-24,0.6126215102931843,0.04078877150319901,0.5100051214118617,0.5676454961914663,0.04135593050976166
2009-09-25,0.611751305327911,-0.12017743517076251,0.5413947060482409,0.4335317256397308,0.01788785789436156
2009-09-28,0.6990152525668751,-0.19122714059170787,0.4705229063914087,0.5245041008223257,0.07126343913063027
2009-09-29,0.6874245403123036,0.07507193922889466,0.49426835270657676,0.2816914484750235,0.04546832076473509
2009-09-30,0.7366905213037498,0.10064647690649926,0.6152883439502665,0.2984418620349455,0.06917174283309015
2009-10-01,0.7311286460600239,-0.26230879320740025,0.5078673572824193,0.4976506589063165,0.07964862224757226
2009-10-02,0.5863932441951756,-0.04098649484832158,0.4718478648093638,0.32980427017048786,0.01235442168354335
2009-10-05,0.7092606326129677,0.22413714128451906,0.49345811184959915,0.420548642756002,0.04493984180247218
2009-10-06,0.6957154376529623,0.00036070127128283534,0.44572235312927827,0.5108444601722893,0.052381730606614885
2009-10-07,0.7047597684079417,0.07897629800051553,0.4599461807001892,0.35407796020107596,0.07910665942370253
2009-10-08,0.6811932901144611,-0.30682493868977034,0.41596683844339066,0.33992520693614325,0.09497538891427194
2009-10-09,0.7161260383221194,-0.13062747798598817,0.44953987411870155,0.318531434676233,0.03806070092611468
2009-10-12,0.6672328788427343,-0.07077179256402076,0.6091787131009956,0.5054620628487319,0.09122527788221324
2009-10-13,0.7412387056140863,0.2337160728546763,0.4511315498042874,0.2777635385012761,0.06595303406020439
2009-10-14,0.6346564854232971,0.2669012266675676,0.47389743501400483,0.2748643817760713,0.08688185374782038
2009-10-15,0.6684501899890093,-0.047721106342925486,0.514876543160659,0.4250951020712043,0.07120474878796226
2009-10-16,0.6485909718063245,0.13713127850274218,0.4697094227924873,0.38437236632949573,0.03095183054369818
2009-10-19,0.7243387035251677,-0.12836428078886827,0.4739267261375377,0.4591668049693131,0.044625823414907256
2009-10-20,0.647113341169749,-0.07695840472081414,0.5304514129948253,0.6054092441435975,0.011755397840247983
2009-10-21,0.7202702252381373,0.09452795259800234,0.5294883974463805,0.29268097259329506,0.02028517052794463
2009-10-22,0.6957798369339954,-0.00595329766728035,0.5193254828010601,0.4116508052475871,0.025311097511803927
2009-10-23,0.7089849838708556,-0.06229343897984031,0.5064884743557992,0.2772171433943008,0.08554110564190316
2009-10-26,0.6740046360998543,0.2781667096353287,0.5205158318027874,0.3979078962616923,0.0005750548899053909
2009-10-27,0.7848061638127173,-0.27216699566021585,0.4494687873848813,0.5712711411276273,0.023787835401947677
2009-10-28,0.6922980468024467,-0.048516607257958755,0.4453608327540181,0.4447696266395012,0.04757119898031539
2009-10-29,0.7172229934763731,-0.21889887216697926,0.49869997480330047,0.36644841679669343,0.007940491736841615
2009-10-30,0.7027988573209385,-0.22385004844412879,0.568716936891166,0.49158237815976047,0.024471317143863337
2009-11-02,0.6718412220633592,-0.04328374232767424,0.5005932969487733,0.32216914469934965,0.061976603886958526
2009-11-03,0.6678285290882482,-0.05405407353492181,0.5885148140360262,0.4946618308330437,0.08252525047036827
2009-11-04,0.7367327353668311,0.07398512260087807,0.45247450262397937,0.3958508895422621,0.014825616817969034
2009-11-05,0.7385244229806689,-0.2516529258734576,0.5406502985958832,0.6322609225262766,0.003672105182241203
2009-11-06,0.7430908322994866,0.2828058271123975,0.5202335459998281,0.496793194876499,0.06669965429461949
2009-11-09,0.6541073392822981,0.1591727624682453,0.543589556614649,0.42899111740376633,0.029844154664211777
2009-11-10,0.7558003709859249,-0.10775696756947772,0.5020584873489777,0.4095462041358297,0.004903136274879905
2009-11-11,0.6385194514455299,0.04538638876004958,0.42601747478448715,0.504695453442821,0.01782483917574228
2009-11-12,0.6923318683282982,-0.10417858078075266,0.4708092025426342,0.3765420970380813,0.061108975604865404
2009-11-13,0.7244129855386207,0.10954779574751213,0.4778259621209201,0.3153960327372366,0.059496898630471966
2009-11-16,0.7228449353159823,-0.1444694809230059,0.5178880912337402,0.4123754642524277,0.017741926734367953
2009-11-17,0.7056031065863368,0.17165408603637436,0.4523620529233545,0.20888406747395125,0.05789662924422967
2009-11-18,0.6616276359385823,0.3603056815664372,0.6172467080948215,0.5831177135565888,0.009312628782176957
2009-11-19,0.6803509316119655,-0.3564230163969658,0.3996238716412652,0.3385961838450589,0.03685694254750741
2009-11-20,0.6800963184925319,0.2601250802111918,0.5608137549017822,0.42274050789916207,0.006766667782099534
2009-11-23,0.6455077614529429,-0.19215591164897805,0.5321298905636165,0.4697050978839727,0.055047108281348546
2009-11-24,0.7095940631122791,-0.20691959192133097,0.5526419243666566,0.4425910967101412,0.013454578907805104
2009-11-25,0.636466679690491,-0.15686419406005114,0.5552272237351934,0.37654924648541094,0.02744185427517334
2009-11-27,0.7694573650818228,0.10022585521291527,0.4978843419667341,0.39897943996090673,0.05246462092537088
2009-11-30,0.6931691696318859,-0.14567806264834202,0.47876783117554556,0.47013898938094995,0.06120537449284239
2009-12-01,0.7322636648521047,0.12075629391059173,0.6009057007938432,0.34582267639883985,0.07297285197626795
2009-12-02,0.7737135383035565,-0.18018422371083057,0.47525542943675775,0.22400411178507498,0.09871892637585829
2009-12-03,0.6677102343086591,-0.10074446736589074,0.5529436177688611,0.4243890941620451,0.06886542782543452
2009-12-04,0.6303513314490431,-0.07854524768516352,0.5088376094539716,0.22240177530381075,0.09862784423441115
2009-12-07,0.6409526636493315,-0.1541627261228179,0.6014230248700095,0.4191450715957353,0.060884460693447266
2009-12-08,0.7231084376973749,-0.2997270994298424,0.5902418170734395,0.5301102063024093,0.05253912253315947
2009-12-09,0.5900827516427687,-0.14106334478316965,0.556114451780122,0.46443884535381824,0.035385334437419
2009-12-10,0.6560752634756388,-0.06109989261073058,0.5022577261694998,0.411041804694612,0.05626343376666078
2009-12-11,0.7498589265730956,-0.15420843142824092,0.5829736991761689,0.32183279276531124,0.06318576074968361
2009-12-14,0.6476186393751557,0.16371892366864266,0.581476520052827,0.48514099367626545,0.017990723165619126
2009-12-15,0.6242101295890929,-0.09319019561441017,0.5773537823500181,0.4041541840563895,0.07085870675033931
2009-12-16,0.6363153576901267,0.09166358782508835,0.5012927237516562,0.5794524848392213,0.00015809172258312023
2009-12-17,0.7672420731209129,0.12081948527111347,0.6059159930093589,0.4064791350123381,0.06254607423896533
2009-12-18,0.7282718747187508,0.295544059060415,0.5509767536773147,0.37448128284857163,0.08480697885701867
2009-12-21,0.6047689020911442,-0.016626705144298797,0.5824005295379017,0.494563342756763,0.09989870072501308
2009-12-22,0.7152182532859205,-0.10825981899244796,0.44323633280457864,0.3504784901995265,0.03337922569338236
2009-12-23,0.6747827564473023,-0.06258579343800283,0.5738556144644992,0.598567641101484,0.06375035435880566
2009-12-24,0.6961764600920546,-0.043346357831292336,0.5308191841078054,0.41243847669077144,0.020118713893009024
2009-12-28,0.64858531198258,0.024039711749211018,0.5697466789713215,0.4209686063574488,0.07901955028462117
2009-12-29,0.712877096700239,0.08674952186970707,0.4594703763788516,0.46368701583954036,0.05066896270960092
2009-12-30,0.6564492577168772,-0.2191678326007916,0.49370233997020957,0.44335416104725295,0.0006131262435292829
2009-12-31,0.6788712536387573,-0.33639375679708217,0.5736868611244651,0.2560391869201173,0.034136158523000275
2010-01-04,0.7069910679259105,0.04769978513461083,0.5977166245088094,0.5781684786466852,0.06159933429964842
2010-01-05,0.6317661837049728,-0.010494771212609888,0.5404785404608559,0.44337496859609626,0.017562908823799774
2010-01-06,0.7107834385466809,-0.07050924854732399,0.5331064595216162,0.2883549144815953,0.0337936855273543
2010-01-07,0.7493930791203254,0.09184083631990586,0.6018947181488744,0.36896038635244865,0.09161630531735752
2010-01-08,0.6671582265652785,-0.2156630133258456,0.574805149389863,0.29602067754717654,0.06456522206645748
2010-01-11,0.7924331534483274,-0.2615285162186881,0.573087976841215,0.5566854707213786,0.0627200487707689
2010-01-12,0.7299544879631904,0.03513474249835587,0.5118241233503801,0.2618230811432296,0.05369675449723646
2010-01-13,0.7385025054458793,0.3012294481549893,0.5391461083539155,0.2860938492383649,0.07839890332085388
2010-01-14,0.5770915284725491,-0.19615296873250754,0.5562427866347519,0.5599123240836734,0.0742584646165537
2010-01-15,0.7336566846116483,0.0610170809413506,0.5427531375911122,0.3416834282744044,0.029934374663936072
2010-01-19,0.7702823798753982,0.0401477081516779,0.4609228481132125,0.33264603521027575,0.031550284143669304
2010-01-20,0.6570891984114187,-0.10925280183549298,0.5950105864710635,0.3892555118205751,0.020826247019616984
2010-01-21,0.6961567296498169,0.26269463226504736,0.53284917907437,0.586419952588735,0.07995353334858003
2010-01-22,0.6664346204314456,0.017839639322514277,0.5544140044022309,0.4123419133500961,0.03535955404208081
2010-01-25,0.7222295997536564,0.08676704801777531,0.5331904275354075,0.28770853225524295,0.028046002865388355
2010-01-26,0.8251585895452855,-0.09679686792011062,0.6065855920402983,0.23923586894768034,0.09836187688651739
2010-01-27,0.6860193640047662,-0.025439876796488587,0.5960380004667862,0.12775458590080613,0.08424057749358527
2010-01-28,0.7083070306539165,-0.2299482910735786,0.5893801816881209,0.29636708031618375,0.03895662738932587
2010-01-29,0.6572258652037208,-0.05472552207865364,0.5213052175325754,0.3524465553264645,0.08645936905022258
2010-02-01,0.6403312115728342,-0.36663409033974553,0.6270525677889246,0.2703951307176072,0.07052661840455195
2010-02-02,0.6910659556196008,0.150578216298757,0.5461366637112286,0.3174834100254462,0.0031628215845655007
2010-02-03,0.711311904433371,0.22358676454543042,0.5191393038829727,0.38498521679825615,0.04970544343966896
2010-02-04,0.6133752702516335,-0.07864020073643802,0.5800283308809764,0.31453753582449345,0.045190632961286205
2010-02-05,0.6771504083087384,-0.28164535366149,0.5828766769595296,0.505569424888315,0.02161398792646856
2010-02-08,0.6451428065114768,-0.12453435331047658,0.6062116568360365,0.5212090719322736,0.0112231272266922
2010-02-09,0.6253405093895534,-0.033756947483189866,0.5959099567903134,0.3897943609371152,0.07777903914607942
2010-02-10,0.5761603966561456,0.10021800186175439,0.6583799080433179,0.41166617511695036,0.044377409298714025
2010-02-11,0.6484446973352868,-0.10262544927285662,0.6715588271310616,0.4909962540860559,0.048266319114681926
2010-02-12,0.7320013309192164,0.07128251670687522,0.5506466174731822,0.37994288193442316,0.01902116785952143
2010-02-16,0.6961038632160742,0.10991486321288879,0.6616090309855321,0.5118338136793128,0.07324410667559438
2010-02-17,0.6290307822101979,0.044798993780209746,0.6235898509650419,0.46188603301446357,0.07755332091997412
2010-02-18,0.668538311830629,0.5828218431536724,0.5234751776100648,0.291681155333395,0.0871798985438433
2010-02-19,0.7116797540630788,0.4233606109927707,0.5460863388396588,0.3734171634353008,0.09380238467167812
2010-02-22,0.7538646836507846,-0.0035724309775467,0.5727979771190627,0.45656329018867203,0.013271715644886418
2010-02-23,0.7136258995114796,0.20608775712735827,0.6546224610021828,0.4307003060005362,0.0459368410614045
2010-02-24,0.7145866362689154,0.04282219645722671,0.6150145399363924,0.4055170637871464,0.052234487321850646
2010-02-25,0.6999695758838855,0.23932542416544847,0.6668608149083967,0.24924470553665792,0.09323373440208282
2010-02-26,0.7005010575870284,-0.13773888668904696,0.5759912775163026,0.44025162097353215,0.059428758078720494
2010-03-01,0.7334719185771233,-0.022425288722268982,0.4972530594284545,0.30349544194238204,0.046687590248276206
2010-03-02,0.7448249835100083,-0.5480852844069862,0.6527262851981604,0.4521229990644542,0.05205777121050669
2010-03-03,0.7658088040765011,-0.03971383737619209,0.49070667844178634,0.44303626415064984,0.031248080002129267
2010-03-04,0.763732656201917,0.1849443611026842,0.5610514431936982,0.4086761075462647,0.03121428984317991
2010-03-05,0.6733581865610038,-0.16385329283787442,0.642351438298837,0.2802467688734838,0.03208803698461913
2010-03-08,0.6553091784709193,-0.2208051266944771,0.5211780063173808,0.4146414291842604,0.027664953866806476
2010-03-09,0.7580751524240987,-0.03697535124905313,0.5207455508123038,0.48399445397420277,0.0441115622752339
2010-03-10,0.7842850877017485,-0.12924846482931893,0.5724341639750118,0.45156606300833946,0.014932072279971842
2010-03-11,0.7810936873892526,-0.10396682914504524,0.5300546055059858,0.46314186062724066,0.001525671749039026
2010-03-12,0.7399534036571149,0.0012262900870453706,0.5690718363147806,0.4994378730992047,0.0514060661959464
2010-03-15,0.7264018002273982,-0.15368710338069858,0.6002537037574875,0.2648292467975354,0.03503181379241173
2010-03-16,0.734294522821896,-0.05244671387657118,0.5762587296586381,0.3967125514847566,0.01415568287914828
2010-03-17,0.7020153849665124,0.17898601231311212,0.627829884856978,0.38435907212071974,0.028326769600870418
2010-03-18,0.7381834074859497,0.08014745073832262,0.5771621780340629,0.38752818417635143,0.007124287122024265
2010-03-19,0.6925888555578439,0.10105226863484035,0.5803434810596676,0.3609590813578367,0.033873889252973424
2010-03-22,0.7984378654716979,0.18794709634942086,0.5611852590036948,0.45709409939421985,0.013007400206470999
2010-03-23,0.7059175032827588,0.07831023505201877,0.6062268555928058,0.5189642645485236,0.06754959378425479
2010-03-24,0.7172810172325722,-0.012417739642857481,0.6515992089975045,0.4233285041087872,0.005379987572222633
2010-03-25,0.7060739289664528,0.0628045204972229,0.5949244749712702,0.40092269929954694,0.01789829932501732
2010-03-26,0.6706652705619063,-0.15023344392477578,0.5497769739109901,0.2608016713202924,0.059275622389816256
2010-03-29,0.6560141319307722,-0.034853406893385126,0.605074724445639,0.37287034368523597,0.0699365499957176
2010-03-30,0.582214825493632,0.31491727155246846,0.6542844489479178,0.4445759851217129,0.031244065115103192
2010-03-31,0.7953745336276634,-0.19547282349674214,0.6943685122159289,0.30347859232494523,0.07128986847281646
2010-04-01,0.7119368962645678,-0.2547674650268409,0.6007339823097544,0.4386166497998389,0.05334849288951278
2010-04-05,0.6922654834432722,0.1427754888180275,0.6048501595901429,0.3477585271622491,0.07557429355712852
2010-04-06,0.671659334109883,0.1621827545231393,0.5671504310007213,0.4915402970484937,0.013179528037396193
2010-04-07,0.7611355896415966,-0.333742772469226,0.6564071995037383,0.60604226984447,0.09196890421107368
2010-04-08,0.7126001880600964,0.11981683705896447,0.6515197689597526,0.3724517684820978,0.04555841707467413
2010-04-09,0.7091140111768934,-0.26283990592462186,0.6064951787654589,0.44981119956445414,0.07102159020788483
2010-04-12,0.7258081511463235,0.2130849447195161,0.560417239779331,0.34673932433265037,0.023169421365446054
2010-04-13,0.7947753672995677,-0.030065674752741984,0.6089945278704098,0.3932989958274779,0.08610962770558958
2010-04-14,0.6589159586847488,0.3247058421783613,0.5724287599583164,0.287271447629307,0.09128616106767158
2010-04-15,0.6774629861348623,-0.40034120034510673,0.5660560045569408,0.30318714021476734,0.06996146210824282
2010-04-16,0.7308714315463661,-0.1346828479119745,0.6428027342847761,0.5398483993069322,0.07887787063478796
2010-04-19,0.7390587668143799,-0.043077657772015325,0.6047590523381716,0.24750150598559406,0.045328306769957194
2010-04-20,0.693311031373938,-0.17208769361336662,0.6321549133794624,0.6572752389244474,0.04753343620366384
2010-04-21,0.7249910817986904,-0.3982280297909333,0.5790983136521107,0.41224909253744546,0.04612416837048997
2010-04-22,0.7043678712630131,-0.14616262512175063,0.6091316840550657,0.2757499163080613,0.07679415147648412
2010-04-23,0.6527545638657466,0.1291595283207423,0.5457773402766185,0.4538211605492257,0.01273940019901817
2010-04-26,0.631526811267197,0.35296517675834727,0.5568449356464305,0.3776333428196556,0.08175528922250352
2010-04-27,0.7165306630545203,-0.11306999050021888,0.6023676076996852,0.4575356724520126,0.03258697282981117
2010-04-28,0.7480306616251742,0.15829948719459144,0.5862322897243942,0.3853368225956398,0.07924309395411472
2010-04-29,0.8174554279012516,0.18997781364985844,0.548343869575454,0.4099988163765552,0.04008164747844335
2010-04-30,0.6832428430610903,-0.027066846784621942,0.5325593849361031,0.3588076765614047,0.062087483885654104
2010-05-03,0.7905777886596956,0.1158152601751006,0.4681956550219117,0.5216723492497948,0.0973891731220295
2010-05-04,0.754481476145458,-0.07185706086128331,0.6281646215937475,0.3140600789182799,0.03407141581791501
2010-05-05,0.6764872141866821,0.29970927213397075,0.5782501437082392,0.2130268338045009,0.059097019904217486
2010-05-06,0.6968348388609331,-0.01571767858287136,0.6512778953309856,0.40143364221757605,0.04353537080229162
2010-05-07,0.6789208844279853,0.2090112290462412,0.5969095607163015,0.3249977318434283,0.05445268801907685
2010-05-10,0.7577498780270808,0.03873235290335985,0.589476126638302,0.41779083914116544,0.0662612256926337
2010-05-11,0.6464665814291701,-0.10553075523566746,0.5889720687319884,0.380533630497532,0.09308632590763928
2010-05-12,0.7636214191408297,0.04348117054540069,0.6309897656535264,0.400939535457585,0.04866303064996217
2010-05-13,0.7528144241873062,0.07950555131463079,0.5883559074890687,0.39867169110409806,0.046290843431188236
2010-05-14,0.6522780686854518,0.10138314402726215,0.5851038086275302,0.34980080398187957,0.08220230523140448
2010-05-17,0.7553230885406035,-0.2500432051789602,0.5642115330072591,0.5027718748779534,0.0955883446378959
2010-05-18,0.7157761470460127,-0.009571785530551463,0.5972727822629511,0.41794141710488414,0.010874463383487366
2010-05-19,0.6241668726857039,-0.0698523770695923,0.6649246901802106,0.33406758652228324,0.07713433788706789
2010-05-20,0.6840849492947833,-0.10832415266183751,0.5791137583111561,0.3416877168675702,0.04942951473965429
2010-05-21,0.7243370751079029,0.039462682458053316,0.6214979095652479,0.29490588338110396,0.009053300483235539
2010-05-24,0.6829829758558548,-0.045144526322427006,0.6036134061592117,0.32067788027929656,0.08872615365741245
2010-05-25,0.7457826902129172,0.23728311810352176,0.5307057759716944,0.35091271051064343,0.06361328200238896
2010-05-26,0.6734034245853954,0.5264772409354997,0.5579637991012205,0.5677625442156135,0.5733626770260982
2010-05-27,0.6366684002446694,-0.1979301932328727,0.5444292714431889,0.3154310688553478,0.05312558210753147
2010-05-28,0.686605063292075,-0.14175564054429965,0.5370846016746899,0.5158471996473328,0.057793141489595
2010-06-01,0.7611896811256582,0.18985929967506315,0.6013394837681817,0.40927430657795527,0.06815167879866461
2010-06-02,0.6751484654667045,-0.1906315009510184,0.59254214244375,0.28263696074532024,0.05702764078553516
2010-06-03,0.6503039535412303,0.23058265124096194,0.6686704125504183,0.4393295138166481,0.030455013303832424
2010-06-04,0.7553228576147322,-0.04916966348879667,0.5059928594993284,0.46121716186185846,0.0434727033360237
2010-06-07,0.7284644661635031,0.014333710776048825,0.5584339148290962,0.4962210578581098,0.034426462643064
2010-06-08,0.6507133483286263,-0.15475611577813156,0.5193602641002244,0.4084972962635827,0.0008119252409717004
2010-06-09,0.6456053493945371,-0.13684843610304873,0.5336848640748674,0.3739391667666042,0.0404197416064417
2010-06-10,0.6256312776798011,0.0174409984074534,0.6305392631573792,0.4135491372316762,0.0294184662866671
2010-06-11,0.777066057240066,0.2667996371753851,0.6062568934216066,0.4074685842636886,0.05488851366035605
2010-06-14,0.7011250194122719,0.152759954472652,0.5453449103929844,0.21174792485325364,0.07033541244270672
2010-06-15,0.7246002027051479,-0.22621372598699427,0.5159983217245767,0.40002239479957885,0.035924463055803116
2010-06-16,0.6952437561223265,-0.28241512126312607,0.5715527295968599,0.49661396608610486,0.08656796368299778
2010-06-17,0.6435829214867108,0.25449666616975186,0.4844384491711912,0.6117324144370954,0.07022218822700074
2010-06-18,0.6794369784758257,0.02912339936537825,0.46701046757617004,0.3937863933530692,0.031812730961869394
2010-06-21,0.7114241088859096,-0.01723242081989891,0.5309339355269501,0.30534354814721854,0.03815650450824949
2010-06-22,0.7565263309768655,0.006161426999590028,0.6352785111586985,0.3473517645205077,0.06624875603125252
2010-06-23,0.6782602653313891,0.1631188489192326,0.4762426085733484,0.2786536639847077,0.018822683807776554
2010-06-24,0.7548742485676582,-0.23438678584463896,0.4655870830277106,0.5868527188073092,0.09244820427916041
2010-06-25,0.6303091176062897,0.03682387966563393,0.5591402353655112,0.11893716833819162,0.015426729089372504
2010-06-28,0.6866341488416096,0.08968264989582192,0.5708313880436593,0.49035206838035017,0.06700660819228675
2010-06-29,0.6806254342547282,0.14250088841843214,0.517790597484695,0.2589532583587225,0.00717459965377244
2010-06-30,0.6351135812159383,-0.29242209103908295,0.6018768133065703,0.24854264909414436,0.07213392323619774
2010-07-01,0.7137019420324651,-0.0531848388144866,0.5454051367156445,0.53636072951997,0.04367351157588886
2010-07-02,0.6780786316392363,0.12232031230993666,0.5515556243591504,0.3847981094367302,0.008466344428971607
2010-07-06,0.8149984562193237,-0.2882683491430739,0.6106971129511344,0.4656406565489972,0.04158554662775454
2010-07-07,0.6760237502684108,0.32586370348832244,0.4529779276958037,0.3478233342700928,0.07889284245326408
2010-07-08,0.6395758897865461,0.08241669297429204,0.4888745065081954,0.4433063946741319,0.04257041709367072
2010-07-09,0.6906781792089223,-0.09587078853121687,0.5631059714597314,0.3731378376061936,0.05094149144301167
2010-07-12,0.6455682578470481,0.5602745979269957,0.5167651833891911,0.17823909198479854,0.045004576731260654
2010-07-13,0.6578950655139305,-0.25345533767454603,0.5815857197996428,0.4321652659591586,0.018579103369095806
2010-07-14,0.7199356400895172,-0.07400449316744886,0.525468699868045,0.3629068896392332,0.05779385007780563
2010-07-15,0.6959403407932264,0.16706668707296707,0.5554008820641914,0.4500112829620867,0.023674996727801857
2010-07-16,0.7249779454124601,0.17688848747634758,0.5521688870321497,0.4358848072678919,0.041083781366470784
2010-07-19,0.7594403120596578,-0.13300918360062242,0.4924897899130846,0.2814078400813144,0.036697002525226674
2010-07-20,0.7091457281810127,-0.3707464482438247,0.5575648563908088,0.38908069054994476,0.056814957770159935
2010-07-21,0.7567319849910528,-0.13438346209299812,0.5234760693730199,0.5122203333293369,0.01131643696149347
2010-07-22,0.7691567823389076,-0.136030473150364,0.5419207179295386,0.42944189776840486,0.06904972648625307
2010-07-23,0.7186826702810574,-0.05251513186312443,0.5960955792517606,0.21102965163784548,0.0731293183016837
2010-07-26,0.6789434882599458,0.0895861465545894,0.5525047663297546,0.5352759030614763,0.09836683776272998
2010-07-27,0.7599112696600643,-0.057108325061444754,0.5938545292773963,0.32859582562225453,0.046493632731549106
2010-07-28,0.7465443691395919,0.36210449568419867,0.5888318691921226,0.4105770383524123,0.08899154783045546
2010-07-29,0.6834110614113938,-0.30571825925185725,0.542841827594143,0.2884782772029081,0.04724515723486457
2010-07-30,0.6603432668193031,-0.23814916014733434,0.5035321238167857,0.3972030585513018,0.09604110469573524
2010-08-02,0.7136807290582852,-0.12010132708279267,0.5777691352542937,0.3791794742010034,0.06336876641154081
2010-08-03,0.660613878336724,0.04525845344868728,0.6217485752593944,0.4335160566535118,0.03124997214454346
2010-08-04,0.6818572186313197,-0.30549227122374084,0.5118741219672249,0.4234928125088116,0.03435461710023378
2010-08-05,0.6806209554372215,-0.33307692764819996,0.4795983086531889,0.5454538460887758,0.046886881034102115
2010-08-06,0.771700050186523,-0.17732783384091963,0.5550545057948358,0.28214272152298264,0.04692323921171226
2010-08-09,0.7702158140997476,0.04904716957884728,0.5668205836158392,0.2284906652817461,0.042101610714878536
2010-08-10,0.7338818550962444,-0.0015348127369006945,0.5612601187141256,0.491486779809785,0.07982232220069911
2010-08-11,0.7032892344737375,-0.12016592781918295,0.5569829036987572,0.39398455005948724,0.003532624017485342
2010-08-12,0.6563607523236178,-0.18403044629153717,0.44348377306803444,0.3489708840436937,0.07494252793794187
2010-08-13,0.7551346023037189,0.03556595994108685,0.4902071719107991,0.480485593818008,0.056370627329083635
2010-08-16,0.6583761689138306,0.019070054866555712,0.5058346109897737,0.47791306255883526,0.04731605319540283
2010-08-17,0.6211385814540249,-0.17003954916293118,0.43229794958114015,0.37404032781907304,0.0051619884791373255
2010-08-18,0.7605713751816214,-0.10108944193070545,0.48808072930389634,0.4871724424184137,0.08088957796795672
2010-08-19,0.753427477922765,-0.017714213453757986,0.5472661295226985,0.2923045459122054,0.028681565437287226
2010-08-20,0.7688987166962706,0.4297412587874103,0.5385175768894889,0.19156683786571996,0.05055961093072761
2010-08-23,0.6720884868801107,0.12256506433386427,0.4897291593075359,0.5272198554250098,0.02778487969342691
2010-08-24,0.7294078632217932,-0.14129510015315933,0.5118883740802327,0.310616677936091,0.02809719314814888
2010-08-25,0.6908707560793779,-0.11091864808651036,0.5684968031562346,0.6116012056830995,0.001420301006309066
2010-08-26,0.6284405833382124,-0.3846432572419505,0.4969955796991267,0.24815843011713176,0.01746138476590178
2010-08-27,0.7023105801835459,0.14978722276118536,0.5834688406396732,0.4201394558715281,0.015113561346497863
2010-08-30,0.690342238757521,-0.39567698331461687,0.508667421370817,0.4071287260549462,0.08078406913235736
2010-08-31,0.7319478407106372,-0.14169762030581823,0.4851627291680644,0.2521997744695816,0.07007748725726894
2010-09-01,0.5854353596557966,-0.22169941815935668,0.42796901317392083,0.43367122954206117,0.07993720064117674
2010-09-02,0.6740932971666571,-0.10764742601495783,0.4568474729831894,0.07674345674875666,0.0342847995341358
2010-09-03,0.7754155374373775,-0.20005410455535766,0.485042943353355,0.2545107834710689,0.014507025178927248
2010-09-07,0.7485965171720317,0.028685787407464886,0.4628613039019893,0.36077703886559764,0.01541502985180483
2010-09-08,0.7839089961062434,-0.014593886376255659,0.49475542947096957,0.30586185138607347,0.09935855747233918
2010-09-09,0.6052709424763848,-0.03200773471586889,0.5197925590178174,0.509958446432767,0.02379474391092903
2010-09-10,0.5875751732750172,-0.22501926540460582,0.4741712006054278,0.39965191514267984,0.06375746664947514
2010-09-13,0.6927483154235788,-0.02433773713745391,0.5227663383176547,0.3096706889220891,0.07343611109393315
2010-09-14,0.7467070721116846,0.08669048833989615,0.48611576902221276,0.5600907991888916,0.06422610973149202
2010-09-15,0.7778208017785884,0.18657907103876173,0.35093956273580296,0.5578945092717975,0.011599436441453692
2010-09-16,0.7397379261235967,0.40128172754258734,0.5635148930967905,0.5578342677497286,0.03987448027449245
2010-09-17,0.7439327425090189,0.26973863972910245,0.6011364228025345,0.4216554738378206,0.0746150545390336
2010-09-20,0.6213884727960934,-0.06149218000302843,0.5203796969268257,0.4074887584371558,0.053252083237216856
2010-09-21,0.6376719016920286,-0.3262135250389958,0.463670678853661,0.4807739555984151,0.07056078045820481
2010-09-22,0.7790169885411484,0.18331352275554025,0.5534611521059998,0.39191844268364423,0.014514983095558077
2010-09-23,0.6128958771147017,-0.09104411617654108,0.4875271638983031,0.3502947513164318,0.0011863040095509648
2010-09-24,0.7027347432687313,0.08828395197859011,0.5430063987353901,0.3721880135633666,0.0448820623621375
2010-09-27,0.6048120297177703,-0.09657554385822698,0.5023001752140933,0.5222807922133409,0.09617627228070305
2010-09-28,0.6716096078907947,0.10250872567988037,0.5145682187777517,0.40439005331233885,0.0041017615030439995
2010-09-29,0.7465266659662295,-0.13216823935051616,0.47126844666322487,0.3988099176905772,0.06374241512553996
2010-09-30,0.667992674745315,0.10160245821091994,0.4643468868636005,0.42263042077451346,0.04317858786172089
2010-10-01,0.6949913615606621,0.042985192955341145,0.4770129591456134,0.3660911705473173,0.08583556731983319
2010-10-04,0.7048004633998525,0.04041490123226254,0.4998592741262436,0.5705362356513084,0.02670878157192197
2010-10-05,0.6504631540629358,-0.012840758990542718,0.4214405965052077,0.4372081478667387,0.06543432815684141
2010-10-06,0.6442376731811592,-0.05566205117531525,0.4815862687483173,0.4280891126601172,0.0773151015306198
2010-10-07,0.6723604541227409,-0.11906113953879648,0.5720644853557633,0.42845667904745266,0.07343134557596583
2010-10-08,0.6719474573988865,-0.05016673436224617,0.5826363023168118,0.37648351217489034,0.019492568463051554
2010-10-11,0.6655361688423805,-0.13699923002527856,0.4732908923594461,0.3405502277573278,0.06902783289046202
2010-10-12,0.6360176075825378,-0.22484001938939563,0.4594366217725993,0.4591571018453098,0.054761255540384336
2010-10-13,0.6809381356363563,-0.04143233781880805,0.5645769945337347,0.5295007149938419,0.08316894998248812
2010-10-14,0.6858937528431132,-0.1261727021366818,0.4580355087744525,0.4692775769708238,0.00976987594758292
2010-10-15,0.6897646383238856,-0.07729897806455804,0.4607726507190532,0.32303335909886116,0.04459422033393116
2010-10-18,0.7160029095746622,-0.2630876531774524,0.5518818125232313,0.34661553561850816,0.028329701909345462
2010-10-19,0.6925182027874103,-0.2673955916281109,0.5017760004044763,0.36716790573094404,0.002370047285703736
2010-10-20,0.6974959700571767,0.2943417796723781,0.5115492063821927,0.32053408158541963,0.0938505467728813
2010-10-21,0.6644340044726715,0.11902623718275372,0.5678829828124153,0.42819180207510504,0.08354591370882446
2010-10-22,0.7344356372277384,0.12194754466734102,0.5741994764502982,0.20504098272739674,0.06380828851594786
2010-10-25,0.7333609469652264,0.19674720878071278,0.43728652104434396,0.3114331815993584,0.011997710977782584
2010-10-26,0.6574608625685923,-0.14575803927547668,0.48048956227459827,0.42426028130549415,0.012990725320546648
2010-10-27,0.7432837325583684,0.2162633915537073,0.46305041209880315,0.3155297001297017,0.08998972151272433
2010-10-28,0.7657910920008111,0.1293487870837289,0.5094642911022501,0.44733366755549675,0.09671655087528275
2010-10-29,0.6985098109074279,0.10491693660952293,0.48891041925553486,0.4268804934439231,0.0695653633656077
2010-11-01,0.6244726974815251,-0.1375568589650862,0.47311945634797703,0.36256099667930863,0.04669555772876578
2010-11-02,0.6536743372610125,-0.10670872516461637,0.43169370134274804,0.45487004763949007,0.06387805078435224
2010-11-03,0.6958743240544303,-0.3410415215552034,0.4661298999733362,0.4336601427562167,0.027638356215774363
2010-11-04,0.6728489026807105,-0.13938829202761935,0.5046112192201373,0.43435975351782163,0.0903391492870295
2010-11-05,0.6281823771480419,0.11002569624357589,0.4688079741718511,0.3982072031750202,0.032340412778658116
2010-11-08,0.6982289929654245,-0.10541322364795483,0.45915752849620517,0.37143134519077364,0.007399706004029116
2010-11-09,0.7812665154537597,-0.2723350060927262,0.5954858008668547,0.3740278828923468,0.038279900244318266
2010-11-10,0.7017685708544319,-0.21734216227694547,0.4728478923387869,0.3497090349961981,0.006005864782809168
2010-11-11,0.6477152514561043,-0.04178359147417435,0.49161320084184096,0.5850781142435734,0.026466485245473292
2010-11-12,0.6417012907159769,0.02053810334971745,0.5249201972524815,0.2929679451348163,0.049172178640530986
2010-11-15,0.7343413747726418,-0.07966540257632562,0.3896659115573915,0.4659849612104565,0.06103018849539343
2010-11-16,0.6441529557948817,-0.20955498922781982,0.549287706674385,0.36528385175815503,0.049205729446135806
2010-11-17,0.745888607527575,0.24203321907306377,0.4832637767506057,0.4793262495955031,0.07687073233071981
2010-11-18,0.6622269599303559,0.44662318342643537,0.4814901528638918,0.5026087440960004,0.06433381669688948
2010-11-19,0.7421895012940787,0.06321756442178676,0.4832486686530231,0.3848602508058591,0.07154003177508432
2010-11-22,0.5923205943527723,0.044884007676450066,0.5362282841208974,0.41334994190613716,0.007291950337895992
2010-11-23,0.5513346914353721,-0.2531272890179622,0.4820189570676116,0.42916589331890465,0.025059635026184593
2010-11-24,0.7144669452821492,-0.03404475839423585,0.5518708197572502,0.29737576246971004,0.08965123928912087
2010-11-26,0.7305117502846997,0.09494842096797822,0.5403826837612574,0.3817959568914344,0.06403352692787918
2010-11-29,0.7915371912415631,0.09863913769797572,0.4752454691967944,0.42483054757359845,0.06646058364993618
2010-11-30,0.7376241688537108,-0.11762171978486191,0.5788608534309818,0.4382033705716011,0.07000551993387256
2010-12-01,0.5828760831167326,0.05993439546758527,0.5048383383570174,0.45371798145417364,0.05746402517237048
2010-12-02,0.7472107420125906,0.039032409428363606,0.6091523193024172,0.38212931154365043,0.09399110732301372
2010-12-03,0.7312408911526938,0.16098851472746947,0.521779455311492,0.4778774307977782,0.043605766746336774
2010-12-06,0.6702663506418916,-0.0845136838042437,0.46333401505340166,0.42414091163700474,0.07809370369633709
2010-12-07,0.7162625837927171,0.23585263171584586,0.5692987740967564,0.3715204443352567,0.05401287170190129
2010-12-08,0.6410910156332861,0.0865700805039948,0.586068751543472,0.47551849738039437,0.09541553459261455
2010-12-09,0.7542238762428644,-0.042377906239648516,0.5079952247205642,0.3263098647768201,0.04820663416475329
2010-12-10,0.6972051766693201,-0.015718159193763882,0.5424606606487128,0.3870702542964492,0.0935042187508951
2010-12-13,0.6933186135136614,-0.15533881059442878,0.5816403266142619,0.40765180622437114,0.06818357356103366
2010-12-14,0.6912778032857358,-0.14948585064984096,0.46878404563289183,0.5307964192549344,0.06322725265995845
2010-12-15,0.7277319354065903,-0.3247835685139935,0.5743614677853348,0.49224811702331095,0.009066697482284425
2010-12-16,0.7062188061150464,0.3196221791503518,0.5478690688073738,0.258317647205081,0.09609255220000654
2010-12-17,0.718258450052416,0.048979460342545855,0.5077008153319625,0.45735588368774255,0.04596393537555119
2010-12-20,0.6166167366904569,0.1981133654885579,0.4964778395577727,0.3015053874882968,0.06477925718063152
2010-12-21,0.6943087613846262,0.08659458560872708,0.5494255734894576,0.3257340834227622,0.003933118259543888
2010-12-22,0.6746955354404055,-0.2266084694754924,0.5308434161704647,0.507502121451091,0.01910031609153028
2010-12-23,0.6997868531178062,0.17188285095189063,0.6156978635019126,0.34119814809630333,0.08964606978503467
2010-12-27,0.6906713373472317,0.43423857221249906,0.6185649111884449,0.23275954741876476,0.03592611215003099
2010-12-28,0.7193574158030452,0.00011199846793907993,0.5885287176976696,0.32550212325149447,0.06327912691085319
2010-12-29,0.6580195813979663,-0.1352141430587219,0.5194687831812521,0.48153241668090146,0.013994295176638872
2010-12-30,0.6409399413425559,-0.12452277999186379,0.45947431183788734,0.5007117823412374,0.07197390347449746
2010-12-31,0.763551504971557,-0.0654146861727573,0.5348875021241898,0.4453221902282898,0.048923255047773964
2011-01-03,0.7837241003689127,0.08172214951278345,0.5177021212197147,0.23811774280135597,0.05405520472184392
2011-01-04,0.6542436868668255,0.01464389006249301,0.5206713942640173,0.41949677059907586,0.053394004676456636
2011-01-05,0.6823537991881883,-0.21162928625888233,0.4954437236404131,0.556235450937323,0.044930727754961056
2011-01-06,0.7544493874591821,0.34610359036559174,0.5821491139899142,0.3570008591385161,0.0037042679930367364
2011-01-07,0.7761670461244968,-0.006613600272353574,0.5670483967736352,0.3957175620924481,0.07877785319165288
2011-01-10,0.5626547890357992,0.3209470024589707,0.5831090502783977,0.432982306086851,0.01181871087229115
2011-01-11,0.706911196886472,0.0326855640772262,0.5295410240882775,0.4616579352307271,0.06673164183133813
2011-01-12,0.6446450827800434,0.03721368649410938,0.58832697922703,0.3801330866177097,0.06780778234466912
2011-01-13,0.7285433896235513,-0.19826687844685006,0.5127972693330259,0.4236717121026393,0.01489536295909546
2011-01-14,0.7439274827310526,-0.3749731311003422,0.5880266605152422,0.34567984996236634,0.09248158117535224
2011-01-18,0.7003596956346293,-0.26790358471300746,0.5226550996461228,0.49661253255303117,0.014159047222804056
2011-01-19,0.7116431686990107,-0.07655568034191171,0.5602284650777118,0.44892118246643015,0.04712196358083104
2011-01-20,0.7320247248081668,-0.015005400079360173,0.6215130090016426,0.4970462636906666,0.004580169351907482
2011-01-21,0.7306686014565198,0.01092235658201409,0.6005382883196814,0.43142674218011834,0.013053773354265986
2011-01-24,0.7630400035902973,0.17991227534766155,0.5191487542014886,0.2914036829258294,0.0049957997386621995
2011-01-25,0.6749375227797961,0.19522773801338422,0.49203084422787424,0.4394757389107994,0.07936971045828778
2011-01-26,0.728127154554648,0.23252961173723855,0.5806419046398934,0.26567906094161,0.017068938788288947
2011-01-27,0.6620322519675939,-0.23639910437956493,0.5455000486537376,0.3817098432576073,0.0817800177763927
2011-01-28,0.6517279236889472,0.2941323981304579,0.5068988275307527,0.534610342386248,0.04971434965355501
2011-01-31,0.769258151571967,0.17966050993780708,0.5407294915220381,0.4342450879176902,0.02205725242429234
2011-02-01,0.6461314433224691,0.18218140700674987,0.5724554760906432,0.3590679785413315,0.04262114639382295
2011-02-02,0.6488127576671865,-0.4955012237258034,0.524956825985243,0.5112798195612906,0.09821927527928978
2011-02-03,0.6898583285762597,-0.033865771423009464,0.6103827850517187,0.5805668878116266,0.032423494101168536
2011-02-04,0.7762502327472819,-0.19446700076323764,0.4811895680822023,0.6359614259100104,0.0575967010452485
2011-02-07,0.8234495805829727,0.037690719285856544,0.516881662715586,0.49632265338939396,0.08364270922891229
2011-02-08,0.7046008156993695,-0.0225962246213221,0.6258072866685839,0.4334374746873299,0.07642278823672723
2011-02-09,0.6507092544492528,-0.06494838701639477,0.6148110621074045,0.4510252222405019,0.03355037276686869
2011-02-10,0.7231008287179238,0.18668459089517286,0.5643272410979224,0.4178669775219072,0.014123680261932371
2011-02-11,0.5412210449911199,-0.08993003876856279,0.6212583191770642,0.36096055328828575,0.06962957856798718
2011-02-14,0.6866886304141444,-0.20829059035496372,0.6351222596647352,0.4548463273540571,0.04386612120542273
2011-02-15,0.7512707298911542,-0.34524279239157796,0.5775412854354091,0.3719888992249994,0.0040698894361934634
2011-02-16,0.6959714146700723,-0.12320550874359118,0.5688578726831862,0.4849644782706652,0.08473667102470593
2011-02-17,0.6143574323326085,0.35545895360609076,0.6109437399579701,0.39576681043397877,0.07776616376471047
2011-02-18,0.7553417073186462,-0.29036694903368704,0.55409436046907,0.38789245676094464,0.04869674748236135
2011-02-22,0.7782780185216088,-0.009299316225311586,0.6120309034048348,0.34104210040638727,0.017941285614771364
2011-02-23,0.7343421034483745,0.33544791859489137,0.6398253511326203,0.3918544012222121,0.06517557918558307
2011-02-24,0.7437745423632734,0.11550339092144235,0.6158873956887919,0.511195336086041,0.04162222422175371
2011-02-25,0.7652238851918733,-0.02543171937497686,0.6231489589645329,0.36169050788402063,0.07725627085269426
2011-02-28,0.663846380184221,-0.053898751140797285,0.5886586163870949,0.23384190108220082,0.02061602185896624
2011-03-01,0.753016627970836,-0.5534650845204796,0.7286609231389107,0.5501879133796319,0.05230868641318316
2011-03-02,0.6969495637913843,0.0018852721127546478,0.6085035212934247,0.34108396120110585,0.09380896104466091
2011-03-03,0.7196309573793468,-0.02879999554033222,0.5890633137813833,0.4181461063480639,0.003762121197783919
2011-03-04,0.6443236100823002,0.007913944826729627,0.6023584046989738,0.41288496213559145,0.04998876349035636
2011-03-07,0.6992084622281922,0.22757155519387437,0.5776516758608123,0.42273259068231905,0.06271916540450126
2011-03-08,0.7748648766962772,-0.01587522800406246,0.6064135458557106,0.3903615363685103,0.034785356684614625
2011-03-09,0.7718684896781799,-0.05154491231725905,0.6602006697049224,0.38964121053529355,0.023563900732921708
2011-03-10,0.6670270138275991,0.13587463411482423,0.5811284856231149,0.4620500899099163,0.053019902092808095
2011-03-11,0.5735297807538132,0.0010410523789892762,0.5736968296180222,0.2936741313468722,0.03619013045931686
2011-03-14,0.68233794990801,-0.11474062885853031,0.5951402288806001,0.26326735387150446,0.05397228263880369
2011-03-15,0.7258136890129856,0.2732429570411576,0.6118453920395952,0.4808988609229009,0.07703312831108589
2011-03-16,0.7647281227306897,0.24729790243683536,0.6915512059189403,0.350079800172407,0.027642658392391363
2011-03-17,0.6740758007419442,0.15669312966494695,0.6336886692735869,0.4775675299615689,0.07966129716427432
2011-03-18,0.8044641227125126,0.0022739817596988334,0.619799987830674,0.3019611748516525,0.09685738378128735
2011-03-21,0.8167660561987978,-0.0673089842418222,0.5836454350805441,0.36532501089917574,0.017632381737053084
2011-03-22,0.677755207067783,-0.14588740976952985,0.5730300780804755,0.26342040719490556,0.004311560134610238
2011-03-23,0.6707341039868381,0.3897926222895238,0.636142546546619,0.49259041767277184,0.0285064520013256
2011-03-24,0.7688604393708457,0.36682691287247815,0.5109185525761614,0.27701168847134594,0.03342946292222987
2011-03-25,0.6698138169552657,-0.09394595929791955,0.5845764566103261,0.3553022447193959,0.07584080208327444
2011-03-28,0.7209654456566027,0.0070590781490431805,0.5637207362949549,0.18244512230124302,0.07404168848131341
2011-03-29,0.6603565647310651,-0.10984773066251506,0.5875648734829712,0.2870332540689463,0.01758876082155526
2011-03-30,0.6854596766751789,-0.2261974776971173,0.5936694752259821,0.2926908671637385,0.04850613960244038
2011-03-31,0.6675547671814768,-0.26173682619782784,0.5923122214061395,0.31335522300476015,0.08950791749007987
2011-04-01,0.7553392133337714,0.0811700533385798,0.5965066841233538,0.3202514502656212,0.05927066622656716
2011-04-04,0.7290260152658151,0.1381401778697274,0.6070809963043244,0.560370185546693,0.01987513955465462
2011-04-05,0.7329818659037408,0.18272144351360686,0.6065777078925789,0.4675664453256977,0.032568495892035386
2011-04-06,0.6701609383665412,-0.09167967264255877,0.6173057101651886,0.4342099481557382,0.03261322247071718
2011-04-07,0.7353805911471624,0.22007857845574585,0.5285123215479159,0.3025547452389704,0.07377478660091419
2011-04-08,0.7214786320537127,-0.14487272636069215,0.7685579148057629,0.45157196191701365,0.037553238787774106
2011-04-11,0.7060834575534921,-0.10309385461677184,0.5752991982574276,0.40301406613151775,0.04709902598343212
2011-04-12,0.7155990966310628,-0.0913398289387026,0.5854997363601124,0.5344284575234597,0.0890488843887039
2011-04-13,0.7792252481325517,0.05040679598697541,0.5319298521429565,0.4538503156639044,0.09278871164428708
2011-04-14,0.7877141220805512,0.27395622039247575,0.6355351231948301,0.5422422955285822,0.03873303038886568
2011-04-15,0.7126692136239511,0.125620593966741,0.5645815994898409,0.4292265456155712,0.07198212161224703
2011-04-18,0.7764767121985262,-0.11788468229737821,0.5548817730284914,0.4097488939023697,0.09755558913178335
2011-04-19,0.6986668898138,0.12982954421408407,0.5750403512055399,0.5718439615602714,0.01272117646939649
2011-04-20,0.6455161951019471,0.2507469572439469,0.5591961329065922,0.22040172654159768,0.005965171963426586
2011-04-21,0.7218937578174434,-0.05092159720277672,0.5416793549026778,0.2318623108284736,0.08516513665432802
2011-04-25,0.7095819606364271,0.19516737832476358,0.6251537470685441,0.40567066488392656,0.017120131671681683
2011-04-26,0.7339423786608867,-0.005442826475571401,0.5240722196151146,0.25791060147765565,0.08864089719590657
2011-04-27,0.699841573550766,-0.032130657273214895,0.6377464435714583,0.47573042237747476,0.07895469650221273
2011-04-28,0.7402566507879474,-0.05605654261543615,0.5257902044090209,0.4412071137066024,0.061152809042914286
2011-04-29,0.7362584656631084,-0.4777062924955372,0.5527181430623316,0.3308945622606104,0.09701358419117007
2011-05-02,0.7159175100561718,-0.1606720865531388,0.5912866264979548,0.3789465059647008,0.00864743323005448
2011-05-03,0.7020425264231136,-0.14327885874014923,0.5608044727261507,0.29197329402193073,0.04892133985623646
2011-05-04,0.7290033720286916,0.11422052571827367,0.5537705468983198,0.5520640096017044,0.059158087129510185
2011-05-05,0.6942699276278975,0.30603712475931216,0.5597302870101445,0.19734222234005647,0.027917087833958756
2011-05-06,0.7301098912456175,0.04970902102379745,0.5930791566276917,0.3357767521556011,0.07361788591191058
2011-05-09,0.708271388725709,-0.10225189157390546,0.5747376013227723,0.48416322557650754,0.032729594733006295
2011-05-10,0.7192108614765046,0.12199027746639546,0.5777364029730406,0.36579826541952254,0.08918226281365728
2011-05-11,0.6523258734555678,-0.0740073225136394,0.4227372108608922,0.3409778033694365,0.014896970178004143
2011-05-12,0.705906291140458,0.11273473085403121,0.5748106756454584,0.43476735422449997,0.0005077581240026996
2011-05-13,0.6010105669304877,-0.011367370441389947,0.5037097435739756,0.2791696484340668,0.004005867981369415
2011-05-16,0.7006417226068069,0.2552527975747109,0.6044999320379241,0.4018230997137117,0.07686063908354665
2011-05-17,0.7090234805266449,-0.14272577864089347,0.5581371571102466,0.4427376045470797,0.05311217262917768
2011-05-18,0.6407319740777753,0.11861081005660423,0.5652972517495012,0.48255570748695653,0.07980175144721084
2011-05-19,0.7580546728616041,-0.334616802501148,0.5550195692931622,0.31444723120593765,0.045244136821690976
2011-05-20,0.6193636017463429,-0.20650665524188214,0.7055273117403299,0.46095098962124403,0.055848696643917776
2011-05-23,0.8058643984302877,0.16581968800366714,0.5444114464987947,0.3618228803325957,0.07317862838999784
2011-05-24,0.7394218090120154,0.08750124069460727,0.5519639598693653,0.24900068294207933,0.01327120017886585
2011-05-25,0.8743880593694369,-0.028229934468561136,0.5638624486943427,0.4113334463905302,0.06476401984613513
2011-05-26,0.6978635705344486,0.02454578154109674,0.6438061686674359,0.38754515203135764,0.047978295139249866
2011-05-27,0.6518644780336119,-0.03232875889572219,0.5555394089651033,0.5423898937246852,0.07033044879085036
2011-05-31,0.7685559532368785,0.021505000086159767,0.5119424827716966,0.2774107736560054,0.07472866966103026
2011-06-01,0.7107561630792276,0.06726459386425616,0.5564083950226625,0.3519830415792766,0.045484079766095156
2011-06-02,0.6803600383410676,-0.0046787920487892445,0.45525423966846246,0.28986733712302903,0.08741990380222714
2011-06-03,0.6786474577276325,0.24150063899038413,0.5329472783678675,0.4180468141831207,0.07898587127890572
2011-06-06,0.7213271375465498,0.25958330113215244,0.6344625745077037,0.3942497031205084,0.046429578739331706
2011-06-07,0.6862257629405278,-0.13276662056513808,0.5584995266110627,0.35659666456764005,0.0860382650996037
2011-06-08,0.7376813704679116,0.08406196349704087,0.5993556489954966,0.5259283711436169,0.08934344402756589
2011-06-09,0.8031434560700088,0.024932678681511375,0.6239458307560098,0.3648339816165785,0.003271417540751376
2011-06-10,0.7692503491791507,0.21230183143516884,0.6185948791212948,0.4094069841191524,0.026978938056569524
2011-06-13,0.6765820918004555,-0.2789056875730953,0.5637452206603927,0.5533012542249183,0.05424351064505381
2011-06-14,0.6945077549317963,0.15702531709201092,0.6071260108941327,0.37163137790728273,0.07876918441404789
2011-06-15,0.7758172418759759,-0.5817321488961008,0.5029678691971873,0.30843677036415407,0.08808472479559085
2011-06-16,0.6690142488566304,0.0672525902371791,0.577780041542898,0.43939905721750083,0.005481167521131392
2011-06-17,0.7398040747066243,-0.1900209138291299,0.5015381870873225,0.4396319682007863,0.0674652966588665
2011-06-20,0.678488396317678,-0.3140950090735941,0.6084996113710827,0.5395101906502298,0.011096654372628767
2011-06-21,0.7878580444849329,0.03740154429494406,0.590384594178214,0.5369868223361911,0.06191334503954227
2011-06-22,0.6779292104988283,0.2221355368108184,0.5720107040400203,0.4913711652342591,0.01752674031866539
2011-06-23,0.7193046510437967,0.25925134194960037,0.5685675448006035,0.2516020940532583,0.00670059141573176
2011-06-24,0.782596331615736,-0.1895061481944224,0.6191925443050337,0.3909757118559678,0.02047125930965379
2011-06-27,0.7688005492598853,0.22695372297335303,0.5754810137119496,0.4508535317627131,0.02386327053579228
2011-06-28,0.7311314308596283,-0.4027649512562156,0.5590324299126264,0.28839358239281054,0.04784934650166337
2011-06-29,0.7185593571872831,-0.2285885092766431,0.4930094538273948,0.5604934501753902,0.058011938535519975
2011-06-30,0.7634723694062094,-0.0008285169888308915,0.5606359474244618,0.3752083974256991,0.02097939756004027
2011-07-01,0.7384938187989761,-0.13521087330976098,0.600224578531574,0.37469131589858895,0.022543722629892682
2011-07-05,0.6890076502084386,0.004342603696968541,0.5175413800372805,0.4328682349496483,0.02673578523365108
2011-07-06,0.68313187053433,0.09370472056376722,0.6070408481248359,0.32806783131918266,0.02771453339938819
2011-07-07,0.7034712271352414,0.09226614260708435,0.5235905655661602,0.44643205608266656,0.034522658178516206
2011-07-08,0.7377699430325869,0.2166523552588608,0.5142282092633087,0.30572247597695257,0.05266825991091119
2011-07-11,0.6946211305218127,-0.19355046790942,0.5701961829726252,0.2838248699823589,0.0709825288742069
2011-07-12,0.8266508209126344,0.25918557231475015,0.541752331020664,0.4867394492997976,0.05328554652590394
2011-07-13,0.6281599067844603,0.5046746662799116,0.5107677083875924,0.38795025861006405,0.06209512678395647
2011-07-14,0.6172033356405782,0.09725746094817894,0.48411900436703564,0.41016557615660293,0.0945365322330766
2011-07-15,0.682786278353773,-0.21554878698606872,0.4983790363507932,0.42257880340855214,0.09408758870000417
2011-07-18,0.6459254513565588,-0.1497623342047154,0.5692647120932849,0.6602479874874314,0.08919032132922038
2011-07-19,0.7338794409776502,-0.1834523284354575,0.5169212104070444,0.40315890061525783,0.008017040335150428
2011-07-20,0.6925287524682145,0.1806116333473866,0.5453308257385362,0.49078523849098704,0.02883726876844205
2011-07-21,0.6942778104851185,0.26510004394425135,0.525317704429818,0.30288101308620086,0.010936492059205627
2011-07-22,0.8188660190521111,-0.3649955493922234,0.49589472003493423,0.33729721481696057,0.06970821108516606
2011-07-25,0.8354153136528282,0.3613717768293023,0.6051285153540586,0.36693413376236683,0.08749931395370972
2011-07-26,0.8313089001920887,0.07367040076819424,0.5785066942474436,0.4179695381106207,0.06272761972448995
2011-07-27,0.7075266714338374,-0.05035573478527586,0.5183789674299081,0.4608491648678079,0.09695746055424465
2011-07-28,0.7283599899387694,-0.006294274040736779,0.6035608634843168,0.10332469312592696,0.013202736879814348
2011-07-29,0.7354943623960597,0.14354774133179588,0.5846629891111913,0.3935128558946639,0.04438600520618949
2011-08-01,0.7203960033691978,0.19718967666294426,0.5996048900795824,0.3699464014821232,0.029151679716304436
2011-08-02,0.723348789156378,0.3357147928697515,0.418103596140592,0.3309987400185415,0.08717937007694625
2011-08-03,0.7832917989301481,0.21850756672166063,0.5496931941285383,0.355140312689088,0.09474487119884825
2011-08-04,0.665909075050729,-0.11824312384847475,0.6002451490567631,0.3371557310844654,0.04116917295657441
2011-08-05,0.7150711482119828,-0.15074152897234921,0.564265279633312,0.3461273719653559,0.0646051226458135
2011-08-08,0.7051203054922792,-0.3366764266085651,0.4393540136137706,0.40076731933215065,0.05933572550554226
2011-08-09,0.6437421422401118,0.4210173278669005,0.41626235307940007,0.3199824701335896,0.08419078703855627
2011-08-10,0.7108350433633774,-0.0730265875591569,0.4634563923413876,0.3042072160504732,0.030408233826794962
2011-08-11,0.6604672961250381,-0.05734433896401258,0.6155945490656537,0.407793729655821,0.07893482618517801
2011-08-12,0.7691450244693762,0.10139526916562834,0.5730351137827645,0.12000356974064141,0.026000745763467205
2011-08-15,0.6947770989425885,0.26142708463014275,0.48684564705206296,0.5762473164869613,0.09707240483771734
2011-08-16,0.784194507688388,-0.09382614322549249,0.48965795367373155,0.29863941576455316,0.004731893649949382
2011-08-17,0.6785202884068101,-0.24651781283378305,0.5356507915575172,0.2543953506653567,0.04559265371875007
2011-08-18,0.7401866508095111,0.12561573938004975,0.43055470595448275,0.554981860632834,0.09241316404997549
2011-08-19,0.7356804647207611,0.1499396042889738,0.47509712674306526,0.4622379118473119,0.028524658219725264
2011-08-22,0.7663196724861032,-0.01972167980093546,0.611439206683888,0.4044064634912938,0.08393316768714126
2011-08-23,0.7670392900226237,0.05860176145173101,0.5400793858086974,0.2328667732365228,0.06663559659902549
2011-08-24,0.7285526869107681,-0.1469950202514532,0.4679552182527857,0.5744103184465978,0.02379053243765036
2011-08-25,0.6993114875968826,-0.20066036619509933,0.491802131739139,0.26995497710780864,0.03166258377918986
2011-08-26,0.7816942234098134,-0.13913614883330302,0.5357191974888795,0.5356106714210326,0.026040719724947314
2011-08-29,0.6849923659392635,0.1064044864545572,0.456309284303315,0.6445769569113684,0.05624872424239992
2011-08-30,0.7568190067308311,-0.03852128775216121,0.4687164773670789,0.3886003447160374,0.03169437645228398
2011-08-31,0.693000813882424,0.3905889107999014,0.4456386230691123,0.41348014232902036,0.037291493600926616
2011-09-01,0.7090830966683145,-0.023482060068973895,0.5010544711396545,0.3883929189879517,0.01625976080718856
2011-09-02,0.753653303316605,0.12179688929848703,0.5270137058605894,0.09660106378547312,0.09204339759418756
2011-09-06,0.7249897437081582,-0.3311278720340165,0.5368465971385517,0.5474497367570514,0.04994169158378107
2011-09-07,0.6636880443705724,-0.05235614446854136,0.4742117829126329,0.5235431775756801,0.04580407360778099
2011-09-08,0.7147513942636036,0.3456658761132667,0.5245298164991342,0.42424501806358195,0.0004294305817411526
2011-09-09,0.7134103391301417,0.16359841985146736,0.4166339934893194,0.408534395552051,0.09756010361567813
2011-09-12,0.7064976778136017,0.1450837654315532,0.49324470524410396,0.296126556583733,0.07054513565864926
2011-09-13,0.7103675337459849,-0.2165681057736687,0.40609842475978325,0.47271224814854934,0.02898271826625284
2011-09-14,0.7389530786347335,0.09341818879871493,0.5672538033259072,0.3334968109696075,0.09806897788797747
2011-09-15,0.6384442928614372,-0.014005955361608913,0.48449238627889707,0.3157704283229932,0.01470834746925247
2011-09-16,0.7060075423256101,-0.12232102924091695,0.40984139934227193,0.355882330920624,0.09068807879261084
2011-09-19,0.6531812416648071,0.04632961432218455,0.46824881840092075,0.5111631474141052,0.0689146981480089
2011-09-20,0.7901933033633932,0.13587627460238125,0.4233311078584879,0.550519599887904,0.09001744690543481
2011-09-21,0.7887860225186882,0.0037581022615881528,0.566875120302179,0.3448324861953322,0.0550959990299315
2011-09-22,0.6166877032575204,-0.15205688772431875,0.5870548310525308,0.25089200763885267,0.04016299219244867
2011-09-23,0.7099760640965747,0.006828778668042443,0.4748166722935314,0.3556478400162885,0.04459726911589023
2011-09-26,0.7136124567118101,-0.11243246838694546,0.42907732395066733,0.42150319429434563,0.0055033636153870805
2011-09-27,0.7636683291222486,0.17391450373068423,0.4596278819950036,0.2748772084622324,0.058343144153381765
2011-09-28,0.695790605892261,0.3135583019591328,0.5323437277439574,0.4703964676794234,0.09356650767258937
2011-09-29,0.7544928475892747,0.08415331250371727,0.5060581965260796,0.4662306896647968,0.0022548646357577586
2011-09-30,0.682691694789099,-0.2828926022732642,0.5361563488131232,0.5237738105749226,0.044545808193879856
2011-10-03,0.6540884030321984,0.16438429648318006,0.5840697531267097,0.3997753798242879,0.00873769370901547
2011-10-04,0.6690998907629127,0.024603734705351127,0.47254267148576634,0.33832698900435987,0.0194450039345513
2011-10-05,0.7316592033635771,-0.3207458950059791,0.4279256014864456,0.4019290880373943,0.06050778218474674
2011-10-06,0.7088845730543784,0.06871091540798716,0.593950754439053,0.41045140360758214,0.0908446950217831
2011-10-07,0.7399086075167397,-0.1951065871229264,0.5386685453272952,0.3473609134889322,0.014794593837830251
2011-10-10,0.7135710416290546,-0.02176972501383234,0.5522550787639494,0.26900234456250005,0.03696299671092079
2011-10-11,0.595838068269248,-0.04268653941758491,0.5241737792541812,0.41522693758075,0.028465036559790526
2011-10-12,0.7716102118706956,0.08747453483593368,0.4727102238976748,0.16745798458603198,0.09775236282168033
2011-10-13,0.6981343882902391,0.20559180045155961,0.48147020413763414,0.40283202636777643,0.008759863090288
2011-10-14,0.7310680127153354,-0.2030584748499632,0.5324188192900703,0.5637121790001706,0.04442203621680116
2011-10-17,0.7013593324053297,-0.22581288436646038,0.4985665700239941,0.17756158913911313,0.08036855045147566
2011-10-18,0.7268451631988307,0.09045487552971576,0.5859201925261125,0.3806005207433375,0.0805672785103326
2011-10-19,0.7304242669073234,-0.17225762047718024,0.4845729412903406,0.24748145633378021,0.042383219844554
2011-10-20,0.7002605189358382,-0.061061830703712974,0.5176242923971255,0.3376403119667361,0.013956768688195587
2011-10-21,0.7141672675487546,-0.06667601112153314,0.4863733488477684,0.40803623259630306,0.008607797431677045
2011-10-24,0.7120261471158504,0.15223480781032772,0.49785139241205556,0.3650114650876997,0.04746131300060631
2011-10-25,0.7009596277456387,-0.1429328233681985,0.48622715167278907,0.6031158713073231,0.09866383473233636
2011-10-26,0.6643660619652066,-0.055731266775861876,0.48520098165789005,0.37528283877556007,0.0960095298220805
2011-10-27,0.6934380345560802,0.05584802024419995,0.4194328100876025,0.5037171472532005,0.00884482786552523
2011-10-28,0.7416291399821098,-0.24857431721262696,0.3918671853611802,0.3022927853858599,0.09144104963043992
2011-10-31,0.6978666769286438,0.516058379738155,0.5337012074258397,0.21924103508185425,0.055581384496480195
2011-11-01,0.6755172247549528,-0.010642487254596647,0.519654192902399,0.26852511396895773,0.07552437477921853
2011-11-02,0.7032504886011469,-0.14352782752210813,0.4522264763325382,0.42595956466989543,0.018600641811105403
2011-11-03,0.7486938586721411,0.1682082553923239,0.5365907130573636,0.35026304668597374,0.055386692651052484
2011-11-04,0.7457274880731752,0.06181088762085758,0.5150379472181418,0.3388306878298202,0.08262483053057856
2011-11-07,0.6851561936329236,0.014777387224910805,0.6318163409225795,0.43012424800913907,0.030391437928453446
2011-11-08,0.6794405748874857,-0.16647788899388857,0.48575218516993074,0.6177293447549066,0.04634518342056887
2011-11-09,0.6900371677027018,0.18137410692205702,0.492073737638043,0.4261184541279629,0.0002446674958049955
2011-11-10,0.749587263700436,-0.11438056996198481,0.4793557804650224,0.5658869694455331,0.09560265961330772
2011-11-11,0.7592296447447898,0.15813446373814566,0.5513278100883252,0.44595754883110655,0.047254116925729006
2011-11-14,0.8108887906587532,0.00878166037543136,0.5425518726298383,0.25490870714059877,0.0892686525640555
2011-11-15,0.6687519656704379,-0.2401637999670081,0.5779885733123523,0.14474598479792505,0.049188650330002005
2011-11-16,0.6898844988623638,-0.5987413205321246,0.4733282077556706,0.3509051050268134,0.02447502615186764
2011-11-17,0.7792435546897022,0.07932558784429145,0.4738531236002723,0.5065963719731826,0.02772170341987179
2011-11-18,0.7108916127264878,0.007513371741450465,0.45600442770185295,0.30099862860968607,0.0066724826387251305
2011-11-21,0.6687451350027237,0.009292254630837915,0.5219750633903006,0.5544092663524045,0.05810657700932466
2011-11-22,0.7292527583968916,-0.5415131387344216,0.5318796169630626,0.25499836438324675,0.08683459181928005
2011-11-23,0.6617014537694231,-0.162433894345266,0.48625659003442967,0.26248506079596967,0.04760407132972683
2011-11-25,0.7201741001726143,-0.28216045701819187,0.5386358053696074,0.623697107706163,0.011958368400634979
2011-11-28,0.6435320470532968,-0.05690206086784443,0.39676220926919564,0.3699064707029867,0.057526368660885896
2011-11-29,0.7421358576315742,0.14412784627145342,0.5275304488736772,0.4889263424758976,0.016284723268191883
2011-11-30,0.8373027267971396,0.3424609374875199,0.49827119461394503,0.25488960135332617,0.03196811114329395
2011-12-01,0.6896924291713098,-0.18939655312346965,0.5477071734708848,0.2818806460570502,0.013549739388663662
2011-12-02,0.7063588783704828,0.1676028109072621,0.5208549139643235,0.3053686177252204,0.027267035365971505
2011-12-05,0.7687407028792845,-0.3757961889507655,0.5117915990008973,0.39583399766186655,0.09121046211954681
2011-12-06,0.7107954329199815,0.03609921121561624,0.559480440560692,0.39645925609546495,0.028985619762289597
2011-12-07,0.6915970858928159,-0.08151786893193913,0.4991659837770445,0.47875433243268656,0.09363170197369657
2011-12-08,0.6776735760261743,0.16935422180164889,0.5314810470357335,0.34787451931438707,0.07664424376787987
2011-12-09,0.7409203607872067,-0.14549078494462364,0.5632353751657572,0.4212726121191785,0.009450865237982931
2011-12-12,0.6801837655454039,0.10572696306691183,0.5610731061344365,0.5157519605809958,0.05437123352483425
2011-12-13,0.7583073506204647,0.09825480414525657,0.47817982837624917,0.6448586988174058,0.08268219966068482
2011-12-14,0.6398191894464095,0.1898526348564618,0.5569438919967611,0.28258576275188857,0.030107230895354577
2011-12-15,0.703784953056075,-0.015750577248928095,0.6014834885403781,0.32866890997197884,0.06883466419765553
2011-12-16,0.6969027496787823,-0.46721392100425263,0.6237712263574086,0.2929531756979929,0.05800466414662403
2011-12-19,0.7263455432119588,-0.02028156594437279,0.5346412763785152,0.4809861984870875,0.0012897663838784658
2011-12-20,0.7935631230151817,0.05029873398839835,0.5731378256195716,0.4328891536727041,0.03730141951054918
2011-12-21,0.7608765711965313,-0.09258327589726544,0.5949988980306068,0.5110499865647384,0.03403130912848366
2011-12-22,0.7641268504341454,-0.1320295734672952,0.5336605295400987,0.42394669887804354,0.010241785807815353
2011-12-23,0.6414578977585497,0.31898404161720295,0.5423139699404942,0.42839278876047215,0.02211135017244037
2011-12-27,0.6811497780136399,-0.2653755118734046,0.5161462463157092,0.42192041876335884,0.08970567327637613
2011-12-28,0.7436714406376846,0.032358308120544035,0.564542262966829,0.36629736253186235,0.08314161818660439
2011-12-29,0.7348124283122713,0.2965665732771814,0.5833046826131231,0.48095418882529406,0.053209565365722127
2011-12-30,0.7247008199653315,-0.3006310139199204,0.49669160483139724,0.44548758006638434,0.07563067436410509
2012-01-03,0.7194530474019957,0.0879685772945656,0.6364003892356741,0.4726035999229334,0.04604913586082396
2012-01-04,0.7829443102871411,0.01893627789414601,0.513076986549835,0.39421338407856593,0.08188447440507424
2012-01-05,0.6797624093140431,0.3116589913544896,0.5938148590398402,0.452051249662828,0.047951822987355223
2012-01-06,0.7817971601114051,-0.4040112829046451,0.584558466519292,0.26893542156956274,0.03625685657487361
2012-01-09,0.719637215076717,-0.062341518493442896,0.5907970329829819,0.42281872889609556,0.08897263853816817
2012-01-10,0.7872558586805893,-0.12037943218652272,0.5940145724621742,0.4162223216898832,0.0763589545861717
2012-01-11,0.6382354864964224,-0.18372329170460655,0.5519110692044815,0.5112292449891728,0.07098948829225023
2012-01-12,0.7431861528778557,-0.23350016477614288,0.5532324942961169,0.601780644879303,0.08145741084113485
2012-01-13,0.7255611667420429,-0.06546511501447914,0.5856755899156352,0.476339307958197,0.08568152091968376
2012-01-17,0.697191582625997,0.10051495487428741,0.5479700572019355,0.47193276018294383,0.02265744306700551
2012-01-18,0.7284846578985642,0.09639356541057845,0.5272767843470829,0.3178713615927141,0.013021825239888997
2012-01-19,0.7672748652329697,-0.01587927627709875,0.5803046198142316,0.3693604572913481,0.06908181366549707
2012-01-20,0.7649363387006822,-0.12156199600593154,0.5600849914617652,0.4785992812703132,0.007773529752199648
2012-01-23,0.7786483849582133,-0.10475185820533668,0.6672548670705105,0.43132416936936163,0.07573340343776902
2012-01-24,0.6678535869095631,0.07381040971799362,0.5509114885482023,0.4434068487183177,0.010781738186473178
2012-01-25,0.717857187616983,0.01485473803802896,0.5252666252371292,0.49900612307163605,0.05134791925041093
2012-01-26,0.6621936316424484,-0.22175297908099903,0.5899929875640734,0.5602844247177969,0.011892221799887193
2012-01-27,0.7023703451467797,0.14019446454079315,0.6260642558135718,0.48146844372940695,0.006624736116562635
2012-01-30,0.7044395855413159,-0.21820934343881493,0.4642960288002942,0.3737159500537607,0.07545502714552253
2012-01-31,0.7789043684281087,-0.22483319695238682,0.6104283142728139,0.3049847469948128,0.09200980708136557
2012-02-01,0.7253036288193419,0.14155832283100353,0.5431799433255352,0.4170484680696914,0.09011748671533498
2012-02-02,0.6992454331637336,0.14102973178763534,0.5886497272612626,0.4056507674429268,0.03515336664710873
2012-02-03,0.7979174980070989,0.13246122847366043,0.5430874738309817,0.39141360992022384,0.08458615224525184
2012-02-06,0.716205060746017,0.01606391452504238,0.705944271659624,0.4370851892710997,0.09487916050832819
2012-02-07,0.6182048714947612,-0.10855979434339302,0.4837874706198867,0.36702017429541606,0.016055733602596878
2012-02-08,0.6206344885136785,-0.1743180942136856,0.5050482680316215,0.43841601779674777,0.07285540894639225
2012-02-09,0.720026968131444,0.060592461499746224,0.576525846245911,0.26057022497955823,0.05702353571976501
2012-02-10,0.7456760684627367,0.3844449120538906,0.6028737194191129,0.35740754006824343,0.057813367816242606
2012-02-13,0.6485966411947277,-0.18161339415199307,0.6069857818458607,0.5073118026799375,0.021699807581165156
2012-02-14,0.7330433087360988,0.1599774579411967,0.6203378772296401,0.4506534391385918,0.02818567914647866
2012-02-15,0.6870763202369372,0.034784702395030495,0.5431448974045838,0.4017428952958102,0.05371264890158842
2012-02-16,0.7365431765533456,0.335756761477371,0.5206764875538054,0.44815076309913054,0.009868571850830388
2012-02-17,0.7940618295811797,0.1517695531677593,0.6283989558478992,0.45876949018678126,0.05041952718145907
2012-02-21,0.7849167244887708,-0.2174956336224736,0.5196992928223235,0.3993665859534744,0.036646302564541176
2012-02-22,0.6119418948214145,0.24612916083560227,0.6505639296203495,0.3566649444915474,0.043966582919303845
2012-02-23,0.7014614701669745,-0.014469495030134269,0.5926500490708956,0.4127173919194286,0.018084853764431287
2012-02-24,0.7479116053439151,-0.03452527060169563,0.6377176772778178,0.44459477771253036,0.03796150566942383
2012-02-27,0.6896518277063682,0.2670225335608195,0.5240995541742681,0.3907834189178524,0.0227554212567046
2012-02-28,0.7683458700537734,-0.14461462098242892,0.6079503063124316,0.4543339596999048,0.09846127503684184
2012-02-29,0.676973806600938,-0.014495543918807014,0.5850948846541342,0.3448262148167707,0.01103161612132756
2012-03-01,0.8350837426025387,-0.15262127068909515,0.6436014423174546,0.36071989831188583,0.0762273679384965
2012-03-02,0.6656681905557359,0.02056284863101378,0.6262316188623066,0.4920509575065679,0.0557132122830574
2012-03-05,0.7981132555327535,0.58904925798702,0.6074905197654311,0.3336907826174612,0.03281154073306382
2012-03-06,0.7426437163397446,-0.05324259008129833,0.6416326100975014,0.27028357036342787,0.028361144257296446
2012-03-07,0.8384167271200218,0.17120961895510256,0.5114901815925248,0.3290971097685028,0.031200691079383003
2012-03-08,0.7608040522056969,0.23526881123429094,0.532421059478914,0.4713025850432949,0.04439558701654779
2012-03-09,0.6226330063669038,-0.017867173094209196,0.6519642194160581,0.344848426989702,0.029058932501794633
2012-03-12,0.6446538850430993,0.029242959275511862,0.5670300590138827,0.46295583660658357,0.018878498566727155
2012-03-13,0.6757336783890969,-0.15452737793062007,0.49648940257931695,0.4169944711051483,0.08410582751217216
2012-03-14,0.7119547530861701,-0.2376769341480142,0.6074889028805586,0.502707030064414,0.06791311082798346
2012-03-15,0.7092216028290524,0.053633389964394755,0.6117098337571332,0.279567017282104,0.09987233256858506
2012-03-16,0.8228292910353798,-0.09416996602445678,0.6310811683837304,0.47692152772290497,0.01051718845693004
2012-03-19,0.7130202436442123,0.12135900501192694,0.6111736153149028,0.25823602427725945,0.06585482632854482
2012-03-20,0.7033863649374955,-0.12251018047081237,0.5759689794212793,0.26959968221633623,0.01433675616593022
2012-03-21,0.7763216858373014,0.3203985309226826,0.6481154410248722,0.5270529224147144,0.05905572323320124
2012-03-22,0.7027682581495922,-0.1272513669972073,0.5604304370239649,0.4644064922957223,0.09252903155418309
2012-03-23,0.7313531526572075,-0.015444342319685143,0.6642471073581208,0.4404941353815343,0.006471041115902354
2012-03-26,0.6780671181239707,-0.13618176582713895,0.6338910166382103,0.5041732852654597,0.03386316463370881
2012-03-27,0.7475840116127984,0.3793777495744163,0.6816128343404383,0.4441035834850763,0.09906613186321335
2012-03-28,0.6780709670259248,-0.26199750234635355,0.5805497580726214,0.47532134464161574,0.08381091313414589
2012-03-29,0.8113323539655969,0.08348940688215997,0.6583965825149606,0.3754692513812198,0.027851833227885515
2012-03-30,0.7511384562613774,0.16467136589543452,0.5010075423920023,0.358656119762349,0.058191862399615324
2012-04-02,0.7674850192138934,0.05489366712731299,0.5401531818698482,0.1569877624272644,0.07894927322937863
2012-04-03,0.7017109627348996,-0.01431713857877581,0.5557504282028256,0.4143084937027995,0.04002355289168455
2012-04-04,0.7453193373616447,0.13413743414524656,0.4821034908691639,0.268571490219188,0.060316543243928857
2012-04-05,0.7047688675822632,0.1144346262074927,0.6242992331685714,0.4471869947876676,0.04845328592614421
2012-04-09,0.7008291029015534,-0.06552668746199215,0.5630262218999424,0.4768194128105848,0.07679995555775966
2012-04-10,0.6739755606130211,0.170007279037914,0.6096999743239621,0.3954955521544847,0.025068986035392718
2012-04-11,0.6871644800111767,-0.2711083722328253,0.5667747108672052,0.3669993131375114,0.06283710296631083
2012-04-12,0.6015487844209374,-0.03947103106693286,0.6452107069060936,0.4567217905433873,0.009960339023022614
2012-04-13,0.6951897062129246,0.009387259683045546,0.5710056020832467,0.41487607333356963,0.006822867317598236
2012-04-16,0.7970053911872016,0.1936997605249752,0.6242300864414743,0.3507115087616282,0.09720725504986621
2012-04-17,0.7574969196472419,-0.3373753902746106,0.5853362704021612,0.45837114198239504,0.06792043620866231
2012-04-18,0.7570210607023875,0.13397689804314822,0.6124448619633768,0.38042750209161175,0.06219667615237282
2012-04-19,0.7468987984913245,-0.1905722081172601,0.5552047311573349,0.4061734676460297,0.0076517259039585285
2012-04-20,0.7286598821354373,-0.3651230357129293,0.6199171423453053,0.47727283779193935,0.07675721085979603
2012-04-23,0.7161357381266852,0.4748932566567985,0.5620933734006662,0.36389128366131307,0.020193175445171387
2012-04-24,0.7002466546936394,-0.01523752225820351,0.5794698317659074,0.25931894553951285,0.049025036025639436
2012-04-25,0.6926725851881762,-0.01952413915481522,0.6569870358697331,0.6202243273372914,0.034361564971120355
2012-04-26,0.7867736948925327,-0.1550758059345213,0.5604068291148118,0.3840671422490649,0.054662003381304725
2012-04-27,0.8092279444426793,-0.03308481043637868,0.5284474383876563,0.34988228630469653,0.0031598523189958596
2012-04-30,0.7578528000909708,0.13798805537921738,0.5836093695156652,0.46834146735600307,0.09149391585523942
2012-05-01,0.6063413898726584,0.020765847006539537,0.6362276260076183,0.3167136724845465,0.03145591978197864
2012-05-02,0.6781830731751856,-0.3732896305526951,0.6722485051700193,0.3279846022978433,0.045965623882398846
2012-05-03,0.7320521638931056,0.12078340829667492,0.6679048418616594,0.3846102226014365,0.05566665504828916
2012-05-04,0.693028510311079,0.0346135297141107,0.656040659528839,0.3829827468599216,0.030304457161352206
2012-05-07,0.6722565459207962,-0.3081515616630725,0.5293036679848563,0.4864391497406665,0.04914796086451494
2012-05-08,0.7039687761846594,-0.12150418198414209,0.5540567184801627,0.4085045860200182,0.0715723189630214
2012-05-09,0.7080272453117208,-0.0546264287438505,0.6567960246948671,0.5538016281861634,0.010938199288290151
2012-05-10,0.6394989163545501,0.06551854622859153,0.5499498337092796,0.37517488861389064,0.06600785892738692
2012-05-11,0.7354639192563347,-0.04254398338618387,0.5997675635530879,0.4672970206031918,0.05722102334336815
2012-05-14,0.734728840027016,-0.1293672608335247,0.5550722444974084,0.25602947033819645,0.08543514695488733
2012-05-15,0.6773039851239641,0.39241367237970565,0.546339415159659,0.28066211875561803,0.03913848196222706
2012-05-16,0.7359963930922386,-0.02207295185837197,0.5755566659364195,0.540904596641209,0.09708707584276624
2012-05-17,0.7474563337779182,-0.10599858634069509,0.5634988092258548,0.3497413486094315,0.03527637702708748
2012-05-18,0.7637369810790129,-0.06162952589062749,0.49444093233181563,0.3951680321265656,0.032048278347718694
2012-05-21,0.6431486999436036,0.43684612035098036,0.5338834303278631,0.383813523464227,0.00451184520736192
2012-05-22,0.7329101367350568,-0.057731632135846006,0.5670020844759088,0.44218272861608776,0.034887678779328926
2012-05-23,0.7963107979398139,0.1535018163634595,0.654756754583459,0.29533808919064986,0.0026899842658594355
2012-05-24,0.735868131662768,0.031049210411655856,0.5977039579373103,0.5376231970635573,0.03412565244777007
2012-05-25,0.7089605425103973,-0.08110067331081755,0.6061578442325481,0.22217972724341528,0.03451430275436157
2012-05-29,0.7081573975438911,-0.026839537857090597,0.5305934261270258,0.5057059011356577,0.03512692604694458
2012-05-30,0.6668879841328358,-0.027174609672759243,0.5905371367788079,0.5353451561476119,0.024761393096016406
2012-05-31,0.7194721782559573,0.18723071882564213,0.6101693058528217,0.4123457556169143,0.05925316667924951
2012-06-01,0.6655243295863272,-0.2869161721808698,0.579717627343075,0.34573031260973863,0.006550023607119882
2012-06-04,0.7659630545840646,0.1491713036197155,0.5628778578765012,0.2842287076058731,0.03375942570699695
2012-06-05,0.7455367774803636,-0.20358988922703009,0.533410508012953,0.30205842617848455,0.032611683783961544
2012-06-06,0.7130749489030023,0.23403846681411233,0.5703006442231753,0.3556781307572304,0.08633685217982012
2012-06-07,0.6437192534977377,0.1104249169459686,0.5307453591418144,0.4117517619158097,0.0901409845211898
2012-06-08,0.7022890692041679,0.16763544391988755,0.5611108225847996,0.39410736454769485,0.06959584762878708
2012-06-11,0.744287357372773,0.42138803645263717,0.6109834079080121,0.3911393893651391,0.09857647815087016
2012-06-12,0.7201598995307644,-0.10497189206488694,0.5182472958604629,0.34472492129336785,0.03903007903875512
2012-06-13,0.6813925518144028,0.1306736767591771,0.5113686979747367,0.5333210561380044,0.0808326568367769
2012-06-14,0.7576023191809415,0.004100345873533694,0.5641213137073494,0.3442718690385447,0.0675111295326861
2012-06-15,0.7335042205673882,0.21761849264171784,0.5281203282774122,0.24666079110812697,0.05027685225863544
2012-06-18,0.7551609127428371,0.0648731948487601,0.5047639256802776,0.3266608629085882,0.033953942482640755
2012-06-19,0.677044786297493,-0.1449064538068498,0.5437482594419492,0.37334526957192526,0.03633343053566497
2012-06-20,0.687460317246577,-0.15163276389998565,0.5476487721835998,0.41676915348595617,0.04969517114419058
2012-06-21,0.7041851731817578,0.23173340466826034,0.5836452780538992,0.24091541431413044,0.07871496086964098
2012-06-22,0.7461863882706926,0.12110879651711653,0.535654608267317,0.2504802412696845,0.05358340234613426
2012-06-25,0.7204033379705568,-0.0015417302964488159,0.49874832326740043,0.25487807837400644,0.004753136111289458
2012-06-26,0.715622322677328,-0.046615438410164384,0.5331105967300613,0.3916589265253439,0.04020273521885501
2012-06-27,0.664861181308984,-0.08696412257322284,0.5797821704984336,0.3650029919648711,0.0742888025626101
2012-06-28,0.6364013764103724,-0.09453845554471434,0.49874912771335556,0.4267136296461731,0.08441868840023373
2012-06-29,0.7359418701690212,-0.3317549250172062,0.5893481634411201,0.2887813698721442,0.033683806116405826
2012-07-02,0.7979591145241176,-0.009755252900123374,0.4864977687107803,0.28580139293073187,0.08011856714715336
2012-07-03,0.7374047645893672,-0.07825997797967553,0.5431250849419282,0.561278023269704,0.020973915865508078
2012-07-05,0.6850377967885463,0.011992571539141324,0.6172327455479147,0.42705134754664004,0.0651536813555203
2012-07-06,0.6396698632320996,0.10107780234642737,0.48723329042605834,0.5406807528732965,0.08041267119341271
2012-07-09,0.678856619750101,0.5939019015491329,0.6161901782457935,0.32033874303720217,0.05399475791555119
2012-07-10,0.7210006902500805,0.15072885632669272,0.5811542964815858,0.44423362599761973,0.04023009557371198
2012-07-11,0.7826079518483054,-0.024593789326873908,0.5227876591118467,0.365313601207539,0.0453228605326714
2012-07-12,0.7629186615986063,0.07303620806052923,0.5548426222821298,0.4795234249257182,0.0180600850886826
2012-07-13,0.6174473796073072,0.06201376477503008,0.5503646566645769,0.5668808081300706,0.0703331645699025
2012-07-16,0.6435706008868166,0.3114373264753516,0.5406997365206755,0.4488989530660045,0.05768432952404293
2012-07-17,0.8037959393804688,0.11215225360111461,0.556119457503189,0.4242291185802319,0.09621170746081173
2012-07-18,0.6958260932502811,-0.005697824902078579,0.49950128060452254,0.3955433100574518,0.0467295313387632
2012-07-19,0.6032034651472451,0.08580791351350973,0.5283702888986437,0.3663796263333236,0.053271933502654335
2012-07-20,0.7309879041970071,-0.28671278459308813,0.6301054834749594,0.38972325385124007,0.07691191651436376
2012-07-23,0.7127077783513905,-0.19307924202658447,0.532423800188082,0.5386959890273281,0.056611644272964494
2012-07-24,0.7717958104716016,0.17088755022811122,0.5577520557553123,0.36414574724373905,0.05222695857334735
2012-07-25,0.6474918416481649,-0.04020775437332701,0.5178499525056036,0.5048794439671241,0.014774368882457867
2012-07-26,0.735469522122991,0.32246230558070965,0.5887353941027749,0.35435043904959046,0.06853066367322957
2012-07-27,0.6302435401690065,0.27711504678829624,0.5960539250109114,0.26337884090977737,0.043538878418699106
2012-07-30,0.795462000991375,0.07642343411850358,0.5338298488243338,0.5614783254247327,0.08302143805558815
2012-07-31,0.7872342586615307,0.13026619039904078,0.5487074231561726,0.46163942905303595,0.0203558041497819
2012-08-01,0.6999971283058737,-0.01102028994646419,0.47918909220480743,0.36669602242610816,0.08237107044983252
2012-08-02,0.7016683060665533,-0.12706107392433294,0.5304082587146268,0.3676019149299423,0.025644663488011733
2012-08-03,0.7451117360175987,-0.3244641226587531,0.5171769983104635,0.4131551640177496,0.04058659392482297
2012-08-06,0.7044685380081559,-0.03447853996184626,0.44145291247313967,0.4356477104669492,0.019191601148027305
2012-08-07,0.7523802991283535,0.09870745884075338,0.5719587783961267,0.42015296057825025,0.08272288241277677
2012-08-08,0.7439340590325468,0.03121814769137048,0.5537160446646372,0.2422770363867878,0.055982501053283444
2012-08-09,0.6753209516010994,0.31737993140661824,0.39564187406977325,0.3859822070174656,0.06469220512036654
2012-08-10,0.7786137479804034,-0.018652133108352925,0.49774754101724766,0.4129421676815301,0.015935848856502743
2012-08-13,0.7023439909998777,0.006169898551387832,0.4818899240246818,0.5108674419955724,0.025839684746913484
2012-08-14,0.791163246053283,-0.02667806442232451,0.4461079671549675,0.3476156829686605,0.0658670712640182
2012-08-15,0.7108005669948517,0.10110777538064163,0.46441546846751547,0.32308376813578493,0.085252101750845
2012-08-16,0.7455338068929404,0.18778176640791155,0.48313053027733266,0.26667829460490045,0.04858419655429851
2012-08-17,0.8842059100643942,0.15666084741774272,0.5002647381253273,0.486903127553084,0.08595840029158107
2012-08-20,0.7137771685142789,0.17343137782003726,0.5198639573693538,0.40912718981675733,0.06015997402219412
2012-08-21,0.7143209065884606,-0.289476266692618,0.6082478286911268,0.30584660797322566,0.09005748849741256
2012-08-22,0.6519988211844703,-0.04257197655127346,0.4627297184903287,0.3948287209439729,0.03634342452263241
2012-08-23,0.7543881924280884,0.1990605801058446,0.5510116696227542,0.36943679452143197,0.009030629245113608
2012-08-24,0.7224795913830793,0.08157581017949819,0.42186934194747916,0.45705847001198596,0.07242344531621804
2012-08-27,0.6471350356208084,0.4080693197812979,0.48805573959176757,0.3815124822805409,0.011193236388991301
2012-08-28,0.6815146450381072,-0.12599400637113795,0.6215182655056986,0.4940369688623298,0.09329354473996357
2012-08-29,0.642539877742608,0.30084258013704596,0.5670202776685986,0.3718787537711712,0.08289815826745311
2012-08-30,0.7353348471014919,-0.0029888158842148495,0.605544354402204,0.320370981100791,0.09315556252394627
2012-08-31,0.7273005304887863,-0.08562906619856095,0.4348332836556789,0.6191638255054988,0.08845648623276411
2012-09-04,0.6609216710448793,0.04402583749755518,0.41786003460947413,0.3600929460756907,0.012227683345370645
2012-09-05,0.7410984410716729,-0.16494679590047256,0.5338706815185431,0.37309589081119177,0.03292859109665019
2012-09-06,0.7780041256199306,0.2723521826680447,0.4748423301287822,0.4076732859392957,0.03899506688553214
2012-09-07,0.7291727113236116,0.1238698590869397,0.5045612061639781,0.41902109593428427,0.023593807917460866
2012-09-10,0.707829676260244,0.023047973394403662,0.5678090629717836,0.46460832412118547,0.014427790870378921
2012-09-11,0.7550627819721685,0.14461406482711567,0.494939346643754,0.43188270435795306,0.09699234759401332
2012-09-12,0.6657413160832127,0.2537615312633914,0.3632135137719965,0.39128516076645753,0.025430592047348568
2012-09-13,0.7770447988575137,-0.2727735867258683,0.5220963781094593,0.3319233553420973,0.04903585801532117
2012-09-14,0.7015598367405566,0.18918819212788757,0.5117702475584501,0.19656441321156373,0.09487108894658189
2012-09-17,0.6711787230134201,0.19506714697775193,0.5236803165058107,0.5748135572524284,0.042378131654004836
2012-09-18,0.8041323797006649,-0.06844902602935836,0.6262124465664279,0.4024479669851911,0.09633153399656248
2012-09-19,0.6718665732795487,-0.12672797318211546,0.38804616169318296,0.5607019008249281,0.09369722913571561
2012-09-20,0.7997380994521932,-0.2031014877626642,0.4893345978663072,0.4095607544112578,0.07156712291221266
2012-09-21,0.6719823473928943,-0.35102040625423236,0.49007190756144736,0.36789205705407535,0.002107421044556479
2012-09-24,0.7005794379505612,0.04454321252019293,0.5717365676458334,0.3696907280308274,0.06058147328705298
2012-09-25,0.7285221499360681,0.1453741047489872,0.5278873951347013,0.33855764755521583,0.06622234344403544
2012-09-26,0.7248188561557017,0.10950796403381068,0.4436970884889553,0.5263539010796509,0.06906824552823401
2012-09-27,0.7915794452607056,-0.14455605108889877,0.5097473247133886,0.4642278256671032,0.02396758292092598
2012-09-28,0.6927192921835623,0.09632276913761889,0.5081905504600089,0.25320818223611996,0.030926850169114062
2012-10-01,0.7429580657989279,-0.22002848325420718,0.5469684940945971,0.3328788924866111,0.03628550984200618
2012-10-02,0.7119357283169427,0.274455782689315,0.5248505497837425,0.2920526080425455,0.012205376874588936
2012-10-03,0.6692541714600457,-0.11986055772474509,0.5198015740636347,0.43582998149327684,0.08576471391499252
2012-10-04,0.6778448847668566,-0.23344189712287183,0.5142012178653487,0.3818139934209838,0.09097890999968944
2012-10-05,0.8278607943723868,0.0073207313126157905,0.5909021263998974,0.28296164018956604,0.09779928544009231
2012-10-08,0.6413393530219146,-0.2240170265051069,0.5599366230709105,0.5756101589693534,0.009025032770873898
2012-10-09,0.6808910273023683,-0.09211320595191153,0.4421573215076229,0.2188360152881613,0.023546045495139736
2012-10-10,0.7559205848888315,0.04460406059243263,0.5012716155426187,0.259994346283662,0.08902467277662995
2012-10-11,0.801997834091433,-0.10067134760989463,0.5275839617314916,0.2545438594755276,0.06313527026562717
2012-10-12,0.7104737405189981,0.05827489124771678,0.5174263541736552,0.41546485432366254,0.07667409006091169
2012-10-15,0.7447261246024386,-0.22610409120659225,0.5115377297519782,0.41137576834802775,0.003388168121901536
2012-10-16,0.731583634209753,0.014469043463836357,0.43823598267942293,0.2682200247891027,0.08231977803964666
2012-10-17,0.6092865907057724,0.16350690196905954,0.5435212533205943,0.48435502912221207,0.04710912833880035
2012-10-18,0.7353394981230725,-0.4266238435436222,0.45105877272733125,0.41704154175931124,0.08411634663695261
2012-10-19,0.7267759001395897,-0.04454964263040424,0.5211101642380931,0.4011651707685246,0.08767612272392675
2012-10-22,0.726038523277568,-0.12781306656640323,0.5526585777932892,0.3569228391319616,0.08244008657361816
2012-10-23,0.6534675458489687,-0.15419980256374574,0.4864602345504483,0.4994002788368847,0.05063345139203014
2012-10-24,0.7178866000782603,-0.037229643793129805,0.4417895351129913,0.47854825898295766,0.06021159420105188
2012-10-25,0.6874023922988307,-0.020005571788267187,0.5785845686654678,0.45087633310493047,0.0737785520604017
2012-10-26,0.6385872976142413,-0.35390204727049446,0.5017260426512299,0.27872593851251953,0.0027350893333371266
2012-10-31,0.7524273373816499,0.008452612992995838,0.5152392536386873,0.3293256818357647,0.06415925114135416
2012-11-01,0.8070691827643353,0.5685187456020919,0.4934851682748183,0.4353039248415001,0.07910193178139538
2012-11-02,0.7248708671532156,-0.05193737268821374,0.46626787211403,0.2915032012519523,0.04006618499761471
2012-11-05,0.6632201367237238,0.0810480051098291,0.4833328845675383,0.14217071498594697,0.03137218026504617
2012-11-06,0.7422429110299161,-0.007652256492831174,0.5771562676433618,0.43731223970910094,0.01578224394440916
2012-11-07,0.6460663201844851,-0.44593532814599623,0.474366896585844,0.3374892579306348,0.09696645868391346
2012-11-08,0.7671579600500084,-0.0017741864579146787,0.5675545748165363,0.2675166944297366,0.07631627032912743
2012-11-09,0.7682632192190224,0.14419783068618391,0.4104996576011011,0.5322617841260773,0.06857533783489182
2012-11-12,0.7246729245883176,0.07840890077370115,0.469858053863422,0.5275247012921973,0.03193991292379044
2012-11-13,0.6607073835380565,0.16641840367478922,0.5547191280652259,0.3025832571827778,0.0735172108810468
2012-11-14,0.8191686799711286,0.04630569604350385,0.5469800246500961,0.24728792046642445,0.06874668716864318
2012-11-15,0.8258865001504282,-0.24491138804501797,0.5661369241680616,0.30052282820683046,0.07995286679401795
2012-11-16,0.6890505598576159,0.15775080877708944,0.5668878354504785,0.27287157508858984,0.0414496424552795
2012-11-19,0.7745236084528496,0.20899609902663882,0.4705258114824153,0.5598647593591111,0.08763900129297378
2012-11-20,0.6471571185875981,-0.12495451655552309,0.5420309082458663,0.31464337152973937,0.08843414304434549
2012-11-21,0.733190954283967,0.04821521576065904,0.5093938040733421,0.483240053859056,0.09481092171592272
2012-11-23,0.708581960367118,0.04630821376276113,0.5774321368014474,0.47906862100258407,0.06471066893041369
2012-11-26,0.7593008645407104,-0.22983592044335605,0.5484555301512637,0.31215012090304955,0.09068447805119795
2012-11-27,0.6559292510110987,-0.014341269256993673,0.47772031806223964,0.47906177188399773,0.01982662026717004
2012-11-28,0.7607267729847662,-0.3805252472862884,0.4822471353806278,0.25402133280820016,0.016875595636504117
2012-11-29,0.6968685361703555,0.09103513397376488,0.5122828361755074,0.3410240759332865,0.04289033681183512
2012-11-30,0.7850088263406569,-0.4609714345192577,0.5869833907535644,0.3455711706844514,0.008906126736128972
2012-12-03,0.7160945494943605,-0.10547266754402172,0.6045551157853117,0.27690215031947407,0.09472435084524966
2012-12-04,0.7205868184860967,0.10548773037199935,0.44763121340051204,0.3080101829553846,0.07185834238368101
2012-12-05,0.7125910733250885,-0.17733300693687495,0.48817886100925983,0.3650137336923563,0.09199890489003426
2012-12-06,0.7524790665823087,-0.06854355537562888,0.5836630836026095,0.30022422173406454,0.06736100427370446
2012-12-07,0.6574038869763273,0.3852690811442268,0.49763318653946437,0.268908799292784,0.07135637119646769
2012-12-10,0.6328973029114084,0.2150206907617878,0.5158674485547453,0.37462902649336016,0.08619367242858739
2012-12-11,0.7120399144206679,0.20258857693395627,0.5247671281512086,0.6344053778832627,0.028796197285088167
2012-12-12,0.7266880287027114,0.21235695339166424,0.5748213688319077,0.39635526797419623,0.013019933127841788
2012-12-13,0.6906514506989768,0.06639278571331074,0.5608846377128098,0.3427413951873473,0.06000827864972248
2012-12-14,0.7283169432975327,0.24724099565191923,0.639701739703336,0.48543693203494215,0.028296724503269834
2012-12-17,0.8131379843190141,-0.12587484224129117,0.5737959321905638,0.5338519508581272,0.041833099112190214
2012-12-18,0.6751833333514001,-0.09711802240900186,0.6264365628094447,0.302490114421306,0.01459428521154308
2012-12-19,0.6529434983672144,0.3055963147279023,0.6002220859870673,0.443212024398377,0.026179946389411103
2012-12-20,0.7177144622677086,-0.0877049011209964,0.5553268140002386,0.557980695740155,0.09073282349729386
2012-12-21,0.7319283063071038,0.4333918534493932,0.49718031196994666,0.39803192456717307,0.06842670861425665
2012-12-24,0.7013470666168042,-0.21702830863246658,0.5369804067666991,0.441732930166044,0.0010320242262494617
2012-12-26,0.7462115089976015,0.43409043578891127,0.5695711140756257,0.5150136803679617,0.03232459796547828
2012-12-27,0.7233047123149488,0.3356111200905191,0.6671285264341349,0.45310851309759503,0.06868524492697244
2012-12-28,0.670367049227421,-0.10976100455543368,0.5621619256514319,0.4456498035250646,0.07084531666583638
2012-12-31,0.7549212567192186,0.0920395362460082,0.550994318810268,0.33638015587978715,0.025622559393238733
2013-01-02,0.7500569130632114,0.3709974714961313,0.6027163333020682,0.45347039496361985,0.005875231364453293
2013-01-03,0.7814783461911375,-0.0742128057801705,0.5271659610393045,0.3252214895634018,0.02348414396564097
2013-01-04,0.7237356688615281,-0.08440117934181604,0.6138515074566641,0.3524676582317811,0.09967394367335325
2013-01-07,0.6898639141887541,0.38851543576612635,0.5334375467050504,0.4153528457250351,0.09672098443079628
2013-01-08,0.7525661412371706,-0.22733862378416303,0.6186334586779836,0.4637119040411228,0.07482418403763544
2013-01-09,0.8079192005940391,-0.13584438744362007,0.5626664920019425,0.40393557549941955,0.025365688282655174
2013-01-10,0.7431944247175011,-0.2909229497154322,0.5641006719151211,0.2573536088576255,0.03025073556417515
2013-01-11,0.7479167035598461,-0.425729824903704,0.46682562916606063,0.48185487164399987,0.037090121308146595
2013-01-14,0.7026580772402609,-0.19757161472644819,0.6254679098134812,0.4327626217328415,0.055956038863305
2013-01-15,0.7736045097766892,-0.03324841446416609,0.6967405553511689,0.3395486139440205,0.0260291652156908
2013-01-16,0.8172247774679944,-0.012273208019982574,0.4808633171779196,0.44828487457481087,0.0930326941156214
2013-01-17,0.7457381280727582,-0.21026436284784597,0.5183035681787402,0.3975302356915008,0.013191953368222698
2013-01-18,0.747487390762399,-0.4941326565758802,0.6178920342816483,0.3505502026185023,0.05304238008926038
2013-01-22,0.6634126257800912,0.18821331029038615,0.5672932852014464,0.5216165776782254,0.011684205616466404
2013-01-23,0.7518976131489877,-0.0003029005896092109,0.5616341707237085,0.4482712760556138,0.012787149473436633
2013-01-24,0.7093234370595335,-0.1705145177492999,0.6005569054051073,0.3855512158555571,0.08348040378168274
2013-01-25,0.7316783824034503,0.21787596723092154,0.5651524636796494,0.40150339255417905,0.09262370424724074
2013-01-28,0.7000175244274534,0.08614798679637016,0.590654291762379,0.4900775131790558,0.08769363855065136
2013-01-29,0.7010435581496561,-0.09156339391803714,0.6135285609700086,0.42522130033628636,0.07615639189386136
2013-01-30,0.6846890936903652,0.26131081354690017,0.48975087866384936,0.4784284753263752,0.03130103158636045
2013-01-31,0.6667393982000902,0.3771577032971054,0.49818783555159446,0.5152250651872748,0.03155429194634351
2013-02-01,0.7259182819994378,-0.0733205139677488,0.5854245479908448,0.46319003391578134,0.07636754136536322
2013-02-04,0.6847799748834565,-0.16315754503371446,0.6107983399097169,0.22926570463504004,0.08530336612675549
2013-02-05,0.7007885453403957,0.6081373908318882,0.5306220981609908,0.5147802791759752,0.07982201832532108
2013-02-06,0.7007024615643094,0.10180902895942878,0.6124365923590601,0.5128956735182948,0.014862080704098314
2013-02-07,0.7199873086593612,0.3977769277509706,0.5509392467654181,0.42342204135995604,0.0035862248169239775
2013-02-08,0.7422638466108804,-0.22439362398988308,0.5667907317643714,0.41615134992384073,0.07059628625745538
2013-02-11,0.708393947843529,0.488184793091307,0.5411319900683055,0.5179424468140428,0.09952017433581889
2013-02-12,0.7728229906574393,-0.002772426900854271,0.5404430203901185,0.323174467960823,0.004079170854031799
2013-02-13,0.7041016350391744,-0.3571482563892526,0.5341605277272933,0.25175234846363576,0.0709029142266918
2013-02-14,0.7972937501588858,0.12369247847764371,0.6242526699715509,0.4588831951541948,0.04929885500110007
2013-02-15,0.7383483811667081,0.2921360664258274,0.5550256548121039,0.4106669655367045,0.08668793003861137
2013-02-19,0.7673529413912061,-0.26424184637122583,0.7427255261819948,0.4028565762777586,0.00935778782049842
2013-02-20,0.7370994725287796,0.25137560633498435,0.6341993096134572,0.40380780193964594,0.018065496411140004
2013-02-21,0.736506471904902,-0.3008297061895958,0.561172337228337,0.45172102161589606,0.050873776393064674
2013-02-22,0.7521946419521444,0.24423315000081738,0.5835031169344111,0.26127134865691337,0.08908945222432739
2013-02-25,0.7828365215387839,0.2872178692364032,0.6359672345334559,0.3836366329142509,0.058354739098254255
2013-02-26,0.7822193025938289,0.6857820956016427,0.59729746656263,0.26882633077548757,0.05260154065999957
2013-02-27,0.7006857475223924,0.12509520006081018,0.5117721879354893,0.416940307491207,0.0416418991389969
2013-02-28,0.7490168325157941,0.3070243479625304,0.6579822667767891,0.48645847917517715,0.0768253426984778
2013-03-01,0.6218660494742735,0.18421062560958504,0.6281957454676069,0.42559443770783467,0.08873676980186834
2013-03-04,0.6434888936927257,-0.15535478183741208,0.5358448788913966,0.19849915604929094,0.06813123448292499
2013-03-05,0.7298542424292602,-0.15956442428855594,0.7258472887532901,0.3831228060562091,0.039416980276672765
2013-03-06,0.794687657793298,-0.3138198049386449,0.5684603302774078,0.4096897876034315,0.09512198500787461
2013-03-07,0.6845923025696165,-0.08444013696094888,0.584436758292713,0.3766092014555106,0.015377546868379789
2013-03-08,0.8227559286517673,0.07564525708630204,0.6196659106293982,0.4539654774345071,0.08306992255725462
2013-03-11,0.7606313188668556,-0.016577396774973073,0.5806397759819538,0.4166816059518278,0.04540555151429529
2013-03-12,0.7878401974456736,0.22524763768727674,0.5849585755132326,0.4767843694668112,0.05942042593509428
2013-03-13,0.7202707668480166,0.006774109887048848,0.5735898332679468,0.3818354861093767,0.09697705138016269
2013-03-14,0.797066503477484,0.01848422946784726,0.604303644050745,0.25527822207420414,0.09508959684752077
2013-03-15,0.7145378046183635,-0.04826298074894574,0.5563417929200337,0.4021665411703564,0.07315452173338913
2013-03-18,0.7085408854886173,0.015999171048716433,0.6045673103393115,0.30442456421773556,0.09574027791398276
2013-03-19,0.7100649108758406,0.015474856552166714,0.657909583353586,0.4256719172795741,0.02113668610399875
2013-03-20,0.6969032410041286,0.07980095184877047,0.6842600986901712,0.49167064725890186,0.06436440295201094
2013-03-21,0.757376326521781,0.14511803509646432,0.6710539335600172,0.507562679401766,0.005553502398580302
2013-03-22,0.7583380190558828,0.21372844391801699,0.5451327374117487,0.2497734747659719,0.0951900188641932
2013-03-25,0.7378549325321915,0.013736141930107673,0.5724094234639256,0.482585266982771,0.039885849695774835
2013-03-26,0.6368568206774382,-0.10695445121156076,0.5754577159912314,0.23636982149005406,0.09650493098115734
2013-03-27,0.8047365503634651,-0.2718402537326646,0.5703743488101187,0.49079797578051343,0.008918830767655395
2013-03-28,0.7623022671714366,-0.22163493929694933,0.6339869365168992,0.4289784478658222,0.01629406838752545
2013-04-01,0.8466517781055733,0.08078808321366089,0.5929371864791094,0.31434980428805775,0.02849358889994621
2013-04-02,0.6927878316522215,-0.16515381909363164,0.6685514439854064,0.4017969915016471,0.06540642988244792
2013-04-03,0.7582623561987365,0.30284951999617743,0.48205572716702155,0.5278873764700376,0.04908450976096125
2013-04-04,0.7327698455891667,0.08700967432808887,0.5585264146068304,0.3244875601551482,0.08063531959183501
2013-04-05,0.7544422944906494,0.4769195600662939,0.6500651027565251,0.5265522921418541,0.06849619418644429
2013-04-08,0.720399936486929,-0.12004084491712563,0.5606292551623451,0.35117262753033124,0.06655202962168418
2013-04-09,0.6273608783414737,-0.14498386857832038,0.5715457695359442,0.3824641825605159,0.051265322565936494
2013-04-10,0.7365875054873645,0.07249017372512212,0.5986964166988815,0.3418556913657243,0.08854130386418814
2013-04-11,0.631832067836724,-0.11506172168035866,0.5506847805327295,0.44660667482786043,0.05630570769335385
2013-04-12,0.7754643698346847,0.18771421341198785,0.6370049854924985,0.3866474264547512,0.07564906434903768
2013-04-15,0.7039022217262052,-0.14942055073341326,0.5232454319760124,0.4991853700507858,0.06138677834447908
2013-04-16,0.7212644481035012,-0.2492680587241748,0.557087968720322,0.3133026543567448,0.042601709882130814
2013-04-17,0.7321512242507563,0.21349357021413717,0.5807908936770574,0.1747466485216351,0.0341744847396551
2013-04-18,0.720540983242054,-0.031238780019439145,0.5867079329549296,0.33725388335242984,0.022423021232791697
2013-04-19,0.7408719540362921,0.013228223029800349,0.5964618117965597,0.4412641361442966,0.015506970085701056
2013-04-22,0.7085083588426073,-0.09731713394013065,0.6658732614024889,0.45593554097154365,0.06295595813335879
2013-04-23,0.7713473030471399,0.2452209170668137,0.6228577108518498,0.49283886791361714,0.02907030244783995
2013-04-24,0.651032741896487,0.04083077439920543,0.5871042056257091,0.5677684090899809,0.09072077110524825
2013-04-25,0.776382276590165,-0.12608903815863598,0.6145457803406822,0.416768133344924,0.014860653865476126
2013-04-26,0.7527165716576114,-0.20376849387493037,0.6135592550285444,0.3771848650711766,0.09029036186665941
2013-04-29,0.74412248820278,-0.14487703302443397,0.5651818938216346,0.5173842020366703,0.05230920570174739
2013-04-30,0.677422622082992,-0.19555088020840972,0.5914550799607285,0.32281096248140456,0.004772827439750971
2013-05-01,0.68574856838686,0.021015194241659,0.5183669099950629,0.2992037765086362,0.00450949036584386
2013-05-02,0.8327047791461821,0.09189501179380183,0.5558651873256912,0.4418215078266197,0.042491352120801365
2013-05-03,0.7583665238493315,0.19888288401804768,0.5863959239566482,0.49764977027728896,0.06608552539371698
2013-05-06,0.6280776737558913,-0.21126162609515065,0.5995530369491353,0.4329633532807792,0.025338033106519012
2013-05-07,0.6844108856165679,0.051883998252631826,0.559678036656883,0.3723040905772835,0.00817695615339783
2013-05-08,0.7812386900332505,0.18178749937771996,0.5405155208469544,0.2942748537979897,0.01139354909994912
2013-05-09,0.7094413302223341,-0.0053492602345850265,0.5569601552106227,0.5040642442799668,0.0179552195863255
2013-05-10,0.7473694920854277,0.08121702197488581,0.5260028868570815,0.516729071738378,0.039295733753784534
2013-05-13,0.5889915588879654,0.1668110903698738,0.6344004701031843,0.35675988127220387,0.08767553471355033
2013-05-14,0.7936455108623712,-0.012619510590869288,0.5902356305207214,0.43395287874042165,0.058720838818024604
2013-05-15,0.8893287455905527,0.2688867816166009,0.6215887848815705,0.3087195513398805,0.06702598664905719
2013-05-16,0.7371794912739746,-0.1626248187692773,0.6270451362285618,0.4140466975734857,0.02650743897358654
2013-05-17,0.6737739160193053,0.016224916683700585,0.5428654542930655,0.4151216221337547,0.08713448182493896
2013-05-20,0.6870461341817371,0.00549752667216256,0.6209880125738176,0.3946948008074894,0.018508739082679537
2013-05-21,0.7104555866413805,0.04065524421149252,0.6176796598495397,0.28928167301182395,0.060405287339775016
2013-05-22,0.7430328077352601,0.26350816380347997,0.6108496741840603,0.4057754146667228,0.010633065874724769
2013-05-23,0.7619868753349447,0.09049929122053649,0.6191836600072091,0.19760683890170558,0.0005847069583340248
2013-05-24,0.6523271933168368,0.20096582989664744,0.5055671018467099,0.44015386357192055,0.017173535120338923
2013-05-28,0.7123975171983854,-0.1992378491191994,0.5955341691687922,0.4201033503716571,0.06918062299869328
2013-05-29,0.8355171326048189,-0.12496224090717785,0.6493410696468884,0.43524229143843146,0.09658038075584682
2013-05-30,0.6969489059228644,0.15984929150344906,0.6048982821650696,0.40358432948580497,0.048672249393761136
2013-05-31,0.7433147678220312,-0.11939740620910633,0.5345899192499342,0.47594421738225834,0.0973921892171687
2013-06-03,0.7188030287843363,-0.016016599649818497,0.5876290402615277,0.42652883447838086,0.06738031429286422
2013-06-04,0.6585336764512968,0.25725041729097176,0.5789356763987465,0.3797346737177851,0.0394997237657314
2013-06-05,0.7515423002584873,0.047308438722972614,0.6104615420728388,0.45379836721509414,0.012508948993022696
2013-06-06,0.7658923114498133,0.2701987811455032,0.6155149316080448,0.38395137796714374,0.011191250246739549
2013-06-07,0.6738549421961584,0.333559586600903,0.5586665190669962,0.3526892586639478,0.0970520363660314
2013-06-10,0.643163659111778,0.06769462106242229,0.5756184108218338,0.24848850637505193,0.02092294803344994
2013-06-11,0.7526637021066588,-0.0996383841402878,0.7018858914236485,0.3430638807909132,0.06497398260368423
2013-06-12,0.7082403333901103,-0.17495524485087355,0.6304548874421829,0.3627224205535247,0.06260591511293452
2013-06-13,0.6937542923117251,0.1413910019841085,0.4967294342657884,0.4625110546248948,0.019091445271740518
2013-06-14,0.8190699858300429,0.1133215665670178,0.5968233566811822,0.4870060216907484,0.04634255554390374
2013-06-17,0.8154854014337759,0.2419787920038209,0.5844304765413396,0.4903891400636002,0.0021816828224501153
2013-06-18,0.6857032537267445,0.15525871814946443,0.5113343476412662,0.36329775813683735,0.015242223992035665
2013-06-19,0.5758718912428381,0.08028593187349242,0.5285802651969189,0.5111145215204462,0.09638668707389149
2013-06-20,0.7495096305302701,0.22481917894032508,0.5057525699103816,0.5038386037159633,0.08597964454406222
2013-06-21,0.8352928172181664,0.15283165998637888,0.5986054398141832,0.4169597676394935,0.02013384200247481
2013-06-24,0.7037665609717317,0.15223847454030173,0.48123548827273455,0.35822448750791835,0.08338385328034564
2013-06-25,0.6414471598831408,-0.1407312754630166,0.5877882303239756,0.45053933762204634,0.0007874280979212501
2013-06-26,0.7325456847767736,0.034080198812402145,0.4605374042008497,0.3627437719429085,0.07130928146227296
2013-06-27,0.6959324196782395,-0.13181193810290817,0.5839527963868687,0.313949267349469,0.08486162610031904
2013-06-28,0.6997659574936295,-0.41741384914190327,0.5384097599489078,0.29121624522863804,0.05958395505776892
2013-07-01,0.7339601464344822,-0.19022160934849294,0.5557646776656369,0.3855314239257657,0.02907745319382639
2013-07-02,0.813602088652116,0.09944359609063874,0.4576955631619797,0.2735111155897292,0.048610096062239795
2013-07-03,0.7327604004496167,-0.18596958967853017,0.4003990221259458,0.5349546313833744,0.06114952931946587
2013-07-05,0.7660112008452704,0.10419537469835433,0.5167325692600152,0.44276767710099296,0.08166892369660303
2013-07-08,0.694781983788956,0.04097146004353816,0.4984985502757304,0.5516288450556015,0.07142903287761262
2013-07-09,0.6514881672959077,0.24645676590216625,0.5456194005589323,0.35105330046580097,0.042200454753937834
2013-07-10,0.7383501460847869,0.1466696014356362,0.6111587156641294,0.4313143023133532,0.006351056894547392
2013-07-11,0.6854651957368861,0.01112602475315771,0.632810934603369,0.5347678085512624,0.04171374580945119
2013-07-12,0.7754381739062179,0.15913740402447735,0.5760960470709754,0.515875483450987,0.049478880034906185
2013-07-15,0.7071685607139048,-0.2710172131550012,0.5420472864757772,0.31824184132223093,0.034676411336902815
2013-07-16,0.6772489622311407,-0.14405571531758637,0.6620270811818214,0.41361246340758445,0.0020806924710671804
2013-07-17,0.7480953918180494,-0.24447256140085083,0.44474163213481066,0.3180947356881194,0.01922012975010308
2013-07-18,0.8019097792604374,0.06685509321530422,0.5660307976022806,0.4738566039202062,0.023210311314192367
2013-07-19,0.7004325310100861,0.2775931167946735,0.5036365389495508,0.5406232359262553,0.09090701541675186
2013-07-22,0.752115107806767,-0.35780903084926446,0.49543118197015384,0.22150614671278956,0.060210013280401965
2013-07-23,0.7881641066397104,-0.004947084160480214,0.4206092873480899,0.4375746881719659,0.06569581364726072
2013-07-24,0.7031417868805839,-0.29676117100666466,0.6151247729140539,0.4107285866096579,0.029339404197778553
2013-07-25,0.7153284298843343,-0.07988495619720341,0.45476813471406013,0.2695451100415891,0.09598033682768127
2013-07-26,0.7942458392437541,-0.09477657395714383,0.5307469107791306,0.19556695237989255,0.06731072936393334
2013-07-29,0.6640953982102247,0.12196250397495056,0.5462004337041245,0.5753375198724315,0.07959726637030008
2013-07-30,0.7971478165815613,-0.04614219449696462,0.5501994186852821,0.3683396557096926,0.08445312839897406
2013-07-31,0.8327404909319325,0.22980293921047995,0.5342798284609388,0.4200394784876352,0.028245721526963665
2013-08-01,0.8022425143629903,0.11591556942276944,0.6029779707190777,0.18063520737411265,0.06670564523554576
2013-08-02,0.7530614130749399,-0.103086972936277,0.6121238493159342,0.554639868718983,0.019948422280187974
2013-08-05,0.7316417904550653,0.30712619576220634,0.6112823041279859,0.40744066719261474,0.010090372557552497
2013-08-06,0.8535966886215929,-0.006268230533944494,0.5106906189180693,0.48658725885843435,0.09937672353813432
2013-08-07,0.7123104634428843,0.017067955158978767,0.591186934212178,0.40192188522172706,0.02094329413535484
2013-08-08,0.6452491103512346,0.07346387756983934,0.4852077464713978,0.4865271157294546,0.0018130595675012074
2013-08-09,0.7648094857913122,0.29428006963330444,0.5647151237246474,0.5090244283658065,0.035704387483692056
2013-08-12,0.6965451619931143,0.1607972991781005,0.6157645583516681,0.3311350091363233,0.08279486884136622
2013-08-13,0.8199869145863549,-0.1098700182402661,0.47409699495445246,0.42962004433548384,0.00319700077683891
2013-08-14,0.7657955208064404,0.182350024794453,0.46797085481202816,0.44345400972542903,0.043062046255148416
2013-08-15,0.6957222714258248,-0.29778445121411534,0.46899562241289044,0.3249099634044182,0.012068803282068254
2013-08-16,0.7560797580176254,0.23044273261373371,0.44115579813228606,0.4351961074208056,0.025782214100407676
2013-08-19,0.6711650907114547,0.12581708180280007,0.4818938577700165,0.29486709819767215,0.035524097658227304
2013-08-20,0.7699832257673788,-0.11738452108901898,0.4966585897624177,0.17800109124436236,0.08777136471645709
2013-08-21,0.7773275680711736,0.16418170423382145,0.5121671896946083,0.2472419058644241,0.015117837379431832
2013-08-22,0.7904684589167381,-0.13325267727215825,0.4886754112164404,0.6312044056359531,0.051538744273997454
2013-08-23,0.6948181777945385,0.14844199248530007,0.538907922269985,0.4390172192880085,0.0706404917317793
2013-08-26,0.7441000271277255,0.07527771237783987,0.522851230338723,0.39480816412239395,0.04378267064615107
2013-08-27,0.8055641562055371,-0.26253211215985567,0.5598346509771007,0.4822342298687552,0.08415969741028871
2013-08-28,0.76491995606647,0.22339588552802572,0.5036515240604327,0.21310259241731233,0.010589185939470225
2013-08-29,0.7263853670142757,-0.1982388435249109,0.47122062655563335,0.27575803261675885,0.07821562577663914
2013-08-30,0.7061327570778082,-0.11932473879668984,0.388479672415172,0.47002219112822896,0.08236102280204957
2013-09-03,0.8410160929002441,0.12124743869925775,0.495517749019139,0.39452536043237846,0.01054110837507717
2013-09-04,0.7089507065993412,0.018008316773391663,0.5034224834475158,0.31589515696017056,0.08708694741531181
2013-09-05,0.8141444194473916,-0.29743084714195417,0.5408116420882032,0.38988023726824683,0.015703254735730043
2013-09-06,0.8250415907532872,0.06817291984964428,0.486535312122598,0.37522928015655027,0.04415179100779048
2013-09-09,0.731995334725988,-0.22855813899928018,0.46517482714569097,0.22150560308081424,0.07325518941170925
2013-09-10,0.6838511550812952,0.01878129633208996,0.5182170075974764,0.20206703050035982,0.06470929709355303
2013-09-11,0.72313941484779,0.11268199016442647,0.4947664436262152,0.33662113542222,0.01377724641783793
2013-09-12,0.7093919427475893,-0.10815267099544441,0.4707932575824029,0.41738235252448486,0.043910846091536185
2013-09-13,0.8453844113867726,-0.14873998338103667,0.4864544037560862,0.3948302060624769,0.07690331638350156
2013-09-16,0.6956322782820853,0.21964716070468532,0.3830973948447916,0.3468940829621324,0.08091452157025288
2013-09-17,0.7709156868159981,-0.05881886167772676,0.460388287823298,0.44407567544387644,0.05050227282290294
2013-09-18,0.7753171617698575,0.042127089043011684,0.4611721626055167,0.44562033191517436,0.03724363574027996
2013-09-19,0.7098975349862605,0.14903737637876555,0.575213500555783,0.13944232443114674,0.03606434064316779
2013-09-20,0.7355533736597816,-0.3471467873895255,0.6229718462241425,0.353187546620381,0.015161121452753435
2013-09-23,0.7673186620912686,-0.007063371918979143,0.460311155455969,0.30779469528225734,0.04217222093583326
2013-09-24,0.809283958655038,0.19118761203566215,0.5975348436920934,0.40554533351576993,0.08017686786414896
2013-09-25,0.7443959810623,-0.05343831313105764,0.4859064745637833,0.2958113067522632,0.040930931939233285
2013-09-26,0.7342005095462175,-0.15784931897723942,0.522275694917274,0.417001021898021,0.08523904794168122
2013-09-27,0.7443841021837861,0.3350259879380452,0.4982287578762146,0.47567270028534286,0.036177436965510436
2013-09-30,0.832575473204279,0.26132341385900953,0.5576649870046494,0.36933117844795005,0.014558430589848648
2013-10-01,0.7414821527783898,-0.26365525840598836,0.5249457489469861,0.4274460177613842,0.08062468656700007
2013-10-02,0.731169256257809,0.205438957648572,0.439619610390275,0.5634862851160347,0.008477821453141887
2013-10-03,0.7750882343970141,-0.014126795930394814,0.49259498806643054,0.44806112152485944,0.0981944924387132
2013-10-04,0.806042561603189,0.020321543738002157,0.5072709149947627,0.40181184776258716,0.006146832848538653
2013-10-07,0.8191012056350736,-0.07377662058740478,0.49879628222051475,0.5463435654260995,0.06601761722752367
2013-10-08,0.7373505416806432,0.22741177200910445,0.4548045518581266,0.3794707478371486,0.09025111315738951
2013-10-09,0.8042217019220114,-0.1352679431527091,0.4929151820097518,0.4256685230891479,0.06316075621548821
2013-10-10,0.6805422741003506,-0.08276202372437942,0.5062382011095299,0.40466817341619615,0.0660361631779472
2013-10-11,0.7940176010418568,0.3082914389664507,0.45794297280887936,0.41112685191674897,0.029572442486364616
2013-10-14,0.7637124154212382,0.3032694931598395,0.5371815393239858,0.42909134015923317,0.06808706574200868
2013-10-15,0.7633271265991315,0.13475376686725196,0.4550701648617124,0.41927987925062693,0.030432302297317262
2013-10-16,0.8029580497094345,-0.04147135373880093,0.5081414316073674,0.37574835504739784,0.09092308532011312
2013-10-17,0.6143070252196562,0.0041180354469358285,0.5169862179077365,0.3487506609119098,0.027978074476278217
2013-10-18,0.6722681525557636,-0.17612129195632986,0.5403477586406127,0.5972524773046906,0.09204505916451053
2013-10-21,0.7991216670452717,-0.2688692009661104,0.5456796837902793,0.333683762419071,0.04461890507033418
2013-10-22,0.7008866468745611,-0.09239511959425681,0.5385496032751937,0.4959253376449039,0.05444252910044765
2013-10-23,0.7250984464360106,-0.016214148201604953,0.5267712156489993,0.4567994539524242,0.06520370873968588
2013-10-24,0.7888112853379264,-0.25687439510183974,0.5048849111087488,0.29319756241088224,0.08876748965071968
2013-10-25,0.7274528860468298,-0.04523505753615219,0.5018852336559876,0.32002571118894685,0.040450570565015324
2013-10-28,0.6556355103396285,-0.4188875053429806,0.49876204129555823,0.35689988941670614,0.03015314123353431
2013-10-29,0.6962031167598086,0.26450969256633217,0.4627418447410563,0.5416834082138803,0.03344929247349019
2013-10-30,0.8111921872134629,-0.39018009335787623,0.5107386371154565,0.36003035091640095,0.074005222231057
2013-10-31,0.5844098027641367,-0.2889282506136829,0.5452851645325498,0.6019199252711265,0.09919239695429073
2013-11-01,0.7751339071349624,0.06472649450259553,0.5059033961059398,0.5682662914648114,0.009281956785672608
2013-11-04,0.837411960097882,-0.11736853590483723,0.4083415250550265,0.19018125367287986,0.05213358651154404
2013-11-05,0.7960940496079901,-0.009411708154877303,0.5179847337751559,0.2209349007043287,0.016002734022901755
2013-11-06,0.6923405543605766,-0.05909616278015646,0.5197085276459236,0.36014079610862415,0.07965986992413748
2013-11-07,0.6781336900849328,-0.1569133985205046,0.5702387818706661,0.42447846196035,0.024133977914027105
2013-11-08,0.7606078403477776,-0.17977476217546595,0.36264934153270967,0.3476895693115504,0.07265092463995954
2013-11-11,0.6866714722787252,0.06980245372561587,0.6762501811162717,0.46951660176182564,0.011044190624345963
2013-11-12,0.8667980079691744,0.11375393906788973,0.4810335712787545,0.43479160781208837,0.037297886803564766
2013-11-13,0.8190319299738854,0.36591251926424784,0.48433599108268915,0.4253183695699299,0.03544733459041493
2013-11-14,0.6585366560164427,0.16493372493828595,0.5913564892225871,0.40397994541160165,0.06509624193708824
2013-11-15,0.6966307972819936,0.07202619025551253,0.5351583457047031,0.408114383184962,0.029796111265149174
2013-11-18,0.7389357562167976,-0.03476297009387418,0.5659357495017728,0.4736227445165127,0.04531471605522952
2013-11-19,0.6808448426427925,-0.20211812063171897,0.5040571058725292,0.47368371241051793,0.08053875621092176
2013-11-20,0.7374028706945407,-0.12863008202453105,0.5304994117609514,0.3669189480477728,0.05655972265798384
2013-11-21,0.7740243230112065,0.06661168701340948,0.5023168676686597,0.4231518772046462,0.06277443518155854
2013-11-22,0.7957524029762101,-0.11392601530927551,0.5388803666518361,0.39295396595340043,0.05955489146250329
2013-11-25,0.7513491841931049,-0.13091298831914608,0.5263191966650839,0.5107823282416801,0.02845354949453649
2013-11-26,0.6831496509376946,-0.26588102066501634,0.4569321688950137,0.28293374697998114,0.07148544682023356
2013-11-27,0.7597661643946332,-0.28117193717309313,0.507321134139021,0.4618289303310708,0.0714350978863729
2013-11-29,0.7508329530274297,-0.07711179599249703,0.5332084489472276,0.4107145329737569,0.02476333313079694
2013-12-02,0.7187879522225906,-0.04216694373091605,0.6376610793430304,0.4809310903931301,0.05823690458577518
2013-12-03,0.8540325458756072,-0.09939262658410027,0.5223984239117212,0.2667874234723353,0.03612675328128754
2013-12-04,0.6895216598955214,0.3803826297325002,0.501308996016268,0.591928130014446,0.07116404207474897
2013-12-05,0.6678318869660055,-0.21069380681465538,0.5111197907435994,0.3936250078320822,0.008194716343468878
2013-12-06,0.7761543646225064,0.09015408343725319,0.5081426867030159,0.3866684193481894,0.08885092968498418
2013-12-09,0.714046854010765,-0.18293074706514598,0.4869280262992654,0.502788389143341,0.044616408704275405
2013-12-10,0.638591753603643,0.323471739489011,0.5149770679416454,0.322749139360784,0.05262556031551488
2013-12-11,0.7669879645348634,0.2970433168294235,0.5888142963679461,0.4501852049359891,0.05189449994178468
2013-12-12,0.7843431744860918,-0.34329951542877324,0.5076520927755972,0.30888299399751556,0.02636937095545513
2013-12-13,0.7912319365607587,-0.07669560378477736,0.5768297037757901,0.4535856942488638,0.04234221949913485
2013-12-16,0.6868846531918159,-0.1173916419952569,0.601723971241966,0.32245173513155867,0.09310356076644363
2013-12-17,0.7362433805097739,-0.15650825726528902,0.5221680484250772,0.39538380560300285,0.09732724831769046
2013-12-18,0.6908566744851254,-0.19208939079677634,0.5530154864264712,0.3155262591208824,0.01443461813463709
2013-12-19,0.6894671222150663,-0.18781062874039414,0.5356459224011163,0.49437016343998413,0.07111505676635564
2013-12-20,0.8053264318156134,-0.14518361719875572,0.6478994644046059,0.2995295139293204,0.07045246847956291
2013-12-23,0.7841774261663934,-0.14433929080308852,0.4993816331221025,0.32552438432156117,0.011805815767102469
2013-12-24,0.727377615017544,0.11599443420672206,0.5772736766532511,0.3056014984652112,0.04733555617377712
2013-12-26,0.6805170356244366,-0.18332773867270943,0.5399227796672073,0.37898443958091255,0.09440695610569916
2013-12-27,0.6824912268965102,0.05392073881264883,0.6594761810062136,0.3495284538164849,0.09518217527774428
2013-12-30,0.7083244089398233,0.11193231406487375,0.5209841167761197,0.46689644817181825,0.040861985914659615
2013-12-31,0.694072864661048,0.36642392151546027,0.5670237189944657,0.33799770509232885,0.05717647544264091
2014-01-02,0.7105654150265363,-0.10275995054160698,0.6203573863431241,0.2731248992398717,0.015330451069580177
2014-01-03,0.7066029164770248,-0.11233211138508521,0.5517948200056235,0.3728890307353206,0.09910201011185331
2014-01-06,0.6654386084304769,-0.07996453671909352,0.5501740347929106,0.3371902164920217,0.04859255405364765
2014-01-07,0.7743387744523832,0.18388168575072944,0.5520869732726479,0.42305415868507296,0.014213980573261155
2014-01-08,0.6319472001325365,-0.08422055443236637,0.6071003547907258,0.3576563416820723,0.004865104658023001
2014-01-09,0.703136916180402,0.4555377852061862,0.6486640618879248,0.44675749124821573,0.08890572062394195
2014-01-10,0.7969455305740024,-0.4451870835916156,0.5191812809490747,0.3530042126826849,0.08191250692282642
2014-01-13,0.7282009950566527,-0.0979888041947925,0.43358729330200674,0.438602461870856,0.012232790550244822
2014-01-14,0.7671827064140303,0.3203797583179963,0.5225101655209556,0.3129836842220098,0.08704265359392947
2014-01-15,0.6060007757017766,-0.05871336731817724,0.6078147097092773,0.3388232137807281,0.05730590917892894
2014-01-16,0.8471722409271825,-0.05131896715790471,0.5709384511379847,0.26368969194184066,0.09002872879641
2014-01-17,0.7543610172587639,-0.39586395897053905,0.5990994297861332,0.47244281762354123,0.04752275484387575
2014-01-21,0.8079645712168255,-0.20399374375353774,0.5757003394785754,0.45638165593865043,0.06057097102165937
2014-01-22,0.7621140819165155,-0.17305985502697027,0.44887508969456213,0.4346960296884481,0.0504763861272188
2014-01-23,0.7323750160845041,-0.11333411859228806,0.6074679361584896,0.3955080461845567,0.04499293913485165
2014-01-24,0.6740402473616101,-0.3862904578192443,0.5136132860157169,0.6393012294766787,0.08663455525626551
2014-01-27,0.7761388386966387,0.03772246839500236,0.5633142006111044,0.37526070600525646,0.07998116211948575
2014-01-28,0.7983597991679547,-0.09811914838068632,0.6020089166625893,0.3651572049708406,0.04096283270957703
2014-01-29,0.8370078315917531,0.14845770151566073,0.6361995317469165,0.34155902253117615,0.03953971292003831
2014-01-30,0.7929068056283711,-0.06251548507893816,0.5801751482805044,0.5635047670619459,0.09580794920805383
2014-01-31,0.687861247162179,0.040649546261080076,0.597318084822812,0.452000438080081,0.07359127944512299
2014-02-03,0.7174607753453267,0.4172528201616163,0.5128584728702831,0.545888538863247,0.08659535733283667
2014-02-04,0.8007532802795819,0.380177757920737,0.4989067417186816,0.313116851211029,0.05719947936394007
2014-02-05,0.814597152958082,-0.3754078309260618,0.4986998013384342,0.35116922132885087,0.07073988490465885
2014-02-06,0.7495996894311133,0.318445014729755,0.5704555120827313,0.3391760851935461,0.012378161135251954
2014-02-07,0.7555694968848213,0.09391929665888017,0.6024680661031907,0.3822013792048655,0.019242673333859685
2014-02-10,0.6422456943040925,-0.18352319782126644,0.6534266447521587,0.41870689379766,0.05768555831731496
2014-02-11,0.7238738940446472,0.22363370967479496,0.5265573421298345,0.37746518662869927,0.0570244383228971
2014-02-12,0.7468879202587019,-0.08827550065892584,0.5887416142278108,0.3812306068578235,0.04758356921571403
2014-02-13,0.6700328476107063,0.03629557637581119,0.5179162094416144,0.4165615125096722,0.012028317643891574
2014-02-14,0.8087067912075054,-0.056204639455210884,0.5263798085297285,0.38730121867950196,0.017974340142590372
2014-02-18,0.6984014445960735,0.11890180052629391,0.579929968350478,0.5709763251664574,0.07867570460275188
2014-02-19,0.7981494797838669,-0.030616100896280547,0.6236765347735219,0.3606763590837155,0.07056177022972512
2014-02-20,0.7416978442582584,-0.07228683927006245,0.6267743409554314,0.5432988276709578,0.04442294693339463
2014-02-21,0.7799324103595572,0.18438732025707116,0.6351472979826224,0.45512559223347104,0.06068548211487469
2014-02-24,0.6830356920394866,0.34019430388329996,0.6807785534388493,0.3766120396686632,0.004498364397490795
2014-02-25,0.7214651042391909,0.122482330583075,0.6185956476498198,0.37980539312469813,0.0023263248353872835
2014-02-26,0.6774987172206198,0.06114023814995542,0.6191116777493835,0.47258211480387974,0.04149364234809349
2014-02-27,0.7574646386177104,-0.05422302967238188,0.6417125054557064,0.40658484975659187,0.03173824353665932
2014-02-28,0.716753849281764,-0.036130676409144205,0.5051740723503249,0.3817758175821461,0.011464462414224531
2014-03-03,0.7744218259937334,0.06795660442784603,0.6698101582919909,0.3737025085984296,0.01681559926670173
2014-03-04,0.7643656581526658,0.1585480352611544,0.7113288677824704,0.41447654911176407,0.02555545253180317
2014-03-05,0.6877906410567989,0.16958575067105638,0.6878683775382672,0.36774512897733785,0.030679421836260504
2014-03-06,0.7820540769303208,0.24574561104578405,0.6458180867761589,0.4125558522473578,0.016919104798818918
2014-03-07,0.7050763120893426,-0.01625590960271715,0.6182643262987715,0.49082225240917293,0.032529069618476805
2014-03-10,0.756697252399952,-0.07598159330811541,0.6241308601183861,0.4860085067742821,0.005850178225356584
2014-03-11,0.758980502820724,-0.167237422907665,0.5876067928200366,0.4947820776412467,0.03200414638404588
2014-03-12,0.6708491095627763,-0.41863560447823184,0.6723826418048542,0.451141525502188,0.03242177907968632
2014-03-13,0.7703365001260053,-0.21536339472541122,0.6341424055189835,0.42752486875683643,0.08277413986586146
2014-03-14,0.6607836211075802,0.2848566828547715,0.6054736848040656,0.36039160339207316,0.020255945801454
2014-03-17,0.721100512700739,-0.40304438108647533,0.6279421882722851,0.42618572072457256,0.058602907684811294
2014-03-18,0.7302959933833453,0.25569704149033445,0.5292992088985725,0.3403227523632385,0.07523899786503707
2014-03-19,0.6974995872619807,-0.05575899595431061,0.6020681130586109,0.4430013523811355,0.011508137188321
2014-03-20,0.7226513273447441,-0.17547114703097877,0.6831830017126055,0.6411640191788569,0.046482353324533314
2014-03-21,0.7471643335941013,-0.15135607340417345,0.6728289380407004,0.25532428936715346,0.048417150995810655
2014-03-24,0.7232613337647587,-0.13922341026926036,0.5415129026258292,0.3719975767078231,0.023374045575957816
2014-03-25,0.6967913960413017,0.002530892829730898,0.6009637845232116,0.33786682764780207,0.026915973837729736
2014-03-26,0.7214743321703065,-0.04616979358074211,0.6401977962910835,0.38515705989358145,0.06750974290185378
2014-03-27,0.7812350870393049,0.11716259671093113,0.6283678865205401,0.5387845970345974,0.05547074500586905
2014-03-28,0.6840304560127045,-0.09463662126142273,0.6880274160688458,0.3742683499410733,0.030461284196559815
2014-03-31,0.5992438155047075,-0.04059366862957707,0.6067342326927911,0.13828868825687896,0.00839083555808503
2014-04-01,0.8066967819943974,-0.14274249277312043,0.6164274332919117,0.3774018454655938,0.020345690684677342
2014-04-02,0.6755824290397979,-0.214101626927084,0.553242361468433,0.5085671909183638,0.03733052204582076
2014-04-03,0.7326230905949924,-0.10437310331034932,0.5532484886478832,0.5196150221526127,0.07820236626651994
2014-04-04,0.8132100636261793,0.23694877974133616,0.6245684426519512,0.4289830041870712,0.042375245661550834
2014-04-07,0.679203109101205,-0.0491638253422115,0.5655678699713648,0.21744878910152904,0.04517420011892325
2014-04-08,0.7928521709582683,-0.13916598927845505,0.6594665981130601,0.48817464007600125,0.046465205372210175
2014-04-09,0.7678358988316709,0.12257681435263675,0.568797733235251,0.5857850151290666,0.028924945483400556
2014-04-10,0.7421562715476524,0.06038633702374078,0.5669888686426976,0.30688347392230403,5.4293170701724684e-05
2014-04-11,0.7638648004404711,0.04350269918775709,0.5598396941219509,0.2561573281224596,0.04821862598754684
2014-04-14,0.6765038456336226,0.23922674341822142,0.5681511398218431,0.3661091454324166,0.08394877216219737
2014-04-15,0.8125170129379531,-0.22443011229728294,0.562270636520247,0.3231233171439307,0.03514179203095933
2014-04-16,0.820903424058302,0.3986767001164828,0.6359906987759423,0.47833847241542404,0.05851591664603665
2014-04-17,0.7109822498573635,0.38946569738085657,0.6115751838747697,0.48531102644497404,0.004548473031383971
2014-04-21,0.7347237530614523,-0.05360651746552212,0.6803119362776352,0.4539723679738307,0.05630815779412927
2014-04-22,0.812568773053519,0.05106563434900888,0.5544487701020644,0.34166570671215124,0.039530490114114664
2014-04-23,0.7451482621232305,-0.12530004320866536,0.5411874313892253,0.5201417031787026,0.013965026829446682
2014-04-24,0.7127564964588244,0.027638549558264083,0.6110468082107058,0.34118468746794317,0.027945829837232296
2014-04-25,0.8125399733154369,-0.22342835224092258,0.6089873355932605,0.42461177063765837,0.06104453094662744
2014-04-28,0.7372872698567926,-0.25938252265439654,0.638363690507701,0.4743510670334597,0.0318303941815582
2014-04-29,0.7062215735704391,0.14149744144107237,0.6131804367065035,0.27193878546388917,0.03426352563140533
2014-04-30,0.6973035542714321,0.22765628897791587,0.60950495207861,0.3435697054189374,0.07526940011065758
2014-05-01,0.697076205441368,-0.10307875962308417,0.5713962263463629,0.31540369673707486,0.02459282849898712
2014-05-02,0.6529117943808349,0.22800265728015712,0.6417250385697589,0.27267445481931407,0.03416298047499649
2014-05-05,0.7468155647781833,-0.18044764054295334,0.5787582845403979,0.36552334201263437,0.0599513667288849
2014-05-06,0.7186082892141064,0.4005894168152573,0.569343182628503,0.3191736174933075,0.06918450603911708
2014-05-07,0.7018709285251477,0.20875539128035103,0.5082649325065992,0.323737708356448,0.0002047513490816555
2014-05-08,0.8123411420055767,0.048797237599529364,0.5999646374669232,0.6132146460143701,0.09014449939845398
2014-05-09,0.7523173976474249,-0.1416372322719165,0.5757512267955424,0.2864567690969432,0.04131630327983994
2014-05-12,0.8027968520007849,0.11491234350734308,0.6444652770202507,0.5212983928549371,0.07032996750546747
2014-05-13,0.7192894609536233,-0.18895057040177798,0.5850992276542435,0.3127238929211462,0.05381314537014721
2014-05-14,0.7482478437704512,0.22641937616693786,0.5787070630518908,0.4149995089907739,0.06490972761159128
2014-05-15,0.7353077191888316,0.16054551448753956,0.5531431051315101,0.1803553738356901,0.003094752052852645
2014-05-16,0.7635434429687691,0.19756688426159874,0.608258306102348,0.33597695045319864,0.06716130781559405
2014-05-19,0.6832493950906966,0.09889950635606429,0.5911725551012568,0.38742073723416703,0.03529947323504017
2014-05-20,0.8311231671496895,-0.18936001883626635,0.6722163705334362,0.403178390487064,0.0827466835091344
2014-05-21,0.6482214761564562,-0.03584053086382818,0.6307953326398691,0.36349449671950296,0.017718663691837923
2014-05-22,0.6662610729380802,-0.03290290635923399,0.5393082073256393,0.4491814401087963,0.06970301343783401
2014-05-23,0.7786699908033805,-0.21125408154962125,0.546213401793436,0.4756642465106938,0.04626925317233848
2014-05-27,0.697057786085052,-0.21643162716559902,0.5198249414457862,0.43520386129581207,0.0444577656756068
2014-05-28,0.7554578859758732,-0.13680920607580835,0.5783059511178302,0.5527132384155131,0.0019781669664539316
2014-05-29,0.6912969921540889,-0.3903485218020899,0.6000893424294482,0.3889598836098412,0.0921398689666374
2014-05-30,0.704498745659245,0.1304160474709816,0.6185726141758114,0.17917219801199075,0.00899665192982615
2014-06-02,0.7073701045334255,0.463503246239371,0.6035626030620252,0.467610363829715,0.030317853248428173
2014-06-03,0.7986447139315739,0.0034137650399452234,0.613472168468895,0.4718062043837203,0.023425794378011757
2014-06-04,0.7669520748376379,-0.06440239412348092,0.5814795149220255,0.34116384356932217,0.03629991787433329
2014-06-05,0.7406407152283248,-0.2336981784198534,0.5325772080347061,0.37176879580750705,0.09045075901154258
2014-06-06,0.6928147284284962,-0.10100345414903529,0.5631374053217204,0.44022623446643777,0.020908632134747054
2014-06-09,0.7874628650926454,-0.0927568742756216,0.6357278730496584,0.49386110786254933,0.08211234706523723
2014-06-10,0.7652046915971971,0.030729825859323785,0.5841301227175724,0.5187051150666382,0.08699162325065402
2014-06-11,0.8011789829879636,0.26698934567672866,0.569436482653064,0.45549671649986134,0.049401132144389376
2014-06-12,0.8071773253311025,-0.12474320698327855,0.5506402187041691,0.40160366630134786,0.06598384211869152
2014-06-13,0.7849799368989703,0.18303443014372456,0.5542038754765509,0.249139054562029,0.06823836013896208
2014-06-16,0.7523091972147984,-0.18366322746568026,0.4887813411581917,0.2736128439266283,0.006536062500003415
2014-06-17,0.756319050392278,0.27220747218656144,0.5643917162395006,0.4211380654645965,0.0065049321408800044
2014-06-18,0.7991447469438963,-0.3088909818167109,0.5876209672804671,0.3988410215681179,0.05699032906851095
2014-06-19,0.7683028729416034,-0.09669678168076322,0.5198770012310124,0.4140508904285606,0.05230799595184539
2014-06-20,0.8224595661667231,0.17218202090829257,0.534547758635004,0.26590279640187203,0.019185154771556835
2014-06-23,0.6558966358151107,0.2632198903700963,0.5096372422667352,0.36744865870050636,0.0991951353623053
2014-06-24,0.8060605563038789,-0.32278029109579837,0.6311528592665909,0.37463595461074983,0.05329415173415583
2014-06-25,0.6825708342380631,-0.04947018542978264,0.5195561366592237,0.4440819798905716,0.0560115977250799
2014-06-26,0.7075933783056111,-0.3823284421838086,0.5438025083736107,0.2643454947713461,0.09378903689020461
2014-06-27,0.750215994199416,-0.23742606645666486,0.5295732248375767,0.41825878042143366,0.09430742237719153
2014-06-30,0.7293770637482865,0.05008605660020898,0.5854118731978984,0.2842066300268694,0.09387593293413465
2014-07-01,0.7367801229687646,-0.6659007595016259,0.5629042304723023,0.3699185869625158,0.09951064765965634
2014-07-02,0.6908275118261015,0.06314388445930481,0.6083123356493482,0.3523982252401057,0.06801734754316156
2014-07-03,0.6927592754879139,0.03300505248774233,0.4820371103054204,0.3339618629464461,0.03614718431029983
2014-07-07,0.8011201080825251,0.012435845962457526,0.45141008511792224,0.2203008352720599,0.08838024416656813
2014-07-08,0.7481042846323388,0.17247811518353753,0.4636466386362468,0.4449712607496509,0.027793303071254105
2014-07-09,0.806517175374486,0.37757179759172776,0.5602347471510597,0.4506802594552475,0.04488614970165638
2014-07-10,0.6333407786185927,0.41995050959919783,0.5140468681746034,0.30665288415749586,0.019460813950528066
2014-07-11,0.7272396932780187,0.30233468283708625,0.6523735751474278,0.4125408679475845,0.057181961691135846
2014-07-14,0.7899042086301827,0.00864080973710078,0.4875464385699819,0.5476743670788291,0.07374441789509951
2014-07-15,0.7088936259821805,0.3071061546743765,0.6035241779273782,0.46140362639572086,0.0423820256872294
2014-07-16,0.8314487378127177,0.4464692066371477,0.5289992168069214,0.31912058815835687,0.02499841615324975
2014-07-17,0.6467865081371764,0.44893645108605124,0.5149451796285197,0.513503685710174,0.031080585764977423
2014-07-18,0.7029372316245258,0.30765312818240703,0.5010951634392904,0.2808280866382657,0.009672609737420635
2014-07-21,0.7295746784523125,-0.10635514019232746,0.5634569729169558,0.3948605072807477,0.08080590741636122
2014-07-22,0.771385119727596,-0.0582042946170588,0.49957628774924034,0.34164394521039265,0.06262971083451867
2014-07-23,0.8422469399015513,0.04503418644538717,0.43283829887292663,0.3479790986545919,0.02504094708498833
2014-07-24,0.7448433016237938,0.3690799362500758,0.582661416860114,0.3078282163518085,0.02383592125684221
2014-07-25,0.8609177876786226,-0.006232072960295524,0.592748598725696,0.28449915026000977,0.005443286017800708
2014-07-28,0.6200918452374551,-0.2816862980736722,0.36556799003958884,0.6112089327252909,0.07941111194844817
2014-07-29,0.7507266459443208,-0.1849288036896063,0.5499460471974389,0.4189334036180166,0.0775749471783375
2014-07-30,0.7710466697806996,0.24190628022725372,0.5120556827983678,0.31201606938990134,0.07640985704635885
2014-07-31,0.7813887607185959,0.16046655557689316,0.5308323643241184,0.6177554188680773,0.05789344692589818
2014-08-01,0.7181088938569173,-0.17997159432705367,0.5459511412409035,0.3325062143086502,0.0060686945294695874
2014-08-04,0.7647758262072448,-0.166601651167888,0.5028326238692341,0.5890840420039165,0.031327943421962656
2014-08-05,0.7197206321626161,-0.15977030880345927,0.5806605175636856,0.29489580497133067,0.006502821879570364
2014-08-06,0.7053528384926466,0.11531222410179892,0.5683372376285293,0.5220476391081075,0.09191157877623074
2014-08-07,0.7026389083889758,0.119201734597224,0.49740980303242355,0.3394344366489368,0.030147107400550422
2014-08-08,0.8001606391146142,-0.10991087917191725,0.5339326552250665,0.4155579469230639,0.00657902591066627
2014-08-11,0.6864622811830748,0.19321857107126417,0.5460121392737302,0.20137093881295792,0.0559258051605546
2014-08-12,0.7538710555618672,-0.15459468683332422,0.5721957592042849,0.25546001632192417,0.038145548404517074
2014-08-13,0.7221761515685228,0.07240491019769316,0.5194125719140449,0.47629582567139717,0.0751963357710153
2014-08-14,0.6640789006995356,0.33038286737347566,0.5423162087901019,0.5359718213000897,0.05995758532544583
2014-08-15,0.7837120084616621,-0.002322022891008706,0.45122252764397164,0.3436446818751299,0.0010606545607829366
2014-08-18,0.8194781666431289,0.27708755633127646,0.4826349272084944,0.11816957137978212,0.07951646777101289
2014-08-19,0.7293655132847441,-0.0575405776258233,0.5005417562181846,0.4528539201831402,0.06192305542623842
2014-08-20,0.7838106289660831,0.19805990941990484,0.5347422443368209,0.21992292980773642,0.09375848522467621
2014-08-21,0.7229400133653352,0.460817956709838,0.5306051342206666,0.43678195684438653,0.04540767633707291
2014-08-22,0.7579742969886929,0.08307592450119797,0.3921874746671737,0.3760475683088932,0.019248131743078368
2014-08-25,0.7381053584102655,0.2562990798506825,0.5121423578756975,0.2353488613398059,0.05951751076675907
2014-08-26,0.7615044578085876,-0.16076492964854905,0.4484149187376251,0.3165840953283419,0.07894164237438102
2014-08-27,0.7671252114832258,0.25175224795201373,0.5329082430352112,0.46320232236170217,0.05732121327965082
2014-08-28,0.7636522636419001,0.020265435372093663,0.5431280255719902,0.15812245329305796,0.025628610220097905
2014-08-29,0.7455544175652417,-0.20898500692445032,0.5659587156757435,0.38528446947831396,0.07246230365399337
2014-09-02,0.7415474044133915,-0.3010143748507607,0.5569096697425926,0.462732812027381,0.024315247787291328
2014-09-03,0.7678473941170252,-0.16260457043376447,0.46698195459894387,0.42235994544459055,0.0060491182861333705
2014-09-04,0.7052750794875975,0.0869785925354677,0.3972272580128414,0.35124554435934074,0.043584812814836005
2014-09-05,0.8298376732713246,0.08789716559915296,0.5132347481550406,0.5985226535671357,0.07543736350368235
2014-09-08,0.6232023190599282,-0.16306222295762152,0.4837834477643954,0.485835123300539,0.0885221910038171
2014-09-09,0.7837828181614118,-0.17320134179652524,0.553416019508714,0.3596685232678293,0.014740906260552822
2014-09-10,0.8005819812824584,-0.20652853962441156,0.4970426751799423,0.350983268462344,0.034290031560558036
2014-09-11,0.7928015185782857,-0.10455624331323421,0.5007896268444392,0.450681139766305,0.0008081842345599721
2014-09-12,0.7672629241513059,0.17739052149463433,0.5131860243800391,0.3581751084720169,0.06783003743335633
2014-09-15,0.7225150627320625,0.005134463041522406,0.5143470250679117,0.3852828352151564,0.05071078674434407
2014-09-16,0.7409601710482774,-0.30345077211442106,0.5350094277328474,0.41811122888894303,0.08587022055283733
2014-09-17,0.7900935206770544,3.2101481416987326e-05,0.41451035683972326,0.36415538106933254,0.01954071296491531
2014-09-18,0.7300035038440792,0.14858066108671977,0.3977195033704911,0.4041179516948935,0.09085002184008154
2014-09-19,0.7656837607896653,-0.13229757705630393,0.5047819568037959,0.33729634908501555,0.03415519236725239
2014-09-22,0.7035213533389805,-0.08168397002626342,0.4650551881269424,0.4683618311936333,0.06947815767812802
2014-09-23,0.7032524061582311,-0.18058200140958547,0.5888618178338987,0.4960740011824036,0.0599762303325637
2014-09-24,0.6469243319670399,-0.15295365797050672,0.5124787879093508,0.43237550672314934,0.057841074888480386
2014-09-25,0.6654753567131553,0.2317130985644644,0.5415218056786151,0.4481901632040339,0.06161031372817724
2014-09-26,0.807836424535606,0.09045799851418362,0.5226092927716562,0.5557679271822242,0.016227998662626666
2014-09-29,0.7950609790363854,-0.16830149178230625,0.5316875280789964,0.3335732135041418,0.07891913869272399
2014-09-30,0.7652077275475139,0.09532270140396289,0.4308331364591078,0.3878154388688965,0.021940588146413555
2014-10-01,0.7532628511790201,-0.08725803819883139,0.5157355260183034,0.4805897777001069,0.022302508870676575
2014-10-02,0.7384703467884622,0.0449198953416519,0.5691795554392935,0.44731965832252263,0.062392001757873974
2014-10-03,0.7500412144837236,-0.19161587592827214,0.5335827680267426,0.4330149949391939,0.07345861775305003
2014-10-06,0.8041869716850704,0.009375708660662263,0.4093761600081838,0.22998791311717381,0.03315151095932074
2014-10-07,0.7767840381879867,-0.11403871953963066,0.5221100497069933,0.41142326445023564,0.020531636029714764
2014-10-08,0.7316580166153039,-0.019272257117644673,0.45709907945101325,0.39842223111003294,0.09898780435824796
2014-10-09,0.71077532836028,-0.07445130402514097,0.48429768176277915,0.37733067301012807,0.007373115686987831
2014-10-10,0.7861086728253543,-0.0259581658409387,0.5517914838477528,0.5537854951326482,0.011518929259778533
2014-10-13,0.7827472325528074,0.10689370701370222,0.5174142037451659,0.48653587090500705,0.019440344446401726
2014-10-14,0.744468036929812,0.19691396919143972,0.5319623147226136,0.36401595392196123,0.07655327346914205
2014-10-15,0.7847925440051403,0.01829600119551371,0.49614927909531503,0.3523800839601013,0.0029685573273322443
2014-10-16,0.7483009423937286,0.1992925230825967,0.546116099759647,0.4353393797458957,0.017414660914946367
2014-10-17,0.7699821820362518,0.2543393583045116,0.4943983068165498,0.2884579996469794,0.07188366739026049
2014-10-20,0.8050564926089286,-0.10595565040614369,0.4681473979254855,0.22038022446654487,0.055450495515737136
2014-10-21,0.7685641526582148,-0.3242905249104443,0.46543537787815725,0.45882367945150593,0.0021492028058151982
2014-10-22,0.7760960626204186,-0.13034082964364674,0.49653858943280194,0.3127405473593847,0.09106489501982198
2014-10-23,0.7125801606094408,0.05324305203058141,0.47847569454738675,0.3755784959824331,0.0677452378997531
2014-10-24,0.6667646659191216,0.22659123296122752,0.5293868737771006,0.4792905371837202,0.07874140805379415
2014-10-27,0.8045212662308431,-0.1650425751091433,0.48702184100579105,0.21051656324177892,0.09361141041683955
2014-10-28,0.8970211455051118,-0.029917063063475236,0.5572574440045459,0.2761838855664541,0.024014993287355194
2014-10-29,0.7898194212821504,0.37151817532993314,0.5026997166294228,0.2989118503410399,0.06609087152135357
2014-10-30,0.7330601799527232,-0.4453523049914453,0.504225229114416,0.4820967139312996,0.09771018460320147
2014-10-31,0.7382121177813242,-0.056827910937793484,0.5329167649827278,0.46040248469495526,0.08816637950667594
2014-11-03,0.6570047218747408,0.017764592455757695,0.629670651712132,0.2664983754351976,0.006537751941750436
2014-11-04,0.7357290583583467,0.3883492244103406,0.5635496108977249,0.3486603319223939,0.09241554672330221
2014-11-05,0.7503067689811301,-0.00042233599696468277,0.4714190480361366,0.3925747892506918,0.019168129215057717
2014-11-06,0.7260016933596736,0.022549787615349936,0.4718974494431684,0.2723381799755339,0.03742553019371003
2014-11-07,0.7379359613303814,0.34302364363575605,0.5139327638864443,0.3668406221068455,0.09769815402935665
2014-11-10,0.7777042902519249,-0.03166392251907571,0.6048130094206163,0.39960874907049215,0.0046195192360001585
2014-11-11,0.7750248531579081,-0.1509208764786546,0.5371184580990126,0.42750934769437543,0.018910216431644134
2014-11-12,0.7371746937670396,-0.10035155223394406,0.48062637487477156,0.4282352663979653,0.07895877893907348
2014-11-13,0.7714469554848237,-0.025432559258826284,0.5274662559408827,0.3962085321867231,0.005325897506966538
2014-11-14,0.7449263012452694,-0.04008899653544501,0.5145873832382077,0.6698040456817427,0.08728514919166158
2014-11-17,0.7555817149403712,0.12905939168620859,0.5374113800331255,0.37371831767029406,0.09683843075043129
2014-11-18,0.8046994606645834,-0.05823275408526826,0.5688907305375801,0.36657930019335516,0.02092375734992217
2014-11-19,0.6920013740427979,0.0730792416472386,0.4615424089187519,0.45356402250166095,0.047066729360071724
2014-11-20,0.6802920671954341,-0.06380160609457067,0.44583699709842284,0.682416700940273,0.006487304096991964
2014-11-21,0.6573020220191843,0.0019627480792808647,0.5752459907577676,0.5036385908587026,0.07513080379547334
2014-11-24,0.7825671061086569,-0.06344567764429511,0.5876629902439024,0.4913391090802183,0.05091585172285593
2014-11-25,0.7506149808830238,0.048116151545318425,0.5056062926263464,0.30903479741669615,0.04642672775611171
2014-11-26,0.8018575487739358,0.26244159872030637,0.4772994900678658,0.38462148348538083,0.03738787213375842
2014-11-28,0.7328288391770535,-0.006531180748061988,0.5261498213241982,0.49468614616461803,0.07156498726885906
2014-12-01,0.7026391345756628,-0.169269398302532,0.5869707831848019,0.3537355258118702,0.026833545849611375
2014-12-02,0.6768482323211467,-0.09702598841997401,0.5093870708429824,0.5554962727725765,0.09211852236883676
2014-12-03,0.7862413106188368,0.22950412332644846,0.5676454358734678,0.49462436716153146,0.003660448794960669
2014-12-04,0.7055958936709841,-0.03972043107069687,0.47791494485717845,0.3789511969462967,0.02030004967159037
2014-12-05,0.7742052495467371,0.02691665696244936,0.5937553927427852,0.2858584207772781,0.03958999754383692
2014-12-08,0.7650119175349119,-0.24966056037386364,0.535239916381422,0.4740333422556479,0.08887089295467955
2014-12-09,0.729274871658789,0.11022532081739118,0.48333955638769976,0.2336310021803617,0.09354989069881409
2014-12-10,0.7678514811243902,0.34880204681514654,0.4823245322132624,0.5222194180106796,0.0550551973914794
2014-12-11,0.7421711704408206,-0.26713830433861524,0.47635740922014014,0.40157847733606505,0.008402814935928593
2014-12-12,0.7197768856037948,-0.2625825953516478,0.44904165578873434,0.3153280672073494,0.0351574951635134
2014-12-15,0.7496904504165559,-0.0012801505206276069,0.5111424548748481,0.4201887194291483,0.04652531110663867
2014-12-16,0.7920013359931344,0.07882530208682959,0.5309676531317506,0.4928072006660689,0.04261023435827434
2014-12-17,0.6920074848891853,-0.04498390791107032,0.5278112609908518,0.27630467415571547,0.040895277535551736
2014-12-18,0.7190062918857821,-0.4149919361790606,0.6343107219707468,0.3062586211563687,0.03170204257444997
2014-12-19,0.8193057065710656,0.00761690114389849,0.5677845313254801,0.35112002016490684,0.01795657310015596
2014-12-22,0.7503964845980837,0.1300979279976872,0.5753050319716673,0.4774773390074357,0.06453548526457581
2014-12-23,0.7215833644980412,-0.09607193449827102,0.4632189803522228,0.4523219011176937,0.008241851102201504
2014-12-24,0.7941189355661721,0.32319633598358594,0.5590389064870355,0.3233520227091431,0.051279098947831905
2014-12-26,0.6551451928355272,0.2083333466166701,0.455676671447606,0.36593959222562333,0.07858732959361743
2014-12-29,0.7287846586028177,-0.01389102757020387,0.5498553404929657,0.4138147556367575,0.009840910970112594
2014-12-30,0.6192318368960735,0.0029311819740253453,0.43744615265736553,0.4732218073090995,0.003828138519842961
2014-12-31,0.7122437422098193,-0.4314073450446701,0.5090747364955822,0.34299246608153466,0.019664632286956397
2015-01-02,0.8095349808777502,0.03932754835004901,0.5689421502482094,0.5181221634220601,0.030271558273741107
2015-01-05,0.7451927856037756,0.15083759220648066,0.5884883609096663,0.2713530506430588,0.06835393298078196
2015-01-06,0.8236491788814915,-0.2840603560141389,0.6010199014260514,0.24829269630943673,0.07056426376404915
2015-01-07,0.7800618394075837,0.37238297563003453,0.545357375431607,0.37436443571468536,0.099840509783476
2015-01-08,0.7805219999658425,-0.06587929119250861,0.6477732053899712,0.4192192249458696,0.07398210059339227
2015-01-09,0.7339915245889637,-0.10805710557913664,0.5110627788694835,0.3372245013242511,0.0008533878401488671
2015-01-12,0.7324663303170702,-0.09752781469971601,0.5273395419916196,0.609884123035244,0.08223088558512356
2015-01-13,0.6984952461755255,0.029326517529234954,0.5907146583658677,0.4630107995583733,0.04038111414448545
2015-01-14,0.7470696462108763,-0.04814051436946192,0.5845030033216791,0.4266521649978201,0.05799537804559325
2015-01-15,0.7370520582616243,-0.3123757143448862,0.5393629345395063,0.28534498362925426,0.047200399379500026
2015-01-16,0.7166420224966836,0.00664464770339189,0.5815256441233877,0.5780452751292406,0.07611605372390812
2015-01-20,0.7231296810548093,0.15492512705503014,0.5821630546787011,0.529599767063979,0.03975052850513048
2015-01-21,0.7788114359797813,-0.20169628545726326,0.4815199320991429,0.4311261699667505,0.07491370753189551
2015-01-22,0.7235774501049804,-0.19606274919011946,0.5050952989457153,0.4160975497587156,0.05158253504857692
2015-01-23,0.8253853849656683,-0.08173446914120834,0.5987841835264824,0.3897733649782408,0.07576212992425138
2015-01-26,0.6855308955448304,0.14696226870208348,0.5168903679053304,0.4021626630593565,0.04614011372674969
2015-01-27,0.7329239792497347,0.17861548691313836,0.5194896973468603,0.439086990780196,0.031307483349592734
2015-01-28,0.7080101296325649,-0.10222104246575703,0.39140288475136953,0.6092098571617909,0.0770131066008879
2015-01-29,0.7775278466413116,-0.15346949718763292,0.5176889065960855,0.35043512471206595,0.02095847535035074
2015-01-30,0.7858439767409726,-0.3784169851169851,0.567594186119145,0.5770641872462674,0.05584468173243409
2015-02-02,0.6933026832016098,0.016077007752730996,0.6870493595999188,0.4632151629690773,0.057750844861380914
2015-02-03,0.7562961910242727,0.10132729098180056,0.557561800386811,0.529963128530344,0.09433540011778851
2015-02-04,0.7300334988549894,-0.3918363217471954,0.5587529414570497,0.30332654701232964,0.08104013849709044
2015-02-05,0.7359402993901285,-0.05181681181612618,0.6388939063807003,0.46952927266643857,0.03398222418538528
2015-02-06,0.7631632743787699,-0.0005890822665190231,0.5267759073863495,0.18188247623343226,0.06857628058837816
2015-02-09,0.7556580005696392,0.15892824071473177,0.5763367215121078,0.34651456772133,0.07786434046217695
2015-02-10,0.7732251082607107,-0.0166664401248694,0.6667003000874837,0.5232728342068285,0.03260795145254961
2015-02-11,0.7979754028511665,0.15154682284198076,0.5185548030257091,0.46629937020526,0.07853578107968642
2015-02-12,0.7688162978823287,0.12128494567823267,0.6083339474233835,0.4452762587848066,0.015369123948546738
2015-02-13,0.8850433234774797,-0.01523713399038381,0.6311506680587243,0.3529010189735997,0.033025052821778415
2015-02-17,0.7895320791943836,0.1878639780464911,0.6049729875634144,0.56692469423765,0.060300278599375624
2015-02-18,0.7057861981819791,-0.09744418833364443,0.5979484100277952,0.48808068534842225,0.08669447555458984
2015-02-19,0.7589714760647467,0.25715180730211323,0.5548115878265514,0.28594215105114457,0.020420461854854723
2015-02-20,0.7654064168268252,-0.015436055222739265,0.615594728980857,0.39725977091334963,0.05344905807557243
2015-02-23,0.7329990104688271,-0.014987514344744698,0.5914914612885739,0.369501870015167,0.01086383560958606
2015-02-24,0.7398433976838286,-0.08071866739738204,0.6333912680973984,0.41940210045057996,0.04515353265330441
2015-02-25,0.8628376236084383,0.03214091025569237,0.5635121323742114,0.6670675374863064,0.009324150660204634
2015-02-26,0.7706813188857168,0.19802495737856335,0.6211450000007308,0.4623011029297749,0.05529067753079242
2015-02-27,0.7767827025676237,-0.22041691295521307,0.610388855858463,0.26751386961497614,0.06890245497477346
2015-03-02,0.7412818581793733,-0.14512349131265745,0.6112284369064968,0.43341262473382347,0.018669210522620928
2015-03-03,0.7740572945382593,0.05745931454981743,0.5634356825536116,0.3738996510648321,0.09629945560238817
2015-03-04,0.7960198080627242,0.21357133545887996,0.5368468624367725,0.24690723674873538,0.02330394259922618
2015-03-05,0.7136555308397644,0.20904151640645013,0.6553262112489961,0.30752881195988285,0.006997943263250351
2015-03-06,0.7653654676868169,0.36688626662801754,0.615730383439668,0.5421503285233094,0.05185316801894239
2015-03-09,0.799936328504155,-0.18203974124558217,0.5865338696656582,0.4034754478291848,0.08597073473767373
2015-03-10,0.755206669401067,0.18326579068771426,0.6167961154246682,0.10637990562218852,0.01570354550301665
2015-03-11,0.6843579863453637,-0.43747618299520863,0.6054453565886628,0.4240487649467761,0.053645301921973525
2015-03-12,0.764161247930536,-0.19178565354292326,0.6306856995536526,0.47162624964685296,0.006876299075031945
2015-03-13,0.6872425466397422,-0.2932076402897745,0.5972594180343097,0.579178227361336,0.08656994939333178
2015-03-16,0.8349871371099321,0.11268087208961049,0.5615444376988712,0.48868426594885855,0.020567700497625154
2015-03-17,0.7273787867595479,-0.1535014073347621,0.4910770167096172,0.4102382198347653,0.07096716140567709
2015-03-18,0.7185066325431313,0.019286075905700886,0.48352427503651174,0.41698266725836874,0.06037094486884131
2015-03-19,0.6284439418014186,0.21758805065371042,0.6247891735025038,0.37213352285754125,0.058749195339510465
2015-03-20,0.778135993004104,-0.1956148525327105,0.6025014300048279,0.4794774038460336,0.06848359291177723
2015-03-23,0.5952855375454305,-0.08944487193550477,0.5982275828577318,0.3803706382254234,0.000744330876384014
2015-03-24,0.8228550913113702,-0.22478022498457692,0.5684317179760922,0.20841309736915517,0.006397004294829534
2015-03-25,0.8255143325636572,-0.049258028521760006,0.5776844817377531,0.39475173176892864,0.08075658324870477
2015-03-26,0.7818117914215162,0.06947268070322495,0.7320997039129665,0.4453935888403775,0.09103025389405271
2015-03-27,0.726737728541546,-0.11227134750478943,0.5801534040546625,0.24981630753701622,0.0460204560031708
2015-03-30,0.7519932103745793,0.15669362124178343,0.569292262772237,0.31926199437158886,0.07372907108895681
2015-03-31,0.8257972573147117,-0.28529663132423305,0.4965963373607636,0.28470980563526177,0.08809940734423388
2015-04-01,0.6729783641437852,0.07724521282091637,0.5819640525100573,0.37803129549761605,0.07003165397244653
2015-04-02,0.8076467088487387,-0.1382669722325553,0.6387509738770925,0.5511322799203203,0.02974487274221358
2015-04-06,0.727216875099317,0.14740457111126273,0.5877466368646206,0.4924098128840789,0.0809984764828115
2015-04-07,0.6714255406211863,-0.3291024490250693,0.5801974943933095,0.31110751909402296,0.02491348175673045
2015-04-08,0.7241645445285058,-0.04390531648942797,0.6356701793331073,0.35923394214340654,0.07332439529305444
2015-04-09,0.7088069344688457,-0.07030267535177978,0.5611061633486054,0.30659944979372855,0.0910833095454276
2015-04-10,0.6693491593211516,0.013895623244215727,0.5710073999911769,0.4966278739234672,0.05686152659023863
2015-04-13,0.6776301953970529,-0.10841671100957578,0.6896381995377308,0.30603904829021505,0.09456873613868987
2015-04-14,0.7381733373951938,-0.2431687965650737,0.5313924549152976,0.5547310983087679,0.08705395918930488
2015-04-15,0.7585519746318574,0.026735767647524666,0.5138045660502888,0.4358741388108303,0.06280832032690759
2015-04-16,0.8078710972996913,0.22989541216570594,0.6318291989861418,0.28705144224045964,0.09162963335718502
2015-04-17,0.7656561708596495,0.13351699209532153,0.5084681919023916,0.28787204085182155,0.0722409389184674
2015-04-20,0.7944078660871721,0.17520915533438572,0.5200094426409279,0.4795021459269173,0.049348757722436
2015-04-21,0.7547651699576808,0.1562017909214303,0.5654337571261323,0.46451834964809025,0.05528238946291106
2015-04-22,0.7921914387242812,-0.07026698709114235,0.5977547242318832,0.33514783704953466,0.007653363611844821
2015-04-23,0.8325819474342939,-0.024054387865153192,0.5504592855617507,0.328417408612525,0.07665390802883404
2015-04-24,0.7563385300571056,0.15066623435564236,0.5294487864588995,0.584766000294245,0.04509359833958679
2015-04-27,0.7654337647027808,0.0932911945938825,0.5903378324549482,0.4019258967351126,0.050606457177277776
2015-04-28,0.7425858431036299,0.2035591938071921,0.5944263835418594,0.476705021849271,0.007319549202074571
2015-04-29,0.7283076238323714,0.03912810566246316,0.5542390351794936,0.5216528232549538,0.07497361411296126
2015-04-30,0.7083126379640442,-0.06499588885226525,0.5782861221987702,0.3646048612326232,0.07459574371527271
2015-05-01,0.7861247884721468,-0.06333155294732874,0.6633164293673017,0.3181524913869832,0.03966743278337617
2015-05-04,0.7584688734971353,-0.15515719786252,0.61335008353116,0.398405027302323,0.011468271694406562
2015-05-05,0.7422468977650761,0.2376949933007048,0.5591195521489695,0.4586515157618,0.032711036257666026
2015-05-06,0.7115520043662604,0.02253704003207475,0.5315807004511403,0.333748285369326,0.04847592373293415
2015-05-07,0.7458928477213568,0.3629298334646156,0.5959102426142346,0.5654668315866707,0.05484285403566256
2015-05-08,0.7610161645845459,-0.07741684889498783,0.6673363633451522,0.4437017622073419,0.09500184240767633
2015-05-11,0.7178639203058643,0.09411429188005949,0.5741632011449687,0.20109658038287043,0.08204266896779976
2015-05-12,0.7967986579632809,0.2189868111283858,0.68014167102132,0.4422143692195263,0.017058909564089664
2015-05-13,0.7375638287958733,0.16699788547571717,0.6301759014855911,0.5638281183136422,0.010051512105194184
2015-05-14,0.7477686188466779,-0.03311579451351889,0.5513368243664228,0.4537462086725202,0.053465383307223384
2015-05-15,0.6725869165884583,0.15521747457251292,0.6159239809392141,0.4585070202458372,0.007758529984498131
2015-05-18,0.756911261825092,0.306595649506217,0.628322278376787,0.33929228086243,0.06773831417653879
2015-05-19,0.7205410475151177,-0.17593476268292738,0.6116627740933025,0.2999861078760043,0.03580869896556454
2015-05-20,0.8041696071791676,0.26459466166910867,0.5395137060295403,0.38144514654071465,0.0034444845413324934
2015-05-21,0.7508310490681207,0.17679663209393354,0.6632876975903909,0.23145076071314227,0.02161664995704452
2015-05-22,0.7340909641236658,-0.0532033391120694,0.5121333332758973,0.3514889980695939,0.08365011411517144
2015-05-26,0.7713884472175305,-0.05573578056791143,0.5022277459312442,0.6874082698009913,0.06410121892581876
2015-05-27,0.763308893260209,0.022338826021335,0.5238631798822466,0.42607061619712755,0.08970098801165319
2015-05-28,0.7417893107979253,-0.37770468254308126,0.5245389093106977,0.4794926017673945,0.030832425090660667
2015-05-29,0.8472008825000221,0.07343308100860893,0.6324897275580981,0.38442446914167905,0.0004665732746308216
2015-06-01,0.7456726919659699,0.21819580552389303,0.6582784004479387,0.5301096693465622,0.07671142384539399
2015-06-02,0.696681846230759,-0.013391778063049154,0.5882685914959305,0.3740322036492471,0.03746447034832565
2015-06-03,0.7693928771707798,0.16411536233378948,0.623778448062071,0.5685870152221524,0.00913864300849917
2015-06-04,0.7335279447637583,-0.27280663296786284,0.5907882985044353,0.5883811031184802,0.0989290624965429
2015-06-05,0.7261512070022971,0.1373693954127439,0.6068956972219858,0.4191442047344609,0.01921518197652662
2015-06-08,0.7503462360521858,-0.18468584114427852,0.455682485817217,0.28881492933359715,0.022056785195131035
2015-06-09,0.730484792544415,0.2194845374845414,0.5638162390686584,0.34809742810818517,0.07969241651548824
2015-06-10,0.7054507279023284,0.13136116570189607,0.6360919389456756,0.506343572186746,0.016788288745292645
2015-06-11,0.7803074849879235,-0.29512254927658804,0.5497864289170253,0.5947304228889676,0.04156800099648542
2015-06-12,0.8060975245957612,-0.307500643646945,0.5637815352301208,0.4363098432661039,0.03271414661607114
2015-06-15,0.711892076848689,-0.46184080428176977,0.5690465853849176,0.3212241742379561,0.018954753596092278
2015-06-16,0.7108079130457658,-0.07093607198615162,0.5565943556574623,0.39909172059043135,0.054170265343087845
2015-06-17,0.7058005050538999,-0.04404190592681548,0.47457582190755065,0.43110390653680786,0.012080396139925821
2015-06-18,0.6071862293329421,-0.057898016086723916,0.6075714538843012,0.29406593127251734,0.03565763259184943
2015-06-19,0.78582151018287,0.23114654242417845,0.39537886812746714,0.3848637096424258,0.04021394897549805
2015-06-22,0.6062113286185862,-0.023641689114189218,0.5578823317837935,0.15174560140891616,0.038918665955042786
2015-06-23,0.8462419181039933,0.057203161526924985,0.5149401850694248,0.5465379427498519,0.006601628406317306
2015-06-24,0.6602193389678841,-0.24583420670366346,0.44156685760934306,0.5801045196539334,0.0649944995521824
2015-06-25,0.7666173185736002,0.131880357969699,0.5707360374252214,0.4573767761144585,0.006733126853004135
2015-06-26,0.7539038856947995,0.05418426854148827,0.5602108069052077,0.3391408194430722,0.030153424864668488
2015-06-29,0.7476687617392666,0.054718914652335526,0.5577845068663051,0.25222278922466834,0.09831024929171375
2015-06-30,0.6827506665695795,0.21656828678327825,0.5360478126178405,0.45847253470359406,0.053618153029128736
2015-07-01,0.6953940045138802,-0.294629175329306,0.5083577347615904,0.3777434929228587,0.08504650337189813
2015-07-02,0.7167429850357794,0.2587867046211428,0.5586536218669679,0.5848938618561859,0.09590347043778343
2015-07-06,0.7702204077035708,-0.4825101635839622,0.5990426015021899,0.24904483775300454,0.09814158948575998
2015-07-07,0.761526683360567,-0.15493681153276898,0.6525189850384399,0.5439597927430135,0.06779005223851904
2015-07-08,0.7129089679149121,-0.025471533624222355,0.5567576150500152,0.4863414071561611,0.06937207440505283
2015-07-09,0.7514575956162506,-0.2049789798761734,0.5077956771980632,0.3995518203623209,0.06353534516820035
2015-07-10,0.8117228489382345,0.08556757210720879,0.5041506324986587,0.46483727777097905,0.03179669751079494
2015-07-13,0.730650758056092,0.17808160103736825,0.6666289599140472,0.36411736290564506,0.04821303789877406
2015-07-14,0.7900802579863185,-0.14907866640754594,0.5338230238613262,0.40295622868721015,0.060853332215624494
2015-07-15,0.7403158169977809,0.4926027377550048,0.5232674577050049,0.45868515387848685,0.03823713996337811
2015-07-16,0.6534956565338284,0.08639931267392206,0.5948641145727493,0.34724026574209493,0.02324254773811999
2015-07-17,0.6244888929479794,-0.00773035376546502,0.5377884725937185,0.4724075050744304,0.09883808643616115
2015-07-20,0.8505451517706717,-0.07601073012006136,0.4916427454048109,0.2833082198628557,0.061634867458746606
2015-07-21,0.7599039308515799,0.09587085176370039,0.506359213925766,0.47786827457257897,0.030884862867292997
2015-07-22,0.7732692038409588,0.008646337928978074,0.4877109202629743,0.3518135684515277,0.07572457435991298
2015-07-23,0.6285122351158727,0.047157412839606734,0.5333434737829507,0.41884789910894865,0.005992301655974597
2015-07-24,0.775215950778228,0.0771642972864446,0.5257073220333173,0.40486680431627525,0.029661473037311273
2015-07-27,0.6797841791651915,-0.11674412913788518,0.5313845197850392,0.32641464240876394,0.0204385330096177
2015-07-28,0.7930075397936274,-0.13172641619100608,0.53889993441179,0.41165656568153364,0.09234091395535203
2015-07-29,0.7873138796805205,0.1801582348056604,0.5620164762468297,0.18939937986168665,0.09458764973560438
2015-07-30,0.8097074074006563,0.3054616448389196,0.502445526233545,0.423664691267285,0.032868985186716174
2015-07-31,0.7054584159934609,-0.38967570134643026,0.48885981064093187,0.345986096053639,0.06436020716054057
2015-08-03,0.7322574634324093,-0.1917828180011976,0.4868996752413417,0.39889936783715924,0.05208728595955652
2015-08-04,0.7114886508444929,0.10870486651000558,0.5569277705857004,0.638038774616449,0.06480464250796329
2015-08-05,0.8062839966061731,0.048620611665682885,0.4911133632949767,0.4293747351673999,0.0023693332292214157
2015-08-06,0.7663297979958178,-0.10266261780113217,0.5606032362725086,0.26019019853181247,0.03312702726030976
2015-08-07,0.7377800082231245,0.11117169186348136,0.5063360056300277,0.3793245596570729,0.0539311752126172
2015-08-10,0.743110706940386,-0.1671202481375491,0.5773587117532939,0.2981962328077185,0.06650060190884492
2015-08-11,0.7659079663704943,0.0827295796564747,0.4705669995293342,0.40731042543807433,0.06873498387357446
2015-08-12,0.7045183913627648,0.2782084950111891,0.4604028470348429,0.3346102905768036,0.06080631976776255
2015-08-13,0.6887887495822209,-0.2715397453735104,0.5962563217510658,0.45427746739125624,0.032163699108023545
2015-08-14,0.7570146712850272,-0.13131539266938433,0.5614395664030267,0.3175777560632547,0.0006042659764117554
2015-08-17,0.7896819647165052,-0.17450225532112726,0.48198484744208325,0.47582823861179213,0.0069984919977644005
2015-08-18,0.7931913672077884,0.11949458677935224,0.46113122042583915,0.3553273134277172,0.06343669592739087
2015-08-19,0.7578449370599256,-0.16985619238201832,0.5815785248266685,0.15980530560494544,0.020422001276583224
2015-08-20,0.7110630242315423,-0.10191330057396636,0.3702596040914642,0.26037708697638096,0.05926306512120895
2015-08-21,0.7812644756271034,0.006056727310592761,0.5905510985826877,0.5545226445884819,0.09318126902310053
2015-08-24,0.7716523189301974,0.06264764980014233,0.5135716889706151,0.13449179821205098,0.00781645136046395
2015-08-25,0.6802720243336963,0.02013510061978682,0.5405599985819663,0.4289669812138141,0.03114629698109538
2015-08-26,0.7053767516142171,0.18748125649389913,0.5833764022294279,0.49379896002913404,0.024492495822918993
2015-08-27,0.7994799664795236,-0.11184515959104219,0.5625584519113719,0.41457586393276574,0.024896943049952915
2015-08-28,0.7755777764261003,0.07308636856494181,0.5022071385518317,0.31399975248776985,0.04482711923698023
2015-08-31,0.7458931668222977,0.19735232349656456,0.48484156891421193,0.48933472626081465,0.027186078475732747
2015-09-01,0.7868535335308836,-0.05978747940396606,0.5759253090675505,0.3644453328809294,0.008001597189168019
2015-09-02,0.8254773431306316,0.08682539630819451,0.5052748293692744,0.31121986196623463,0.039824447317210944
2015-09-03,0.7455869884932479,-0.04075190269888406,0.4427491275833051,0.3782384577282333,0.04413760708473418
2015-09-04,0.7098098409951457,0.11719835379575637,0.5705869119375877,0.277308432370476,0.0734928104530502
2015-09-08,0.8356153864183461,-0.02571020687702595,0.4550910371048391,0.4757754780208184,0.08196038078796679
2015-09-09,0.7276772760872476,-0.016347335206298837,0.4833043911909826,0.31832620681351,0.001981107713229424
2015-09-10,0.7861998516200952,-0.05726028057883745,0.43137566552428797,0.4551060124215933,0.08540422103049819
2015-09-11,0.6897208824488122,-0.23065203453505176,0.5625423635438928,0.2803660100789788,0.09215324990468587
2015-09-14,0.6341777571536255,0.12457229699229913,0.4869142107545602,0.3782344878861884,0.015279870892205928
2015-09-15,0.73427498033249,0.04633398780374536,0.4642314391690392,0.5476114874565765,0.025729172215201136
2015-09-16,0.67618847598453,0.08897498333542463,0.5337477137039427,0.3240348239166622,0.045360310586710084
2015-09-17,0.6988132777361091,0.20343484283403127,0.45188719806497685,0.3393336059249433,0.06060253566566433
2015-09-18,0.7943654481229874,0.006948246707804844,0.41137599721470564,0.5747059144553515,0.013665634926306725
2015-09-21,0.7234994620610017,-0.08055145798128346,0.5135180249017207,0.4625076797004073,0.015472445574501104
2015-09-22,0.8480552145645733,-0.3320136298811393,0.5418873981965903,0.4743009694050077,0.0012834272247963519
2015-09-23,0.7431417544562942,0.15745473896324447,0.5471790853737494,0.2618037215012996,0.07253453759421245
2015-09-24,0.8374883252940415,-0.31175245062762835,0.4435898252612766,0.3738212326375904,0.09256910712705564
2015-09-25,0.8462470256593528,-0.061651325950677294,0.4986638902169932,0.5432078603904564,0.09704926367267519
2015-09-28,0.7349840928717264,-0.23568734258613513,0.4792020820340644,0.5370791833805778,0.04895511143491478
2015-09-29,0.7535432498527568,0.386131651811252,0.5369245154585085,0.3355191063606517,0.05883090054335769
2015-09-30,0.7525538152232539,-0.17064362362837593,0.46658485054946863,0.8479084251025757,0.0038826897684279497
2015-10-01,0.8009312255016905,0.17221959780133464,0.4688410131333622,0.5569584066281079,0.03848260114500638
2015-10-02,0.8049707800896468,0.3763242578715542,0.5916640589314173,0.2520910711902478,0.01942282003384147
2015-10-05,0.6945080255365046,-0.2007575630927273,0.4529250154444351,0.43234523642603906,0.025525841691546414
2015-10-06,0.7216598273952091,0.4145197081525037,0.5954234791189654,0.39935384059209605,0.07222452934725485
2015-10-07,0.8477663108074895,0.29762692544804037,0.4777363341926054,0.19907846559744385,0.048862184312179494
2015-10-08,0.7391015807519635,-0.1289244262156946,0.5106938359605661,0.4089228286874749,0.06964554120429205
2015-10-09,0.7531508829449615,0.10473694827583291,0.43985403664405326,0.4411360277569708,0.09265187563303139
2015-10-12,0.7280191923491497,0.039996439972737406,0.5487731327522773,0.27756002267789703,0.024235286919568146
2015-10-13,0.7359353173665215,-0.023706846805772838,0.4753591446924578,0.48998294961329575,0.08131264102564327
2015-10-14,0.7139805820599764,-0.11108007988846776,0.4657610678105261,0.5092055411438802,0.0676425598772288
2015-10-15,0.7253777943793892,0.09200907817671125,0.6002411345374346,0.3925181579649415,0.06453335370710811
2015-10-16,0.8056030340016579,0.33427081681862564,0.5530286774820159,0.398319868402226,0.04554707701822014
2015-10-19,0.7821053879499307,-0.2574757186270691,0.46339213940909696,0.3395324818368081,0.025428803449433147
2015-10-20,0.8620306060087142,-0.1625169028510534,0.4612904665295892,0.2956079019751017,0.09517782454386702
2015-10-21,0.7779905880965381,0.028524278533776565,0.5572862671140724,0.4671259666077355,0.001233738747783475
2015-10-22,0.6809805076637966,-0.16145555400207415,0.5715126931962133,0.3796701755423195,0.06443973907203186
2015-10-23,0.8093795909009006,-0.029936189583063412,0.4551752070727836,0.3696739222333294,0.03976669215118123
2015-10-26,0.7015975102225152,-0.11311055248048477,0.5146217001496369,0.4511605090369021,0.09009956499960148
2015-10-27,0.6704904338372851,-0.0034736015018196342,0.4756107783792046,0.33515851910411876,0.018882325199250996
2015-10-28,0.7566342309566538,-0.11009037453784241,0.574427948751134,0.518806187625106,0.08297495650266966
2015-10-29,0.809091414697102,-0.09898203909806037,0.45758881233485577,0.40820299293881157,0.030221956596260383
2015-10-30,0.7424825816856866,-0.12176463248467298,0.44733284183216,0.39584820307319285,0.06584860599536514
2015-11-02,0.7297965274873763,0.13766940740760394,0.5406697070387281,0.5100799805422718,0.03079788665021467
2015-11-03,0.6870352224059981,0.08021166153872654,0.47149811018898624,0.27795857891889153,0.0876400470169787
2015-11-04,0.7285698881525645,0.21374099602692356,0.4897249353920169,0.5565454659959113,0.008887343935127601
2015-11-05,0.7774439257760166,-0.0788180957961154,0.5668250596975404,0.4445396772114286,0.07766911148841228
2015-11-06,0.7033720305776647,0.3717605271161031,0.5222905496320439,0.4018796191985492,0.014271348170206944
2015-11-09,0.7072233665047192,0.23590765352154763,0.5367339212796761,0.4629238180295241,0.09300168659410644
2015-11-10,0.7246234328237116,0.1668201143820137,0.557002042851201,0.33312217612188777,0.03081003427983843
2015-11-11,0.6791504930159504,0.11627461186778482,0.43329664795189254,0.415201577783778,0.08163893780985718
2015-11-12,0.7276377447606346,0.24373304215778424,0.4928856886190299,0.5107272972003805,0.006984149496066294
2015-11-13,0.7242895277818487,0.19999820101192223,0.6161199366766847,0.293195286163376,0.052496198875339566
2015-11-16,0.7646017860865454,0.549756483182013,0.5182220438749112,0.4061788270229649,0.07330422359030662
2015-11-17,0.789424947367551,0.008216172818950835,0.430148900038193,0.5132287374838939,0.03746513887226584
2015-11-18,0.6498525793067403,-0.08335833022766836,0.5765092905482849,0.3643457571357214,0.01980205289011542
2015-11-19,0.7153151753767798,0.17585278103331214,0.47422008738213794,0.27777742804080463,0.09484833114611972
2015-11-20,0.7637256993746642,-0.036584659682518186,0.4552398262152178,0.463695253999487,0.08143704549414915
2015-11-23,0.7732243802788616,-0.0719510033211264,0.5048569059037974,0.44703927420091566,0.005898206494685809
2015-11-24,0.8095180709876033,-0.056558642021864974,0.5528429675774595,0.45652002170845996,0.07591646849504474
2015-11-25,0.7939653646354489,0.007861839748693063,0.47518614930379716,0.3537500846800031,0.09022732889027563
2015-11-27,0.7671426732890824,0.36369287567631864,0.4980149202163836,0.48047874435273996,0.06268373795820131
2015-11-30,0.733597177466162,0.022093751177227144,0.6001670785476065,0.47642925814204334,0.08683619919153573
2015-12-01,0.6879350363629522,-0.11449500476231818,0.5879508632997211,0.41418780426284957,0.029312558536013257
2015-12-02,0.6925579940192068,-0.1637904889947442,0.561064383740741,0.49944102812176305,0.027676220286088016
2015-12-03,0.7508927650741087,0.49506276018722045,0.5678543719289105,0.37565189303671,0.05856464001147458
2015-12-04,0.7092146975950328,-0.1949768609278083,0.5441817765323743,0.35112229550865937,0.06728045922557532
2015-12-07,0.8336871876991713,0.2932623605835719,0.5613951012538236,0.2821003827043105,0.006105646689296318
2015-12-08,0.7163890563723797,0.2511355051482202,0.5023777829329849,0.5122141733919525,0.0007226658354120508
2015-12-09,0.7737301961517381,0.010343576962637463,0.49618453248257444,0.39057561564752485,0.09876188340921652
2015-12-10,0.7594823977437449,0.20650777966022435,0.48783999919006926,0.3737183157473885,0.05223345442994426
2015-12-11,0.7522411565966143,0.13253567153723295,0.48750945741160945,0.26834302071127847,0.06029848718648711
2015-12-14,0.7836982575855025,-0.3035898229893407,0.5996286868905546,0.3844073902517092,0.07613639702337667
2015-12-15,0.6726234458862776,-0.09608404388069886,0.5551605344033139,0.34672989124450226,0.047323178318822115
2015-12-16,0.7510014874412174,0.14801567314105732,0.5269235699318487,0.30629423235338665,0.042945362133197634
2015-12-17,0.735050800131408,0.282968027291852,0.6221188750375295,0.1980073826057725,0.0890152196162026
2015-12-18,0.8045513954595739,0.05002954320707125,0.5849009535436066,0.34495117397323705,0.08168471920460241
2015-12-21,0.6615868245249257,0.11689775772949236,0.49418050724565027,0.2611707568515148,0.06650782853251051
2015-12-22,0.6840799308763267,0.1201827564830669,0.549050034553418,0.4782466021874674,0.005724154394347258
2015-12-23,0.7834537627248183,-0.08418671291675317,0.5394041179217302,0.34885624712174607,0.03302552536597118
2015-12-24,0.7394836113567255,-0.1934509475962132,0.5633044894517268,0.5075120748981756,0.04569192593585067
2015-12-28,0.7091693485089506,0.2562539290802685,0.5528821369786285,0.4241078976405813,0.0725220187272289
2015-12-29,0.6650285240196241,-0.36145246191314684,0.5552710286301579,0.4789732124632008,0.013886302728712874
2015-12-30,0.7164309778177523,0.3340187801166179,0.5856717300756752,0.3091658748292015,0.0869005281706373
2015-12-31,0.7515424333526753,0.49538582674468246,0.4876567702248657,0.4528269938915106,0.0699264621372817
2016-01-04,0.7438627723638329,0.14137925818370242,0.6168014527399761,0.36137629112886327,0.03684298951321696
2016-01-05,0.8159456135853587,0.4442406788543922,0.5576090420802784,0.47848886874941854,0.06588761051733276
2016-01-06,0.7304779614898362,0.0038518618062424836,0.5463178143167469,0.4796935925658596,0.041312659278682176
2016-01-07,0.8202337967878462,-0.021930969823491873,0.6326874505457637,0.553004744156163,0.09861814054703211
2016-01-08,0.802342687158995,-0.10320530634434566,0.5262678293658349,0.31876186453099614,0.08126190477772323
2016-01-11,0.8074583035119081,-0.24235364149787286,0.5932468535861403,0.29188906521758873,0.03602056121337003
2016-01-12,0.8011773059920987,0.003443916546112113,0.6269302337914662,0.5141454578321272,0.08075578118548768
2016-01-13,0.8317532706001056,0.29216374365782255,0.568270149577234,0.28412069335753953,0.04443061592695016
2016-01-14,0.7073738472501311,-0.41736970586318756,0.5077423370882992,0.40688236577046494,0.0400165190839802
2016-01-15,0.7320172909587419,-0.03602712088197026,0.5873948916292387,0.3695934741934242,0.008136923125635053
2016-01-19,0.7039085599793709,-0.010646733512686427,0.5211283583706213,0.3729213503020937,0.09314834694674433
2016-01-20,0.8271388482211501,-0.054101060819234936,0.6554129311241965,0.543163598693797,0.09868714634950385
2016-01-21,0.7310347345710478,-0.22222475328315514,0.5650445254676948,0.5153327763396889,0.0905202762040911
2016-01-22,0.7354904546885656,0.18161805965242783,0.6288961836291735,0.32259743496373944,0.029386297320704014
2016-01-25,0.7261974455855706,0.14253240642540138,0.578438671548515,0.33139384734563215,0.01431614448864662
2016-01-26,0.7423909775940206,-0.014103910545483829,0.49338224885892595,0.47656431064826954,0.05718926249806727
2016-01-27,0.7360653905530404,-0.5567432447596198,0.571203698554922,0.32584287411064927,0.05046366157512795
2016-01-28,0.8444411096151339,-0.11708900418399365,0.5182807279494441,0.4507932669962016,0.07968207604221246
2016-01-29,0.7269776315996208,-0.15589124025044646,0.5993967601539555,0.2959532692110434,0.06730621605836208
2016-02-01,0.6871363170900273,0.34519960041886744,0.6051296520474889,0.3735790715005635,0.08747857769340504
2016-02-02,0.7598261395149032,0.10117287162323121,0.6255507413177018,0.3244024708684988,0.044628670033105625
2016-02-03,0.7783073262982841,-0.10134083524204772,0.5681560049116648,0.41606928674649046,0.06626421104421311
2016-02-04,0.7596660713473664,0.14711337966051438,0.6026724246098524,0.24918307906278225,0.02116408211770132
2016-02-05,0.6921088396467279,-0.07394333695185858,0.6704540095125462,0.31484081674983977,0.06597451023750678
2016-02-08,0.7495888645193624,-0.10726920539130438,0.5533821253089235,0.41782397439050556,0.04348934068781246
2016-02-09,0.8300388638097825,0.09119367997611783,0.5415768676029826,0.6753229510803207,0.016023527777942616
2016-02-10,0.7639286610480563,-0.11544419127642268,0.6530179092226651,0.35309293820561816,0.09026485188565389
2016-02-11,0.8431456827493722,-0.17412855819333334,0.6545646931943504,0.42010476642816946,0.022037603496890504
2016-02-12,0.8245526116351217,0.3803531417403089,0.5270731085566681,0.5275771820758323,0.04763023179136505
2016-02-16,0.6895548047787298,-0.20943687104964567,0.5459926132825651,0.4503636636177861,0.012309811015036976
2016-02-17,0.761650793846743,-0.0334272168325672,0.5940634476577652,0.4591289589293473,0.053454330290517355
2016-02-18,0.7934124061970677,0.21883336712302623,0.6783311463649927,0.39786376275585233,0.009044175442710856
2016-02-19,0.7339455518934542,0.12270722583703766,0.5306833405616364,0.33212958678883886,0.08719406070098744
2016-02-22,0.8099690473196395,-0.024825674963540836,0.5291185469276755,0.25101969346348263,0.07663373866963946
2016-02-23,0.7624358339696904,0.228379307393602,0.646476305425474,0.41108805028928375,0.06439865406097903
2016-02-24,0.8604454709548064,-0.02096407318809254,0.5836296309340576,0.14325640902610004,0.0717442734114586
2016-02-25,0.7376318525419392,0.1704030069816989,0.6692530727336298,0.3169765366332716,0.038165050487160415
2016-02-26,0.7831126164646525,0.20937580646465756,0.5921002585004012,0.171671954247277,0.056189994488841294
2016-02-29,0.7723644999787126,0.15228612481217862,0.5455489314136717,0.3745845469125613,0.08084474819404441
2016-03-01,0.7022251978935619,-0.5140295097160705,0.6447051482034434,0.39962514661981485,0.011568996527028454
2016-03-02,0.8398837498352492,0.17146443838123546,0.5760664615596591,0.39168193398955914,0.008913942679940046
2016-03-03,0.7883088695385086,0.1933766833511487,0.6103195489052006,0.5105593145289484,0.0937210650653812
2016-03-04,0.7451665631662764,-0.19942870935713727,0.5913415470617879,0.4205184890736184,0.011610622385769343
2016-03-07,0.6999232302630357,-0.2673444168293244,0.6180596973060044,0.35936431486295767,0.08533303090436183
2016-03-08,0.7517079547168999,-0.0719385331401647,0.6720629859286728,0.5261761160395,0.05769168416926107
2016-03-09,0.6981323154980416,-0.10655864261608941,0.6388620907093774,0.46019362371032424,0.006188493661627004
2016-03-10,0.7579271018835108,-0.22752004099284706,0.5625500922482188,0.34832324324537106,0.08471185966442937
2016-03-11,0.773849716555955,0.34074543093944754,0.5626344875582467,0.297396475244476,0.03196429891234703
2016-03-14,0.7545706761586028,0.2063477961028118,0.5254548188541688,0.5453634150874949,0.06793021703803924
2016-03-15,0.7513984318942165,-0.14686400046267475,0.518034806939767,0.47065207734206277,0.05197513823490051
2016-03-16,0.7514414402379233,0.03414109655090136,0.5532347712401486,0.36809039657489767,0.02221415572359109
2016-03-17,0.7356709376822631,-0.02011862107564151,0.5650145435295743,0.24658190393127788,0.05382929433313163
2016-03-18,0.8964249872648303,-0.2726808494675028,0.6077675621428766,0.2227972171575958,0.014470078659167851
2016-03-21,0.6601476281691012,0.01956529837045351,0.6079336716133669,0.5261498990802385,0.08372166545607465
2016-03-22,0.7799773420507853,-0.029962143749158194,0.5518797771613002,0.5499012068233549,0.045578453054596006
2016-03-23,0.8064425623025112,-0.24926589554968492,0.6013878665588853,0.4144052231526497,0.014587069859400337
2016-03-24,0.7427173171697166,0.15437009716135897,0.6411915830569973,0.3809514302194894,0.08012917550485676
2016-03-28,0.745956537710117,0.29979169253350635,0.646560789941469,0.4072360389908385,0.05988803082714927
2016-03-29,0.6785395480459974,0.06880002126100719,0.6348646160492821,0.12454783716016271,0.09903351119801401
2016-03-30,0.7725934724159013,-0.08333839735914708,0.5889445421781511,0.30926190472366794,0.09968486044382249
2016-03-31,0.7525905354798179,0.2783983152362663,0.5776793525917603,0.4965573558793184,0.047828274690417255
2016-04-01,0.7196834390560195,0.15175123853120778,0.6000792960709079,0.4352024828789281,0.04950255251787238
2016-04-04,0.7603576628048744,0.1283250464882417,0.47152018121909206,0.258017468654243,0.03767086271853192
2016-04-05,0.7808540249004322,-0.4087076707792472,0.5733085147087091,0.39456591589633505,0.033314454669283504
2016-04-06,0.7185929931193552,-0.13831228053875474,0.6133399901463662,0.5009294955779809,0.02106130856876816
2016-04-07,0.7120775309372596,-0.11501163923747404,0.5631064540749424,0.15786202481227216,0.08104186521848421
2016-04-08,0.7670855895158755,0.18694354916569844,0.6503955877047304,0.3129233623559261,0.005256630423037589
2016-04-11,0.6974150975739929,0.004321109518336932,0.6406210330144309,0.41548504483103843,0.01790202323852389
2016-04-12,0.7744652317936881,0.22836618554724672,0.5620360105432581,0.37800299133269705,0.03918078638546301
2016-04-13,0.8417302755880601,-0.0393622246195254,0.5354469822560182,0.33306439037497054,0.06592503109006313
2016-04-14,0.7130910074389379,0.07143251714025413,0.5538230276266609,0.4271034252861245,0.09910632149991827
2016-04-15,0.7231967390729676,-0.42467570767964563,0.6137435268549298,0.4148463681546889,0.03374101476552893
2016-04-18,0.7858878907854421,-0.13459744383305133,0.5587261037349232,0.4401466858481546,0.09903142999731537
2016-04-19,0.8359509786265491,0.0022336019012655366,0.6186678491243547,0.3678412315574293,0.03910630946742238
2016-04-20,0.6828184739063158,0.19348588383081158,0.6425805352521374,0.47107740251751945,0.028303986998173648
2016-04-21,0.7509027280828791,0.11941121994770815,0.6415551867926105,0.5620158684956708,0.01950921766542544
2016-04-22,0.8094263052323721,0.012764245006727779,0.5311478390493912,0.41556582976717416,0.03937724537947741
2016-04-25,0.7728288697924653,0.1418059550636608,0.6632530247328045,0.3904849487943221,0.07522664799636414
2016-04-26,0.8650493594906556,-0.3518574040081155,0.6161644032692013,0.3201479607815972,0.08050717864492782
2016-04-27,0.6646389000155599,-0.04035487525983172,0.52196417799348,0.38385721019671837,0.07095875315671712
2016-04-28,0.7617384624047229,0.22370828186718988,0.5190557956532678,0.4908445165645773,0.016369446797041155
2016-04-29,0.7649040225139897,0.2057698307219189,0.5724465840699511,0.26677554132365544,0.06959555259528884
2016-05-02,0.6991250336892068,-0.25836149073342324,0.6166444330755174,0.54769220222147,0.014482288218860585
2016-05-03,0.731752423667239,0.1258270596515567,0.5161293414978058,0.4180321249177299,0.07483825176630547
2016-05-04,0.7934281308168564,-0.2896249550553737,0.5816424722527319,0.47159171404855654,0.0009132514612568698
2016-05-05,0.6133114676385262,0.26709061234034853,0.6090434356568649,0.4716727647717343,0.057568209694287054
2016-05-06,0.7393640360402618,-0.3445444963130711,0.6175731969070936,0.3917409674583488,0.0988484187859526
2016-05-09,0.761605772771616,0.21752139703979073,0.62743302199746,0.5921237417089613,0.09503981544278603
2016-05-10,0.7676927114436749,-0.13824248755822344,0.5793720962949129,0.44156633725386063,0.08416600910441795
2016-05-11,0.8107928259496489,-0.29340679028774375,0.5886714502806647,0.5609541657038369,0.009604773190307503
2016-05-12,0.747989556449874,0.1862023709738209,0.612340759580446,0.495586060652498,0.01796328793843328
2016-05-13,0.7195119729200034,-0.16108033401311617,0.5881276399604636,0.24677782127596887,0.09802767598288892
2016-05-16,0.7465129696694172,0.05057533150313342,0.6745681081263695,0.4402718189269822,0.059339239026473034
2016-05-17,0.7912614235436551,0.23289516941000118,0.536489725660691,0.38349173376290147,0.06269725465964557
2016-05-18,0.8812706295901946,-0.015824444476901744,0.6399201448936335,0.4963737877173108,0.0033992827823776995
2016-05-19,0.6860943142806155,0.062095855401186666,0.5908018930873242,0.4329958787840435,0.048862589376188516
2016-05-20,0.722294376010447,-0.22338390238243183,0.5590200288088544,0.39022050029157973,0.09545553637481258
2016-05-23,0.8192492223800159,0.36346216394512143,0.6506609529659408,0.48601852107818444,0.03753716407407061
2016-05-24,0.7097829868850205,-0.0817792349978991,0.5906456959741235,0.3367560961923825,0.07953252097274056
2016-05-25,0.7888602826263975,0.14409722165085756,0.6062733074898883,0.5025134604557582,0.07777308111166491
2016-05-26,0.7147704393143464,0.18656574081843957,0.543977225529589,0.30590640473571146,0.0650310936436809
2016-05-27,0.7866058067093191,0.24317471243979616,0.6024523556302189,0.40208040237725445,0.06531954738879076
2016-05-31,0.7755076913050754,0.027285383613456022,0.5188419911821955,0.2757379855055085,0.012000038561692562
2016-06-01,0.7560587060263273,0.015971367153860754,0.5749589761905024,0.46761016136499134,0.048921844096041715
2016-06-02,0.749226164191783,0.1125958363809712,0.5664086220979915,0.5823358962036467,0.05097484977911043
2016-06-03,0.7640356863363224,0.4681445223051355,0.5904771483582558,0.37863228294117846,0.057298190882317225
2016-06-06,0.7150276011870162,-0.2885777148115387,0.5209805735145439,0.312039369083601,0.027372480700705828
2016-06-07,0.7797410010206088,-0.1052330742120375,0.5791119420659707,0.5281978362376687,0.07943437143629715
2016-06-08,0.7556095824182574,0.41583133969336084,0.5101820931692673,0.38494164516250723,0.04841914772983952
2016-06-09,0.733034353819451,0.18730132121140158,0.45618449910583925,0.2556884710822189,0.043365647866102565
2016-06-10,0.7546326588774519,0.3102755442018987,0.5786622327610793,0.26484525457357666,0.009944125507197511
2016-06-13,0.7001416703654885,0.33459794056899056,0.533871700928374,0.3057036627550236,0.09088805233106799
2016-06-14,0.833868628031543,0.20221940111739817,0.6278083652974358,0.30499581197341835,0.01848898485700079
2016-06-15,0.6837447179492819,0.02663329787254112,0.5800344580438861,0.4364601803704832,0.0019746388448748987
2016-06-16,0.8339091967819501,-0.34675341800164966,0.6054317429925767,0.2903374955852682,0.05364167897662114
2016-06-17,0.8027867660430421,-0.0949913409042755,0.520913556405928,0.3390097293050798,0.048856326240250214
2016-06-20,0.6877194899611718,0.008085787966693438,0.520454319846546,0.4786298230900279,0.05847215394599869
2016-06-21,0.7920028040516459,0.3376314105805582,0.5765572665099138,0.4520677767080074,0.07900676924862017
2016-06-22,0.8300049905913907,-0.12553253920533927,0.48297844603237494,0.42000940591283936,0.07529881910045726
2016-06-23,0.6888683265392798,0.490787734585078,0.6293145483967851,0.6163976333301581,0.08976022982398128
2016-06-24,0.7631223488331564,0.11011471874031958,0.5327122041316653,0.48829248055867525,0.05991026065887204
2016-06-27,0.6992228393974471,-0.5086186378949558,0.513580387993288,0.2544526524382684,0.05547217685523098
2016-06-28,0.8338963368079768,0.36313549101606324,0.48211059726804306,0.529171560752124,0.012304530321913332
2016-06-29,0.8075692491750386,-0.3139553369437753,0.5318841383654297,0.34198362778754804,0.020622990021586785
2016-06-30,0.79739976993136,-0.24575587018100276,0.545593934105202,0.33140654960503824,0.05624962095674908
2016-07-01,0.7836670591692572,-0.04335840633758586,0.5229151715930751,0.3786703424367922,0.003500527951576049
2016-07-05,0.8618021416420056,-0.08337992722387784,0.4941902602650728,0.4583433569155966,0.05061483107401276
2016-07-06,0.7528237665288522,-0.28304678617329454,0.6569582500753539,0.36475210544133524,0.054442715027632704
2016-07-07,0.7411065273019325,0.03196707038161949,0.6310335500279962,0.23202546734810045,0.0945228484706278
2016-07-08,0.773799292471027,0.4174544323587255,0.5501100431950483,0.27646660206965207,0.6502999888590211
2016-07-11,0.7290801573519674,0.041376505951358104,0.6076637383226414,0.366066415558394,0.051944307166799535
2016-07-12,0.8013325898716216,-0.28707376540937785,0.4680925205178642,0.35171993113150507,0.06591575781561614
2016-07-13,0.8319014360936631,0.01377492790275384,0.553926771999222,0.42780795955735273,0.05770714692059369
2016-07-14,0.8154603991293365,-0.12204413850757079,0.5730113668633356,0.316911733614487,0.05226662599353726
2016-07-15,0.859163632796038,-0.16007822085933798,0.493641919801206,0.454966981348805,0.03521171257359693
2016-07-18,0.7639894215716162,0.06537048125218686,0.5466426086852759,0.29096078011925613,0.02098395056123309
2016-07-19,0.8406679464539742,0.1787084411778219,0.6024046491511807,0.3471669110889576,0.08197632956857648
2016-07-20,0.7808261772357585,0.03947369244693822,0.5900421149539706,0.5160248131829619,0.018807365105798335
2016-07-21,0.7696525401479057,-0.30359022636865035,0.621814750654565,0.4555987433690139,0.08326278046906958
2016-07-22,0.729578147930443,0.081308427653339,0.4564717319229527,0.5055353067471045,0.06021443870072858
2016-07-25,0.6864394127860424,-0.04416689840741652,0.5418662482125649,0.5038839711982094,0.035906516222205545
2016-07-26,0.7653272338217187,0.12699257472251005,0.5274526216783885,0.39678140490557173,0.06223127426357196
2016-07-27,0.7642738625174149,-0.03781158417047492,0.44375615169530236,0.3231676506303372,0.025496737108137036
2016-07-28,0.772238742055585,-0.049824200697743785,0.5195243915893375,0.3676646330561285,0.09036599335321738
2016-07-29,0.7168200803634092,-0.09861989219525878,0.5112101532301888,0.40051431405418497,0.008325407612875457
2016-08-01,0.7796689172234856,-0.03611005817714782,0.4728221871499136,0.2601917960081217,0.04253433640316078
2016-08-02,0.8898718603687612,-0.22596300605291264,0.49763968351898447,0.45170003025139355,0.05359043196124054
2016-08-03,0.778043030478284,0.10417313851231452,0.5007088845392197,0.42385580706395476,0.07326748987242555
2016-08-04,0.7630671832120431,-0.06242627350825745,0.5343970652169276,0.5055365546750707,0.06968029338536502
2016-08-05,0.7588899888282338,-0.00310943072871492,0.574824718178664,0.49613603598188133,0.037214225950570515
2016-08-08,0.8391968220481741,-0.3512460468959154,0.564594467843482,0.46015800454021794,0.08205082082109708
2016-08-09,0.7157173801123368,0.05031758359976897,0.5712197525624835,0.31708410775146,0.041968647257661675
2016-08-10,0.7821281214511404,0.1742707351462035,0.46444711646320813,0.3857714307554852,0.09924489914460782
2016-08-11,0.7750484188321206,-0.15922630110859096,0.4733843339289762,0.3864955398137226,0.002590986314429111
2016-08-12,0.8000819858451846,0.12874680023842197,0.47362492074763407,0.46521678851156867,0.007752459697518666
2016-08-15,0.7182030111916746,-0.3220339595986869,0.4964589510736878,0.5122969371585736,0.01099901324807051
2016-08-16,0.7927980276070686,-0.0003143614746388525,0.49337495835631395,0.3610237863883569,0.006595935917912055
2016-08-17,0.7654392452930399,-0.21368749716916577,0.496209558953614,0.37844305386402316,0.03628194846901699
2016-08-18,0.6924462770774251,-0.16768965017951498,0.533555726394523,0.40095118399409946,0.027325300236291906
2016-08-19,0.7445619104403308,-0.18228548750759277,0.5912992786095135,0.31620207853206816,0.022576546872889094
2016-08-22,0.7725796403630869,-0.09757381761475908,0.5126172737977708,0.44576097419403726,0.03771559818050653
2016-08-23,0.6914871705396057,-0.001323248830697601,0.5698115659906624,0.5761501893492004,0.037863235139685016
2016-08-24,0.7534993013372434,0.008336241443381756,0.6203253645746594,0.5134924281599198,0.09256358602904044
2016-08-25,0.7291357715372391,-0.1237966901772246,0.5570816738810594,0.298896286995427,0.07283274149560326
2016-08-26,0.8143863375669427,0.06685999275020167,0.5346477839776855,0.3743266196519947,0.08213432491332157
2016-08-29,0.7285087597876795,0.29239856617366405,0.49502129988385335,0.35890649234261385,0.05289601188071087
2016-08-30,0.7559931466060096,0.03860442654358858,0.45537410284388496,0.34351285057930886,0.08653983494788164
2016-08-31,0.7290983963046971,0.16905606092136968,0.4621871754865772,0.22442321422419464,0.060746694430013105
2016-09-01,0.6616452718546924,-0.29407602693514345,0.5741450354343556,0.4016206599484052,0.017074741660055803
2016-09-02,0.7850624543403601,0.10729754542426584,0.5084731427654664,0.3925218703348692,0.03895633308639562
2016-09-06,0.812226321490907,0.02919918286252799,0.5741344421284534,0.46208299452898666,0.07412971383170179
2016-09-07,0.7291101863259486,-0.09942680477398724,0.46746886602905086,0.5217548021950715,0.0531682137784896
2016-09-08,0.7397474523527223,-0.1596945593599265,0.5195072054579275,0.3902832893627497,0.08496300161082392
2016-09-09,0.7747284256287582,0.37796278077876866,0.5488617954296933,0.40270105543019064,0.012757220312253403
2016-09-12,0.6895788307896996,-0.09999249944172713,0.5379138405164227,0.2828958960338184,0.051356541896777345
2016-09-13,0.8670485148165177,0.002883312527109729,0.5045498018890909,0.3333354807042022,0.012636835979424521
2016-09-14,0.7848368878387859,-0.2316003613044464,0.6101120307192655,0.5317351304652012,0.07354223748100541
2016-09-15,0.8092148222598523,-0.2780858011579619,0.511912327033001,0.5209086398014005,0.07254192727744094
2016-09-16,0.7896552699678869,-0.20042182092675498,0.46892554800037983,0.35480638619940097,0.07075024156088244
2016-09-19,0.7298281082755697,0.3057557671420615,0.40483176001649107,0.4655919139658837,0.06087029905486385
2016-09-20,0.6953848312535774,-0.19225029749021358,0.40024214394196655,0.34509455688411345,0.018310452579677106
2016-09-21,0.8355365825769607,0.0529648484929556,0.4406717104003381,0.5017147674379313,0.07984688987483518
2016-09-22,0.8215652131784343,0.02080929620781712,0.6022028423995516,0.48215641246246144,0.027582297438842298
2016-09-23,0.7941326253646294,-0.16067574143325802,0.5317255636042822,0.42167912776044936,0.09416770094518871
2016-09-26,0.7859914501335513,-0.13691712382826612,0.5065195995824435,0.3183138499785042,0.08140232505557247
2016-09-27,0.6526433950016984,0.1996609137156767,0.42494437471150426,0.41071864647824163,0.08579214743296971
2016-09-28,0.776650106472452,0.06531260317261098,0.4858738154654882,0.42712114752799735,0.040651478447451
2016-09-29,0.7835483534892581,0.14699296315039698,0.5866785690511203,0.42341941514982057,0.009014059331027181
2016-09-30,0.7632024422508851,-0.18134579307001883,0.5217973450937322,0.4667383103140569,0.07299530300500745
2016-10-03,0.7503848407859186,0.10892250083680742,0.48544356021833435,0.46709926520889244,0.016511312555757687
2016-10-04,0.8056301157014872,0.1797255733460971,0.506014263918122,0.2960031848382949,0.07434094569522952
2016-10-05,0.7294043473679089,0.11903146477694569,0.6226301003018949,0.3659279228467918,0.04928505331899741
2016-10-06,0.782791883919407,-0.11121051149588068,0.4515733099390133,0.33236841364226377,0.09621663313239566
2016-10-07,0.6558764011648665,0.27068701258155015,0.3888620420575439,0.37361717695993674,0.05086823622319208
2016-10-10,0.7010936052324973,-0.1768760430724409,0.5695733493958584,0.42010669900313924,0.04796559475198775
2016-10-11,0.7117301920409149,-0.11790342649930217,0.4626285794685635,0.39564543279211195,0.09979544257877332
2016-10-12,0.7686445842393846,0.379114954645712,0.4052575549711045,0.39651876852420476,0.06978819528571634
2016-10-13,0.7442216153732739,0.18930970554335647,0.518997930367049,0.4590362208114946,0.06162866070135236
2016-10-14,0.7772543093007541,-0.18639822505670792,0.5620191543005815,0.4798504904615669,0.07459172607011366
2016-10-17,0.8057764895862372,0.25281003410143293,0.5230221328664324,0.5480992404117493,0.07025917137736441
2016-10-18,0.7788819785893321,-0.04381171760492173,0.5020641017924263,0.3976156231863884,0.024422624702916996
2016-10-19,0.7340304338954728,0.3263777696740442,0.5174790723678641,0.4094738475832907,0.09508683899079184
2016-10-20,0.7794137127463217,0.5959709033474294,0.4463621088327611,0.31549614882837246,0.08803318958352609
2016-10-21,0.6909714491276502,-0.046519847687097216,0.5155221779487902,0.35346774816589227,0.06091936084803639
2016-10-24,0.7330136600924115,0.028480973325626463,0.4791173151096378,0.43101758271828383,0.09646473837534512
2016-10-25,0.8157117173371302,0.1354060939601613,0.5486260821796347,0.508591841150672,0.08819305655636672
2016-10-26,0.7741414080059351,-0.03172820520862023,0.46632891161303247,0.36088218363642793,0.022506857793639746
2016-10-27,0.7338157233661553,0.14633446532418234,0.5226601767385101,0.46967578627143014,0.0839408935109666
2016-10-28,0.7019831571949924,0.2863498968482158,0.48436473550548376,0.28999833579253376,0.0952483602247436
2016-10-31,0.7380391117589093,0.49675319851750166,0.4875841718629158,0.3674903528529075,0.03790947658604679
2016-11-01,0.7503947659685162,-0.029724076686291064,0.46834060117259135,0.4143213083206131,0.011323350919752263
2016-11-02,0.8137797454099165,0.06285786309574141,0.4523131305556706,0.3655654095066292,0.024976522350107434
2016-11-03,0.7324236299949185,0.010587893646960223,0.5748634366486569,0.38511172039791175,0.07664139111176593
2016-11-04,0.7555922565564804,0.3555289637638859,0.552632937835803,0.4574081282106535,0.029917799296322968
2016-11-07,0.8579065807650887,0.09796225095880262,0.41101415870386476,0.4832665757880361,0.0213065944628673
2016-11-08,0.6803995771440675,0.09040107371648955,0.4251829712051488,0.35331445896000807,0.056884194458739074
2016-11-09,0.7418107735195064,-0.15402382144635066,0.4939687633131009,0.5032561720360553,0.03048197994314804
2016-11-10,0.7243023543920224,0.10902817590210818,0.4636815134518145,0.3810500423607871,0.06429736354613975
2016-11-11,0.7761919633163725,-0.19930568332371196,0.4469418615118558,0.44918781505788885,0.0035429127033161922
2016-11-14,0.816154019967032,-0.01581300389747444,0.49141974880870964,0.41556753876883873,0.06177486915018542
2016-11-15,0.762773995938269,0.04858050814225029,0.38848034751407934,0.2930895708834037,0.035574406389810964
2016-11-16,0.7177384947281573,0.030173525702312506,0.524804093947834,0.46361804886840363,0.03285518012817997
2016-11-17,0.7728790874605218,-0.26014701407746715,0.5884882339697055,0.5271918303422367,0.0005154411120129265
2016-11-18,0.6970901354986537,0.06654105887483658,0.4870046074617065,0.41388639892005485,0.018615770639529884
2016-11-21,0.8126655139820935,0.4260208532641918,0.5563114028266086,0.42949347351101363,0.010133777879777407
2016-11-22,0.7430089415845852,0.03642697420223529,0.5874121008764605,0.39552912432404147,0.008474377936941802
2016-11-23,0.7156943674326175,-0.32393797310332534,0.5457609362975648,0.42472881256277395,0.015371066637872945
2016-11-25,0.7277045913368851,0.20520282514145954,0.5004161038999804,0.3865355908175205,0.048741215472601684
2016-11-28,0.7591667933351028,-0.07019054842761761,0.5354555156469509,0.5151515145933001,0.06566334459940698
2016-11-29,0.7028759050940788,0.09770402769480176,0.5330051745647489,0.41537638295447066,0.039535882602862615
2016-11-30,0.8035922284937046,0.00985948504343174,0.5491512591729383,0.47158646295711476,0.042834146985555724
2016-12-01,0.7347817399809696,0.059836692162759664,0.5133503272446508,0.3867318220280105,0.08115438540986306
2016-12-02,0.7438969301760834,0.09421608081937728,0.5307289892070413,0.4394544034316675,0.04385720689317557
2016-12-05,0.7591241318552125,-0.320824202494065,0.5305268703752027,0.40635379551568174,0.016183430060650705
2016-12-06,0.772129796857673,-0.11874583873714839,0.4699682880456867,0.4624606644894278,0.0433960154695885
2016-12-07,0.7463196721732915,0.03424880953699915,0.5164580889283251,0.3993938174226405,0.08705140703113334
2016-12-08,0.7375357326032096,-0.19361671783076562,0.5550127561677793,0.339687991177388,0.018956706885173737
2016-12-09,0.7681975740447405,0.08209204438041558,0.5027861434416029,0.27961143656270154,0.039454600528669184
2016-12-12,0.8813042806926527,-0.10555437518908523,0.5657302338667453,0.5939463549570124,0.09009978103012334
2016-12-13,0.7994953873426947,-0.06008856176551031,0.5320238817756906,0.3167392780261152,0.019899192413967728
2016-12-14,0.8040848213478872,0.11325414161173766,0.5104830618367648,0.2957825192901556,0.06652428953567795
2016-12-15,0.6939383131168154,0.19730280076084017,0.5430517431490077,0.4214984536332752,0.0421095322736113
2016-12-16,0.7188525687068822,-0.29270062066088126,0.5859963365064519,0.4042039036997231,0.07998200854788458
2016-12-19,0.805361733002881,-0.07718662530311282,0.5285430325862024,0.4713298176620632,0.032488769852437004
2016-12-20,0.7966174039825262,0.15951312453719083,0.5264693076546513,0.4614547237650868,0.08817665308704675
2016-12-21,0.815454973273836,-0.020954402336306865,0.5164029930632555,0.5342747603316766,0.09235612507305532
2016-12-22,0.7272777133224346,0.1258952994228954,0.5400066810896099,0.21584343835154396,0.03888485068933492
2016-12-23,0.8164297033739291,-0.5515707259094736,0.4445738714201296,0.4527330079480672,0.0107879584973402
2016-12-27,0.7863535599339058,-0.12751597157550715,0.5545971666698937,0.14685699542219954,0.01555419887909334
2016-12-28,0.7953487732235299,0.0499450974107194,0.5457830678244839,0.40208414821377725,0.07673849514457409
2016-12-29,0.7846627088096516,-0.005780304699572189,0.4552221562263984,0.6196332234522524,0.0678310318513481
2016-12-30,0.8200400409714226,-0.25698893239096565,0.5325281088410214,0.37639658098439593,0.09764385267875107
2017-01-03,0.8239424783254482,-0.4318537870639536,0.527628805121981,0.22393635566624964,0.043432851493502414
2017-01-04,0.7557452242085831,-0.09450017861698089,0.5574224737931927,0.3395125600990817,0.04859292438821114
2017-01-05,0.7324488304304738,0.12393133835262958,0.5770289422601957,0.45513983427782423,0.024774729920635487
2017-01-06,0.7611549954754578,-0.11434771644503788,0.5492089448511205,0.45011620700684524,0.05112398355220276
2017-01-09,0.6611610149514076,0.07882238607417161,0.5731671117448744,0.40621509060857275,0.07667276048289239
2017-01-10,0.7625343289064163,-0.5132238771864828,0.5365661898254896,0.5789438711077374,0.09942570604455156
2017-01-11,0.7706450647784153,-0.06145796773494362,0.5602502806600955,0.43547728686280085,0.08206094162848512
2017-01-12,0.8029410122344732,-0.045776032631588366,0.581494285818159,0.567665080276136,0.07064608989858398
2017-01-13,0.8203125399716358,0.46806004317139593,0.5282500899602383,0.5676189507502015,0.07011449540440494
2017-01-17,0.7304663180038703,0.07071322934809267,0.601038358497381,0.3489222808095528,0.018118824950359002
2017-01-18,0.7743982138737138,0.18209222049036822,0.5297224167398628,0.5669383459547648,0.05911961989768438
2017-01-19,0.7007701687636325,0.38793828854567686,0.6161191894492432,0.39102744236722214,0.022938419223175334
2017-01-20,0.7498665894381634,-0.10140565255820473,0.5600752714439585,0.3951504138451174,0.003836643154816055
2017-01-23,0.8327613123317291,0.3937308200769168,0.5792396640054167,0.3154371512010596,0.09290983315274799
2017-01-24,0.7427136979681903,-0.036618156922256895,0.5185553440075363,0.28210585978926217,0.061646735816928366
2017-01-25,0.8748563606186514,0.06052270518925082,0.5291896373824192,0.4816603570357713,0.005095536545181756
2017-01-26,0.7110826937596577,-0.21920240957421072,0.5314728500534868,0.5654513280865033,0.030644594654559234
2017-01-27,0.7573559967110813,-0.48834139738049737,0.6329005436291743,0.36936186358376427,0.023142764882575897
2017-01-30,0.6775295997060797,-0.06333669759268196,0.6007236019141071,0.44040491665329695,0.04791952376168201
2017-01-31,0.859920748958241,-0.17055357251398612,0.5777538279101242,0.33004307214215783,0.06438731555018982
2017-02-01,0.6928903552906389,0.17710547446119096,0.5993181936248326,0.4283678449698853,0.02692460891870867
2017-02-02,0.7913395096629322,-0.137094570537684,0.5265991144711212,0.40376473721693606,0.03510245137779832
2017-02-03,0.8280605701205808,0.32161542709070945,0.6173767024776677,0.4029174426768096,0.03198408849172758
2017-02-06,0.7834891964699968,0.002318771865074288,0.5284216408442778,0.4024647378210543,0.004088912904661834
2017-02-07,0.7032586591205754,-0.02481544522060792,0.6622113305244931,0.4822859222783352,0.07447547042492002
2017-02-08,0.7238440407881735,-0.01448581392845664,0.5393655289255905,0.39374862318227905,0.04720581641805123
2017-02-09,0.8220553908262281,0.13060158766198077,0.7059606197116041,0.5192477402507572,0.010076169990679264
2017-02-10,0.7802000190538846,0.13542999482665863,0.5722909317796189,0.2872495752913504,0.09483281857616183
2017-02-13,0.8352888289143761,0.2017982953863296,0.5722810882875595,0.42739357369313385,0.030435669505244945
2017-02-14,0.8320469593692403,0.16927028524120402,0.511798902465793,0.42436200214898245,0.0013661583386074816
2017-02-15,0.7616184237255819,0.22260013982773616,0.6371159245378238,0.5318607828178046,0.08619742701225586
2017-02-16,0.7141052830639897,-0.15682230681124776,0.6418672080789589,0.34083541846575544,0.07412921027096751
2017-02-17,0.6939283509542846,0.10651929752281307,0.5593907616933484,0.5789790770308401,0.07788083075650862
2017-02-21,0.7848092276994232,0.03205185732833311,0.570533431540048,0.5590835333926971,0.037159228502401866
2017-02-22,0.7879277229944911,-0.0816999036312413,0.5498239845153051,0.3926526945435782,0.021003330189233428
2017-02-23,0.7211176581422597,0.20577548833578885,0.4996319138477029,0.38604859716669293,0.08871937998113448
2017-02-24,0.8005066772543967,0.06842388402193143,0.5546938634531446,0.46602587067065493,0.07425874367493028
2017-02-27,0.7256980305807046,-0.004476931299362014,0.6246044820794102,0.44629127794931134,0.05865614560867114
2017-02-28,0.7362480494290267,0.23949890331287269,0.5968072525483508,0.47429954109391514,0.06543551595316019
2017-03-01,0.8464550503336624,0.2235041097549214,0.6489265464811468,0.41926799298494727,0.07046600538922086
2017-03-02,0.8096967560455255,0.04271931491286322,0.5328887042251398,0.43027437925050427,0.0074879601164296265
2017-03-03,0.7828180491869233,0.11674587230436384,0.5873771008822618,0.32385444432361493,0.034289796875027125
2017-03-06,0.8028253041587614,-0.26265445745044963,0.6679057663704747,0.37685819387950076,0.09896446150614918
2017-03-07,0.7822764086028084,0.1117116306563144,0.6248687058470994,0.25910157000482653,0.07207694661145833
2017-03-08,0.8112043290272132,0.060630765675254675,0.5639273132544026,0.3250333049054086,0.019170672758081965
2017-03-09,0.7532973458971577,-0.2597483373220984,0.6821463103898635,0.5486151325143345,0.025252550759603566
2017-03-10,0.792585010048797,-0.044679683268418174,0.586506477914028,0.47580657061739684,0.0853438294277251
2017-03-13,0.8578913449750976,-0.11407934791934865,0.5413867002144904,0.5547640773595272,0.09751261573086645
2017-03-14,0.6806430706207774,-0.20170616165052926,0.5851966239975865,0.2439566532194969,0.044848222009736774
2017-03-15,0.8256074531403299,0.17138105410102,0.569059305831438,0.5279614119177748,0.09108491795966459
2017-03-16,0.8424646214201913,-0.02263412965801271,0.5755108623994746,0.6259602027742479,0.04190041610878911
2017-03-17,0.8060580911042078,0.051264930593770665,0.6664526556226975,0.4301930635003022,0.05038694276726631
2017-03-20,0.7447189707040406,0.016031952097510696,0.65081536859007,0.20078144336507864,0.05991536622803556
2017-03-21,0.755598463028039,0.276611479716321,0.5734628114339098,0.554610856043141,0.012893423653883008
2017-03-22,0.8407371909679906,-0.013105823097790265,0.5707883269805017,0.37126411258503655,0.05661747683643802
2017-03-23,0.9032307246000717,0.37488488938664877,0.6056293379548874,0.33918464483795907,0.06938033341630616
2017-03-24,0.7758520517790631,0.04876538532335294,0.5373217432678858,0.40800412692152604,0.039749382805098515
2017-03-27,0.8361202162405865,-0.3598713362432947,0.6411205499323654,0.537479797005478,0.087025571997082
2017-03-28,0.7419721327452816,0.3388351516382113,0.5653456229314501,0.4441082661860404,0.016551822005022265
2017-03-29,0.7546613657668185,-0.06139927143252071,0.5690538918354549,0.469857548086202,0.038415041984989184
2017-03-30,0.8124402728865725,-0.012884439915437737,0.5319620321197851,0.44031701666343903,0.04008489594401298
2017-03-31,0.7911007179705347,-0.043343002277285485,0.6933488205436691,0.2436070735099346,0.0184066340354089
2017-04-03,0.6591358144873216,-0.14616697993953418,0.6355001609819673,0.29441553625661593,0.021780772203291023
2017-04-04,0.7209514540736962,0.19020426723563094,0.6230739718341304,0.43770609096284,0.08791550169037826
2017-04-05,0.8090714459732764,-0.08503859065457686,0.5809502334128704,0.4809779272561425,0.04554409869299662
2017-04-06,0.70275566096094,-0.4285439692797093,0.5781733238096769,0.4930873289065692,0.05250732023927168
2017-04-07,0.7827779849493401,0.1714583008246031,0.4989461646175283,0.4315496808323492,0.022033632767471435
2017-04-10,0.802693225232119,-0.27015948452213695,0.6425455648483568,0.38884811034942074,0.05521509209208443
2017-04-11,0.9235668350803001,-0.43544721377934714,0.6677630308008173,0.36058419034739264,0.00456124658403232
2017-04-12,0.6891424142779978,-0.1053910287129984,0.6130313107529808,0.5037466669565044,0.003909067541074263
2017-04-13,0.8560982144066088,0.28437861774086853,0.5507237374695686,0.5130164692266117,0.08836024722289779
2017-04-17,0.7895642478560437,-0.1309206041857976,0.5875948414829626,0.32901573405552764,0.027043485547142355
2017-04-18,0.7718546170968228,-0.14593157645882404,0.5465542408408337,0.44791191277827724,0.06424131242932651
2017-04-19,0.8014365274129819,-0.03751940001832239,0.6660858926996907,0.37395694135048874,0.08234102667121022
2017-04-20,0.754861272743723,0.13209779646913947,0.5908173150748306,0.4084797729026144,0.00013999614763668956
2017-04-21,0.6439780764690468,0.0033414769475949785,0.5058000264242664,0.277904942900113,0.060515953579707904
2017-04-24,0.7032338730622247,-0.20851663070676524,0.5687974357348129,0.3513507384454515,0.008324615617415177
2017-04-25,0.8032137602128563,0.044477562826939404,0.5008523509733226,0.4083294637546808,0.0549275072396086
2017-04-26,0.7859127623291714,-0.06571330325059162,0.5925141329212981,0.4190310125397057,0.04083428822333795
2017-04-27,0.808229979881779,-0.31497599749254696,0.5829814577141376,0.5508336098057729,0.03246351404880082
2017-04-28,0.8408330654148979,0.170187385555156,0.6216640471123117,0.5654634748402089,0.08159221560538425
2017-05-01,0.8658924000803333,-0.025815997609370485,0.545148580675832,0.3729707682375505,0.021927959271130462
2017-05-02,0.9248347756886027,-0.3138712685450389,0.5696663979627159,0.2587308847507369,0.017673523914804458
2017-05-03,0.7762381931438693,-0.24053820577897353,0.5873161742878038,0.2049904839981241,0.05373886947133957
2017-05-04,0.8008810332542325,0.24446905129359497,0.5731042633014138,0.3864869992924298,0.07781859929786392
2017-05-05,0.7618296384634344,0.03618213504500505,0.5899281663534033,0.47681169524306943,0.010644273253233872
2017-05-08,0.8316519566725473,-0.1628142444984366,0.5749021125764027,0.4901619448924745,0.038198097754758825
2017-05-09,0.6989165475970484,-0.394144256369114,0.6011708772842838,0.44963464110704926,0.08700257884430113
2017-05-10,0.7338849906023204,-0.11573021082409103,0.5513202122172852,0.3133074760655566,0.05508778036099598
2017-05-11,0.80467479103023,-0.23609969739952774,0.5755167955686817,0.3094663832485148,0.022063903752165305
2017-05-12,0.6972355512049393,0.17403563494935417,0.5622533084130292,0.4188440080420757,0.05816637995079208
2017-05-15,0.6945962060099495,-0.1483878907512952,0.6243366188806749,0.6587271455845309,0.07528976976533489
2017-05-16,0.6711891967804844,-0.04022155905788527,0.6065536237715962,0.3383899846760716,0.023172314263740102
2017-05-17,0.8124760993497062,-0.17334653413206264,0.5930287107897129,0.347792809550164,0.036864000669370726
2017-05-18,0.8309715541477386,-0.13527290060712113,0.5671289152911181,0.4945689037497155,0.009369106215209644
2017-05-19,0.7185980670453569,0.013750011352714454,0.49297189027019306,0.29120665413709257,0.018502802264390873
2017-05-22,0.7891065637945403,-0.1981395019072465,0.554938179429035,0.4493086402047938,0.018885992146773625
2017-05-23,0.7410406929426535,0.1645684146432716,0.5922867439235217,0.4435683111924503,0.0729479992243697
2017-05-24,0.8320482799369266,0.06396461252281314,0.6577734251782492,0.4911262283037824,0.0021047303901316375
2017-05-25,0.7438273785082772,0.2586296150042543,0.5933426943986209,0.36053202913394966,0.017773426933213467
2017-05-26,0.7839192847660441,0.22246536487805257,0.602211059073726,0.5822392832551397,0.060782207688576
2017-05-30,0.8243265278949411,0.10463200668043249,0.5253079528053141,0.38202674859898794,0.00720486896216499
2017-05-31,0.7735832069875426,0.1393263002435494,0.6077459275762691,0.41695404102182865,0.09091310549163725
2017-06-01,0.7760174957688586,0.14409137901521393,0.532210224707466,0.5695515819249857,0.010023379865517401
2017-06-02,0.6676416557418264,0.29108189643440585,0.5721330808508576,0.5002579814271595,0.07267646249416783
2017-06-05,0.7881920217146307,0.06920688218216038,0.5998211313996797,0.48090542890877785,0.06032935164848711
2017-06-06,0.753558458670638,0.20695982610524727,0.5171101729805571,0.3994669426673875,0.0020715915486481107
2017-06-07,0.8117984962136139,0.1990035159231779,0.5935921301474218,0.36066075620442645,0.07634457560667182
2017-06-08,0.8148353889184352,-0.13387324782375068,0.6573360431256914,0.3915329102500336,0.004374004253878472
2017-06-09,0.693018715289702,-0.23893669360331038,0.5711548240302066,0.41398252713260536,0.008359554609400388
2017-06-12,0.8684828342475548,-0.2076998675228453,0.5685341713552808,0.29405785929179434,0.06273843765231757
2017-06-13,0.7453672573393298,0.3367944060138676,0.5089302698786481,0.4587042424067834,0.09663607627853465
2017-06-14,0.7896453679507196,-0.004834285271641726,0.590900272027773,0.28399796180567116,0.010633894460179028
2017-06-15,0.8528161253901779,0.3849690990247042,0.5664606180220616,0.6423106130613554,0.03383899171108023
2017-06-16,0.750048603422504,0.08008639877125606,0.6348726045789286,0.3540995539777091,0.02023216421844817
2017-06-19,0.7009225470560281,-0.3223434131237708,0.6638151939474695,0.3470975349361223,0.05628512344687453
2017-06-20,0.7607131618290751,-0.2225528156642109,0.607349361110468,0.32184401407754154,0.016314444174904363
2017-06-21,0.7454368486169339,0.059904083883232095,0.5058856930172902,0.3821417730485775,0.015451332363343874
2017-06-22,0.8401104794751635,0.08565087950337265,0.5647680069542779,0.4214864709463865,0.06920411979217576
2017-06-23,0.7505432452011718,0.39923046395098516,0.5167835001468232,0.42109261619639304,0.012307551518982574
2017-06-26,0.7757512783171404,0.20175250142662704,0.6099893320337422,0.39679811955129296,0.010281531173469194
2017-06-27,0.7845333246556525,0.06570695078278965,0.4403667822176507,0.24110103975222247,0.05115424162630503
2017-06-28,0.7397468154639015,-0.11231973527537378,0.4931517978695097,0.474958257137363,0.014183502645202285
2017-06-29,0.7701059210508736,-0.04293890947736745,0.48944928716332925,0.39554551357552115,0.0024000869890117185
2017-06-30,0.6386657622000694,-0.03259126216116821,0.5545566983523984,0.42419149843214987,0.014737651015303955
2017-07-03,0.691794911826036,0.044963347338294955,0.4967458801445113,0.3187530167707666,0.022588439227410342
2017-07-05,0.8058965692911333,0.40282274467194884,0.549666659473695,0.3182904541359768,0.03847438073662392
2017-07-06,0.7794335223754999,0.1878058314998291,0.577290399472899,0.6743112872463746,0.08227848701299328
2017-07-07,0.7342331215452667,0.050446295983859614,0.6228293309861407,0.5486159237018532,0.01695590614584688
2017-07-10,0.672496103673781,-0.0006715240079962449,0.6170474171218445,0.6890642990399138,0.010173625466575088
2017-07-11,0.805189794187541,-0.07357265873929673,0.49151111514838086,0.6218743357530849,0.03573079040370132
2017-07-12,0.806437079323288,-0.1696133853770835,0.5309657242239593,0.4310186516828704,0.011835097045074029
2017-07-13,0.7971903326944059,-0.179923731509158,0.5095689180913423,0.23470654376270403,0.09198736033201538
2017-07-14,0.8219881144802391,-0.06832369335406323,0.5627522946800557,0.5422258508576328,0.06045063819818419
2017-07-17,0.7809935071186973,-0.022594095189813604,0.5466253539186389,0.4063193603850227,0.05304806406411831
2017-07-18,0.8323082498938973,0.06216767950775796,0.5088809920511154,0.504784905688975,0.06794333117100936
2017-07-19,0.8315242178179176,-0.26766612536409273,0.6119161131490652,0.43647117732084856,0.06672733849820549
2017-07-20,0.7841634975073299,0.201324926319303,0.506108332037611,0.4954164514190924,0.08175625449940976
2017-07-21,0.7511612265131072,-0.29499013594206763,0.48375416968854856,0.4567021832903227,0.010392256283084501
2017-07-24,0.7227265830002672,0.32201522463792986,0.5906906537376011,0.5333439166032965,0.0661731715270225
2017-07-25,0.7762389289838706,0.0515723234589919,0.4707465154597349,0.49957835101574904,0.08107194148524452
2017-07-26,0.7889916727518543,0.11346112505845206,0.6140591163049316,0.339403701605249,0.007636949262660831
2017-07-27,0.7636929225061341,0.06533418430843356,0.48208919682793083,0.38124011787231604,0.09330949483666526
2017-07-28,0.7946474905233485,-0.06508425427456621,0.5935341343358298,0.2489075438183006,0.06558541219427369
2017-07-31,0.8261385620116671,0.13223709496320094,0.49735414454022164,0.3075591431770002,0.03905995744965627
2017-08-01,0.6659858691378774,-0.1590350024827668,0.5774054026157233,0.3943914273721326,0.0785546094002867
2017-08-02,0.8281490440195921,-0.12397421412491041,0.5596602579398627,0.32825013979155787,0.0067313634702295235
2017-08-03,0.721721249689508,-0.021425443434135254,0.4903226080162038,0.24571778509627876,0.095958531444302
2017-08-04,0.7608842649641504,0.02128708328625777,0.5862626685906318,0.49368056771330604,0.009044701846728776
2017-08-07,0.8309971599616416,0.14407149967870167,0.5373458509571313,0.27710550935281075,0.018187233632456813
2017-08-08,0.7774936098967637,0.11935875546616284,0.5928943228925394,0.4686288541731814,0.03193157799110299
2017-08-09,0.8320191717302711,-0.2063995782730478,0.5030176273776078,0.4429350713661271,0.06934208346370523
2017-08-10,0.828047634537128,-0.029045729167783932,0.5145413672171258,0.4687140306002979,0.07935015904650404
2017-08-11,0.7137064586427438,0.3214809099646858,0.47404128993439826,0.2081410576440697,0.08021409283878674
2017-08-14,0.770503350426129,0.339691740475113,0.5453816323673688,0.4751090543003633,0.024590812163937992
2017-08-15,0.7720692881153557,-0.030475499454235406,0.43818696970987386,0.1740613742095814,0.04971022944059017
2017-08-16,0.7798136169220432,0.26250983886804524,0.5320228148674526,0.46235995270520136,0.05324744324103933
2017-08-17,0.849185877281977,0.06575337028821161,0.5080774775204858,0.31814751943499353,0.03846272534401545
2017-08-18,0.8711106281486043,0.10530955583073608,0.4664348404177123,0.28288323321987635,0.04218407610576297
2017-08-21,0.8326531863464457,-0.2074883392816651,0.6045860053556537,0.12435372029092889,0.06934989527709193
2017-08-22,0.8411297598894989,0.09737896223239288,0.5172728048743136,0.3824541564958237,0.07030933133307861
2017-08-23,0.8645364924297015,0.1414117716802407,0.4656431287210815,0.22810900439711188,0.00028661057597373363
2017-08-24,0.7788648606573655,-0.00021422670748283708,0.43428173167289463,0.39446064745176646,0.001715465160011076
2017-08-25,0.74130326834629,0.0018580136613389154,0.5460548937270029,0.5492609947464036,0.09576157713949135
2017-08-28,0.8154444518184644,-0.1442881499660411,0.5267272502653121,0.40631071214920245,0.005957738989116191
2017-08-29,0.703393552268455,0.07964655693845449,0.6006472039444222,0.40324266041870044,0.08487514991263234
2017-08-30,0.69029086601373,0.0060537342217238145,0.4466725539628646,0.4863605506886288,0.08190104524742758
2017-08-31,0.7962432495862565,-0.03418201069494866,0.49035714588706636,0.3787765698384453,0.014414024230280764
2017-09-01,0.770413724717116,-0.15444700426830846,0.4370976498364998,0.5138698946694649,0.0971819601441486
2017-09-05,0.7507299511751521,0.03340862083382883,0.5191591624868657,0.4322020479655214,0.024249740847004476
2017-09-06,0.7113091001450789,-0.33516803291036956,0.4750959627471608,0.4395711532416954,0.00558656658753407
2017-09-07,0.7336025066262843,-0.07098427073984673,0.6105444388527612,0.21545761151954645,0.09620519853814001
2017-09-08,0.7322483002044751,0.37932081371478565,0.5016121727520036,0.32940148345010895,0.037746078322143495
2017-09-11,0.828438445850556,0.011046087296222258,0.4854966335428267,0.41923689270375114,0.096491319257549
2017-09-12,0.7370945595308617,-0.2034982125776157,0.4969499391560684,0.2989003039923993,0.07014017634541529
2017-09-13,0.7705346655898241,0.07088131349486779,0.545014558191738,0.5127924985516827,0.0073770295655925305
2017-09-14,0.7497131749183874,0.09988292158781387,0.5267335545389346,0.4327818715815984,0.08704769772155076
2017-09-15,0.7460270294524771,-0.20561356249282214,0.5269674957175206,0.22931374378069502,0.03652442182695679
2017-09-18,0.7566080283715845,-0.5107262031297196,0.43441305942824765,0.31228660615525755,0.007706529656408501
2017-09-19,0.8248362103814643,0.1376216048808538,0.47335382212084137,0.4729369795129751,0.08137112588919317
2017-09-20,0.8143811481690199,-0.032132969674944306,0.4316635097469694,0.3792087689933886,0.01824245115352029
2017-09-21,0.7651053797413933,-0.2464908781660452,0.5190811519319009,0.42798118543023556,0.07481071243245156
2017-09-22,0.7922521349947094,0.0557846194334887,0.5370819395060421,0.3820671972126969,0.029950769595939286
2017-09-25,0.7800892553685477,-0.0795480568491064,0.47103562393843623,0.5338249630762076,0.03373369905648651
2017-09-26,0.6678115649236752,0.17535199783085284,0.4691532050367808,0.32499618223568794,0.06952470243961321
2017-09-27,0.7830788742032704,-0.29792192247020055,0.459313501767184,0.31508603534870083,0.015588733598590488
2017-09-28,0.7589300870907453,-0.16082753763213772,0.5801197580779436,0.5797016516497955,0.0032119107277494563
2017-09-29,0.6689003238625968,0.10886454095314727,0.5429609410992794,0.45429852023911055,0.05032954227950334
2017-10-02,0.7370943253454153,-0.0488191124317083,0.46259461877261004,0.3579735968841172,0.08326800944180844
2017-10-03,0.7095017485666412,-0.02295776432691006,0.4248913818920467,0.3799865445771863,0.08759765137307085
2017-10-04,0.7075709155450118,0.04136327235828077,0.46609839184865687,0.42905803478745375,0.08295182306919571
2017-10-05,0.8240790364182391,0.3178893872209416,0.3737218181600324,0.3165805906126217,0.0501872437492266
2017-10-06,0.7548456961443993,0.09206556367629662,0.4176717598071571,0.30179075931997845,0.04236702615875768
2017-10-09,0.7765178601328555,0.016977648305333434,0.5193610543192418,0.44436757268881166,0.09731223292048016
2017-10-10,0.7869297216557931,0.03873106332629854,0.5033933556845663,0.4664763089724363,0.09779262837102491
2017-10-11,0.6580338666717888,0.30886669739424694,0.39052311386490873,0.2920838183095508,0.021186424345077882
2017-10-12,0.7586619601674928,0.1345225782179685,0.35113929595068694,0.3971875676058166,0.021890641296126657
2017-10-13,0.8096197519707867,0.1989036232056954,0.4662061103461169,0.3699164713044968,0.07459957374333397
2017-10-16,0.7391925935553686,-0.07853493070521689,0.4500777719435734,0.3110747837529082,0.0841712989488313
2017-10-17,0.7917188461014184,0.02632307465454836,0.5264759467546165,0.4214014389700837,0.046843609569531874
2017-10-18,0.8052169300573798,0.17564279963099894,0.4150525468405292,0.31456903495856375,0.06418908343099049
2017-10-19,0.7584312021254981,-0.004535505097468213,0.46888976862569287,0.4912023670988306,0.016482435952627394
2017-10-20,0.8689974184145299,0.037232391116346804,0.5068813557025913,0.48494562551043313,0.0646647195698484
2017-10-23,0.6767080122398282,0.0056937880876820855,0.5525098197605856,0.33568460027988883,0.010840088206827681
2017-10-24,0.7086719710049018,-0.03716112201995566,0.5008492724584512,0.30913477180845417,0.06031901670902763
2017-10-25,0.8748080638025476,-0.09573927620158913,0.4465397387797942,0.3906378680929389,0.002804885983116856
2017-10-26,0.8153930318852246,0.0034828497996461935,0.5288551108235747,0.3128489405666843,0.05415679149811308
2017-10-27,0.8443844223201757,0.11234220558368867,0.5573266436010728,0.43651606324751696,0.059711075582338125
2017-10-30,0.8112442018864392,-0.1746105119354455,0.48154904333102994,0.534648059555603,0.030912011256623118
2017-10-31,0.8479870973641982,-0.22941311994381539,0.5190251625703167,0.3569056199514773,0.06383889610260866
2017-11-01,0.7351484265317569,0.05696793907108999,0.5640181618057646,0.4451662473284194,0.02691680124777507
2017-11-02,0.7540243775040483,0.10297223598703201,0.489415595783609,0.4412114300730602,0.05647968131666969
2017-11-03,0.8398232850227867,-0.4154319318601656,0.5477340104276716,0.24609450784295317,0.0790225703148596
2017-11-06,0.8314163855272231,-0.12740512197457216,0.4484330395973959,0.46952692270887475,0.031458029220410376
2017-11-07,0.7882085031571205,-0.19983738059233164,0.4471726297148848,0.3812518512508718,0.0008478730772000676
2017-11-08,0.7097956524914402,-0.21229459458472555,0.5161215553238125,0.30341283657449036,0.02824021798278318
2017-11-09,0.7913269645013271,0.2980287191766954,0.5034423791665817,0.41301510619855847,0.019488370652848808
2017-11-10,0.8709048366417744,-0.2375202234754694,0.570973122931698,0.5070857597912483,0.07256881248640812
2017-11-13,0.8127158669586891,0.25834957014652626,0.5271316077827741,0.34170705044007327,0.07026568105420948
2017-11-14,0.8247286645610283,0.226568442342579,0.5689544493444567,0.4044502082319237,0.040728656125449514
2017-11-15,0.7341902743193337,0.03827245082232223,0.5613968950149366,0.5024351789859965,0.010100288318229546
2017-11-16,0.7485161936462703,0.06307457922547802,0.4494536873054673,0.49849501030058513,0.01501866580820479
2017-11-17,0.7308345621637469,0.15705107191430948,0.4580449708972125,0.5031415906434008,0.03821117317449527
2017-11-20,0.7860917595011385,-0.15627153912338926,0.5519913009786862,0.34096383081946696,0.08520270961329958
2017-11-21,0.8074777518722565,-0.05482229507614429,0.4320284207597837,0.3017583759519063,0.015153781087975183
2017-11-22,0.7484792645656358,0.2736378047497156,0.5638046990959393,0.5623861412322142,0.08852038728144224
2017-11-24,0.8526817608014929,-0.10695016091818299,0.5106841999391108,0.35887200756694615,0.07184627073375141
2017-11-27,0.7364244697349462,-0.36829894186729173,0.5214785154753554,0.2714434406288889,0.08074760338772813
2017-11-28,0.7682914059232836,0.4231541619125969,0.4974678225782837,0.41947740056280675,0.07688257151734422
2017-11-29,0.8153324192904642,0.0560582583931814,0.5382864717565872,0.36375975663119203,0.09636673592151695
2017-11-30,0.7584061012469384,-0.19200210443756566,0.5666994915288972,0.22585083433859043,0.07287206397111633
2017-12-01,0.8185544169191101,-0.2807396769490485,0.5732701597814858,0.3646182473787819,0.09302272034334855
2017-12-04,0.708406565593346,0.1158597290159273,0.5738490872621446,0.3561921351896463,0.07853518585204898
2017-12-05,0.8060305274339467,-0.4570168989338701,0.4621515373074404,0.5292408930468729,0.0360316355701318
2017-12-06,0.7588165362901043,-0.37244266528976955,0.4940151405481176,0.3076599527474919,0.043090144574651795
2017-12-07,0.7617019134263537,-0.07415019676152948,0.5386883603258703,0.3930533948387426,0.07741750008081905
2017-12-08,0.8379869627518509,0.08490971994393381,0.5534146734824192,0.5165157123894522,0.020882064101852095
2017-12-11,0.7505615624785209,-0.25237548867169707,0.5932811905193607,0.4135841748108113,0.007499828903388717
2017-12-12,0.7769675603949464,-0.12666598430604728,0.5029008531948258,0.48467223387708436,0.06277896463454107
2017-12-13,0.8192327899068805,0.1567646811493317,0.5742074562089611,0.4569029537259759,0.0804726444296105
2017-12-14,0.7765761365039079,-0.03507593686419612,0.5958958936495238,0.36262791295095664,0.08704574801738732
2017-12-15,0.7884989606940374,-0.1608025995908493,0.5032394009073294,0.3763845432142774,0.09689471185012388
2017-12-18,0.7298030811636418,0.15957036509566008,0.47130010701034764,0.4099229623381073,0.00871676839807053
2017-12-19,0.7766254048421091,-0.3621599156639362,0.5174901336915018,0.42556995380481427,0.03137187001833143
2017-12-20,0.7914363996647035,-0.04086144172003317,0.574228334962081,0.38906837427639596,0.016147248497725898
2017-12-21,0.7706826456037529,0.05033077379731074,0.5875793517464946,0.33242819975844684,0.03633282657963669
2017-12-22,0.7456589063740852,-0.13377929834584296,0.5254675254448615,0.5426234258079765,0.017918625258397325
2017-12-26,0.7986362659664912,-0.2262179490337684,0.515468151507049,0.43727672242764026,0.025794409950184307
2017-12-27,0.7246746109533615,-0.14506800816295137,0.6135957238981551,0.33866243715268135,0.025602630349357693
2017-12-28,0.8177333408014693,0.2510646379061877,0.5105329575962833,0.3110037443442859,0.06502920830559787
2017-12-29,0.7561933956759418,-0.217725544134725,0.5541169044163109,0.37943480881466135,0.012396622428060056
2018-01-02,0.7980290007943152,0.27938869124656424,0.5925941520691964,0.44892397754123564,0.003959264131987173
2018-01-03,0.6816975793516041,0.08867519642047504,0.638710601378698,0.09894774836864834,0.04009392142968865
2018-01-04,0.8144691271487813,-0.03187171495129286,0.5109480202729099,0.4801128583911954,0.09171401163979231
2018-01-05,0.8654852950303665,0.15504614576755074,0.5357357076499903,0.3056530175591844,0.03667322658932153
2018-01-08,0.7872313816894773,0.17463385847631763,0.5375066188911437,0.37096170083492036,0.09520449587229297
2018-01-09,0.92110001249192,0.2157303891919452,0.6152166362978161,0.2539714093941188,0.06822008968382644
2018-01-10,0.744640566035327,0.014936327890847806,0.5085019750862525,0.5600397298889295,0.02628274327323482
2018-01-11,0.8505156153295323,-0.10670906747681075,0.6486009012109641,0.3995747903280058,0.06825555864175824
2018-01-12,0.9094694858694525,0.02893722610500729,0.5890579432148959,0.5399903441169559,0.06438667852957447
2018-01-16,0.8438816674903905,0.10214641322717871,0.5565318209513651,0.451413269999312,0.024481678530384066
2018-01-17,0.7391907914061943,0.030426743772823173,0.5089491554105763,0.22191183599196987,0.000794294591666922
2018-01-18,0.7825213382069722,0.25245557813433445,0.6115261937352612,0.3918087704274392,0.029066060018406573
2018-01-19,0.8673494849087748,-0.11381227816931475,0.4701612496193624,0.1817898705799038,0.03992804203467756
2018-01-22,0.7209404529702141,0.16332494865244576,0.5367340499989999,0.4460958641857302,0.03882229989331877
2018-01-23,0.8623141691791989,-0.22001939251556124,0.5931956545625108,0.45389630726557223,0.009350312016113072
2018-01-24,0.7369631005763448,0.27084218504901664,0.5556760964949012,0.3616247019086991,0.06424844826394004
2018-01-25,0.8855806609208987,0.10455334847334363,0.6171108215507114,0.535489293152184,0.046485299698352106
2018-01-26,0.7474763000270391,0.24996421941073585,0.5465302643568155,0.3455376610661703,0.0731778123291942
2018-01-29,0.7664000013845932,-0.12441296698899096,0.6150295126455934,0.4267210655145056,0.0922490748740322
2018-01-30,0.7554387792691444,0.13490100663096435,0.5609142852145447,0.3671929629635324,0.019947099984825002
2018-01-31,0.7824341942450772,0.09269207113324344,0.5949102043657466,0.36367508177471697,0.03172848622681464
2018-02-01,0.8223555603719701,-0.044478830215931214,0.5434054907370207,0.2531978351232649,0.04862950162040828
2018-02-02,0.8291589240499511,0.0024780152388015108,0.5874274867625565,0.5045802915699515,0.04762194686705354
2018-02-05,0.7561296884201092,-0.2748798496948257,0.5825117815012159,0.43079615520802955,0.0038282338865706423
2018-02-06,0.7668575466919814,0.2947475156152338,0.4554104794431814,0.5120056637899784,0.046996754516298915
2018-02-07,0.8195576825182114,0.09135415554009187,0.4136109975212223,0.5283888783270269,0.032018661922370316
2018-02-08,0.7286782944682058,-0.10153839567667736,0.5725547112738241,0.44074180346519753,0.060107741336677616
2018-02-09,0.8119714021096275,0.1785681108638593,0.6225460911782631,0.4252927204213126,0.0936459666554135
2018-02-12,0.8007961329528795,-0.2181507431644493,0.5461521327417798,0.48954602236748324,0.04301097391438546
2018-02-13,0.821860474336434,0.1447598832888842,0.5586129609344315,0.4910492131943696,0.005407751509169401
2018-02-14,0.7219377773759821,0.2154719619724546,0.5719104249659834,0.5684170406340633,0.09526450094477563
2018-02-15,0.7039278953967257,0.35268080918370437,0.5674905711405177,0.3620520743988256,0.026984811016970336
2018-02-16,0.7897419409492799,-0.13941578256013937,0.5825466362070716,0.3262373734729146,0.00835912834237359
2018-02-20,0.7449468234510407,0.09737719006011437,0.5433732681977702,0.3231805764994518,0.04050684800871395
2018-02-21,0.7113604375126796,-0.10078613599226789,0.654575727607032,0.3154066359897032,0.07122067023174533
2018-02-22,0.743418336740638,0.038784389296307106,0.5709883481556011,0.6228154433349651,0.05247779430009789
2018-02-23,0.7718736017661872,0.06704366924347435,0.6372374557888807,0.4924577865862851,0.02594472258096805
2018-02-26,0.791664379077869,-0.032225497337200246,0.692741277659569,0.39002397246857334,0.009244126003203224
2018-02-27,0.757915494778576,-0.1291697976588037,0.5056722433450547,0.48216157522371633,0.03420191478980017
2018-02-28,0.6625965801449587,-0.0011445681809841427,0.5822294922605048,0.6239965192231448,0.016453328131590263
2018-03-01,0.6884174385643187,-0.18022065739687143,0.5861152532305122,0.3802470662530832,0.0419101077926347
2018-03-02,0.7525227704594978,-0.01619758188043348,0.5303767911705735,0.43571928789949393,0.06888304932702884
2018-03-05,0.6639257328961211,-0.005153871175451415,0.5645641750266658,0.5016287942756636,0.06966900858043432
2018-03-06,0.8677655535316653,-0.06621043375007155,0.6645011060347228,0.36838837193695895,0.06929014367633825
2018-03-07,0.7316936738435456,0.34918072643712394,0.6213731258415902,0.40044385226098145,0.0009931508905503428
2018-03-08,0.8143588737549324,0.054843007026033466,0.5922294120852571,0.2673565172692004,0.05971286386144159
2018-03-09,0.7664731631419367,0.12465108469169456,0.5898943695561717,0.4902325761130386,0.06679624883717995
2018-03-12,0.7991827511933395,-0.1756272636170814,0.5310199014060469,0.38428215000698324,0.03237325747613828
2018-03-13,0.7537885775947707,0.06726436192433723,0.5613591194075201,0.3384607674245123,0.09389690587994202
2018-03-14,0.8326534858797456,0.029640593725579575,0.5624031653517645,0.40176418087350196,0.07367192859435574
2018-03-15,0.8489455621500841,0.058757337654944536,0.6274465076634604,0.3247765463472558,0.015050627959147923
2018-03-16,0.83132096885673,0.46362045209276037,0.5584708891522323,0.2818106025628011,0.014748658611957477
2018-03-19,0.7887771121917574,0.1751010099688821,0.5941251281932366,0.2946793603957337,0.0113606876075393
2018-03-20,0.7745707919109805,0.11961845455549092,0.5785310628767804,0.4607255017754922,0.040638663815559965
2018-03-21,0.8382355392619956,0.04804612515408953,0.5976588429246711,0.4829343925226282,0.000367689123927506
2018-03-22,0.7371949586281386,-0.19094196673858455,0.5858866779785025,0.3508120545185533,0.08325108279084197
2018-03-23,0.7398329012354763,0.36609369499975486,0.7079594498392651,0.3646294957744418,0.04493286508241027
2018-03-26,0.7845859474874183,-0.037568564012758196,0.65508045524102,0.5305645561840048,0.009744605449204125
2018-03-27,0.6911368100655177,0.09520216001312513,0.5344502846174456,0.5758272157875278,0.0979031988886423
2018-03-28,0.8020124015105199,-0.16466990767252723,0.5877964066569746,0.3711022741733842,0.05460862277029782
2018-03-29,0.8062556471442908,0.20838252083549566,0.5425084807247716,0.5838754500912114,0.03775565714846349
2018-04-02,0.8602845053910422,-0.17506471351820907,0.6036365930079258,0.5710808544114316,0.09523768811759278
2018-04-03,0.8416459293338742,-0.06734860600957913,0.6406959250057884,0.6997198291719139,0.05768364292018448
2018-04-04,0.7852579990925607,-0.12652965028800386,0.6085675682988129,0.4246552095497318,0.08137793493553583
2018-04-05,0.7537731630499951,0.08832501356284339,0.5371793841294049,0.3334466132991321,0.08966549136263535
2018-04-06,0.8179122388077399,-0.3509741703084503,0.6449959120908084,0.1988018634294297,0.08677581483479242
2018-04-09,0.6934337710561843,-0.09979574861117708,0.6139066194799039,0.5325263603127389,0.06489116772938383
2018-04-10,0.7828811381579798,-0.049310721515197976,0.6284217477202697,0.31291011795320656,0.041038681083715695
2018-04-11,0.7869707579673203,-0.239889251591072,0.6034368382608505,0.3870163674150597,0.05424670161742656
2018-04-12,0.7397866039275292,0.03300812730754783,0.6070848313440896,0.5175454012339136,0.07650811399208501
2018-04-13,0.6997183298468607,-0.015209781539408522,0.5609797185196194,0.48697620581762924,0.01758138050051299
2018-04-16,0.8176956032596067,0.10157596901372422,0.5632208746023605,0.4885470582940096,0.01768951606210587
2018-04-17,0.7034934535628334,-0.34706214071855435,0.5343968211617404,0.3966525189673094,0.05427628788044763
2018-04-18,0.8137582200494147,-0.5952064948019049,0.664091086095695,0.4131112196178434,0.0845091608610791
2018-04-19,0.7016113826205113,0.020189394057916206,0.652329598236813,0.4599441015306259,0.043749367173095965
2018-04-20,0.8349536531276983,-0.2732493258794222,0.5767383325650772,0.3075307769476468,0.06203764895938451
2018-04-23,0.8658790102522159,0.127872568697326,0.7389109812684919,0.35323904665827727,0.08569972671510656
2018-04-24,0.7437662894158847,-0.02856532771903011,0.6651579897875529,0.3633880310624653,0.08059397625717113
2018-04-25,0.7862218798953472,0.019338140577363914,0.5978809104743313,0.33476015395375225,0.06496245862277336
2018-04-26,0.7731354466044817,-0.036020520270271576,0.5951801987829007,0.49435168181527084,0.04112796642160065
2018-04-27,0.8680314017312246,-0.16808695253394138,0.5755976284067343,0.31749881015938136,0.07517267586575872
2018-04-30,0.7893550768611136,-0.10766989150219537,0.606023984508607,0.5103626910444787,0.009970207239333652
2018-05-01,0.6537084157097696,0.09835597792013819,0.5706108503953541,0.4460422267984389,0.05812335819443363
2018-05-02,0.73517652811249,0.23925219766137504,0.638857385841201,0.4568352148542643,0.0289904459206054
2018-05-03,0.8196612858905049,-0.14912409343443472,0.5617725376950202,0.475243620081748,0.02228793708747644
2018-05-04,0.7416135428615694,0.2891270093316174,0.5761218908405352,0.45018943898606223,0.03810798310823821
2018-05-07,0.8849624759627546,-0.14124467081361533,0.5943081366334851,0.5054183164637308,0.046957424246185646
2018-05-08,0.8275638694438265,-0.06556306204787163,0.5645320153390248,0.37668640674549486,0.09676161020528616
2018-05-09,0.8523928883075682,-0.055821171271989316,0.593760864263533,0.35732135290765754,0.04129347421824452
2018-05-10,0.8152774282397993,0.031105007516731273,0.5391581377664186,0.30311758859650056,0.07038349567699072
2018-05-11,0.6800697216722247,-0.16626428182512323,0.6284902288219578,0.5323760538012268,0.0007605134990936514
2018-05-14,0.8142779181608593,0.11092644012813627,0.5807877428779167,0.4774914554913987,0.022393659880430107
2018-05-15,0.7943139111540942,0.36088979439742497,0.5816099591370871,0.5343008083736132,0.08796071608266372
2018-05-16,0.823705704090893,0.14708865724083175,0.48536502759133016,0.4929189561547711,0.08384841747781117
2018-05-17,0.7736246010545423,-0.08878529888697835,0.5111906757199851,0.39944128660318173,0.04147165244318605
2018-05-18,0.7816775798409121,-0.2606003843629609,0.5110585964607592,0.4486619480128111,0.09001872532744636
2018-05-21,0.8235852565530689,0.038056581984484354,0.6403622612941151,0.39136150156485017,0.0015530064897588014
2018-05-22,0.7772824362799899,-0.1834056057481581,0.5041547271425387,0.5854662133859585,0.037440574050523055
2018-05-23,0.8365649525124873,-0.27850251342769566,0.5892911999407825,0.3899953688896334,0.08200343902501868
2018-05-24,0.7663003763418479,-0.0818035695629879,0.5998945180031809,0.4818175525471475,0.03350899381221141
2018-05-25,0.8001195584514103,-0.024103674875838744,0.5722880575089176,0.4936814316922667,0.09928291248531616
2018-05-29,0.8031722469058031,0.014537892607086636,0.5755404987634244,0.4345270509612289,0.09734903230619608
2018-05-30,0.7565825655720275,0.1643077634616421,0.5228184288504787,0.35885434902335184,0.06444343581297825
2018-05-31,0.8105553047723012,-0.22657656267085466,0.49722884838018444,0.406307767542924,0.08013316462333528
2018-06-01,0.6951770922776765,-0.2597607108103723,0.6129692419142869,0.37952147423942645,0.012887046440982597
2018-06-04,0.8442743474854493,-0.24096286818749102,0.5681789505220984,0.43995845532077593,0.09773556346305662
2018-06-05,0.7214742534935545,0.20635238089992494,0.5976423517566556,0.2390712913312566,0.09041713723400603
2018-06-06,0.77811291018957,0.07719134725172655,0.5418308704830934,0.2520135094491186,0.04374015870017522
2018-06-07,0.7939229394723706,0.4422485900565123,0.5512034827764672,0.5569241181284709,0.08011719742888979
2018-06-08,0.7423855589119266,0.04310912700199035,0.6083417159820518,0.3991586334028635,0.0631441068477435
2018-06-11,0.7651132175559384,0.14522550427007475,0.6619428968226749,0.43005869246391315,0.08430307266277959
2018-06-12,0.7541969911734827,-0.03795031145193661,0.6925464436723531,0.4134907116338128,0.02602301227848073
2018-06-13,0.7502793150711013,-0.229013583296508,0.4744520263308174,0.43635842738461905,0.09487003037512648
2018-06-14,0.8127320996412252,-0.07933923599304138,0.5641799199666383,0.28295382907113764,0.009326540697843
2018-06-15,0.7866464232413751,0.09629906411342491,0.5373471697757141,0.5690452669585839,0.06288941261919755
2018-06-18,0.7381446836626544,0.05669532080379647,0.6040280071856838,0.3922710499850618,0.002781833423748337
2018-06-19,0.7705761590552754,-0.28577323008993244,0.6286409405381508,0.38301067983324044,0.09205943940013639
2018-06-20,0.8068682712467413,0.13454409757202818,0.5285174725431209,0.3802471395708785,0.03824048491216441
2018-06-21,0.8467241175371752,-0.223439533148089,0.6654838931174316,0.32551272147237265,0.013054801511328063
2018-06-22,0.7210241271679745,0.02646180413770692,0.6686583055498534,0.2089034064407795,0.06315017922043036
2018-06-25,0.7729492140755154,0.09525300345131114,0.5573684736560741,0.43819216700030095,0.023972188422473308
2018-06-26,0.7440983458913863,-0.11994436918627621,0.5474095027361002,0.2870111912097249,0.02969225063460239
2018-06-27,0.7777656799279905,-0.07774905873430028,0.5304716057384377,0.4320506412598638,0.024525441770488477
2018-06-28,0.6889670253400348,-0.04581802067663073,0.6689836072484594,0.29138903136743755,0.0786048199073277
2018-06-29,0.8442750248242207,0.01093122418253975,0.5221091604446276,0.26793583404701937,0.06592576954644089
2018-07-02,0.7869840982642616,0.29067942116293527,0.5302168995302566,0.3919038575263227,0.09349758933765406
2018-07-03,0.8305185425095166,0.06817415826925617,0.4702036546515095,0.40988872158551837,0.0638386569803937
2018-07-05,0.8556117455332799,-0.007388237293499664,0.4100242500596921,0.43882149915910734,0.01034192302147412
2018-07-06,0.7700771780227982,-0.3658188827842434,0.4622801166765729,0.4975107143288809,0.059589444192263724
2018-07-09,0.7433808627202461,-0.1814992761471984,0.5418916811114824,0.33557970016800615,0.02824630384295781
2018-07-10,0.7850024313888873,-0.040544005887334075,0.48282159982472733,0.34888022014386155,0.009277714101509316
2018-07-11,0.8021376660654552,0.008383608047725108,0.5378741486506587,0.5937384241179384,0.036139731789171035
2018-07-12,0.8165518762692768,0.1704882529642685,0.532825122150902,0.42201451903512754,0.039080020860337995
2018-07-13,0.7584450005237153,0.15550995310482565,0.5347584437926648,0.4222377748930557,0.0021956968409904245
2018-07-16,0.7880305651077585,-0.003633376281090901,0.6846707883129255,0.33333807225052775,0.09592171730524507
2018-07-17,0.7462144234920655,0.13881934936235138,0.5071708301206832,0.3708593638651107,0.06873364107303852
2018-07-18,0.7256794523322191,0.09831158388051739,0.5613139052542686,0.36848079400765554,0.0313584935915111
2018-07-19,0.8157408344240037,-0.37162500274671834,0.4999342488349428,0.38300208137890696,0.08085490551673147
2018-07-20,0.7213858751548524,-0.3497426074837444,0.5190623533359026,0.46940200870607424,0.0010140291628525921
2018-07-23,0.8441054195713257,-0.10945757664107458,0.5686872012266586,0.4636542038075668,0.05672938498199984
2018-07-24,0.8409304087167249,-0.07003820607080033,0.4413014563063853,0.40701858524227447,0.003145047364538256
2018-07-25,0.7293103129515138,-0.14470102181240152,0.5153711509692896,0.36610723686508573,0.09937395777313689
2018-07-26,0.7870779633447897,0.1406312632839235,0.5112567465684892,0.4395697506608005,0.061400499641889976
2018-07-27,0.7807408004965253,0.18709887917568907,0.5194313745455503,0.3921073324225445,0.015838826836458254
2018-07-30,0.7612799776000547,-0.03244970799169909,0.4873773340323248,0.3117402713856487,0.09265831792473317
2018-07-31,0.8187882692641363,-0.21664033663692028,0.5098396694331561,0.5015342786270997,0.0029555242776529325
2018-08-01,0.7623649602498197,0.165748090737115,0.49549428382923133,0.29488363936498063,0.05117447209429813
2018-08-02,0.700258707254959,0.26254481385453227,0.4674613908528138,0.47471865901250937,0.08668742579586107
2018-08-03,0.7300026486603309,0.2634767835879643,0.6339100698129587,0.23134699403096634,0.021695778540892607
2018-08-06,0.7257621782920594,0.15462637276064495,0.5470688126031554,0.4776921854760192,0.021976111146392488
2018-08-07,0.7513122224797812,0.39750683220467353,0.5266176863441212,0.27830374231564803,0.09398481035722811
2018-08-08,0.7673425749978527,-0.24071337924576652,0.5995694933517228,0.33396687371998834,0.04815748721304352
2018-08-09,0.8046241742372311,-0.09413462899643604,0.4885691431968869,0.20897458187189494,0.03485533796853093
2018-08-10,0.8099087301495284,0.2598362505258368,0.47286528610632594,0.2454770885001329,0.02943208773958962
2018-08-13,0.8201658021368915,-0.3292482698212502,0.577672204004364,0.309560487704538,0.04958017053906767
2018-08-14,0.7248353628587687,0.049692484226258306,0.4641520116001164,0.3292888918706791,0.039994215162357766
2018-08-15,0.7976990966335503,-0.48582246743332924,0.5975534004859457,0.40436401324657384,0.017295951543656318
2018-08-16,0.7153516993798237,-0.20344907385736832,0.5643984485390895,0.46010529350741036,0.08873148911997387
2018-08-17,0.8493390328642606,-0.13654856896084697,0.529039424393407,0.44265679117836776,0.039282592462669755
2018-08-20,0.8147633750126119,0.2254562246864139,0.47659359203783525,0.38858297322395197,0.07664488672284699
2018-08-21,0.7494925127209928,-0.010522374671275132,0.5468159365836913,0.23459644997392978,0.07940995261507616
2018-08-22,0.8354685784729643,-0.22783642485274994,0.4959745677366083,0.5243941924966125,0.04878317895045256
2018-08-23,0.7964004858991703,0.06790598965273197,0.4517720069010985,0.29559140641761594,0.04237373217666878
2018-08-24,0.827062819833446,-0.11782870909687795,0.48552953987667763,0.4963951251054712,0.0815892199566578
2018-08-27,0.7275043227315237,0.0538470265772516,0.5109071120847165,0.3997314274136758,0.060729565011744084
2018-08-28,0.7540782184061249,-0.11597103629266568,0.4543632856341091,0.4482665026041307,0.05671420347162746
2018-08-29,0.7465925404241632,0.1937489242334503,0.4965858349690039,0.29415495105789624,0.06326984675179548
2018-08-30,0.768109305892579,-0.0821714398272949,0.5578133344979297,0.3630999810748468,0.01672490528929955
2018-08-31,0.7661894809399837,0.2823093410984871,0.5323287252530249,0.5662706016003497,0.051135681013065315
2018-09-04,0.8429522502031953,-0.17743251767257093,0.5547704308711829,0.5525303292074591,0.029347354623587497
2018-09-05,0.8566406566161711,0.19761919671533748,0.5532712146739497,0.3697338956324451,0.06450979705928123
2018-09-06,0.7381308957825213,-0.07044346377949136,0.42129113891012226,0.5342795315421706,0.03522533357017239
2018-09-07,0.7658353520291145,0.25826614581299195,0.44260458930420277,0.5082624921002211,0.017990423596680506
2018-09-10,0.755255967091034,-0.25687388166183484,0.5845641577412382,0.5107311669340775,0.07908963723921396
2018-09-11,0.7905896210092892,0.0067875770269926255,0.5248875542359829,0.41946285779174114,0.007264033120262737
2018-09-12,0.7403862022914265,-0.08241045395698439,0.600665677139741,0.6672156742628015,0.03719642843681549
2018-09-13,0.8581334252615342,0.09564478803252469,0.48547408375406076,0.3201814106103034,0.012230360515142225
2018-09-14,0.7433858794784899,-0.11065353173735214,0.6096655842999052,0.5806282296382599,0.0010901024317760855
2018-09-17,0.8173139194967697,-0.19212263528256524,0.5460830321013644,0.3761382971489395,0.04653766272028479
2018-09-18,0.6723495280677939,0.057420127480251874,0.4591375285544581,0.3191946570909963,0.0898743973915642
2018-09-19,0.7674796003215997,-0.09966459458848259,0.49933771535775306,0.39176694499827946,0.03855908832223285
2018-09-20,0.6862095453576185,0.30405559777656666,0.4517135808102199,0.30476016148695273,0.0527262361477788
2018-09-21,0.7635723374104851,-0.02166696947385884,0.5736778031269943,0.4269423452054901,0.027804846850235477
2018-09-24,0.8083232742054768,0.05490723751665634,0.5119287184481539,0.43097295030870086,0.088336012368967
2018-09-25,0.6833632928715531,-0.04998369696790573,0.5583736402480916,0.7942331010806686,0.007482419590613532
2018-09-26,0.7197845533730245,0.08461599206487057,0.4716279199153468,0.604765190389685,0.0421750140802055
2018-09-27,0.7123108619604259,0.12498789806317595,0.4297541003892847,0.3681433331939168,0.031778329471792634
2018-09-28,0.7782843334625096,0.2139383363479216,0.44620548248805375,0.4663383048847386,0.01971232522253672
2018-10-01,0.7809388861693973,0.054558677257195924,0.5479166646330225,0.27174433069947124,0.0498650968423425
2018-10-02,0.8205297486574297,-0.11378097061788495,0.5548020242603361,0.43345576345378806,0.042123724609061344
2018-10-03,0.7695235809241473,-0.11800519381816428,0.5411962171750667,0.5260951685480928,0.017113972903363906
2018-10-04,0.7533574229569908,-0.2266013131562794,0.5347799220430627,0.25514690579663,0.03828575181694471
2018-10-05,0.7147243781208514,-0.21254005510557983,0.47934952345911946,0.2663668110784555,0.02850369141834698
2018-10-08,0.6830600045309212,-0.22708883886742465,0.5324922770319055,0.2728455927873233,0.08561030669194365
2018-10-09,0.7629865161022915,0.38933969247311245,0.49802142749688266,0.43425309897295933,0.09116431434584547
2018-10-10,0.7326979990874224,0.43269497074002844,0.47354164256132647,0.37718953155484836,0.08416428638015207
2018-10-11,0.8458529338983682,-0.03634684897072379,0.5031416555426856,0.37183116792108706,0.08958295250942334
2018-10-12,0.7662583810971386,0.07410040216561835,0.528549799950573,0.3356751568787433,0.003912024451337648
2018-10-15,0.7416959771926536,-0.12182721777151265,0.4313931787659424,0.24095697414807027,0.0069454114659826096
2018-10-16,0.7948583573612454,0.1877191606350224,0.5452213641372561,0.16180087268633417,0.08025132821133649
2018-10-17,0.767746745647837,-0.2204183911185118,0.5090834932661357,0.35821764811906187,0.027467354623369612
2018-10-18,0.8095955953122295,-0.003830618080268275,0.40733828308793996,0.30329141272004595,0.040034434258764386
2018-10-19,0.7802892557413327,0.018022085846217267,0.4321104569313945,0.24635402964538783,0.031317466120286734
2018-10-22,0.782812266878659,-0.2807334612101055,0.4198147844573829,0.35548594873686584,0.03933274917188571
2018-10-23,0.7555776954330675,-0.17568009546786023,0.4683711806509615,0.4013835723222395,0.045458174119395484
2018-10-24,0.743991854816009,0.014139404332967873,0.4848601173126806,0.41676501553866563,0.09671525277977572
2018-10-25,0.8239102782718323,0.16784956907811907,0.5686332299044268,0.4838146896897161,0.03739060829408746
2018-10-26,0.7919278765770903,-0.08668632752802892,0.4851873686805634,0.312222269356419,0.002928818184148041
2018-10-29,0.7802264645525779,0.13947749574238696,0.46943037393667086,0.39627821413362263,0.0010396027108538265
2018-10-30,0.7461318885639115,0.04187086603752295,0.47865039496801054,0.32604894287059477,0.032285904036006896
2018-10-31,0.7460016652533987,0.10066575476911332,0.5017008889106084,0.35715782699999643,0.04356824623520766
2018-11-01,0.7930702251273606,-0.0829032434935301,0.5632959098717794,0.30261338463067433,0.01911596933313303
2018-11-02,0.7706514243591359,-0.2809530443334002,0.49007068486814936,0.23203645022933703,0.036887953293433494
2018-11-05,0.8173158261279564,0.1533007534011158,0.5480311469384438,0.4028872480174468,0.09895650297771495
2018-11-06,0.7360064797644954,-0.16006812640718993,0.5858252112387461,0.5435677103799796,0.08680148724652155
2018-11-07,0.7861277578475386,-0.10312680681606544,0.57825378870823,0.330549683861519,0.07849440354338004
2018-11-08,0.7914424604047954,0.2703914610796917,0.46852359081950945,0.48292235856371124,0.09471448608062423
2018-11-09,0.8060280397921935,-0.007903308446312205,0.46119846995495506,0.32755602398967243,0.03293289742463945
2018-11-12,0.794472553642533,-0.2846673589762773,0.5190650761083028,0.45410509840616636,0.08124855263498162
2018-11-13,0.829261008640455,-0.2796714148920445,0.5789152243429068,0.5695363494179936,0.017033863011642104
2018-11-14,0.8005075783856798,-0.2076097162849321,0.4972832898517803,0.39524027548814933,0.04606937625996874
2018-11-15,0.7935231754365278,0.004396310528720486,0.5283436512812757,0.3909253242660877,0.08618948992192856
2018-11-16,0.7932553547256121,-0.09210468423226277,0.4979832666806417,0.34239748295233324,0.08877984125178583
2018-11-19,0.8758629767252036,0.29278015723486456,0.544540536224538,0.5325308997267739,0.041329391775208446
2018-11-20,0.8199230669488942,0.03625423190281104,0.44214491487367574,0.373783607987486,0.012237330914857758
2018-11-21,0.7632481053990824,-0.22661503461843138,0.44377266331093607,0.44927193465670257,0.05778847223365814
2018-11-23,0.7962252161185407,-0.2334793960135224,0.48212958088823527,0.5161222273154163,0.09763494527380288
2018-11-26,0.736115174324172,0.034159780786760484,0.5120160321409628,0.4506363471062063,0.0730864580591815
2018-11-27,0.7371946173671785,0.018016695508021405,0.5306520302434914,0.423018080622922,0.02638120335802583
2018-11-28,0.7839536928981307,0.06892186411882202,0.6325235939973597,0.6561297776771107,0.008279427403963868
2018-11-29,0.7480391929606639,-0.4636485960704998,0.553437027395571,0.4186252459901266,0.08728723320541998
2018-11-30,0.833052092959179,0.05697717994306345,0.5273274380607128,0.5128906595877223,0.07352682788361868
2018-12-03,0.8434390294206922,-0.2773120117561997,0.4858164443991494,0.3894407040711322,0.007801672872263488
2018-12-04,0.7849218811962292,-0.04519664067044975,0.5491210694014501,0.49961047893171007,0.0060266928467716755
2018-12-06,0.8661354855360365,0.11578260475457991,0.4863417656475618,0.3852623774802182,0.02161354680966614
2018-12-07,0.7762323879370222,0.10292804799623181,0.5491501755506594,0.605039665111151,0.018791742986176585
2018-12-10,0.7569243432372545,0.07695010675336064,0.6498623491089616,0.3414793103096399,0.020866145800050653
2018-12-11,0.7872574348085177,-0.1889761002248031,0.5370370192691198,0.32197828518623584,0.052764463807588306
2018-12-12,0.8323400451745674,0.029463771806279068,0.48697375685088995,0.4840567697791672,0.07604879583744806
2018-12-13,0.7889833019435794,0.19056375544469098,0.4771762445392999,0.4368824412248662,0.045402196537918854
2018-12-14,0.8186670847322355,-0.0846754980471473,0.4724295648040386,0.39583925046296065,0.05045114092950558
2018-12-17,0.8414057646890465,0.2251860661268113,0.5164442360330914,0.27169145636235575,0.021878483084363666
2018-12-18,0.7584410139825214,-0.09369553014638249,0.561024158752838,0.38949984970958784,0.09750646833511584
2018-12-19,0.742336789413143,0.22085261345213358,0.5465626180899239,0.4435415652730941,0.05134640425668711
2018-12-20,0.6937507282934366,-0.48485297413945716,0.4685066356658249,0.35194565743932243,0.01879534726488539
2018-12-21,0.8088178008806904,-0.46844937408145965,0.6208719735283855,0.41705660267701267,0.016419632499118143
2018-12-24,0.8480147496474956,-0.17719401649482575,0.5689732714666346,0.4085195929970788,0.08698313800785115
2018-12-26,0.8208843156527277,-0.04675827351994342,0.5691512602368622,0.5102195318771201,0.014728973404283908
2018-12-27,0.7474411853054113,0.04844884649792995,0.45195462872833025,0.4702503019063358,0.07450259932145414
2018-12-28,0.8777331271731246,-0.24888720954973909,0.5426369991333343,0.4880481300914114,0.08940980543259294
2018-12-31,0.7815708736733276,0.03301991029864516,0.530234998288669,0.3571847746912086,0.0028586249621513574
2019-01-02,0.7856652923207311,0.008334284427871172,0.49264783995181494,0.39339780140539715,0.045264091604915874
2019-01-03,0.8684266969354664,-0.08382675871778095,0.49071646919973905,0.38485839320135734,0.09269277196400186
2019-01-04,0.7542693593937853,-0.2676683650643879,0.5603961935106881,0.3289717962848922,0.04314736367170962
2019-01-07,0.7587642916573363,0.030685476077077802,0.47934757849100085,0.22584303497488753,0.05021903919491799
2019-01-08,0.8235436097250967,-0.3861667201448166,0.5080253854374623,0.22001604646115624,0.005315707207724896
2019-01-09,0.7656931766575584,0.08561174953023312,0.5633270998147534,0.6391873389457284,0.009781269765745393
2019-01-10,0.8443457808894501,-0.18623157003132026,0.49870610273918947,0.6706687940975502,0.07320016095639763
2019-01-11,0.8431286002866681,0.11787392145391438,0.5631475614913708,0.4273521567475017,0.02940058945823433
2019-01-14,0.7158963362258788,0.03140783403935357,0.5654871986326546,0.309586115689852,0.059404916521851495
2019-01-15,0.763073677321576,0.30303527868871116,0.5565003746414257,0.6071171302533112,0.04936162271992747
2019-01-16,0.7029660281756309,-0.10442603724514957,0.48622490936121093,0.2790577546108166,0.06811605248590667
2019-01-17,0.7485897147170352,0.06306192535411824,0.5777558405894954,0.33207096803723946,0.09589717172911971
2019-01-18,0.6786100221331709,0.29553857460643057,0.5509477258536404,0.2883709829698861,0.0053137771003383795
2019-01-22,0.8037465390535043,0.04088903410463482,0.5523403609223709,0.4148531015641505,0.026617824464117836
2019-01-23,0.7322485079795991,0.15198256863529674,0.5194273132348728,0.33944303446965685,0.010103199091150962
2019-01-24,0.8224400908075788,0.24079179300204678,0.649350177674692,0.5055798238466572,0.062022074088090864
2019-01-25,0.7737963908099109,-0.30820661382009257,0.6410990733465811,0.5370695988904977,0.03919080897635625
2019-01-28,0.7564011923323253,0.18423780756491204,0.5565540064318377,0.5501276883511729,0.07339243726735462
2019-01-29,0.7642567668798109,0.3957302575097007,0.6132277183926474,0.5797544844685987,0.026826694976666312
2019-01-30,0.7668101365175061,0.08100592088883861,0.5262094471666436,0.4843989252119197,0.07857276514438949
2019-01-31,0.8349520766418562,0.4794047836402373,0.5995198117578581,0.47240942025060934,0.02879925497312348
2019-02-01,0.766458481174811,0.1082758745270477,0.5571601547330775,0.4115860758842,0.07338822707765316
2019-02-04,0.7987257830772898,-0.07046097466983409,0.5814653514811723,0.362470483028658,0.050324015250639946
2019-02-05,0.771013443748308,0.2153329303004543,0.5877934284817755,0.43470662722002773,0.04767583291164841
2019-02-06,0.7171347615507232,0.08469166636607799,0.6062399810280111,0.36016613773112477,0.09066677666301722
2019-02-07,0.8942514838130347,-0.45784545283681305,0.6196244317832045,0.4712804804954862,0.03151124990093893
2019-02-08,0.8170791465999706,0.035242541127724604,0.6086183106445794,0.4868175479555894,0.01873444120001443
2019-02-11,0.7537056208084003,0.059839124436017924,0.5738973316471168,0.29062315997744914,0.014183365525486337
2019-02-12,0.8258584987306645,-0.11287208493680667,0.5088105393437575,0.34608893392983514,0.04746006908112954
2019-02-13,0.7500550550953435,0.20569580183802208,0.5919934560451616,0.538238274568994,0.017751505206801632
2019-02-14,0.7566721884383477,0.1748339743792999,0.7269351107686736,0.43560324671271405,0.007697706796769133
2019-02-15,0.8330824431161576,0.13870353284508125,0.5144600212273994,0.4585817297467451,0.08530896679292163
2019-02-19,0.8053228160324785,-0.05194947667966185,0.5436942626646233,0.46939832403270376,0.09695415308611852
2019-02-20,0.741379813019469,0.42672912093637944,0.5941599971373525,0.27766929522134964,0.04883073409886549
2019-02-21,0.7643001860835831,-0.05562686765796346,0.7096144588170282,0.3115411053190504,0.010938599739355227
2019-02-22,0.7841891368374306,-0.1075656739730045,0.6144910941246606,0.3478116586294956,0.05672667300704587
2019-02-25,0.7330471666930145,-0.03905891595923974,0.5760853137240324,0.34077556223759864,0.08353590311727499
2019-02-26,0.7630594820551442,0.23693915957620063,0.575552840127231,0.2865872337521568,0.01673047375305926
2019-02-27,0.7668942018100072,0.01086713189307852,0.5251989216528247,0.5625977960006399,0.009391009882086854
2019-02-28,0.8333789738753137,0.2860345487237559,0.6120789302484582,0.19063025498698996,0.07361864621615212
2019-03-01,0.8667666858319257,-0.17271367194197854,0.5538107389644897,0.4156325143955444,0.07348150041012544
2019-03-04,0.8589114923335075,0.21065742679047994,0.639500073376901,0.3688172947125447,0.025733951228416353
2019-03-05,0.7736196236953945,0.06918873359601332,0.5880784676756678,0.48893179073293536,0.03642893318738845
2019-03-06,0.8315058832247614,0.11826826423454112,0.46866674548918236,0.4127988363677264,0.035262637809763867
2019-03-07,0.7845573059633649,0.03360512035190629,0.5576180716775696,0.2675214089600775,0.0891372416301303
2019-03-08,0.8131569239987521,-0.07126026354641239,0.6244250321677131,0.3329085622315229,0.08569561605537514
2019-03-11,0.8607955320246339,0.20021296851415268,0.6115184499831902,0.3786711586614053,0.05957435405578825
2019-03-12,0.8326204438899099,0.07850956304748119,0.6089077086941833,0.5042865409559609,0.0685784157509423
2019-03-13,0.861326807720332,-0.2504822368971089,0.5447467969781663,0.3219739274521202,0.0020727277904006637
2019-03-14,0.7148787701178224,-0.012549705113830235,0.6275453413853544,0.39785817050476635,0.08562655241806477
2019-03-15,0.7632939179193553,0.22529155142583163,0.6048267873525414,0.43429829673663184,0.01416331258207142
2019-03-18,0.8477117402449881,-0.02464838777022675,0.7015028634795988,0.3552184996128234,0.02443678049563184
2019-03-19,0.8898974102256451,-0.19494703638248412,0.6245688569397717,0.33574678311937634,0.09732905881905594
2019-03-20,0.8459783058490546,-0.0956465215716857,0.6134262137562876,0.33494580039584304,0.07443651191091089
2019-03-21,0.8368612586833307,-0.13115025212782788,0.6832269737257191,0.300400289303861,0.09548144070638587
2019-03-22,0.7227186040835927,0.19031041561581727,0.5696331102117757,0.39927626865504645,0.09654530605221084
2019-03-25,0.773887942308214,-0.26252165343053807,0.5957552429326716,0.5264915894972302,0.06788015257188411
2019-03-26,0.8401568501652783,0.04635855252518496,0.6553189078868675,0.29404814153058234,0.044926934679844724
2019-03-27,0.7737272835547497,0.07916098814604164,0.5932706103346475,0.3753176669523443,0.05269068790596146
2019-03-28,0.7299678133839452,-0.4162682777285423,0.6407557973013491,0.4243221573252226,0.06790663625958938
2019-03-29,0.8350999189105047,-0.08744718843167489,0.5642799510819775,0.4006547966636635,0.03910262256052184
2019-04-01,0.8327099824306409,-0.04629044299753085,0.6400885367489603,0.29936919944069135,0.09939437082130248
2019-04-02,0.7819276433415067,-0.014022828815606216,0.6613160004859063,0.42076273980159085,0.004109997734067461
2019-04-03,0.8773038759147098,-0.2695369599894965,0.6064748794979588,0.4179398039180446,0.034327444310614144
2019-04-04,0.8210046598793433,-0.16267198728977825,0.6841688926647848,0.40129639414717594,0.043345962312320546
2019-04-05,0.7356466243532541,-0.0032049980827237087,0.5842413609717743,0.6783235142247329,0.09681530355850276
2019-04-08,0.8424971799762507,0.009932271141643478,0.5940736684813345,0.49510568624814655,0.028840853355966936
2019-04-09,0.8399431080164108,-0.5823099838641298,0.631713085075603,0.40279665439786266,0.0498927018994339
2019-04-10,0.7244428089106513,0.1760428279248354,0.7117520859989428,0.4556795946827781,0.04663174724647631
2019-04-11,0.8450214221128433,0.36082381839288075,0.5577942048810772,0.2142428554833083,0.0966671468986435
2019-04-12,0.8228433031654752,-0.04952230728829021,0.5304486760675303,0.3921830063864207,0.06643203211024912
2019-04-15,0.826377368689531,-0.02979433295287199,0.5592789962693481,0.37764929397034896,0.02882599537418521
2019-04-16,0.7890261767349328,-0.3858964525252164,0.5912737898472991,0.2655659527855109,0.0015592399640814826
2019-04-17,0.8229512976010549,-0.31220851511735564,0.6488249813843834,0.3590834930786059,0.028301729876898676
2019-04-18,0.7628512146613994,0.05889091946039441,0.5546522222405361,0.42787457541300644,0.005319328224931985
2019-04-22,0.7533945612655815,-0.11134690246495388,0.6171348053896757,0.28614192662656174,0.043032282853316894
2019-04-23,0.7267831349118822,0.04964510148206837,0.5952155091961406,0.41686927448093924,6.417114280315994e-05
2019-04-24,0.806381961836071,0.011475110761396257,0.626644759914779,0.40974362869786585,0.03502182355427898
2019-04-25,0.6896348050162349,-0.34957691893237114,0.6923035314263261,0.4000071867058863,0.08590105436890813
2019-04-26,0.8375120825858549,-0.06914078112541519,0.5926576770469366,0.35466353457291566,0.07688853782471204
2019-04-29,0.9132963665730682,0.050648484472828485,0.5676921571161548,0.23484602865698093,0.008600346530375702
2019-04-30,0.8886866721367926,-0.03265567704566067,0.6312455987995873,0.4855997290306546,0.09959142560739304
2019-05-01,0.7668584738284815,0.1344905550772312,0.5634132885026673,0.3009573637960584,0.05852248364557314
2019-05-02,0.8482232346256107,-0.03163787596443987,0.6191189966193196,0.4410920993881771,0.021885776543719083
2019-05-03,0.8218965980027645,-0.311307386840325,0.5634891988636662,0.3675524842503575,0.035463223791665215
2019-05-06,0.7484260663549255,0.08580136960327756,0.6507041207421074,0.5345184655346298,0.06370446487236085
2019-05-07,0.7730397617395058,0.05839317249158143,0.6131522243157509,0.46212560942035297,0.09669068150532456
2019-05-08,0.7460932463463679,0.36411605365299327,0.6366945464324397,0.4952649343692441,0.02612609112277189
2019-05-09,0.8501730028450198,0.10682718845319689,0.5384894084868111,0.3861027268444894,0.031073580066339646
2019-05-10,0.7074473302469042,0.08301450193981685,0.5808691453960528,0.39594776164730683,0.06789232110674114
2019-05-13,0.8502000565042827,-0.09139880771129187,0.5750787252810419,0.40219732959632165,0.05781674171922829
2019-05-14,0.6980003875293184,-0.05321273115240064,0.46282429974004,0.3414478438104261,0.019950666464880442
2019-05-15,0.8327594526696414,0.08945331165021381,0.5567912093232208,0.4040798218223813,0.05542837694251773
2019-05-16,0.7362505216434798,-0.0004686806299040329,0.7324556081390468,0.5845801320371932,0.008559792710344594
2019-05-17,0.7926311065008631,0.032028832983074886,0.5363580620471532,0.319821089204895,0.06283188273098646
2019-05-20,0.8081092161052348,-0.104978513127297,0.628671999219642,0.5569685680977757,0.037596594380144566
2019-05-21,0.806631039239052,0.02034744116798534,0.4987815475643644,0.47476102452720503,0.04368928156498245
2019-05-22,0.7328164349230472,-0.08360182572668395,0.6301456206394813,0.5029758164309033,0.044190133135120116
2019-05-23,0.7666746236324942,-0.08178310698399727,0.5465376608863849,0.28021462546740894,0.09348798147228604
2019-05-24,0.7582602258947879,-0.32262600378293776,0.6149841897301952,0.4394523605161876,0.04683788743182558
2019-05-28,0.8180264642435257,-0.19088081011502855,0.5182981531356656,0.40535142743135605,0.04205056649554291
2019-05-29,0.7932051282475113,-0.029453965502589066,0.5628614001840373,0.5710775777694387,0.002767293835102236
2019-05-30,0.811301250589649,0.3941356782932982,0.6400596082139536,0.5703270926017345,0.09574917537478335
2019-05-31,0.7362768616822,0.11863419819960597,0.5542910010629909,0.23366132886404672,0.07558564554198503
2019-06-03,0.8648001584777764,-0.05873850514112583,0.5208828789509797,0.35854361367513066,0.030238998522335348
2019-06-04,0.7501887938613091,-0.13873959352333345,0.5617963992945801,0.5730815193044743,0.051220679561131556
2019-06-05,0.7566841391727688,0.33185413284383813,0.6145502473973298,0.4396271563586086,0.05432695515447289
2019-06-06,0.8274060016125938,0.002731132767491505,0.6356362093526675,0.4566980263267101,0.029334318677735338
2019-06-07,0.7067667007487244,0.059250386377993014,0.6097513448839825,0.3710998781398783,0.03926593223656404
2019-06-10,0.7963127936356966,-0.1225715989348814,0.4992927978209673,0.244962312906876,0.0005952845981775257
2019-06-11,0.7131466006465569,0.13380894849410643,0.4428560556403975,0.3333520073036519,0.08749108725637815
2019-06-12,0.7517173357377311,-0.05643190719749291,0.4737394838932742,0.4403888094740619,0.005434623423709784
2019-06-13,0.7263419302920051,0.22648110814185382,0.534658796657006,0.390438697658808,0.08298942892713362
2019-06-14,0.7901886928277604,0.0488482105721144,0.5667791597429932,0.3572889451267368,0.033348345454290274
2019-06-17,0.8071524265347022,0.09322942609899085,0.5241902570722075,0.4426367818973557,0.029057692412617353
2019-06-18,0.8495860151200848,0.14117883922091054,0.6082309082828129,0.41719208489074455,0.0331307596447424
2019-06-19,0.7431924776962561,-0.16192889194072901,0.5767682641450571,0.49427637251523104,0.07404729394958726
2019-06-20,0.9292955956997029,0.19636438888772076,0.5014106092691335,0.32327274276400175,0.07393634223710847
2019-06-21,0.9039258657978,-0.042877786395355666,0.5614637211176332,0.30395830795907713,0.020506444958049076
2019-06-24,0.8682551702787122,0.10006664146412508,0.5178095663985725,0.3006174711142729,0.07404241186922673
2019-06-25,0.8053601972948936,0.008841234976090503,0.5972914865903539,0.45469684731272,0.022354358356485016
2019-06-26,0.7767759825615689,-0.1087603190922733,0.5468335276791184,0.34493191533432377,0.08522556957213245
2019-06-27,0.7834902233597619,0.0032881857238763394,0.5090773203271782,0.46306798620978806,0.031089082896070208
2019-06-28,0.7714786142765165,-0.1683768700570687,0.5355355475536229,0.42422581566202866,0.0006450800639516419
2019-07-01,0.7941519099906652,0.08442362298089243,0.5954548716419525,0.5304940204008033,0.06877746969513586
2019-07-02,0.8042743081344027,-0.21388047744709937,0.5362219166635798,0.2995681615616992,3.5711772904400974e-06
2019-07-03,0.8748427036856141,0.3974801765054327,0.5813330035125556,0.48584588426390307,0.012103441744910593
2019-07-05,0.802547159661833,0.07321118309215825,0.46722601061710484,0.392606763474309,0.02042936541408823
2019-07-08,0.745942346882687,0.05627130750767404,0.5415472192981275,0.5946821962346115,0.0832726452542875
2019-07-09,0.8358313844361421,0.05690239650432898,0.5303266248010845,0.567602145875993,0.00556531617495748
2019-07-10,0.7885022676936736,0.06633479232705557,0.5449338590507512,0.35958460942926773,0.04045573360004985
2019-07-11,0.791825311119276,-0.3923933701356632,0.464585952708191,0.4349630541669628,0.08202709573129405
2019-07-12,0.8684099845263744,0.06964422082883377,0.5051050997958156,0.25571462459326644,0.05467192475517953
2019-07-15,0.8292263630237819,-0.11343903020302021,0.570758882366552,0.4389865158065718,0.06813204470212002
2019-07-16,0.8139150196127345,0.006720341470711185,0.5569436042036191,0.3880545598743665,0.06171585181593636
2019-07-17,0.7582346732815899,-0.1926998121032103,0.41767884017589324,0.3818890437595491,0.06361971648160955
2019-07-18,0.8659689091475977,0.1460160185075195,0.5474864989538589,0.3265995005710849,0.08185501005098111
2019-07-19,0.8398669612879539,-0.02386186236060498,0.6140236346001129,0.30189127367053187,0.017077549183007325
2019-07-22,0.7525015236013672,-0.16945398884392568,0.4587257377784799,0.3062955314808238,0.05466810256268906
2019-07-23,0.7951608129882959,-0.14244020497012552,0.339207642883549,0.5074273297420122,0.029003618873245287
2019-07-24,0.7057953135326298,0.1178456569773274,0.5327872105490972,0.6117372816420343,0.09590914144274876
2019-07-25,0.839847874076131,-0.10092091909699485,0.49532893005418316,0.5502727680799285,0.06676996594308417
2019-07-26,0.7162064451449295,0.038175987183741614,0.5230875025698039,0.36567739312953246,0.0697652703522557
2019-07-29,0.8076756992224213,0.037911972101735136,0.55018488283802,0.4138975652363284,0.04168964685014903
2019-07-30,0.8108840702508624,0.018673038586318937,0.4935803960888028,0.40040012602365954,0.0027970658864246434
2019-07-31,0.754280672014799,-0.15607532094617008,0.5089880737821636,0.38805768392641576,0.05642090841340228
2019-08-01,0.7917612653173906,0.1832757654726661,0.5001233657385312,0.41968519264748205,0.030276156987312088
2019-08-02,0.7959013856971909,-0.12172565749321303,0.5279919892448618,0.5002721415177314,0.0893220973440941
2019-08-05,0.79932531084417,0.04531678580546161,0.48686016158122725,0.5968858851204877,0.004263179680785778
2019-08-06,0.757582181483875,-0.33355669210949557,0.5644258724457686,0.3885182960351574,0.0962796525204953
2019-08-07,0.7748479089526463,-0.10911075608230543,0.6143009442254245,0.4354590278604683,0.07230652679380042
2019-08-08,0.8174875610822543,0.032523124716453466,0.5335249060962773,0.5398624610559415,0.09817536857598613
2019-08-09,0.7774572669386153,-0.29138750910414596,0.5627412413964014,0.4496701612242392,0.0855839571811424
2019-08-12,0.7953989906442521,0.09415064830955729,0.4988047828689448,0.402069258285426,0.03488340817581901
2019-08-13,0.7834149873070045,-0.11829765141418339,0.5761541963622012,0.25877413725821996,0.03906243258196499
2019-08-14,0.9080441085906483,0.17547244184129507,0.42716019911557074,0.37758336705090706,0.0655919247503599
2019-08-15,0.7815727042048222,0.07837732578842245,0.46596352465254365,0.40320253433682174,0.07192091089721601
2019-08-16,0.7839440300938677,-0.14752367251468776,0.4709785180524878,0.4918804646702357,0.07151823331316105
2019-08-19,0.7051708729978703,0.09557578721921028,0.5529059021641101,0.37814416616615837,0.027834014434338306
2019-08-20,0.7926186419862499,0.2326989999394763,0.47721421179384976,0.3398347571110876,0.030292988511530262
2019-08-21,0.7652258159450346,0.23306511984465628,0.576508984824778,0.2604109765536381,0.09161600235054307
2019-08-22,0.8403120373655819,0.1637816612694568,0.5890228242439612,0.43851080321263797,0.03765227344822512
2019-08-23,0.7877869939860712,0.2290433373143318,0.5457484987409423,0.6244898414148727,0.06589718101946603
2019-08-26,0.8379353922480914,0.030709595284783082,0.4505489817728875,0.34190828228058817,0.09274122454746084
2019-08-27,0.7182022510985993,-0.04301240721217264,0.5550651254379741,0.39963289115194844,0.05254339073540718
2019-08-28,0.8410862634380036,0.06751474668780269,0.48812687933615184,0.40876251551699644,0.03240766122106619
2019-08-29,0.8136048345527549,0.02784467969272318,0.5153477984911322,0.3230949892413294,0.03480952202118428
2019-08-30,0.7683511867378893,0.45169215923092887,0.5687814884327043,0.2526159103190284,0.040377385219611206
2019-09-03,0.671651552124682,0.015238484289744454,0.5503375915671499,0.34800581625777927,0.08520311842328124
2019-09-04,0.841082936409897,0.011930913001416821,0.4971198241648288,0.4756115176175182,0.009654044110522397
2019-09-05,0.7634062103548865,-0.05734126436073064,0.5384034280350141,0.3968604062933976,0.09342339089462331
2019-09-06,0.8854388136688869,0.13876508257120365,0.5359712803983985,0.3950495353934932,0.07599092813695563
2019-09-09,0.8337377338354803,-0.06452155456032925,0.5176371909615622,0.308370695299544,0.08085554832016548
2019-09-10,0.8419720696115296,0.05812093945235837,0.6023339083181442,0.6392298383669759,0.023661718596094696
2019-09-11,0.8281659725716575,0.013685062241580687,0.45560882768874855,0.49047498032588244,0.017399795895936456
2019-09-12,0.8005142281947615,0.1076069678308924,0.589119154910618,0.31755767113366534,0.0755813874105511
2019-09-13,0.7437847915759332,-0.04728518767413603,0.5434215928767487,0.45548672402144885,0.006436990247612174
2019-09-16,0.7452155744152114,0.1513105801404965,0.4415810225654504,0.3162258325651143,0.011447378275855081
2019-09-17,0.7842271341405406,-0.11068624919504402,0.5459232101983593,0.4286378483001095,0.007288169444746107
2019-09-18,0.878278058881363,-0.04943707307088287,0.4951230730441237,0.5210382609061763,0.06065333011097762
2019-09-19,0.7854539598438103,0.29880104954150916,0.5280919668321781,0.1647213530114641,0.09235508454894069
2019-09-20,0.8488785207074733,0.18254536262396176,0.5484490472631811,0.2089021621454742,0.06987257260792674
2019-09-23,0.7568505019364477,-0.11774096671135398,0.4584093161139024,0.5741922531893938,0.09888708638950867
2019-09-24,0.7894116081088184,-0.00731218852583413,0.5279560548390042,0.4569301667889382,0.019973442849306723
2019-09-25,0.6232553644687086,-0.12927150742987267,0.42962115582996985,0.440030609315482,0.0437514854064949
2019-09-26,0.7755553792832977,0.003077512900253732,0.39625426136453773,0.3690147775309502,0.020119274215514883
2019-09-27,0.8457565125916408,0.2818898966204335,0.5360578263415292,0.2664534706551881,0.08138377407828677
2019-09-30,0.8529700901496062,0.14480045100000316,0.4941470503786802,0.1974963685490256,0.019229581271125597
2019-10-01,0.8376797475331259,-0.11843326599667583,0.5173083199515044,0.40683938606366626,0.06291156631695653
2019-10-02,0.866919749221914,-0.025073397199501714,0.4992526720071974,0.5578615390478631,0.020353961015670885
2019-10-03,0.7570888878124906,0.16286457028155543,0.49010068131337703,0.2997458037995071,0.08932910114916882
2019-10-04,0.7900580493360436,0.1383410227215975,0.567754861894627,0.5474693985345682,0.040802737003784645
2019-10-07,0.7752617962887234,-0.19744984640644272,0.48433471717259435,0.28184692466698447,0.007196511582070075
2019-10-08,0.7791306900291748,-0.06833305672395168,0.5367430649111128,0.17940648200856218,0.07299771156738967
2019-10-09,0.753319602695668,-0.14510366088838308,0.5598364966186384,0.2886155622598983,0.06422323772918768
2019-10-10,0.8013328679824497,-0.025625682883956266,0.552758493360067,0.4595831864510548,0.0832402908857724
2019-10-11,0.796062186591019,-0.11093337491761367,0.40813009125343114,0.42470856556874054,0.04737328700784615
2019-10-14,0.8165244899264936,-0.3149735224949306,0.4395723162417019,0.42523299733716763,0.06184788636845034
2019-10-15,0.8069570843103936,-0.19812946201841186,0.47275264379752896,0.21635111614295735,0.013787353636023314
2019-10-16,0.8588631951906617,-0.25997488147369047,0.5287820690424228,0.396503930384662,0.04275117488613032
2019-10-17,0.8544796809812379,-0.1584508185549513,0.5049592568921122,0.230157309076265,0.007086761719847035
2019-10-18,0.6930736581530124,0.11926671677309478,0.4128870858803493,0.3771782465565469,0.07823873573336516
2019-10-21,0.840564772398646,0.14933697121893588,0.46971904386531443,0.24114968635918277,0.011792749538058223
2019-10-22,0.8154747430827765,0.26845135657203617,0.47013435184914104,0.3196687141592884,0.060148958519502
2019-10-23,0.7637549018565502,0.11432174216142313,0.5649839088079553,0.27603931886194777,0.022402122483646716
2019-10-24,0.7150859095337674,0.46799926438648964,0.4950174047240454,0.42528927956903095,0.09222733291100599
2019-10-25,0.7554034579691181,0.09799246189054321,0.5522257500861988,0.429979617157293,0.07032733139239639
2019-10-28,0.8770429038507218,-0.06534891798821839,0.49217692535703145,0.4231406351277416,0.08714733359058426
2019-10-29,0.8132480822753049,0.04558945241252185,0.4414930027330673,0.4312515166195562,0.007477712284344285
2019-10-30,0.7712913207598282,-0.11619540281492913,0.5077436669031703,0.3038477312670786,0.085319521663904
2019-10-31,0.7332304338063385,-0.52309379200077,0.5939002256026207,0.45557313191030024,0.05000470080393502
2019-11-01,0.7841617939346848,-0.1334446473773296,0.36316840108517334,0.3271471123778516,0.005664819885746842
2019-11-04,0.8257933168582039,0.18843486071877377,0.5404554527507062,0.41583919557524684,0.011087447094002745
2019-11-05,0.855193707296569,-0.06570744441770808,0.563082084058938,0.36154175562797874,0.09173913373420681
2019-11-06,0.7459429345561119,-0.20114259608450424,0.4560917874190724,0.46590680288024855,0.0029978029670377996
2019-11-07,0.7528627214451461,-0.2066057690069888,0.5455093785563725,0.43279703904722333,0.026088110506915486
2019-11-08,0.8381295991422901,0.1025199022545597,0.47268493679287527,0.4076102416468588,0.07647359152092931
2019-11-11,0.7962566495384839,-0.1838317316948005,0.4567327467274799,0.33192783908822954,0.05470873476323662
2019-11-12,0.8918291178336041,-0.08254881884430978,0.574171222726726,0.3531339490520202,0.09241742622654495
2019-11-13,0.8344419409769996,0.18049833111156943,0.5607323848824454,0.43878273420089586,0.0878270179497663
2019-11-14,0.8588683289390576,0.07567079387054558,0.5993652407368063,0.23800801968115667,0.007291190181420793
2019-11-15,0.8074143123833409,0.056664718507133296,0.4674594018462703,0.45795842217637384,0.09043238655477889
2019-11-18,0.7154958662211691,-0.13083686515206572,0.4161836124455621,0.5558626516962815,0.0765574222858902
2019-11-19,0.7784225253027353,0.43337680696326236,0.556923323049832,0.4448098213351025,0.09810560425427786
2019-11-20,0.7606886152859501,-0.209270007137484,0.5435720606195071,0.3928485990727018,0.05981476287490829
2019-11-21,0.723036484225735,-0.30337168330166375,0.47014559058408767,0.5820967225266231,0.00805934882724183
2019-11-22,0.9006638959005653,0.040997829461781966,0.5261946573815426,0.3663679628170479,0.0946600676547472
2019-11-25,0.743275732584525,0.2750358115214488,0.6144812447019719,0.3106580914160715,0.004174097704933
2019-11-26,0.78585808107877,-0.08997326014203359,0.5004929933761131,0.5185908255429863,0.05076042654011029
2019-11-27,0.7244019227316939,0.09329393818726125,0.5586278067414908,0.3857848826398181,0.04315155631124421
2019-11-29,0.8346533913493387,0.029530368107490036,0.584518758417278,0.24777946950741458,0.0849833502444996
2019-12-02,0.7725612369496566,-0.01436262857020692,0.3922793383816149,0.29140472664214656,0.0021443262184012934
2019-12-03,0.7493200372820608,0.18964119896466994,0.49130458644039854,0.31819210126940234,0.07736132426695716
2019-12-04,0.8308742890328096,-0.32358212915801093,0.4238485071361773,0.36384076999306536,0.05341858611117221
2019-12-05,0.7176146615960822,-0.2819358589319298,0.5568530413791696,0.48759738379125794,0.06819412163167825
2019-12-06,0.8294432107926063,0.2217553320614466,0.5910151655709575,0.18714097911730693,0.05524959600133698
2019-12-09,0.8125205979964734,-0.10592163991391175,0.4939549608298247,0.4560414632208706,0.07656815154643938
2019-12-10,0.7034852260052125,-0.35022172117446404,0.5638054164258428,0.4487786017510898,0.04297186486522689
2019-12-11,0.7968366327935755,-0.17598268094462738,0.5701241560168545,0.4680302892060476,0.013777043011474012
2019-12-12,0.7942652257523728,-0.2354642082539543,0.5124812025635292,0.4837833677524443,0.08971467287514596
2019-12-13,0.8563595611400894,-0.06530732067526569,0.5220757275462742,0.3838310891974939,0.03677086707337878
2019-12-16,0.8037446504455487,-0.11621346001200478,0.39232383382265057,0.5192769001647097,0.0436524830148135
2019-12-17,0.8797344473581274,-0.12247997192114252,0.48453298932493155,0.3862899477609778,0.023203342476480305
2019-12-18,0.7806248058135614,0.19910371543259192,0.541433791669851,0.32073771696288167,0.022712588617999463
2019-12-19,0.7240795274720976,0.17312683696393472,0.5695168867758947,0.5060559878091819,0.08883353382925319
2019-12-20,0.7415906624639453,0.36768737990566586,0.45319919938518344,0.470960102140148,0.05680486116243877
2019-12-23,0.6945208616401549,-0.15806627633969356,0.620978943138001,0.483136425447599,0.0014898559996901484
2019-12-24,0.7626889792256409,-0.10376740856433764,0.5488113802997822,0.45141409907607233,0.0812621891922382
2019-12-26,0.8525789691341349,-0.0912468009216989,0.46490124661212273,0.41569686270487605,0.01267158943307093
2019-12-27,0.7671284581245803,-0.26012674094968946,0.5612311863550874,0.3786886245907211,0.004371942813788265
2019-12-30,0.8053256103234897,-0.1788888400374361,0.5732604578792343,0.26829018032450214,0.0655208951908534
2019-12-31,0.7486134305151708,-0.04858284621745554,0.6368758911128367,0.4784825368548494,0.029241272158709343
2020-01-02,0.8538596252133895,0.2834154066686289,0.7318615098212241,0.40415890675584343,0.047870136542307457
2020-01-03,0.8710200461564929,0.20252705088038822,0.6023808435088468,0.5774239618040181,0.007680383381529055
2020-01-06,0.7790343484507762,-0.0997370047872759,0.5711398446262521,0.3817300228078113,0.0543646195574559
2020-01-07,0.8159250426499087,0.31254975701060234,0.5320989721238036,0.36953210374062695,0.07352186278508964
2020-01-08,0.8087155501763289,-0.045663685205033853,0.46115897880215573,0.34198723573010603,0.09151008640137326
2020-01-09,0.8343686621118752,0.2875093501865293,0.4999792740012482,0.2840717600769157,0.07131338589095988
2020-01-10,0.8015116901358669,-0.41511901297556736,0.5363103428311536,0.22639579404486065,0.0780208405490263
2020-01-13,0.8684530649921233,-0.1538662308700809,0.6437303171947755,0.5113521353458339,0.06536438706830576
2020-01-14,0.7676841351151292,-0.21439192736921553,0.5522483413013244,0.3895353375741797,0.026753524928434892
2020-01-15,0.8173073471976201,-0.1553086579060358,0.6000788643322789,0.42653280549998995,0.050344540256543585
2020-01-16,0.7829802421642068,-0.14240813108360462,0.5543445877686226,0.3183098748172431,0.09004253775688548
2020-01-17,0.8029219347441794,0.017087737043981952,0.577499896209293,0.5766242409671855,0.06218717805013634
2020-01-21,0.7933777640150215,0.2009195734248965,0.5791516034124895,0.3761755698101546,0.020355493509806102
2020-01-22,0.7940420365024383,-0.01176528183361006,0.58246256955878,0.304067923478103,0.09759384059980136
2020-01-23,0.7267329808277517,0.1308594786948551,0.6141768596017793,0.4745635832802803,0.07419086586904948
2020-01-24,0.8077486009278236,0.15344492549065775,0.6057329005732323,0.4787629358954955,0.0372389985061517
2020-01-27,0.7570229589328944,-0.21939035943092622,0.5529687846327811,0.3982615890457345,0.014196123209497081
2020-01-28,0.7879039436433856,-0.37533806626757515,0.6592475267351318,0.37259540111142647,0.0698341939153354
2020-01-29,0.8086352208288478,0.24890979815261174,0.4566730775366749,0.3488306128088288,0.04537629854160918
2020-01-30,0.7806441363210098,-0.06726200909012892,0.5659990775481643,0.5447134798444845,0.04989074903452784
2020-01-31,0.8336729437863611,0.19160705372576592,0.5777738354874218,0.2600626953854499,0.027796733072579016
2020-02-03,0.6960151482426997,-0.3058815446463262,0.5955933523455971,0.40317697126976354,0.08271788505099452
2020-02-04,0.7894918176221997,-0.07371538134802734,0.67890417542621,0.3177096409023526,0.02790924821389782
2020-02-05,0.846390972805803,0.0003825872041987873,0.575975770801155,0.5176637548616745,0.04953574986670052
2020-02-06,0.8731265191345723,-0.04790989137696764,0.6196789437913564,0.4363891362150054,0.03846632498802225
2020-02-07,0.8003718569404957,0.040850988531405175,0.5460056342524352,0.36939006066689156,0.020573012068366238
2020-02-10,0.7709682360123647,0.1802753432857839,0.5776530347117326,0.27022859753849615,0.04310849646664555
2020-02-11,0.7638281388418456,-0.6398529290424357,0.5583385436541746,0.40376450650971496,0.030514807277400857
2020-02-12,0.7931932075566513,0.3960308703062785,0.6124487751284827,0.45304518530891513,0.03478045384379021
2020-02-13,0.7178365482714861,-0.07292841082342653,0.5600006586510731,0.3213918801191992,0.06087392922824478
2020-02-14,0.7600059667243327,-0.36162459078832476,0.5211613047942115,0.48740934027649496,0.09226986827564058
2020-02-18,0.792854265400341,-0.1012804836548668,0.5870588389939854,0.5167390678701151,0.0810243686685848
2020-02-19,0.8002105260437893,0.10807482618620759,0.5455658392554545,0.3381370049253281,0.07572522165428486
2020-02-20,0.8176988442531838,0.3785307416674228,0.6599402859386897,0.4582828069456139,0.08292394550258705
2020-02-21,0.8075716880080359,0.2802138711254342,0.6287295422730921,0.1706337977629339,0.042754918919960166
2020-02-24,0.7473034576072389,0.06762806507158634,0.5012096338263795,0.3102410995243138,0.07354144882589632
2020-02-25,0.7650092528171013,-0.05123318124916674,0.5766834954793342,0.37108795728331734,0.010921020473013932
2020-02-26,0.8412653758620158,-0.053044773090106856,0.5723083442370446,0.26508278958564835,0.07212970251774244
2020-02-27,0.8512173100992912,-0.13429950278949723,0.5376608870803287,0.4213090574868971,0.08585140927947399
2020-02-28,0.7616529368808469,-0.10519054795885883,0.6053955326900274,0.36735173762204437,0.04635025368916617
2020-03-02,0.9155804687650317,-0.014965708663839597,0.6246688605868926,0.2058305952507055,0.056830305434027575
2020-03-03,0.7569675434042635,-0.21738273898334248,0.5464670312029685,0.44155379938370026,0.01625488695525006
2020-03-04,0.8517782533888705,0.06892610092690217,0.5832497785615289,0.33691449612875807,0.07456338703081986
2020-03-05,0.8556799875593255,0.41425109083097245,0.6017175948168358,0.49393630640715724,0.013187271287823167
2020-03-06,0.8171685174897738,0.1511009812931179,0.5371069646993841,0.3511863719857876,0.079958892377167
2020-03-09,0.8197734720022792,0.24249818881639587,0.555455166229014,0.19667008889598733,0.008553686737124689
2020-03-10,0.7750867786779376,0.20202614286965004,0.5174823150015037,0.2823080107868416,0.05428045563088724
2020-03-11,0.8077959293025556,-0.023194250552292794,0.6267018233753144,0.2771273239554421,0.03946012037888631
2020-03-12,0.7837510702915667,0.23903708048061956,0.5376211926638175,0.5476912296310269,0.036169486693104616
2020-03-13,0.7466291507055656,0.1698763154755222,0.5788915931124728,0.28550917423610234,0.0782426287628942
2020-03-16,0.7751550476423701,0.10898583763579882,0.5979326585456424,0.5118469411443344,0.060799917587890565
2020-03-17,0.8717870030467441,-0.2366061330635701,0.5356787026028476,0.2695206226379159,0.05684410755394136
2020-03-18,0.7550401951975991,0.22084290416394892,0.6267127093290864,0.34549724270775684,0.026451754456455014
2020-03-19,0.7994448704688584,0.28086110103318773,0.6942831967730393,0.4259384333442802,0.04627242685650787
2020-03-20,0.6670359407976301,0.05945741895199463,0.645793637965653,0.4224632315856075,0.04664395007267874
2020-03-23,0.8363257459367393,0.07141307489207684,0.5377574092742603,0.31137615666365376,0.048020790992485796
2020-03-24,0.7839423906434922,0.21308295564767032,0.5613107227235574,0.4455902633167647,0.02178424999759412
2020-03-25,0.8151846296960599,0.31723945301582607,0.5976215043286414,0.22452415817237414,0.09388342580165482
2020-03-26,0.832343523244839,0.4276110423268009,0.6354105189188258,0.32123384081895934,0.06103285219628205
2020-03-27,0.7459027060410518,-0.19059376670148107,0.7000280700729696,0.3672672559478564,0.0064043487909730586
2020-03-30,0.7668678303085986,-0.03168732882544667,0.5841419037543436,0.5567650359787504,0.07659768297280051
2020-03-31,0.7492761254491849,0.23612864633208935,0.6061038823550903,0.5207026513427686,0.08690553716937373
2020-04-01,0.8791309521867026,0.016959526782619017,0.584243322809852,0.4066178831865103,0.06303381783850141
2020-04-02,0.7952614663997435,-0.33139329114774563,0.6776029529666484,0.42457850173811906,0.061794930440171175
2020-04-03,0.7418450407474473,-0.4135046640396818,0.4835666140477255,0.47704804366875037,0.011444656293541812
2020-04-06,0.7690511215796453,-0.09098013362102668,0.6241685933656277,0.3483951843898222,0.06844413839781223
2020-04-07,0.8273262208026757,0.019052812875343064,0.5954630235838329,0.24272495943085112,0.057989071545999075
2020-04-08,0.7590134321780571,0.12050707311737319,0.5654623365957337,0.5205369555784491,0.07173576968010696
2020-04-09,0.91732006619967,0.13127706016826451,0.6740842798892874,0.47207272382960686,0.07145495637653108
2020-04-13,0.7732868988663907,0.040030332961484935,0.6994798778592188,0.3476446257372549,0.025744507473795242
2020-04-14,0.7480336350560963,-0.2268388846230539,0.5877439086144225,0.2996527911356938,0.08574903074607798
2020-04-15,0.8837009713718619,0.043271306918257535,0.6469988529938588,0.3701334609420302,0.07183192971701403
2020-04-16,0.7429901401121941,-0.26187878908665546,0.5527907840479306,0.4347525494026711,0.034972965053590745
2020-04-17,0.8259941465883974,0.12063921461173698,0.5235203103126128,0.399959081410173,0.044381268406795384
2020-04-20,0.7486969084553804,0.08029319351690566,0.621113676072702,0.2827826952973562,0.023697871121795413
2020-04-21,0.8484014803598174,0.46776458830564893,0.6386088838024521,0.38371659604488956,0.03713593619252581
2020-04-22,0.7841727148395129,-0.041812796334501696,0.5585238094817593,0.42523982066520494,0.04159696703507987
2020-04-23,0.7430768704422849,-0.37793955731958007,0.6072202128071029,0.40212330657758216,0.08758531382909746
2020-04-24,0.7714414991781403,-0.25653932452207334,0.6103932737599236,0.3009824961429549,0.0326540541700771
2020-04-27,0.7930527824567333,0.3529943708252889,0.6273823013932971,0.26308673376183034,0.03349857850007625
2020-04-28,0.7362574214493849,0.03036381854875175,0.5256690182885136,0.19982745187657136,0.06519782124066024
2020-04-29,0.8266186005648362,0.06418715086417354,0.6165640593854641,0.4263035181817904,0.09735012001846957
2020-04-30,0.7967344644163803,-0.13243770953533215,0.6194269511446452,0.5529883488405151,0.016031281924472684
2020-05-01,0.7749385496278274,-0.2041480420416597,0.5364373839686248,0.31332697666662823,0.09303085144613926
2020-05-04,0.8101299262238038,-0.42792551271071205,0.613795166923341,0.4643913010296156,0.002553528626436064
2020-05-05,0.710096082002856,-0.19583608725551988,0.5953435158545832,0.3856530269695602,0.08080342137299908
2020-05-06,0.8259818734134295,-0.02822736430327319,0.6541085254299942,0.3678830600956318,0.07808737512085095
2020-05-07,0.7508483506640123,-0.2126883732523513,0.627141962679202,0.40296211419569167,0.058148649866014895
2020-05-08,0.8316857950362598,0.12262449984583688,0.48886258700116775,0.2859917398976557,0.02148687197181559
2020-05-11,0.7489687479748091,-0.1632128376983525,0.5672268031928799,0.4999149594617186,0.0032599528558994286
2020-05-12,0.859924117619195,-0.05857816604059937,0.5751208401534085,0.32945662759427136,0.038108966322699056
2020-05-13,0.8044593848619273,0.04050417654678733,0.6274378231044625,0.47984387259825534,0.007844497230037563
2020-05-14,0.6848940974465475,-0.030508989527423615,0.6557372263904298,0.35618850726950835,0.09355178698325115
2020-05-15,0.8569620909181644,-0.06129036000223777,0.5946857672365193,0.2863109307600851,0.05034958869055879
2020-05-18,0.7450375721216743,0.1450983144526029,0.6281895214645564,0.4026428906200493,0.05482330302443448
2020-05-19,0.7386237878680805,0.008760911321442924,0.6463262675107768,0.5742866470051761,0.07330456608626422
2020-05-20,0.7841646033837043,-0.33197357005155803,0.6248387087876359,0.37240369035449994,0.052775639890287475
2020-05-21,0.847152032078052,0.0562144450035239,0.5379946207321321,0.4058244360659381,0.04723291595220398
2020-05-22,0.8654169183527164,-0.029830797793448757,0.5297633463769496,0.24113558314033434,0.044101741401060934
2020-05-26,0.7613917656567675,-0.0820272523541964,0.6197594548314619,0.28791507321883786,0.08360089404526631
2020-05-27,0.8776875942864818,-0.2674304421682383,0.6946259859392603,0.5725518556754472,0.024402899539980663
2020-05-28,0.8070583124693996,-0.32953870695391846,0.5745643605443087,0.36131590420134946,0.07676434142699447
2020-05-29,0.7362856388474539,0.05820192544948846,0.5354292004495897,0.32850941529504185,0.0455821173748496
2020-06-01,0.7898160682713823,-0.11498176574114068,0.6783001881276172,0.34642853670004503,0.01154169193884218
2020-06-02,0.8220440505697238,0.029104498442072357,0.5912754717272575,0.44290884036109324,0.07327983301699798
2020-06-03,0.8440680743303062,0.053289215123728466,0.5841213585480286,0.405847706846814,0.036188115983970516
2020-06-04,0.7930791073830014,-0.18235957633213548,0.5690649887273436,0.4241267375265534,0.050564344284269036
2020-06-05,0.8201082278286398,0.03605695459804728,0.5596859534870695,0.3942920096804102,0.06533299273562022
2020-06-08,0.7723176757724605,0.06264479820131279,0.5579162307905211,0.418056093819747,0.0448968021469594
2020-06-09,0.8500401521691276,-0.14187178192848396,0.5980088496696695,0.4033210179885373,0.056934225430951335
2020-06-10,0.9010596799790378,-0.043260065692701924,0.6021283702167672,0.40153534517559775,0.012528125886408193
2020-06-11,0.7305847745843254,-0.10413781910382887,0.610584616661504,0.3567305539391727,0.07764482714926134
2020-06-12,0.6889871842580193,-0.0062806033849007615,0.5111302661388971,0.4131817732596719,0.05847553362392086
2020-06-15,0.877557354069901,0.1538914621605807,0.6401109428272018,0.3438487978555509,0.02602789535809751
2020-06-16,0.7928416833182235,-0.20888723936155593,0.5282448181756837,0.307311516771382,0.031384433893832574
2020-06-17,0.7346638515394022,0.2731713250662681,0.4570141314491324,0.5370138904804557,0.04210225902872229
2020-06-18,0.8623029462460116,0.0999585350957996,0.5050485023476331,0.2417824888556793,0.05760117508038896
2020-06-19,0.7725798159368218,0.1250240912679848,0.5600855790160423,0.2956500504905243,0.0772644975767316
2020-06-22,0.8574102392328246,0.3368766656363076,0.5460613984727967,0.4109336903597346,0.08764056969737198
2020-06-23,0.7245575658185253,-0.08287734322180705,0.5820616326928877,0.43548565402577777,0.012078884555865522
2020-06-24,0.7746166075395147,-0.054848701695289395,0.53332543890207,0.37215352862816153,0.055457877897755706
2020-06-25,0.8211617401259064,-0.39350741707382453,0.551113159353664,0.4349975535625689,0.07428539924397719
2020-06-26,0.7714757657179462,-0.0958666087929763,0.5314541429554086,0.352095002646284,0.0034075668706436083
2020-06-29,0.8002941888925187,0.025800551602756745,0.44637179910032065,0.46528803714722883,0.06900465649883124
2020-06-30,0.7855000557826521,0.3865926350937068,0.4909551384432407,0.31326854912456686,0.013237775500787108
2020-07-01,0.789854551070837,0.0826450899372071,0.45213909042151973,0.31708999478838934,0.09186230032750527
2020-07-02,0.8295660080286922,-0.1896247892865085,0.6173187624565498,0.3546116401150928,0.03543677712042107
2020-07-06,0.7550313399329052,0.1220488515579039,0.6257643026564529,0.44163962587438965,0.05569407808887579
2020-07-07,0.8630214699611629,0.33532706812739277,0.4984347775711754,0.4938391334059587,0.011902964366084547
2020-07-08,0.7238264745348226,0.08498050635727698,0.5401077146323249,0.5242950203042063,0.08983538920927084
2020-07-09,0.8586125756492421,0.11395667010688049,0.5577427738035504,0.4508368676721951,0.061662959387728415
2020-07-10,0.8030885435688273,-0.012239148221580735,0.6141001813828725,0.5562889819678176,0.004523769821042223
2020-07-13,0.7929170401148897,0.04752728060214893,0.5435189734595298,0.23883015580628053,0.03549576323473382
2020-07-14,0.7831782211193997,0.3199408402096206,0.5011083176873335,0.6114543462301302,0.04088747250350713
2020-07-15,0.8586063154794692,0.08029963010924179,0.565803549253958,0.30827933036649746,0.08348046722687047
2020-07-16,0.7867385623887649,0.2882798220643519,0.5062028131157655,0.50611317569488,0.04771060474225408
2020-07-17,0.7311479905281472,-0.23963168249500214,0.6311702763093768,0.3988162853759676,0.018345077875038574
2020-07-20,0.773075005650283,0.2725481653997925,0.5959330613920705,0.4920754565257239,0.0916341847331122
2020-07-21,0.7715051040293948,-0.05738351518753512,0.5484130974864171,0.46943993421472374,0.008378949129772472
2020-07-22,0.7745758212990732,0.034147422124139314,0.5453959743854492,0.5286769756375254,0.05935532867390534
2020-07-23,0.837723291446756,-0.30136032896705817,0.5205449656413497,0.3071216630016584,0.06494047601038751
2020-07-24,0.8284043710305837,0.18463067010100886,0.535509907452461,0.37318729693721503,0.043858704102577466
2020-07-27,0.8034584896517992,0.041783854695550904,0.4960796812635288,0.2781288899230635,0.058808087765648644
2020-07-28,0.6974930478722323,0.2534364263477768,0.5521331578801811,0.4362511011344173,0.0096898602189597
2020-07-29,0.8632599443976475,-0.2510936019384834,0.43977019665686756,0.438423191651909,0.034111721104598
2020-07-30,0.8146635687721716,-0.3462613619345507,0.5437716270250748,0.3599777047600432,0.08973016256480935
2020-07-31,0.759645597013121,-0.06668474165648257,0.4029701413196499,0.3408625776608062,0.08440654272440341
2020-08-03,0.7647852715257898,0.11142048938722804,0.5149332311902841,0.4638868873678882,0.032280007290890624
2020-08-04,0.6725230327631659,-0.1678196445142096,0.5499264307069328,0.3691135369426845,0.017841581220562508
2020-08-05,0.8422730266487184,-0.3609205818778447,0.5579722084193385,0.336086078221496,0.081398718018124
2020-08-06,0.7631901457808663,0.19820940938549036,0.5788102695074578,0.5034699696087283,0.09892053733094401
2020-08-07,0.9019320962524133,0.25336072168866686,0.4802505962374026,0.41416381281356507,0.051913497059238124
2020-08-10,0.7819901045757532,0.4058179719898132,0.5732415923247179,0.38111198632865445,0.06154774972376778
2020-08-11,0.8438954898876502,-0.24643969326262094,0.5298550807659271,0.3062077507396916,0.028479095671767398
2020-08-12,0.7155703899686296,0.15690724750596674,0.5621251119663287,0.4457212636211986,0.027384850000318674
2020-08-13,0.790851647971675,-0.2532717309692819,0.45799163231482587,0.3030720020261203,0.08853491631844697
2020-08-14,0.7883163354137539,0.21523574672098303,0.5684526487434622,0.23514324003871231,0.09176930655496494
2020-08-17,0.7653383331641527,-0.14403220391436777,0.3870357697886166,0.4566120946949908,0.07534688048520644
2020-08-18,0.787692008784074,-0.022628507326195185,0.5803239397389858,0.40883090132843575,0.06664336120980137
2020-08-19,0.7784634767516991,0.11441552420098866,0.5654003796588307,0.4296467566049226,0.020684311205270468
2020-08-20,0.8344594799349074,-0.02911352994857688,0.5078014101625594,0.41130207102988287,0.07548647386495205
2020-08-21,0.762343952478367,-0.11361232287392016,0.5802370658123935,0.6007956095862321,0.0902541302440651
2020-08-24,0.8796098957019091,-0.26465147135370953,0.4387658364153341,0.2809290568054839,0.053982974989649594
2020-08-25,0.806719372093974,-0.5617449184715327,0.47981412246072097,0.5407099289161114,0.0006665106776102547
2020-08-26,0.8491219415364455,-0.10181893011470147,0.48709397371780006,0.45672417068069043,0.0025777305435691457
2020-08-27,0.84676343776221,-0.10662745354795203,0.49656319273788047,0.3433990271479977,0.09418059583595378
2020-08-28,0.7334325279312394,-0.04394874960436285,0.49301721003809834,0.2739355884011344,0.07320894185068061
2020-08-31,0.8323040468818865,0.09666413572517789,0.5412712889288255,0.3231929644535632,0.08310378153163894
2020-09-01,0.7008212160942677,0.09346622592912983,0.47286248956046434,0.3109331866754299,0.0109614876778803
2020-09-02,0.737147346267828,-0.05506450561743076,0.584530311698374,0.3494550478644486,0.0844744124412094
2020-09-03,0.7455098477916533,0.13038668020600566,0.5139135021397417,0.18806986323117925,0.04322659484539594
2020-09-04,0.8331173159876644,0.4256935537003201,0.3748682685570397,0.2764293975977876,0.08645027513564976
2020-09-08,0.6575736455674197,-0.015060884148166965,0.5530376152321542,0.4105500749796279,0.07316337426656154
2020-09-09,0.8695997849056335,0.16611005806602683,0.5883156213083591,0.5160210768107095,0.03537211627039394
2020-09-10,0.7798528465695248,0.013345291246967967,0.45947820752097834,0.37693438311319516,0.0793320255148722
2020-09-11,0.803091583600906,-0.01698146470707079,0.5697424618529863,0.3669831937493169,0.03271157157177268
2020-09-14,0.7533956793221321,-0.17392220698063746,0.5346224148453191,0.25968615919110005,0.027610802988308702
2020-09-15,0.7899406914924542,0.2655000490910842,0.516271585797155,0.3925394610881246,0.051284411305249834
2020-09-16,0.7982044798180785,-0.20591291844543458,0.4585735002440855,0.3804818327085423,0.0706809801518452
2020-09-17,0.8135636515054647,0.18963000236042216,0.5058612114547326,0.5352774175754248,0.09247299808141354
2020-09-18,0.8802599007604763,0.15905344249644077,0.5622996267157477,0.30092864786119056,0.09323680006347872
2020-09-21,0.7425400532655969,0.10359467525803312,0.43352929715694055,0.3709628155984067,0.03175271987199684
2020-09-22,0.838559595266487,0.2826745849370414,0.48775460197751874,0.33500557046923096,0.06611304271044957
2020-09-23,0.8160230810755792,-0.21470868870477788,0.4916917069085439,0.39919999517237187,0.0035636186221111865
2020-09-24,0.7986008003664603,0.01770069476357636,0.45853484194092664,0.3273007007381583,0.0007970588251305588
2020-09-25,0.762644186948369,-0.32401886783901146,0.5172717649013692,0.4894657451692005,0.03762090569147081
2020-09-28,0.8398155041426768,-0.05249937209215094,0.4594775071722063,0.474431464236269,0.06733476310646407
2020-09-29,0.8319461511187276,0.04348412848725916,0.5872220647030708,0.39735744786329374,0.015143310639640063
2020-09-30,0.7871555008037556,-0.07996346621492006,0.421956143574725,0.46613399641422926,0.07335606850439787
2020-10-01,0.7947257316421112,0.10198624827135905,0.5921022516160568,0.3609248230095383,0.019857296820560633
2020-10-02,0.6830995641604225,0.09621407390215447,0.508374436951934,0.326754612402868,0.09508327582203316
2020-10-05,0.8198633167810749,0.15721926402087505,0.4528589895043062,0.3698668138596618,0.07494459764226456
2020-10-06,0.8738376864924464,-0.14432443824587302,0.5036051499221577,0.13755888339561156,0.0067261267384075675
2020-10-07,0.7259077249459353,0.03150349946655995,0.5617679451825546,0.2637970317998999,0.020854697160415728
2020-10-08,0.8037282031030248,-0.07514358181074336,0.548134536747862,0.2782196694677415,0.041815934842811264
2020-10-09,0.8215038824183744,-0.13073813739925141,0.5117582682595716,0.40689310523084726,0.038029022984971385
2020-10-12,0.7874110462928692,0.0955623692538769,0.5032552299861379,0.3867193697923305,0.06377146270029528
2020-10-13,0.7821791732988629,0.015519677949067388,0.5123592018654329,0.3010857919919379,0.06569409665043295
2020-10-14,0.7825264381041313,-0.21103718892623455,0.4994636083368916,0.3407667795145972,0.030010057122030743
2020-10-15,0.8385391573990628,0.13454539555133793,0.4555316713017767,0.39976926546015257,0.029211591681820005
2020-10-16,0.8319258289624183,-0.03506166403280576,0.4654857451348156,0.29075964719552044,0.07967461767049693
2020-10-19,0.8427133780789182,0.18054262965699397,0.49226692414897827,0.47661375845266774,0.03571278716878095
2020-10-20,0.651739473505733,0.26551093014184723,0.4951010779988852,0.41417765607994894,0.009653323306836582
2020-10-21,0.7839741138167016,0.27914149637350116,0.4502096745846455,0.5474460326606836,0.08808951891721666
2020-10-22,0.8198135460472556,0.12453284318363161,0.48709780032076383,0.26917808021036294,0.02872713537483962
2020-10-23,0.8465255382768051,0.062281670237866175,0.5719647170339882,0.3806223679784302,0.0325397046263488
2020-10-26,0.7790384310550543,0.27761764732806044,0.6005362733820645,0.400934717636573,0.011581917983438396
2020-10-27,0.7623621251571447,0.16210615255790983,0.49262002070026656,0.45992628254007983,0.031890595451453965
2020-10-28,0.7870362012810623,0.3128028036423627,0.47073927882828687,0.44805296625219604,0.06969685807681777
2020-10-29,0.7755649014883939,-0.05630131228415382,0.4855167814274792,0.47386080660934154,0.07736817813081402
2020-10-30,0.8459181557466936,0.11154776578647421,0.5011391858398626,0.4140180031001593,0.08047213097215386
2020-11-02,0.8448860784229713,0.18586231744152107,0.37335761393299305,0.37277778282273044,0.041200291877405294
2020-11-03,0.7887870604280258,0.1338505128252324,0.5050023121850038,0.4719183380949288,0.0290930235891967
2020-11-04,0.7460669614484724,0.05201090309215603,0.5538329209247447,0.2525617130681852,0.088981061317763
2020-11-05,0.9256821734104452,0.2381771865733039,0.5093842736010021,0.3171591892761232,0.006080326111806412
2020-11-06,0.7912457424863147,0.016760471922268115,0.5318557454139069,0.5500660849460031,0.026160525288424677
2020-11-09,0.7761950765278578,0.11254196751451225,0.44678990504265526,0.3586399285674733,0.0391378393836547
2020-11-10,0.818835842393468,0.13825249820176094,0.4743023715989485,0.3559208303988086,0.0398679511701311
2020-11-11,0.8730278317791773,0.23238172392560902,0.5229507440100086,0.17633548467792848,0.02683172336630925
2020-11-12,0.9255566273845005,-0.003986312331449007,0.4974745065837768,0.3477640074145885,0.03398415568192764
2020-11-13,0.8188183518599554,0.07731651783418596,0.561220147926118,0.3073937835650987,0.030851064955917253
2020-11-16,0.784375256092937,0.4061091446448405,0.5267397314292203,0.3827475626673254,0.05725056966813056
2020-11-17,0.7529191117208149,0.10118686116415032,0.5676889139425747,0.48745876458098075,0.020620082154536246
2020-11-18,0.7870599568195542,0.07225045667270724,0.6003587985562878,0.5070882292171469,0.09478777942676525
2020-11-19,0.7607918628903341,-0.509201012924294,0.5322621072788717,0.4798568126748433,0.03296841765136669
2020-11-20,0.745538775406337,-0.0017579044245555403,0.5048958237476129,0.4104286322232199,0.0019919916616965463
2020-11-23,0.7727651856440144,0.2581021995255987,0.5275069869586905,0.312098311383525,0.08024128778218338
2020-11-24,0.845873107679686,-0.252837519198341,0.5850271438838717,0.4991059424222564,0.07047305206454402
2020-11-25,0.8694887647660393,-0.031649274488323165,0.49669924813019306,0.4084021760933093,0.0766842050597168
2020-11-27,0.7957781606822235,-0.13054725711270249,0.49525391168853705,0.3633627152733536,0.06549315828771532
2020-11-30,0.7414998156780069,0.13559265791986688,0.5225249391991028,0.36916215307663536,0.036209775161350266
2020-12-01,0.7444822919529162,-0.232074595533493,0.622685410141303,0.33727425371384306,0.015699291108659686
2020-12-02,0.8305264197104664,0.03252689398003542,0.38788733070072345,0.5792450823138593,0.08597228357033469
2020-12-03,0.8342041989388058,-0.15353403086096176,0.5259923852868761,0.28508166325963347,0.08012853947386456
2020-12-04,0.8913110239230567,-0.1815315416482929,0.5020271519600374,0.3270438921852409,0.033150211284604124
2020-12-07,0.8040189700104585,0.2740633000278628,0.6199998153774978,0.36010038557777035,0.07333343494586925
2020-12-08,0.8189129491158962,0.016381082520814653,0.4822457099071436,0.6422555574595945,0.0036074972491576987
2020-12-09,0.8681379781148129,0.03782316994220691,0.6112205838967064,0.5212106712717806,0.09403551930677546
2020-12-10,0.8040930670540878,0.06519272106559863,0.6085389814065809,0.30538464188703196,0.039793740802514146
2020-12-11,0.883684534866067,-0.04502251213702324,0.609977456992383,0.399477340253718,0.015694550635732496
2020-12-14,0.8168803111236487,-0.006861671314491802,0.5096121716092906,0.37299451018556884,0.023000523918535933
2020-12-15,0.8689555701584284,-0.4628327965344937,0.47508478946098787,0.3274528290641898,0.024730873878134798
2020-12-16,0.746082760378199,0.30199592208309783,0.6007495066635304,0.45920318093946155,0.012364283064749716
2020-12-17,0.7681097966261233,0.2670103733588273,0.4592953232878219,0.6141982640147936,0.06552759587820689
2020-12-18,0.7657685101411225,-0.052407044368287636,0.5180741321929465,0.29268925859013234,0.07405257364855829
2020-12-21,0.896255656196846,0.15777892615689737,0.6028509383559475,0.2776330727939229,0.008491662946736122
2020-12-22,0.8090468913502,0.10420573786628073,0.5564656227930952,0.28396265489320005,0.07221128694973084
2020-12-23,0.8537750010565319,0.024310016557030873,0.4960320729758599,0.21447494604473366,0.04153800235700174
2020-12-24,0.830333325674494,0.4900911468263002,0.4938718797498678,0.4170447050412966,0.08302515189476159
2020-12-28,0.8555248639545789,-0.25393045322026025,0.5240673720369226,0.31398412207385984,0.015184755694535867
2020-12-29,0.8492338347412274,0.26510451387081185,0.5568767445995462,0.3158265931005899,0.07926200061375194
2020-12-30,0.7778604531036076,-0.12609970284935065,0.5009215272837007,0.3897961799181536,0.06056915809162189
2020-12-31,0.8287413242230931,0.09805148888570388,0.5502334547689954,0.4057053836825364,0.03237267317261749
2021-01-04,0.805922460245511,-0.25944230783325467,0.5614445152732007,0.341637441454535,0.0023431951568677833
2021-01-05,0.742632839042028,0.07414111342311674,0.5237088033921394,0.4227753921258836,0.02026666931784095
2021-01-06,0.8523818907534713,-0.19004774422904638,0.5597576330558076,0.21895771182696389,0.06560507087126462
2021-01-07,0.8866266545304637,-0.2718132993777564,0.5302653251392488,0.5338379903763958,0.029123865387987027
2021-01-08,0.7982738536959506,-0.23947953726006005,0.5925129318171569,0.4690532462151185,0.09668863296980464
2021-01-11,0.7783406830317383,-0.10498530415607983,0.5376345223496857,0.3792976039313969,0.0483349519106917
2021-01-12,0.7153514461539097,-0.03628477222361989,0.6494440156076322,0.3104030032763296,0.053320390363479776
2021-01-13,0.7808253203265118,-0.2367235326392792,0.5916967041975918,0.5203197358142377,0.0017212532409682459
2021-01-14,0.8690158919588812,-0.24960211777873204,0.5869152152845518,0.5433750034214236,0.039364518189025956
2021-01-15,0.8354831553855061,0.09568193666875532,0.5391769917244108,0.4220109823793664,0.05465814151956047
2021-01-19,0.8718159089853202,0.06564179368575279,0.5036391449077773,0.3543958325714029,0.02240608601114115
2021-01-20,0.8704639769444497,0.06494866407021906,0.5728181573689631,0.34459844667533,0.039734861829285165
2021-01-21,0.8694299590267217,0.3324825195644514,0.6308316897146061,0.5442591621445373,0.03698216265202039
2021-01-22,0.7920646879616916,-0.10003381947478077,0.5606569254974099,0.4038573241976254,0.06428185650006668
2021-01-25,0.8815509890062627,0.23317734789368336,0.5977697634291612,0.25688132341531134,0.08096807869517343
2021-01-26,0.7255989077701561,0.048092548960340646,0.6156381303867349,0.39204329510138625,0.009538903505269748
2021-01-27,0.9057452252489202,-0.21648820875608715,0.5119796494956147,0.3335719025525679,0.08648277144290006
2021-01-28,0.7748851393404381,0.10525717373639587,0.5520773035361995,0.24521595387213385,0.024996905836380104
2021-01-29,0.8545789228347558,-0.35199038521442594,0.5203607798621996,0.23772934292561312,0.061648847042076585
2021-02-01,0.8203560638535436,0.0372095424302424,0.6719774312182742,0.491382665614555,0.0723032413718477
2021-02-02,0.88208230916711,0.05772193025969862,0.5280372777825026,0.41281076019934965,0.02324297581533562
2021-02-03,0.8396210503693653,0.14076147645031498,0.553984459931879,0.44887864737823996,0.02520238489796115
2021-02-04,0.7633486014579367,-0.20865551882214342,0.5225288610847983,0.4024625988556797,0.033786848064007925
2021-02-05,0.7511081822461848,-0.08494887797420156,0.6241685739611529,0.29708703219216953,0.03214429817274034
2021-02-08,0.7847843983247841,0.014326255355233911,0.5934286895899408,0.3500709409194439,0.04065342833953195
2021-02-09,0.8493430034367578,0.11809046015694491,0.6387462458924223,0.391839807565294,0.06903973386378896
2021-02-10,0.7843590595271828,-0.13652640440242442,0.5977644663852538,0.36228442171887276,0.07946957907730855
2021-02-11,0.7815415111159605,-0.08965745284906446,0.5488786494920694,0.41990211127627325,0.03130161759218222
2021-02-12,0.7393708408727969,0.06060325849499257,0.6175309111028784,0.34191208618227026,0.03218379576606454
2021-02-16,0.9061018469803273,0.003524262195370663,0.5080959371171925,0.37187570936633296,0.05144311156482043
2021-02-17,0.8131328072467898,0.08979351111404278,0.5738801575011048,0.2988429724295609,0.09927553589125672
2021-02-18,0.7552509690943858,-0.13071985703633424,0.5594406376006826,0.2865025835100743,0.010504387636260704
2021-02-19,0.773359341944815,0.131891704887871,0.6703167117595917,0.4755461713870963,0.03756860504096931
2021-02-22,0.8752930543093406,0.19482369364673963,0.6311846862654946,0.3662203736942672,0.01620931142564044
2021-02-23,0.8170455439193473,-0.08412386849120433,0.5790936584322333,0.40681671003865866,0.01661969736022324
2021-02-24,0.8456783075789512,0.08466467630302477,0.5824665489532103,0.40555387408916665,0.09719162740831419
2021-02-25,0.8316731837096762,0.133478887611567,0.5151052477277844,0.2922611036101063,0.04241822249828617
2021-02-26,0.8653655266969671,-0.012173913986211605,0.5703360211722572,0.37365005270739615,0.08031536305292629
2021-03-01,0.7968147347211723,0.11158755630487474,0.5375192564655563,0.40247777464967616,0.07489934330747652
2021-03-02,0.8223058864725201,0.07925358331310062,0.6044981274245752,0.45159062303140285,0.03994056583140681
2021-03-03,0.7813651924470844,-0.18836054646499112,0.7166271718054573,0.3698735315425764,0.04354794025104069
2021-03-04,0.8007772764672716,0.1355680195435769,0.673990481977812,0.3455471883065304,0.09219702175276442
2021-03-05,0.7600592365905237,-0.24843067015832207,0.6742373208149908,0.2961893013538966,0.052248010279525914
2021-03-08,0.8086222031742216,-0.1954569664085938,0.5232725865844179,0.3707624646906314,0.03716318127796827
2021-03-09,0.7631106666829419,-0.13832568508466256,0.6963381957113823,0.44248961041724033,0.014151759661880715
2021-03-10,0.8565734759776994,0.1649319125698506,0.5913188311569465,0.35602816406223764,0.02044618413061926
2021-03-11,0.8224467305930557,0.033690153986498876,0.5682368236976307,0.41298478304668607,0.0714474800014893
2021-03-12,0.7746835146651854,-0.034291586128167954,0.5802143255717863,0.2731127407394221,0.025123936289630857
2021-03-15,0.6924420893443914,-0.18781264998793984,0.688004200421519,0.3690318217963272,0.09362024987502185
2021-03-16,0.8487984080448202,-0.42488902861867167,0.5476299678796586,0.26455103826376497,0.07201302572800705
2021-03-17,0.7998849994956442,0.48439109610704867,0.6212873054521127,0.5695612533278087,0.013533924642382712
2021-03-18,0.7972781636157168,0.27297387477101437,0.7021549951825093,0.38906309335895417,0.08294080158611418
2021-03-19,0.7830367644386317,-0.26356218739803056,0.5832415988669012,0.4081896675200791,0.041630294307489525
2021-03-22,0.9115476808674574,-0.2589947948192173,0.6021983869098007,0.2185691878610383,0.00670480131604545
2021-03-23,0.7886618585580716,0.06227907148240375,0.6249889469989783,0.4589023079641922,0.03118405096342014
2021-03-24,0.8298702016443422,0.11608438801924821,0.6017766365984868,0.2952133694011029,0.06940451718408454
2021-03-25,0.7174171518159971,-0.10933756434744338,0.592874154486427,0.5253931797175481,0.03310351304316116
2021-03-26,0.8049699162421906,-0.0393138068433385,0.6189818495772011,0.37299880125487983,0.04686941027228121
2021-03-29,0.8505270999473469,0.39586672367677567,0.7094581210338922,0.4097040627244489,0.03504527929152811
2021-03-30,0.8268446182347724,0.3157712240746967,0.5924623416585852,0.46791921419241794,0.022602951038597108
2021-03-31,0.7532419935157086,-0.06216782965499961,0.657792987016894,0.3281804366212377,0.09278794988441517
2021-04-01,0.803597441063516,-0.3148419291204239,0.7002876922580179,0.5263028069816904,0.082075443052881
2021-04-05,0.8194049783076374,0.10150257441646562,0.6196943424629484,0.5384311753030786,0.0584468385050618
2021-04-06,0.7840599978814313,0.14645352398564637,0.6537083574336783,0.5215325970476458,0.062450093602380775
2021-04-07,0.6970314558084151,-0.11985489565302893,0.5488023490735914,0.4149588285570686,0.0254749384232702
2021-04-08,0.7091984890242863,-0.4091245781891206,0.7081742523351078,0.4617689388263341,0.06593675703003117
2021-04-09,0.8160504621599405,0.07273452956779644,0.6068804735263953,0.49973506565515263,0.015242180304956644
2021-04-12,0.778377790396801,0.03732296521471386,0.6105284120829932,0.29531420415416626,0.027998553349320034
2021-04-13,0.8738491529531526,-0.08913534798028189,0.6498639219952383,0.411491272637148,0.010232212488877835
2021-04-14,0.8916792416204529,-0.20827581770430484,0.5445758904788242,0.30943044089956917,0.058731706175826584
2021-04-15,0.8166647775257186,0.30829367915564104,0.6782750587143624,0.169003139956156,0.03301601899836637
2021-04-16,0.8224853580611269,-0.6425907221030046,0.6381641271950854,0.5118169414895207,0.0592169974779898
2021-04-19,0.8079877862653907,0.01679631549895092,0.601385272149904,0.32155580812587536,0.08072995821927899
2021-04-20,0.831585289266074,-0.04628160033065145,0.6439531797864784,0.38863730654807704,0.06684969135316442
2021-04-21,0.766948844675587,-0.3071729341731021,0.5039565820450438,0.5312509343954436,0.016809938850008532
2021-04-22,0.787110532357049,0.06771483801632974,0.6860285915104449,0.3437195668702109,0.09890872256192823
2021-04-23,0.7786261257809423,-0.02643235047106478,0.5980321368416095,0.5887551350255846,0.08033538283029473
2021-04-26,0.8882910297047056,0.12417508318134945,0.6680291202164765,0.3821780987432144,0.016481838729578247
2021-04-27,0.8249582283594239,-0.06030272890773898,0.5306788905171381,0.5203874741793595,0.03233378758861677
2021-04-28,0.836584936699493,0.0036146946847327647,0.5946994204489191,0.24937851290934918,0.005218918723594335
2021-04-29,0.7611262333423642,0.06723063402280498,0.5679794190277394,0.37822869587825103,0.04396890210017989
2021-04-30,0.8047671967610449,-0.13649375380342216,0.5456382268203049,0.23876423690746265,0.032708936410068216
2021-05-03,0.8026740860494229,0.12372170952205673,0.5105720183184872,0.3975952174900174,0.011729649633745022
2021-05-04,0.824057162634578,-0.19791608074582895,0.6634085349819911,0.3614284630961592,0.03773095516407461
2021-05-05,0.8049370155771743,-0.032253900119595766,0.5032979245721718,0.5008752071684044,0.04744780015572282
2021-05-06,0.7622240615790381,-0.04730410308114727,0.6212425169262124,0.5460903426144534,0.052198570457825
2021-05-07,0.756003385905158,-0.08929671711888543,0.6599909805916037,0.4463713879275447,0.0883285608927764
2021-05-10,0.8435585679525803,-0.21022634715523358,0.5703693518080022,0.3832164567619569,0.09553601232626759
2021-05-11,0.7671052621328512,-0.33491392513478146,0.5632680107021694,0.535428819958443,0.083360493390066
2021-05-12,0.8129586732780247,0.27485818271467527,0.5971956152331822,0.3235292270412038,0.08398761036786678
2021-05-13,0.873880950661586,0.04246522813357979,0.6357768248410156,0.29316718288794286,0.049009350460097
2021-05-14,0.8619378144807252,0.21377785510883973,0.601602402572176,0.31930779141902177,0.0685367585124372
2021-05-17,0.8076995585643694,0.12225822944764884,0.5970648287757074,0.46010827381077646,0.04354133729047486
2021-05-18,0.8606122953826452,-0.12968933067438426,0.5269688240574368,0.39624611986277586,0.0025295554594236824
2021-05-19,0.7935128420565065,0.15716928263123003,0.5303736879715827,0.502038187417768,0.046607588060755115
2021-05-20,0.8776806054773383,6.099285245796086e-05,0.5865013257561281,0.3232453498769847,0.07284915031796539
2021-05-21,0.7828669550512967,-0.08166733612913674,0.6549675322017935,0.3928129214189226,0.05597940227113279
2021-05-24,0.7438913521679995,0.05107086842240072,0.6221455668858957,0.3974588630678405,0.09394071488900782
2021-05-25,0.8834606719863494,0.1555017334531796,0.5276929568590809,0.34485671876035984,0.017900560001427257
2021-05-26,0.8213113140712304,-0.3332378476053215,0.5962766412351457,0.22384175727453517,0.001067242172238292
2021-05-27,0.8611716727782255,0.1814547369583417,0.6039985660813525,0.3324121635647689,0.05260025947905228
2021-05-28,0.8185101412306769,-0.10267549750292981,0.5265109174389152,0.36612569882285895,0.0310390698376682
2021-06-01,0.8449132768246047,0.008762838566352186,0.6476750321956865,0.4765780539480275,0.0368867426483386
2021-06-02,0.8429345406952808,-0.3217853098891208,0.5601344307643518,0.29356275895658007,0.09215639532580562
2021-06-03,0.8008498560188048,-0.13865522478463138,0.554757712811417,0.5061162732373851,0.003352819120301387
2021-06-04,0.8337624964502917,0.201422885796327,0.49284241335291334,0.4057974696615664,0.04787348687521667
2021-06-07,0.8583352490698299,0.30125918297743115,0.4931482682497271,0.364851636383883,0.06954990752359068
2021-06-08,0.8617113337002381,-0.03845566256228907,0.5242447057297597,0.24500008215039926,0.0625270411798559
2021-06-09,0.7625649232668416,-0.33778033371274585,0.5718956650279285,0.489631018577866,0.08233257087351865
2021-06-10,0.7469512620545697,0.05154594824221054,0.6104376320964386,0.39972916731516506,0.09275748392254807
2021-06-11,0.7294652852541377,0.07724231093250063,0.5646377938209904,0.3843495351399145,0.06322400827294641
2021-06-14,0.7826581377119767,0.01735748525480826,0.590419336290534,0.6390648134335849,0.04734484162176847
2021-06-15,0.8156166034193602,0.3022282320025347,0.5819931373054398,0.3900471672352247,0.07505863498567591
2021-06-16,0.8174273763855646,-0.2443472739385019,0.5785711649278048,0.20079349351786277,0.00381935936922867
2021-06-17,0.7668666821055734,0.021968618626762138,0.6221461040866306,0.5430624396998395,0.08942651354768161
2021-06-18,0.7981726710179532,0.031143463906088176,0.6108302696795549,0.2670506427807081,0.07361961690851127
2021-06-21,0.8302373752657751,-0.16557857347316182,0.5504967371457329,0.3540976749505685,0.013164820583779081
2021-06-22,0.8317679063524073,0.11006073480181805,0.6027948262027297,0.43481988284644485,0.08458031350331513
2021-06-23,0.8185826884984447,0.3708047600877204,0.4811734031636677,0.569560986012924,0.0637478155721656
2021-06-24,0.7955089045565801,0.11417831727366104,0.5402566497631579,0.3297458370448374,0.009747546060301582
2021-06-25,0.8342288596397114,0.20842566172288868,0.5793363734776679,0.3457884213317118,0.09834034282906046
2021-06-28,0.9905675031407835,0.23971473417325045,0.5997830341780789,0.3647035769257796,0.06140037904490056
2021-06-29,0.778741710585548,-0.05596781516858787,0.6063273781083227,0.30093956629241725,0.08372735282182017
2021-06-30,0.7565898084272841,0.10790950667220363,0.5673573371441166,0.3229686462109104,0.03164802856574689
2021-07-01,0.7554398210792387,0.2875793986736864,0.5683877866531543,0.26364641362719676,0.09057247488667836
2021-07-02,0.7453187231958852,-0.07230239449009386,0.5863195471399765,0.459500880210828,0.09443009746540827
2021-07-06,0.8665839268500608,-0.29806996149215953,0.557432855668245,0.5425910332321361,0.09405451615489673
2021-07-07,0.8766400865238049,0.07178199628253717,0.6627843587479243,0.460928511641586,0.0837716673819143
2021-07-08,0.8621373316420671,0.008889583755101346,0.5054789469253399,0.3124790799221254,0.006495490068897547
2021-07-09,0.8190807607397209,-0.04230040137004139,0.45524432566239176,0.2974206415074259,0.05015256937407996
2021-07-12,0.7940798212972953,0.1454558751874319,0.5403198482325446,0.39279357894994865,0.008396870026428416
2021-07-13,0.7606543686498342,0.004633216012419766,0.6062334903699164,0.4155575112758557,0.027552545524037644
2021-07-14,0.7346343209259069,-0.25030455886090625,0.5688756560820487,0.37756845247773807,0.05054658309314513
2021-07-15,0.8062709884948243,-0.12254683500295141,0.5637677220489197,0.3699082286754651,0.07468284282246532
2021-07-16,0.8006693389135697,-0.17024467833262527,0.5838459498622756,0.3778867208383579,0.0003224382632706413
2021-07-19,0.8403940166559879,-0.23871831280680356,0.6219710758295904,0.5277374038513223,0.035068477777924066
2021-07-20,0.7145101165170535,-0.16038749501274302,0.5583388711383191,0.2680271343850996,0.056817326572616116
2021-07-21,0.8034202958918336,0.08532635719535939,0.524405688044921,0.45388387035370964,0.05661892885735098
2021-07-22,0.7753335047699058,-0.44883630843362443,0.5819374219084337,0.49758146536025305,0.011626169024416122
2021-07-23,0.9351818321144165,-0.44143730358686295,0.5695680148129196,0.2031317861916613,0.07295503771783236
2021-07-26,0.8978246640837659,0.0975733667392019,0.4820470833484748,0.4780222474601436,0.05911485301451752
2021-07-27,0.7823477496141531,0.06008321991025381,0.5391590029113204,0.5744168136147295,0.0766722568641125
2021-07-28,0.9007462955043256,-0.11945307465470119,0.580989944749176,0.43548401555702976,0.02175258520092488
2021-07-29,0.7393658966496544,-0.13924567607443603,0.644122150678414,0.43578544011046555,0.008127493319808233
2021-07-30,0.8599889789758761,-0.0424088624733982,0.4995546447136514,0.4027264507634475,0.024673211803870134
2021-08-02,0.7966947972376891,-0.2986505862063197,0.474138677061833,0.4707884514412231,0.06423173915047752
2021-08-03,0.7909654655448795,0.005140976405581425,0.5353170861070642,0.431305004881872,0.019108605941689328
2021-08-04,0.8673289530657685,-0.2197391630137064,0.5513573741930097,0.47550277935196483,0.013273481510942476
2021-08-05,0.8592925889500752,-0.2825835198829745,0.5348675390457105,0.5716075946398518,0.07059139630725723
2021-08-06,0.8050439740421688,0.09669894039285828,0.560436446164124,0.297453015560174,0.014042607370793781
2021-08-09,0.9016912364499987,0.09990015939378075,0.5453136493946839,0.2337972621989465,0.02259603801017647
2021-08-10,0.8497272399106656,0.10128206827582747,0.5998732315606867,0.36887347856956465,0.08835685789527345
2021-08-11,0.7606170835200778,-0.13644779895486664,0.4927491828394176,0.28811534818686263,0.02949323449980772
2021-08-12,0.8745080011882996,0.26553957258633337,0.5075524088266508,0.36072400779158065,0.02645451433391277
2021-08-13,0.7192259043340343,0.13919225106072095,0.5993675626482433,0.33628052827404437,0.05786961642176896
2021-08-16,0.80416077371118,0.08685829226314618,0.6010370476565446,0.4199776221835095,0.0641825910829326
2021-08-17,0.8197714958013259,0.03586370023196063,0.4429586071906832,0.25532093461701355,0.06310264072346677
2021-08-18,0.7696002415442563,0.20257811480747454,0.49684707268637923,0.3470395951197707,0.0036731093746908863
2021-08-19,0.7826412697928116,-0.02753137569453546,0.5981357835252858,0.38488026143028786,0.038568069156783985
2021-08-20,0.770685129731257,0.00504912581632658,0.6002109676181295,0.3497175281064384,0.02106627970468672
2021-08-23,0.7509497495784527,-0.10019825394608342,0.5172414959832757,0.46882409508253403,0.034692153070873
2021-08-24,0.8603441789341122,-0.20914345479246568,0.4627328668187166,0.367673774061251,0.07962714008144216
2021-08-25,0.8442246512348448,-0.2520015795304511,0.4793923676236979,0.3407256270588052,0.0699653826419193
2021-08-26,0.8570874427682185,0.1056521521328875,0.5544401188441921,0.5338677974233055,0.08298576827580614
2021-08-27,0.7947174952455459,-0.23748123097073637,0.44971356488398095,0.21618924349411603,0.00907575004791651
2021-08-30,0.7870616585166903,-0.07684452296634767,0.5467358342517795,0.4016914217176604,0.02582138495017209
2021-08-31,0.7854835777828696,-0.023199745232117167,0.4549666849941192,0.5025406570751287,0.003144805075168145
2021-09-01,0.7707042218595245,-0.22798625438717912,0.5473794022219451,0.4574164208363852,0.06583321812086826
2021-09-02,0.7238157310720493,0.17100032694204448,0.4689884933372472,0.36258954724360803,0.013981528183256731
2021-09-03,0.8193510053846969,0.11732497652336434,0.5279379055802267,0.3950181669093998,0.0372282747654389
2021-09-07,0.7887678335542044,0.08244413871308946,0.49826017629807134,0.5805354459125924,0.05883907817399121
2021-09-08,0.839320450498495,-0.18468312499807096,0.47996210878308226,0.40481921772598295,0.07012882836506737
2021-09-09,0.8749715607535227,0.28222100182242704,0.48371156738330834,0.30663657834105573,0.08693291015999322
2021-09-10,0.7569251179396905,0.05048575144315603,0.618397470594125,0.45390941042551025,0.04214077627323264
2021-09-13,0.7303043736657996,-0.14520082064920026,0.47116582529691187,0.3177997479885092,0.06478813134355833
2021-09-14,0.7906053087532889,0.07387897220398837,0.5362064406947491,0.5091763490916644,0.09131488230675797
2021-09-15,0.8362101286523589,-0.3908300480657682,0.4490021718876269,0.3841905963140809,0.04668412323801078
2021-09-16,0.8173639927883739,0.1722836719752514,0.5038008723209522,0.40507072538636746,0.0021749969117408233
2021-09-17,0.8218898681569529,-0.05100434775624038,0.5057744927597032,0.5125832179011751,0.04564456760404613
2021-09-20,0.8058044550607998,-0.006042545356856667,0.49920314671929444,0.5297773813791169,0.04349684769731377
2021-09-21,0.7545973336585279,0.3551693789582391,0.44190971955962677,0.3345779738672241,0.08340964111953134
2021-09-22,0.8472369134857659,0.2060633390947343,0.4304148369003685,0.29072981367529144,0.03732147783111178
2021-09-23,0.8238921404735924,0.46888387755275923,0.5627785235418561,0.375190295036819,0.06785558417525374
2021-09-24,0.6890435430962121,0.016328546884231847,0.5184704795055429,0.36173048589171963,0.0970765672095042
2021-09-27,0.7674638004726702,0.03183305206427765,0.45300159566979614,0.5872448660808725,0.07631729910876933
2021-09-28,0.8858372398766908,0.13158252631855222,0.504549352251946,0.333983591338644,0.050696075788032494
2021-09-29,0.8089606408054549,0.3278594270414552,0.5434604720672321,0.42036922784764597,0.07740724479359462
2021-09-30,0.8561987167083798,0.10912213267616565,0.5198203790762507,0.4980563258991536,0.04007501273831431
2021-10-01,0.8358513822412378,0.1717102940206757,0.5080693813804908,0.3745874176809897,0.051220435028064795
2021-10-04,0.7825918560529925,-0.13346192109419172,0.4198108477737248,0.30880600531883357,0.08865952461723324
2021-10-05,0.7629573235208909,-0.10146903919680722,0.5782342581429715,0.3842438044446223,0.09428463319248367
2021-10-06,0.8220883444942154,0.05466392890238542,0.579568530657002,0.3424414546154709,0.09724277523755154
2021-10-07,0.7988738959870969,-0.021239874354836676,0.5570984049402068,0.5344105693754455,0.012989082681690467
2021-10-08,0.8337291909846971,0.24658187481237595,0.509251604526724,0.38273967523831776,0.09599132988885052
2021-10-11,0.868936204329281,0.09752353504675954,0.46397068311354583,0.4997420938124351,0.030927353943037562
2021-10-12,0.7995753684489859,-0.0661647045448409,0.5455528589006534,0.39111678591550875,0.08014896239794973
2021-10-13,0.8294479268020144,0.13238791681415993,0.4619254393073706,0.4384850564682202,0.016534208104452285
2021-10-14,0.8774736552630811,-0.19129342874792205,0.5237524688996907,0.31705322654197127,0.014749100953643414
2021-10-15,0.8610698841920199,0.20238111674995427,0.4837397624634759,0.6209628652190863,0.03012823336387184
2021-10-18,0.8653312654568641,0.14138579702723383,0.5346689226391412,0.4983926909206224,0.02361835826766654
2021-10-19,0.760217879637792,0.03892151969220485,0.521553816585461,0.359986393669744,0.00901668945262908
2021-10-20,0.8332397634721982,0.2463388600868012,0.4815758497043854,0.39455756996286945,0.06847135764013844
2021-10-21,0.7689707352073027,-0.3573978019621585,0.5418949272887696,0.39742662051607525,0.037425781045067885
2021-10-22,0.8123789708576393,-0.1973547236347054,0.4939710793306127,0.5096593789182123,0.03447118632488956
2021-10-25,0.8100410668389729,0.0058367516110825616,0.5145991202442938,0.27636178715935444,0.0686786438480372
2021-10-26,0.8412460232051178,-0.2510396229831661,0.45759463575742326,0.29507852309928356,0.09128330459617522
2021-10-27,0.8012387516684727,-0.07049054070757152,0.5048803132417795,0.3094743840223557,0.08313469921312033
2021-10-28,0.8602747660153188,0.16680551374526617,0.49663037336421423,0.3521633283412062,0.07630561733018587
2021-10-29,0.78103212533274,-0.06202899900213587,0.435701492643263,0.30403926877881593,0.012850239365068595
2021-11-01,0.8530060195992483,0.06036249721517374,0.5886837394863207,0.3700804849830679,0.013352626860054995
2021-11-02,0.7919243386446566,-0.08157978490872964,0.49145618030174565,0.3340045986853402,0.08980212903260781
2021-11-03,0.8235494107343599,0.00582081342968226,0.48237567040875623,0.5251148913018903,0.07303721075704976
2021-11-04,0.9048291461243153,0.2333154411146801,0.5362470537247108,0.4761769726263774,0.03938503603198765
2021-11-05,0.9028207758913167,0.15206386315188478,0.4795633456222557,0.43922725266505486,0.04883093287786593
2021-11-08,0.8413122133031659,-0.19894345480718398,0.496093974870582,0.5100391824055466,0.05864289553977271
2021-11-09,0.7188253632475207,-0.25008570900811883,0.5020497972301945,0.43536795955057045,0.060852233453214194
2021-11-10,0.7421183777525546,-0.02535785033318826,0.5690997901270892,0.4068651457074284,0.03691325661709937
2021-11-11,0.8569544471815564,-0.11842282426700067,0.47146815259272046,0.48488738302850476,0.08232381418465938
2021-11-12,0.8284632767328094,-0.23711920155489186,0.4724858373492508,0.5564581241057415,0.07516844600303528
2021-11-15,0.7637722390265341,0.1868657493451995,0.49037605927485983,0.3996824143232869,0.06455772685265054
2021-11-16,0.8247296310471686,-0.42019624209991974,0.44175673575840013,0.40863330187871627,0.018797054919785196
2021-11-17,0.773784621810806,0.19931625905492445,0.4352041557233144,0.45652550562579874,0.043540062824525196
2021-11-18,0.7411889389797837,-0.07042099882888574,0.46291911487855436,0.5902429880471198,0.0654044934957293
2021-11-19,0.7430253918514982,-0.02441193907380468,0.43043401932284964,0.559957012207059,0.028496412419596363
2021-11-22,0.8300641208088602,0.027394617919733574,0.5924631645340644,0.41474224414226124,0.08212750142861311
2021-11-23,0.8209785678070538,0.026345057613030312,0.5476052224822007,0.35075586160787375,0.09585127454624852
2021-11-24,0.7992856346318333,0.1620669256914892,0.5339771905049464,0.38857560858978746,0.01635428771243701
2021-11-26,0.7399738804484643,0.29961005690731907,0.48843224162182336,0.4987237238419257,0.08342324950280082
2021-11-29,0.8187876825844043,-0.2586901045459741,0.5862760362360031,0.425454064639954,0.008264047165428745
2021-11-30,0.8767672678368521,-0.03648174014718377,0.5595998025827796,0.22374728886549863,0.010140509647033058
2021-12-01,0.784989206820312,-0.25459866644625434,0.5064006035757336,0.4471811739506145,0.0803550256840256
2021-12-02,0.7797709956172927,0.17276841872775636,0.48305907542768184,0.48852366136499786,0.03190257782395147
2021-12-03,0.8754878582937018,0.20270522701819715,0.5094373011646399,0.18745464020558572,0.03839902854435045
2021-12-06,0.8391083498368673,-0.025046942943060785,0.4800388025638497,0.344372093512959,0.048613938431305605
2021-12-07,0.88172126582224,-0.22746804012203092,0.5531572326600228,0.4217958175637404,0.0401703390646406
2021-12-08,0.7921306167668384,0.12890653746260938,0.6121433558676832,0.3704028496113802,0.030295451302067334
2021-12-09,0.7978409525961448,0.12441298099803999,0.5772383142010966,0.3872292792851365,0.06341171794828654
2021-12-10,0.7947313131953175,-0.4435293041439521,0.4932263336034293,0.28606883279324496,0.08024183951930021
2021-12-13,0.8442312498155945,-0.04878058972016841,0.5204082956597409,0.3990943736377019,0.037282531545313836
2021-12-14,0.7664911764937299,0.31064943733775086,0.6002893967372767,0.5618106783047688,0.03350635084820419
2021-12-15,0.8441708615619445,-0.005895623004387451,0.6169408179001963,0.3319033164087021,0.036486178719753126
2021-12-16,0.7664395510483493,-0.12030230295397185,0.5631766500469446,0.32378948066123275,0.0980734507918843
2021-12-17,0.8022313505891,-0.32037105877695526,0.5619205410422825,0.2482896632816891,0.038347182326252977
2021-12-20,0.7633919472567319,0.2434334269793288,0.5993998405873509,0.4374313089546498,0.015038722013649886
2021-12-21,0.8237831790867615,-0.10619192943085186,0.502584187122676,0.3637758302242621,0.09341770761278623
2021-12-22,0.734317291276884,0.050489710990732684,0.5445189674923787,0.3066578733289733,0.019761304940951074
2021-12-23,0.8884340959420678,0.12138274205740962,0.5775198868160458,0.3512660073960835,0.07276287665382414
2021-12-27,0.8099334960986838,0.12547453403748446,0.5539868589444594,0.5601900784769872,0.0048543598240339495
2021-12-28,0.7998106215291624,-0.10091210644722214,0.5789187059783028,0.2735352727713488,0.01215514456324034
2021-12-29,0.8562148466154056,-0.2601423601183966,0.5799944437941013,0.33517264458273377,0.03671041209256165
2021-12-30,0.8338292073491697,0.1814685892122035,0.5565959911381553,0.28003790483593205,0.06863876385189326
2021-12-31,0.7651612377746424,-0.14573182820675645,0.4550346256849623,0.5127477858731929,0.03374617448076328
2022-01-03,0.8255053792878164,-0.22710360903779897,0.6253629612163883,0.3298671899861837,0.08191693426931675
2022-01-04,0.8325286244537435,-0.16505410903924037,0.45252476275760567,0.26355594411487393,0.01787281803283072
2022-01-05,0.7975754784566784,0.1796593742412096,0.571621962554029,0.4140205126171245,0.0017518993070499201
2022-01-06,0.7194986188627559,0.25401722953601896,0.5663355537769368,0.388058233010784,0.06359826999576022
2022-01-07,0.8766211554994447,0.24949934471365476,0.6137358206395771,0.37529135032967126,0.03572444821290993
2022-01-10,0.7698261719607902,0.19778458342841465,0.49030613082698915,0.5947256738664283,0.07386803060487998
2022-01-11,0.8213999772597281,-0.21217685113991683,0.49781154317275944,0.272239517594394,0.008404685955483616
2022-01-12,0.8270181453360421,-0.0012784640119574238,0.4984521970230152,0.3643544213444098,0.07267874043035828
2022-01-13,0.7516032306954328,0.11786036118883453,0.5583589445721884,0.36215974940825524,0.04311005465143672
2022-01-14,0.7555944634966236,-0.06003112004455308,0.5411892346923876,0.4317726701209597,0.0971852775350443
2022-01-18,0.828350898905848,0.15841202041586844,0.5410071344802051,0.21395884978035057,0.024410070418398922
2022-01-19,0.869554643829902,-0.18720650260963612,0.5107070300585008,0.3956883454886248,0.08349179024418169
2022-01-20,0.8351135256477258,-0.10616728114293655,0.5399304193834029,0.36089736822344454,0.052355874753794274
2022-01-21,0.8908270175496571,-0.0005356175116264537,0.5192740915906147,0.3042216643097033,0.00765361437692379
2022-01-24,0.8074557910208815,0.04757158680560147,0.5942604573706847,0.41241586038472156,0.014675044722373399
2022-01-25,0.7779063324541455,-0.08478825991215655,0.6075416881596677,0.28539080395469046,0.06378144831394887
2022-01-26,0.7967123303461269,0.11949257157627052,0.6153890414384579,0.38070846289086174,0.03819129952239414
2022-01-27,0.7994396594714591,-0.264423588288748,0.5986792431067494,0.531877968514679,0.007876486582884734
2022-01-28,0.9482577029299846,0.07728923670360925,0.5706189135461757,0.30801893868490926,0.07492669992296842
2022-01-31,0.7260571543128425,0.035391849947966667,0.6929347779045908,0.5270812229656914,0.0022383475183921585
2022-02-01,0.8758282134556898,0.049120563411583114,0.5941308731814727,0.15762526817220227,0.025685800404544136
2022-02-02,0.8581255290381998,-0.11586811391516315,0.5417975015072365,0.3676743046951393,0.08829253619855887
2022-02-03,0.8021497755274493,-0.1435271183943325,0.5782986707460949,0.3441722403791947,0.043343528334170614
2022-02-04,0.8250161477878073,-0.2974355629100066,0.5676152081224718,0.2903704410313749,0.01916436372018987
2022-02-07,0.7879275340751066,0.028679768606706114,0.5002061942569292,0.3177592622727863,0.030320141923115752
2022-02-08,0.8484482192418167,-0.28263556837316023,0.6699777015272679,0.5204407956130647,0.0854243649495568
2022-02-09,0.795273645777386,-0.1574419375570127,0.5918504108411113,0.255253774297284,0.07989540997805537
2022-02-10,0.7198928637583784,-0.09186702481051331,0.5757106521636761,0.40944272243535307,0.04729184002817367
2022-02-11,0.7892629691941058,0.25478934589498947,0.5083061908240878,0.2861737865041901,0.04369456341474261
2022-02-14,0.8443317978072405,-0.23232947712742824,0.5249379424184121,0.4123354792207164,0.07783089741000047
2022-02-15,0.7673238689841984,-0.026616885584137454,0.5505709596158029,0.31383362966272604,0.06714396405647857
2022-02-16,0.7148847304327529,0.02791263056426746,0.5238035866665405,0.38317577964694804,0.09097464098130198
2022-02-17,0.7943947550825717,-0.04130161173997665,0.5792679150059841,0.4193628250918264,0.027267940346189623
2022-02-18,0.7836120349254279,0.2485392958546737,0.49495940268384186,0.3773408881472771,0.001871894882657055
2022-02-22,0.8618115488205433,0.09535451060052076,0.5407863910191476,0.3191754507011976,0.012976694311774263
2022-02-23,0.7696603720336698,0.11984552613287786,0.5530528301231392,0.42551230881234503,0.059907945089234575
2022-02-24,0.8332150707037977,0.47367869364707443,0.6062205750940133,0.3188855985249537,0.031815939469000465
2022-02-25,0.74699248689668,-0.055170542927549096,0.5851007137692786,0.17893004726094444,0.0018072923339966685
2022-02-28,0.7843072919853493,0.05947050856551059,0.5658547404607652,0.49686237857058374,0.006372245856662295
2022-03-01,0.7420821777639739,0.13537656403064335,0.6386145632408923,0.4956496475841537,0.07120336041548561
2022-03-02,0.741707180767281,0.06291055917147685,0.5599172216879847,0.25938575580170986,0.058791416451904756
2022-03-03,0.7993066137513145,-0.18099559838016188,0.639814473051125,0.45130633430135697,0.03287520150948906
2022-03-04,0.7623777765945565,-0.1448442627661858,0.5751511460872688,0.3927594852682103,0.09298726957861865
2022-03-07,0.870318913740189,0.13815646529612663,0.597903902053632,0.3739351150105078,0.0340595977899751
2022-03-08,0.7313322982696263,0.2583995252252113,0.5733355525890502,0.5554840240426258,0.044438306355311444
2022-03-09,0.8298054646065918,0.40505684172428896,0.626349017508828,0.25679803687791214,0.07425711564643282
2022-03-10,0.7892792259869393,-0.03382699213439299,0.5526727329554816,0.3622939182817956,0.06977253643424318
2022-03-11,0.7516530420708945,0.00114425621982448,0.6085476920064431,0.29958905927938817,0.025569259675546154
2022-03-14,0.9170127146740955,0.012702652256091766,0.5567024753169836,0.2370460700034783,0.08522916776784754
2022-03-15,0.8229971444698584,-0.05209770656267059,0.6369510125565261,0.3856629735028032,0.0631384063411791
2022-03-16,0.7603140608865636,0.33414365923551625,0.6198255152532343,0.37458912884016415,0.034529919239202136
2022-03-17,0.8282319265724869,0.09480839131233164,0.5268325275960452,0.41576942199628103,0.09848686049103123
2022-03-18,0.7974938263353054,0.10145999712595033,0.5614830636180509,0.33952981449029174,0.02918230425630325
2022-03-21,0.9031435549282029,0.24618241817642728,0.43427817249022027,0.5156761982464312,0.06745013703955718
2022-03-22,0.8163173986871121,-0.1416364125798024,0.5488565554395692,0.3050882371720012,0.062486269760829875
2022-03-23,0.7860032027620791,-0.2254265167363687,0.5316298063109184,0.29596198491560893,0.0351626378036234
2022-03-24,0.8361696927532843,0.010018029714159422,0.6272825027259464,0.3933630160789946,0.09958258402715636
2022-03-25,0.7546660334677604,0.09888818469872124,0.5493704621958427,0.46466143019889344,0.09733570686272358
2022-03-28,0.7617039998521519,-0.13749532528070507,0.5817928940254716,0.4674404801056949,0.049075687668979344
2022-03-29,0.8287998626063697,0.004000264430184889,0.6942022845761224,0.21630168387748547,0.09211762811064178
2022-03-30,0.7680811178649724,-0.21623769560779826,0.5114278273072851,0.32804804871139726,0.06071217428804866
2022-03-31,0.8543884581898352,-0.11832947970315032,0.5833371075853132,0.2277445172119718,0.009697982218675084
2022-04-01,0.7801737212419826,-0.0923397431175168,0.6321192986598917,0.2325083602081779,0.09921309062140642
2022-04-04,0.7972495627139431,0.21736360601377813,0.5776924114130797,0.18844385858813212,0.01786224384970463
2022-04-05,0.8839587888674095,0.14697938850766656,0.6433692958697195,0.22562163532546062,0.07775246797828578
2022-04-06,0.8956227862923607,-0.15465521702223958,0.5743655852800581,0.3297222834007997,0.040111650936357934
2022-04-07,0.8673468590977603,-0.0359596705010591,0.6238479317680679,0.40759010228843684,0.07512809203397676
2022-04-08,0.815247899815354,-0.18935681274923927,0.690276532106683,0.25366063714947706,0.05992485380089262
2022-04-11,0.8406126987017342,0.0753313184214558,0.657025126724701,0.5388090032379278,0.036317468159106116
2022-04-12,0.8131305700291611,0.10607886118495057,0.687401034208733,0.3934823233077748,0.08847578666124037
2022-04-13,0.7666783262467411,-0.07689362253988427,0.53376053857407,0.4371816810994723,0.07617531317190264
2022-04-14,0.8732228104070318,-0.024208298413507683,0.5177658280816646,0.5021650835057678,0.05356270487048357
2022-04-18,0.731185051921711,-0.30919095558460824,0.5890370251269698,0.42517852456754995,0.08590565875468104
2022-04-19,0.8411123749379177,-0.01322791040929467,0.6857055157596349,0.4065168341083202,0.04639139420262234
2022-04-20,0.8717334050876467,0.1573909128189396,0.532794907711771,0.38302695127144787,0.04494559255016431
2022-04-21,0.9261660256640509,-0.10087017078805148,0.5634287970799948,0.41705755814770223,0.017762662768404446
2022-04-22,0.7965740035369974,-0.1587409159004477,0.5727029272083396,0.5432009671368626,0.05326657059033684
2022-04-25,0.8131690654261213,-0.2656150065509424,0.5203187455098137,0.620680493205447,0.04640214864625827
2022-04-26,0.8088332815282948,0.08691570019308367,0.5569895704496527,0.4320985969271416,0.09072808854156962
2022-04-27,0.8929664825800765,-0.13045263674875096,0.6181266486435492,0.2594253724109612,0.06531042413271956
2022-04-28,0.9211433059183396,0.05370718604891496,0.5741831206969132,0.37021258767138365,0.041029380402620844
2022-04-29,0.7944980912742832,-0.09178103282469864,0.47206029527398163,0.3902034267903245,0.061887596714640114
2022-05-02,0.8130060659697144,0.09773230745209543,0.5670361676171105,0.32289636858589776,0.06199202947568986
2022-05-03,0.8196112527773511,-0.3224736236180968,0.5999248848062139,0.21381807404782793,0.059956817008990575
2022-05-04,0.8760409324415397,0.136853991132155,0.5459921505833861,0.4661138013338037,0.0945489019325626
2022-05-05,0.825575711212694,-0.20180204621697198,0.4906928378402702,0.4316435683426452,0.02499407542233084
2022-05-06,0.7802859076432482,0.2189939139392159,0.5920611535564051,0.3300417303502683,0.04719135439720978
2022-05-09,0.9098919366545235,0.11528929852060105,0.40710075388415445,0.3513608231209134,0.03702959121966325
2022-05-10,0.7507955503993788,-0.15995958754406173,0.5820932083584033,0.43540485085875463,0.0883512480481564
2022-05-11,0.8330682871056786,0.21557461531296043,0.6206228575157825,0.45747469291255055,0.055205735945206474
2022-05-12,0.8300746161566637,0.2573597705451803,0.5724307423621604,0.37096967312648094,0.08503090136737135
2022-05-13,0.7247213323513735,0.21123280876200715,0.5838385954306881,0.6933605706171273,0.03690643215407439
2022-05-16,0.799723365411877,0.017715625883347054,0.6132648415448418,0.2898100027011287,0.017521099352962432
2022-05-17,0.8379273856939613,0.0069322864114370625,0.5701519182950389,0.5172603958743007,0.09213856846078135
2022-05-18,0.7748125641044672,0.05498042261644431,0.6574558196746961,0.3293378244043702,0.029298191565880784
2022-05-19,0.805155700865385,0.4690609126943657,0.607818160712326,0.3493802523357383,0.020700727088453053
2022-05-20,0.8601312380039239,-0.11361871031820517,0.5052187232690594,0.5372363945265171,0.024504697087162054
2022-05-23,0.7648470367934492,0.4903425249994582,0.5570369857761082,0.6133264681561856,0.09897133278987083
2022-05-24,0.7515664465739971,0.20509871725325057,0.6058173743040145,0.48377462255551523,0.09728052874014245
2022-05-25,0.868401135333813,-0.09954902845623438,0.5147072012533237,0.39490822696607825,0.011115729662542762
2022-05-26,0.8311515128792567,-0.09436892423110096,0.593336502869608,0.43296255311747406,0.03312592347866703
2022-05-27,0.7744986776728067,0.07899425633809315,0.5653988968508666,0.3300019099796629,0.01592665854458768
2022-05-31,0.8593687569111996,-0.1553982423387089,0.5530458960174232,0.4072050850186656,0.09624740263062885
2022-06-01,0.8887155810327119,0.03855681554485962,0.6015539526126986,0.3702357464003504,0.0032322568312463055
2022-06-02,0.8160755187811829,-0.009775446703918828,0.589057669072967,0.370403242695174,0.08670627140981518
2022-06-03,0.8869999942738104,-0.07463324770042838,0.48827590370404556,0.674279660437002,0.08621689705946713
2022-06-06,0.8036315654528123,0.2626339574182695,0.6415732462574841,0.4945214312250382,0.041708961097579315
2022-06-07,0.8100986390201298,0.05733696397486857,0.5068271772691054,0.5990147773818276,0.0715976577530365
2022-06-08,0.7774097000908664,-0.05078019254817511,0.5747149137902584,0.38925602451630403,0.07765965283436843
2022-06-09,0.7871563358853303,0.27886781041093767,0.6164866063606412,0.43220472043256936,0.053417081173333686
2022-06-10,0.8000223472001624,0.21285517436889415,0.544950648985267,0.5570391840337816,0.048080756386931114
2022-06-13,0.8255610457741713,0.24595630539454302,0.5600560647272685,0.4071533182040945,0.02929630712543606
2022-06-14,0.8812710530729333,0.43878503036088895,0.6429467817434301,0.48771346193778503,0.08223157579090486
2022-06-15,0.8494641716478798,-0.1013897380519252,0.5788668701893676,0.3086950816003268,0.036337326764635317
2022-06-16,0.8387891066842387,0.08801013213871473,0.4652358943167933,0.4038738609191707,0.05115596996938302
2022-06-17,0.8407437449544553,-0.016741971427804453,0.580349432370517,0.2658277756643686,0.04285885377781356
2022-06-21,0.781206784721987,0.20698763263278652,0.5591165726618577,0.43398789813149086,0.014598373954795586
2022-06-22,0.792673941964571,0.00389880465537127,0.44314028332609995,0.48460119384207667,0.08252285911128818
2022-06-23,0.9103966419476235,-0.21300350984292815,0.5103747472980482,0.44408798982374825,0.011178373338277793
2022-06-24,0.8936939645253372,-0.00041946347658896487,0.4950737327522128,0.3791382763362127,0.041289305431050805
2022-06-27,0.7685033959844103,-0.1337692585737553,0.5387718100385153,0.3070675411758373,0.09129745903839817
2022-06-28,0.7811047137912717,0.0149068000444487,0.5638677095745778,0.2576019666179033,0.02100849841870941
2022-06-29,0.8398190861254669,-0.07638677262627958,0.5882701270663291,0.478049752068786,0.06420355714389388
2022-06-30,0.7927729409522475,0.12282953880754664,0.5095497129270691,0.532376206283529,0.08991953112861728
2022-07-01,0.7800431899571767,0.07054992172510262,0.5411571081559621,0.2983105485762399,0.024472844419613907
2022-07-05,0.8650457880892655,-0.1228263617733582,0.46209511328464564,0.11179866368319702,0.029529206968243505
2022-07-06,0.7762477652786014,0.2751816838597947,0.6091274445544451,0.3281401597652468,0.07873739484725606
2022-07-07,0.801277254264931,-0.09298261511120459,0.4787118260427521,0.30511681283766573,0.05682311898119671
2022-07-08,0.8690574759700392,0.1007775742758801,0.5581821544940487,0.2664853388339141,0.076132273778335
2022-07-11,0.8250351607016988,-0.46076899389760434,0.584111407333277,0.4258574900737142,0.02884304301883316
2022-07-12,0.7527383773950085,0.32328511149800804,0.4513153095822192,0.45303061822496027,0.03708511185909765
2022-07-13,0.847758588448933,-0.24793408787049614,0.5383859044571111,0.2363172157847137,0.029121829797821287
2022-07-14,0.6776812841836592,-0.21357524538633174,0.5086049651077913,0.4644256180810792,0.015830244546860394
2022-07-15,0.823370404253041,0.01870909187722922,0.4878760302747448,0.34699886959586135,0.04752848424991878
2022-07-18,0.7735036695065419,-0.24499480140596167,0.5064160716806981,0.4074512385096334,0.02948796164575315
2022-07-19,0.7913680740287898,-0.06470053388499458,0.5700226594562295,0.34992455813092965,0.06950825164359292
2022-07-20,0.7533016684506054,0.11269070432024784,0.5477496340132392,0.4328659498172315,0.029233287914952357
2022-07-21,0.8512919328767854,0.09132830546158904,0.5350784182674605,0.6391452662852093,0.06367623301440331
2022-07-22,0.7557515626849023,-0.11728345569771166,0.581198374534089,0.41425862920955747,0.021166204350613328
2022-07-25,0.8578961517005619,0.033951285907374264,0.5991349357299478,0.29924891443667545,0.05842347742026054
2022-07-26,0.8871229944703354,0.23419929864085332,0.4691290700207684,0.4630665409887673,0.07211393677338328
2022-07-27,0.8178480033881704,-0.12131640382381277,0.4344300076149802,0.29891863288826837,0.0996117521202698
2022-07-28,0.8554056070092294,0.16276825385211138,0.5175491398205656,0.4816985143143284,0.0618459991365701
2022-07-29,0.8672630038947068,0.03092799172526947,0.4911981645059226,0.4441054112815645,0.034421354266890525
2022-08-01,0.8443492353829432,0.13478887807006198,0.5683167333656853,0.26378354280787786,0.08526104725978917
2022-08-02,0.7945035377317129,-0.37972426913756396,0.561654751852302,0.3787688552019584,0.037436258329435236
2022-08-03,0.8415407035348708,-0.2951357496380317,0.5936199760668561,0.28056608353807255,0.048524578398746625
2022-08-04,0.8587281652191229,0.023590034178508308,0.5133725991395195,0.37298398933878263,0.05252368709597921
2022-08-05,0.7880968495341935,0.2590392353801537,0.5227572198459728,0.27307784696467796,0.08971336065223245
2022-08-08,0.8008019898982579,0.025667805440587662,0.5649126894962838,0.3395380279482793,0.09469482531007573
2022-08-09,0.7931111722097726,0.004686425429481063,0.5630097496823788,0.26312454644039707,0.030930828456900462
2022-08-10,0.8452677315495872,-0.09281250602573121,0.5024420360871592,0.6001575745129749,0.027831554866314848
2022-08-11,0.8101765387724237,0.15093875006171598,0.5539437864499499,0.28199760859014933,0.07892742463915901
2022-08-12,0.7277302837388547,0.16419641848338218,0.4631646842612276,0.23358170454289728,0.035650146379165526
2022-08-15,0.8713081107422098,-0.2038853467551186,0.47680656440530994,0.5974373155089295,0.09127025055783733
2022-08-16,0.7370132319309214,-0.2512572082813851,0.49183122250235334,0.37597431601655784,0.0839977135853891
2022-08-17,0.7753127358941173,-0.2317310194645833,0.5897099487574634,0.42629861241047157,0.07830874382532046
2022-08-18,0.8492584372104593,-0.027445035311707194,0.5280876736566357,0.4932901661109591,0.02283713202281137
2022-08-19,0.7701850492727332,0.05296719930359637,0.5478325024905984,0.554479734638426,0.06642440857949893
2022-08-22,0.917394548990088,0.013971959396352289,0.5682750312058266,0.1329832066628453,0.009884002023956374
2022-08-23,0.8976141454688357,-0.14517673234416073,0.4987484367164595,0.4441104484367021,0.0067197727199446835
2022-08-24,0.8123278816342243,0.0392906759136269,0.5896597819529773,0.36157799546540287,0.053475387280140535
2022-08-25,0.7656538091749723,0.36269277145971024,0.5360969239948167,0.5922238975313464,0.08726156136352367
2022-08-26,0.8631814955289452,-0.2647188784026874,0.5415234343795401,0.3016051934117446,0.0055974799742049336
2022-08-29,0.8203715901219834,-0.015142880721551564,0.4269303968168837,0.31871895104382136,0.0247971946334036
2022-08-30,0.9302593650079549,0.04767548096823289,0.4985783571783795,0.5812890219940926,0.07394357784292448
2022-08-31,0.8001882344965415,-0.018284072393824024,0.5564555019859999,0.35992642013836507,0.06508072157019572
2022-09-01,0.7826739630323749,-0.4507512830721435,0.4596603882174336,0.3053972254010387,0.06896374502582872
2022-09-02,0.8279283347734304,-0.1220916531455552,0.6139690758348098,0.2942371069765194,0.004023279234303146
2022-09-06,0.8900323343428702,0.04395059102550983,0.5448692907673799,0.474601959473587,0.05519756546428543
2022-09-07,0.7090882234843792,-0.002310535795311434,0.49106816130359116,0.2867021905308733,0.019001416663331716
2022-09-08,0.8429813018607933,0.34330806317549434,0.3701919241575615,0.3465530324158279,0.006366893579170818
2022-09-09,0.7577116917943189,0.014355565247538664,0.48723723924408674,0.3394322787242822,0.05225577004459564
2022-09-12,0.8544753414164529,0.32723626021141977,0.6356957181256976,0.3260370951531412,0.022758624884441938
2022-09-13,0.7289562224090965,0.11183928681566802,0.5828857721553177,0.48136899670407285,0.05812704375183754
2022-09-14,0.9003173519765155,-0.045097334120423854,0.4716286602399603,0.41154359074013125,0.05369336447241955
2022-09-15,0.8034723406316555,0.1326188042680688,0.5503557901643672,0.5048083664571886,0.031885833881807414
2022-09-16,0.8455296335402195,0.04916446533505993,0.541362997972656,0.2037008092347279,0.019642582892104268
2022-09-19,0.8305285376166971,0.01049561143409019,0.5117045761115312,0.3912376453745769,0.00833862086835191
2022-09-20,0.8415927746730808,-0.11492058430680306,0.5573585884303354,0.4473649777413474,0.05423688336415281
2022-09-21,0.827534292894193,-0.139503314127224,0.5414946565457976,0.42066596984944915,0.04872306682166529
2022-09-22,0.7822258303231542,-0.011332308482647685,0.5320439187123549,0.45515735388198253,0.058171354554411504
2022-09-23,0.8443504483904077,0.01850627834821544,0.5517563611570169,0.523779650381161,0.011152390182004458
2022-09-26,0.8568661307837769,-0.11749025497114143,0.447277162944538,0.3456060233028406,0.07773958641486417
2022-09-27,0.9176828373988362,0.05633918276547071,0.6064367467408134,0.38798016564125637,0.0805765864513312
2022-09-28,0.8070593164753539,-0.014811307328814733,0.49545511979331497,0.3226349088132276,0.04562544375079698
2022-09-29,0.7625575865916661,0.10026732543617259,0.5527728050252689,0.6444981300666401,0.8772801250486406
2022-09-30,0.7983143546654489,-0.070531097372815,0.46144503735935627,0.5125727429373568,0.04926051395470515
2022-10-03,0.8607493727398132,-0.17538691637490528,0.45492156310865306,0.4952514758595898,0.05072929820662711
2022-10-04,0.8391598075604203,0.15167774260222877,0.45593094597885575,0.21222751360897935,0.09514356974160644
2022-10-05,0.7762517491659915,0.1375533460022454,0.6056749465428015,0.3570536010472392,0.08672609666898104
2022-10-06,0.9337927940938433,0.16596395349833762,0.43053786992944226,0.4214033837811032,0.027528834847988595
2022-10-07,0.863198713920593,-0.4850965797105373,0.5324942200471374,0.5172721179823113,0.030880401749850597
2022-10-10,0.8399434062065572,-0.01234424213628466,0.49196003786817755,0.37686776723081783,0.09772289973244981
2022-10-11,0.7612010098116445,-0.1375047663809935,0.47991751412631695,0.41134943462257423,0.048758044098703025
2022-10-12,0.7921592621171466,-0.17382584849958604,0.5388911834469601,0.4370613971947856,0.09743543901260787
2022-10-13,0.7930385231605216,0.10125569429751746,0.4784146985866931,0.40630650294881204,0.01631308732837078
2022-10-14,0.8687522027361433,-0.12074821863325269,0.4426364440664422,0.38548654169786584,0.04320149173809304
2022-10-17,0.7518267491907269,-0.055489701870195085,0.48786474740942,0.15363158760944373,0.09252953370066724
2022-10-18,0.8465317581872255,-0.03653795333626411,0.5612332004724312,0.42155319797940827,0.06378829753917376
2022-10-19,0.8567804285157774,0.23800775064140867,0.4958084431780573,0.3999176811136098,0.018265567119118198
2022-10-20,0.7413228388304883,0.24790754904684828,0.49537943410660296,0.29942694496520184,0.07628526481375307
2022-10-21,0.8569861243243713,-0.43595623839285036,0.4814846071190852,0.49083110412118414,0.05017796703084098
2022-10-24,0.7981139074017047,-0.1435843901897163,0.48307580426289976,0.19900707355314262,0.05303995197406086
2022-10-25,0.8557739215891517,-0.024577208395382612,0.49060647585138456,0.3731331383590959,0.03000614190664254
2022-10-26,0.8207039899232291,0.13068747413441334,0.5019722377614121,0.2638363451820188,0.05710084264866057
2022-10-27,0.8487758060772033,0.09971393820084527,0.5152179150680153,0.507524130696132,0.015638772541213077
2022-10-28,0.8215189338206479,0.2222752177978512,0.5756816000827201,0.45823128855244827,0.07858111275119878
2022-10-31,0.7826033189061031,-0.026157143700488147,0.5684811608800447,0.25023721339304933,0.061012322949313184
2022-11-01,0.8004023165910695,-0.06859296728934881,0.4637094851698075,0.4872878949918787,0.09567069822286539
2022-11-02,0.8388407535520388,-0.1422116713200984,0.5376900504744461,0.38415837653317825,0.06534906297566716
2022-11-03,0.7754902713388828,-0.14258368204857344,0.5296739492394669,0.4939009878521839,0.07797549123053871
2022-11-04,0.7956615883522606,0.10888826673380235,0.5874285609494152,0.27411294436297473,0.09328435455475406
2022-11-07,0.8377834936419312,0.16613113825908166,0.505065126743363,0.5238283210855648,0.08562375369253683
2022-11-08,0.9299418519130642,0.0686710696772606,0.4986610291888409,0.4976982807661957,0.014498652745956464
2022-11-09,0.862103443018895,-0.503766190983637,0.5107333721070552,0.3605400533260886,0.03539335714968389
2022-11-10,0.8398352845756958,-0.03873165605875807,0.5071525585591108,0.31367872405389186,0.04497078754605121
2022-11-11,0.8567264609212243,0.33100844429374643,0.46958039797142775,0.26029449768530266,0.03935422060094419
2022-11-14,0.8210001609913732,-0.005731132207052782,0.5722353935758103,0.2770805047621468,0.07622227440773495
2022-11-15,0.7931022412487951,-0.4295406478533706,0.5830345759471359,0.4250544628323364,0.0968679952686934
2022-11-16,0.7968283543009601,-0.2644542957182353,0.45336879962090254,0.44142668997913914,0.08053707565362028
2022-11-17,0.7646287477199645,0.020801084629713876,0.6176574428234722,0.365241237705518,0.07670485993788191
2022-11-18,0.771927777801281,0.07640144109055262,0.45484841605136617,0.5719984530329404,0.07043389097021006
2022-11-21,0.8901809834264167,-0.032834323790728814,0.47321611797005586,0.35742301272246396,0.07166726980800131
2022-11-22,0.8052167193957286,0.07671342634141298,0.570729134034534,0.29634873692414104,0.03734751867031976
2022-11-23,0.8705454782671371,0.1235371225622596,0.49403403166971444,0.29132881043229897,0.07909199698448653
2022-11-25,0.8258116358646284,-0.21191769674041683,0.5719864674652453,0.28761172278677954,0.055997226192814824
2022-11-28,0.8473853096581572,-0.01612327296301642,0.49490383317605907,0.38971684936807094,0.02149798543569135
2022-11-29,0.8739991584817101,-0.23845148179875797,0.5030544345998815,0.3248256435312812,0.08564034422782289
2022-11-30,0.8180691433225642,-0.13693617850253087,0.43599317896509615,0.2944862453067638,0.02431378152997639
2022-12-01,0.9018877509269055,0.04934564225725453,0.535757898768057,0.3717387609991362,0.047968269840996086
2022-12-02,0.8174187287945415,-0.08596238456627601,0.5522361341572356,0.41008088542593735,0.04698717590573829
2022-12-05,0.7614365894920692,0.05074490062083853,0.40524425563119293,0.4413859199677786,0.004599995003065416
2022-12-06,0.7495321571581739,-0.01921101723401519,0.46922706941040787,0.4002823199533097,0.06878009659031906
2022-12-07,0.8489139259638111,0.3005654170499161,0.45267389112838835,0.4975472955671135,0.04870413485903004
2022-12-08,0.8265576352688735,-0.09013343056492482,0.5685239181757129,0.37640751489147933,0.0606704842940825
2022-12-09,0.8558765258200339,-0.19845394262559898,0.4996763215145319,0.49436000527946,0.010143991601552483
2022-12-12,0.894270026178521,-0.0070063798305698595,0.39437917358221564,0.3800950717391545,0.027604622049551986
2022-12-13,0.8216213058911215,-0.04655467533863442,0.5513763040199638,0.3523090072402678,0.09236060923653494
2022-12-14,0.8619435430339013,-0.23334265454620842,0.5972221365201532,0.5550078823961093,0.01342847338382135
2022-12-15,0.7743470130969846,-0.18271996512061256,0.5567391184387285,0.28127795902571107,0.032454551739378834
2022-12-16,0.7953698564448839,0.22050539129120292,0.5739134249250779,0.598019634168959,0.041377737987272956
2022-12-19,0.8285392073800103,-0.12216760045563711,0.5421035003003333,0.3849411660591366,0.015041957490003345
2022-12-20,0.8131721445398432,-0.004760741619146594,0.4937955892957335,0.4282217754970643,0.01999943074720828
2022-12-21,0.7495668366120704,-0.14336532158162288,0.5352854321527952,0.17404466873444085,0.02452266687739052
2022-12-22,0.8584495768172459,-0.4106309019695011,0.5755567957968671,0.2707190710071838,0.07627871607295483
2022-12-23,0.799754065464825,0.10382612938988588,0.6528347725895771,0.41164519777073494,0.05310274795987457
2022-12-27,0.7208686835900245,0.1907390265271548,0.5347518203464968,0.40699066544588236,0.002185180887928273
2022-12-28,0.8478931514943807,-0.44507559138114283,0.5475329045414913,0.3590306110047305,0.006800390683654934
2022-12-29,0.8810917453002759,0.1454227526677486,0.46671511435209634,0.5262625852349049,0.07114026899565626
2022-12-30,0.8424762544080105,-0.30944831949064366,0.551712586537598,0.5034826113855856,0.08534333285780966
2023-01-03,0.7692978063713303,0.27551546716908343,0.47694777963709417,0.32087728233530155,0.044584037175233064
2023-01-04,0.7828564582305153,0.27538674631773236,0.5288869635965973,0.2837182997339002,0.018414002896299308
2023-01-05,0.852260543945703,0.13223619811854376,0.5876721099527733,0.3728660834773991,0.04608036902711078
2023-01-06,0.8427267150518474,-0.13004661724585714,0.6388916528489456,0.5144205158657932,0.06776688022273679
2023-01-09,0.8841478414520337,0.1588231869147091,0.5836968676778845,0.2755637515850212,0.02553577766091889
2023-01-10,0.8616650618127824,0.022853046012664018,0.621727057228056,0.48074191823824286,0.0023138308080061787
2023-01-11,0.8575190235076511,-0.3368449595060312,0.5549549440501664,0.3442107740096344,0.041077895035841264
2023-01-12,0.8426182962091536,-0.08310965428852875,0.5464510168938095,0.4459033904906704,0.04863575309373215
2023-01-13,0.8083930943215611,0.02431830791480249,0.48511801333410876,0.3167598523239942,0.05283973817548629
2023-01-17,0.8628021783601479,-0.2460384233392949,0.6267007859156258,0.4974399355301321,0.05122616691401181
2023-01-18,0.8165885032330107,0.5997468211004929,0.6273911405478728,0.3050720493294265,0.04372069164786821
2023-01-19,0.8673087026850024,0.013172613263951444,0.527217278166293,0.29300908568337913,0.050421155894607966
2023-01-20,0.8797446667444189,-0.11958909292482672,0.5617712357049567,0.30789740717734715,0.07901375035852894
2023-01-23,0.7925921031350704,-0.02538584001429441,0.5886797826089238,0.14116408364485517,0.0574815469486658
2023-01-24,0.8308459899583375,-0.1492242025170071,0.6401795819448863,0.6942752646005437,0.0734433807995562
2023-01-25,0.8120360482523142,-0.3444457121426389,0.5766901425623648,0.3794570670506795,0.09742275369039971
2023-01-26,0.9285675324500645,0.33331786867510854,0.6148937186365272,0.3413305918787342,0.053176243721115526
2023-01-27,0.8638883283090402,0.053001271813660815,0.5844634071353642,0.244177015143213,0.08462993417045916
2023-01-30,0.8830897669226823,0.02156166566224703,0.5696313397066332,0.33998435049911724,0.09224968811008841
2023-01-31,0.7903191750173311,0.06345171625579639,0.48795968180397153,0.47894987596500427,0.09929497256196101
2023-02-01,0.7772947281502157,-0.4117361372410584,0.6672494809637577,0.3141912950654422,0.0767115285128006
2023-02-02,0.7938920419239152,0.22690766620161493,0.6696054138628629,0.246699842139657,0.027686491210546463
2023-02-03,0.7821915969874664,-0.17653576443211932,0.6243451502720788,0.5639132127929534,0.08805405869659012
2023-02-06,0.775987371921096,0.282949067593644,0.5442671022528142,0.4336122902945572,0.0650443697947483
2023-02-07,0.7664273150286091,-0.024386082716399596,0.5748504392910413,0.36848416936847267,0.06478398634137493
2023-02-08,0.8492485490659848,-0.2014061729705052,0.5368981796039853,0.4437872144949356,0.052771396771902526
2023-02-09,0.8971017665487864,-0.004562738809584597,0.6069369543474459,0.47580800102973403,0.08202085267640925
2023-02-10,0.8715252594316746,-0.19070494516732772,0.5435625789785404,0.33099254060564653,0.0021483528624967165
2023-02-13,0.9264316900446982,0.1016385878343808,0.6074995850365086,0.43662357531837387,0.0006353956637455083
2023-02-14,0.763960329819025,0.3876380941554078,0.6089133415676259,0.4723160112654953,0.0018871650163366672
2023-02-15,0.7417239355542098,0.1559287704723036,0.5677531650923094,0.26772170252737626,0.042714964710544735
2023-02-16,0.78231181670641,-0.25297884169067325,0.5220738765164564,0.40605478203642104,0.02228899865178501
2023-02-17,0.8106618605634174,0.06681387243227747,0.6705504772600474,0.3870496286372663,0.03266192788806876
2023-02-21,0.7177555353020786,-0.04839164230956331,0.6486653479407295,0.39140605275031704,0.06654018700147535
2023-02-22,0.9064665326845851,0.09058831862756374,0.497614683125708,0.4109582250438359,0.0574438414911602
2023-02-23,0.8448500647132364,0.21607116025472878,0.6810308451294931,0.49077255197086994,0.08803117403008376
2023-02-24,0.8520239898693608,0.13523765431566925,0.5821576717814497,0.2537122163192571,0.015260478249823572
2023-02-27,0.832074804311143,0.07305806549178112,0.5318295221847963,0.5326621639499942,0.020614417127133657
2023-02-28,0.8802705507741215,-0.27435228305757386,0.6607641384135677,0.3691685630790153,0.0026224490504131006
2023-03-01,0.7910754217440825,0.2158555385493052,0.5903673555265917,0.589918532083687,0.08446983176429018
2023-03-02,0.7873555978056624,-0.34633150479453095,0.5793330135557534,0.4789222499060473,0.05400762509444326
2023-03-03,0.7836428507232228,-0.26602007655997584,0.6052233197780693,0.25363127898324833,0.03274610479962531
2023-03-06,0.8453346349806706,-0.06812461024563542,0.61968813399527,0.26161711960753986,0.023010385526841162
2023-03-07,0.8949081575721951,-0.036606896998737974,0.6335104370001311,0.49598754612848894,0.03029295069224306
2023-03-08,0.7721277523817022,0.1764515019216153,0.5244370437251168,0.26298622572401076,0.02710779401136848
2023-03-09,0.9281999617994217,0.22237067375932493,0.6997161496122,0.362978596939209,0.021723580935854716
2023-03-10,0.8351214332039004,0.10547094935047266,0.5957520989812031,0.3253863979304096,0.013731216548113212
2023-03-13,0.7851957651059975,0.042772446565789914,0.5439230102625414,0.29051365076331476,0.04396409401529289
2023-03-14,0.8496786005577296,-0.019031870297123044,0.6443998321522134,0.3575088589917158,0.03751139419184915
2023-03-15,0.8009372025012231,0.0847106792070942,0.5571977234645126,0.3341872274443315,0.07439423788650938
2023-03-16,0.7990772804810292,-0.04194042125911058,0.6866660984426701,0.26232111750428433,0.038041656501005806
2023-03-17,0.8947753791058729,0.1475573512579834,0.6766243006592165,0.7136686048322274,0.03991782009500096
2023-03-20,0.9015726510393928,0.18513338958157227,0.5332578366428324,0.28137777384889573,0.03805048882232397
2023-03-21,0.848009509218261,-0.33961522958391294,0.6298281940531466,0.18650781092389887,0.009285181737872794
2023-03-22,0.8876116692782308,-0.06434006238671972,0.6055451394984612,0.32516277035795177,0.09132832108311618
2023-03-23,0.7350736794888714,0.24693905583885237,0.6661448591122862,0.3648512234796302,0.012170375259878475
2023-03-24,0.8630964782367003,-0.07817828404208078,0.6139141723616659,0.475913919892011,0.012035832509916845
2023-03-27,0.8577542462286937,0.2681939226818691,0.6257353854607698,0.40280846170385953,0.06048484098791357
2023-03-28,0.7919290516061288,-0.09570107606478417,0.6403650458901181,0.24981734810858813,0.03168795810276855
2023-03-29,0.8852903651706397,-0.05622874520290664,0.5589885501029627,0.2901275823218533,0.09851521036832853
2023-03-30,0.8637183892824193,-0.002928270760663633,0.6793987039648898,0.2736924349474079,0.03598584791867356
2023-03-31,0.8010918188469068,-0.018444231625482668,0.562394418986132,0.40061186641418034,0.011199235875082637
2023-04-03,0.8459750383207759,0.09689684782594803,0.6752872908216179,0.269652757121842,0.0007255594283559375
2023-04-04,0.8468880159967656,-0.12938856391763331,0.6214472446954221,0.44313321863530475,0.0400308347952133
2023-04-05,0.7806540308383834,-0.18023046852681754,0.6254815902892588,0.4023404510744131,0.03546810996561679
2023-04-06,0.8190189079634197,0.13159736595499472,0.6364234562841762,0.34703698872982974,0.08365346347190857
2023-04-10,0.7873973431178749,-0.2523837953675284,0.6011153913311038,0.2576839722851435,0.08478081572950023
2023-04-11,0.8349714229114517,0.24336735828488787,0.5816343239027656,0.3463795719459837,0.09997065641076411
2023-04-12,0.9298922386813572,0.3019403638375292,0.5609274551583368,0.41390131810589753,0.06435819552106367
2023-04-13,0.846433912117404,0.04073208454523564,0.6897265108904327,0.40872298924194206,0.04713614584196361
2023-04-14,0.8418617437815508,0.1377324590292832,0.65830981635673,0.49368991943041063,0.027471612937472092
2023-04-17,0.8569042393155819,-0.31173996107878166,0.5737834849539153,0.4819421207205271,0.0323270932177972
2023-04-18,0.8425199348639653,0.16522572676459038,0.6923122475852681,0.2823036794940676,0.024899812174855453
2023-04-19,0.8868955087402292,-0.06607269249872622,0.6444708184666286,0.3958779256631883,0.012794830291436621
2023-04-20,0.9363502269446498,0.026017387252347614,0.5654128831041983,0.4419874622791768,0.06950702106193654
2023-04-21,0.8461971390359134,0.22761941882208958,0.6195624632280756,0.6475064639169303,0.006118146029267069
2023-04-24,0.8244297932298863,-0.019923989956094745,0.5660458262137728,0.4085668338354177,0.08663450609136314
2023-04-25,0.8415529560541477,0.056242105991175545,0.5992654561889218,0.33901787832727015,0.03717040391084181
2023-04-26,0.7859167435958822,-0.07503474496711127,0.6526353147783888,0.535679968549148,0.015748269423275552
2023-04-27,0.8261517731779782,-0.18831659329348494,0.5911386291302805,0.6091665435270079,0.0936291586746273
2023-04-28,0.879948391765831,0.1101485383065095,0.6429570587671564,0.5540566611341313,0.0741966670821738
2023-05-01,0.772356689922644,-0.07840797373942456,0.5671841211984073,0.4587114397070984,0.01816146922489107
2023-05-02,0.8380055445319798,0.15126225813788163,0.5678489874458257,0.5371952050679156,0.010939157595155225
2023-05-03,0.8265333145925349,0.13890911039163664,0.6525240503756317,0.5115124315494969,0.049755539152083465
2023-05-04,0.8480414204200898,0.16386938127650907,0.6793844776032011,0.4513601233974696,0.0625312487581254
2023-05-05,0.793517679896921,0.11661014619277701,0.5899725848007451,0.1651998865595656,0.026518134491081216
2023-05-08,0.8530999011851546,0.02333013000312141,0.6481894257899894,0.32499063425116936,0.07832688989179584
2023-05-09,0.7547145168810345,0.033736171882101894,0.6088639490196321,0.40938329453855693,0.08888204505331987
2023-05-10,0.8310354341842702,-0.21374539084126531,0.582383971455584,0.3651594170495585,0.08720281954433085
2023-05-11,0.883635437038372,0.07586507280612284,0.5748930825530895,0.5723884876422766,0.004649945005383282
2023-05-12,0.8165546161892495,0.11155734477723263,0.5798985028422421,0.5631152515028004,0.05985074767658316
2023-05-15,0.8343429887906805,0.023282845578134734,0.5795387069072889,0.4196511926001215,0.015817257836546927
2023-05-16,0.8899768919323954,0.16916876893693758,0.5873434029202297,0.5701325106456654,0.08971886949442304
2023-05-17,0.8736492820671284,-0.08763622383946985,0.5163189100921839,0.358498619820343,0.09881915082508752
2023-05-18,0.8506674389275126,0.11944007412628535,0.6526794892705448,0.2905454024881,0.047568936992014435
2023-05-19,0.8080422333026595,-0.23552853397490262,0.5171586468755509,0.33721812540466817,0.08561404265325025
2023-05-22,0.848330612214701,0.15427888697806325,0.5347491206891409,0.319072408061276,0.013440539581265799
2023-05-23,0.7410088412338283,0.04287044165539914,0.5448966594506816,0.5663031378211848,0.06368552371913315
2023-05-24,0.8504904399824798,-0.03428914869135502,0.5487754392775593,0.25053297798057705,0.04694869808819069
2023-05-25,0.7616064111527284,-0.12442819091442697,0.5452042492522584,0.3000828157154006,0.012819861116168242
2023-05-26,0.8488547363721172,0.10285311848297184,0.5565271844965285,0.5935152268265318,0.036558272657472905
2023-05-30,0.7426635316741954,0.011632779794452652,0.5656823467379757,0.34492991180327437,0.07163152925401799
2023-05-31,0.795116857699347,-0.001391976582471615,0.564602884146573,0.36081234728874406,0.07487189161113601
2023-06-01,0.7650640182505313,-0.32362236356209984,0.560713712229187,0.359790389550347,0.019628709648425113
2023-06-02,0.8201481569861586,-0.02172435957790175,0.5482672401779748,0.37875925761817947,0.012980761234050599
2023-06-05,0.7873235845948252,0.3047891618326567,0.5321214001908553,0.36290192905346597,0.022555184110410454
2023-06-06,0.793810560544306,-0.14811630804098058,0.5725657824913936,0.3897765790116988,0.009478918997398068
2023-06-07,0.8070269804812394,-0.05669519831086232,0.5345620101846882,0.44017256377261604,0.08869179235027325
2023-06-08,0.9327596371295357,-0.17496825544664368,0.589463750624976,0.40449489570207103,0.022622340359293447
2023-06-09,0.8634314879066295,0.1393585920992143,0.5792432770471603,0.39601794238849003,0.06593693591736864
2023-06-12,0.8082774900175776,-0.1529920706217271,0.5617187783424951,0.271541116858232,0.09739567448358921
2023-06-13,0.8003072004941265,0.22137072489451373,0.5706726920904323,0.489266441893555,0.051991692570525674
2023-06-14,0.9034821943329212,-0.03540589118296344,0.5752947325778681,0.36981541058472445,0.08835828398669204
2023-06-15,0.7893697119762196,-0.19059365186648095,0.6062629017639205,0.42086272804856484,0.01317070970531107
2023-06-16,0.9223301536040526,0.1944104025847782,0.5267175019133845,0.48403421802267715,0.066120182831005
2023-06-20,0.8147462230448872,0.2433719418258003,0.5356157032818576,0.2947574039757328,0.09346244100537034
2023-06-21,0.7902122461469294,-0.14893298048298273,0.5170754011486356,0.34273917243948937,0.09060145303589955
2023-06-22,0.8728345935162618,0.35920884165323685,0.4917314165551847,0.526351304283315,0.004801843162026143
2023-06-23,0.8061148142012785,0.0695765062404468,0.47468405514486167,0.4524035017344856,0.01821724699014554
2023-06-26,0.7297343801591968,0.06278701446203308,0.567693437445527,0.4191007634295468,0.0034114039207839065
2023-06-27,0.7932544924683534,0.10990533488592875,0.5735279404670169,0.37900472163588805,0.01618852048871189
2023-06-28,0.8635925153587597,-0.01912082931310106,0.5795547769131544,0.387412067260591,0.057208673269135035
2023-06-29,0.840835099555477,0.1149445882150524,0.5323614222077968,0.27661634137458047,0.034390176972559285
2023-06-30,0.8438039502774077,0.23787827572258596,0.5663550635598829,0.43181423146963727,0.0816989488682
2023-07-03,0.8278911946751679,0.14782373055464018,0.5395206728308416,0.35461012188731383,0.045210411394163055
2023-07-05,0.8852649126437433,-0.10610766365853644,0.5915722688561484,0.5105935461957709,0.06213125606090175
2023-07-06,0.8583408466031031,-0.24984710391452652,0.547598266640387,0.3798000002941383,0.011781912852049194
2023-07-07,0.8052000372332343,0.02855031746928551,0.583843750690108,0.3541447339868802,0.07685110532826998
2023-07-10,0.8214308662863162,-0.04821178676639752,0.6010149311066251,0.37428993821894135,0.033725459126148896
2023-07-11,0.7682797171119127,-0.3146869677981028,0.5601077510985488,0.3239318260114098,0.025528442368643725
2023-07-12,0.8634362252636238,-0.2662439977014263,0.5141779342101179,0.2669431150479852,0.048735514858370854
2023-07-13,0.8517305357774462,0.12976950812493004,0.557209696879447,0.2914063679596157,0.06632480703033761
2023-07-14,0.7927118127944667,0.04686279772231078,0.45504914181467293,0.3758865055612097,0.03423750233893791
2023-07-17,0.9058452676667941,-0.035991109836074966,0.4625020481228446,0.33925907523238646,0.006311777071620717
2023-07-18,0.7984653837161212,0.4280617559673123,0.6193849970557558,0.47309354341015786,0.06422926934466808
2023-07-19,0.81284620346293,0.24012593219594458,0.4786039369581371,0.5076575315244259,0.01262281693114602
2023-07-20,0.8763986768710021,-0.030269146929856147,0.5914164672553636,0.355277887053615,0.045743343852518464
2023-07-21,0.7667457200950882,0.19559300259998427,0.5293798371869223,0.4601780603298668,0.0550464769547398
2023-07-24,0.9210443295779702,-0.14445081447925937,0.5240575058236202,0.5569634504577714,0.0873306738940062
2023-07-25,0.8634365865427641,-0.13995654884091926,0.48268122299497485,0.34719193598966547,0.04361641075707863
2023-07-26,0.793079264759856,0.04746962389790617,0.5335652510921675,0.4279237754275351,0.008296724383750965
2023-07-27,0.7879593599220108,-0.014166781505051027,0.42607597840305533,0.41450063173613666,0.05047237216130821
2023-07-28,0.8887720322477932,-0.28494918186923607,0.5522560753817471,0.3388985648239437,0.09412497199000736
2023-07-31,0.8701250576846684,0.031729490242455756,0.5460307795510733,0.4064823898755441,0.019487798319539743
2023-08-01,0.8964165903192176,0.06948209553902047,0.48977538416545086,0.40987150523210036,0.02218570916050029
2023-08-02,0.8115559478516975,0.032479981303917826,0.5033164643161939,0.33231892644536853,0.07334123234793231
2023-08-03,0.8399636106374222,0.011157925723310723,0.576768725834496,0.35850441208671874,0.060093629941297834
2023-08-04,0.7309573076252346,-0.07277415969266258,0.44152320006999957,0.44156719740965766,0.0859926197905552
2023-08-07,0.7463051035825605,-0.1976742124828203,0.5025984900958894,0.5543950604761145,0.08002599890020211
2023-08-08,0.7763554942142541,0.00248099662931724,0.5490212542718805,0.5484060553220698,0.023042354504536646
2023-08-09,0.8688897375860705,0.21878139032649307,0.5625538616275896,0.2790877028603861,0.05308700737860311
2023-08-10,0.8479846052158523,0.16973219043444454,0.4708386506908825,0.34202401232759777,0.010013807326850966
2023-08-11,0.7898403852436472,0.15452459719360664,0.5145340385733259,0.3679154105664903,0.06343126211981535
2023-08-14,0.7659165041673506,-0.013478850638758486,0.4876795581014508,0.42433395652641626,0.08432387927967971
2023-08-15,0.7728516400677274,0.035581251901240125,0.49348489966458864,0.27507030742648536,0.01520510803224262
2023-08-16,0.7636357981060926,-0.23540407760453885,0.5044961767540223,0.4120995434363501,0.060966555345070166
2023-08-17,0.843491181618859,0.06151058354568953,0.4762840694869068,0.5058402908095176,0.027842137999022132
2023-08-18,0.8078887236995923,0.09002995201194641,0.505407154538988,0.4375621231703042,0.09488991081779663
2023-08-21,0.8192835966927543,0.0787269753149133,0.5115248539865265,0.4813840570650689,0.09009566196929557
2023-08-22,0.7890657478394401,-0.3539782671781157,0.46267521274976503,0.5068918415238034,0.08937444945912498
2023-08-23,0.822272059005613,0.01841245910931247,0.4581214784635347,0.4065553725150279,0.013611987770756806
2023-08-24,0.7788593677963651,-0.17515625501055102,0.4901509494004761,0.44450972578421455,3.5361256353916294e-05
2023-08-25,0.8575923790321255,0.1158089795875674,0.430354507392364,0.39933354996097387,0.0555757378549279
2023-08-28,0.8201609083308632,-0.30643648321629113,0.5090806821599623,0.3749572782563239,0.0923052152495537
2023-08-29,0.8555762836058943,0.016249415247960496,0.4803475605343739,0.49257624504569775,0.09592757528037936
2023-08-30,0.7189383249612438,-0.012853025685922035,0.41919561731193034,0.30878067287938804,0.04103755290828889
2023-08-31,0.8562406851504675,-0.2548394960881606,0.4357294682446607,0.6381944983415625,0.08224412512798082
2023-09-01,0.7620355474289917,0.33010418061759467,0.4978751956576086,0.34751708785610247,0.08069882763658098
2023-09-05,0.8583393195294102,0.2673188151088998,0.44759166782307447,0.34897502102714695,0.02424630626383294
2023-09-06,0.8723434867342126,0.057598862485400006,0.5596264805138296,0.45151119544317797,0.0646084624670515
2023-09-07,0.9204112004574574,0.035717719766730056,0.5152701255818308,0.4321721372015799,0.01933712977809704
2023-09-08,0.822875557413672,0.1696174317601849,0.5156941675449161,0.47881800091451443,0.0070531638162620765
2023-09-11,0.877224992681208,0.08569093631206548,0.5279978695067368,0.29896702124034663,0.027621787146061907
2023-09-12,0.8024823206090089,0.1686766905981463,0.5738113446287315,0.20595697744916397,0.012347142194195804
2023-09-13,0.8016068426374292,0.004724120482930015,0.4583978122851236,0.31774803558183173,0.09443411057615081
2023-09-14,0.8537459936896902,0.3162751938342867,0.4005162044125097,0.3829523851018304,0.04433813552737864
2023-09-15,0.8531640170895194,0.15604279444004834,0.5178237684176445,0.5761402549936115,0.07605845952590513
2023-09-18,0.8314453296662897,0.2623985580784195,0.4689147970788624,0.405798294658885,0.011729201317295636
2023-09-19,0.7693642462100574,0.18017288810979887,0.49502841318089463,0.4357821062519898,0.010261221059902027
2023-09-20,0.8143315684357463,0.11728570033180319,0.5207541156504415,0.3005348570028794,0.047110933238402875
2023-09-21,0.7831616283708495,-0.0055537460682703555,0.5337075101557354,0.5862895553113848,0.029882221536517418
2023-09-22,0.8451495428332864,0.20150628049770805,0.4199472410120845,0.6012955849433983,0.07429117307814635
2023-09-25,0.8602843105564596,-0.009920902231755948,0.49202578234663746,0.2892800202141002,0.007040273308922995
2023-09-26,0.7889356602139914,0.3820871264266828,0.4507300268947632,0.2991732242133655,0.09105061644316227
2023-09-27,0.794888975696221,-0.23963615059225454,0.5008799841067697,0.5088910512665239,0.027210278771436138
2023-09-28,0.7994753836863983,-0.2746648559521643,0.5146568894467128,0.3944225662320187,0.03815017106978405
2023-09-29,0.8801362275040812,-0.09090165986045409,0.48701993016406697,0.38504696354567314,0.011283757259620976
2023-10-02,0.834450205527674,-0.07851233547151798,0.4722761461091944,0.21496223151181587,0.0584978574279368
2023-10-03,0.8017306395439942,0.1430446536163504,0.5425437434257445,0.35288869764086994,0.06914369230382601
2023-10-04,0.8949742999090881,-0.0057408143400709604,0.433177051305004,0.23476159435457444,0.07584595329396943
2023-10-05,0.8909128961309862,-0.07460074505221476,0.439418821457428,0.17407238285644652,0.010305016553828828
2023-10-06,0.8102141944562428,0.08095017179927226,0.4653049278125734,0.29467548398661286,0.06033160683492901
2023-10-09,0.8025312115696636,0.24863840382897118,0.43083105311447767,0.3358298969577483,0.0362549381265734
2023-10-10,0.8905378869808795,0.09883525788475071,0.5095627577071957,0.33515538645837517,0.06649106107244775
2023-10-11,0.8315252407250213,-0.10756581369066015,0.4577779098553874,0.291994252469826,0.09632444190418521
2023-10-12,0.8692047798186249,-0.012081226443227117,0.5166283276808026,0.4151673185801404,0.06380599074452377
2023-10-13,0.8520459413904179,-0.05094375799717837,0.4769897207182611,0.31847196706088776,0.028020356478039167
2023-10-16,0.7593015433296443,-0.2244066341245833,0.48339821342498407,0.23969605155645218,0.02758656360561501
2023-10-17,0.7608857047931985,0.2084279785270355,0.5131055956177825,0.35481632717964795,0.05078235516609972
2023-10-18,0.9435787229452279,-0.32964994374260576,0.5509189416569256,0.3888533917220584,0.08362962473276933
2023-10-19,0.8692523511456406,0.021790743454161418,0.4087820442043317,0.40954604675588285,0.008309336016272085
2023-10-20,0.8467777927319798,-0.4383970597048828,0.5998667187827756,0.43112075941727723,0.08059914893325326
2023-10-23,0.8635993870068247,-0.23310587791526236,0.5380889045944905,0.5089504459563057,0.0494976082603545
2023-10-24,0.8426784114068923,-0.0018743117041529025,0.45920413787362646,0.37837930822166743,0.06656284873616261
2023-10-25,0.804398524287036,0.11439912747853685,0.4617289100952525,0.45646507215035576,0.0780921927290118
2023-10-26,0.7880507218635171,-0.052470510832003686,0.5353776346720154,0.3296203280013956,0.056067076032340984
2023-10-27,0.8625268244488801,0.11059883153427363,0.49139403148834504,0.516178320135579,0.03758223400013732
2023-10-30,0.8338892170988557,0.22045530531707003,0.595792810409367,0.3758698978298689,0.09252430920865912
2023-10-31,0.8622477492013698,-0.1275135850645751,0.4548976387017162,0.38045403426135715,0.06016623087808316
2023-11-01,0.7618699860125269,-0.18752155592946199,0.5365416451535476,0.3486350984551162,0.0793599967976494
2023-11-02,0.865525704356093,0.059882387603497435,0.5999721075636099,0.4524337285576046,0.05756255246319887
2023-11-03,0.8857109035139656,0.08037693262550928,0.5234410705545735,0.5164733042113315,0.07640306743876213
2023-11-06,0.8634398732932632,0.04201272259148563,0.519599341774206,0.4538229311830416,0.06726093941130139
2023-11-07,0.7964313240270057,-0.14275989322773966,0.5810929141919511,0.5864413663859998,0.0421829326564696
2023-11-08,0.7835558770794917,-0.13379888648794086,0.567466656777948,0.4533519993142397,0.07443097758283088
2023-11-09,0.8638214052660461,0.17932025897061143,0.49883354182440703,0.4329969924990187,0.07881363514084003
2023-11-10,0.8426096075349045,-0.1716983200490921,0.5271659103334461,0.5237710696149669,0.057334492253818564
2023-11-13,0.8132933380578319,0.030513849748186828,0.5234383052853859,0.37153354495647295,0.09401970013878698
2023-11-14,0.8638450618847179,-0.13601312625099748,0.580321030204589,0.46262055616322456,0.0628118349197405
2023-11-15,0.7831615699663552,0.3396019369772507,0.5226904671996246,0.32770524827649483,0.06690683656042912
2023-11-16,0.8852277262495595,0.09893430388960502,0.4262946173180632,0.3474339682756147,0.05669299973602421
2023-11-17,0.8439548668610771,-0.4319133355285318,0.5197637040360903,0.415797937270526,0.09459497580599951
2023-11-20,0.7708254058812088,0.054128977251992706,0.5177966738809116,0.28087058941149856,0.09206696928452246
2023-11-21,0.8759780273431412,0.167570758953561,0.5035939226986488,0.38014186766081765,0.07290573675678906
2023-11-22,0.8663131968797673,-0.04013262862236131,0.4222021075434704,0.44869365573999276,0.025351422547242732
2023-11-24,0.7893370339630745,-0.07796861088351875,0.5930020713246261,0.38660215259912023,0.034404972458167704
2023-11-27,0.8300867467936937,0.1019334550927195,0.5474825985698991,0.3080802232622217,0.024870108274096605
2023-11-28,0.8269850742232813,0.007230505585165427,0.5365364222262605,0.42892219409166193,0.004779911283040339
2023-11-29,0.9593720614388729,-0.23517195411744896,0.5726668433693701,0.5183375805833059,0.09909756901473353
2023-11-30,0.8546391986961763,-0.13006307897461497,0.6076306425978082,0.1808017135259802,0.07936410245343456
2023-12-01,0.7958366651391087,0.23433643944456228,0.5066342159065272,0.5596464524800187,0.07708089043459512
2023-12-04,0.75440976276608,-0.22242037878960164,0.5008288020020071,0.4417399277536529,0.03218811507575569
2023-12-05,0.8188989924809988,-0.09807985051248422,0.5992011733496967,0.5513444975389151,0.03485391421688216
2023-12-06,0.8092810117146222,-0.34195356146593253,0.4210842581108483,0.42392901147803563,0.0844719845800373
2023-12-07,0.8627977811109399,0.012599557115709162,0.5261963685249244,0.31954573853059176,0.03337632667407743
2023-12-08,0.8627489896956919,0.335637075779782,0.41968720905596213,0.3922498811212285,0.07398593262222086
2023-12-11,0.7814825825293199,-0.29809319881077034,0.47643388074852744,0.4379672855684405,0.02275709235409955
2023-12-12,0.8502481098795582,0.29205755223496,0.5341826972072777,0.22417783701304217,0.010129816766210876
2023-12-13,0.8180915228812013,-0.2772758144431568,0.4742195816155871,0.4580559058406496,0.06394517377470825
2023-12-14,0.839709045279721,0.11751311908706615,0.5175050587888598,0.47905295634253564,0.049719269305076454
2023-12-15,0.8093298550854944,0.22333656654844944,0.5534362997234291,0.37930031295153827,0.03826963842075252
2023-12-18,0.8406046522088048,-0.003572140194983541,0.6185071453532452,0.42454376225787893,0.0707396086196904
2023-12-19,0.8299193663802745,-0.04769817141015986,0.5817005356799327,0.4707913339053505,0.08058974999023161
2023-12-20,0.8163079184843686,-0.23112830292456177,0.4952855178191276,0.38158374604578044,0.07547708463610513
2023-12-21,0.8974463753059541,-0.05003532584938278,0.5115231898115079,0.22392806867513537,0.032275977742617826
2023-12-22,0.9056770717801148,0.113805629196292,0.5818779097522511,0.4961688051929375,0.05818468355426757
2023-12-26,0.8217634885620518,0.01691812674950707,0.6199205968840825,0.4179580889319137,0.07002283010058681
2023-12-27,0.8593762645031997,0.1741101434401023,0.5784943072105798,0.38718308297335063,0.07567705777281616
2023-12-28,0.828305807859304,0.15552808759518844,0.5860062051514677,0.5168232599019462,0.03979712323730511
2023-12-29,0.8575548491654919,0.11932112271841096,0.5257535421519514,0.34188504889280985,0.019861961225691196
2024-01-02,0.8790315337175747,-0.11483701360327501,0.5506848528748373,0.5379023240971291,0.05979693823657728
2024-01-03,0.9010285146172544,0.06035776615943675,0.537772239351785,0.38766210896564957,0.040463708976066715
2024-01-04,0.8833830070527807,-0.007299855489233122,0.5255236507735439,0.5215774756407974,0.07158881004166898
2024-01-05,0.849080006956464,-0.11545116419834928,0.5782423146596982,0.49712184131925086,0.03967567394154689
2024-01-08,0.789616346760612,-0.04009078267058693,0.5445251018234095,0.44522871657834767,0.010362602654851583
2024-01-09,0.8716004161429929,-0.11029478225589712,0.48307264358283325,0.5031798754599401,0.08145730858777794
2024-01-10,0.7840027364711393,0.054236841008775453,0.5519598080439759,0.4162443905204075,0.02939122588442268
2024-01-11,0.9225616985853429,0.6076563227243658,0.4777331003106595,0.4983906155332924,0.008221160116669747
2024-01-12,0.8321876113661176,0.20957090274251047,0.6081114595074331,0.5409744807198164,0.04425360547463151
2024-01-16,0.8542482457581348,-0.17791529699100478,0.6099713113590379,0.41179975761440646,0.05479872163758562
2024-01-17,0.8283078392432933,-0.0952447761409924,0.6147313104907325,0.5603369492007377,0.027378829588263622
2024-01-18,0.7802323720650183,0.12439044849578612,0.546616602384326,0.25327276018078865,0.08332479647925428
2024-01-19,0.8473852910381504,-0.16662755603791213,0.48716522131925366,0.32182595277754655,0.024535173829746206
2024-01-22,0.7886113041043072,-0.12933737061267825,0.5021799803246847,0.3604859891373786,0.06478950516248146
2024-01-23,0.8043375435958013,0.07512277542913148,0.5989476172926321,0.4260148576778442,0.001241835427875171
2024-01-24,0.8282277771063246,-0.05248551913846292,0.5282076999018068,0.31870053405900634,0.0020773953628028473
2024-01-25,0.8751801934039368,-0.3519405197300929,0.5668100471507894,0.3676470938438799,0.08379307198446236
2024-01-26,0.8699566050687446,-0.28500239668447014,0.572249005380996,0.4342984341359107,0.055122615395763956
2024-01-29,0.7447634390688003,-0.21486559457234744,0.5693321986720956,0.4514146907634305,0.041232356567724074
2024-01-30,0.849124965555635,0.11209085058996147,0.5207047814518292,0.24112496502719735,0.05808956131310525
2024-01-31,0.8442252902878394,-0.24587064764282296,0.5321517055944854,0.4932278354826374,0.08886041410441897
2024-02-01,0.8494549778383426,-0.11362898105108288,0.5412531399354085,0.4620921556889165,0.07467927803210338
2024-02-02,0.8505985467824991,-0.24291132846453822,0.47949268218198343,0.588180183264015,0.09819161919055053
2024-02-05,0.778876038734122,0.10553930066002458,0.6545573930073636,0.41475975688331557,0.02635573404380284
2024-02-06,0.8099781661766398,-0.28520980833914245,0.5077182810132477,0.4376694848676386,0.09000528598241941
2024-02-07,0.9125488161474992,-0.07909181934090584,0.5526200518872089,0.4697481090811187,0.032015472308076255
2024-02-08,0.8057026373047627,0.05489658152568423,0.5831744170176031,0.35905319414219444,0.09580910928040673
2024-02-09,0.8392230920631739,0.35263042292999586,0.611980062879385,0.5092500804255979,0.08599446999091498
2024-02-12,0.794065281953997,0.21918722952151493,0.6156544968561801,0.2500403903440632,0.02468953564432045
2024-02-13,0.8669895366685549,-0.10265482735893545,0.507043615200977,0.41297757323276196,0.012876467478738274
2024-02-14,0.8669521295531305,0.030321613728912573,0.5794970357859901,0.36694146615416684,0.07842186092250364
2024-02-15,0.9633294004670778,-0.23651387770572918,0.629209886716551,0.4015422970888984,0.04757377098155015
2024-02-16,0.7972766746866483,-0.009679810125715796,0.5165164543927561,0.3404509593193147,0.08072535680703354
2024-02-20,0.8376532837082197,-0.310223411719826,0.6137706698873489,0.3036238959088468,0.07201062466825751
2024-02-21,0.7674139520993224,-0.2160835471656741,0.6977933342126103,0.20219358581311603,0.06449659614003674
2024-02-22,0.8618061544384895,-0.1503272542038573,0.5720217612696994,0.4603930928680333,0.09850770847794697
2024-02-23,0.867740935741946,-0.13613928383235815,0.5221578162172499,0.46221409737006397,0.057425915328125215
2024-02-26,0.8676188596504671,-0.05699390175763766,0.6136370700310252,0.3554170519024465,0.06188059407313984
2024-02-27,0.7986481217482606,0.0007924362242150388,0.6179640405349683,0.4309250269552434,0.043618425030006285
2024-02-28,0.8654581340038336,-0.1521157746578252,0.6715665802119867,0.36576191446613754,0.017134118096616247
2024-02-29,0.8340542174261704,-0.2637311818435736,0.5832273183497304,0.45322377368515177,0.05589960414936958
2024-03-01,0.8781255306346332,0.31238814743735643,0.6193666724053335,0.42769131957997036,0.03476031011091653
2024-03-04,0.817685244424284,-0.13234808164660136,0.6430944354732522,0.4951070351738909,0.014788012254071848
2024-03-05,0.7861493649575614,0.14461917743069627,0.6274839941474434,0.2886191114985806,0.006541275944362757
2024-03-06,0.8670228402394589,-0.20990929189636148,0.4738696552212155,0.38398975863079504,0.05697536263764803
2024-03-07,0.8528907352627494,-0.023014160976622643,0.7390457233417318,0.43788512292349746,0.07277605014113857
2024-03-08,0.847357090964935,0.08591826066281819,0.5739669906205073,0.4929479062093539,0.04908098163517566
2024-03-11,0.8580500973088551,0.06303434077849816,0.5657724881543061,0.24356696735509067,0.09427481527131557
2024-03-12,0.8149306955461354,0.05652677125197846,0.5750310283584094,0.4291727167067371,0.021520413951427356
2024-03-13,0.8283819061571848,0.08611589692530472,0.5486983123293634,0.41928900118850815,0.05383957005829063
2024-03-14,0.8079522926824301,-0.30765658842612725,0.5895412610407852,0.5536317573818047,0.03305332454485025
2024-03-15,0.7670711796077009,0.023878450078839875,0.6379231244410862,0.6300030685144452,0.08759686984714488
2024-03-18,0.8153533508776656,-0.12640012092086259,0.5403600019987863,0.5140516334846219,0.014423306857273166
2024-03-19,0.7966292835380462,-0.07411928635507002,0.5064357603555205,0.4883971842678526,0.0681321729621831
2024-03-20,0.8979129140389013,0.16915501271687305,0.5187899674208998,0.46071510407793065,0.0006775341711107719
2024-03-21,0.7563664807638,0.011608060412848079,0.6094691712241416,0.43101832181082655,0.07121137138788873
2024-03-22,0.8667318266318734,-0.001606720711854425,0.5012383137281229,0.45351210087995325,0.011968338321611961
2024-03-25,0.8448804070563873,-0.18052395827424667,0.5212356221782817,0.5540022185924359,0.06138504599305148
2024-03-26,0.9015650269145341,0.14119148146149094,0.5659763561137678,0.14830044477884824,0.07303803426117243
2024-03-27,0.8782339587717617,0.07333735477101501,0.5811293606002585,0.5124806306697877,0.0248799532501265
2024-03-28,0.8823998766981425,0.03521909764616989,0.6016717662169129,0.40509677175996817,0.07588210030614599
2024-04-01,0.8739969936417372,-0.17149526930859765,0.6212956593790622,0.30794090555304093,0.018123809270178936
2024-04-02,0.9068277585876117,0.10642571431504694,0.5655675211954483,0.408059582402975,0.049497505075236495
2024-04-03,0.7973106809985979,0.30082256754015924,0.6810903749178034,0.46962236825628484,0.008910572598994837
2024-04-04,0.9178328283827288,0.030359189774500084,0.6380750654745199,0.5224724521909756,0.05740028895506904
2024-04-05,0.8397128202242041,0.014220771463469032,0.6465203625625146,0.46464979655959937,0.03874511406191732
2024-04-08,0.8022269639899473,-0.43736587425429385,0.5907870242090839,0.1903085820774821,0.06964150553525057
2024-04-09,0.7904491331947225,-0.17485739144007686,0.5710105697740232,0.4820438144163542,0.03432953371330321
2024-04-10,0.891883977036513,0.10174814396144148,0.6309326612201701,0.46561204563686465,0.03551569519744139
2024-04-11,0.7151585004389538,0.002039536401423281,0.5093344126276073,0.4509139475671541,0.08790645320118527
2024-04-12,0.7353445926340151,-0.036087707070139856,0.6263813273057727,0.28822420516836883,0.01845663805343625
2024-04-15,0.888085798025661,0.10132443399034936,0.6174537722977291,0.46980015875105324,0.02266402047216942
2024-04-16,0.8220399956116672,0.030383772751361754,0.5986929497685466,0.39874510553838555,0.06330073258397609
2024-04-17,0.8063984461676461,-0.24850642294454117,0.5811110270372319,0.3608052092805733,0.0751815386817067
2024-04-18,0.8031634506241555,0.17041075636200487,0.5390929966101113,0.38284908411087587,0.0020400761658707633
2024-04-19,0.8983169855780626,0.18182587051991045,0.6582532885768615,0.3409219422625773,0.0982010122814241
2024-04-22,0.8792144062863854,-0.21259407939562636,0.5827668040297828,0.3818244189219807,0.03731469817123586
2024-04-23,0.8112079893900994,-0.07236279761690505,0.5715713323415579,0.30176061888983047,0.09635997562492543
2024-04-24,0.8828206753002895,-0.036490000574853854,0.6059778996100862,0.4163776871192855,0.00046610260520849603
2024-04-25,0.842736321255501,0.018560909211285715,0.5802875707650821,0.5418396868514863,0.0027653558552549473
2024-04-26,0.8780372380817679,0.003676406554203966,0.5728445878478169,0.388117915727092,0.056336470227566375
2024-04-29,0.8608810758185873,0.29998801850726237,0.5253817655882552,0.4659774758641778,0.09557117013066482
2024-04-30,0.8963361818389317,-0.2973436939810464,0.5845626590036843,0.2935482026916961,0.062087239696235474
2024-05-01,0.8615264805838517,-0.07167018647111045,0.5866864015951805,0.3588944192721526,0.021837385725806926
2024-05-02,0.8760081716384134,0.04580659211962766,0.6043000636314675,0.41606218250814536,0.0872097094976761
2024-05-03,0.8686245440226068,-0.05239437097126466,0.6773401837816331,0.27652052487814804,0.05997183052760981
2024-05-06,0.7537040775915176,-0.36173611372171466,0.48689064312662417,0.4673169814820252,0.08914367663912295
2024-05-07,0.867568384964132,0.241555298355119,0.5375366264798414,0.4745461454745501,0.08796719444690915
2024-05-08,0.8428412031074652,0.03331729983117184,0.6211362244068401,0.32437182489375566,0.014884975414247416
2024-05-09,0.9693624567702244,0.26637606085507076,0.5627445306045621,0.29092619422766525,0.0030341667101402626
2024-05-10,0.8356047919097653,0.03645168871640845,0.6420737016257647,0.2831279088431674,0.053758984720880934
2024-05-13,0.8542743471599583,-0.30580300488295786,0.6089319250249051,0.38924957795419496,0.09407040113231768
2024-05-14,0.9368339881142882,-0.3092005088439354,0.6550626439204299,0.22961686648337817,0.031166534822458403
2024-05-15,0.7736394862796747,-0.33541891169443305,0.5984572242869739,0.28263011892462664,0.034905402126187125
2024-05-16,0.7725834247359731,0.04055352032467612,0.6079250970726153,0.4039849304150326,0.05184888479663827
2024-05-17,0.8318890425489224,0.3657819264874357,0.5920144184175423,0.48056914739222495,0.04976510494437791
2024-05-20,0.8471461062844979,-0.21957525765093686,0.6103149129049978,0.3344202688530208,0.09973419056325526
2024-05-21,0.8354506930980382,0.061080536378685206,0.48509592267589247,0.23904978761082712,0.09378182623883119
2024-05-22,0.8854729586248782,-0.1327492893197888,0.5506875050937754,0.416643839737082,0.05479804339391747
2024-05-23,0.8207163701439065,0.08351767632855792,0.5782749712181298,0.4198602950180449,0.04479355807901256
2024-05-24,0.8049070804878873,0.038718964656185545,0.6354038476952458,0.34322517838858013,0.055446184475320265
2024-05-28,0.8857659150136076,-0.01031206366452983,0.6140596464423267,0.4128771318353111,0.036569351063207814
2024-05-29,0.8383294539951036,0.06994593641527322,0.6372912350574844,0.4236097294215076,0.08175855017510664
2024-05-30,0.8639265415454198,-0.0736969827153403,0.6544235992124108,0.4640337110929672,0.04042846936105965
2024-05-31,0.8438854230012502,-0.0245307344509349,0.6240349494526208,0.3393795922954741,0.09166105015750649
2024-06-03,0.7508562491864333,0.014479919884891066,0.6323767974594298,0.5591308811184674,0.08109073627263409
2024-06-04,0.834635302828306,0.00871753278835667,0.5980849292241515,0.3735650581136235,0.07076374348596597
2024-06-05,0.8658202974195575,-0.017080350213653575,0.6219021170190052,0.4722980513097824,0.00987803701145511
2024-06-06,0.8805113916151216,-0.0410635289604176,0.6668490537594648,0.44839119423794727,0.06635125998765538
2024-06-07,0.8523647026743415,-0.15218859611339433,0.5649119984308182,0.4114379760702636,0.05273374882563702
2024-06-10,0.8006161351787849,-0.05846342915381758,0.5590801401540634,0.40559206609232185,0.05319256821399392
2024-06-11,0.7518646504979197,-0.02705410814085288,0.5476937522360877,0.39791158503751006,0.054638112070559346
2024-06-12,0.8917638283090128,0.4104790984242412,0.599665941018679,0.2765577827933664,0.03203164200147664
2024-06-13,0.8227296524083733,0.11919266176621826,0.5890929656896372,0.4987325735453075,0.019804151574491814
2024-06-14,0.8351324502854702,-0.07270004887310114,0.651726583329898,0.4058670603369638,0.04263191998320675
2024-06-17,0.7891662811989443,0.2950267314065842,0.4868073716307313,0.05049547775113944,0.00823888889734845
2024-06-18,0.8784693379018786,0.18214019420492625,0.5814745128495711,0.26975439160079506,0.010431850196059411
2024-06-20,0.8370565072378839,-0.055633714710774246,0.5322235388349493,0.541206943080928,0.06096632360578228
2024-06-21,0.7876666970684155,0.06322089062127996,0.6179432415159887,0.4381441525319038,0.09922873585399983
2024-06-24,0.9020559186247686,0.11274294448578587,0.577153459253899,0.43668348688321473,0.07708427360955805
2024-06-25,0.8706721633325075,-0.0771078194824521,0.4897369425004208,0.4954043411463309,0.0527550129825303
2024-06-26,0.8980871150252883,0.050395762181208725,0.5265550840144626,0.24422828834703622,0.09467798552601597
2024-06-27,0.8442903549961693,-0.2697900689435943,0.47866654383581997,0.39792684719843074,0.05874698590327157
2024-06-28,0.8018115249405993,0.0690619112329541,0.5442922707606048,0.339336543377739,0.054278703163086445
2024-07-01,0.7547542459635517,-0.17057762516607153,0.5088706322875403,0.2774692326485038,0.07392570528980794
2024-07-02,0.8235477852378807,-0.22945039823493035,0.5406303062731777,0.4240411213668656,0.004720754896676682
2024-07-03,0.7986915022805411,0.08508172588371696,0.4798898868604501,0.28878226016037095,0.018823901080910567
2024-07-05,0.8343391351187616,0.1374082183777277,0.5896104982537255,0.5612390622157559,0.0052435255227581525
2024-07-08,0.8211705562591245,-0.025500263735660902,0.4920398327071665,0.2746233668008977,0.08737052040830556
2024-07-09,0.8514286043163762,-0.15517429988924858,0.604440338830274,0.25376142681326097,0.0523984438547647
2024-07-10,0.8643176602912348,-0.20114784776340586,0.5009488494316462,0.4539112065252031,0.03708239248479409
2024-07-11,0.8062059781946046,-0.10315681350398001,0.5005156243630698,0.5785029791613442,0.09106621013171462
2024-07-12,0.8091256844459995,0.010310443486552634,0.5301827589835633,0.42214170617242613,0.09499643011816247
2024-07-15,0.8092631526517032,-0.040163446908330035,0.5574589854048337,0.31369928619970083,0.0712410579028059
2024-07-16,0.8944660678314077,0.2370961038083265,0.5672539113823791,0.40698763835964835,0.02036082334464431
2024-07-17,0.6904699275897732,0.08485822653089255,0.5165345227686178,0.37537255885824605,0.06404211417810399
2024-07-18,0.7451311334738592,0.09871769717483851,0.46284786656931226,0.4118424545991395,0.09220863385609443
2024-07-19,0.885232874095492,-0.09386563626351044,0.5952597378492469,0.325300962179282,0.06893895202601777
2024-07-22,0.8700216538365501,-0.2609571502917055,0.583582931079605,0.487599038257929,0.00047387846141739854
2024-07-23,0.8634178961481864,-0.07865682732276225,0.46112644989421336,0.36093596847805426,0.08136377477291598
2024-07-24,0.8955153587874061,0.025992374313823088,0.45278026169632624,0.2875272360580059,0.09844019649703634
2024-07-25,0.9026575700426139,0.09758255042557715,0.4679435196952911,0.22341685038254067,0.08265722112981366
2024-07-26,0.8087478932699966,-0.3702717415979839,0.5210692426005161,0.6451625371836305,0.08377873107936884
2024-07-29,0.7601521962150414,-0.037205132641243026,0.592148069216181,0.47490878583000956,0.01416694193985435
2024-07-30,0.8325629642600431,-0.02926973403363945,0.46800008479682226,0.37323442299944465,0.0668532805578301
2024-07-31,0.8521720357120065,0.22102270865481805,0.4940377886898356,0.3810164871936538,0.04228406003147044
2024-08-01,0.7925393259621658,0.04506503590810104,0.5634939224499828,0.4629648013429895,0.08637433789826021
2024-08-02,0.7814906462278822,0.029372641891282966,0.48970530716969424,0.5011050015652834,0.020487628087604626
2024-08-05,0.831934363861323,-0.3039026676482169,0.5104265311544781,0.44584725691988814,0.07366335683594359
2024-08-06,0.8522003031571399,-0.10235920273039607,0.49145154351607523,0.30124956017836835,0.06902812571095482
2024-08-07,0.8202625189832347,-0.17113579330516054,0.5685267247328833,0.3098862609268384,0.04136398537243289
2024-08-08,0.84611422311811,0.010860780665266549,0.566621881079258,0.5089368288958371,0.0901075804155294
2024-08-09,0.8747984971640664,0.07058566865802599,0.4662313578698806,0.2931129912261743,0.04882164914416185
2024-08-12,0.7977154590117526,0.15038419992558305,0.520362053619483,0.48686572407355627,0.06265370971897478
2024-08-13,0.8901401367160041,-0.1451903800598496,0.5176626922285477,0.398700632131641,0.06960017663771406
2024-08-14,0.8236106155187892,-0.1069685709049423,0.5746702133600825,0.4051971726715501,0.06629630304090632
2024-08-15,0.8406572394279883,-0.16055553497371916,0.5485767511467247,0.2994892499161985,0.0637597055095288
2024-08-16,0.8627452764422341,0.09644587201103244,0.4935844800696884,0.431765208118318,0.09022171407281611
2024-08-19,0.8492834779522244,-0.007872124962029929,0.5131039863373142,0.40617818231935215,0.01833585615228094
2024-08-20,0.8464955836336023,0.012048406268741315,0.4567010879699355,0.38477890489943956,0.09435031245655785
2024-08-21,0.8532474300598436,0.019457745707858312,0.5590305966912268,0.46200865894994547,0.06809056007491303
2024-08-22,0.7964795232473432,-0.03332542161087897,0.4952364764934946,0.3995651513372816,0.03982045373678712
2024-08-23,0.839850930008065,0.12230433384796975,0.5191415516987272,0.5230545005208551,0.028470482569566437
2024-08-26,0.852050156883118,-0.16611810406745534,0.48539771476792093,0.46037890707317586,0.01084920522644317
2024-08-27,0.7592915867747156,-0.26917608295200907,0.5088163541801138,0.4950922118521166,0.08228774807274314
2024-08-28,0.9053517715977438,-0.04342114940435429,0.5608550213978307,0.4072267909768898,0.09502090743668606
2024-08-29,0.7634292508878384,-0.0016153072956739207,0.47641275768044955,0.49182308804777414,0.049796721488824615
2024-08-30,0.8387162369822756,-0.2555826213112941,0.43192961863442947,0.39790200425855493,0.09955584633029639
2024-09-03,0.7189891264270147,-0.10363305796558016,0.5168244044383197,0.2942983495944642,0.010934389465605189
2024-09-04,0.8896993578452664,0.23820130995013844,0.4540600172908933,0.37019558258035135,0.08330947338645447
2024-09-05,0.8897346575660735,-0.0002615068510178137,0.4348066600768094,0.3856678931435647,0.07625414110244572
2024-09-06,0.797353583885208,0.22163957928517708,0.5344761728815122,0.3686243054734372,0.024175184544882645
2024-09-09,0.847107400626502,-0.26162431539449726,0.4655193822053697,0.5553279187692494,0.043810856147368495
2024-09-10,0.8426757326289833,0.18601716095827303,0.5145127077154283,0.5314281843029525,0.059700147635584004
2024-09-11,0.740058123370039,-0.03764351680380129,0.5848688678486252,0.49561734355606446,0.09336155914039856
2024-09-12,0.9062686129395096,-0.0013529187312981655,0.47550621461848835,0.2972835540312072,0.01889694241326243
2024-09-13,0.7851535954169244,0.16141211244170384,0.5277679347496593,0.39334265506696403,0.031792131098924495
2024-09-16,0.865409532742584,0.02849035181041217,0.5495411208357868,0.49526867549081705,0.09485894154959212
2024-09-17,0.7867062949757578,0.05472919749395802,0.4177898430864567,0.41330207380905964,0.09504143986910743
2024-09-18,0.8702152139850793,-0.26274386895863217,0.4802274195399119,0.40095263772198025,0.035011721746649904
2024-09-19,0.8516957458186695,-0.05572074064496699,0.4422680093374203,0.3945992798080742,0.06441351701053094
2024-09-20,0.757387821652951,-0.04652828733642898,0.478660131600556,0.3865734326560579,0.015309751739219791
2024-09-23,0.8120339011262159,-0.3015361676312401,0.4820384732937396,0.49308201250373196,0.006364938039508161
2024-09-24,0.9030730401994402,0.4878668557438533,0.584843105139417,0.2803062073331896,0.019433909159815778
2024-09-25,0.819578119936367,-0.004557126967555395,0.4959022570973789,0.4069533329896226,0.04388715924718206
2024-09-26,0.9603795710773779,-0.21641030915847947,0.46443809855377927,0.5643825930089094,0.00693828824417464
2024-09-27,0.8092009328457573,0.07871613006714316,0.5517966922893905,0.448649901673203,0.05285566023573766
2024-09-30,0.8495882816551246,0.1877221539387968,0.4553466010735169,0.3503636870503999,0.014336345007362472
2024-10-01,0.8667818794232581,-0.4138878518428502,0.5708375426787294,0.43033923751977815,0.00567131274295285
2024-10-02,0.8476515876390575,-0.3261025755282115,0.4357010111873133,0.36014163356991385,0.0409924168274159
2024-10-03,0.8803714925147799,-0.4153232024397171,0.5394876099346693,0.36399686758916333,0.061858622521521495
2024-10-04,0.8288288263629173,0.0507185883381613,0.5135879095033775,0.3287571410063403,0.09328005635861775
2024-10-07,0.8712455044234421,-0.4638796279792877,0.4778476103748918,0.4153681763176904,0.01434864767008991
2024-10-08,0.8227525342392762,-0.36538206079319635,0.5383815029362607,0.2751612187872948,0.02336619645796836
2024-10-09,0.8366242996235855,0.030606919413524572,0.5015977247065162,0.5169010925863815,0.056271165652884196
2024-10-10,0.8373368720003156,0.08549108093938806,0.4979520147513629,0.4612956084166275,0.07686954331916182
2024-10-11,0.9096747648523761,0.02750836589443876,0.5399951583698178,0.5455328934882198,0.022451807381344027
2024-10-14,0.9078592123487136,-0.07705788072224212,0.5532774972631892,0.42487711600471934,0.05636387582539211
2024-10-15,0.8958614998866956,0.11372691671259,0.5154525032818046,0.44339720803463545,0.06488626288175463
2024-10-16,0.8527618978019466,0.05886660902730204,0.4939550033459974,0.3748275659392483,0.09372109366319469
2024-10-17,0.9281587464686334,0.0955055822222368,0.4734731317222644,0.3722582568570357,0.028246845070727156
2024-10-18,0.8928129226723975,-0.1472373420177239,0.428292913226044,0.2591550859397955,0.04496712081897339
2024-10-21,0.7535512199897606,-0.25976297165289164,0.4442029587923817,0.5385237379608139,0.06828811726761039
2024-10-22,0.8376910393670366,-0.07265270782734345,0.43138737533628096,0.38568736025286604,0.034514625355698984
2024-10-23,0.7531335968717904,-0.07388343425727296,0.607108263610731,0.46638035787063653,0.0454984281056591
2024-10-24,0.8295100919822734,0.1396247210812713,0.47814554744474425,0.31993222571208124,0.015313791822063317
2024-10-25,0.9252064814766421,-0.2284549307840547,0.48686935303750706,0.43060332823635106,0.03601351471531379
2024-10-28,0.7931882897121275,0.13012099072628194,0.49038402784870927,0.4663910327566857,0.06370932141764353
2024-10-29,0.8692992089875259,-0.048602426125165986,0.5916524977950574,0.33346641965665585,0.09673700063560291
2024-10-30,0.9074435235274368,0.23498664852560816,0.5950824695601481,0.4174056039343021,0.08819374901079882
2024-10-31,0.8005707144036005,0.4153593170659094,0.490234941788676,0.31864574272944646,0.0020937125621263487
2024-11-01,0.8305106627047594,-0.19633814323141552,0.5337218457188213,0.3394331618241488,0.014398377420421604
2024-11-04,0.8256257915047563,0.19355577233299248,0.5400072987610295,0.4015584572569659,0.0710685825942494
2024-11-05,0.8485436764373491,0.00245108612630831,0.48775885515685186,0.39974733391522127,0.022698561092830718
2024-11-06,0.8645420812746472,-0.025232425795767923,0.5308109990848182,0.31633312215769527,0.08401353480406099
2024-11-07,0.8098053174427148,-0.14686410065479508,0.48208394721312053,0.5287181046706091,0.09418810934259919
2024-11-08,0.876301939655518,-0.21538462373686912,0.5327450647320335,0.360941768735143,0.0417725626085561
2024-11-11,0.8058807707264217,-0.2971478931445014,0.5611238178484025,0.2636136850332862,0.04438928883699636
2024-11-12,0.8374018410995062,-0.18926224914497378,0.5518950568383394,0.36656481736860497,0.03635602618590096
2024-11-13,0.8332768672239828,-0.020146852586006556,0.5288172710165815,0.40130047639833094,0.03988830606126388
2024-11-14,0.8378363405519441,-0.1036803950509556,0.4355489254694402,0.2881449040458145,0.02059150803536707
2024-11-15,0.8759239869340323,-0.06116389266525954,0.4816921136436411,0.25942718555819555,0.01909650755553438
2024-11-18,0.7540176429954824,-0.1406413760256397,0.5611784694261202,0.34429298063776814,0.08736061359145253
2024-11-19,0.8600242762620723,-0.12061196587959155,0.5493668167261023,0.3648249198191331,0.06188762513057508
2024-11-20,0.7784057877224752,-0.05379061357988873,0.6097807979552873,0.5789884315550855,0.05482055162075064
2024-11-21,0.8643266651389682,-0.0274117630827405,0.5339426076742323,0.43168523387332897,0.040820808987927906
2024-11-22,0.8380056623816449,0.0881888039845234,0.529834849317723,0.36840276146356865,0.0213513682729226
2024-11-25,0.7802371600308178,-0.09201184844403315,0.5614808895730418,0.3968537775504636,0.01086501817615978
2024-11-26,0.8550143445793752,-0.056603105540882485,0.4692360261256663,0.3761370285128177,0.030032027441766897
2024-11-27,0.7888772049625324,-0.21725783472071028,0.5832169078382896,0.3579913995065784,0.07745776613809982
2024-11-29,0.8029257637269983,0.3235919368761811,0.5651464928546389,0.3628490774498162,0.00508857086256872
2024-12-02,0.8613818162776183,-0.04715766365214055,0.4920127697921486,0.44746912244850046,0.05516930735850681
2024-12-03,0.8237849057339898,0.015099601799880652,0.5784788722533394,0.49112131037953766,0.03842905010068564
2024-12-04,0.8124953354071961,0.09720632045741721,0.4717885394874826,0.4450414161315705,0.018031523334383428
2024-12-05,0.8474247652900553,0.07579587247268615,0.5140862118380057,0.608407127365249,0.06939696088914073
2024-12-06,0.7949350146189843,0.19431034219369234,0.4781568578905457,0.4504344174629321,0.0666993537339127
2024-12-09,0.868789498862589,0.010995174312457051,0.5073605586945718,0.4141134890745299,0.07459716996597511
2024-12-10,0.8533505166715087,0.35798729726125655,0.48931566002273347,0.34440865036859986,0.015585568279950425
2024-12-11,0.8542367778534667,-0.05121075807905036,0.5287415679634746,0.5070351835363761,0.07818589121165634
2024-12-12,0.6989866748285383,-0.11958986900356226,0.4474409146241249,0.280418356309593,0.04112897315359912
2024-12-13,0.9602312246036235,0.11963362679055123,0.5829579474053513,0.39194703502135686,0.08680300991122848
2024-12-16,0.8779356912415954,-0.35331290150404987,0.5897805783593503,0.31801558814401004,0.09312524682781471
2024-12-17,0.8134342090337043,0.10103021409093045,0.5545241575167099,0.4084620048393549,0.09330202174439477
2024-12-18,0.771845192320984,0.019962733764328368,0.5875693923918437,0.3467512903900206,0.0735317622334403
2024-12-19,0.9057468522670148,-0.1745383871828019,0.540711319323964,0.5535327733376614,0.06761894084294483
2024-12-20,0.8059300043650195,0.2107970966754148,0.6399619884208766,0.41710440689241507,0.008575005845327721
2024-12-23,0.8136491506308346,-0.15454776059000475,0.6090104099253764,0.5276694199339649,0.08622492691089492
2024-12-24,0.9124654561434338,-0.006567670131189417,0.5965249404935371,0.395116060887393,0.08526009253408534
2024-12-26,0.7958472439195821,0.2248353570224706,0.6280412545033579,0.29793980272186804,0.09018037569276717
2024-12-27,0.7880284518549665,0.007996386846024928,0.5950124924417814,0.2866180806246047,0.015060293643144207
2024-12-30,0.8513507868477953,-0.11808539081195035,0.5848264253561011,0.32021131785041096,0.08406785135419897
2024-12-31,0.878590150013709,-0.03164296216354164,0.5037880468134188,0.40636899554268885,0.09092456051371994
2025-01-02,0.7531013342755823,-0.11181891442098797,0.5685899565469135,0.22282452209681047,0.0828254509319492
2025-01-03,0.7214431573447294,-0.46787346396263346,0.618935646118489,0.3923240987237271,0.07036032168210893
2025-01-06,0.8233767302996406,0.18903094713336596,0.5349290848287035,0.42684618998667323,0.010149948896717964
2025-01-07,0.8512877675461631,-0.0941998841505956,0.5707136024535728,0.4773261221420145,0.09008170580905775
2025-01-08,0.8407546691491505,-0.09211111463092297,0.5397336498028574,0.17020874672142683,0.041518586962253204
2025-01-10,0.8641529773254456,-0.24182225779771027,0.5900447891864562,0.39095758993247065,0.061828889257967395
2025-01-13,0.855256054826522,0.1400658341212405,0.5147624195607774,0.4369248443350957,0.05523212077370471
2025-01-14,0.8633810526281332,-0.03695616652855865,0.5155163187215269,0.4595238364055164,0.09833030200096564
2025-01-15,0.8851727272209657,0.022720405195576814,0.5092439998704364,0.3472550967074546,0.09036516118749216
2025-01-16,0.8469833638789966,0.1376989099964187,0.48441436686790107,0.34361965356956237,0.06638690899714964
2025-01-17,0.8298663720028898,-0.016644315880605866,0.49934826783423364,0.3782467221626667,0.044490388853154275
2025-01-21,0.8344758217843705,-0.20751837429793132,0.5617738543552703,0.3458830903214498,0.013559874057942478
2025-01-22,0.8747793071254854,-0.17706551220086775,0.572965890278792,0.3191611162770732,0.03793697541719679
2025-01-23,0.8200122880920594,0.05945832554108114,0.5810065546148241,0.358297781742164,0.0019954119519705825
2025-01-24,0.8365294690833666,-0.2907212890219048,0.6401996648014101,0.4687456397878028,0.0817951704281451
2025-01-27,0.8825724025435553,-0.31900644339124307,0.5426227473459303,0.3665453971076377,0.05848912043266762
2025-01-28,0.7534469253982994,0.17799001921521734,0.6458571205557815,0.6061934956003614,0.08939880432177832
2025-01-29,0.7977058086241131,0.023464699366854753,0.6400626044702562,0.37463815210530466,0.09466040780526529
2025-01-30,0.8216506043078661,-0.3732035347088982,0.6313045299724493,0.39807392439266354,0.08856038625521707
2025-01-31,0.8135329070518469,0.056771457965772015,0.5830680905558089,0.4168259102354592,0.0886490705385567
2025-02-03,0.8391450968836662,0.32447163175267313,0.570922080474175,0.5619322076323305,0.013494340050243659
2025-02-04,0.8782058463200099,0.07023402855234627,0.5726543589901649,0.49739566935459206,0.03936157518384159
2025-02-05,0.8556495883788997,-0.18642624302270636,0.5307481368405531,0.4422484621934272,0.09928968022393352
2025-02-06,0.8046310557416751,-0.01244621139449989,0.6325780347568037,0.4303970177894334,0.06689038663888858
2025-02-07,0.8138932564835626,0.2819975023232279,0.6077998368444122,0.5017792987204089,0.03206985838141252
2025-02-10,0.7366220828395349,0.06617057565254923,0.6245209823077803,0.5700288642297993,0.0948761774499545
2025-02-11,0.7768090707924479,0.2412229178389066,0.6652821880333442,0.1982711022721021,0.06028125582901456
2025-02-12,0.8739295554934872,0.12352416286814039,0.5673530899501356,0.35099055399337104,0.0015955534740255684
2025-02-13,0.883392695664391,-0.1229963506821264,0.5734713325963529,0.4812434900823922,0.04177386611081794
2025-02-14,0.9377021525163431,0.10759685450840362,0.5916281897990034,0.34836025153392297,0.08512528259509487
2025-02-18,0.7994699979674471,0.2219156483001899,0.5796569131702765,0.5150703274666729,0.028024584041562963
2025-02-19,0.8335224061002269,-0.12985773227220226,0.6089360258162432,0.39234640607316,0.09159250559169378
2025-02-20,0.7897235697694631,0.3634736659563696,0.5571023542743642,0.4927591521174214,0.09058166531241084
2025-02-21,0.8920928314698241,-0.2518925529828714,0.5388762438900117,0.36984906602998724,0.0238803928349278
2025-02-24,0.8067176727710842,0.3452912743757377,0.5805492302640025,0.48897490428140683,0.04489310681533361
2025-02-25,0.8756818694500101,0.052804489799270674,0.593071066427624,0.5237130707788697,0.004045573825267357
2025-02-26,0.8087453513332491,0.34526706209131725,0.5271786918154014,0.47815117256224243,0.07597650636486217
2025-02-27,0.7797418070030109,-0.06314111044539196,0.5966779003834407,0.35133046511704863,0.008024418602078299
2025-02-28,0.8409165215191554,-0.2773940895861587,0.5431000005378964,0.44982647071958826,0.013064985626965776
2025-03-03,0.8514835912488722,-0.13810560516430143,0.6599908377994151,0.27800691000097844,0.062416965522377105
2025-03-04,0.8319204767067968,-0.10113125563569435,0.6249378987561521,0.40481636911371943,0.0019212158789563617
2025-03-05,0.8445917376732701,-0.3688433407734478,0.637833733771449,0.37821741851682633,0.09045348202446175
2025-03-06,0.855783050880521,-0.14971264401877546,0.5496733714367976,0.5499287758475687,0.0035983157867850893
2025-03-07,0.7613380710868793,-0.21083980555655435,0.6693589112383439,0.4640746380998654,0.06968560917313542
2025-03-10,0.833726873412879,0.24931926285773065,0.6187048831306982,0.42326600919744195,0.08031460308476107
2025-03-11,0.8612781008551209,0.09304764344289874,0.6219617196207687,0.6195973052895958,0.07841203542390035
2025-03-12,0.8402553594163664,-0.032809437629640795,0.5351338399191174,0.3948102613178982,0.03421286875928947
2025-03-13,0.943144344977241,0.1968970004869313,0.5700826151518903,0.4030041364521285,0.07191171069561536
2025-03-14,0.7851780812207503,-0.1938238688596613,0.6050115762538151,0.35055453971795475,0.0488830419493028
2025-03-17,0.7977700105310791,0.09796815294757844,0.5941628539580507,0.24324496283089608,0.09133573506018089
2025-03-18,0.7462426516916105,-0.11400229971485083,0.5190789026762884,0.21310885935293464,0.00847953021934268
2025-03-19,0.9064484600701043,-0.019542177973058565,0.5854222928844746,0.3811594183849251,0.0318613923054033
2025-03-20,0.7931083924603515,0.08219523300283367,0.5923476378874563,0.32425913440205884,0.011352527158712933
2025-03-21,0.81961856577375,-0.2454917426424591,0.578744087843494,0.3760372119217486,0.08062266540681076
2025-03-24,0.8283858335435018,0.011030911468317252,0.5955640949102657,0.42307685386646077,0.007441462708344471
2025-03-25,0.8971548518460797,0.11860469544261615,0.6473344181651053,0.3152265770173771,0.015400612780383828
2025-03-26,0.8245692552955671,0.13071933678919354,0.6332793768067164,0.3321379382463118,0.07788766778065792
2025-03-27,0.8805791962890871,-0.18870642332918836,0.6238441378825927,0.39737037991343593,0.0009645243906282741
2025-03-28,0.7807782198046831,-0.0868147643518814,0.708975866538642,0.42027803628049953,0.08069862450743825
2025-03-31,0.965022498835913,-0.2887853059750073,0.6375243458178208,0.14656638081928847,0.061746066861139814
2025-04-01,0.8499882257542608,0.12624347553026422,0.6418937822823498,0.3200730275419587,0.06261263785186733
2025-04-02,0.9019545210988368,-0.10674295200893891,0.5917916407341905,0.35666777806433664,0.046076299720259686
2025-04-03,0.7931805324633834,0.3139439174841718,0.6023798251352986,0.5087318378658628,0.07861316328118598
2025-04-04,0.90223556208823,-0.19358804285459663,0.660752938077823,0.4503414243549323,0.012197839510564813
2025-04-07,0.7979549067763555,0.08977016626830094,0.5486124858952832,0.5606458367978641,0.019952131001652898
2025-04-08,0.8906893372461048,-0.014229712438207053,0.6629096836521539,0.24180123552964625,0.008115559954624475
2025-04-09,0.8125329349939979,-0.050483944348074294,0.7113476614102122,0.29295170991265945,0.09513919211297178
2025-04-10,0.7646347029129663,-0.2888771028996541,0.6447534787813096,0.34058077294611433,0.07915927297294215
2025-04-11,0.8420456667815693,0.15256652833489687,0.5914030810191843,0.42041466045080556,0.0049998631454849065
2025-04-14,0.8767607573804848,-0.08613527839204307,0.5904979775578625,0.42419554023210115,0.03204049514640252
2025-04-15,0.893408963652661,-0.15847385283612983,0.4475915817146109,0.4679583149385647,0.047604410959445634
2025-04-16,0.8963857959375042,0.040006832426034394,0.6118271984536605,0.343569010585983,0.098792957883552
2025-04-17,0.8750091710767461,0.1706333639368377,0.6010151882277608,0.6491248330007267,0.018606488011189137
2025-04-21,0.771812945616431,0.0325923341712694,0.5384421751819636,0.48798459239568903,0.06761593341217342
2025-04-22,0.7709262285978908,-0.2667843085435397,0.5652077498957587,0.42658321698553997,0.0061266343612345515
2025-04-23,0.8202264305669191,-0.11708825251981864,0.5875159790743055,0.3757759840938494,0.000631339162259026
2025-04-24,0.9243724694159262,0.13718222393379362,0.5800112917271933,0.6097011911213615,0.019772049980805506
2025-04-25,0.8745830587428004,-0.19379241106270972,0.6087317594138141,0.4535512544865315,0.05419984353738582
2025-04-28,0.8156187640469326,-0.21050178216120785,0.5991457674166499,0.36397782286939645,0.06999670201838784
2025-04-29,0.9239563944227721,0.14823116481698298,0.5623962886871356,0.4425938110948589,0.007577975979595264
2025-04-30,0.913356407136237,-0.27876088917992997,0.5428952307721199,0.3988831382720469,0.03214054462036955
2025-05-01,0.8517800983952517,-0.010439501092572077,0.5780813439008642,0.36739396775479805,0.016242357637485837
2025-05-02,0.8692129068410814,0.2267885107278346,0.5691457184547655,0.6438399345170654,0.05923082031065188
2025-05-05,0.9480345717870158,0.2658511259160163,0.6229608124298027,0.6007988106470157,0.05066544535800441
2025-05-06,0.8354942317500296,-0.1665208823980469,0.5650608638921133,0.29970571969099186,0.042652330734543345
2025-05-07,0.8560900661156685,0.059966092825548656,0.6009120410253013,0.39875686478182004,0.07354431542811594
2025-05-08,0.8566577264085807,0.34726476176997784,0.6213711305970717,0.49225087966048214,0.06548421672773068
2025-05-09,0.8595394968343394,-0.3231177396936155,0.49916095611588424,0.6082809990208515,0.025166817219144946
2025-05-12,0.8234088862384389,-0.12335026883038645,0.6005277315905687,0.45504029783299277,0.006465333746090207
2025-05-13,0.8838431068667206,0.3548837065760008,0.6627217023525428,0.3189066775361179,0.03442232527039457
2025-05-14,0.8984367286710895,-0.07681818364215974,0.5802386081328104,0.2906010794048638,0.06198453884992758
2025-05-15,0.7653463573084295,-0.006312342526457775,0.5387331290403623,0.49278136785720367,0.007995161171283583
2025-05-16,0.8359460878239939,0.061718043789974676,0.6543158815601928,0.2514704818217892,0.07161097112739981
2025-05-19,0.8137691305725157,0.03617672491316997,0.5997248482456862,0.5103497501272326,0.07442686980553055
2025-05-20,0.8933576564520299,0.01938672514614785,0.5986347530069257,0.433107589099049,0.058813862332244296
2025-05-21,0.7765143817663122,-0.0312750954709923,0.5952441897097516,0.44585508587851064,0.03614797867691216
2025-05-22,0.803781827996792,-0.25375958250577824,0.5704401963943206,0.5967366111091494,0.06781955507345207
2025-05-23,0.8090376243635665,0.2347856494709619,0.6607405867014744,0.4045466526233194,0.026243730431161016
2025-05-27,0.8160076032673275,0.1025639127316451,0.5885090126405736,0.3140896019809692,0.04507869508721867
2025-05-28,0.8170598586814112,0.09071597042906622,0.6247237017198459,0.36772097986846125,0.04804488075557604
2025-05-29,0.8465433217555973,0.13372771410221604,0.568711219434733,0.3700673026704116,0.0763412479229923
2025-05-30,0.8122329590136387,-0.15453692467480623,0.7100554948535348,0.38037983399209185,0.09990974273157817
