Date,fundamental_score,sentiment_score,industry_trend_score,market_risk_factor,black_swan_risk
2000-01-03,0.6191163789563779,-0.22665009694122773,0.5910508452066873,0.4369312260067796,0.07062348749926044
2000-01-04,0.6096162113208573,-0.21559827812402427,0.4978231410852823,0.40064505730334643,0.04910886795570568
2000-01-05,0.6791529871700432,-0.18023156092984738,0.549972264967834,0.4512195784142151,0.030036391978429514
2000-01-06,0.6701773382689539,0.21104972614779133,0.5760552143985834,0.3446053955140056,0.05053048513901226
2000-01-07,0.6071572151913921,0.014614942101707787,0.5714681818230712,0.3668829503579943,0.0636197137546574
2000-01-10,0.6256917984947763,0.1930481807224191,0.48070398695397754,0.400831223541045,0.06316771609928738
2000-01-11,0.6145456793026154,-0.17058298017043091,0.5809235555021687,0.5359214092066074,0.08836193620731514
2000-01-12,0.5300052963752946,0.0038476202654380526,0.5091368501390499,0.4442533607556912,0.020411991748608617
2000-01-13,0.6222663235268154,0.40298310508803614,0.6912853788803344,0.3633783848754613,0.06497999535438463
2000-01-14,0.6301763919673314,0.21049044047297688,0.5848316385895718,0.40821375308833885,0.049525309058856215
2000-01-18,0.6543785236459299,0.10536450813073997,0.5759116812854504,0.39117058803886956,0.07081926179604198
2000-01-19,0.5626731607013028,0.2852836915516241,0.6504841090493765,0.36735118074225276,0.0367900998777419
2000-01-20,0.59101363390449,-0.21201678160030815,0.5236865491458036,0.3871354333677287,0.0670943481097062
2000-01-21,0.7010846722555283,0.028964996155371403,0.61265089186228,0.4965286762395715,0.006372746696862397
2000-01-24,0.5785662083385844,0.06734522529241695,0.6127099391651818,0.4184058132221769,0.06596941206326236
2000-01-25,0.6615567527991305,0.08992654946382984,0.6045367361714583,0.262497066558652,0.07639186782181799
2000-01-26,0.5268713406080403,-0.19208234664929502,0.5671552696523183,0.40588486808932167,0.05892992854794115
2000-01-27,0.48130279848412433,-0.12285242229238824,0.5153884186194371,0.4656112987205978,0.09079974406162455
2000-01-28,0.577418253559495,-0.0024467115939546865,0.587893902596881,0.38422196828378213,0.07434375095622427
2000-01-31,0.5895341808156107,-0.30918408706044476,0.6091818800719793,0.3001604912652266,0.04255288343713255
2000-02-01,0.5710008127755428,0.2917008896442081,0.6491035367627674,0.3690138179147085,0.03405221393261411
2000-02-02,0.6069347049499102,-0.02513397752814783,0.5198205225509362,0.46308715879435547,0.09098222921606361
2000-02-03,0.5561279131022481,0.09573686637164619,0.5472574245979409,0.4737520974729332,0.05267667869077505
2000-02-04,0.6050220454973985,0.08566284800699898,0.5370089145473533,0.1727838745552968,0.02252633558953129
2000-02-07,0.6203089213484038,0.02676021648438201,0.632451490466871,0.46859460397350844,0.0884849546211738
2000-02-08,0.6101402470068547,0.12344543963613758,0.5255748592214349,0.5003187748109554,0.07564589201546165
2000-02-09,0.5312645093315749,-0.12219611869039955,0.5305861587776629,0.4105156449334218,0.03976713050381643
2000-02-10,0.5754382494502452,0.19261017608158593,0.6256808228301431,0.23842794195547248,0.034370253192280265
2000-02-11,0.6250663456179919,0.14451094631022113,0.5577581665291613,0.3419393055999343,0.0760150848168887
2000-02-14,0.5574910296489607,0.2573191066092876,0.5949652516276511,0.3844049906101812,0.08876767898454625
2000-02-15,0.5181369504465227,0.07726635316618381,0.6670348755886648,0.39096130229626075,0.01635605801082547
2000-02-16,0.605128317702068,0.221323207447143,0.5730295993783954,0.5020413748198375,0.06482053338170554
2000-02-17,0.6644810358200295,0.09255775547465679,0.6968438853415029,0.27452469700449444,0.00013978732477413214
2000-02-18,0.5817390868184981,0.16124899392885342,0.6088884919282602,0.40550129378309957,0.027610813453026708
2000-02-22,0.5681039302488066,0.16469384896540398,0.6219323580880837,0.3882955721985009,0.049175912930010196
2000-02-23,0.6376105914791526,0.4006629828037774,0.5171073535247479,0.6379746012587331,0.05909090841920496
2000-02-24,0.5947934799823923,-0.0903032103663658,0.5882637570380701,0.5752324635670858,0.09859412525624858
2000-02-25,0.6015100156163852,0.3007456467350891,0.5452306746179484,0.3728723369322375,0.06081258438591935
2000-02-28,0.5938755137044999,-0.2601449572130812,0.7112607291002137,0.46789889603164064,0.012862826736250077
2000-02-29,0.5238427530013354,-0.21242227441586212,0.629869144353544,0.38161987213367526,0.06666729436620437
2000-03-01,0.582804563412012,-0.2262225462226195,0.6110759796241023,0.20822950312432986,0.08605241840973357
2000-03-02,0.5518470265060161,0.09518423798897918,0.5556334425184788,0.396206049684508,0.022041102361284093
2000-03-03,0.6251613898231506,0.11262493561858998,0.5916313290108861,0.3030160805265867,0.06500296375175017
2000-03-06,0.5563691090578486,0.18177196293354414,0.49155187012583756,0.33813993539019516,0.012707704929318154
2000-03-07,0.6591901448366662,-0.3987904892743684,0.5550287669945504,0.3115776897638209,0.07148985492915219
2000-03-08,0.6766260443919256,-0.33751003073993924,0.5811824033225713,0.34986976806150744,0.09900542964652466
2000-03-09,0.5873200510243737,-0.28525061156676157,0.6176532209900488,0.36942614314167416,0.02620761088462801
2000-03-10,0.46084364829815133,0.09958986579585818,0.5191969466224426,0.33385244107966555,0.024500201991928386
2000-03-13,0.5164023653634424,-0.14728217968091437,0.5606120868888393,0.40917187796448523,0.02623769585374306
2000-03-14,0.5357063977109628,0.07163747724586922,0.6333021834699781,0.5166939492420204,0.04792156888275811
2000-03-15,0.5960418886789983,-0.10736528131142967,0.5663531832133978,0.6586381969515116,0.03710229365762553
2000-03-16,0.5222063750431128,-0.07878253263204975,0.5985019872423192,0.462059753194064,0.09332260793317237
2000-03-17,0.5508139558460386,0.022081426488270797,0.6109854078806867,0.17667956760927084,0.005310287878740428
2000-03-20,0.6208423953227199,0.14242950314987665,0.6029440242306593,0.29172325539319277,0.028710853966996176
2000-03-21,0.6493905821087872,-0.13252079087416932,0.5239421324108293,0.4362379426960638,0.009941220401398233
2000-03-22,0.620558992710494,0.010900681647446848,0.6279580015122908,0.3594712038055688,0.0846355918874348
2000-03-23,0.6105679896270848,-0.3324572817834624,0.5950197932376553,0.2224117913709828,0.08791060298844319
2000-03-24,0.6668658849025119,0.1373109316443803,0.6555853634852465,0.48709640976664964,0.08959231755585485
2000-03-27,0.6422912770011732,0.006528842235762654,0.6920319131447977,0.2693212678639829,0.09823281559074444
2000-03-28,0.47211295218626015,0.009775162694780466,0.5820548237525115,0.2962848299825516,0.08866068873422647
2000-03-29,0.5354424549233874,-0.1535606331566007,0.5116760909368773,0.34915023013273633,0.060243430465814374
2000-03-30,0.6096109342647905,-0.06532909838069466,0.6054947010104595,0.4890519189183002,0.04630590828658182
2000-03-31,0.7000896825920377,0.20932772936184776,0.5529030834957241,0.4059908567454137,0.07879411768808472
2000-04-03,0.5836043818415672,-0.24929319245987897,0.6534436172808453,0.44133954270294645,0.0589073500041601
2000-04-04,0.5778290580085585,-0.19441789943799126,0.6555762127953529,0.36053907517537814,0.0032121426793960683
2000-04-05,0.6559029271236507,-0.1514674132218022,0.5699152187086667,0.43388049622367797,0.04828942481219123
2000-04-06,0.6331951057515549,0.21384005715292798,0.6071656808628165,0.41751167739969486,0.029897341926751166
2000-04-07,0.6566254241659062,0.08834979876914455,0.6458121152282905,0.5720487580395547,0.04308531180715757
2000-04-10,0.6216600068681838,0.0007423451364612916,0.6613152504943142,0.3792158120350318,0.06529000194902733
2000-04-11,0.5967093475587179,0.03364416177600757,0.6216342597660727,0.3985239252511282,0.08867991432093919
2000-04-12,0.6221424488012404,-0.08464588225795663,0.5724450155859785,0.3561491314283187,0.07266606290220803
2000-04-13,0.543919177797451,0.01393169333444787,0.5677107686765616,0.38348443824185685,0.050031103654833334
2000-04-14,0.5832990022513458,-0.007618554270500142,0.6488904308875156,0.45440054133813323,0.060293155255360144
2000-04-17,0.6169834097983162,-0.26106541952071566,0.5909626603554228,0.4684841146748299,0.06075284041932989
2000-04-18,0.5655766471790037,-0.10161894001287104,0.61757829953248,0.40874646739335146,0.07095755918183867
2000-04-19,0.5690248413346927,-0.20458731749126474,0.5949215467451403,0.31021755663217865,0.09383869802311602
2000-04-20,0.6744989248362527,0.13925938231147186,0.7056602578310056,0.38601630368262896,0.016840208287839175
2000-04-24,0.6156140528631819,-0.28329715912422393,0.5811261527192815,0.4274488242642367,0.039183949346573314
2000-04-25,0.5716912808333336,0.11530096486482838,0.6499405600077393,0.4028270652653181,0.036258269467451566
2000-04-26,0.6178970309929039,-0.015848435329614535,0.5410755045327831,0.549778644669003,0.058821395982201596
2000-04-27,0.5594004608504939,0.3827960519657081,0.5782961582629116,0.2580688716681304,0.058731132414993094
2000-04-28,0.6194060406673878,0.14442499770959694,0.5773656061644631,0.3839900347894609,0.02681127286348547
2000-05-01,0.6178185858608265,-0.1495655243843988,0.6540814883377264,0.40198432201880857,0.0685540214372996
2000-05-02,0.5663534257272007,0.09313606753677599,0.5251540970762049,0.39823204328961503,0.03810013978303243
2000-05-03,0.6145380228586725,0.12134331621488295,0.5510397018269638,0.5003438598200691,0.03356437494175202
2000-05-04,0.5775734661431157,0.0682262376800201,0.5703221236413449,0.1732994202957591,0.01501291030123354
2000-05-05,0.5346270403058799,-0.08053576641718645,0.5911146772116422,0.3532530032864104,0.06033379302951726
2000-05-08,0.5636609152785051,0.2949862060303088,0.6880145346428597,0.523853896952617,0.05207449602981436
2000-05-09,0.5943116633880123,0.10272654208746008,0.5845780687074617,0.4120588004992776,0.07681603341471997
2000-05-10,0.5820761222839976,-0.021694388596821598,0.4712657958954286,0.33437785936087455,0.021665610202944132
2000-05-11,0.5430416675248599,0.18419977227335171,0.6047254807734918,0.40436923567297595,0.03404668306294859
2000-05-12,0.6007780746126555,-0.12359680332244882,0.535209971262447,0.11524826279919659,0.05884950575195879
2000-05-15,0.5495426419807196,0.145109080279322,0.6392330320997688,0.42913270282013977,0.027644684206923398
2000-05-16,0.6157499933828438,0.18241883019272642,0.5961675547536909,0.4691607081964415,0.03143069356041454
2000-05-17,0.610465045167806,-0.002456390010100415,0.5734368673330777,0.20937031508574197,0.0992550681745584
2000-05-18,0.6018087110804546,0.4718469319221142,0.5925530029847648,0.23520269526169602,0.06037251511613378
2000-05-19,0.6020153409583258,-0.06678718567347883,0.5878040869398752,0.3978588068129609,0.07327466971848749
2000-05-22,0.6806595669615587,-0.1753777445791037,0.5566291545524151,0.5285124507708276,0.01667127112330661
2000-05-23,0.6366195015465339,0.19478909454974958,0.6376983135030407,0.4664256263626533,0.03805421322892645
2000-05-24,0.6037928341471978,-0.09937728103713213,0.5367867249954794,0.3559195858692121,0.08989733991366083
2000-05-25,0.5908034684798186,0.30357116321461874,0.592091319165251,0.36922079886803766,0.07569441431475622
2000-05-26,0.5681216083957572,-0.10528638894768694,0.5716845220625743,0.45185881608651,0.0019607592191415615
2000-05-30,0.6035723957639143,0.09789288539413642,0.6031871225334199,0.2439604288487259,0.06778633566447442
2000-05-31,0.5933715194577532,-0.05763418003277582,0.5025238633812542,0.4098294672696338,0.027144550263772618
2000-06-01,0.6247100711287696,0.3246336650068422,0.7006158877897701,0.5549704858001516,0.019659074668958488
2000-06-02,0.5812222847703944,0.16910067776752621,0.6035148321989815,0.48266051112045216,0.04403030258179948
2000-06-05,0.5575093243270055,0.30979490053923237,0.5609359125781457,0.39523708454920664,0.08451536727584365
2000-06-06,0.6358567004785447,-0.006338371117585941,0.5815540190874039,0.35267731241809996,0.07402096308927358
2000-06-07,0.5290180143829705,0.061381522687313596,0.6101022264902904,0.514719421792544,0.04315631749518935
2000-06-08,0.6525463771832345,0.18425404078858137,0.5681456559502354,0.32817241868183794,0.003656698514539503
2000-06-09,0.5945713293289561,0.01191582835447606,0.5713195890526102,0.2724224169713795,0.07768111444315075
2000-06-12,0.5319256883255379,0.031315609203534656,0.4932527945989671,0.31939907912274423,0.06845707470733335
2000-06-13,0.6432212317765844,0.1400558034740567,0.6452436018462029,0.41790109489770294,0.022564905821420844
2000-06-14,0.6486017225373274,0.05665756689676426,0.5845574206244553,0.4727232525291753,0.05752026981238714
2000-06-15,0.6260333373911804,-0.12956886261408346,0.4840381533982007,0.30137479091616304,0.015824820248638405
2000-06-16,0.6998403851612127,0.13639021379669258,0.5891671085482586,0.3543826131685624,0.05145453923838007
2000-06-19,0.5582825590628139,-0.3073852196904117,0.6650397285310277,0.3521969291024109,0.05548492441983493
2000-06-20,0.5225126276287357,0.042992296592473084,0.5299786485141743,0.407352254953517,0.027508390518878448
2000-06-21,0.6531588133721238,0.12925076836244903,0.48666783240474876,0.3474948279082161,0.09472310651132992
2000-06-22,0.5882408447335066,0.04207003580768579,0.5145061501118096,0.3372885598906796,0.09236578952937394
2000-06-23,0.6471855182290862,0.12198746738955145,0.5170999191063835,0.38701213422046143,0.03418895796136621
2000-06-26,0.6859719630369234,-0.31027125946303347,0.504085299996898,0.5240944360186258,0.007364048099980736
2000-06-27,0.5720894177442044,-0.0877156839152412,0.5169321647489797,0.3771228098701473,0.05595625684256877
2000-06-28,0.64808280770018,0.42230960843021564,0.495208848749468,0.41248700200388294,0.005414919716917688
2000-06-29,0.6752744039026339,0.03984204021657332,0.5314223412965802,0.41354703768934387,0.08439432025019535
2000-06-30,0.6120364011259448,0.030816106388407646,0.6283072682242478,0.2878879707115113,0.00919234632903514
2000-07-03,0.6163206385834562,0.08571971621084362,0.5055297426432313,0.32399105158178537,0.09744290464954886
2000-07-05,0.6373965212185037,0.09068613141141751,0.514541175075985,0.4884828234352585,0.005978421742088436
2000-07-06,0.6402271734371396,-0.18688158770712046,0.5815781333442368,0.23020539208961316,0.027467517399392752
2000-07-07,0.7082981649590548,-0.3849719949890413,0.5147875222498868,0.31943619851717403,0.012148405564802955
2000-07-10,0.545221512060142,0.024500300696360732,0.5146588146660658,0.33518414114150596,0.006259734353367708
2000-07-11,0.6377538964777826,-0.05926714901708594,0.5069531752059748,0.35730853246699307,0.08482964577658544
2000-07-12,0.6985417574293239,-0.1855905416448915,0.506188003773043,0.3428817719813871,0.04590277254462597
2000-07-13,0.6043192308635948,0.18589369199757932,0.3756727742258761,0.32074929022493814,0.010634291234619099
2000-07-14,0.6459905224666256,0.05828397154794636,0.5378775631111078,0.3299041429890412,0.02816813155656931
2000-07-17,0.6388252799565733,-0.20518927376322,0.5275274314000792,0.5730094890293941,0.06988720470071176
2000-07-18,0.6415249520816617,0.24889305391667862,0.5695122872703544,0.3668604587721633,0.02957605167826598
2000-07-19,0.6824767043873403,0.048869351231361886,0.574397705181194,0.32380702866163075,0.032534858385194446
2000-07-20,0.630209765892174,-0.22030397787854805,0.5319945414274238,0.40274030255793614,0.04090806155295085
2000-07-21,0.5151371676496709,0.1146766012949122,0.4973158005376289,0.3087383166040419,0.054724085394223826
2000-07-24,0.5355635769286212,-0.1444352128654974,0.4636183247541667,0.47285379302242125,0.024253851427468567
2000-07-25,0.5361635343303448,-0.07409701909804312,0.5529603709459233,0.5724957356662945,0.06178684886231509
2000-07-26,0.5584528654656012,-0.20185264258336613,0.5185096369745874,0.5094815827683142,0.062165430600553996
2000-07-27,0.6384221511563318,0.2648153077822731,0.6705001527192811,0.5425668194009069,0.03600926700057492
2000-07-28,0.5318949437853677,-0.3849639850555844,0.5089609796040742,0.2458830393095751,0.07854063906695255
2000-07-31,0.6501309662814093,-0.09280680837612829,0.5491371883186178,0.4781200113799329,0.029016155641393794
2000-08-01,0.6851584426170729,-0.395526484922596,0.5231764432031132,0.375885653015037,0.059343995199430455
2000-08-02,0.6505307495532823,-0.2579297542387302,0.5425412195051775,0.2447401253063308,0.00809454168957714
2000-08-03,0.636499167714597,-0.033185843502658394,0.5575285755667372,0.2851348983854791,0.0012525113445255533
2000-08-04,0.5117247358779778,-0.30572636584324187,0.5277665400666726,0.40493378570725425,0.0063722993399949026
2000-08-07,0.5475557821352721,-0.062161434317920684,0.46197295204112054,0.40487133421137433,0.04608949036512207
2000-08-08,0.4928618903182214,0.07957661013124019,0.49645137339851986,0.4641475964733771,0.004518552254221997
2000-08-09,0.6563299787090627,0.11959442777732965,0.5031612092461295,0.36871192232415567,0.012499654992505571
2000-08-10,0.6227309491298765,0.09377924265229629,0.45821502699862865,0.40246599678649186,0.05023273173314852
2000-08-11,0.512623291681015,-0.186420616633706,0.5324929516493395,0.6104413139446351,0.05829923337259198
2000-08-14,0.5791835145072929,0.15509985718423783,0.5139562491890461,0.4078270300604293,0.07146525349308137
2000-08-15,0.621002881898586,0.28961334784764337,0.5244656786872706,0.35079421453556536,0.08866551181925189
2000-08-16,0.5539293194560709,0.012618036523578341,0.5136973383519616,0.4587711988859681,0.03688143976610122
2000-08-17,0.6214057885900028,-0.24047659899926185,0.45894437595985355,0.40200703978830643,0.0395373045460336
2000-08-18,0.6870563924430602,-0.061763270912299884,0.5336917031686241,0.39656247960512375,0.09678765962092167
2000-08-21,0.5361455107805433,-0.05932798656198171,0.477197402875008,0.44601091833600987,0.010636116039663836
2000-08-22,0.625836076678118,-0.006588614603545179,0.5387695615544509,0.4836440025925794,0.018827091268090537
2000-08-23,0.5032185950204042,-0.18932582824948754,0.4971211022992743,0.4046233989246959,0.0833845993993429
2000-08-24,0.5450777386023323,-0.12051038252538265,0.4110435672225868,0.5630631032115663,0.012852774364773879
2000-08-25,0.5392635819801375,-0.13890845149816522,0.5175059569441123,0.44516997299430705,0.06090835233557336
2000-08-28,0.5586940411420154,-0.1684053431490722,0.5528751030163932,0.6054106546586756,0.05751597468167713
2000-08-29,0.6287889345298832,0.1485104269743749,0.54550713464167,0.4481943707579443,0.05483792539553722
2000-08-30,0.41751087699062334,0.16278182379964523,0.5231951883097853,0.47038098325679556,0.06499073617978228
2000-08-31,0.5788322982976076,-0.05659652811764822,0.5214603234034323,0.3605814031651774,0.043150995895361303
2000-09-01,0.6367562946685659,0.023796043254724675,0.45050247964926327,0.34698780624321696,0.001011805596590354
2000-09-05,0.5255914222684329,-0.03774340069384044,0.4775904909756847,0.41878509092028254,0.07514040134680651
2000-09-06,0.6236053610938966,-0.26417221156815013,0.5342336670061512,0.3227884575255952,0.0558753107824035
2000-09-07,0.7019362890927187,-0.1436921810506962,0.5120718183760175,0.441823967596184,0.03664122937343071
2000-09-08,0.5894083206377605,-0.14670193802297146,0.43041057186670373,0.37919647269461443,0.08765917667294038
2000-09-11,0.538440776112324,0.3765593991345412,0.5292714334045333,0.2115348077414676,0.0846603599854539
2000-09-12,0.5887495543671742,-0.21731947478442187,0.5430625139556704,0.432289359443197,0.024148812840274647
2000-09-13,0.6439934781971522,-0.2703090578029805,0.5388410900162486,0.34220612807546397,0.024189682383781087
2000-09-14,0.6703607968430871,-0.07927622826420136,0.5103247610629781,0.4725291797833401,0.051922002354349496
2000-09-15,0.5178003542439784,0.2116554683147841,0.48868048051383745,0.5155458007988882,0.09047533634662332
2000-09-18,0.5136998501242166,0.01190161805840292,0.5123478377902456,0.35662726411386597,0.07300415420008859
2000-09-19,0.598186572809446,0.02096058160473969,0.528221361488477,0.33613405386352635,0.039272602334482966
2000-09-20,0.6197778066581761,-0.13647965913033971,0.4864835747283944,0.3721025616524795,0.008627623859789425
2000-09-21,0.5299462352536536,-0.04372993377128719,0.5637267676304552,0.3043177278818784,0.09553564107897855
2000-09-22,0.6860557280327666,0.1875431257983925,0.4726693179454548,0.3960474553479076,0.08925190834043516
2000-09-25,0.5549185140717744,0.4079925825820892,0.36678332409031666,0.3943014619779342,0.014935245475900062
2000-09-26,0.6151979462734961,0.15668786472288496,0.5609542032508654,0.5380104590906025,0.04065399652345295
2000-09-27,0.606823210224482,-0.11293198689880624,0.5235999957551889,0.3317963358966285,0.07415647482729933
2000-09-28,0.5697456519848796,0.16080995999160708,0.4743716846758403,0.4861411579069836,0.0725499274644649
2000-09-29,0.538721160664597,0.1670229934330012,0.5214606935208461,0.4720831021758761,0.09884348496136523
2000-10-02,0.5884458256562866,0.2566683190513194,0.5146228656306739,0.42187126350677634,0.026770222483186803
2000-10-03,0.49746157404682706,-0.08175644019328715,0.4791674271159435,0.5560197661687567,0.08338661670673002
2000-10-04,0.643295007414993,-0.13339329998420615,0.5318756622724573,0.32624920916041616,0.0020547399329996162
2000-10-05,0.5703274261223481,-0.22690433370805316,0.5687634559782216,0.5564709220223096,0.020488487752139895
2000-10-06,0.5463415480006247,-0.02822729218721753,0.543984872760427,0.4046979513636886,0.07744239425016688
2000-10-09,0.6831096112731713,0.241858217952189,0.4801198394491187,0.267436168967207,0.027126448335455935
2000-10-10,0.4886811239622252,-0.11267178939603542,0.5445919088406264,0.5256178889759314,0.04632550163319006
2000-10-11,0.619332160072227,0.3080880308887463,0.4866219588253602,0.36753526448924667,0.02188973763454645
2000-10-12,0.6506105050506636,-0.003325218990051384,0.4493920967617286,0.22770136953514628,0.03320289709449982
2000-10-13,0.639195956271268,0.01887421130088217,0.44841360550119774,0.4867603495094841,0.08292952911129976
2000-10-16,0.6583538481019633,0.13211047222563055,0.5000796638977404,0.5346195577558978,0.03880552151684419
2000-10-17,0.6709458643322972,0.30204934822807017,0.4146054203478911,0.5455402982955594,0.015009004560301121
2000-10-18,0.5907477982113895,-0.27066563840373686,0.507474329459565,0.5397249332879486,0.0754129305195621
2000-10-19,0.6682919466040024,0.2738361153198216,0.5867647838196313,0.3408955727581579,0.016269302041343827
2000-10-20,0.5766962147353991,-0.022983445095295457,0.602354988498301,0.4774227827805637,0.030034128177671628
2000-10-23,0.6344291555362233,-0.042592052779924845,0.4905964642548184,0.39477403435763014,0.07310008755186602
2000-10-24,0.6481557527906495,0.589139121668988,0.46979524307179266,0.32812304217680827,0.0314051827837955
2000-10-25,0.5748461160357484,0.19460756051921707,0.5663915068132905,0.4220360197536054,0.030910476306059444
2000-10-26,0.7038942636321678,0.3071491493661352,0.46859923678181903,0.49879029447433126,0.05858115359159508
2000-10-27,0.579584163800493,-0.28101202625911087,0.47864722541596777,0.22918261060137526,0.049230948964090165
2000-10-30,0.48326489677866574,0.1415444926996863,0.5149225460122129,0.246103862913714,0.09323605770751477
2000-10-31,0.6611452460257007,-0.1805405629197503,0.4643666554151401,0.4142161282435495,0.08033055886320122
2000-11-01,0.634904231119556,0.2724529268272697,0.4716776660308022,0.28697822697477704,0.08223063539813982
2000-11-02,0.5805619572535766,0.22117751890334003,0.5430581439617631,0.36604224902529675,0.06626278865330797
2000-11-03,0.5966282825710554,-0.02965785148947503,0.5589173579123812,0.2796250879555904,0.09529927630010031
2000-11-06,0.547819522965709,-0.12507488418632248,0.531196975028463,0.4430499419829321,0.08624818268986388
2000-11-07,0.5911781162495069,0.18589665546640444,0.5590419059696677,0.32589324745878545,0.08234977557116127
2000-11-08,0.5931725831276534,-0.4102030796747939,0.4306090341467625,0.43827966414069697,0.06036927328023272
2000-11-09,0.5561620922384449,-0.022016441184580342,0.4603146715368186,0.44094362515477276,0.03710833931871973
2000-11-10,0.5516453852713831,0.11755981694069724,0.45921599014507924,0.383735125001348,0.0795131447736881
2000-11-13,0.6002323851548165,-0.023036436022944324,0.5583269628300522,0.3986839921119527,0.0043338280663144605
2000-11-14,0.5746745352396304,0.18687054437897546,0.5034651647362501,0.4523436910192713,0.09472065894677248
2000-11-15,0.6045962741189425,0.20785677828080665,0.42925299004280953,0.374606252491258,0.059986744467554844
2000-11-16,0.6171054102322429,0.12535661572413437,0.5293841524644156,0.37037371712397715,0.028131488602787913
2000-11-17,0.5786188038300972,-0.24371474230335616,0.43662699569785807,0.43985208248164276,0.06577495052263514
2000-11-20,0.5524268515348805,0.29441369520240884,0.4592626580192689,0.41422863929208653,0.008498577559196007
2000-11-21,0.5841446102189614,-0.19612283747749215,0.4988367681928872,0.3355124233154858,0.05977633330596106
2000-11-22,0.5581637292891816,0.0931671743267372,0.53580550511287,0.2867539745973447,0.07129947867517712
2000-11-24,0.5411166996252743,0.10115156331388915,0.48355486406144876,0.5355029318234191,0.04685235219697014
2000-11-27,0.6090070698754942,-0.0031813352548276785,0.4173320745607454,0.4352788773916637,0.011401610183724388
2000-11-28,0.5419604426685121,-0.43519496389088685,0.521019238803895,0.34115193120921083,0.0021015177149123934
2000-11-29,0.7057038597614076,-0.26661824020826097,0.46571216491566164,0.41673410184450355,0.06953056545958923
2000-11-30,0.5664161862726232,0.27661938066028763,0.4715705294161545,0.4461082127408953,0.0889233535724185
2000-12-01,0.6578823834432066,0.03546536270197925,0.5704674118598902,0.3174549274250108,0.07525348083799713
2000-12-04,0.5866814343020995,0.05973887950746905,0.4762022054017178,0.3400252583439654,0.08640681988015486
2000-12-05,0.5605064698384705,0.09692728880693098,0.5509639040316785,0.429608568141984,0.07172634484924768
2000-12-06,0.5088059220232382,0.05150800424212372,0.503098774855742,0.3194559855955369,0.03206360993046359
2000-12-07,0.6571860995647015,-0.02596070951318561,0.6005617063391752,0.43022146704125314,0.04459682791672906
2000-12-08,0.547355940769618,0.3567706996325599,0.5112832528615059,0.30994028441679644,0.05952854366424396
2000-12-11,0.6233210574616872,-0.2494603562002202,0.4568289867466197,0.370299906178487,0.03206939889849299
2000-12-12,0.6081929587022581,0.1487078167283575,0.5058169253982528,0.5344869402483051,0.08478141269138481
2000-12-13,0.7058038781391449,0.2299930927659863,0.5079761157689342,0.46533089878724254,0.05026783313965858
2000-12-14,0.5655232812833004,-0.037498580176985395,0.6197135878726343,0.33388217119988267,0.0905493349101861
2000-12-15,0.5716817963201054,0.2794541551655824,0.45249537058100986,0.26018928732398705,0.07680765371259204
2000-12-18,0.5664331868825084,0.0866735689419359,0.49139159750951084,0.6218452448668379,0.08294407168389356
2000-12-19,0.6142855076452666,-0.005885808171696693,0.46557028057051963,0.35376899428728825,0.07073709743748445
2000-12-20,0.4818729336294224,0.1609298754021345,0.4991995518556209,0.37483402646866915,0.09197477500666068
2000-12-21,0.6714510507672434,-0.23927798699247813,0.524797214280868,0.5196375546304176,0.0039515898206677336
2000-12-22,0.6088137161813538,-0.017571376562255457,0.4858490413786034,0.35755500901852,0.06037930137731665
2000-12-26,0.49073492394777474,0.029126399118060416,0.46019208921770544,0.3843262749312244,0.029206747520574686
2000-12-27,0.5228273075922183,0.24691741571196532,0.5540098633569018,0.3910513794527768,0.030348334493403042
2000-12-28,0.6023681689158857,0.03171546717954377,0.5900794189712442,0.305721957933735,0.012045889919697995
2000-12-29,0.6714319723930638,0.11165687272494305,0.6147735713098282,0.4997376080890957,0.01866944386575167
2001-01-02,0.6048843254358678,-0.23712327532419272,0.5796337838541049,0.39238945411536774,0.08898724088570904
2001-01-03,0.6299130631016809,-0.2218779196298956,0.538515668878315,0.30170138331729524,0.00712723325701049
2001-01-04,0.7155079472353892,-0.1607413747660672,0.4768080262662521,0.46440389944487026,0.0033349497160940047
2001-01-05,0.5918150561081577,0.14370123859355133,0.5451809624217755,0.4018644481344573,0.07782569279569554
2001-01-08,0.6519285870199945,-0.1838602036275483,0.6320408632498096,0.4325281237489639,0.06115966705232115
2001-01-09,0.542087119842267,0.1798083210242118,0.5573447570212667,0.48214173130111465,0.09170510352851556
2001-01-10,0.6271314182925325,0.017794415673133692,0.5218734532830959,0.33491587078294854,0.010349614705676625
2001-01-11,0.5922112843383961,-0.0483674034170845,0.4991782861066482,0.38130645767728616,0.09519019830795034
2001-01-12,0.49985081531820386,-0.00986065527376725,0.5874741289427383,0.20074480236591014,0.08668736909403088
2001-01-16,0.585211986646399,-0.03568137744331925,0.582202716997089,0.3785798571510798,0.07025997134130117
2001-01-17,0.6357465853566879,0.25595338054663375,0.5603451190127346,0.5244145103915864,0.03169026597229581
2001-01-18,0.6647597698383131,0.18245712236954148,0.48163570161056424,0.35334180089025824,0.09299380322771372
2001-01-19,0.6410454795480937,-0.05637100539673806,0.6816679804878806,0.30229829928440666,0.004872213410892079
2001-01-22,0.570084946556345,-0.18548659650760707,0.5121547648466451,0.3286021460065985,0.01468168402478607
2001-01-23,0.60214885345333,0.16756962866370348,0.5341374511062097,0.45087235931152464,0.004735205975878643
2001-01-24,0.6166403776152933,0.27937351617575973,0.5332357564802617,0.2710856990631414,0.020938499691853008
2001-01-25,0.6191786768950667,-0.016274699881865563,0.6001648151740172,0.44963455313363304,0.09440611091467788
2001-01-26,0.6212860064485275,-0.12144370266511598,0.5738124758569092,0.39880248819859737,0.01152768860787078
2001-01-29,0.681001341125061,0.2872164433230815,0.5443247299319852,0.3827425953726275,0.07273986844582035
2001-01-30,0.578537967494953,-0.01207666379365794,0.5627211337577515,0.5207696376864528,0.029540258673813415
2001-01-31,0.6038420080030171,0.5486113932354342,0.5589851588058388,0.20597736739300823,0.00015355110177094346
2001-02-01,0.5584565281316703,0.10871226467731974,0.5512623586275903,0.3814526354074733,0.0036363896689676546
2001-02-02,0.538286783788895,-0.2297305697272034,0.5969180512000705,0.6006218107404091,0.08286863762125374
2001-02-05,0.6345884315188266,-0.06492616431433142,0.61234166677352,0.41188523068814964,0.005829651896334276
2001-02-06,0.5528405283262526,0.21114675562092847,0.6283162117867243,0.4485577953500245,0.09813958623315346
2001-02-07,0.6456232034374758,-0.07688408355207632,0.5940998872653169,0.29179809262542844,0.0020357480790168417
2001-02-08,0.5518603710531612,0.011935018615049413,0.5847518927258321,0.4805722919270544,0.030901529477070713
2001-02-09,0.6445589774763751,-0.09041382013455851,0.5750319039555549,0.3067756135555374,0.03386440228037516
2001-02-12,0.6257194510605473,-0.07411077239495854,0.5070131905661496,0.5517020074158914,0.0373369429128557
2001-02-13,0.7863222190185478,0.11151426567616773,0.6009041644316021,0.17963426513952588,0.05032083343902308
2001-02-14,0.645119635748568,-0.10766042184269578,0.5554546715501756,0.426699013060225,0.002761051878876775
2001-02-15,0.5498724901202573,0.4919099431468566,0.68178022238886,0.43671933579936567,0.0686093208472517
2001-02-16,0.5348782709060912,0.06568445584629647,0.5830584496311698,0.36531869091175606,0.09353891726823577
2001-02-20,0.6418252705092412,-0.02134330368489371,0.6449760475413762,0.2820199816207913,0.08342499832585791
2001-02-21,0.6298679891472994,-0.14315205547460638,0.5955861500414327,0.543713045640971,0.033356878791747716
2001-02-22,0.5876686289829,0.34036906864794836,0.5544212624459638,0.28098036265065107,0.09226432419713743
2001-02-23,0.6486765739711924,0.05311070347354007,0.5628955693988622,0.451604002189164,0.03183509309103957
2001-02-26,0.5047519777124397,-0.17011883074118678,0.5584742534553429,0.3843752966415231,0.08384942568297635
2001-02-27,0.6238090156744568,-0.2661473642496465,0.679667590350241,0.323211325590275,0.07544352725493533
2001-02-28,0.7338260843474104,-0.12357824380845116,0.5914324496374118,0.2899663267099185,0.09564929805996902
2001-03-01,0.5540386356418135,0.1215490000208621,0.4953743368517184,0.5038339497484614,0.02510689566104013
2001-03-02,0.5836016141521274,-0.139029132645153,0.6115568087359188,0.4867827567693815,0.056673405050082
2001-03-05,0.6408724630743656,-0.24171418871721692,0.5519817113572512,0.49554284361770135,0.04873336388239261
2001-03-06,0.629965291272579,-0.0041804005650542255,0.5756827496311411,0.2945243154690228,0.00933987135204375
2001-03-07,0.6985678405977054,0.35384566825903235,0.6113015107913505,0.5302099469933754,0.008438014024934937
2001-03-08,0.6434681598291037,-0.4315775001606338,0.5576624715489286,0.32062899879838674,0.06908760500936037
2001-03-09,0.6218606257458614,0.28526756908335943,0.5063061148172557,0.35466279479777907,0.01696802010323596
2001-03-12,0.6465273760107819,0.30688590452869297,0.6590118707874297,0.4893685903881676,0.06610221186858513
2001-03-13,0.5522845180406056,0.026850030851063623,0.631202534028902,0.34815977691367184,0.04652760180316763
2001-03-14,0.6314763125210842,-0.009529382858883986,0.6454015930366002,0.518406208375398,0.024265024941640647
2001-03-15,0.6109211172007942,0.06375390773534877,0.6390658873647235,0.30940285000262524,0.017955002190867052
2001-03-16,0.6403124614208114,0.0681178637591042,0.617530718272849,0.2827888385499157,0.04324240105167625
2001-03-19,0.5968524523098742,0.09015263858351365,0.5643764101284091,0.3547935842437543,0.009764298590023014
2001-03-20,0.6346747924017486,-0.11289566417057405,0.6162627842051253,0.4964786939790387,0.0765389095618016
2001-03-21,0.6855872258453093,0.03841642026485306,0.6168950194132564,0.3551807176687778,0.046880863833430514
2001-03-22,0.6411903982354259,-0.5282295060539688,0.5708207282366425,0.34479536795523213,0.08522259461854453
2001-03-23,0.6074832028031036,0.004749257868304789,0.624010190100536,0.36298633626863613,0.05245081911790475
2001-03-26,0.5812797358573812,0.008130507590760382,0.5809437402008281,0.2784981657740001,0.07688259792010484
2001-03-27,0.5610652601317843,0.10472817235927637,0.6154942016750433,0.44562552055794824,0.07618903978715319
2001-03-28,0.5530898581230719,-0.40833643111910284,0.5748387165034919,0.4606857167626301,0.01473512222100566
2001-03-29,0.6967843843189447,-0.09181373196050945,0.5628864742364633,0.4041402477539332,0.004471814934883867
2001-03-30,0.5691326986576609,0.26413500868223555,0.5770619493644717,0.5004556488453993,0.009373836598286
2001-04-02,0.6910610946279099,0.03465100701298435,0.5211490603338896,0.35435289751373955,0.02035360366056388
2001-04-03,0.5879273424692624,0.3651098201833313,0.655334301334795,0.29911339540482484,0.03042385361206207
2001-04-04,0.6258318083874483,-0.1644741740034309,0.5806029124286113,0.2361485467205369,0.05052397037616925
2001-04-05,0.6422127081860565,0.351187555397389,0.6756155860249002,0.3007127328379806,0.06431928356603193
2001-04-06,0.6324353204688713,-0.13810867343573002,0.5586793911255862,0.3775246892606292,0.04423247197711721
2001-04-09,0.5345448448589832,0.4159409231197983,0.5176763505055446,0.4250271430543742,0.09189047082097875
2001-04-10,0.6847307921951356,0.019474600575931963,0.619781167895466,0.4662878459997921,0.06558095041978594
2001-04-11,0.6261409022145934,0.5566115057841191,0.6442655579958159,0.41014317403369327,0.020672749939853876
2001-04-12,0.5897201883343629,0.02948162781627391,0.6157163663080762,0.42864773293477815,0.05736793992152281
2001-04-16,0.6512854213539377,-0.0003137211990958172,0.6998230200623606,0.2882618787720618,0.07558305668770088
2001-04-17,0.5705120864605215,0.3515360961851665,0.49574073494281523,0.6327244150592539,0.017808669657984454
2001-04-18,0.5566118602293043,-0.29131975153385337,0.5875953697917595,0.39833547322487306,0.09194932625423986
2001-04-19,0.5494367782475692,-0.1507719751450661,0.5384642049205486,0.344776248278395,0.02422687968289744
2001-04-20,0.6404229897057375,-0.17817269856282555,0.5577702516746539,0.540902565731473,0.014149323369567002
2001-04-23,0.5448142710998751,-0.018376026042756108,0.6695733450416324,0.46959749996805794,0.04591664583013788
2001-04-24,0.6666525806946524,0.22817731904167077,0.6768714886744852,0.349303138698943,0.06769779431490874
2001-04-25,0.6299283100556314,-0.15943364753890257,0.5994994170483737,0.30689073852100274,0.004888380907880941
2001-04-26,0.6185393866690391,-0.3809468802251894,0.6585516316386454,0.28199779652690804,0.0865864187584155
2001-04-27,0.5856001721422573,0.23491285844329024,0.6343208477050586,0.24756157514519705,0.04776621028726326
2001-04-30,0.5953171820153665,0.01985812514452142,0.7077643261000996,0.4347047404259332,0.06050630378525499
2001-05-01,0.5745446215259188,-0.28559950258416117,0.6219359555658386,0.4634912517131865,0.044555631548923225
2001-05-02,0.6167166084026315,0.0037266753683031155,0.5184408097244959,0.18326887496776717,0.05926049601403205
2001-05-03,0.6857865610123517,0.27324395451839106,0.5612135135923323,0.3402033966072126,0.02571387328541849
2001-05-04,0.569844151301557,0.06907879385861762,0.5683099662182681,0.4288464692920866,0.027801824679221678
2001-05-07,0.6430493925203974,0.15262051670575388,0.5987020731387614,0.33742954445212076,0.05763224042257662
2001-05-08,0.5961754682077838,-0.1692734583178428,0.6292908815629282,0.39140315025174255,0.004481221577566375
2001-05-09,0.6692709072577302,0.23337158608675623,0.6252926273522518,0.48643926843174995,0.033889387002518714
2001-05-10,0.5545481016696321,-0.2447704509509797,0.5505567569772745,0.17278794936861086,0.03383294598224595
2001-05-11,0.6592288519380933,0.13083284599812248,0.6574351318429379,0.30568929760129226,0.03738363990937065
2001-05-14,0.6132696288153107,-0.014635503443738311,0.5454183299211115,0.21926862625310165,0.008947396093726745
2001-05-15,0.6348770285470422,0.08377360954411338,0.6064222710990319,0.5544431360728581,0.007477067630616186
2001-05-16,0.5531870083609852,0.08086058954017271,0.6174369761221614,0.4840047407004072,0.02775009838738468
2001-05-17,0.6207115428565261,0.42831901866455974,0.5283302672161942,0.354284728095461,0.0041756631062973
2001-05-18,0.5530053511004205,-0.17887637635926223,0.6812435707519491,0.35205407030101155,0.06039702280531084
2001-05-21,0.5448575298333131,-0.028886316813766813,0.617511605206427,0.5197750838652215,0.051615459961899174
2001-05-22,0.5825545742854006,-0.09616520636434897,0.6543326049224345,0.27078439993056347,0.04526291053966356
2001-05-23,0.5539991972346691,0.2622521160000226,0.5497532709795057,0.40016081690834676,0.07517518063308597
2001-05-24,0.7021245140971376,-0.40438060837608236,0.5198144844106363,0.3712833746482299,0.012229899292670321
2001-05-25,0.5613082589398946,0.2741196642592127,0.5363682305928589,0.5357627768679485,0.07426913646556252
2001-05-29,0.5865951128575142,-0.14103850486687636,0.5675892208813742,0.28467992256543995,0.08044727864925144
2001-05-30,0.678835531894333,-0.23965656936985638,0.5437894474922761,0.3902311069438543,0.08878811555545796
2001-05-31,0.6127083315164824,0.0023970586215774884,0.6182860586355989,0.4643420260085737,0.09717830280384696
2001-06-01,0.6817930574159101,0.0918325862401648,0.5721965756312377,0.5627068006115274,0.014581770541545136
2001-06-04,0.5802247367986859,0.12994678546856622,0.637886360201798,0.34515234677384,0.023594657165504254
2001-06-05,0.6627903423386055,-0.1092306704896275,0.6210926095397716,0.49432482117886856,0.020923351753684795
2001-06-06,0.6334767416975181,-0.06350308296088752,0.4676539039051527,0.47294315557608346,0.08663170642729037
2001-06-07,0.6830107520178915,0.2712829275250958,0.619588986157092,0.4379198372943671,0.09504527625371074
2001-06-08,0.654865003134099,0.08761240709153306,0.6729998203020584,0.43882025984190914,0.06967684450689725
2001-06-11,0.5855813111061471,-0.22453073700721105,0.6186331570733836,0.34994784768467535,0.09891705964767167
2001-06-12,0.5928865067159542,-0.01575691822240519,0.5413648946657404,0.3597568091522179,0.070505088341604
2001-06-13,0.6385063027762214,0.26085941174303523,0.6362138955567171,0.4396381954517985,0.01920470238204247
2001-06-14,0.6321726299764893,0.14027174536149903,0.5885308035672616,0.5521253860522668,0.011574778226443351
2001-06-15,0.6506262802629319,0.18887878089085092,0.6154678527790602,0.39147545745776874,0.04285279988622484
2001-06-18,0.6251909140436299,0.05081640052086735,0.5198454629274031,0.38932500396585135,0.07017375871584557
2001-06-19,0.7404472141115988,0.425573144084457,0.5585005789821316,0.408234789188832,0.05749892063191218
2001-06-20,0.6496757329114399,0.07064595883609252,0.6881390830648406,0.38678313216035,0.09425120288153294
2001-06-21,0.6282027831238407,-0.1688717264354714,0.5148196520101197,0.48566719032289724,0.026461866525321422
2001-06-22,0.6703252774442994,-0.02449431995671314,0.5249755089623445,0.4852094521883908,0.05947012302332008
2001-06-25,0.567013997896937,-0.11557557430237447,0.5763975756525885,0.3652297793521133,0.05833510516387938
2001-06-26,0.49905470138565133,0.09383373707965159,0.4897812399258077,0.2679342375364851,0.05366471406476325
2001-06-27,0.6336568164946743,-0.20575304396000088,0.5476675863350424,0.4965410160445921,0.07970543460529854
2001-06-28,0.5648830691831367,-0.09685407880766246,0.5137956758943975,0.4810769286932698,0.05088082752325488
2001-06-29,0.5217949333444302,0.16561624579703238,0.5368138701442693,0.45938877698121805,0.007981310791046182
2001-07-02,0.6222262479304623,-0.49607228420300253,0.5645154939120057,0.35536295222527553,0.056223571536337724
2001-07-03,0.5757752953294522,-0.05067652882251683,0.6360299929993534,0.23616357281570477,0.004200894384667953
2001-07-05,0.5988595768846546,-0.04677008030227975,0.5481095190309941,0.4056917624576986,0.028802701557252175
2001-07-06,0.5414400345589029,-0.05502807272436016,0.5517940516494744,0.35585431155544284,0.061711921068782816
2001-07-09,0.5809542667801929,-0.41314363787752284,0.6553395350205499,0.5186848992442504,0.0556324730418878
2001-07-10,0.6577733325506008,-0.17957838797701836,0.6112055320329189,0.5102630692495085,0.0039837597042227555
2001-07-11,0.6161939183500532,-0.01119883740980041,0.6336844386104892,0.4906349189009087,0.055878073224392845
2001-07-12,0.5733594759273947,-0.0004836025091033365,0.5113360772788266,0.4326829129875434,0.037873190855052585
2001-07-13,0.5739267933918235,-0.03780801982726792,0.5874327151760205,0.4471995683557185,0.009029642418036643
2001-07-16,0.5570557295016503,-0.19854656874023158,0.5223769114054005,0.3738717440010504,0.09521566258479394
2001-07-17,0.5551738835480807,-0.2882457543148013,0.5379816723136376,0.28968847901558387,0.06110488309678416
2001-07-18,0.5831341921214868,0.03025164654442308,0.581976089476049,0.5023539544603988,0.01960674864846609
2001-07-19,0.5711800984708519,0.15688973116611066,0.5586406927480433,0.42716587282258084,0.01297888152670549
2001-07-20,0.6625075007817307,-0.2500695975889884,0.5587605364037254,0.2525442888985542,0.004742657288142516
2001-07-23,0.6350624132269816,0.39967935051431336,0.4612184063988498,0.40177309666847616,0.0882914984252859
2001-07-24,0.625187474676755,0.3029520199858446,0.5633947420396239,0.5641000543281943,0.07961792952290717
2001-07-25,0.5798896444090401,0.1554853560223784,0.5299680915479428,0.36712147449102495,0.06538678295353735
2001-07-26,0.6090922476402968,-0.08398754769364791,0.5584261350550591,0.6627791110344148,0.012718390973259398
2001-07-27,0.6749283081225265,0.3314127965174087,0.6009575478114785,0.4575108367654076,0.09520219505953104
2001-07-30,0.5486360744266436,0.3336824907352085,0.4833471847205489,0.32046420307463036,0.06723996984839677
2001-07-31,0.5359460520556787,-0.08178999651705093,0.48859750372500216,0.33959143567306643,0.05208478126621564
2001-08-01,0.5497649588708792,-0.03816795407791459,0.3817038037263933,0.3948540490148322,0.016275765447434833
2001-08-02,0.6659023342625964,-0.050863979312227796,0.6034443554945393,0.2532561243730117,0.0035682127506576067
2001-08-03,0.665352867935628,0.12943091455742603,0.5549970048286306,0.3178428184453567,0.09142978180252875
2001-08-06,0.4735384072618054,0.11482640997121601,0.44608225172272015,0.34063937463422017,0.004728945372287696
2001-08-07,0.6063660578170212,0.22391993276742606,0.4899814985131216,0.5069193686015727,0.026289529468367035
2001-08-08,0.5337512291704097,0.21406357909199497,0.47033312567359675,0.4935131080519824,0.04290705196546063
2001-08-09,0.5080396428953459,0.24295393559174056,0.5538484298564844,0.42455930001928965,0.08620244728216038
2001-08-10,0.5374839244120844,0.09155508500858053,0.4955446998293224,0.37658945816217293,0.010005437502507753
2001-08-13,0.610038979552868,0.06033945176794229,0.47127723045570824,0.6867511624949312,0.04796745535057051
2001-08-14,0.6455592340619171,0.004009030555191767,0.5226597681675423,0.5126151451217695,0.021890161836456548
2001-08-15,0.6160276834758892,0.16594667379211306,0.5886661329371237,0.46440528650306656,0.04275814636883455
2001-08-16,0.5710252739114319,0.04734284438699267,0.48820985057198324,0.34955749458729335,0.039225858391820106
2001-08-17,0.6641333598323359,-0.10152422186996489,0.5139791655495781,0.11811365426092629,0.0037756336416077453
2001-08-20,0.5889389216522717,-0.05209388951838748,0.4847597494411743,0.33743472256638335,0.042366954262987325
2001-08-21,0.6481529727174877,-0.08475861648025043,0.4223529365688976,0.4058971037116793,0.0608312485243936
2001-08-22,0.6068162489392424,-0.1424908378518606,0.5074077864640038,0.36346791473872586,0.047605217494915454
2001-08-23,0.5899508277362893,0.049325659281429866,0.5405686252107317,0.35684993726652187,0.04716280847050117
2001-08-24,0.6593729791231876,-0.34667112417393503,0.5095975830205355,0.32370289578341427,0.04417064112019403
2001-08-27,0.6590830766155681,0.0620605008246492,0.544180669293074,0.4195960358837155,0.012263013727055029
2001-08-28,0.6914807140592194,0.029407102498456357,0.5266700766438642,0.3356389399490469,0.04534759410219541
2001-08-29,0.6161352282146396,-0.09799586648197993,0.519789459315061,0.4492361481386194,0.09486943133944825
2001-08-30,0.5247944257259868,0.36121937753633887,0.4518915439623974,0.48836684278652365,0.08030964037278679
2001-08-31,0.5304204419574201,-0.0320215008328383,0.5819173756999664,0.42018049711560457,0.04514634651420392
2001-09-04,0.4979575291306632,0.14902110800574483,0.4380131757969288,0.4413526927485821,0.05209156619156172
2001-09-05,0.570967929500757,0.06291068455680875,0.48823662459094863,0.27793560805497575,0.016364321155750094
2001-09-06,0.5969194391099494,-0.0757879241273624,0.5350473867174944,0.5287927856681135,0.003999604508734578
2001-09-07,0.5654838727779904,0.25665953700504934,0.43875203235506477,0.5506461678485847,0.09923176298276495
2001-09-10,0.575690751071548,-0.1124043556457043,0.42938314976985414,0.6099434523736105,0.00471527563263301
2001-09-17,0.6564466438725189,0.04998468374057099,0.4839062173892564,0.4387157864442066,0.05788621774572794
2001-09-18,0.5804024552325978,0.010782674543545047,0.38286036650912525,0.4226444221400043,0.00217031549938268
2001-09-19,0.5437036967687601,0.028181802163480953,0.5399855171418756,0.4318054576688539,0.053899768541013617
2001-09-20,0.6671300003147165,-0.10404395733259796,0.44223584832677365,0.37335784210377143,0.032011501530343926
2001-09-21,0.6508716071243753,-0.0008350483459349105,0.46085616310183003,0.2811202548409557,0.08495803203424106
2001-09-24,0.6949172064551217,0.03678800854216553,0.5506822658163097,0.45940681141826517,0.05636063131305931
2001-09-25,0.5941368198301686,-0.20822106453175748,0.36093070287703066,0.5187991676446653,0.09358747524607204
2001-09-26,0.704849523033202,-0.1632142986650588,0.5145368092570148,0.4394292880541639,0.001196504121541564
2001-09-27,0.6185576321974919,0.07266281900825554,0.5108054339217512,0.36929964291019596,0.0017932424766327949
2001-09-28,0.5689587149447257,-0.17537870266960684,0.5422480409051157,0.40948913884616966,0.04040842283836896
2001-10-01,0.5515666287838301,0.09550420309319979,0.499813610542314,0.4148283757659065,0.07007698682283758
2001-10-02,0.5605329165617565,-0.024488658543691505,0.5037352234965562,0.3339582255176549,0.026848733617942922
2001-10-03,0.6581331364539229,-0.27817383707408216,0.5449298321248438,0.40145732162604847,0.08687231790739891
2001-10-04,0.49901414488979823,0.20386160297633818,0.4341247481670413,0.28231882819170073,0.03759957935248827
2001-10-05,0.5264385348742862,0.21961245046175862,0.49390452714739136,0.34777948020345495,0.00786590961674164
2001-10-08,0.6606983952070915,-0.28394926795139236,0.5380507395300114,0.35351269467970386,0.009362520040661048
2001-10-09,0.5487841568927165,0.14575919979852353,0.536162688155679,0.48218806384085994,0.05358804748087595
2001-10-10,0.5532126043228949,0.03500782625306922,0.5023479782173902,0.45740316896688366,0.07681181728044789
2001-10-11,0.5730021863882574,-0.031198838946124238,0.465431156855479,0.6032383295306265,0.08951688070986467
2001-10-12,0.6850276755606269,-0.00616734414496742,0.533420624343213,0.49733980205865747,0.09432006828347479
2001-10-15,0.6755634698727639,-0.17777940682820387,0.536774311577316,0.29552789284257724,0.07915597614394874
2001-10-16,0.6515489777844987,0.02218667567461821,0.5358835010422729,0.5282649421834549,0.0021123215102780146
2001-10-17,0.6870267617217259,-0.35031376166806105,0.46912970964126105,0.44552048906874075,0.07041082657250991
2001-10-18,0.5981227689067903,-0.0855072710621816,0.47759306179175426,0.4712956991531634,0.059363003183564425
2001-10-19,0.6158085612036467,0.045121137133072184,0.5132191067109142,0.27967837540865687,0.09393501131953866
2001-10-22,0.6500029512265276,-0.46801765020727937,0.5437049899585954,0.41584688924228097,0.08218277559518637
2001-10-23,0.6564754736996493,-0.20782990265666174,0.5628963926841107,0.4341092485391206,0.028917221460395437
2001-10-24,0.7247804362630107,-0.18539406906646405,0.48869319794684224,0.327156935559564,0.07238665291054934
2001-10-25,0.6050008861573204,0.27942338507270786,0.40997254206575595,0.2531576243056439,0.04064911207362862
2001-10-26,0.6002817915522813,0.10060701415856027,0.5177651303009208,0.5437267355498652,0.037864962799531665
2001-10-29,0.603150668263337,-0.17963985715537106,0.5029383171205408,0.2955411710985121,0.08418991313111159
2001-10-30,0.6294847399433452,0.05184635377032429,0.5844256290918509,0.3802755394531681,0.06758373537781596
2001-10-31,0.599657107899528,0.1946617004958679,0.4858918371005772,0.4575422935998607,0.09868343808330264
2001-11-01,0.5484870706379715,0.5074765392932118,0.5116836725789216,0.4361765090167584,0.08776869309863904
2001-11-02,0.5589580166649672,-0.15476760021245,0.5316414875685042,0.5502032210858621,0.08616023258392662
2001-11-05,0.6640871125624532,0.009009643381681136,0.40183504257984226,0.5086771115228091,0.048557290649429534
2001-11-06,0.5797738108135091,-0.0020244955230656193,0.4935878185791065,0.5671614458211526,0.006390270444100088
2001-11-07,0.6287650540212955,0.10761524730675878,0.46956484606448895,0.6011813027564644,0.05172177455217336
2001-11-08,0.6846761822781025,0.5671142827090877,0.45196185213363055,0.3652674470461822,0.09361268807814177
2001-11-09,0.6173363107489813,0.25496112952240885,0.3851290191458695,0.3809943954084416,0.053204065509854015
2001-11-12,0.7087397332468877,0.04503328772647688,0.4601189190964188,0.3762169131987957,0.05479170094012345
2001-11-13,0.6248000974328866,0.30171476454944696,0.5174600684388854,0.559131401319366,0.08048220988588096
2001-11-14,0.527150039436429,0.05956801760080811,0.5810007315230612,0.45595264497110743,0.018269894395720188
2001-11-15,0.5753771160986918,-0.2934064710306913,0.5228201606832982,0.29697383580063397,0.09478926340682307
2001-11-16,0.5975567096650355,-0.009149930539321427,0.4797820527381138,0.41672041518208036,0.054528332953637196
2001-11-19,0.541897038593402,0.18227577471697876,0.5401075697806965,0.1294636339414954,0.06272299579520715
2001-11-20,0.6359892577530591,-0.34835279551947385,0.5069898942454377,0.49010621959718775,0.028298945719883596
2001-11-21,0.6007584857814643,-0.05031763341223669,0.49962989365358945,0.2907956188686357,0.03174484261469823
2001-11-23,0.5662296576720851,-0.06369715863360234,0.5335105501553836,0.3375325993202054,0.08783926946198257
2001-11-26,0.6562522157612967,-0.07869312967268936,0.5495796827034326,0.3375997074566799,0.0006623792816478069
2001-11-27,0.6077163524712367,-0.20672160860224495,0.4667555779344693,0.4934513255366534,0.007002992063119474
2001-11-28,0.6217407626662577,0.05828164715915292,0.4952544946562582,0.3959435246881695,0.06544853855345752
2001-11-29,0.651441860510471,0.00034495531809804566,0.5793905953295359,0.38452205760314034,0.0934562244746875
2001-11-30,0.5447077508450642,-0.08467783591242516,0.48112146461088573,0.5098293773760408,0.07736796797064588
2001-12-03,0.6465386741749243,0.29372464498175355,0.5098366558614811,0.24934942580608682,0.055608205434013104
2001-12-04,0.6461280481153784,-0.05920532751324184,0.5004871896137149,0.23397628898128386,0.051862449746023775
2001-12-05,0.6773239034812049,-0.009698477497848556,0.481058948991981,0.36857583235271485,0.07127119729031849
2001-12-06,0.6277987670615287,0.20839511940195374,0.5009447102284257,0.44459691385864153,0.010907515906743338
2001-12-07,0.6279419004378527,-0.009913388230370367,0.4891089481944465,0.33919169661614057,0.05381765116150823
2001-12-10,0.6255499426171479,0.1459143935963722,0.5868385033272456,0.3832886053373824,0.0124975059335951
2001-12-11,0.594497987215502,-0.19392889057970297,0.4749856754513221,0.471165472263695,0.017381662005442212
2001-12-12,0.6210913948305391,-0.19433344994064253,0.5452271207908745,0.4121729800166489,0.0766379054535271
2001-12-13,0.5970882250895058,-0.09167835271219295,0.5708810315910879,0.4141048480745157,0.03943117503704094
2001-12-14,0.6718511605304158,0.18136032308194797,0.5524252814883117,0.30972291593198215,0.045518034042904325
2001-12-17,0.6020845646366632,-0.05490459677946999,0.6370960229036611,0.3739542674751741,0.038775609768197286
2001-12-18,0.7061474105798345,-0.048924142249374636,0.5526366143150215,0.4550951677424947,0.02337013959708636
2001-12-19,0.6534279123204093,0.17233019778444267,0.5319634669813588,0.3047173853740712,0.0978056896489351
2001-12-20,0.6384849127209298,-0.1754972070969105,0.5817981712230044,0.5121898047422355,0.002348680276048132
2001-12-21,0.5839738893173371,0.10995044534517665,0.5208204357669421,0.37738907312597075,0.02817566546892344
2001-12-24,0.6591830666736578,0.06340961837696778,0.5415882884269857,0.5914588672494288,0.04839302492689157
2001-12-26,0.6350603828626681,-0.5194364906103126,0.566009532732512,0.5761059825928914,0.0993315200401414
2001-12-27,0.6580655398411617,0.07576411871941835,0.5430379874126432,0.4984492503308334,0.000593130270490272
2001-12-28,0.6397874165859246,-0.0015312581133703062,0.5515638723493761,0.52303540858636,0.0087271932044805
2001-12-31,0.6403217740980351,0.09398728393927727,0.5061720116666765,0.4165410693073128,0.03770453335866308
2002-01-02,0.5533428168008405,-0.2879845245733807,0.5975637550117904,0.34960296453566087,0.08617867046605814
2002-01-03,0.6456380006373699,-0.10678850081552792,0.4931076034655415,0.43522201476084044,0.08982771255689681
2002-01-04,0.650695145467261,-0.2441802084494493,0.5614247258116306,0.38254109611818243,0.01701022172419959
2002-01-07,0.6497069122656481,-0.15092097154792417,0.5859515455305918,0.31677994569343465,0.03400840942114285
2002-01-08,0.4476436163503449,0.28563876538455313,0.5966965502333039,0.3741194129854383,0.01097551294161514
2002-01-09,0.6998498082241488,0.05452310076851438,0.5030943367707126,0.3667510664116338,0.02185937116521367
2002-01-10,0.5547515030717258,0.3962338526023224,0.480634163440677,0.3203779062248033,0.03765935956202704
2002-01-11,0.48971748726991104,-0.1288998812605738,0.5149808335714041,0.5151211588893259,0.09821802536363154
2002-01-14,0.6409163660424702,0.07074892696976644,0.6689510852015345,0.3442278232174403,0.05489181161834903
2002-01-15,0.5321131632503244,-0.2815988918809768,0.4911050773126547,0.34718592836792117,0.05852741118874122
2002-01-16,0.6107553585534818,-0.5184145239107986,0.5947168680427197,0.34658491001510955,0.056228817977144754
2002-01-17,0.6215116949921706,-0.1505011212923021,0.5833032009589915,0.44121975354465043,0.02166713104026984
2002-01-18,0.6154307996717068,-0.27379626988539896,0.47754101278278316,0.2738016404809894,0.056341221786213896
2002-01-22,0.5680826150653645,-0.05807030742325883,0.579841081450188,0.2320930537315764,0.04805734011086496
2002-01-23,0.6126996558726909,0.050829906146357906,0.5701298755916386,0.2724759657898981,0.04324032317803905
2002-01-24,0.5918107417771248,0.09859212427161637,0.5996817730320964,0.44999784673184834,0.07322000066892774
2002-01-25,0.6172630536841298,-0.19033007935334756,0.5103668534765202,0.3954985518390213,0.05113148619351726
2002-01-28,0.6247120491177452,0.001726668046135475,0.5783118896908251,0.0991767374556507,0.02006347368883904
2002-01-29,0.5966054117920173,0.5674550787337012,0.5901582063178014,0.2714398946259111,0.08255701420761848
2002-01-30,0.7145585700837295,0.11541538801024272,0.5646251508858697,0.6291331419975166,0.06888085564778115
2002-01-31,0.6768393680545526,0.2143685574353282,0.5247287471488691,0.43840560207902785,0.06807431889636682
2002-02-01,0.5415820251618324,-0.07286521424892052,0.6766404084079211,0.497111048627604,0.06003127427901213
2002-02-04,0.6024006411594776,-0.07097378015405525,0.6036069396497991,0.42032804000626617,0.0828451956757485
2002-02-05,0.637611507838491,0.1428582678438038,0.5911908432364198,0.45888014409164,0.023962447265156218
2002-02-06,0.6262245740784226,-0.04145378726346749,0.47988338174681655,0.4125120185762982,0.0228419073469615
2002-02-07,0.6839548077012942,0.15381704365303941,0.5987618611683816,0.2900687109709886,0.04775004333311711
2002-02-08,0.6664100711875468,0.06454273251067955,0.5981620766414268,0.47184980581920954,0.08415211647192215
2002-02-11,0.6272691980491215,0.12670665300753647,0.5934434397770462,0.4098846506646667,0.04211194279160907
2002-02-12,0.5019433461458693,0.1473060036023619,0.6509314745393083,0.44695184149824607,0.00782312130887607
2002-02-13,0.585370862716832,-0.17412679797817124,0.5438967865942006,0.2744098709221611,0.08222631272447466
2002-02-14,0.6241630446672297,0.14377535031362398,0.6234535901497059,0.27298625340978366,0.0971121319402176
2002-02-15,0.6298346177338651,0.3253831931810067,0.5490760070237121,0.411260731489588,0.00479773136363294
2002-02-19,0.5486416612575584,-0.21186003417497476,0.6101132256241941,0.4948653888292627,0.005094185405182828
2002-02-20,0.584753108325223,-0.11651966111146204,0.6209449077090985,0.26727806119728503,0.006128543870578962
2002-02-21,0.5056249355880194,-0.16417156312134717,0.6049612142626548,0.27711407509364383,0.06389465582567921
2002-02-22,0.5893626429539965,-0.2706493077611158,0.5776330291425139,0.28245692405326367,0.040892536337542876
2002-02-25,0.6069505715261365,0.12068511768983488,0.6732241735798533,0.3549433737884258,0.010772241952792895
2002-02-26,0.5823216141547136,0.21630202854578606,0.6124195365392998,0.4308195974113284,0.0967416694844805
2002-02-27,0.698087490590075,0.049393542291703944,0.6024038529480477,0.4551644676396039,0.07339271338392789
2002-02-28,0.6528180412642076,0.027645329329722846,0.6066446059430054,0.4561203177632256,0.055818164551627
2002-03-01,0.6925248520623674,-0.12623227604978307,0.5799277712279169,0.3593377663196921,0.005146456216111351
2002-03-04,0.6856998345434328,-0.5338823195095845,0.5315700484591178,0.4685266932727943,0.07749034852096486
2002-03-05,0.6695747859457568,-0.08027141500143857,0.5961482371573179,0.35685760611117395,0.05301716299708237
2002-03-06,0.6066299788029066,0.41201816533578123,0.5919281657582902,0.57829119084108,0.08623471024540452
2002-03-07,0.6113688408795875,0.11837497104336694,0.5495914309010257,0.3208165180181762,0.0896650610195232
2002-03-08,0.5796763220270191,0.14632032329147038,0.5546107971477042,0.4444325661349784,0.08509000677069285
2002-03-11,0.727223221210454,-0.0502899859046191,0.5784317429319605,0.42322840998657796,0.04104657446912679
2002-03-12,0.6221526318033959,0.16802275990575488,0.6344979289607922,0.34790744189497524,0.01273730460355943
2002-03-13,0.6597277717088069,0.04823548159084598,0.5945070553214677,0.36951361372237607,0.018816939442592363
2002-03-14,0.5830397677038863,-0.14515433786379525,0.6715320460760229,0.3646715121192856,0.014418596421184994
2002-03-15,0.6154877512557758,-0.08668486141484344,0.591226516392392,0.45116613437630754,0.05825383875847957
2002-03-18,0.5769067946551757,0.02881019011260563,0.5866470780126427,0.49436724545056115,0.000668393921940591
2002-03-19,0.7112937861911925,-0.2215439203808256,0.5990334206665272,0.2349474837628972,0.016951558768266064
2002-03-20,0.6834248834606914,-0.15725417624821184,0.6353756068235433,0.4427561713315907,0.023964341056733562
2002-03-21,0.6302549600261836,-0.13311697189767988,0.6332970812396209,0.4099535523120558,0.09260392948372531
2002-03-22,0.5341376199397312,0.5397138106419371,0.6201506814775545,0.23076868035302356,0.0082734300049227
2002-03-25,0.582644390151401,0.09544012526935869,0.6517411377705291,0.41549882036928204,0.04356810201233289
2002-03-26,0.5895080537165549,-0.03212868134131512,0.5210066127660873,0.5937588807010195,0.0010129081648228566
2002-03-27,0.5754180361538044,-0.13544298950622133,0.5078547595651419,0.4096492492150867,0.05175407811245495
2002-03-28,0.5970119479668353,0.09946687195736303,0.6276355139087136,0.39709778766363923,0.016357521845084644
2002-04-01,0.6315671671888148,-0.24832921297724822,0.5987373246145307,0.3205503165712037,0.0030396544089237865
2002-04-02,0.6276791266466104,0.013891524066240344,0.5941474783446513,0.4248147345545872,0.027367704732879163
2002-04-03,0.5795822026637276,0.02176778606760664,0.6649102616886461,0.4027803131748983,0.027256052905985352
2002-04-04,0.5569352524136775,-0.17756429770104598,0.5550017214876204,0.38863050367998175,0.049417032658150145
2002-04-05,0.6394851473486283,0.24219323099949405,0.638700367380204,0.3169464713035683,0.05353666011584105
2002-04-08,0.5322239275775227,0.25423262451041423,0.528920241151356,0.4573875006384138,0.051198658532813
2002-04-09,0.5815302407672506,-0.006558825099107948,0.5656531156868743,0.4430451271515107,0.04205318841838131
2002-04-10,0.5747783770900804,0.39927059034279777,0.5748352170989207,0.5223301615174185,0.021009340743010474
2002-04-11,0.6537048596727314,-0.1053622566029972,0.6297561161002548,0.43880714621457667,0.011082107635885685
2002-04-12,0.5087542926641129,0.06962080873542445,0.5824722581403426,0.21162601072860854,0.09469033344808638
2002-04-15,0.6099185492905118,-0.1606483233393967,0.5524815922207873,0.3908969259264356,0.047618185263445634
2002-04-16,0.6548464007727043,-0.19084161876606995,0.6753477969981061,0.3421141416241923,0.012841512097054187
2002-04-17,0.6324009966808574,0.028804596163041055,0.6217739911005107,0.3905702990250986,0.09627453854281687
2002-04-18,0.6754094189615232,-0.00864348156938917,0.6518358743686047,0.5099047165745925,0.06884597961345261
2002-04-19,0.7727407224698232,0.019204373359677018,0.6502603013825147,0.5646542849964028,0.07734074503136325
2002-04-22,0.5592340048054559,0.14053022056273395,0.5863127781880894,0.3315251557985992,0.06130558723029128
2002-04-23,0.5912017738491376,-0.1836725163056891,0.6160104573380348,0.5822410087166721,0.03305899835250281
2002-04-24,0.603779754608411,0.26338878562798856,0.6114427066696319,0.32522746317955,0.0950546522608704
2002-04-25,0.6461444024372556,-0.24975687029084553,0.6298446592457868,0.5413342340796123,0.09591261744521944
2002-04-26,0.6822012007938618,-0.06596133959662513,0.6496998363215362,0.5933021046260565,0.0009580824654107701
2002-04-29,0.7091344902600974,0.017150533370059805,0.5836600682666826,0.3542535328964268,0.09853703379001733
2002-04-30,0.6557892260282826,0.0036820053705981038,0.5262090856010924,0.49251622728493666,0.07400306233455083
2002-05-01,0.6631070703260593,-0.35222365422688356,0.5852746003694272,0.2558392591649724,0.02291829287355689
2002-05-02,0.6422037836198907,0.14332043596469687,0.6214009919657786,0.39755800542480374,0.0356316771031991
2002-05-03,0.6319528619771655,0.10146976318940751,0.5629093046417182,0.4095994223908454,0.06158416354806209
2002-05-06,0.5519768008278602,0.24485219776153838,0.4890516530322056,0.41829327497232954,0.046624798788537404
2002-05-07,0.7090626143023904,0.02313071943769725,0.5336704721616369,0.15502614344990265,0.0952460073712236
2002-05-08,0.5322947567234629,0.4554077687769151,0.5342909245527482,0.3036522017407658,0.032222294888476534
2002-05-09,0.648355400857048,0.44753517913640545,0.57441247758363,0.4901939830319657,0.02817079906819461
2002-05-10,0.7457922374102792,-0.1818980783148964,0.5374262766224592,0.24116459095145137,0.09021468076087395
2002-05-13,0.6209041179227694,0.1162124473834692,0.5683961918038216,0.5349835423346321,0.02839135958768202
2002-05-14,0.5753306393121271,-0.3569903702783421,0.646920165239303,0.6122924641758523,0.07966524374234299
2002-05-15,0.5908578330386708,0.05191072777445317,0.5907719350638034,0.33915925781525696,0.0067904152468473145
2002-05-16,0.6690817963217013,0.20206982127976297,0.5394024274299665,0.32094020974723664,0.047915910484120916
2002-05-17,0.6000883178639428,-0.048442832363510394,0.6647580579218967,0.4361946658093207,0.011538728534692922
2002-05-20,0.6750266361276468,0.038127392221557865,0.6417474500358277,0.31640902210350685,0.03947020157490394
2002-05-21,0.6178443973589699,0.32305961219607626,0.5985327767205675,0.24881652957264982,0.08789801085885118
2002-05-22,0.6288292599390587,-0.17416008146775858,0.5682118005489627,0.28835736074337415,0.059582478192301294
2002-05-23,0.606025757498207,-0.3395162198320853,0.6056897382449646,0.3367791739925452,0.020259388440537287
2002-05-24,0.6298165724526146,-0.23361737366617819,0.5504309409528962,0.38580088036576116,0.05596634509783749
2002-05-28,0.6203756840675979,-0.07786687996971221,0.5609857463915203,0.49546291347471305,0.03230046159977192
2002-05-29,0.5868525956757271,0.09633463668177417,0.5563180587929307,0.27426219788163675,0.06972894365333276
2002-05-30,0.5573167727373909,0.014108097648670418,0.5589003163587931,0.20846696935432069,0.042680244039965703
2002-05-31,0.5228871805398511,0.05279187754486049,0.5784850864048201,0.42092278141328643,0.024926871889856195
2002-06-03,0.6427762966109345,0.0178647030628126,0.48176459440344904,0.30224261437008393,0.018290070760226818
2002-06-04,0.6102502380780247,-0.04337765328187601,0.5386600536621892,0.5240561949601397,0.02407891217131566
2002-06-05,0.5730423344878585,0.28393528546962327,0.6064498489279591,0.4921932376961117,0.027486322980685787
2002-06-06,0.598823002330722,-0.09749616590776995,0.6108386075915359,0.4704779331989646,0.045639112513464614
2002-06-07,0.6442042696826803,0.12347009293383276,0.5969729876759409,0.5277963323536295,0.03889419121162496
2002-06-10,0.5715486840815062,-0.1498670707444741,0.6072029442932407,0.46272610953669535,0.06186213890227932
2002-06-11,0.6099270460372046,-0.08821570055647115,0.5881152492372088,0.2964141335779057,0.07717451593602775
2002-06-12,0.6601975507751052,-0.09162160797342798,0.6337072724420374,0.4392831792606749,0.036641568420904956
2002-06-13,0.6096428585472835,-0.03030229254260123,0.5588908366998836,0.2908801347779323,0.08098229216866963
2002-06-14,0.6839344212688118,0.25290910978358405,0.6053530275876411,0.3821565546409209,0.055912451750033655
2002-06-17,0.5865046292824834,-0.20677515547128933,0.6198469976295298,0.49521773619901815,0.08252848209128211
2002-06-18,0.5642208729764233,-0.0185553196618427,0.5270175638755578,0.5023393859533607,0.06775423524899914
2002-06-19,0.6132022287860462,0.17398109527910863,0.5993612278868823,0.33190180566911764,0.08941344930493018
2002-06-20,0.6570521020894043,0.052291433380737974,0.5219612722394893,0.5447146753638918,0.011710446269655107
2002-06-21,0.6194427730457297,0.03853740012439421,0.5422507775821483,0.5442459707806878,0.06519356078447736
2002-06-24,0.5840189527557295,-0.11226106880430864,0.5150783432938,0.19497834245350393,0.03198812688550502
2002-06-25,0.6075675927081544,0.36418314137134594,0.6777498866762113,0.4941247459045003,0.09160771613253077
2002-06-26,0.5594400701530704,0.2631945256064555,0.5386715183741053,0.3378899365752699,0.04672777863640165
2002-06-27,0.7264284732494444,0.14169221234726795,0.5260486691460788,0.48053627391607906,0.09697465540689694
2002-06-28,0.6240837380898798,-0.2708073351036104,0.4430038434108694,0.4455427706034317,0.09771043604141613
2002-07-01,0.6261692453973434,-0.06767572311880025,0.4744717937856415,0.40261345279221655,0.06728435092602265
2002-07-02,0.6553745091968164,0.1952673791242595,0.5085791246542319,0.635897824821946,0.08463353482817253
2002-07-03,0.7415788419003246,-0.3476347999017546,0.605327046708774,0.3528452794507045,0.004905606249556261
2002-07-05,0.6288874582524641,-0.3576353801874957,0.5414968527706684,0.3922659803964732,0.0016223477291005374
2002-07-08,0.6116650132942643,-0.09724971352663664,0.5032873337361938,0.39760736307926486,0.013123813477704272
2002-07-09,0.6012440149123026,0.16662769945993305,0.45999382870870215,0.5832237420685251,0.04673223449376174
2002-07-10,0.6551388731238514,0.16738788332522525,0.49228318249416547,0.4606922493171043,0.02259904413545896
2002-07-11,0.600317998900355,0.1367991082293639,0.6005289413497751,0.4657718947473818,0.05157684135491139
2002-07-12,0.6265642980379984,-0.31579813720442024,0.5599731117178923,0.4736586031021775,0.06120203310563074
2002-07-15,0.583032387772372,0.18685953235295452,0.5428113206382847,0.2531681931467504,0.05610382586705636
2002-07-16,0.5438862468664336,-0.14525804964608402,0.585314196487924,0.4915348320498783,0.08127737346098825
2002-07-17,0.7051121875702142,0.05460512313844407,0.5656176306229276,0.49235380995169,0.019376153065761705
2002-07-18,0.642502585675108,0.13307975733323088,0.4705241707200347,0.5238017519828873,0.06910013828261777
2002-07-19,0.6754162247657587,0.06635314309604688,0.5203082179200217,0.4121870699019557,0.04430745616978874
2002-07-22,0.5475248069400158,-0.1347751490886587,0.5573534945046115,0.31546972301644793,0.09631941295125279
2002-07-23,0.5940679664317314,0.32842533283777864,0.49444856646238067,0.2572671243757425,0.001118307270393537
2002-07-24,0.6098349667204734,0.04852350284512477,0.5334989556329822,0.19400275242549547,0.0904921234773165
2002-07-25,0.6439194501274935,0.42535506294846376,0.4921713689613013,0.3726370997223332,0.010701246098688878
2002-07-26,0.6556289026357651,-0.10790413581503296,0.5161165912987429,0.32665173787786267,0.06437992932536966
2002-07-29,0.5844277932028789,0.11151024127569649,0.49495688054438597,0.4577872293725607,0.07094233523578934
2002-07-30,0.5990849801313555,0.040264800342449523,0.5828850701564898,0.4007059305518942,0.04999507941138104
2002-07-31,0.6446901947061714,-0.07905550195427152,0.5632581294119896,0.08805102576822516,0.05188969560591905
2002-08-01,0.5993485088051865,0.0007596265181475863,0.538722200580885,0.5617969259447553,0.027889290700022575
2002-08-02,0.5984845670548373,0.2086438421006852,0.45875156984595,0.37564058480849566,0.013746626070755741
2002-08-05,0.6080166083576486,0.12197017972422418,0.5707318160421999,0.3253042503934001,0.010804543659990774
2002-08-06,0.5994276508193175,-0.21786796970122133,0.5911609443961214,0.32657143178724274,0.06811209522366025
2002-08-07,0.6335714070617222,0.057831045183318164,0.6379191946160244,0.3412658069674479,0.062235556646584006
2002-08-08,0.6647549234847344,0.07857286121630978,0.4395649031375093,0.5388766701549271,0.0017462408011253206
2002-08-09,0.5919634703064817,-0.20239228130346654,0.45178241483526055,0.4702126673330101,0.09300461927934474
2002-08-12,0.7013216472274765,0.16712501966440677,0.47387589296481464,0.463433430155781,0.0951010098086597
2002-08-13,0.5746323545357973,0.06364078799216803,0.5542650100559049,0.4403140671457411,0.028936156011710592
2002-08-14,0.6555800912249042,0.05887855881808175,0.5552584246744615,0.512002345013593,0.019913264879515526
2002-08-15,0.617201996337125,0.2299541813560131,0.40261744276497863,0.22438409816199628,0.041959459512671306
2002-08-16,0.6218171525720605,0.12825259843680764,0.4329987888802111,0.47113823736911536,0.05852746728286996
2002-08-19,0.6590374996070811,-0.06345307337040457,0.5571858332192298,0.46095638920766147,0.080428724620889
2002-08-20,0.6722313714411157,0.4238813970009872,0.5277953028237203,0.31858472340272037,0.01219579248319317
2002-08-21,0.6033367854249453,0.0017988110368987447,0.5259171521886854,0.2988754728954358,0.02404308593665834
2002-08-22,0.6306695969141991,-0.11511805377627592,0.5081107100016264,0.5147607844226457,0.09105782766211237
2002-08-23,0.6550369767395955,0.16680989261761864,0.5148579250072803,0.34801832122877563,0.037686911287310526
2002-08-26,0.6694960440831865,0.17329187271015523,0.5214431793468034,0.33415837583093266,0.0386656858738583
2002-08-27,0.5881845520109201,0.1451831615760216,0.4012080717105415,0.3433591918267692,0.028407664366374055
2002-08-28,0.6119439500827133,0.13050696798069658,0.5248705619085643,0.40456393992861744,0.008616684601002145
2002-08-29,0.5607753401153225,0.09149203219893354,0.4529177949478067,0.15946121202746677,0.013519120357692805
2002-08-30,0.5911092088276597,0.017583316439756923,0.5890264010512295,0.409086232669448,0.07862630090276532
2002-09-03,0.6564033961742689,0.1892700571465277,0.5702817384795703,0.39614829391442885,0.0054225120464922675
2002-09-04,0.6197867175334136,0.1623230449174616,0.5221964085619724,0.44914760219159106,0.0005805139633936696
2002-09-05,0.605874767168215,-0.6181496224396584,0.443174472157815,0.1814232016733638,0.048263676715036875
2002-09-06,0.5780063809343108,-0.4566617938972497,0.47441778916241706,0.44927799119946565,0.08619702342053412
2002-09-09,0.6486126341506603,0.31794409822260966,0.47742325912843836,0.46224753623361076,0.06876151927196801
2002-09-10,0.6767463332230694,-0.12580987410624322,0.5121050243949394,0.44349347946375195,0.004583522353098712
2002-09-11,0.5680410619151004,-0.12339028979156995,0.46507710383252115,0.4460819472193046,0.03841566594143145
2002-09-12,0.583870173127227,0.31221822139141636,0.5353221062043915,0.33696578564368684,0.01228534584504598
2002-09-13,0.6727200834396297,0.013701376250692305,0.5068139091054118,0.6250467276176519,0.02241618928325062
2002-09-16,0.6448749804513182,0.07983366948919235,0.45154525868082035,0.5310673066870232,0.051440734307144846
2002-09-17,0.7001177390771491,-0.04741618048087683,0.5321846553198195,0.5842678236090172,0.08088226681625008
2002-09-18,0.6272828087478378,0.050950566523501044,0.5301827147049317,0.5143948874312441,0.014847208582839867
2002-09-19,0.5148918496404867,-0.543946655285623,0.46555442396006935,0.30380179328114587,0.09487666316226391
2002-09-20,0.7416778014921883,0.0006918981415195894,0.49050505139704453,0.40703775759498334,0.011488871367336596
2002-09-23,0.7042990502657946,-0.1131561241678827,0.46816727365912536,0.47946653161854214,0.09908273705318997
2002-09-24,0.6719812394715382,-0.14667677917060015,0.5289231114931104,0.33696607609865337,0.06100565848781356
2002-09-25,0.5941823756514114,-0.19553260929884575,0.5271808299873786,0.5030888041335455,0.07820512882507907
2002-09-26,0.6849116301918545,-0.005419115387748283,0.3970303199741073,0.35726826715836474,0.08968578165706072
2002-09-27,0.7108027553059594,0.3769147402130294,0.5072665452395796,0.5873165145120229,0.08838321684678355
2002-09-30,0.5484554268608378,0.26596437868964806,0.5912572105202535,0.267549234418781,0.007577573079472178
2002-10-01,0.6385127891652644,-0.0773553098635006,0.45231919207271915,0.3422253216007103,0.039415855853869655
2002-10-02,0.62105814984507,-0.2735728664842256,0.5427023096022175,0.49562601626398145,0.03441674902235832
2002-10-03,0.6303445868070746,-0.292654133166174,0.542766739513309,0.6229159135462243,0.022061410199465892
2002-10-04,0.5473500084752854,0.053274901444541695,0.4485160969129883,0.41071309090951424,0.014517403244057914
2002-10-07,0.5995607761811694,-0.12062214367161635,0.4960552129554231,0.2503351218004777,0.05122531295413277
2002-10-08,0.6322577458851003,-0.05798415237289359,0.47282758688341997,0.42307753397466064,0.010664661394271814
2002-10-09,0.5914992078319738,0.02247342398138396,0.5550752838589771,0.4097975718156379,0.06212955762994258
2002-10-10,0.5979130004735098,-0.02514226606712938,0.49267438659212603,0.43233770698295093,0.07651950123283802
2002-10-11,0.6718781756463187,0.2250159907642448,0.5836563439381405,0.3880068293950136,0.08991403650923646
2002-10-14,0.5719558027428737,0.09952539246217418,0.4957546647430379,0.4273107865664224,0.022022624446332607
2002-10-15,0.5975234515092749,0.1717352612352705,0.5162123568947994,0.41213738181933296,0.03168987510369921
2002-10-16,0.6671377649907704,-0.03868258046394615,0.4968066157329921,0.3911963388256806,0.04843098960214535
2002-10-17,0.6689470458431983,0.27747263746603607,0.5452996907167869,0.4499842137816165,0.07465095402708176
2002-10-18,0.5415499142414946,0.2809831991404845,0.49511655198281374,0.35126922097011803,0.04613047497649393
2002-10-21,0.6505896041035962,0.0943873998811935,0.42655780197052634,0.43248494809174043,0.037518130881198625
2002-10-22,0.5495093185641198,-0.47415107856131633,0.5137935920517993,0.26611637191226734,0.03835584566835907
2002-10-23,0.6063743337560452,-0.11651415623057254,0.46088019425846255,0.3268046357488138,0.06606832372271396
2002-10-24,0.6251732780339742,0.02699237461101437,0.45238312913031226,0.408687410192092,0.07222313962733615
2002-10-25,0.5979182103784548,-0.08989413868171174,0.5538317770611525,0.40572677326678935,0.06264965480141295
2002-10-28,0.6236019731790434,-0.43861456594969095,0.5376789506919041,0.5741773446916193,0.05077436509015781
2002-10-29,0.5677010682724829,-0.11593494294802009,0.4665514168757755,0.4946144124879149,0.06503868966914465
2002-10-30,0.728055732632173,0.1562046254369635,0.4680499418752826,0.4531014739153259,0.023890130836863723
2002-10-31,0.5636908092922064,0.2534860775068554,0.48786329606728945,0.3931218742227943,0.07365941002048136
2002-11-01,0.5803303827423747,0.16317564922179473,0.4560496241444868,0.5344260391433269,0.08566713706639227
2002-11-04,0.648414894196698,-0.062105172461219105,0.47553383224470896,0.3560704309151176,0.02093504800777061
2002-11-05,0.5687052736159968,-0.21220041693489142,0.5283693833644494,0.2915099553832493,0.053359146481162814
2002-11-06,0.608439643316646,0.18464918796201826,0.4881805463220289,0.2957290934426641,0.08135464769595156
2002-11-07,0.5738857100636297,0.07745949997286597,0.5404750174392466,0.4976399833939012,0.05146508977842146
2002-11-08,0.650347320262934,-0.17435718109890397,0.5571220141921833,0.4929940664386647,0.07694141597264922
2002-11-11,0.6024075143737758,-0.22985079603685096,0.5326220025380496,0.49214440472357734,0.05083378941836439
2002-11-12,0.697222969556626,0.16904462664252703,0.49866252899455515,0.4001234907926584,0.06449090737300003
2002-11-13,0.5953081184753614,-0.16317445908430128,0.4830142751159864,0.5708587518131246,0.08059276846299339
2002-11-14,0.6808475474771557,0.38375569179676944,0.4736121573835686,0.3502695123760685,0.0654353534011105
2002-11-15,0.5808242993917243,-0.40162543658154903,0.5046573602057001,0.42079706870223255,0.08807621977023342
2002-11-18,0.584183757063692,-0.263203057813122,0.6551877880747882,0.5599316205313449,0.012237546979343195
2002-11-19,0.6901362741853925,0.11525793710179684,0.5235048599287392,0.3391759885587975,0.0905562233208802
2002-11-20,0.6078429088028452,-0.3286083105040815,0.5724694163154997,0.4273055920930882,0.05283798377899114
2002-11-21,0.5856450946997838,0.11550003276426742,0.5528458879825119,0.41521058809167855,0.024525476270827674
2002-11-22,0.49831080368538355,-0.03332764003014865,0.5715956718294168,0.41065060775008266,0.019670514715987186
2002-11-25,0.6038482642715989,-0.1578350044402013,0.5396141093326986,0.5574196017572539,0.02673859099894679
2002-11-26,0.6551528529713659,0.10206229174750386,0.4522363769868944,0.3291637705154036,0.06826820315810835
2002-11-27,0.5890836413719471,-0.23177741206147792,0.564461760824473,0.35440302919830424,0.023592567968146273
2002-11-29,0.6547117190732236,-0.18323846106456898,0.5291221210652758,0.2672902227206311,0.029026310247507726
2002-12-02,0.6367812527402077,0.023079915073402544,0.5883335521189764,0.31953654276487775,0.0067225110023552805
2002-12-03,0.6400810553568851,0.0004128440138194592,0.4901138136988837,0.33044523531226433,0.03995832940083606
2002-12-04,0.6097415460943333,0.14456343650121165,0.5227882208524224,0.49456416907755507,0.050050734976942846
2002-12-05,0.6076329744668769,0.1372665739613257,0.49044563214579373,0.5658371264184285,0.07559532052351788
2002-12-06,0.6539290655138628,-0.3946856863982726,0.49050804745866383,0.40805789083562377,0.013789645021414455
2002-12-09,0.6288083818142316,0.10206111885802714,0.5468518538089344,0.46122444296476445,0.04013259363061114
2002-12-10,0.5633854138505993,0.12134245004059899,0.562319696598297,0.5252059013283863,0.041676546853595065
2002-12-11,0.6577903626618976,-0.10001447350609607,0.5567832417801051,0.3654641736211266,0.015926600253628055
2002-12-12,0.6565238234918185,0.12687441225773652,0.5080225440811968,0.4811966459387677,0.01681516262519114
2002-12-13,0.5706291847542164,0.16229125572311556,0.6008110705921038,0.36053390460012463,0.07014922248580505
2002-12-16,0.6182306522440838,-0.013003307684239124,0.5558623720393099,0.5611350864271191,0.04235075698764297
2002-12-17,0.6777157833956108,0.3441243877345248,0.5691174714426537,0.21022890111789794,0.058145894528175826
2002-12-18,0.5891149251378252,-0.017467906058678973,0.5391958806186457,0.4161679504845941,0.09153265989375134
2002-12-19,0.6633740408787746,0.1198387221587328,0.5332007753499344,0.31704360794583925,0.060968472182688284
2002-12-20,0.6751523780797574,0.05613262027833263,0.6127223745799848,0.38465003207138393,0.07953699489521865
2002-12-23,0.617890021334205,0.00993778686680932,0.6273249244615698,0.44176658576783634,0.04399203827545822
2002-12-24,0.5810402618184761,-0.1036383931057801,0.5580795211654067,0.427818194452546,0.0677025446889583
2002-12-26,0.611770812742064,-0.10658703795285596,0.49001997260639796,0.5822921216635866,0.03790722712692233
2002-12-27,0.5380417046756234,0.3593501136628634,0.50193368722453,0.38662806703383085,0.045571655181241066
2002-12-30,0.6167984641087079,-0.22407718817327416,0.5800919696011061,0.4419749087098862,0.0656381925424536
2002-12-31,0.560363138507116,0.25316038652122774,0.4920470618425583,0.5078402148238979,0.06524378088525801
2003-01-02,0.5844571215413342,-0.04610457531208831,0.4836106337477478,0.45998366420003545,0.024875344707239035
2003-01-03,0.5534929181591107,0.08198779876361699,0.5166668645980637,0.35559304696309724,0.014305104592549078
2003-01-06,0.6862068783495021,0.19799588565945656,0.5181285867328282,0.32515150107856616,0.04009278503467886
2003-01-07,0.7191597886016803,0.10662807339604258,0.5587268364723139,0.3226174524400552,0.040837241865532316
2003-01-08,0.6858096393335346,-0.15129045227129095,0.4963387377375104,0.4646216699287065,0.07494413691268403
2003-01-09,0.624237583879252,-0.00650610821903214,0.6015360234401381,0.44355845449740106,0.07967603354309788
2003-01-10,0.5636199325100769,0.22010326032369223,0.5266083028962508,0.2904197145774029,0.023052093594805735
2003-01-13,0.6330108008806544,0.01882621518498065,0.5562241484609125,0.4595083122598984,0.015928021884476097
2003-01-14,0.7022304582072135,0.31467170169364916,0.498668812256603,0.46412071427452667,0.07959936166754056
2003-01-15,0.6301835853510611,0.10079203399465929,0.6195755808969727,0.2581630346816354,0.09149565314406695
2003-01-16,0.513033874523086,0.03181708935652557,0.584749486409557,0.36893261464963506,0.0467852726712976
2003-01-17,0.577663319687786,0.4781521808433531,0.6556155418667081,0.4409540389457058,0.04566302942385231
2003-01-21,0.5858657906783322,-0.04710966652436059,0.4505701780570573,0.21496019984398337,0.09494134811831056
2003-01-22,0.6856183055337377,0.07298009885481045,0.516022868160417,0.4441079976509364,0.094225431059697
2003-01-23,0.6806178189356337,-0.19831169433723772,0.6462879338339829,0.4236008738734253,0.07582357519940222
2003-01-24,0.5956093116450998,-0.10949890923569423,0.5780173225280542,0.5115338030574252,0.05086427146252829
2003-01-27,0.5967200538697681,0.012480411687667343,0.6000265183534539,0.3486940863464508,0.053613021244987735
2003-01-28,0.5276835762910037,-0.17743757603715937,0.6104756035884447,0.301185511683549,0.08840554654052403
2003-01-29,0.6488208657017477,-0.05964852253342924,0.5341451528234831,0.42750742661017355,0.013064680251075756
2003-01-30,0.5561255436349428,0.4212975822830049,0.583444442137164,0.3230257823687414,0.07249062108948261
2003-01-31,0.6444559492700712,-0.08863564106386954,0.5145646556091267,0.3600084596190859,0.06644715486274559
2003-02-03,0.6610650497856626,0.3089261791279862,0.5503160348736971,0.316593626176245,0.07796544075087689
2003-02-04,0.7074544994311007,0.5030792894247371,0.6097201270871279,0.4740314889732362,0.07046977889207194
2003-02-05,0.5629503424340028,-0.276945541043266,0.5339888538173541,0.29778173094847166,0.06386461319156503
2003-02-06,0.5453329796668412,0.1250655000372151,0.5466996757640031,0.34293218239228845,0.0832521426515626
2003-02-07,0.6156613994173137,0.047509231323900586,0.6464132273738413,0.333715675101101,0.07730040251916402
2003-02-10,0.6617317039743056,0.21901740190960228,0.5913547316917501,0.3703136476297827,0.0772922213199663
2003-02-11,0.6161451596198808,0.15399170731762768,0.5713048606586442,0.4359553116001205,0.04318739086958955
2003-02-12,0.521191812311746,0.2606339006628823,0.6507266039408297,0.4528379098623019,0.001210521014422672
2003-02-13,0.6096202363356996,-0.15690957352575108,0.5849127507488314,0.389759136280795,0.057487910344504026
2003-02-14,0.5573474036544831,-0.1817459203067551,0.6239358475759769,0.6167166204202842,0.06047956583335499
2003-02-18,0.6151973182104181,0.028918064948422435,0.6330857482218848,0.4024113751670588,0.00012654184890574795
2003-02-19,0.6656272208607423,0.16501735544595442,0.5669631162211082,0.5458162784001871,0.07487082034553866
2003-02-20,0.5854515120046174,0.046605031044315064,0.6378618425618081,0.2866086628737909,0.04415744510615687
2003-02-21,0.6363538700843764,-0.009800511585092826,0.6219877005144586,0.4487583426601417,0.0910226164090997
2003-02-24,0.5925767262428756,-0.04977496748476987,0.5237598873173108,0.5135009858040678,0.05135719534083351
2003-02-25,0.6143406362833957,0.06572183512264566,0.5904002702839173,0.28817520414851905,0.04197500442939631
2003-02-26,0.5764467743054169,-0.1741338832482572,0.5543090165336406,0.461026932999379,0.0991166483348119
2003-02-27,0.7173656304249018,0.26272426070998867,0.6205536412392689,0.3233495727819352,0.09290566762996708
2003-02-28,0.7321542819149204,0.3851154071363983,0.6326608548128616,0.3966169615280016,0.09929344079413287
2003-03-03,0.6717379951063672,0.18440831902957125,0.5617523182952295,0.308757016736239,0.005663364251315229
2003-03-04,0.6208894165013119,0.36471602491149807,0.5488434195552069,0.3019682767076478,0.05465956046286979
2003-03-05,0.7047953422655929,0.040359376386428836,0.6319213305934593,0.3559521333033634,0.08446668751257418
2003-03-06,0.683791873367688,-0.4196779258663148,0.5293438289404802,0.3930438776769113,0.011145149366600084
2003-03-07,0.6002929905054291,-0.3906169944482081,0.6126098258115489,0.35631779694777366,0.0514046033501642
2003-03-10,0.6384742032456681,0.131789686390924,0.5093776542809079,0.44485671546774674,0.09034241671067487
2003-03-11,0.6943467608139559,-0.32647727735061594,0.5936120967304682,0.45616565470686404,0.054185097249679584
2003-03-12,0.5736306362995385,-0.1151029556433272,0.5567602190849198,0.39139508794637207,0.03509227197007305
2003-03-13,0.6118298769609698,-0.25126020577013647,0.6136097878593418,0.35944464041288887,0.0922963893777392
2003-03-14,0.6358082166145231,-0.2843521748624182,0.5832250557328814,0.29201177373509635,0.04469056226584796
2003-03-17,0.6643748898650497,0.13417150639795986,0.5796659791169855,0.37753601371168305,0.03754042707391694
2003-03-18,0.683468651625186,-0.06478187812937444,0.5845543184495026,0.4831654713174985,0.08125208857507121
2003-03-19,0.6537189467482046,-0.17877933183033815,0.5665431172790925,0.3907435270258263,0.06405108670949115
2003-03-20,0.7277366787244666,-0.01286470844987309,0.5965843899846888,0.38184646799695193,0.03214900146275308
2003-03-21,0.6605201734102184,-0.0902644021780106,0.6271779727017938,0.3307591519027617,0.04138539666233857
2003-03-24,0.611287003138483,-0.07164389580615381,0.5829675114858215,0.3781814669205753,0.09655877521005399
2003-03-25,0.6900383337744433,0.17912410794989253,0.6235079714630812,0.4923164480838119,0.04436647267178978
2003-03-26,0.5993448919682566,-0.03609331050250514,0.6585841955585116,0.39095660474880906,0.06536395464319293
2003-03-27,0.6714358638506694,0.04835667467463897,0.5754523717816412,0.32329743770628266,0.043238860492477174
2003-03-28,0.6568859067308624,0.4812529987796598,0.49977410379043935,0.4977156520969285,0.028171906570398166
2003-03-31,0.6071807149303748,0.36850420249961074,0.6138274078674024,0.32097752766357335,0.09043180486311848
2003-04-01,0.5647632115165785,0.3499912626211737,0.49870056106408217,0.30363337494022924,0.08338324637721606
2003-04-02,0.5901587720425747,0.14474291477794562,0.6517253061799284,0.3753278698737713,0.03831128253196972
2003-04-03,0.7220971001451628,0.2733297124362693,0.6169362812673024,0.5568236882615347,0.0261828238985377
2003-04-04,0.6170531193587938,0.15370453906662407,0.6507829614293144,0.4993729736336557,0.0922617511101512
2003-04-07,0.6911485926173029,0.36533330203413095,0.6583343810264592,0.1458151728960761,0.028632400773472812
2003-04-08,0.6061351056890669,0.21554030474545707,0.550161506220956,0.34513303760562103,0.012551112101984086
2003-04-09,0.6394620564005015,0.2556213814665718,0.6612508793660891,0.4146340111823681,0.08486370494752594
2003-04-10,0.6448976301639334,0.05835950400675142,0.5862164488794944,0.28576274219536807,0.06137741098123883
2003-04-11,0.6514096420797278,-0.05165714870773178,0.563403442527958,0.37702107019498815,0.05792538473527667
2003-04-14,0.7173610685165961,-0.09661524835848055,0.6672077165284745,0.579250758514831,0.08682043453801933
2003-04-15,0.6851122376047106,-0.11476693391054889,0.6724258174614607,0.4500668352720257,0.03928903097984715
2003-04-16,0.6512336611168131,-0.19980267110988742,0.5129854745399676,0.26467088790584953,0.09919140955458494
2003-04-17,0.5799105035068906,-0.10662387262157912,0.6611834502815143,0.3543166499285872,0.01773692355138067
2003-04-21,0.6280920437754415,-0.10410690319415879,0.566760989149781,0.42962508240356856,0.00967451904889598
2003-04-22,0.6171926586408136,-0.15774455818988548,0.44904012698324236,0.27270403804086396,0.06945945792081941
2003-04-23,0.6463335801566031,0.046314676317529294,0.6240273805207521,0.24450619557546568,0.09943575060192539
2003-04-24,0.7084666713220439,-0.2459523765912789,0.6327267106189738,0.4172570827741385,0.031606662892221325
2003-04-25,0.5956027899684966,-0.13537599343900658,0.6812366955675415,0.24014465286936992,0.049222355066074745
2003-04-28,0.6175499400449551,-0.09656491775793064,0.5714604103774509,0.4021328034832692,0.027173729757032396
2003-04-29,0.5352833726283954,-0.03355516300784132,0.5357836188597377,0.5002177517472849,0.02306146918923696
2003-04-30,0.6417656450189284,-0.27629548211579946,0.5382898447495715,0.41682507975008803,0.08629702607967746
2003-05-01,0.62983480248025,0.42669950536304796,0.5635943874805908,0.48282794542159735,0.06320771972144142
2003-05-02,0.6701982443982479,0.00945191662294665,0.5129328591175245,0.585372336565953,0.07704173364725735
2003-05-05,0.6975988633817283,-0.04350871568017043,0.5911332119775358,0.37146758065721913,0.08045194711931739
2003-05-06,0.6132550463942429,-0.2081039745714608,0.5579827413937664,0.37746667378707155,0.029229041830748093
2003-05-07,0.6446625339123181,-0.10750465656664043,0.6084200188577503,0.2735680556139492,0.055171784200220356
2003-05-08,0.6031600982524327,0.41998120702130665,0.6664940405167588,0.25587008775344977,0.02700749751994046
2003-05-09,0.5579024497354272,0.21548124126099913,0.5076376406457042,0.2085015499218219,0.002874247355137949
2003-05-12,0.5900099628884488,-0.012895315206494028,0.6800837642071976,0.3911297439730446,0.047738343351361734
2003-05-13,0.5610871502177358,-0.2640457720214341,0.6145370820216777,0.4528868625410938,0.010788321849701132
2003-05-14,0.6105695152301512,0.00904864765831287,0.6165615972916763,0.41591808747949716,0.07790129265726414
2003-05-15,0.6841220466120564,-0.5463060405662972,0.5354181683871113,0.5447627223993722,0.017819004854490228
2003-05-16,0.7186329834893965,0.025697604318715452,0.637817970458969,0.25404171919369845,0.06253764206377803
2003-05-19,0.539805605610279,0.15937027091474726,0.4905878113036544,0.34487036134205085,0.015526856535205103
2003-05-20,0.6920573808991517,-0.3273030881389599,0.5677758776463869,0.4703723213436105,0.05372944724498585
2003-05-21,0.5593305891260958,0.31707903949587224,0.622862479841749,0.5593679463357283,0.04351636668448712
2003-05-22,0.6424936465901195,0.2956286664967756,0.5857356418306311,0.39160839045740026,0.02755045927258114
2003-05-23,0.6537672364236526,0.07819746079049106,0.6276738979733972,0.4032265689868468,0.04123178857939657
2003-05-27,0.6814791842532816,-0.05502953097586193,0.6073731011833798,0.5541786487711752,0.02838092825377866
2003-05-28,0.7526898551010848,-0.2257013811635507,0.4842834789385982,0.3726995274648732,0.07610204769210226
2003-05-29,0.7215609368430922,0.13632676480386696,0.6146580167318165,0.5591762538096109,0.014622861270633038
2003-05-30,0.6236987743793387,-0.061417923954553415,0.5199010676938969,0.3334552421596487,0.014363872177930427
2003-06-02,0.6256008308014229,-0.3249059648414778,0.5694782107686756,0.4156858127589906,0.06534365068462313
2003-06-03,0.6920574513564486,-0.2850449694822951,0.5305193983958945,0.5758258148288359,0.09268484265345962
2003-06-04,0.6382876808645176,0.008792816404088561,0.5900887160458114,0.4547442125414005,0.0939602000134806
2003-06-05,0.6316310993041756,0.09146375478977614,0.5715939728659549,0.360404646516531,0.049516615078052995
2003-06-06,0.578741109248173,-0.1994125133643477,0.600917943929309,0.3603975229915745,0.07599630257871627
2003-06-09,0.6696590825796797,0.055797070838185636,0.5627725526846145,0.5197412632440906,0.09448195945652177
2003-06-10,0.586668837148092,0.19073247594178377,0.6565992926914221,0.5020338020831279,0.013375058468521096
2003-06-11,0.52899741259269,0.07216332858682509,0.4364220984464059,0.34772566246609254,0.06389914593196509
2003-06-12,0.6984177724475633,0.06320689490553623,0.4994211082193081,0.22625715545958608,0.09562173478349183
2003-06-13,0.6050941073566636,-0.18857444122300215,0.6113011065958462,0.383482074411152,0.08735081183316412
2003-06-16,0.6344615871117489,-0.10671150116274382,0.6690489979563466,0.44916531944209204,0.04307603949031796
2003-06-17,0.6227175449450076,-0.003783106217520444,0.4712210872004233,0.36632422974218054,0.0020190123769356473
2003-06-18,0.6650873030377118,0.19395975064617907,0.5980397718760619,0.32655077399346316,0.007642331827862537
2003-06-19,0.6667824238419826,-0.0012570255348916517,0.5752511494575007,0.43084176703997223,0.02953634232706559
2003-06-20,0.6373344481930796,-0.00774375314546103,0.5504736942946213,0.4977893355458348,0.09816977022065834
2003-06-23,0.5766428829467152,0.030150188783936334,0.5705519601733411,0.4806449560112065,0.008037097260635529
2003-06-24,0.6451391373762498,0.12898826429807764,0.5996941858095328,0.3855317702007265,0.025579588517414455
2003-06-25,0.6686573997603574,0.1187528133688247,0.5614290496163241,0.32988588971523325,0.04187374191704342
2003-06-26,0.575716885410614,-0.41529463385897714,0.590231424855162,0.4681517489308128,0.05754977103782737
2003-06-27,0.6790714046449576,0.022408544746625934,0.5051849553746685,0.30863827762891205,0.08936452404589318
2003-06-30,0.6186037675852096,0.03775592449017805,0.6155781997380185,0.40276225313174424,0.008082832592557354
2003-07-01,0.62757711032913,0.07127449252481656,0.4275139489658046,0.4136015418165476,0.05302782999807703
2003-07-02,0.6467804715757843,0.024647761977769272,0.4954634482196928,0.34093003700249724,0.07509236436626375
2003-07-03,0.6036228443173127,0.08007837151439305,0.5818849047287686,0.31747523895773777,0.008947549881022577
2003-07-07,0.6727252775934487,0.039156043882476455,0.6357878396423315,0.3517134160165995,0.02720417953162534
2003-07-08,0.6203922753812146,0.1915237161833524,0.6334525969356922,0.409167468881273,0.07609541309114821
2003-07-09,0.66279360670134,-0.038578198407132475,0.5188874449103434,0.3647993228613626,0.03236361205427908
2003-07-10,0.6449261878007816,0.007469446064580886,0.6153489631588034,0.4279969479597672,0.028700465752002014
2003-07-11,0.6295602046077046,0.1654946071080434,0.5373460852428068,0.29496492170655075,0.07652894757160335
2003-07-14,0.6513039543800121,0.11103775381968793,0.4648155050856653,0.5750829795361775,0.061302513431466754
2003-07-15,0.6983082216123739,0.26143651901227255,0.5268985833555819,0.3431875122296404,0.045979340238713896
2003-07-16,0.608917791703088,0.2575420736448419,0.585015547954112,0.4801105757329825,0.02218265318999857
2003-07-17,0.5278781432512335,-0.040146044684978455,0.48985436790873044,0.20949800722354242,0.00796976517574527
2003-07-18,0.7018665982296349,0.10450472166986008,0.5912039372362025,0.35237864539608277,0.06297974612540023
2003-07-21,0.7363760078984855,0.17117060095244102,0.5776185584998512,0.3552413318634118,0.08150760685792345
2003-07-22,0.6535571928341265,-0.2461929398493287,0.5837302026248212,0.49022798902584785,0.09065833093631681
2003-07-23,0.6760474474852218,0.01621530556005776,0.41330757990391953,0.4324218337918566,0.06721713521113752
2003-07-24,0.5978645399274358,-0.05422399941774123,0.4700350291337817,0.4485088209632968,0.03910287006020946
2003-07-25,0.6584413796580045,-0.0344550986161669,0.5038124294662116,0.16623829219069253,0.04976605404069484
2003-07-28,0.6585026841794849,-0.24014930851780583,0.5523906847730059,0.3666561672220361,0.0014003575564171533
2003-07-29,0.6825119813363555,-0.06257211227345551,0.6026923603204358,0.30018932956645533,0.06339769448383618
2003-07-30,0.5874975671997447,-0.21475421851605386,0.5793784335015996,0.22769262084296038,0.06882637490913426
2003-07-31,0.6125360939129563,0.18300826957610394,0.5485168546256505,0.5543978384941388,0.0733482857150633
2003-08-01,0.6082580346766708,0.16057217423235706,0.46866940065692614,0.5429950589593591,0.09494946652531865
2003-08-04,0.7094656736615479,0.36140300742434506,0.6000515039875858,0.3431975070731986,0.0311989940950405
2003-08-05,0.5051470975755352,0.13109757005801567,0.4668583922483768,0.37599897738127697,0.03630827152072854
2003-08-06,0.5749638878190386,-0.1525372544186432,0.45944467238053915,0.33515687142904294,0.08474591685398808
2003-08-07,0.5555351494252282,0.02717379758151292,0.5412352831826265,0.4984004218950707,0.03797786097419545
2003-08-08,0.648683596729496,0.19726355055260253,0.5217328979639595,0.3099096109773469,0.08403979985715575
2003-08-11,0.5778493254888449,0.35697252186072914,0.5939921343664347,0.5151835158820586,0.04508884897837415
2003-08-12,0.6524148615425877,0.03502159571054469,0.5131078438535648,0.4425797349086028,0.03001494244248917
2003-08-13,0.6405484761222668,-0.07754502620225638,0.4996498483484426,0.42901209158487125,0.05567804478158688
2003-08-14,0.4697383179896507,-0.04570948851806848,0.469984898934412,0.5041440279381507,0.061508905771853285
2003-08-15,0.6179028423512432,0.05641026164534588,0.5354672163786725,0.39210741828220125,0.06263375687586328
2003-08-18,0.6512552502689708,0.08573924400883665,0.5139174756367257,0.3579826696043799,0.019072834257412064
2003-08-19,0.6706533191441562,0.47111943800277445,0.49924332083014,0.42446611296035375,0.0022448967840473124
2003-08-20,0.5157060357452056,-0.030582049354697778,0.5465008307453845,0.35119476555972595,0.08573410814657917
2003-08-21,0.6432590899310241,0.23120244989271868,0.5328649455514866,0.5720824033217975,0.09955418196333216
2003-08-22,0.658046386824825,0.12250717608226876,0.4505526280811882,0.33142654351012,0.030580647450149424
2003-08-25,0.5613436647395422,0.05789054712998484,0.4750752136776741,0.46551573543702957,0.03742393594014381
2003-08-26,0.6588155985378533,-0.2648176089920404,0.5156399747883562,0.36887210030974954,0.023586322790936268
2003-08-27,0.5375877635335684,-0.0678747853794318,0.5413783289519508,0.38377281312765654,0.02117065092757896
2003-08-28,0.6646052970226485,0.09745347085126355,0.5507789785664692,0.6152896149444929,0.05473260650823532
2003-08-29,0.6254233408790114,-0.12388676328899968,0.4731598915569768,0.2503477302824948,0.06967282201726742
2003-09-02,0.6603267016651965,-0.11676091247778647,0.47623155711616344,0.18628789739649054,0.09413790475978745
2003-09-03,0.5499336379907735,0.19837364830317755,0.4730721079314781,0.5555996862466552,0.05432463074830192
2003-09-04,0.612407977092526,-0.16814796294615322,0.5018554457522338,0.31198831414825545,0.027545466106109386
2003-09-05,0.6203445821545858,0.4821851045011643,0.5236157717032986,0.4381615076967056,0.05047380687521402
2003-09-08,0.6324238068947415,0.147965715491311,0.5482942089673977,0.3767493388592968,0.05237978302084578
2003-09-09,0.6319735188905996,-0.13840819450822717,0.4903088182957794,0.48153275130087336,0.03489276340156338
2003-09-10,0.6364097109183636,-0.12958758439252036,0.5016669144021072,0.5261527981366989,0.09357103978734682
2003-09-11,0.5904766020771808,0.10240282276964703,0.516169871349949,0.38277792828373725,0.034709052284631794
2003-09-12,0.6336824418886012,-0.13632980700257188,0.4443082660957709,0.37823767162868405,0.03363238431574583
2003-09-15,0.549807319901475,0.26388486471755457,0.5485052986509731,0.43112065612254796,0.06270198832351821
2003-09-16,0.6585154903228749,0.0757804891545796,0.4673385660890558,0.4629308838469308,0.06865134303251018
2003-09-17,0.650930247758703,-0.013658920534206968,0.6339530220009695,0.440629383628693,0.0029360420670803133
2003-09-18,0.5933014496114806,0.20935661773946745,0.5296601142911845,0.35101987358720443,0.07297986699615051
2003-09-19,0.6399799461347074,-0.09191017504864403,0.5709143621269049,0.5525422478098394,0.002681748228614911
2003-09-22,0.561851496797254,0.32477108771185864,0.5359829489567007,0.5410904538073903,0.08310531886106173
2003-09-23,0.6446632359949768,-0.2917635059612993,0.5186532107133824,0.40546576616360996,0.009278334004248646
2003-09-24,0.6335493302583843,0.007038375703127913,0.5008585421507146,0.2913396639767116,0.05276150466929424
2003-09-25,0.7057843669407613,-0.34885833288907553,0.4230507346999384,0.6807818723065414,0.058733304804867006
2003-09-26,0.6149926493527348,-0.01186462812690182,0.46690644239773493,0.42601880489150873,0.034490891458724464
2003-09-29,0.580691451053085,-0.2715671942812471,0.5677022113716638,0.38921608740525865,0.0420771060043783
2003-09-30,0.5815748735007389,-0.2032528023380037,0.5145875404827589,0.36930918497109205,0.017010042099832656
2003-10-01,0.6230733299412895,-0.12566512416484657,0.46077716422134374,0.23964265132013257,0.06788933254224071
2003-10-02,0.5966555502231157,0.3234462194990295,0.5897628776181255,0.45169945825298213,0.09396308432842265
2003-10-03,0.5793304536044799,0.005960696555571812,0.5395571611317332,0.3035476403730555,0.049292599028903095
2003-10-06,0.6462140160565086,-0.06695171543338761,0.43924821173217665,0.5188019875079634,0.0718077635580815
2003-10-07,0.6281955011720385,-0.17459743082201573,0.5388913132365875,0.5696833983970094,0.07003887263718084
2003-10-08,0.6724481195438269,-0.12139564122128643,0.4881320132637566,0.30357436981014385,0.02998592971164328
2003-10-09,0.6522602453459968,-0.0632213341632512,0.497292329660301,0.43238754754385506,0.08743960589634109
2003-10-10,0.5747116173258652,-0.1058788549054701,0.6367675879904593,0.4194154549291856,0.08661915883445936
2003-10-13,0.6745652365858971,-0.18305088078377935,0.45816037362402307,0.37587806630577797,0.009157248189605938
2003-10-14,0.7034343587455857,-0.18570990622937825,0.4647927727107557,0.4017854667771594,0.09424353096539159
2003-10-15,0.6130849192533444,-0.2511579852095704,0.4599008337156437,0.3321576357072141,0.01497218001644627
2003-10-16,0.648471044674438,-0.23660292494001742,0.4490553668184711,0.20069500328922218,0.02203136476784966
2003-10-17,0.6678762977659947,0.025533099238771336,0.5087416559110652,0.34694203022132336,0.0019371607463038677
2003-10-20,0.583802123522092,0.3345099017391279,0.538324021096001,0.45450547645098466,0.011852604295294734
2003-10-21,0.5944215781120843,-0.03194596427342245,0.34296012819993216,0.45355462591346596,0.03596853826848515
2003-10-22,0.7334219637648087,0.13571221406820863,0.45891679600344093,0.2613062111351887,0.09512269469225307
2003-10-23,0.5661009965114421,-0.10880578771084151,0.5098879473666831,0.40210590281459757,0.02427430180673107
2003-10-24,0.6585386156544272,-0.27122427176444414,0.484074716128095,0.3412253726619354,0.025418893847299597
2003-10-27,0.6242228782154541,0.29853368419521975,0.448301758480249,0.38247956619177065,0.01340681825203678
2003-10-28,0.6509416810885629,0.3989640913397543,0.42701395595577396,0.36496421851004557,0.05150354591106263
2003-10-29,0.7463302087414803,0.3162315735299095,0.5299049405100603,0.43187786259759425,0.03653209207468166
2003-10-30,0.589798971901176,-0.009496482640729442,0.4588425961943004,0.35631049421623595,0.09225642779774473
2003-10-31,0.6532472729009381,0.04291757660622891,0.4505578566114565,0.30516149158175054,0.013794686643698196
2003-11-03,0.5591912239031961,0.6666756906034265,0.5976185580560085,0.5265077295325085,0.06536779304957842
2003-11-04,0.6712612326580141,0.04323449944374028,0.5198361066859053,0.27386930875383597,0.09075397504418026
2003-11-05,0.5715311729730908,-0.17592664640129632,0.3644926554632708,0.17198996081230541,0.07760502795939113
2003-11-06,0.6478881967709831,-0.03570550058231941,0.4284200842451573,0.5030388630508795,0.012529632992499618
2003-11-07,0.5507059247657715,-0.23708847151328027,0.6202765564489308,0.6634490934843533,0.07513305723343319
2003-11-10,0.6192155308102867,0.2224515749330828,0.4898821785175545,0.36953253808119874,0.06137272929233302
2003-11-11,0.6813150011712846,-0.046538911078476596,0.4935312993465212,0.40065975047639196,0.091569939677889
2003-11-12,0.5886572623752124,0.3128199412944108,0.5067611974810864,0.365659761792674,0.05356952646839608
2003-11-13,0.6563575061491859,0.08675714908825011,0.5028661882491751,0.6055549019433701,0.08291614307306029
2003-11-14,0.5602776023524733,-0.22618415448428086,0.46287989174331695,0.4296138476911701,0.035545791918274776
2003-11-17,0.636108070249657,-0.08130108819919696,0.5295920154584424,0.3830606242819195,0.06511418659279485
2003-11-18,0.6477380163889872,0.20453404724007887,0.49509280218990603,0.5608110384035265,0.03806805744543732
2003-11-19,0.6705903675363178,0.015174723433507332,0.4428794379447821,0.4948094798155577,0.03540011681959215
2003-11-20,0.6103552138878173,-0.002734746129371184,0.5353253472767664,0.3335391071437157,0.08474161247332127
2003-11-21,0.6335248317427183,0.15911346122101705,0.5147504457055099,0.49174686359986164,0.036581942730095456
2003-11-24,0.6823107812152441,0.3748091129923449,0.5465843854187248,0.31477034007912036,0.04266273058481418
2003-11-25,0.6193082963320427,-0.275507946883006,0.5716856903305993,0.2607148134523901,0.01142643248071924
2003-11-26,0.6445349083031231,0.25347046105414733,0.5166138041443303,0.4057962182815698,0.09331864002253254
2003-11-28,0.5444530314918786,0.22077109520579433,0.48068630646202126,0.44225030203173016,0.09759108987927673
2003-12-01,0.6285452045366922,0.05069747224335656,0.562120571600176,0.3483778903543005,0.0950223962521017
2003-12-02,0.6699609811427065,-0.01221857853363665,0.5434999238865937,0.2741543960507755,0.0889282934494469
2003-12-03,0.6196215456631885,-0.23010954305550724,0.49879346056653506,0.41506866953726185,0.04583487741528794
2003-12-04,0.590111268804938,-0.1263858730855653,0.5043197109179918,0.4069867671365126,0.003607955486990622
2003-12-05,0.6415441520268829,-0.03464689116943734,0.5299740882582532,0.6784719778067738,0.014942715791914097
2003-12-08,0.6491999269308533,0.0986465826444412,0.5558972902166751,0.3736863019686873,0.05873972460456004
2003-12-09,0.6387850782521632,0.017119432002763817,0.5591849078135657,0.38119131607146856,0.01476420268480394
2003-12-10,0.6118498153588863,0.11815131352866391,0.5554505424332135,0.4639860989805159,0.06909624224598097
2003-12-11,0.59073178711276,0.12125397919665233,0.5151094397084991,0.557652891863723,0.07997038424696969
2003-12-12,0.6164169567801535,0.11651416390481012,0.4421494316096545,0.23030389551830355,0.04989263990881998
2003-12-15,0.693138678276365,-0.19088301640257035,0.5272984900585302,0.3965531505176831,0.07447386196355785
2003-12-16,0.6251568097222673,0.10646628244781975,0.47322037023271457,0.4490261560496867,0.08752726226878108
2003-12-17,0.6598525055676607,0.07509746453004523,0.5155275645039588,0.36475699066854317,0.015922542749681644
2003-12-18,0.6153634361770597,0.36451706507076437,0.5246166386375882,0.3480173411075521,0.033421135600412925
2003-12-19,0.6430413761829805,0.08837804365193401,0.5564099034573317,0.3918823463899918,0.0730059957536637
2003-12-22,0.6658836042604745,0.35483075429407485,0.5076187101647336,0.45102028801216487,0.05683733197241961
2003-12-23,0.5265001095113054,0.2050580681492795,0.48626447986296606,0.40890879003372343,0.04176149109648117
2003-12-24,0.6793968648463874,-0.09264814748849626,0.4954620272830579,0.32278888438812964,0.07703411704839329
2003-12-26,0.6334510900731992,0.40691409157417635,0.5753208805023184,0.2063048901821972,0.03418741895353659
2003-12-29,0.5588933817991559,-0.023326824292899874,0.6229576726495243,0.24859394892509507,0.0841336638390014
2003-12-30,0.655249091964373,0.3295595697142155,0.6079843878459741,0.534137972591697,0.07058306897805118
2003-12-31,0.6078574238745846,0.13961439580695098,0.5823948493016863,0.5652118285571099,0.018241544236251708
2004-01-02,0.7284743998663383,0.042393555599868966,0.43782183019980175,0.5303297222695315,0.06883396886454128
2004-01-05,0.5704583974452765,-0.1661387342261772,0.5581536795241582,0.25767003614685624,0.09770139398156323
2004-01-06,0.5975951232423751,-0.04729151665933174,0.6077197904551183,0.3379613453814766,0.0022195260379323178
2004-01-07,0.5671416258858784,0.07026374559868347,0.4575085080687722,0.5786367637548173,0.06574673039881178
2004-01-08,0.5478322010133798,0.1525651241753022,0.5331578112537321,0.3108342290326235,0.05902884756104596
2004-01-09,0.7033656656909272,-0.15393161310440667,0.4236745197055141,0.38868287231633375,0.0075294326309246935
2004-01-12,0.6101898236712112,-0.18772472054202988,0.5775825552105458,0.6228057610335166,0.04960536060871645
2004-01-13,0.620366424481057,-0.12436949113534895,0.5305683939783862,0.44920925899535474,0.02802283688662365
2004-01-14,0.6957055982581719,0.2588393337537067,0.6390430008853198,0.4358053943664665,0.0796779234390449
2004-01-15,0.6522702288142923,-0.10192222080370117,0.5302349971706559,0.37546438281816974,0.061818003683157596
2004-01-16,0.6136529790139946,0.21300317795078008,0.500040467928538,0.37287970640652135,0.03643409678760702
2004-01-20,0.688229996685163,0.21834174375631174,0.4364132972925554,0.31851824146158936,0.01064375070427729
2004-01-21,0.6799177392835414,-0.11617230775231738,0.5366987826165546,0.2695061696041401,0.04959417807071114
2004-01-22,0.595007032241763,-0.27333477594992045,0.4976510812391728,0.37106624964605356,0.03525253986973085
2004-01-23,0.6000692997524463,0.3509203531339516,0.6632558981754009,0.6180859685237027,0.09845555846217074
2004-01-26,0.6063520095757604,0.1784941064961754,0.5706098063791232,0.3193697824721037,0.003451659702968857
2004-01-27,0.6910537368655323,-0.29594413928967245,0.5686363268686925,0.4742418791399778,0.09090680586823509
2004-01-28,0.6219407494571016,0.1511660170855239,0.5631835531027171,0.4007958188351582,0.04357587716298762
2004-01-29,0.6854324660386031,0.16864901716176053,0.5524125559121281,0.3073949884304913,0.054619925824124685
2004-01-30,0.6239010388226135,0.22938779127104555,0.544741529791839,0.32313413301384797,0.031219860022909496
2004-02-02,0.6348661839119079,-0.029702254195121864,0.5216985381183296,0.45568399146769945,0.013037961805827192
2004-02-03,0.7514695213522867,0.19738470829674748,0.6003449991792558,0.5703219243332285,0.020360634764279153
2004-02-04,0.6229506911952711,-0.08340316971705124,0.5951087718253986,0.4215365538967101,0.044553516765931715
2004-02-05,0.7003739576065412,-0.07001067125100639,0.44795272076629605,0.6039564440839744,0.08601861416279814
2004-02-06,0.5941782523537711,0.12419814487191064,0.5369684093539075,0.40403328134980504,0.04200789365942947
2004-02-09,0.5894559318520385,-0.4715523164341954,0.6480600140835847,0.33574836734997177,0.0025580773565147988
2004-02-10,0.6567371407530236,-0.09661985028699217,0.5016809585850326,0.38832680436066436,0.07753830372759177
2004-02-11,0.6119639112386804,-0.23227183397561527,0.5999616701627772,0.4719625000397819,0.08975491598417185
2004-02-12,0.6849699473071986,0.37166150528882436,0.6322607759979921,0.4838240764965869,0.04650873805080672
2004-02-13,0.6216155331780167,0.027559814099756344,0.5461339628040994,0.32049594200680553,0.03448588739019245
2004-02-17,0.6782336512330763,0.022305615759227893,0.5909538995192181,0.34306220942236315,0.07305305909133644
2004-02-18,0.6181439210684693,0.08506258485725443,0.6344465298522617,0.6431424181655784,0.04126072853388853
2004-02-19,0.5894821174283963,-0.05866677988999902,0.6061854458216274,0.5004408925325923,0.08134803742550475
2004-02-20,0.6121781992508856,-0.06563823454642122,0.6246496442455833,0.5500356340441754,0.06802735760423731
2004-02-23,0.6623047863882975,-0.07432594615042991,0.6125975918374886,0.3614710176780063,0.031081246595036163
2004-02-24,0.6010605061010814,0.07008813250145356,0.49239777382175526,0.48341694806646024,0.055671566618957946
2004-02-25,0.5905553176935888,-0.27250794342388657,0.5544229998538401,0.3709035435850938,0.09517933152693042
2004-02-26,0.5833739316146243,-0.07797171957022388,0.6337446347159766,0.508446902949006,0.004712678961797357
2004-02-27,0.5756392185924275,0.0915496049170283,0.6368079387753559,0.461949015532203,0.002177307965121067
2004-03-01,0.6458267824111341,0.25103752087072917,0.5787070226106344,0.44824916823473016,0.017426774209892915
2004-03-02,0.6314179595432846,0.1067953256716579,0.6389088905568618,0.5116248314176279,0.052034504404276476
2004-03-03,0.6234662171193273,0.1424969254417391,0.5927548427604303,0.5236186350608111,0.048551813847011877
2004-03-04,0.590927512757346,0.042244155504493675,0.5656979854493683,0.3847608568237239,0.06495421692650781
2004-03-05,0.7833345061451832,-0.18717929657741567,0.679286743863204,0.30293911725371364,0.06605303556806424
2004-03-08,0.6158221985894388,0.46919910819401783,0.6083939371629994,0.31550766838457744,0.0790764478224614
2004-03-09,0.6302427594449319,0.17864845836757126,0.5945488602256331,0.6961065672589298,0.009057400369899117
2004-03-10,0.6326933154943288,0.12528649012517043,0.5680445104417282,0.6366724155415422,0.07753633523601343
2004-03-11,0.6058473411822994,-0.09519564403506015,0.5990688879950036,0.400079254339002,0.06150809886847661
2004-03-12,0.4924747263345247,-0.19152134773568674,0.5410557758860053,0.39765037367113765,0.07856099877915303
2004-03-15,0.5936764029286531,0.09076817179021134,0.6232824637939941,0.4303198742078904,0.06822509083060993
2004-03-16,0.6332945859799389,-0.07494069752395312,0.6963956470890234,0.3704399337942524,0.05423713215630891
2004-03-17,0.6371806400257951,0.05783827008298862,0.6061444611513904,0.45030337827863004,0.09269976558917778
2004-03-18,0.6786236772344416,0.05052575037246485,0.5320448061336552,0.22261674748691063,0.005678154968880234
2004-03-19,0.6764612843356905,0.5051777587924827,0.6324632718784108,0.5480473456964255,0.07011471272418544
2004-03-22,0.6713621030182785,-0.21051654302083303,0.6091950893267223,0.3104613263598194,0.07314169249627522
2004-03-23,0.5770918539599257,-0.17471941401524826,0.570789018048656,0.36497920251628635,0.056933898629546814
2004-03-24,0.6119599227955081,0.24555328006642313,0.7145882201233915,0.3573392553980917,0.010482688895340854
2004-03-25,0.6328460035965218,0.0837608531209844,0.5938982847205108,0.49789970944002654,0.005224171306168358
2004-03-26,0.710839029813832,0.1783871062621526,0.6014664652021318,0.38564502069553175,0.08408114293016303
2004-03-29,0.5182173215903548,-0.019276626758546956,0.6002967595126066,0.4185672974271079,0.05507224295590486
2004-03-30,0.6200542353972706,0.059421121448386786,0.5751692103862812,0.3638218584179037,0.042486087178847366
2004-03-31,0.6191806588054665,-0.22694430098443608,0.6472859408564205,0.4821389406720709,0.09630297612424758
2004-04-01,0.6254355897479651,0.17583950449838373,0.6237667013827847,0.23985746872847327,0.06406087439343298
2004-04-02,0.5760969243125191,-0.0032292413265777257,0.5730405296223129,0.5063659162801244,0.06003477509195748
2004-04-05,0.5841231329691512,0.17563066984598896,0.6369385953981513,0.4479031197911716,0.005466806525219026
2004-04-06,0.7004059380593397,0.028994736845636578,0.5903431700841124,0.4515727044684927,0.025073944928624817
2004-04-07,0.6347332115856598,0.31108459676445943,0.5560729619251341,0.3043851089875124,0.09858206157978945
2004-04-08,0.6838502314513788,0.38102742503246134,0.6236092328241094,0.4179712319643704,0.009755625275754298
2004-04-12,0.6004796384252211,0.022714035032616094,0.6138072020479196,0.4479712784001555,0.016389027939567227
2004-04-13,0.6222132180538799,0.17593009944888982,0.559305421805193,0.5603447239387662,0.030192552401469598
2004-04-14,0.6903566056164872,-0.04193453609548978,0.5315291300023082,0.379540056157464,0.015002692118919848
2004-04-15,0.6105979925646158,0.28234347120387543,0.6237107751159806,0.5744941635635489,0.012308247023840126
2004-04-16,0.6606951723524832,-0.23395555538997465,0.6696731293034072,0.40235118928953967,0.05891502123312142
2004-04-19,0.6504160131006592,-0.009563223125034652,0.5665608682437571,0.35512611744983646,0.06397033812595951
2004-04-20,0.6620374982104489,0.20477053964550118,0.5674498458498859,0.37309377287343354,0.006218815598184913
2004-04-21,0.6035530451271819,-0.022682646354199334,0.5059092988432984,0.3728933224427197,0.07958067517572881
2004-04-22,0.5899050769250451,-0.5142945469150962,0.6200172298958513,0.35427042173735224,0.04343813386384648
2004-04-23,0.636968507876566,0.03775469349772956,0.6448338876407642,0.29911802893429074,0.08306904041119835
2004-04-26,0.7538074737864369,0.07869763582552176,0.5875651416147769,0.36449557961031,0.02184190847516242
2004-04-27,0.617961113965218,-0.17508340585107907,0.6164545231761727,0.23144678137023364,0.036226890605596467
2004-04-28,0.6992553518123773,-0.1075168568592634,0.6427859594691027,0.41036664863131056,0.06424982627322293
2004-04-29,0.6669673380024503,-0.1931884549330052,0.6348649552995691,0.5060656220328377,0.01818198336967457
2004-04-30,0.5998790027510456,0.06407907200350467,0.5760859138977079,0.4861615073844631,0.07426449527405322
2004-05-03,0.6203434205104826,-0.11162120505060069,0.5770478437802673,0.4292994252772502,0.0031478084681787256
2004-05-04,0.5906402362671159,0.006044221569310587,0.5568061218188314,0.03897827304472068,0.07838804484430227
2004-05-05,0.5676673638671407,-0.01577918006920446,0.6156060682702921,0.3818741868427678,0.04231935201765598
2004-05-06,0.6368831258797555,0.05677467798640467,0.6544706264420967,0.4531293466545911,0.05164080776293594
2004-05-07,0.6840526732153872,-0.3273818294285096,0.5932237656212583,0.41395211360137707,0.08813503112314619
2004-05-10,0.6071509583883761,-0.07887578198176308,0.6104744578491476,0.25817585613003224,0.009788798767962494
2004-05-11,0.6531850342927275,-0.214788418778073,0.5932962737122273,0.38041531896258524,0.016879185977202893
2004-05-12,0.7108671889868817,-0.46826968050079404,0.6302640109169767,0.36975875964808574,0.056479263741381396
2004-05-13,0.6411714707477993,0.05859046241547455,0.5571735128073705,0.2700542174433188,0.06452612070186052
2004-05-14,0.5393568322406176,0.057649965946444184,0.6083391790866565,0.38732357955657715,0.028756428703402538
2004-05-17,0.5983133033762076,-0.0862343008311848,0.6100544297375947,0.4559827227291756,0.014301829659070753
2004-05-18,0.6648575250695209,-0.2679107727841773,0.5919221259685695,0.3892094195416737,0.00807981344635753
2004-05-19,0.6133018423808014,-0.3047020063068957,0.5722941067167532,0.5101635247799321,0.032964388635445506
2004-05-20,0.6873956971053239,-0.06084503530087553,0.4839166836430355,0.4429936184254033,0.02300013075448243
2004-05-21,0.6479460608391855,-0.11050371156025343,0.5768590983389688,0.3505625003874199,0.09201565882949968
2004-05-24,0.5877370939895612,0.18356866294105628,0.55984974023221,0.3714496549950106,0.08462287878702364
2004-05-25,0.6529866814951742,0.42496900876074356,0.5672739635585534,0.32570710266758385,0.08755257250423695
2004-05-26,0.5858219434456108,0.2146788922567688,0.5979301786155289,0.3647920295684103,0.08620221014612515
2004-05-27,0.567902070286944,-0.11431959545741509,0.5694830848657011,0.36051204883596927,0.04857405756518325
2004-05-28,0.5893502752873641,-0.048410033067450425,0.5722670275875242,0.284129987352997,0.055374355765299005
2004-06-01,0.5803698934983854,-0.06514104767112615,0.6686040825122942,0.5981020550124342,0.08113151489008254
2004-06-02,0.733687170761458,0.27516553172560465,0.6200124560852595,0.3745304078328485,0.04372674801965781
2004-06-03,0.6192591601639005,-0.25955816701525297,0.5680607620572553,0.5250473934258711,0.0791597463093868
2004-06-04,0.6181525403268696,0.2774781787307844,0.4424552436527278,0.3023300271880531,0.010266173372121313
2004-06-07,0.6490193461983336,-0.19911503965355426,0.5084396276545848,0.43029123973390154,0.015701540831038373
2004-06-08,0.5516578247258368,0.24135993327863267,0.5991770895912248,0.31871210610343914,0.03901336733089607
2004-06-09,0.6316554460542048,0.02993803257790258,0.6086287357099947,0.4221764215533693,0.07674624797746817
2004-06-10,0.5799944223104182,-0.36479932683678046,0.5619730931971327,0.3887374521688221,0.029093499656569034
2004-06-14,0.5893822081220244,-0.18903852283062875,0.6790884819709473,0.4236730452219444,0.07044795593440871
2004-06-15,0.6319469706177163,-0.08903519071417403,0.5378147446295446,0.2594184828786983,0.09034044148353362
2004-06-16,0.5933136116304776,-0.2565566140735114,0.5299901464773926,0.39795727459700586,0.07928225745397426
2004-06-17,0.6148339118553848,-0.16451779613765383,0.6347189697626161,0.3651112239903459,0.07399585214777762
2004-06-18,0.6138373913148999,-0.17239281096126513,0.5826036717346166,0.20129246263600364,0.06506560313344449
2004-06-21,0.5591956452251495,-0.05566179648846412,0.5440016586677179,0.5009591958274945,0.07493781727369794
2004-06-22,0.5837499869890727,0.17203383332581665,0.5184749721369462,0.48014070879124254,0.04113595363369983
2004-06-23,0.7162256195695933,0.6157736608331582,0.5031167540017106,0.3561351562807291,0.09630763847302243
2004-06-24,0.6840044476757529,-0.3886393532660173,0.4629681777327285,0.5070612761226484,0.09757092333804224
2004-06-25,0.6267599757052659,0.24149408973575573,0.5336368750256458,0.3474283130489614,0.010396719527640697
2004-06-28,0.6235340332430678,0.11824151028629132,0.5893601704150889,0.30312773178410785,0.0932751689885875
2004-06-29,0.5558550173481658,0.02630903128532368,0.5523438618500903,0.3914252382397596,0.07161864976817503
2004-06-30,0.797653362463195,0.3369500326571725,0.5905857864157656,0.5095193962962852,0.09885058043147221
2004-07-01,0.5853581712267311,-0.22350310090792208,0.5681072644776682,0.35245566857323196,0.06028794787569587
2004-07-02,0.6962193276853256,-0.054700449399553375,0.5855127736819699,0.5021578126786292,0.033330235603392426
2004-07-06,0.6226831292503386,-0.23298166615127688,0.5732316146769538,0.41611200661246994,0.001547846501841166
2004-07-07,0.6232225123341849,-0.08418872063129694,0.5295366317272496,0.31244384570405453,0.025201974190346057
2004-07-08,0.6106538937198531,-0.12974735081591485,0.5773709259936609,0.5402722086163523,0.09773111270693362
2004-07-09,0.6201337605019618,-0.47763722708141476,0.5272894663008579,0.37948640396641964,0.022365885233036443
2004-07-12,0.7302290482142513,-0.19881410946398514,0.5366642978665986,0.37218367283524467,0.06327207672304794
2004-07-13,0.6063389076100691,0.10016789548422078,0.5331257827035616,0.3430176028933609,0.0027408112203437755
2004-07-14,0.606208485335705,0.09890255873306394,0.48658053225237513,0.46631076222985124,0.05513064247040227
2004-07-15,0.641357031729588,-0.1880390472984422,0.5084163295114115,0.2888447403058115,0.011736722698858938
2004-07-16,0.599185006412578,-0.335200411350627,0.552785132797836,0.4407518010066134,0.07747766287972643
2004-07-19,0.7057165375529167,0.08112372179716205,0.5113711006015528,0.3823221475313981,0.009820940288630155
2004-07-20,0.6040175487351795,0.2587126297456987,0.5301435875694789,0.36622609906577785,0.025672043888592944
2004-07-21,0.6206644543879318,-0.11489923729673215,0.524727247852064,0.319898060356775,0.00133378280509181
2004-07-22,0.6759226403115947,0.0030072438230334363,0.5208306616551075,0.3423841584389135,0.062214335402490155
2004-07-23,0.6196247015544348,-0.053806373433964605,0.5576038883762289,0.21562705541374427,0.04412798216251246
2004-07-26,0.7253991380932009,0.08673065534147706,0.4960721204665699,0.4077424861417425,0.022692358079888522
2004-07-27,0.5946010986047786,-0.037594644600936596,0.40446982986554586,0.3731561527889298,0.06702754012473282
2004-07-28,0.5718515990765871,0.5045959553893691,0.5862483118649617,0.5156339930298388,0.0883199407016217
2004-07-29,0.5938726620159983,-0.09392347682165739,0.5648300089896123,0.5239076543114558,0.07690606708658962
2004-07-30,0.6807757046873654,-0.3997317124951576,0.604662546569372,0.28830655751102174,0.08605302047547181
2004-08-02,0.5875822454018154,-0.09827892220611806,0.6106613014657488,0.3091013435999932,0.003616419767837187
2004-08-03,0.6489558477609703,-0.13516111503097014,0.43676164261137573,0.3691724928937953,0.0028394217880462593
2004-08-04,0.666130208359759,0.14621888795527452,0.5555827808141445,0.36350256960131744,0.042687699256264894
2004-08-05,0.5882442482713608,0.14571187722798398,0.5373673193947187,0.39786135112990123,0.07071019846846759
2004-08-06,0.5929401046212501,-0.2639172342777971,0.4806968857383038,0.4151712468866565,0.0781305967065023
2004-08-09,0.5811801849075683,0.2255412844770609,0.5136555554184334,0.36231107192802003,0.023680420446252095
2004-08-10,0.6373162853750715,-0.252960081329551,0.5629344652025142,0.3531671003667381,0.06674815854627975
2004-08-11,0.6189261050475873,0.01021803774080969,0.47224634238048246,0.437097672600346,0.05871163282594208
2004-08-12,0.6510727291263,-0.02594490702457445,0.60348440250418,0.30756774466097003,0.04095637405560851
2004-08-13,0.6789809205737523,-0.2539979975972802,0.5049735873690576,0.42329674466699757,0.014380135176136222
2004-08-16,0.62758695887297,0.03475472820531844,0.530635336046409,0.41179508332698445,0.03767527492482027
2004-08-17,0.665030905301526,0.16212722888217312,0.5313055026349814,0.300053227320609,0.09634609072129786
2004-08-18,0.6284789907847494,-0.0603089391009276,0.40166424660034583,0.4366149730661136,0.011188683963966295
2004-08-19,0.6083358348023117,-0.20048668365231037,0.5484395502035336,0.5072431784585469,0.04051866358120017
2004-08-20,0.6089077727628036,-0.08550726196543718,0.4065898878723213,0.28344728999925733,0.050739035770157564
2004-08-23,0.6669163050484519,0.008599536821701082,0.5794683966209722,0.4123401357397798,0.059436120160594436
2004-08-24,0.6111300894850448,-0.13033308472880492,0.546377313816785,0.40620110141529314,0.034426704582366595
2004-08-25,0.6224591301845604,0.09637684924804876,0.4573273874278772,0.20693979136929763,0.019736444866619497
2004-08-26,0.6338010302102904,-0.1558017981665077,0.49560826364026467,0.24334150414716882,0.0036482827548391054
2004-08-27,0.6965864322807348,0.22267506763918546,0.5543208600290463,0.2958464519487798,0.07124936233178603
2004-08-30,0.6555848561517283,-0.29318126247503423,0.5390833354973066,0.3267544461629859,0.0214861178695687
2004-08-31,0.637872048453261,-0.06383026545128741,0.44294108969822654,0.4511940181529386,0.059873707988907225
2004-09-01,0.6503705770710269,-0.28065429976611994,0.5094156683100972,0.40529673906924396,0.039640451231173546
2004-09-02,0.5990345181884706,-0.06255884262704638,0.42826235184360006,0.31698980320131576,0.02306534916195029
2004-09-03,0.6964301556822539,-0.11945380036532156,0.5125790940655028,0.3864801470546354,0.0270089027773088
2004-09-07,0.6340317308294272,0.019571334782601507,0.5017949371246231,0.34549278985710175,0.08393867551808903
2004-09-08,0.6296664675970798,0.0972536366991043,0.38076524818375146,0.6136425548058384,0.02530212605563964
2004-09-09,0.6370736430945695,0.19105421535095227,0.4742515308515857,0.2811266768452166,0.057149773507388646
2004-09-10,0.6326085148234566,0.12790255686966762,0.5834901607396565,0.3936273988827735,0.06590992332085531
2004-09-13,0.5627091056677187,0.037814036919729226,0.5160166489319438,0.5270778033169858,0.08009614205353391
2004-09-14,0.6593158788070215,0.25817540667793887,0.5169343121704777,0.4257725573305668,0.05120513951663494
2004-09-15,0.68335971369511,-0.09327667096374309,0.5653274933644767,0.42431652015643384,0.018936942514067023
2004-09-16,0.7015414803246066,0.007722262841782009,0.49188119482559234,0.5877170098548432,0.05639158154750176
2004-09-17,0.6476205190699733,0.10857922302628165,0.46064894849785537,0.3536023975049857,0.034935173311467886
2004-09-20,0.7035371584111372,-0.2663382146690792,0.48383216762579767,0.32616162016727973,0.07680734726061085
2004-09-21,0.6550254910713069,0.40872813654224527,0.5646832249981436,0.447417048419852,0.09141153487210256
2004-09-22,0.6135479122650569,-0.021959759722838826,0.48309111825163153,0.3533584708711497,0.0007343640687981324
2004-09-23,0.6628094046551898,0.2542999008755477,0.4335839840567025,0.3715060159041816,0.020068343602190664
2004-09-24,0.624650726444134,0.1296956445648891,0.5273476783051688,0.5502841069937645,0.0883436542899935
2004-09-27,0.6133120133531252,-0.11480717437451658,0.4332093568478039,0.49385310245882463,0.03652022144890462
2004-09-28,0.6638482911759741,0.333861322906835,0.4804999239632827,0.6132844139135675,0.02137846735539687
2004-09-29,0.6064535767918405,0.16642758233578064,0.4870958345163902,0.204448142014908,0.0001537947492072478
2004-09-30,0.6319692876254165,0.11957369371644776,0.5738508761667107,0.42417357436852393,0.008172835506161847
2004-10-01,0.6319294162190897,-0.24194933052247888,0.4907932345198609,0.37356143013037807,0.015992854422036185
2004-10-04,0.5035269614239133,0.11674416215514867,0.46459331729733533,0.4844732928464024,0.0432747060960754
2004-10-05,0.7153236604148845,-0.31403984568999915,0.5064521251905933,0.33007736315305597,0.02531997599285847
2004-10-06,0.5479483531546805,0.2344190144152668,0.4484095985178318,0.4108178956288953,0.09272453793091741
2004-10-07,0.7126904798127149,-0.22766721052306954,0.4635605009556983,0.39160204348380007,0.0177350549224352
2004-10-08,0.6430020543895525,-0.08098915999973422,0.557497903616919,0.5219900699408736,0.011115015100210313
2004-10-11,0.6511386845798839,0.10737858792191085,0.5105947750785708,0.4434624942924727,0.08766030931879153
2004-10-12,0.6180931591543039,0.05448805930546574,0.6108871119460437,0.4181174749483179,0.009378320400319018
2004-10-13,0.6179244116142416,-0.07073597947918372,0.520545878037405,0.29027797588331417,0.09597256550605339
2004-10-14,0.6467460083206522,-0.17287611549679538,0.4734160166664636,0.474689677669428,0.08287517207138123
2004-10-15,0.6460218686615384,-0.17088193676671642,0.4026363733391386,0.43101046192515113,0.06638376245984916
2004-10-18,0.6642424693202738,0.11524525737491548,0.46805837133158557,0.4046642402039834,0.081503540691988
2004-10-19,0.6398600630272286,-0.046380344198777124,0.457131580899347,0.29905560358913047,0.024188578731466317
2004-10-20,0.6498237590544214,-0.1789307919616288,0.4867412049563613,0.2798651431125462,0.016058058873180993
2004-10-21,0.6378042898716954,0.00451210690185983,0.52586761296636,0.5038940220573177,0.061004417254806736
2004-10-22,0.6625407493651579,0.22735325148904334,0.43510456427517513,0.422540314975462,0.07968686046607733
2004-10-25,0.706498341416661,-0.014487176532893026,0.513300183698779,0.4795773066436444,0.02785592118204966
2004-10-26,0.5864101642768492,0.061475930858080875,0.5777110036095551,0.35207703412038893,0.03401422451627142
2004-10-27,0.5911220650541699,0.21752307729746165,0.5279506035132829,0.5247614519201181,0.0741473987888789
2004-10-28,0.6327555489246965,-0.2998863676292289,0.5073767175299628,0.5238025662502019,0.02631632895655488
2004-10-29,0.6502810752296032,0.23507542007875998,0.46147565644673644,0.30808370024444276,0.025755408912634427
2004-11-01,0.6188017668020689,-0.1678722486506388,0.5243078833044398,0.44112726502727373,0.059176007584808
2004-11-02,0.5928809282820331,0.15279862300597225,0.5766994395563754,0.4901737946886565,0.04878078289795884
2004-11-03,0.5957532532936034,0.38768884878994053,0.4585769757930555,0.38827202637105596,0.04805872266465392
2004-11-04,0.621752092798204,0.010694231215904322,0.48727554079586954,0.503294866430618,0.03468223833882864
2004-11-05,0.6264938573058529,-0.310111924775996,0.4548672288526949,0.5153165517583391,0.09099868078776994
2004-11-08,0.6786470105799978,0.035509892396709805,0.5558532113638252,0.33535264699949063,0.00862793492874323
2004-11-09,0.6286348661494449,-0.1579920664197163,0.4209663790208029,0.4020942383141224,0.08025391927895884
2004-11-10,0.6310259727825936,-0.11914943387397679,0.5290409358225958,0.37956414977796615,0.0033283675265625037
2004-11-11,0.6709239760759383,0.016748132498593228,0.5473707731914665,0.5221459198023495,0.05650782680790631
2004-11-12,0.636488342230394,0.12179264096646747,0.5454583993166391,0.45958229284261015,0.07948910791282782
2004-11-15,0.5952683208662546,-0.24584389431073272,0.5403546776717192,0.47620407931577496,0.017966282985780357
2004-11-16,0.635358891377284,-0.01788901837775173,0.44810434972664676,0.40578055003663777,0.09319675433732136
2004-11-17,0.6787179405998592,-0.47478182215769416,0.48598621258910824,0.48693041742478327,0.07757770429427713
2004-11-18,0.6176901764150675,0.14356960554659767,0.5391761200557438,0.44105701497142935,0.08722071541698279
2004-11-19,0.634384412516746,0.030804760345711238,0.44493500059613117,0.44707660040959385,0.005880412393827206
2004-11-22,0.7045967344908076,0.11255675678362775,0.5083789867253079,0.31052296168379634,0.060180938335335214
2004-11-23,0.6358551628748474,0.08546437021896658,0.4800284252359147,0.45862914715956327,0.009166465020246683
2004-11-24,0.6755230952491519,0.06922317658654381,0.46709245013004075,0.467885553834713,0.07747156078029484
2004-11-26,0.6384878598800058,0.265995218641364,0.5042401589041579,0.31677528036903213,0.08435764808117006
2004-11-29,0.6584303499374153,-0.19387653050714773,0.5669895299487047,0.24369732200890445,0.010232697942499015
2004-11-30,0.579481660203234,-0.18997879816991045,0.43775402670077224,0.5160953097503964,0.03851049520059287
2004-12-01,0.6710402012760508,0.18553286342531336,0.4827288149442193,0.3338478380382923,0.008377441358204674
2004-12-02,0.6513432915617924,0.02613734696032621,0.5528007516639427,0.34307811168497404,0.00760915960366384
2004-12-03,0.66405849015289,-0.04635109300821875,0.5088335540230439,0.3312678488553341,0.057605929729241445
2004-12-06,0.5960463662005193,-0.19666748913841442,0.577636724411608,0.4117473743209999,0.09055505411843537
2004-12-07,0.6392655632048503,0.4095962223541328,0.592476896616736,0.34302783667551373,0.05543976415209437
2004-12-08,0.6834428347485505,0.09158638081097346,0.6368968183671411,0.29569344162265565,0.05915307311866404
2004-12-09,0.6983747204590315,-0.022310741678306174,0.5743314629814427,0.34775771081413775,0.06519771610936113
2004-12-10,0.680395711092528,0.3624070195014315,0.6136681873917127,0.3328240317087338,0.02782483429885726
2004-12-13,0.6145716405497488,-0.09644188467458942,0.5306753237736818,0.48255660622455093,0.07714546660729532
2004-12-14,0.5906981263608435,-0.19511375935153627,0.5564487544972315,0.36615311554992513,0.044266750409388926
2004-12-15,0.6933511044943799,0.06634970675840338,0.519905827285631,0.42485729598639793,0.04279081597449237
2004-12-16,0.6810363263908117,0.12468383411761219,0.5225247089743441,0.24409031875739617,0.02691954684099364
2004-12-17,0.6189570010609518,0.0215305262528471,0.5346666961378574,0.5759750741322697,0.051190376741220706
2004-12-20,0.5799785173904038,0.1367864780748826,0.5367198812888099,0.41064151807940835,0.08874641165792502
2004-12-21,0.5424910793836019,0.015616489153440933,0.5237510938876848,0.4315770032446161,0.058960380963833575
2004-12-22,0.6604593819304092,-0.13295212862480196,0.6291465221705318,0.5348098187029067,0.05892384309116381
2004-12-23,0.6769770017696374,0.23575017697889478,0.5712351952324484,0.467498939707708,0.05191540636034802
2004-12-27,0.676969501245703,-0.10920933629833565,0.6008967894902902,0.7026826924580507,0.029245504675164558
2004-12-28,0.5889127509008072,0.11366086151514446,0.5681864517167605,0.4837459941716772,0.09830276642629776
2004-12-29,0.6231380416906229,0.15188787448955587,0.6075446361607196,0.4480107765510774,0.08994790970086497
2004-12-30,0.5896952501436599,-0.13468633348972933,0.5398172575444532,0.4396249487487785,0.06499146082821282
2004-12-31,0.6972788897617512,-0.10268148330266716,0.5714771415315278,0.599544774486661,0.053786743235838576
2005-01-03,0.5651326791886043,-0.3871504777261558,0.5335851236168269,0.36426192409464636,0.04921799312768456
2005-01-04,0.6366787935248053,0.07942558178265867,0.5508175995965873,0.3280595457440486,0.017628295140527196
2005-01-05,0.5696017122787147,0.12900492926964888,0.6075481313751739,0.30306151646689455,0.09793670917028893
2005-01-06,0.645930656091293,-0.07261833091467693,0.5275841285770827,0.6266901440359959,0.036188140014603645
2005-01-07,0.6372179727511628,0.07947306217258805,0.523665825975387,0.5716757971909182,0.05751118040368132
2005-01-10,0.6688358819174626,-0.103611586138449,0.5217022425326016,0.41476366672341314,0.032077105172986765
2005-01-11,0.6731060503662275,-0.17077227074514675,0.547359537209154,0.31885921645749593,0.05031339332731238
2005-01-12,0.5860532795894722,-0.18124151809239158,0.6113074392031694,0.46732270594535935,0.0762310687200144
2005-01-13,0.6195110547981316,0.3719203948179304,0.6144665958050906,0.6006859784314178,0.021181678393913494
2005-01-14,0.6713126301580843,-0.05508519839582118,0.6018229367750269,0.23133277162434265,0.01950299650794675
2005-01-18,0.6747456745964493,-0.13653683610837755,0.6312462604877613,0.44006853343881985,0.015422014622034842
2005-01-19,0.5877778112344919,0.08894754535715313,0.5366643448036277,0.5678223088644718,0.09831452795040768
2005-01-20,0.7047181603628847,-0.038528737025153484,0.4689916642302829,0.4763670141686766,0.058603621683213196
2005-01-21,0.6654450554117558,0.10498848951403027,0.50690292615902,0.46520989012905184,0.01270805590091535
2005-01-24,0.6664736920694904,-0.013894631331179842,0.5984491593183257,0.40167966791084486,0.08469786101733669
2005-01-25,0.6422277315688742,0.14701070233335045,0.5859798149241343,0.49420794912572297,0.01717563189680966
2005-01-26,0.6231975332611073,0.4537744867578945,0.6424480562854187,0.5085404170740523,0.043853626783233526
2005-01-27,0.5927215772099282,-0.2531306614879288,0.48564219077219595,0.41386594103523555,0.09528885890900032
2005-01-28,0.636673830039691,0.041590731635398615,0.5570712923296086,0.20576114733550163,0.015862371053338264
2005-01-31,0.7139186653261813,0.1678268805221801,0.561757824273584,0.3961821478706965,0.08687759544785806
2005-02-01,0.6668325107418882,-0.05540751974831909,0.5630981932505094,0.3552990275098198,0.00757596626009851
2005-02-02,0.6954717163527342,0.16235457672805165,0.5753074214635874,0.4389938408533909,0.007615319128565701
2005-02-03,0.6280821464795934,0.2562479027381012,0.6285251761234533,0.43149866439006884,0.06247828770570812
2005-02-04,0.6916519110958164,0.1640066954129979,0.6295201601588069,0.2831437595920311,0.0672176490869628
2005-02-07,0.685331235216657,0.23222225441734534,0.5244511540275492,0.37112603186460225,0.08129088836401521
2005-02-08,0.638360414949375,-0.3977759543545834,0.6244971912730959,0.45276203475199317,0.07274323061144038
2005-02-09,0.6645520944276868,0.07658552960678541,0.6731498354147604,0.5938089010554646,0.023291969726439255
2005-02-10,0.5393267036347714,0.35353626628170254,0.6683399916890129,0.5040123302681997,0.015408644859282518
2005-02-11,0.6868097521450657,-0.12473231160944497,0.6230254868617745,0.31105701310278605,0.048705465888189504
2005-02-14,0.567318617195532,0.12255612688255893,0.5312668631377836,0.27071470982865986,0.05567210820595639
2005-02-15,0.6887230236272173,0.1599511585859264,0.5068267971643677,0.2582941111354822,0.04515969578282561
2005-02-16,0.5762515814606015,0.09401768049268389,0.5138001885502741,0.37477809344077406,0.020684594012230696
2005-02-17,0.6033235750199808,-0.10661408772933455,0.46947670367019484,0.2343021608639426,0.06445207666460102
2005-02-18,0.6429470719933191,-0.07677862305457948,0.5493042199875332,0.4340998662989992,0.050942297698276066
2005-02-22,0.6245011960275073,-0.14288582585583828,0.6242516940187651,0.2603855485353379,0.05604336243647079
2005-02-23,0.6119894863729503,0.13257148085408743,0.6090071864372262,0.5039727082359042,0.07261802678712452
2005-02-24,0.7327941628469903,0.09733314353436306,0.4728385000511117,0.468406048287335,0.011064519930909601
2005-02-25,0.5545790281187397,-0.046538893672850044,0.49959401550726207,0.35002457725831987,0.08697356089060346
2005-02-28,0.7120250143104284,0.12849886318910164,0.48495585093665167,0.42873884830553755,0.03199446384511684
2005-03-01,0.6863725650684745,0.26673840182274383,0.5750458104477058,0.30954265774856604,0.01016488097508509
2005-03-02,0.5676289116266524,0.06650961208249505,0.6034636865439237,0.2260558578502061,0.02613161213898163
2005-03-03,0.6170826821129733,0.11684208548977844,0.693512617417795,0.45456935507915375,0.046270606310060185
2005-03-04,0.5756313758793803,0.01010144305673631,0.5813868324406533,0.26751404862876826,0.0010771424240823668
2005-03-07,0.7083677718689995,0.37560456953167476,0.5570897524329073,0.34444004125014416,0.008830941184524033
2005-03-08,0.6426922951260066,0.13105303333191617,0.6062626926427306,0.579742061364274,0.06667309453790386
2005-03-09,0.6352925932683512,-0.02682346328437781,0.6460841064691794,0.4623994330197789,0.07455749129312957
2005-03-10,0.6698148012198887,0.19386409417578251,0.5962896094654153,0.4326790773734233,0.09612661608356565
2005-03-11,0.6666403612911722,0.17698995398187392,0.5518463861256896,0.38003237124367667,0.005382302174075449
2005-03-14,0.6783149409782295,-0.0331665223193153,0.671367462397754,0.381962137523409,0.020962226682686047
2005-03-15,0.6585891958253616,-0.2667053442635789,0.6212198910038983,0.47012257705050703,0.0010925594094452153
2005-03-16,0.6333113447898775,0.09044078165025372,0.6066700128103484,0.4331044516449351,0.04081396364025047
2005-03-17,0.6772473558709625,0.138385974332744,0.6461619219852759,0.5279457922601324,0.025772781533553314
2005-03-18,0.7348522798262471,-0.06593713924880787,0.5583141437642991,0.46182319319499987,0.09851912353313079
2005-03-21,0.6351470972105827,-0.06592234732985706,0.6143594340512754,0.6313663418617913,0.001112469530696736
2005-03-22,0.6012798629755514,0.3420341738064743,0.5211994897011525,0.3654065783480087,0.07804379566282822
2005-03-23,0.6683586017063037,0.1555099534582971,0.5487782629552876,0.5431658440482412,0.01163479337078548
2005-03-24,0.7724245514573586,0.1259755081528922,0.4880577808209985,0.4036489377398565,0.0019811022704478098
2005-03-28,0.6360440976622874,0.13133252328320746,0.6382267441364929,0.21263115094867086,0.09994336653314177
2005-03-29,0.745968714014377,0.03440946157075859,0.6343900674303121,0.4296600281132244,0.022779243602108503
2005-03-30,0.6055405453804881,0.03943704309424751,0.5025125668893513,0.6124460969017599,0.08355998481583549
2005-03-31,0.6012525186566005,-0.07103342845355733,0.6543103916131366,0.43523080270391784,0.09998762183535598
2005-04-01,0.770694013961091,0.20724943200190943,0.600387724633703,0.5139085211607348,0.032778982354863616
2005-04-04,0.6451826851373351,-0.03600157273928617,0.5360263314805592,0.14900484089892624,0.08786209583925392
2005-04-05,0.5588779733331988,-0.15764475679363232,0.6132820957746125,0.6139873303952601,0.0718792689820792
2005-04-06,0.627486852118219,0.4271598493990773,0.6558485720735279,0.5693833850317668,0.018317355998601882
2005-04-07,0.6391985916280051,0.06756082391509148,0.650059489216052,0.5333745984447649,0.089439934195667
2005-04-08,0.6650729377116266,0.09906055160165209,0.5724304809267051,0.0870931077988541,0.0014768429123842909
2005-04-11,0.5816284825067233,0.18170723571059433,0.5747409885314541,0.3272097970559884,0.02821963236313413
2005-04-12,0.6208316189626195,0.2509401598562287,0.7020689434501003,0.4339995410770757,0.06795597191923713
2005-04-13,0.6885198426263206,-0.31914389274327865,0.6253719315076365,0.49142905258054015,0.07078598450032607
2005-04-14,0.6513422808505464,-0.2490242053253188,0.5826744376901257,0.334161239604762,0.07390914372071593
2005-04-15,0.7003726911835246,0.1610064090387495,0.5670064016415847,0.3878206437249965,0.04433026779180991
2005-04-18,0.6464456955331368,-0.10197177784127087,0.605252295659249,0.3351822103441479,0.07934668202421398
2005-04-19,0.6057681978753677,0.1290661326005385,0.638751279086944,0.4748019198229875,0.013166135383732326
2005-04-20,0.6919242335394484,0.025253928106983473,0.5792139676185966,0.3580894924440601,0.024932176201557788
2005-04-21,0.524890779611759,0.2987572591581386,0.5640714311011532,0.5621637824264977,0.07714456737047612
2005-04-22,0.6267756149498528,-0.16866823778729756,0.6444570562051825,0.4495464313412253,0.0077213117495110286
2005-04-25,0.7438545825458207,-0.21450598773802354,0.567506649878706,0.29994217038567883,0.02384197141397214
2005-04-26,0.6878415255419975,-0.004101934156164659,0.6464733857036277,0.37379720781789944,0.08797871279664571
2005-04-27,0.5994459242805227,-0.021683721468162484,0.5689438809024568,0.4583078032977737,0.004331011851639733
2005-04-28,0.5789136777947587,-0.00019841106120303023,0.5985300483300939,0.4934799062458963,0.070782099293818
2005-04-29,0.6328219279470539,0.2721196722633112,0.5707389948378483,0.4280070565604729,0.09089012714960565
2005-05-02,0.6554157608604637,0.20141010583333482,0.671231303236121,0.4180156341532029,0.06260644255585172
2005-05-03,0.6210629140227921,-0.06346472775488424,0.6158619002943091,0.4697807066895642,0.020395440815021284
2005-05-04,0.6462189254424124,-0.2787336016358927,0.5896997484402815,0.4783728228963332,0.08916222223214498
2005-05-05,0.6119515383706182,-0.07202681484980422,0.5592776408128043,0.30389564753602727,0.02300515402007726
2005-05-06,0.6354310651761906,-0.01735997800243878,0.6840683492553796,0.22557006364552887,0.03873774124770865
2005-05-09,0.6514200848725528,0.07880595040487663,0.5395457876968524,0.35483278702430177,0.0417656270876837
2005-05-10,0.6245437484853474,-0.23709362280672241,0.6267738936031937,0.3314439165016693,0.008966607910775337
2005-05-11,0.7117292869512368,-0.13454057281252474,0.5902406613847524,0.2775917011709125,0.031494668905411936
2005-05-12,0.5794389194332992,0.22692357946079317,0.5598959577970397,0.5213991284296509,0.013562948757795923
2005-05-13,0.5950286472819032,0.42298332099354785,0.5745877726973668,0.3517109211199955,0.06800500703176972
2005-05-16,0.624001704069545,-0.10818362652853242,0.6355137340873261,0.38962156144404425,0.08748246553754196
2005-05-17,0.5868370266231381,-0.20938408302671135,0.6097530167964377,0.2490006976662923,0.06936711604192644
2005-05-18,0.5451456169868183,0.24853003862013698,0.5892427609312342,0.24339862548051386,0.06063476353811451
2005-05-19,0.6156259877294898,-0.34183090100884045,0.6059540556421897,0.35986977784103874,0.021176201342917755
2005-05-20,0.6836897713442796,0.20713395473499877,0.5327511510959,0.42902836484355567,0.003973066835412798
2005-05-23,0.6576528975852343,-0.18533201480225284,0.4966511370024095,0.5203017543175144,0.002308105329366761
2005-05-24,0.5371003933556885,-0.05074628478228204,0.6527784504275493,0.5495753652749962,0.048709720090067216
2005-05-25,0.612831306693572,-0.4501977535294825,0.6015922748985603,0.45981720215163985,0.05245084028138885
2005-05-26,0.6390985949341166,0.17414619265200373,0.5680047201932545,0.33944520261821776,0.042696057665595755
2005-05-27,0.6671484030695254,0.2541876172404036,0.5112634281495086,0.4968480948066198,0.09284553921480007
2005-05-31,0.6371390552124511,0.27836195346742093,0.5913911526735574,0.4501311379935808,0.04181193927325816
2005-06-01,0.7178780624837751,-0.2376658149385855,0.5406816750881004,0.2538537397442553,0.0909145859299183
2005-06-02,0.5382945206554447,0.22862941691184507,0.5365708887398566,0.4680626207735748,0.053705581393801174
2005-06-03,0.6416961050015882,0.11456054208575686,0.6660426438360824,0.2441275181736703,0.015028701919600474
2005-06-06,0.543640189225578,0.20442694227127758,0.6852353081031726,0.46055035948884515,0.034730912662871476
2005-06-07,0.6581634461876045,-0.3357946109103112,0.5544471722440357,0.3859294196348291,0.0008788449357994277
2005-06-08,0.6233191212171187,0.0681199179503278,0.5920422405710045,0.5248778381087817,0.06611501626138257
2005-06-09,0.6035781986788223,-0.044004266079373244,0.5675913649692934,0.501123534722811,0.07905153763899175
2005-06-10,0.6354759569673998,-0.027625723560200835,0.5119724292617935,0.2633185739179057,0.007417048646828195
2005-06-13,0.7732639741617995,-0.3302657995408799,0.5692046923660042,0.3278105396153508,0.0614909282309502
2005-06-14,0.6731722528342967,0.04714514288456137,0.5817050793595889,0.5207389682183027,0.011341043818101582
2005-06-15,0.6444722953585906,0.23293070526506165,0.5921634344699966,0.3665855401713592,0.02984974455773556
2005-06-16,0.6486033847790569,0.19589182762144347,0.5750245942208214,0.2835758417176928,0.03640537138134855
2005-06-17,0.6517579488016861,-0.030223781932731106,0.6338670453415367,0.31792486084138355,0.09716605227736377
2005-06-20,0.7069142842097793,0.26991391339791065,0.5369793294149672,0.45210335201204466,0.03474874671757786
2005-06-21,0.678625916717471,-0.30650554728060597,0.5995501296544264,0.4675952967772318,0.0287163587063373
2005-06-22,0.6035872975735612,0.08027025287010206,0.6032767156220209,0.5062859893060586,0.015567913404309564
2005-06-23,0.6698688391138745,0.002540011874859876,0.5471134899628808,0.504875312376775,0.053480065368477374
2005-06-24,0.6433461611922893,-0.07126490736232984,0.5061222618860212,0.6289677633548544,0.05723092685254943
2005-06-27,0.5723757306990498,-0.34367115494849965,0.5197458790934065,0.3569734658218882,0.07249128997462556
2005-06-28,0.7418580668779399,0.1359846497720986,0.539801466058822,0.5024469505427115,0.06332540378905425
2005-06-29,0.741275562889823,0.07948210130489614,0.5321937121033651,0.37193843214454286,0.032448372716154084
2005-06-30,0.6624524705212258,-0.3147771590495687,0.5899539453446179,0.37029873709507555,0.024689341059723716
2005-07-01,0.68100752836621,0.10635202973091154,0.4961511079104827,0.33992221773925513,0.05437019220955498
2005-07-05,0.6359356607502693,0.08787868794311915,0.515422885045748,0.36646555825322513,0.0957775770920823
2005-07-06,0.6897211700998076,-0.025028806470745707,0.47378358689199773,0.42560028419085355,0.016514260102997082
2005-07-07,0.5880674699942495,0.2470121406407333,0.5382481472771601,0.4816763859370977,0.08472312030226083
2005-07-08,0.6258198875498405,-0.1832023135223974,0.6257033418883569,0.47273753808065344,0.09179771461363796
2005-07-11,0.7240727899695338,0.25169866391491613,0.5974621423069733,0.31518824128749334,0.07027696068756029
2005-07-12,0.6110625665963171,0.038673326698986814,0.5800131616036739,0.2705166557152985,0.020408692430496145
2005-07-13,0.7045414250666981,-0.039291917600805706,0.584755882794828,0.3609685964967034,0.09607303451797164
2005-07-14,0.64240429943835,0.10632757308455748,0.595364064613997,0.4133038473146243,0.06695260493728643
2005-07-15,0.6216452392252936,0.05434561911929651,0.572796326239804,0.5540096990095434,0.04680538753600347
2005-07-18,0.6690324276913605,0.19712870101685342,0.6463519023854385,0.4793875054505361,0.038241472664725606
2005-07-19,0.6802614370404977,0.5394441142941384,0.4883856573191431,0.5071817120751215,0.06246295560298331
2005-07-20,0.6280890713126962,-0.11303106841507188,0.6026762477103632,0.5062133131008487,0.022960772334173065
2005-07-21,0.6661200449258489,0.23563482847519746,0.5549433241372831,0.2879289123581029,0.08589861653410309
2005-07-22,0.6359921160891552,0.2516903567692052,0.47762558520944565,0.5353037583689652,0.010445636019579119
2005-07-25,0.6527134232978907,-0.2242061040682807,0.5076273935487727,0.4460837512869618,0.006068868834134167
2005-07-26,0.5582691482690776,-0.2875188404706679,0.4591568040013035,0.14250892380516433,0.09502692686552794
2005-07-27,0.674209214078654,-0.11818622681892399,0.5145105675582776,0.5233817815765799,0.06265776010391419
2005-07-28,0.5668261108227901,0.04807503971692074,0.5594868467079731,0.4324504501565506,0.08869338721906934
2005-07-29,0.7134102163709115,-0.12436095122289315,0.5587007975102806,0.3857080629178852,0.07156297405702573
2005-08-01,0.5908518345691585,-0.08261684842921972,0.4626777825814312,0.4192242281208066,0.08451282021103129
2005-08-02,0.6180920784834844,-0.021005927073403333,0.49419711348548184,0.42866623873272697,0.09816353656202942
2005-08-03,0.6575059544068435,-0.1142505619693533,0.5544347679289586,0.3355167548207671,0.0764532090875573
2005-08-04,0.6212853353443705,-0.05716492029601348,0.4690526983333066,0.5135231477874781,0.04812366050514545
2005-08-05,0.6746022094912726,-0.012395360386730081,0.5927648418181899,0.523694023713322,0.05010132645022347
2005-08-08,0.5683204617101801,0.19885216296499186,0.5265026247026031,0.33023048272664635,0.03162768346744761
2005-08-09,0.7030293892641385,-0.03503932025852697,0.46652446256477226,0.3354642137176416,0.0034923096285396694
2005-08-10,0.7217345087116926,0.2199801129328055,0.5211143731968988,0.371521351969342,0.09825555015055226
2005-08-11,0.6287151791977597,-0.018584926534122366,0.5874676113541573,0.3864694213403923,0.06268877623947906
2005-08-12,0.6388984378743147,0.16296124991010832,0.5304617163311506,0.40102266944581394,0.0808733594113827
2005-08-15,0.6592236801454014,0.4203976239765636,0.38051552607907513,0.34983816808233387,0.06647938792466716
2005-08-16,0.6330722251359451,0.17649934167920733,0.4666758076300606,0.4826862000012346,0.054113432615304824
2005-08-17,0.5545894874157223,-0.0849540102882334,0.4959205680710697,0.4162132371422994,0.09581477644734428
2005-08-18,0.5946539548801338,-0.23278370805102205,0.5444475055650267,0.29817997815172054,0.01679323197980741
2005-08-19,0.6697034711427928,-0.25520606786160166,0.5216921287258981,0.35408639879636394,0.08154185935188449
2005-08-22,0.6273900331172784,0.5410575922112273,0.4834940308788955,0.30586395075275813,0.0687372759442854
2005-08-23,0.7132951392275424,0.22391576543991035,0.5270385913966601,0.40295340231560833,0.02882194918895601
2005-08-24,0.6971512006176521,-0.12380939395758797,0.541512095890609,0.3628002285910501,0.07793397367131898
2005-08-25,0.6146117379025422,-0.2914952244250604,0.47964080094262673,0.25441886593035185,0.08036509169462824
2005-08-26,0.6824661706767065,0.14618113069283548,0.5014020314139749,0.37785331055052584,0.06794319696192903
2005-08-29,0.7213200354888545,0.08893588092800475,0.5466601693260682,0.4212675328691448,0.09056483504058636
2005-08-30,0.6333800103752015,-0.059585473354579824,0.624521698531565,0.33822261311160784,0.023402189499970208
2005-08-31,0.6509662208589179,0.06839107596220104,0.46825178508158605,0.4821897428254931,0.05796166077902523
2005-09-01,0.7180342494459393,0.02024578309182032,0.4535165133962421,0.36559035920206695,0.0008637305259972861
2005-09-02,0.6281759340922777,-0.17223375080449776,0.500603639756142,0.45161580336026197,0.056180041349026946
2005-09-06,0.6847752857419179,0.18256934605832442,0.5347302968462937,0.4810281781032723,0.016836281226789596
2005-09-07,0.6058078831186942,-0.10537288251732897,0.4102864496543299,0.4245702434310401,0.0931848886135316
2005-09-08,0.6690893818900475,-0.3210891185013839,0.5383684568037481,0.284236371739397,0.09455307881150925
2005-09-09,0.6180904659106274,-0.041629398289662944,0.526987755601623,0.3718844700842919,0.046017836159583825
2005-09-12,0.6795438205463138,-0.07702166982144797,0.5461179641450419,0.42643281969238656,0.05569244582581267
2005-09-13,0.7140417388749583,0.24209382083706618,0.512672961351505,0.3862190720606736,0.05522746071655941
2005-09-14,0.7019828610046244,-0.08857728766059363,0.4473962479185492,0.38304532888709214,0.027712683144308872
2005-09-15,0.6527941141199538,0.044598115082111894,0.5394347647967008,0.32119954361850006,0.02487796966183984
2005-09-16,0.6161998647117732,-0.20016589444313856,0.5066154461757384,0.4579856969413348,0.008156995127671386
2005-09-19,0.5631649717057428,0.09174400237971772,0.557908691527999,0.3331592769990769,0.07736257355770322
2005-09-20,0.6708141731545563,0.06644247169812291,0.45993052492739894,0.4615313305181835,0.009954418622752294
2005-09-21,0.6353147398847967,0.17996573030877583,0.5411642995869125,0.3758916019081919,0.028930851476344024
2005-09-22,0.7019654747689462,-0.2634223715180836,0.47823225459834584,0.4508004563598578,0.001873439910789787
2005-09-23,0.6313006259499467,-0.1913293239163719,0.45258315760606493,0.5942962034022947,0.032295000441235934
2005-09-26,0.6684918701185079,0.061101942560611924,0.5202551479975972,0.5095030859107528,0.023968383589286414
2005-09-27,0.6321312354150143,-0.07863144759567976,0.5035052888058745,0.30276919730081264,0.013907363782086679
2005-09-28,0.6031867170617445,-0.23667493963289427,0.5706461389767328,0.32178249289496047,0.029856672552631403
2005-09-29,0.6628301535326452,-0.08928391356589184,0.4730758025837472,0.4078248063144489,0.04100900967825233
2005-09-30,0.6486563476836361,-0.0669195488121837,0.47004181260814637,0.541540122645073,0.019540312830610796
2005-10-03,0.7117428009961808,0.023617551915491843,0.5902629332122982,0.4084141648159551,0.09967868455295681
2005-10-04,0.7965838779015568,-0.06479652335650868,0.5494049969160375,0.49632523372438175,0.03606907813676065
2005-10-05,0.7462616259806538,0.016718874291354734,0.46160283580960604,0.40644703517178715,0.05319931096826276
2005-10-06,0.6225361379975105,-0.144312015458356,0.5535042937972551,0.3442904731206486,0.08757611291803401
2005-10-07,0.6652199510045316,0.43582669929710793,0.3759755412906751,0.17739963505694303,0.062150693205181545
2005-10-10,0.609879107653398,0.14277488240679045,0.4723676275253513,0.39336375125468986,0.09038555005200222
2005-10-11,0.5391825664221639,0.08437384677010937,0.5783434964917619,0.24618100840419838,0.0953934573415881
2005-10-12,0.7620285717489149,-0.16388766858356674,0.47925359733609774,0.38479193972311104,0.0025891583826338385
2005-10-13,0.6490975762591588,-0.01148820832139859,0.5108120319015146,0.46347782207783145,0.09108974196942608
2005-10-14,0.6616550421015394,0.43749059456846623,0.4946638750557562,0.32200064408864837,0.0017201137811440727
2005-10-17,0.6712975492519869,0.17549802368804768,0.5155223292888718,0.30141274967597076,0.09353467680892967
2005-10-18,0.5771472582616318,-0.4779373724628845,0.6221506201370706,0.5479664945599222,0.0777563431837604
2005-10-19,0.6948099041072493,-0.21566329438963416,0.4847420745259546,0.4854621502477372,0.09516471505311122
2005-10-20,0.572627399789082,-0.187803731369016,0.4641195315558271,0.3169959060744612,0.046854715466764424
2005-10-21,0.5989032950596925,-0.4324382317357026,0.5691576313747325,0.4223992203553161,0.009461298754834003
2005-10-24,0.6287567690500327,-0.021330631470380033,0.6041101546364342,0.5833604031930808,0.06961333200075212
2005-10-25,0.5429846411318353,-0.31130248030885843,0.5113009608743851,0.5052296293959291,0.04089807204725478
2005-10-26,0.6209358266555288,0.03502641364349986,0.509547191874855,0.37395416185352376,0.08071996211518277
2005-10-27,0.6678705512765178,-0.20463186594973767,0.5460403356913488,0.2300089570070475,0.09053729501563951
2005-10-28,0.5778039642291266,0.007798321896112636,0.5316394831491099,0.476735056653556,0.01657731172122099
2005-10-31,0.593122853660732,0.0025389615142549834,0.46661345960928235,0.3397580620484507,0.06521843517396962
2005-11-01,0.5936250323597879,0.203730055830565,0.5113756013352582,0.35239247406724955,0.04129958533881578
2005-11-02,0.6435922215373208,0.2751029543285561,0.4494393765290072,0.27508144258805517,0.0237207561426116
2005-11-03,0.654585225447818,0.2950616210820411,0.5514678950198281,0.3057512125387729,0.07914847400291943
2005-11-04,0.6380870819449931,-0.09615819911532876,0.5004167390127184,0.5167939889996592,0.0008916362716126836
2005-11-07,0.7123740447075966,-0.062190324794407836,0.5135437718831614,0.4256719374793192,0.057177573604604265
2005-11-08,0.7026716739491199,-0.13757380745959147,0.5462436234912642,0.33452364863160894,0.03257021640749066
2005-11-09,0.6736000127192224,0.02978853285634659,0.5020642845626616,0.34630185209292164,0.06977236196626867
2005-11-10,0.6451086654910333,-0.19727320738416088,0.4733687715756152,0.3500220366865815,0.08452178206348826
2005-11-11,0.6832650426884834,0.09223355824007134,0.4569461504346016,0.40443284899537096,0.006722824387127169
2005-11-14,0.6413052591159069,-0.04234979347504635,0.47468642555214224,0.291345784515208,0.0320185082121597
2005-11-15,0.6953637849246467,-0.08118532048202662,0.4869496030656647,0.2897419974143477,0.08596839419089287
2005-11-16,0.532334261504755,0.1544615118931058,0.3975522626841544,0.2594943175363492,0.04946307146468276
2005-11-17,0.6185525760990833,-0.11315064277083764,0.5179020926536007,0.2827169361494286,0.0013334288250013372
2005-11-18,0.6569379432485339,-0.2335397172426495,0.5594975915545567,0.3891361855701826,0.053110060462957714
2005-11-21,0.6685551222713648,0.27111203806223133,0.511164213596509,0.4835879190397941,0.06735139004918074
2005-11-22,0.7412678083201479,0.35539582971379047,0.49380728308931265,0.190938502162024,0.020197721938815184
2005-11-23,0.6304662792721849,-0.36693812647172463,0.47487650033377005,0.41687054203971824,0.004138857141352825
2005-11-25,0.6377980935474131,-0.2061289473497594,0.5071543161962183,0.3553550645187422,0.06395134146119513
2005-11-28,0.7186916065164928,0.3921624439061598,0.5033644576717858,0.2873352043999256,0.013129446429116943
2005-11-29,0.6510472295499894,-0.33330931716550993,0.5266019330019732,0.30399160686495913,0.08206944149337783
2005-11-30,0.730863598884008,0.2770842566634562,0.4939837958308342,0.6057599761658795,0.05715561343262104
2005-12-01,0.6783192725622443,0.07821063859274398,0.5224364520354061,0.381516969481667,0.012786386820472041
2005-12-02,0.633225086415529,-0.07761305858762564,0.5010189812331117,0.32081273782836034,0.03877542782608802
2005-12-05,0.6421016361745802,0.37778875305200804,0.5426064271088711,0.5390617561309522,0.018351656127461823
2005-12-06,0.6201950277921947,0.39617029945941834,0.47895415014019616,0.265047955897971,0.058376346780121435
2005-12-07,0.5998696313606671,-0.21993076283794283,0.49317902450419226,0.22650134849296719,0.03617763228683588
2005-12-08,0.6648178286309377,0.49587561613163733,0.47196725637455483,0.40910681805957494,0.005455454678698657
2005-12-09,0.6146986869465941,0.2153142347937096,0.5995339291678599,0.44290258282588757,0.010728991297339452
2005-12-12,0.6351051906095183,0.05483120324969844,0.5639110088555955,0.31280663283335913,0.08562655754984266
2005-12-13,0.6400655955611176,-0.11230141157092442,0.5691566457865214,0.27442561459207954,0.06546798711934809
2005-12-14,0.6700849299182133,-0.08917917000172024,0.554523590792599,0.27504131433238643,0.055655557788694215
2005-12-15,0.6454537416301797,0.2183648714931984,0.5735720961820054,0.6074547566196813,0.011786101091512803
2005-12-16,0.6488907524118147,0.09269841397361563,0.49665215900930876,0.3589231417324675,0.04343561040730845
2005-12-19,0.6859158537525233,-0.3747740218989376,0.542250976552312,0.45972751016801383,0.0334186923788961
2005-12-20,0.6450092578899014,0.003025144857633408,0.4770917615291986,0.38091670592600985,0.09309820340338021
2005-12-21,0.6557585056829695,0.027785003584359914,0.5291993210551776,0.42737545362299556,0.027832854653281405
2005-12-22,0.7085996695827403,-0.1708584252706381,0.4461093087307024,0.461905562243764,0.08067813093808418
2005-12-23,0.5895888638540699,-0.31951601605721125,0.5270413355086786,0.3271038925298451,0.054612749191888445
2005-12-27,0.5880485809424093,0.28575282487807047,0.5267449114980234,0.5142166073754108,0.014275462446061461
2005-12-28,0.6041499180367101,0.03782229572155959,0.5238590066798854,0.23044301028028003,0.00402051493326373
2005-12-29,0.729461411373744,-0.13928417315099825,0.6128478925964486,0.49812837330181226,0.028308246533084804
2005-12-30,0.6950170913035602,0.3782757290175749,0.48666038525520444,0.5603918280608674,0.04867054536605611
2006-01-03,0.7155221106343196,0.14752448495032533,0.5107757980290967,0.4552125587242217,0.0626169057459479
2006-01-04,0.6664597146459538,-0.05988040266198255,0.5983126386738811,0.4734430401860238,0.035635536696879244
2006-01-05,0.6282880292609326,0.18778084163459138,0.4617784736120193,0.4548248660714169,0.08570319898208473
2006-01-06,0.6746902222969215,0.17573564871057215,0.562804217783524,0.47959799106950973,0.07368505205865346
2006-01-09,0.6640687091175655,0.02146770555352331,0.6206525306397122,0.4183043864294856,0.0359359977869742
2006-01-10,0.6424955052961868,-0.12504067381273556,0.5677660976775335,0.3971436743427245,0.09387461606757323
2006-01-11,0.691275597853249,-0.012698537518053716,0.5380244143785481,0.4840516099967525,0.07254026308907707
2006-01-12,0.6136816946169966,-0.04474415873168172,0.6294712961846262,0.4308531996453683,0.0942922102872675
2006-01-13,0.6343893330343854,-0.12817625976773894,0.6034216752653275,0.2632551724379497,0.06266870145144497
2006-01-17,0.6214909744219628,0.029514603443719718,0.5548334124347172,0.3969999473493129,0.009934075539508702
2006-01-18,0.6326928984982049,0.04883734038530704,0.6600486601305634,0.4167513219451465,0.019758590667907805
2006-01-19,0.5780130813143542,0.25016231702644415,0.5822234370504715,0.17109976588320774,0.03526564767126405
2006-01-20,0.6911205168702805,0.027234828089682535,0.5213713229356821,0.45230959596279624,0.036671757272723905
2006-01-23,0.6910645499188021,0.13220415307288072,0.605660593473473,0.4218913788530684,0.029354037670239877
2006-01-24,0.6744280222483258,-0.26655823401559287,0.5342696940910834,0.48771428501843717,0.0012125429878286243
2006-01-25,0.6728267626424465,0.05160860659582739,0.5392195076705064,0.3791482691125745,0.00833258145770598
2006-01-26,0.6772229902794649,0.0790823360020515,0.5688627315081916,0.22320768362450216,0.013480503909088627
2006-01-27,0.6638794662665009,0.18932694682434684,0.5785041310150248,0.348287654781054,0.031214781964693517
2006-01-30,0.6785212892433428,-0.06059166959286547,0.6535172543951132,0.3880403520773655,0.07963415898984051
2006-01-31,0.6717230565185986,-0.060593997856775744,0.5234636932936225,0.5370364631253597,0.08678968244394297
2006-02-01,0.6408747062080642,0.10177140200317206,0.5376425824645021,0.379667348230214,0.07261186412641708
2006-02-02,0.6360837246553532,-0.3193716386967795,0.5922872273528491,0.3348016881852054,0.0776558706256393
2006-02-03,0.6723885892358887,0.16722024187834583,0.5209660502695943,0.371126482310137,0.06856379022194295
2006-02-06,0.7108101245584137,-0.2596963444511659,0.5953483982505863,0.47094946981865954,0.07103448122854687
2006-02-07,0.643081398237168,0.0732077179565648,0.5161378848051695,0.44171355015856456,0.03787474383283819
2006-02-08,0.503618211099911,0.37871930148606253,0.6500164248605834,0.28873521219491255,0.0771900071263986
2006-02-09,0.7166597830243105,-0.08230699841522869,0.48397849800768755,0.6103575258987662,0.015007135237847902
2006-02-10,0.6828622066235548,0.06608090747157234,0.6488400648940233,0.24567297856786216,0.07449814123711014
2006-02-13,0.7042913126502458,0.09379523778446103,0.5758482489119945,0.28582246449549986,0.057447659704474345
2006-02-14,0.7452846088944826,-0.19141964796344138,0.6766692704445271,0.3681607419418924,0.07160957190449864
2006-02-15,0.75398187615802,0.014737835760752714,0.6508134922539321,0.32632978892401865,0.05199353529641261
2006-02-16,0.5927582881949351,-0.05449176152195352,0.5587232911062436,0.44230530588515615,0.09218125364432798
2006-02-17,0.6492260900668168,0.14241140922457604,0.5807332235252375,0.3995853177543022,0.09073761932051827
2006-02-21,0.6206554346856282,-0.10651990914910986,0.5167841780446819,0.41151341368393163,0.007566604140661837
2006-02-22,0.6807944740158476,-0.020923569254316154,0.516702634494163,0.393450331812908,0.01283985885471093
2006-02-23,0.6147050033909672,0.30686658874293676,0.5369982794611989,0.4187679504670526,0.004710115702174867
2006-02-24,0.6830783074685317,-0.2969551444185951,0.5047183697593252,0.5129366845323544,0.07672665816251228
2006-02-27,0.6782123441263322,0.24712552640295976,0.5914213593128052,0.4460353629982225,0.06539009374337372
2006-02-28,0.6622281386703617,-0.17451910818469288,0.5687364802178838,0.21622541461794115,0.06472721282427953
2006-03-01,0.7199334300586869,0.17501031335981349,0.49451575545654575,0.36345122184848244,0.08433263406451268
2006-03-02,0.7288681263028339,0.15718293231784453,0.5778198719468177,0.364888572322529,0.015011137716495272
2006-03-03,0.6447257049222561,0.35680617801370196,0.6239208880936885,0.33473790059112307,0.03431988831410648
2006-03-06,0.5936156049996961,-0.1199303704845087,0.6339090624456579,0.4715319224285454,0.025333881774869282
2006-03-07,0.4573110158010387,-0.14081246467022765,0.6217909644300668,0.3088388659739232,0.0670459420458674
2006-03-08,0.658212916529686,-0.21940644534740872,0.5866475364789345,0.3180248148139602,0.08521737101170623
2006-03-09,0.5914053539102149,-0.057389705695144524,0.6309795773920531,0.3491706045525108,0.09029387318789972
2006-03-10,0.6163631571681611,-0.02612311719676523,0.5913084132943304,0.35633216092420394,0.08790620914210479
2006-03-13,0.6756330694219779,0.14936588711829607,0.557514118306729,0.4363227883473889,0.0224099340301714
2006-03-14,0.6525863292070684,-0.11696371262588086,0.6150362415037158,0.4083324994214413,0.08795869693541138
2006-03-15,0.6915424505652827,-0.21147777066104895,0.5948945379268886,0.32928766734357307,0.047280071327668774
2006-03-16,0.6239800510274769,0.08781175315258065,0.5713861690168215,0.49583493471209217,0.019371614054028555
2006-03-17,0.6847382358767696,-0.19964154829274627,0.5884587939240719,0.4075760288412371,0.08994767696288666
2006-03-20,0.7597887681908307,-0.11435833641181055,0.5986329007237396,0.3529255529832807,0.04614930356544823
2006-03-21,0.7455165962385244,-0.22379811713775186,0.7043015695758619,0.5329966861452631,0.0808831135663713
2006-03-22,0.5462783724178019,0.1357963081335326,0.6360284663912648,0.37154695216900724,0.03030269560102844
2006-03-23,0.6384303659276304,-0.016431970497392895,0.655041701881091,0.24914671868208516,0.0914675180043253
2006-03-24,0.6347827516809247,-0.056467643977730464,0.626088290467399,0.3955953059640208,0.08083987874936006
2006-03-27,0.7171473650573963,-0.1838702962706,0.6712849924597128,0.3026423101953568,0.07742165880087656
2006-03-28,0.7045117431305179,-0.0058780367394546265,0.5483920425627685,0.37109002042207667,0.09784365453433627
2006-03-29,0.6322066330995838,0.13476156356056943,0.5638090775622255,0.3765347259183644,0.02537578132820889
2006-03-30,0.6111510399389954,-0.4041332469126971,0.5421073361956525,0.47529544137581536,0.023809472223527264
2006-03-31,0.6849807540759826,0.21177281173099255,0.6811472349798018,0.28508548821078167,0.0629916141745532
2006-04-03,0.636968470432972,0.3671273301148165,0.5710508570432675,0.45198763904027855,0.00047941430067397487
2006-04-04,0.6457218477427018,0.049671148454653535,0.6497195629165887,0.32333226870937504,0.02883242284829255
2006-04-05,0.5150831883655344,0.3796832670688941,0.5094937112854587,0.3899810931964623,0.09092004203326615
2006-04-06,0.6820127960431801,-0.1469642199935167,0.6105784244931415,0.45614626643572237,0.08970717049738051
2006-04-07,0.755971571920913,-0.03163797736416134,0.5623435934572077,0.4126978766043277,0.08514892786002382
2006-04-10,0.6393741088101045,-0.11415947729815988,0.6126411837572634,0.4175537439140906,0.04125415093449722
2006-04-11,0.6172327337212324,-0.09923308234693773,0.6647257523468123,0.4527389387868531,0.07468809574322254
2006-04-12,0.7133145831288544,0.21774700715097134,0.6330234650897628,0.33870116018728486,0.06614890317776632
2006-04-13,0.6476715796413424,0.052949134511639684,0.5800911262438397,0.3381423067830088,0.08959974762540901
2006-04-17,0.666306945206266,0.31424861926781733,0.66064197551018,0.40774508739054366,0.02423746977498128
2006-04-18,0.6511138697331765,-0.09537889190838011,0.5709950649277691,0.29359222530704615,0.08685176386297734
2006-04-19,0.6638929065828278,0.23050499993481563,0.5943114560078469,0.42460438500230774,0.09937591871488341
2006-04-20,0.5984007859707607,-0.1233288701610894,0.5926569546579337,0.5425027671614038,0.054043223657124696
2006-04-21,0.6822053596619613,-0.13850701508702182,0.5073547437152095,0.25456292758054533,0.046425711246472316
2006-04-24,0.5832228595408575,-0.3656303036035185,0.6642898833822214,0.40846514977111203,0.093406346912576
2006-04-25,0.6365019883957839,0.19866369049051613,0.528188228127739,0.305901810873246,0.0002338556120823121
2006-04-26,0.5940344347438137,-0.20296597023744628,0.5622365039787304,0.4181399832734872,0.026733557013401067
2006-04-27,0.6373529406728539,-0.07232465089468608,0.6570043798405422,0.36132839585663235,0.09938097382640339
2006-04-28,0.6430876651749697,-0.22855378872025622,0.5716890321753906,0.44776608448821753,0.006957811307486217
2006-05-01,0.6469233589617538,-0.06320559705769034,0.530133063873559,0.5569687327652706,0.019493097319851882
2006-05-02,0.6654763562672859,0.10465601838752721,0.5777444257064351,0.3573123450377699,0.07799047588441689
2006-05-03,0.6331421229603281,-0.053219590146580564,0.5652255022562701,0.37188979164389296,0.012650803462950123
2006-05-04,0.7348071113606186,-0.11223044776199764,0.6077867478632404,0.47199533239354546,0.02007577315083329
2006-05-05,0.6999620091523618,-0.45077525679608127,0.5912762808868258,0.39148036869677905,0.04826085785508194
2006-05-08,0.6883499224547024,0.19226569371110902,0.5971873034860817,0.5858057244886015,0.02202738727115422
2006-05-09,0.6748602895729773,0.21707332782653654,0.627720971535459,0.4797540235271767,0.027357700652356445
2006-05-10,0.5939253319880303,-0.1391036499656568,0.5507952834744,0.19437440227130587,0.0201953811156526
2006-05-11,0.6689001035082788,-0.24636826369148204,0.6322984818494566,0.3611899819699026,0.08464484825158514
2006-05-12,0.715603828622623,0.46631564231962974,0.549410343157063,0.47185998075641367,0.06828722870246892
2006-05-15,0.6021705650502208,-0.02517030585000614,0.5902585462130514,0.39769822279898626,0.05505605920796221
2006-05-16,0.6466053006534845,0.25557050230987144,0.5495072612521067,0.41320442509993166,0.029267699869993915
2006-05-17,0.6309313222054855,0.04800419025408254,0.5869565926143216,0.6143565793068388,0.013561163634366137
2006-05-18,0.7100892159303982,0.06851160548515853,0.5561519575908473,0.4749364348106979,0.07160427927779825
2006-05-19,0.6606702463144662,0.026563273394217598,0.5589815406734756,0.3528420725308976,0.022223379853927385
2006-05-22,0.6944500055096201,-0.0547325162133548,0.6206278424108636,0.37969893664062027,0.03183824097053258
2006-05-23,0.6940428608005235,-0.1378316244363914,0.6678487072938895,0.2617157436336864,0.04325733065947264
2006-05-24,0.7034980749996662,0.07195984105484457,0.6637923945845822,0.39235174618583823,0.09543067035683557
2006-05-25,0.7241000181596693,0.11812621259986762,0.5088627846040573,0.5194699824793858,0.05313416973592103
2006-05-26,0.6866807517235084,-0.1456873915984384,0.5118726355466606,0.314895476351428,0.01794882435774079
2006-05-30,0.7070833291740006,0.2577225519797765,0.5365392924288502,0.5203136384452889,0.05814934831391275
2006-05-31,0.679034826710549,-0.27546853178803005,0.585186858574199,0.39858400669260996,0.024611599317004608
2006-06-01,0.5728998856562448,0.3163446265039873,0.6546888235793907,0.3695803073270191,0.09978071486730648
2006-06-02,0.7107344029856307,-0.000917471819973539,0.6063704357449252,0.4509719316065196,0.062454520559831944
2006-06-05,0.6903076332199292,-0.06463693892959634,0.5193750876445662,0.317047437093408,0.017745274320148576
2006-06-06,0.6151448942435053,0.1898834567535281,0.6140968285500926,0.2709660146921715,0.0015261799948648735
2006-06-07,0.7305630523223396,-0.1330118923899167,0.523616132475303,0.20866816346155279,0.05493969302880515
2006-06-08,0.7634929641607623,0.26083264770157005,0.6066705253829664,0.42085877081416223,0.05584339923931195
2006-06-09,0.7510458755116912,0.0046457501314324245,0.525004051598828,0.3555508399516486,0.010706421569904557
2006-06-12,0.7097937257482247,0.17390844814647832,0.5652782889794451,0.311392449904554,0.05163325060259068
2006-06-13,0.7079310206784376,0.08717848506566389,0.601151217641266,0.6110741860823592,0.09153397620165687
2006-06-14,0.616450848471045,0.056130646612133496,0.6379974919598391,0.467067568350911,0.05217522750007119
2006-06-15,0.6006877015879585,-0.05168510667953975,0.5748657087469923,0.43942416152013897,0.06976811539977366
2006-06-16,0.6056080425012464,0.07701120066354816,0.5857886651995861,0.568987836329417,0.05202545965030843
2006-06-19,0.6582930407894346,-0.21630867306686055,0.631233166782003,0.40913143152500747,0.07011568179973186
2006-06-20,0.6322446127303354,0.09492197473289996,0.6030935270125096,0.45855057833655,0.04760994346781333
2006-06-21,0.6395262146915603,-0.09968097852667014,0.5284472189213375,0.3621255940978568,0.053218555002897905
2006-06-22,0.6559647629021467,0.058141964916487536,0.6456608423446925,0.32631533674845864,0.059017043593065865
2006-06-23,0.66754652272698,0.0029891191290520886,0.5755511866479898,0.5507035981400198,0.021746747533722733
2006-06-26,0.6323756105406105,0.0557932977636217,0.4699323681274396,0.3328557115496985,0.04042010414291967
2006-06-27,0.6794346148262367,-0.17525333494700607,0.6214410922888763,0.33395010556240246,0.04048234534986139
2006-06-28,0.7351430783829891,-0.2767107708252722,0.5128181880670637,0.4699664685769112,0.055910451763278225
2006-06-29,0.7733170595882902,-0.09072452927998788,0.6541641447596765,0.20825494503289407,0.07619050779384307
2006-06-30,0.6853308266873055,0.17555363130596977,0.4653256702759171,0.4443551933472961,0.07577910244468176
2006-07-03,0.6862950793873934,0.03547126593731769,0.5983365822648343,0.2709514838652315,0.01463236986137171
2006-07-05,0.6464978741753816,0.15986462536464993,0.576783998215384,0.48985885986340716,0.060817856059889375
2006-07-06,0.623532693232073,-0.27729927765649887,0.52284242483271,0.4071023660504141,0.001340810276166138
2006-07-07,0.6962731191976506,0.3548068434719275,0.5747281809246734,0.297933698532502,0.011175409503475599
2006-07-10,0.6942536419833728,-0.25443722473671926,0.4803576015154177,0.4366979303011197,0.032382177581366446
2006-07-11,0.5998476514305522,0.09846811875062715,0.517633848629619,0.303110839496208,0.041462393161112554
2006-07-12,0.6413776024472448,0.02556789267614063,0.498902446821329,0.3909620978982096,0.00645611880921072
2006-07-13,0.5761091315419304,0.8651040616751566,0.5867791705860695,0.36593707406806086,0.0915161400005492
2006-07-14,0.6678906398448455,-0.007061571608420971,0.4980979296569075,0.45626530575279567,0.046872003064437666
2006-07-17,0.6546040349902489,0.3931923326922643,0.5564741424529225,0.4698520026445199,0.016070312114430087
2006-07-18,0.7022812707960033,0.230338087332987,0.44091847161490544,0.2829193309094843,0.08232424604138391
2006-07-19,0.6579593922458198,-0.13276209544194914,0.5826869734147992,0.36439977179413796,0.06798894183083667
2006-07-20,0.5707166657417508,-0.013841240261781882,0.49647705782388524,0.21882915199729738,0.04635941243629771
2006-07-21,0.676395890131099,0.04280780460467252,0.4825756161964056,0.23006432569927068,0.0809813932679672
2006-07-24,0.6658216264050868,-0.023823060058410315,0.5079711255726219,0.4119662579856563,0.01845821282210781
2006-07-25,0.682160370502955,0.029514350217923424,0.5932762767600979,0.3954592919088818,0.03409424681411909
2006-07-26,0.6672767625564514,0.04822648389456874,0.5075557533803907,0.40307392533552305,0.07970779934845729
2006-07-27,0.6465926290197944,-0.15797461266239698,0.5052950681629256,0.33429585830319336,0.08499168306229027
2006-07-28,0.7024565164638855,-0.0810251559892157,0.500637421986942,0.19059711643524976,0.08772123616787054
2006-07-31,0.5569388382166962,0.1641231362541105,0.4692700952854267,0.4888597603806838,0.07912159271158155
2006-08-01,0.7213570475974853,-0.10444474127865133,0.4735818819848553,0.2080422644704485,0.09096745624605232
2006-08-02,0.7434580624793081,0.04012023264019383,0.5492133290015003,0.21246138527838063,0.0068854623898322535
2006-08-03,0.6295942347977839,0.12611845085693998,0.4666777737784704,0.3566870620599826,0.03350291481553672
2006-08-04,0.7310397424927656,0.2280801657724915,0.4985716360432806,0.3018561633624766,0.09713220407541437
2006-08-07,0.747650442077088,-0.1605556278988978,0.43094419140792123,0.5264947120178701,0.046686201912795294
2006-08-08,0.6357740661207715,-0.2894732367472991,0.5736605789693974,0.2525803211138311,0.05781859938719563
2006-08-09,0.5716921914662381,-0.3528734812402387,0.5901261980743282,0.46914337836350783,0.09466724776006319
2006-08-10,0.6616950831575212,-0.1167864114946141,0.5056809088409516,0.2744335557672865,0.09492696356215773
2006-08-11,0.7449838509919824,-0.15173957986580666,0.586079560703614,0.4253993548718198,0.01410590148064831
2006-08-14,0.7099289175800872,-0.0773304341506067,0.5829299998526604,0.3733745807231732,0.027126962301046234
2006-08-15,0.6931203253225418,-0.004176679112719555,0.5231422433806259,0.4876178653558604,0.013631629889966036
2006-08-16,0.6956627026199956,0.1903883234367655,0.4946111018952336,0.45275566620488533,0.06828292768254761
2006-08-17,0.594770414256476,-0.1288995737932661,0.4574190151135901,0.23485218152314305,0.0958681457596604
2006-08-18,0.6711320749767266,0.23433063531453407,0.4810558118389576,0.4029082652307833,0.03881742536846179
2006-08-21,0.734558546548026,0.1907635369168715,0.5046354943152183,0.3758907518375219,0.057608698164323235
2006-08-22,0.6451161539205926,-0.01947303989621463,0.5198425633892537,0.23975562530721922,0.0877965488056487
2006-08-23,0.7123643047362668,0.3387208154629546,0.5349858608113599,0.583007357741562,0.09643607591728291
2006-08-24,0.6605184343722236,-0.208743388665908,0.44905091448397805,0.2692930767702387,0.06738807796820298
2006-08-25,0.7034901855536305,-0.050241201320610954,0.5851627025401724,0.4482550528284472,0.06773923004161438
2006-08-28,0.6452559376344368,0.20494832082860298,0.5098021271487231,0.3216670193865431,0.007114485899259793
2006-08-29,0.6516004277640849,-0.37093677453363627,0.5728268706955468,0.3766276901118106,0.09637349299615722
2006-08-30,0.6066202934234726,0.11984908135985067,0.5216808541797396,0.36155642261447335,0.04187551258538829
2006-08-31,0.6275639734217349,-0.021177741305070434,0.45576997707686445,0.46994293758499583,0.012468604249583515
2006-09-01,0.7261743832922518,0.09634370415192867,0.48811231925457055,0.365966903156785,0.03340264582268859
2006-09-05,0.6861941901677354,-0.12353031657596325,0.5225913905518064,0.5462053240561194,0.025833092403407688
2006-09-06,0.6463093972548929,-0.017981169852972434,0.5077982820223168,0.4947983702581934,0.016159210031011895
2006-09-07,0.6502900801456298,-0.04310360093604977,0.5109377599743046,0.3550272571295746,0.03561639352350567
2006-09-08,0.641794578697751,-0.17518278356711817,0.5004012914149044,0.43852063503373073,0.01086737506850649
2006-09-11,0.6285657688315273,-0.16958784212446398,0.5320818068747539,0.5172035028215545,0.0053475489269149135
2006-09-12,0.6322838647002723,-0.1103565260412698,0.4507704539953472,0.3044693264761077,0.09548757297366384
2006-09-13,0.7181274601526645,-0.019659925227903288,0.5789590056690623,0.37551107785004323,0.08591752648911333
2006-09-14,0.6030657776589989,0.4697157520566035,0.5380175753365082,0.41429629677321017,0.0023028264707047885
2006-09-15,0.5687175064094171,0.30169605136261407,0.5238886951259109,0.33524587536750594,0.07487157610530312
2006-09-18,0.6131764527483724,-0.15025527292365792,0.5688833185694696,0.4012305458638621,0.05230047201367225
2006-09-19,0.5847338188744563,0.07260032877612506,0.4991217972705789,0.3831064461278329,0.013204060357539616
2006-09-20,0.7178249030498113,0.0821139104359029,0.5618076275205597,0.4810770335252099,0.0683211058843976
2006-09-21,0.6503736640722465,0.2876862558385605,0.4900466900425063,0.4025045491791759,0.0735399796683354
2006-09-22,0.6264830713410826,0.10509530732245616,0.4841950664560419,0.5047146935858213,0.08837791703119902
2006-09-25,0.6783463588474956,0.17555904255871418,0.5286982069622701,0.22969444027857255,0.05839983248769164
2006-09-26,0.6826205202223875,-0.17001396292110885,0.50247308925183,0.545380647815431,0.0927719777619576
2006-09-27,0.6981809081446868,-0.09971877544183205,0.5545856862234088,0.42273102209096575,0.01384413234941302
2006-09-28,0.6873556763514274,0.035745830315409344,0.501231070347079,0.405637675765352,0.07088958172900026
2006-09-29,0.6606546018077866,-0.02659445051997112,0.4747635771656882,0.5552257886795104,0.09020964386340072
2006-10-02,0.597697254446053,-0.054444246612778226,0.5001196899327967,0.40243506976503796,0.07111610126738685
2006-10-03,0.656468648031443,0.27437579406242874,0.6008883702226598,0.30552003961932694,0.0981861376443342
2006-10-04,0.7228432142005089,-0.14348269861891186,0.527292963496625,0.385458095850093,0.04695326089231851
2006-10-05,0.7252942269807081,0.05720421805155909,0.5154907505527906,0.40458731103710793,0.0613761236726754
2006-10-06,0.615592092291808,-0.11335973322152287,0.4851877468823131,0.35661535067615024,0.09879683158876257
2006-10-09,0.6827258110500004,0.1028713745321394,0.5430798590607536,0.36692260738334753,0.07217517887956658
2006-10-10,0.6758502886202885,0.4209059696868999,0.47568904249299804,0.1528078819283293,0.06155874814024412
2006-10-11,0.6408987664247839,0.13160408405989502,0.4681908609874241,0.4112169215211442,0.08879897943110093
2006-10-12,0.6288446332933877,-0.2763002233958274,0.4420858330372078,0.33566876732436207,0.005838471280563574
2006-10-13,0.6076087439418703,-0.26687121948714426,0.5723059400071203,0.47657701595096164,0.0860158131677456
2006-10-16,0.7633147961906666,-0.07102114293803906,0.5019318926041498,0.32054062865837196,0.04394465025232132
2006-10-17,0.6449364985225446,0.06028596571409772,0.4671216650144476,0.37741186000066707,0.003756863737795635
2006-10-18,0.6576887652567189,0.02890162564961123,0.4806427340909199,0.44507151411363877,0.042664949027244416
2006-10-19,0.6312483708138644,0.34907087414386573,0.598824464220513,0.4744180694044771,0.09573860156131986
2006-10-20,0.5923522081603588,-0.03363261518387673,0.4465711467666515,0.33311564188717785,0.06832969030594348
2006-10-23,0.6622494282640679,-0.10778464635754532,0.5905695730979319,0.43137938798674774,0.08582755591643988
2006-10-24,0.727111226866433,-0.1526297494251817,0.42963218616765225,0.46947799399357015,0.017637023865619994
2006-10-25,0.6734842109264788,0.07925928998402729,0.4899617318522585,0.3529396206391367,0.03378616724666805
2006-10-26,0.7183085735245472,-0.5050826163949885,0.44616265534636135,0.5154258215460323,0.009986509392190035
2006-10-27,0.7133361401598357,-0.12115372649816075,0.5761491793675211,0.5615494387116545,0.06238847792812437
2006-10-30,0.6757335379493191,0.10837970185402007,0.5464558004823681,0.4208314469810644,0.03288225077659875
2006-10-31,0.7355390538435793,0.09611874152922441,0.4266253106050396,0.3981789790543685,0.005127847642835082
2006-11-01,0.6241034470195573,-0.3950285235199865,0.4910232962734186,0.3753797899892165,0.023181205558136343
2006-11-02,0.6211353723519397,-0.17822951956074903,0.579096707820856,0.3109084328077495,0.012036186250721682
2006-11-03,0.6131132382500961,-0.045749678972531134,0.5319105880402119,0.10741540952052442,0.024911930983861543
2006-11-06,0.7241450730653964,0.06266763653617696,0.5754537314679334,0.3224290202922248,0.06796185858568338
2006-11-07,0.600402168897731,0.17392360336296464,0.5174093189157152,0.5135070732579864,0.044456205999421794
2006-11-08,0.6668184798237752,0.3298720032511016,0.5107440290121215,0.2539628241385985,0.016301302090622607
2006-11-09,0.7535364773363872,0.009299137981189712,0.5654062753754341,0.36500412412871286,0.0385783783751699
2006-11-10,0.7335367756596456,0.19386039792739593,0.5425816254086009,0.5288683408168542,0.029242510243064512
2006-11-13,0.6705596040346322,0.16517323194829725,0.4898614730850535,0.3663706387619204,0.09551005562152783
2006-11-14,0.6393862141156841,0.23646129840330532,0.5053781534591795,0.3952364590051252,0.03778301598375627
2006-11-15,0.6891505493283311,-0.22235602507476046,0.5451013007592956,0.3819882657151106,0.04249237153785708
2006-11-16,0.6121043747155377,0.3844867235743341,0.4526318254885653,0.5131308128213873,0.09677461381157532
2006-11-17,0.5641368137398172,-0.13391479551800445,0.5400859562412976,0.43407514556054294,0.0028186423515232373
2006-11-20,0.6588980881669934,0.22452132507286082,0.5461829741823834,0.37963172669299305,0.03131275270269109
2006-11-21,0.6764764784505167,-0.20156842695367738,0.5532075254362554,0.4399415969339591,0.004686813417232527
2006-11-22,0.6625829179596053,-0.06136408224014317,0.488187646897302,0.543760185717703,0.030382467712473327
2006-11-24,0.688228701629906,-0.17733014034522476,0.5521119380040753,0.2943524572707834,0.09297862947004723
2006-11-27,0.6532076764462449,0.15201951958046894,0.5334178489135304,0.2383603392146811,0.024797974276079816
2006-11-28,0.7659041305610855,0.316547656560713,0.5870663066985877,0.36813156587917384,0.0636379709195684
2006-11-29,0.6232387365550124,-0.05075348921121886,0.5524136627756996,0.4016733494217204,0.009298657512905607
2006-11-30,0.6408248384988119,0.2891513370802908,0.4523610549693137,0.28648602785453187,0.08968531148692055
2006-12-01,0.6331537338668138,-0.03737619855923453,0.5834729037768611,0.6216066130363447,0.07807007180306008
2006-12-04,0.5997495472322675,-0.06177828225196357,0.5417739198753578,0.5433679467472664,0.03574921415884487
2006-12-05,0.6506160639694888,-0.32499123841022937,0.5229211011537835,0.250867537918831,0.05286104714450508
2006-12-06,0.836792608669996,0.16232930137842264,0.5582603811409074,0.4638957956401543,0.0571518562697868
2006-12-07,0.5750029285667931,0.03396322960717747,0.47700783784213474,0.35627057851900246,0.005821581462750258
2006-12-08,0.675686189674285,-0.054572409544440696,0.47167755106595044,0.4579854252968322,0.03711999808158167
2006-12-11,0.69712684662206,0.09233701301194745,0.5288830133641944,0.4357493079745198,0.021593519264294148
2006-12-12,0.675191942944133,0.154978558873045,0.5003335272466183,0.46287262446397814,0.06767546599773387
2006-12-13,0.694279546571372,-0.30571644408243714,0.5416306130189781,0.39188267156629214,0.03497239867326453
2006-12-14,0.6900910884233284,0.3913611421981451,0.5512382584881341,0.40418994335045744,0.027552790043284883
2006-12-15,0.7284249803404459,0.009358775340516046,0.5454333016964361,0.43919341488666713,0.03743792207834128
2006-12-18,0.7371589238519451,-0.1068024570381164,0.4570621910793655,0.35105128445267597,0.026535654043497038
2006-12-19,0.674744211002501,0.00076098177065036,0.5508241239557375,0.2673384159601564,0.004446843977861137
2006-12-20,0.657732569267318,-0.038286022281442234,0.49731581646061235,0.447529560191821,0.054728733195119075
2006-12-21,0.7187360531410023,0.0527927636822913,0.4871882201847204,0.38298544244580146,0.0359465352239834
2006-12-22,0.6101708880803508,0.033205169351103285,0.5404536690932048,0.47250793545216246,0.0301777220872814
2006-12-26,0.7111907615258142,0.04404296600386358,0.6089634130182268,0.5641060514009039,0.026872666718930172
2006-12-27,0.6399229811106257,-0.1619079407216996,0.5043983653651195,0.3608357614434776,0.04882229275024996
2006-12-28,0.6835707243262085,-0.14015236450047225,0.48883197492840436,0.4258521219355409,0.08011173095007282
2006-12-29,0.6259895549702219,-0.40202601184797165,0.476078788135443,0.22059384804293058,0.07818154612969135
2007-01-03,0.6610717139777823,-0.29212326117132115,0.5604972723328294,0.5603995701426101,0.02124129973617458
2007-01-04,0.6578398686878943,0.11125627758509858,0.5356713601901553,0.11627058235005622,0.07736205916888172
2007-01-05,0.6144807929344367,-0.2636060839072086,0.5625969899713381,0.2562121756790651,0.01892896098378083
2007-01-08,0.6555382705740816,-0.1349333070250788,0.4980975076364143,0.4609287758430105,0.029360304633085667
2007-01-09,0.5992169430228449,-0.42577324235418096,0.532707112249052,0.4824007304002471,0.032184344756067663
2007-01-10,0.5734641745186221,0.11901693396120311,0.6368215498516958,0.45747858602248204,0.03352417051449668
2007-01-11,0.610851665687012,-0.21802396207928237,0.5697512878786316,0.3877717286104268,0.0908950317371331
2007-01-12,0.6579866949442067,-0.12745716218514036,0.6496431937232865,0.3723434134370684,0.03306010934663726
2007-01-16,0.6829668484579712,-0.10121245549928831,0.5873858665419324,0.4854313032334126,0.03138119419997335
2007-01-17,0.6746826217382155,0.04248454880138475,0.5005277605298443,0.4317977951844067,0.033896539753920894
2007-01-18,0.5971162504646682,-0.32853950097640316,0.532201496582438,0.5816698966490104,0.09857605272155705
2007-01-19,0.6753177002928731,-0.13925816323163007,0.545036544283525,0.350467573983724,0.007906293497585504
2007-01-22,0.6791567886894928,0.056208408749880784,0.5125921151231657,0.5295456345492973,0.07219467676122945
2007-01-23,0.7523233028432268,-0.04933946577368503,0.534750204935487,0.4900033463125488,0.042461622983157254
2007-01-24,0.6355447865638112,-0.1880623148051244,0.537147422628791,0.44345528989360444,0.03267597382866645
2007-01-25,0.6009734165286631,-0.32414101227469594,0.5226390518566311,0.4156245868783692,0.057310232110711824
2007-01-26,0.6551822726101927,0.3170928037707796,0.510824986669913,0.4449015873415463,0.0384703460156463
2007-01-29,0.7576203377727676,0.17469663591199333,0.5659745612083478,0.46612761983541856,0.019107337565315442
2007-01-30,0.6616535771202593,0.0672722988323851,0.541339217065752,0.39482453297854675,0.09683134274372608
2007-01-31,0.692875764258414,0.24804356811837147,0.5616305921192492,0.3284478948020022,0.034969794719319006
2007-02-01,0.627634739876458,0.23765128022213375,0.57190184463962,0.4084280111835737,0.054332959482800806
2007-02-02,0.7007878220028995,0.15377593440262402,0.6094815546688583,0.4148994148065823,0.0697008767512015
2007-02-05,0.6421149563503046,0.014799169507647003,0.5695036500106722,0.5716605756937372,0.09063995281425395
2007-02-06,0.639564127808457,-0.32083911520349884,0.5114852644543253,0.39971283818889985,0.06244825165682108
2007-02-07,0.7520534861610455,0.26757268774316034,0.5127409599141831,0.6156513908420238,0.06668647681762134
2007-02-08,0.6434832260529726,0.12244079731257025,0.5776256533857965,0.5197722634920419,0.03520349866436572
2007-02-09,0.6498559967331752,-0.19502682108167227,0.5943222770219422,0.34233331891384616,0.038664596686890186
2007-02-12,0.6910813632420046,-0.09441975162741247,0.5243753327170168,0.5282564518264338,0.06851411749519937
2007-02-13,0.7909766298648672,0.16644780622273037,0.5176467286450236,0.5000876805734773,0.03894345445297706
2007-02-14,0.6263952734053159,0.11802710209870051,0.5610696507029176,0.44624739003699165,0.09086383063385503
2007-02-15,0.6852518414473339,-0.160471943372848,0.6046685235476157,0.3509731650665271,0.043086608292879615
2007-02-16,0.6945801473265091,-0.33578262002029585,0.5505024934569853,0.32357140373699206,0.04209846832435236
2007-02-20,0.5994460138348245,-0.2184921062294179,0.630306376904527,0.5077068726499833,0.018790890373541827
2007-02-21,0.7128227704197481,-0.07958368545217868,0.5218511160271215,0.2057183793656604,0.04836823700632581
2007-02-22,0.6592181457443214,0.39943516711253746,0.6109791489288995,0.4576038784135928,0.01601287891924159
2007-02-23,0.7117837617004955,-0.08223561347360427,0.5966431519221722,0.36443026492923564,0.03285919072592402
2007-02-26,0.7596499013378124,-0.3984908626739469,0.6729037993273321,0.5472457593735558,0.09620045925495971
2007-02-27,0.6535709842773945,-0.24367389412240678,0.5992429394142926,0.34099958158229493,0.05556991730218559
2007-02-28,0.7355984107700211,0.17100103589211266,0.5993396620405849,0.4042887844099319,0.057713890826652806
2007-03-01,0.6720654542440775,-0.1908610824877116,0.550014410992579,0.22729094505441808,0.06510871303896072
2007-03-02,0.6727304266881098,-0.0040435167678338204,0.5719507520041902,0.4952982074214007,0.04165919548812241
2007-03-05,0.6291034430359159,0.13833991226527947,0.6494984805145823,0.42885474051603156,0.06761374116957031
2007-03-06,0.7740976155490061,0.13382410148247245,0.625243902884584,0.2959353940498842,0.09177200428386562
2007-03-07,0.7243989495829913,-0.16042306304486212,0.6437896608972955,0.5204552617816374,0.074572161858814
2007-03-08,0.6348511947436164,0.21313416152679757,0.6846352785341823,0.5615299365861379,0.05841633399117768
2007-03-09,0.6976784166649492,0.1415459064737559,0.5426638655186486,0.4334024412868612,0.05837934423888941
2007-03-12,0.6318554957177756,-0.16028674596889592,0.6271292503783616,0.4949305070553151,0.02756547591440306
2007-03-13,0.7304356658300564,-0.33860579604484553,0.5773970786474325,0.38809981757371637,0.0031138959183624974
2007-03-14,0.6668119149565702,-0.16464165969244607,0.6075283103514434,0.4503074831175512,0.007266770894489516
2007-03-15,0.7202728698817236,0.20387552057586134,0.5549602905422161,0.3193772868312575,0.0725777377668761
2007-03-16,0.6724574144313125,-0.09295458147124727,0.5123527862726531,0.3396028844788362,0.0457690139059872
2007-03-19,0.6800538844417713,-0.03389599805069916,0.6280974523496567,0.4814294953947411,0.02222640923330206
2007-03-20,0.7185505010647006,-0.13280488446789185,0.5468474581481593,0.3428983303508122,0.04278474571322008
2007-03-21,0.6310644756820217,-0.000663972720783487,0.6194422325379414,0.4738999661400993,0.09682613636653328
2007-03-22,0.7807254918405044,-0.09366931002259347,0.5627080335349024,0.5339820926024941,0.014276372913044089
2007-03-23,0.6705807347273253,-0.20874686728395583,0.6278725979393556,0.47203878169079444,0.07571948209861315
2007-03-26,0.7175151495768348,0.19305472955377578,0.6495762384811455,0.26511747235354993,0.023440851893036366
2007-03-27,0.6409175630309559,0.04499947810109919,0.49585181388259786,0.4065589576249032,0.07892690982522803
2007-03-28,0.6464653389965226,-0.044415594054410173,0.560945135421436,0.4878412174820505,0.002489576394767079
2007-03-29,0.6289799252030333,-0.02178272049010576,0.6420591857381437,0.4444493117912363,0.0762126362428463
2007-03-30,0.6574333209803943,-0.03366967461783569,0.4731906254983953,0.5484598898159174,0.08039314028716076
2007-04-02,0.7683031323142422,0.1250087505815228,0.5765638770638402,0.31956834439955245,0.035437128895576445
2007-04-03,0.6724112795884635,0.17914792246172442,0.6232420851857554,0.5124653486947538,0.013161587236442285
2007-04-04,0.6594945369775257,-0.06979789187400608,0.5036263844735827,0.4075955788763946,0.06285821693512107
2007-04-05,0.6728004818041269,0.15914842119023784,0.5792678480495054,0.41385585470830544,0.07352805581624754
2007-04-09,0.7450428007861039,0.16971631961842834,0.5376924211436764,0.17460561937524416,0.08768103217243801
2007-04-10,0.6827068492564046,-0.048525821499594765,0.6039530521647902,0.3830664397828497,0.01990955485000634
2007-04-11,0.6705780555221937,-0.09688568365283161,0.6348492389350766,0.45500701480154415,0.052524507888340635
2007-04-12,0.6021424881196616,0.2654419866494128,0.5459920747462897,0.4211057858715083,0.024450631968209992
2007-04-13,0.687382871942763,0.10750027760313677,0.5535374777331932,0.33108406936399376,0.040381840165523576
2007-04-16,0.7138078588022121,0.13828720868626918,0.6729683957558633,0.3549881280338634,0.07333513612245665
2007-04-17,0.6917181131029789,0.04291805275564051,0.6581257561476641,0.400163200410461,0.07563956190129739
2007-04-18,0.6018797858388317,0.2833753466874877,0.6354522207511953,0.4615533239906413,0.027983207463226936
2007-04-19,0.5523461503984415,0.08564376137716866,0.6441666615895427,0.4366288514858492,0.027797253200154016
2007-04-20,0.6242779932648299,-0.06951808141080196,0.6743319693049437,0.44030308292163517,0.009680290534076631
2007-04-23,0.7076537294382755,-0.1474173891269193,0.6730585882226124,0.4088033260425719,0.023943012635647257
2007-04-24,0.7386310168879466,-0.06708814285614384,0.5612139043767816,0.4577312341180626,0.0012085126315540486
2007-04-25,0.6416780954232255,0.038730770925080905,0.6316293877297724,0.5312759399061253,0.049595090066438134
2007-04-26,0.6350552301861476,0.028341848312281526,0.5594851975482198,0.4028139609475311,0.07836633886847287
2007-04-27,0.6902998352209604,-0.18749554461706627,0.5445914148803086,0.36530761152290425,0.04891064656204122
2007-04-30,0.6579396609920681,-0.2058784283375181,0.6734503365555342,0.3270946799497375,0.06098082049702691
2007-05-01,0.5703068935818187,0.09036730942671647,0.5202849038761465,0.3650899851958709,0.01975056580741398
2007-05-02,0.6589229756506719,-0.23734338383569759,0.6776828238537199,0.40929237395865914,0.027430458919440504
2007-05-03,0.5947966577171362,-0.09324212436249306,0.5948074496558504,0.5924443343050437,0.07782493172052468
2007-05-04,0.6195140320401817,-0.10606943823001043,0.5692223272383838,0.48328195817849234,0.002175164713363187
2007-05-07,0.6152402824799292,0.17062263698989344,0.5420303964584486,0.3811165894287221,0.031518969395382006
2007-05-08,0.6708422797428617,-0.37128371449190745,0.6933676613717392,0.3634356799184493,0.039189230385956945
2007-05-09,0.6500794583473928,-0.10883420538021447,0.6148303070750173,0.4260824695286054,0.016648662751508937
2007-05-10,0.6578114206151318,0.42867797700701776,0.5582254304691996,0.2933561511711234,0.06026445294007916
2007-05-11,0.6756767671775283,0.3745265629157328,0.6263484328524084,0.1873226865861382,0.09468118478451881
2007-05-14,0.73232582791135,0.003693355025675784,0.7108813257919815,0.5553124741559566,0.06571145098480906
2007-05-15,0.6766211423087551,0.0996145874699905,0.6193258470059104,0.5107352760362114,0.06872819148484743
2007-05-16,0.6974189041854136,0.3094882458367468,0.5757968128858009,0.3622877887840537,0.05507609237559981
2007-05-17,0.7442939798420174,0.004171461319301568,0.6049416046899027,0.4171185266408196,0.041256998663806346
2007-05-18,0.7000788253276405,-0.013707603654287158,0.5128114748017886,0.4552633341819362,0.008909520226245915
2007-05-21,0.6717006874585086,-0.060259098608196705,0.626205050791268,0.45022343423991157,0.07881399686719254
2007-05-22,0.6783507594203545,0.4196220539995519,0.5624596221681047,0.43589220441567683,0.040729342754970616
2007-05-23,0.6907644680151035,0.2051073549476497,0.5759282272188048,0.4116394334821019,0.035980597968947536
2007-05-24,0.5864663588804128,-0.05793922817959424,0.6288894535959613,0.4185555404382551,0.006332705610612066
2007-05-25,0.8024616408554298,-0.27201545593977305,0.5666432960856449,0.348039982799583,0.03810304382816913
2007-05-29,0.6615662943034359,0.1709146022683177,0.5360031787645456,0.49780950432718796,0.05813295325719993
2007-05-30,0.6893168692956388,-0.03485538657896854,0.49423579252887556,0.4923931522583384,0.05587398063282583
2007-05-31,0.6553353497019584,-0.13543643116245965,0.6784573483690812,0.3979236636875331,0.07051075425647411
2007-06-01,0.6170003867572036,-0.19824472412802277,0.5885242473474043,0.4557127278424096,0.0699845373162715
2007-06-04,0.5648005978314119,-0.45257625401039886,0.5237095178209321,0.2366909849686312,0.05820524776128708
2007-06-05,0.6793541759733583,0.17260342032690187,0.6278831297060236,0.17826158413096707,0.05461277343972959
2007-06-06,0.7064618073424702,0.12111114478659309,0.5272449151574744,0.549230854691735,0.027724298665224335
2007-06-07,0.6921344122402706,-0.10850642757443447,0.575939589211263,0.4402692261999087,0.09251167541199429
2007-06-08,0.6110723798937684,0.07875189986595327,0.5374307257218495,0.41317587491787994,0.04492985984366085
2007-06-11,0.7004946568427107,0.3245593442704413,0.6712749608938597,0.5392824438597513,0.08247679152740518
2007-06-12,0.6246219180610968,-0.017880010025579336,0.5768961755934712,0.4137340025400938,0.014067085981179417
2007-06-13,0.6343986438645726,-0.24465566805533762,0.62643195212231,0.28722707024884286,0.0460534151143862
2007-06-14,0.7607492574646917,0.640484029338169,0.5077550784457887,0.5247571869787222,0.06111721054466748
2007-06-15,0.5740164875146686,0.21664784355140976,0.5443630528827017,0.4443438877590621,0.03054966426854281
2007-06-18,0.6715038684424603,-0.05582704958215813,0.593835239118021,0.5253497233875901,0.05665944168610942
2007-06-19,0.7591198417372784,0.13971104587821728,0.49527118157050815,0.3938952761219484,0.01789622299384972
2007-06-20,0.6177445379026691,0.4351088063897107,0.5447742312777762,0.2632927222595627,0.09679085306870507
2007-06-21,0.6361534037578327,0.13217196722163485,0.631817415165508,0.5091307293309288,0.020339567549283257
2007-06-22,0.6584091388834529,-0.27817719381710904,0.5203242562450574,0.3901995693969532,0.07255753246884195
2007-06-25,0.7682983042604569,-0.1206071646147706,0.517887329995233,0.16630169374293718,0.06648289924319092
2007-06-26,0.6748960575751259,-0.13970672745823162,0.5262429749549224,0.4395103988940294,0.0710316615528368
2007-06-27,0.6642288178110364,-0.1669779144501345,0.5155224488422188,0.2963523892763299,0.04055531308973773
2007-06-28,0.7368746690335949,-0.08489187970566331,0.5352930495133591,0.20870887864741794,0.041457444970968184
2007-06-29,0.809024366759781,-0.04528569001085598,0.49870554909355086,0.18889646446444797,0.03813056059158503
2007-07-02,0.6157329496031884,-0.03128946462018755,0.5838782068937107,0.3560880167169833,0.06398025175848064
2007-07-03,0.6831581151958489,0.08870524446039439,0.5297892485040487,0.26836719531282804,0.03489188133095418
2007-07-05,0.6782226383674265,-0.16844258738213405,0.5876540022095635,0.4748274201561372,0.06203170080129888
2007-07-06,0.7021383797234595,-0.05787728677661962,0.5215303895032619,0.3437492209636176,0.029240797798582397
2007-07-09,0.7457609798589869,-0.29537220161406713,0.5302673198532163,0.39031962876620824,0.036341680998890104
2007-07-10,0.79579998158814,0.16379163199723423,0.5411282159963237,0.32167443387146877,0.06303677260415909
2007-07-11,0.6682400210039021,0.24388652218629103,0.608897166981733,0.45277631808215457,0.05720748999482679
2007-07-12,0.6773204156945575,-0.061166152374188355,0.4856992129757369,0.5100057936664604,0.08026106993662903
2007-07-13,0.6988094501416319,-0.44587372961396476,0.5380473622656036,0.44946252865193753,0.07721363241443677
2007-07-16,0.7212955193387827,0.015888763018765895,0.49588545667299844,0.40374346833443714,0.09919732570263295
2007-07-17,0.5894029971896146,0.009279526164492838,0.5723039053121294,0.36748891042619464,0.08092355135652622
2007-07-18,0.7159729422018788,0.17616859311797908,0.49715446634307275,0.5402301129144994,0.007847633308570379
2007-07-19,0.6829447173289744,-0.1796985534527327,0.5495215123796748,0.2147721472271477,0.015277241276741361
2007-07-20,0.6127058885602727,0.16845550713350632,0.6219349726796105,0.38788107734501365,0.09187745645466418
2007-07-23,0.5961184589376406,-0.011990230421905413,0.5455052375462095,0.4558410430784301,0.0652566668693931
2007-07-24,0.6108241022956457,0.1027967859166512,0.553597710940418,0.513397136784989,0.03394176895791539
2007-07-25,0.6687136635659225,0.15597736245176289,0.48889808446765276,0.278231563899886,0.02977228265192096
2007-07-26,0.6282343945433773,-0.04052976762153829,0.49078424828563927,0.5666411901761387,0.0891346148657976
2007-07-27,0.6617518605485873,0.24680473294118485,0.5810053930992248,0.32670378813500744,0.09937188084409858
2007-07-30,0.6408109173682205,-0.05754211038962215,0.5253995916537781,0.41696154619359793,0.06519837638834622
2007-07-31,0.6903783451471662,-0.13233768166353313,0.48982628678855133,0.444149651994201,0.027137768602494464
2007-08-01,0.7656513325337326,-0.027439018588821442,0.5271681669371115,0.44439399772255633,0.020685799407432027
2007-08-02,0.6684459666644873,0.028838655522280817,0.5231766388845994,0.5745385580602751,0.001299277401183685
2007-08-03,0.5901135704758115,-0.3116987649901289,0.520820212220735,0.5146276464944564,0.059682606358264494
2007-08-06,0.6947564882714945,0.020699025244342882,0.5758975724893949,0.4250003019474798,0.09825639339474486
2007-08-07,0.6030196391841656,-0.10422082235561247,0.44467117946701873,0.42842338983466915,0.08162346813049205
2007-08-08,0.6734879933536188,-0.15767318238987696,0.5435968668034974,0.25825029545081485,0.007621846665246535
2007-08-09,0.6653266045230817,0.12393578205753078,0.5218945542504161,0.44291383721395805,0.03933635049424089
2007-08-10,0.7751735675132132,-0.0011122914173063477,0.5135138163554408,0.4184407496506501,0.07380111937755082
2007-08-13,0.7171038872965061,-0.02054218004581826,0.48665564435245323,0.33424663512592184,0.06680644701500914
2007-08-14,0.569032432167386,0.02751880029021017,0.47592572176183906,0.37726645835189043,0.03436952872853673
2007-08-15,0.5388939839936179,0.09634964790039939,0.5489423111182867,0.45765931261254916,0.010917417717800915
2007-08-16,0.6954850142884655,-0.09582888099706066,0.4673550646215758,0.5545233386817098,0.001629699378781191
2007-08-17,0.7489135357575604,-0.1397634711060038,0.6113396688513832,0.2946354393884276,0.008243030658358852
2007-08-20,0.6598116155454978,0.18401076420271156,0.5775471987881576,0.17868870519932645,0.03495298214639427
2007-08-21,0.6365304260753439,-0.25552121322256466,0.5567521909206966,0.5301027694644518,0.07265399524349174
2007-08-22,0.7420984450175602,-0.19527300817868698,0.48353289352646656,0.3205846776561338,0.0007352433767163547
2007-08-23,0.6216022450877063,0.24324770216538116,0.46805302120338765,0.3974248558453272,0.07490561217093923
2007-08-24,0.7318601385765994,0.12227331274766547,0.5381813447685968,0.2156453093922028,0.08206053568929693
2007-08-27,0.6611756310683377,0.0639581177034344,0.47053285908625375,0.6201217144676363,0.07692495557533904
2007-08-28,0.7981111677877677,0.0040384829635851825,0.4689143688210604,0.3762545597358712,0.054802349863245815
2007-08-29,0.6434852471960028,0.1794081628574442,0.489824293005407,0.3335421562215966,0.09126928242946632
2007-08-30,0.6164533412262416,0.19652838121280397,0.4663673803265192,0.5743439080534191,0.018368788079317976
2007-08-31,0.6045396204689232,-0.12094977195601642,0.59225591367384,0.2503595758684507,0.03714561466756482
2007-09-04,0.6323213821550782,-0.03958161525411238,0.5018783146112821,0.41569900944320504,0.042445952230136724
2007-09-05,0.6341483376608497,0.18648813563276434,0.4889289206895977,0.6266195140048666,0.040092421066845
2007-09-06,0.7436300029146695,0.1405718038916924,0.44930202131339636,0.35403590754991593,0.04069273494747529
2007-09-07,0.7201125725800123,-0.2798571197668713,0.5386221767195252,0.38267447512394104,0.06275961368141102
2007-09-10,0.754318408522672,-0.03477003374961939,0.45792810310602616,0.3775572601768221,0.011299917516813652
2007-09-11,0.6614036749197052,-0.08135628379620588,0.47927900036795545,0.4504307130343522,0.0651284503758889
2007-09-12,0.716220322927441,0.2067306989222907,0.5660324119872786,0.23131795900409394,0.07158777143877464
2007-09-13,0.6995668983926374,-0.37343573479878445,0.4788518967349073,0.34593711345225514,0.061776687197712746
2007-09-14,0.657966260029282,0.12360331111499341,0.47280717303778286,0.25346467894588265,0.050040845001213745
2007-09-17,0.6220674584701726,-0.04696694517102659,0.49392230840432716,0.3078037773724035,0.043679966226420834
2007-09-18,0.6998713913339535,-0.08617712812223495,0.4879870843287353,0.11973278047173996,0.07281198000612074
2007-09-19,0.5794627146291402,0.045608004857055295,0.519348355135127,0.3577998723859735,0.008113959381530367
2007-09-20,0.7619122310003663,-0.22981770251894715,0.48617794269211867,0.31241989594198816,0.007997502518467703
2007-09-21,0.7148741662702172,0.20876544021066287,0.5314018533071364,0.3364579099955005,0.010175756715785179
2007-09-24,0.6620209299190172,-0.07764557389634291,0.5688242082648872,0.1416777819505663,0.007128730713670806
2007-09-25,0.7643003641059316,-0.07596924032014749,0.5650598915293167,0.5017860415451196,0.09555117285256327
2007-09-26,0.5882665106730839,0.2815995347500138,0.44009613294171657,0.36196638307178547,0.03130056407884516
2007-09-27,0.7167760856925227,-0.15012191758232427,0.46198348699317016,0.3095233476366017,0.0009815566780341568
2007-09-28,0.6274272163402295,-0.09197435501852275,0.5281818905851002,0.3475078185626428,0.03500342631266865
2007-10-01,0.7093465313358791,-0.16517148306508658,0.5408969053454411,0.25882787848115046,0.0940840986977708
2007-10-02,0.677810207647661,0.1919398100957015,0.515933217032664,0.41195241734131655,0.06741390362456676
2007-10-03,0.6705031894957885,-0.2412320833835705,0.49801330706611235,0.32908530053057383,0.032225077367880495
2007-10-04,0.7161137328464151,-0.06614311803915385,0.6158777717180713,0.4319400714801658,0.027789929746497168
2007-10-05,0.696840463045869,-0.16682322059614724,0.37771268423662574,0.327299156359088,0.0037009845992831193
2007-10-08,0.5968986033978684,-0.31330361774062504,0.5093641015839502,0.5317615317150604,0.04632456620376433
2007-10-09,0.6791241791064062,-0.24098607797396318,0.5691997963706276,0.411668764105923,0.04503738135602874
2007-10-10,0.6665469432329398,-0.11371055190915438,0.406513616139749,0.31964834668480285,0.049268277027467826
2007-10-11,0.7124893858721217,-0.284642630233616,0.4692064066091369,0.2952164966965425,0.09887680403480426
2007-10-12,0.6685295670696484,0.17214256083810714,0.5208142140437049,0.306224460247583,0.03383898879899621
2007-10-15,0.6320125480297621,-0.12991458767281455,0.44004343264135837,0.22796219545805702,0.09043408455384158
2007-10-16,0.6607176537343492,0.09105241280014319,0.43095435550774436,0.2266705106592507,0.0904780360197686
2007-10-17,0.661752765595679,-0.28646007436765936,0.5402231973894566,0.4678624820549987,0.011495835957033497
2007-10-18,0.6578481538782995,-0.02747075428493286,0.5551397583233569,0.4364311990436104,0.06532074155496355
2007-10-19,0.6494059153571016,-0.2242521312446716,0.5017579195376584,0.34167059273466355,0.0407150017257506
2007-10-22,0.608391279558193,0.01180798831231785,0.5132587806546876,0.3368315754061344,0.04140459316127651
2007-10-23,0.6938389883383587,-0.2969841084897897,0.5839989810181045,0.7067414030482569,0.017258984778848487
2007-10-24,0.6685698068651217,0.28809484662108414,0.47808014882990246,0.3882929396405081,0.09282713247028695
2007-10-25,0.6249847889273271,0.018522965780450866,0.5795443389017985,0.4477944668716194,0.08745972191066065
2007-10-26,0.611753750645104,-0.0723533675812758,0.5044277641187325,0.2804396600231511,0.02920284425267128
2007-10-29,0.6494037740166656,0.04117817749053369,0.5315074072257583,0.45039398869417047,0.08003763590592823
2007-10-30,0.6450399829255552,0.0552428595056952,0.47861847667519664,0.3506220112535883,0.08737196249744965
2007-10-31,0.7436037610289574,0.27564521572591527,0.5059141754542628,0.32458809436732394,0.006043529934235615
2007-11-01,0.7081349656489943,-0.029103149040138943,0.5603609904266019,0.5306479857576117,0.020452348460897087
2007-11-02,0.680312132581686,-0.2876025319159607,0.4958219723497589,0.641826501178093,0.007979869925369521
2007-11-05,0.7164006002750518,0.11885968104435465,0.5386415154794819,0.4219097431973466,0.03363599486033092
2007-11-06,0.7057196373709628,0.2363061177200887,0.5227682413086183,0.39879940373833933,0.005195818317525292
2007-11-07,0.6550332918344998,-0.08989292794685862,0.5312366383940034,0.4822157613806758,0.09819157830503686
2007-11-08,0.6247375669952755,-0.10674311907637662,0.5389205699090199,0.4868094583400512,0.07466182222578577
2007-11-09,0.7534560082620253,-0.27195452699105566,0.5326642067931787,0.14716697126382694,0.02477660877062097
2007-11-12,0.7049912953491332,-0.10641213792293634,0.5914461073188669,0.38046791175061606,0.052149676037910965
2007-11-13,0.6846283778267426,0.1332362813760613,0.5137086895975455,0.4992698929373363,0.03906292442600778
2007-11-14,0.68982007416467,-0.11459010238951757,0.5464861955059139,0.4639704021010685,0.0660245494188677
2007-11-15,0.6830978386897497,-0.023078923369643303,0.4846034405719479,0.4780387838231508,0.03573624884892856
2007-11-16,0.6091601847099749,0.012549174709535885,0.5660618398521324,0.30752711134855815,0.008270321131248082
2007-11-19,0.709037198412292,0.11885716339350455,0.4985354101588535,0.39567284054666746,0.007843475326360127
2007-11-20,0.747519633989421,0.24573051683093663,0.44880004977740984,0.49534348006257867,0.0247343704447507
2007-11-21,0.7383748444664995,-0.10125629202661678,0.41570535634822864,0.3869954697518964,0.015399292492627748
2007-11-23,0.6160347326461308,0.1777611031760326,0.5174399503896043,0.38590940636738946,0.042698364512231024
2007-11-26,0.6738555840057106,0.36957413337625744,0.48175807698243966,0.3582293267329054,0.09671208296976688
2007-11-27,0.7310250511825384,0.11636119858609484,0.509666782568709,0.2918020741954102,0.0984789312509256
2007-11-28,0.6323992952432088,-0.05550115552720867,0.5318260615392395,0.28044012949914787,0.05858963474178578
2007-11-29,0.6862936965593219,-0.1628931720482012,0.47789220040148506,0.38475144779116666,0.051653660399474534
2007-11-30,0.688668547641166,-0.16867103074783452,0.45334271624223643,0.35927964367865445,0.09752932064749284
2007-12-03,0.7702749750279124,0.03437338661921826,0.4936991677088347,0.33718031173389235,0.005665858824098913
2007-12-04,0.6946621400211297,-0.18834235938322302,0.5185600236059532,0.3482775001001558,0.005976493397124739
2007-12-05,0.660290137135481,-0.1335161493001996,0.5176617263550018,0.4826095516310398,0.056315886964143594
2007-12-06,0.6382539780589113,0.026306115619068496,0.4789282328829054,0.5422310477146142,0.02295102826051757
2007-12-07,0.6161654485609511,-0.38215943079195935,0.5492533822831271,0.39660710232982904,0.039940328228587986
2007-12-10,0.5763675366725,-0.3068211154120867,0.5707083174137789,0.5618988195275678,0.06252721587765125
2007-12-11,0.6334708743624156,-0.03440775898366676,0.5901416354338889,0.29986115370719846,0.0012427652309171977
2007-12-12,0.6816013287022887,-0.06093594709843736,0.5125367887359986,0.3922044329278159,0.017665681167157832
2007-12-13,0.7022949881581296,0.00356396018851185,0.5154286266439383,0.44566631370663007,0.06773540877582547
2007-12-14,0.649611837792016,0.22744118890977438,0.6443399143511879,0.24946862474967624,0.06521225549792013
2007-12-17,0.5540381961726903,0.08976043965406635,0.5271078976960386,0.4848593753472157,0.06199776997786051
2007-12-18,0.7455571674331689,0.26480012768690886,0.5114227141470588,0.4524905245257758,0.09679147910867764
2007-12-19,0.6883250234019795,-0.24461501279352832,0.6234226138240339,0.2975383057950102,0.02172389161042686
2007-12-20,0.6135488959198617,0.018536263536970726,0.5241959399568623,0.390253005458532,0.024599352241429263
2007-12-21,0.772330682483249,-0.12459561807877867,0.5403717852197829,0.3895313657832989,0.008671390126952994
2007-12-24,0.6573856052002006,0.01631135744467518,0.6101814124046088,0.2722145001219664,0.06832787340362514
2007-12-26,0.674166336839895,0.5259902933549755,0.500748375170354,0.4557960480182158,0.007349623856223864
2007-12-27,0.6199718521906719,0.3561705214150789,0.5389330800502447,0.3739318029169395,0.01333564107424473
2007-12-28,0.5795629352822425,-0.04854097507716107,0.5798204840051648,0.22051321775627664,0.08972440699636094
2007-12-31,0.7038332496114905,0.10581225213295153,0.46105742705438435,0.4864196952273043,0.08566960896491421
2008-01-02,0.7586164335069913,-0.2648504801921021,0.5659611341723477,0.2524541021138438,0.08608392691256951
2008-01-03,0.7266293983408201,-0.2317523803858367,0.5910890100786531,0.31219548366204264,0.05914779781647052
2008-01-04,0.7149641857243361,-0.05660313731346559,0.40404991721699035,0.18380527158554494,0.06881144855997494
2008-01-07,0.5959699264260495,-0.11305467190985669,0.552337804922201,0.3265059806158858,0.04641135475718619
2008-01-08,0.5894184795267321,0.09698278124041414,0.4974900545556747,0.30594415020276006,0.09063328940052033
2008-01-09,0.658126687981,-0.07837238276007369,0.578906446692509,0.3614090215446269,0.010531067238243475
2008-01-10,0.6629025092523878,-0.2656426585883313,0.495412800718747,0.6095779545403466,0.0519924722885095
2008-01-11,0.5869810503809012,0.08072560394382439,0.595726077968913,0.3661611140062385,0.03859998590484163
2008-01-14,0.6573786620164581,-0.05256898037712563,0.5918029113843785,0.3640256577589217,0.08692872536924934
2008-01-15,0.759175823433403,-0.22586616214537383,0.5327126683577378,0.4568988950218389,0.025339330538825002
2008-01-16,0.6607085462078468,-0.03386512127511963,0.5375979529683912,0.49782780317658604,0.012416749173097465
2008-01-17,0.6933353302723648,0.4330772233707323,0.5826299306357564,0.3629923323431073,0.08458229982250176
2008-01-18,0.6735611861008912,0.19978438170346413,0.5486720980131853,0.27350146359502203,0.07748899858290156
2008-01-22,0.7316468392705068,0.058826899955983496,0.4819070024848121,0.3041886605669929,0.003986064148172164
2008-01-23,0.6523840330499128,0.3447019514039851,0.608632222336396,0.39988957684656623,0.04333708461993585
2008-01-24,0.7575767642618376,0.013179870517908952,0.6625592102528278,0.19571554222341261,0.057509647083421225
2008-01-25,0.7328257365203292,-0.13931721675112804,0.6440932595135145,0.4637264649412671,0.09464472304152852
2008-01-28,0.6438765201703314,0.09468478472453579,0.6169421267864502,0.3537340512384439,0.08279609394774091
2008-01-29,0.695622089236632,0.10264234196410578,0.5606818331146017,0.2964831927537368,0.08819865404243592
2008-01-30,0.7126826292314078,0.009887998296809959,0.6197039599950436,0.34026016895128125,0.03404458815009066
2008-01-31,0.6481516814471108,0.15867494072665503,0.5204489882189792,0.3834647122253618,0.06537536225918147
2008-02-01,0.6973318385509976,-0.13654987456150552,0.5417985702731851,0.4354460565746911,0.0049405580930515615
2008-02-04,0.7013762871675479,0.1907484079207717,0.6043405127949746,0.3353361183273558,0.014233406889387757
2008-02-05,0.6803989084140326,-0.13472411635942458,0.5822936890925482,0.38149135476080115,0.0687777003872571
2008-02-06,0.6721599962278835,-0.15721251939839903,0.5672937578957254,0.5950196748191516,0.04916195042932954
2008-02-07,0.7486581915865986,-0.1543675833267136,0.506147095938262,0.5417460221053005,0.005948360664856412
2008-02-08,0.7334712883328925,-0.024978427860487682,0.5649204131631556,0.3857838129273277,0.010277085709357182
2008-02-11,0.7254732462165318,0.25479871803159976,0.6503620755487736,0.4529741282606668,0.06548621247126982
2008-02-12,0.7710014105935542,0.14192044182859806,0.6476334968067037,0.3132348982875939,0.039389119360804026
2008-02-13,0.7420768934111197,-0.24718070034682604,0.5474948019714643,0.5574664810780293,0.006665778268505285
2008-02-14,0.6507773973986342,0.1189893052410983,0.5514821730178457,0.17737032941859013,0.007934631827459472
2008-02-15,0.7086739211613512,0.10444542264053953,0.5625686279747895,0.18313406136902388,0.032724337431914934
2008-02-19,0.7120077286056746,-0.23534306459556809,0.6205888354079537,0.33886403402349546,0.04237871118571859
2008-02-20,0.6369627173492638,-0.33656294748630583,0.5923043423240414,0.6270897378388857,0.016270390449479043
2008-02-21,0.5946661341181254,-0.2951793614826452,0.5517003777469588,0.3669552354599016,0.09474895806207892
2008-02-22,0.6281652525939881,-0.1611606995086587,0.6360676308657788,0.5065056360490117,0.0949866580664083
2008-02-25,0.7170852388744966,-0.29643683750135147,0.5713007395916463,0.47637288234356395,0.047011146994513364
2008-02-26,0.6807079014907784,0.03456637403930131,0.5513700065470742,0.30814984655513733,0.058809227163117185
2008-02-27,0.6744254632614094,0.15870557695773355,0.6065372049523681,0.5056938024473373,0.08439571666244873
2008-02-28,0.5442893273368414,0.07813713401283506,0.5900883479448437,0.3683678949794506,0.03443500112880112
2008-02-29,0.6006393742139658,-0.026918310275714383,0.5140054067452717,0.5818045496356564,0.09453459436983844
2008-03-03,0.7502989696132285,0.4253121524125565,0.6467482604619927,0.34572885100946626,0.09737029367337358
2008-03-04,0.6351180505395123,0.3924886895794586,0.5848202706814672,0.37304502100899334,0.08475098798842046
2008-03-05,0.736766529855196,-0.06271634156226204,0.6231474187892966,0.2648437193644038,0.0590509254113931
2008-03-06,0.75949903695298,-0.08712183352161423,0.6346993779038455,0.44568611241018863,0.019326015808197483
2008-03-07,0.6324206110269597,-0.3239545671854192,0.4486775211494155,0.4106744398969656,0.05104828435132713
2008-03-10,0.6556140876655876,0.002531510358582547,0.6164987633477061,0.3888894805586435,0.06421494453210158
2008-03-11,0.7138373597667571,-0.1092798937846331,0.5818943025753069,0.4416997741377287,0.08776426609209309
2008-03-12,0.6017798050221852,-0.1394475012510328,0.568928113650513,0.38697576085867536,0.05970379108427191
2008-03-13,0.6614317704838675,-0.11831296385068313,0.5492256037922341,0.432539486802909,0.08005722459290432
2008-03-14,0.7048610532630553,-0.017470973562167667,0.5676299133057742,0.5876551402921693,0.09342796857658477
2008-03-17,0.6963120300423127,0.02351681045008786,0.6156061978120108,0.43052520085311774,0.08623675805250813
2008-03-18,0.6778776279490994,-0.09598774023710036,0.6147083894455305,0.46385472451235954,0.0854913053864202
2008-03-19,0.6480808875123943,-0.10869434932232978,0.48879339311481307,0.4611762531027026,0.023698657710541783
2008-03-20,0.6364968613491382,-0.13556580860222264,0.5452398053503023,0.33392596645862904,0.06647055537235665
2008-03-24,0.6652795131872102,0.24893207368744036,0.5477870444334754,0.4060788422621949,0.06353663167893987
2008-03-25,0.6914076440534973,0.1987044832810892,0.5855365847488608,0.40948151293402263,0.0024399638347812336
2008-03-26,0.7111596009594182,-0.18847737486504543,0.5635801078168534,0.33755409103505596,0.057775679939271365
2008-03-27,0.788733290090893,-0.1660108710128805,0.5900978203872556,0.27302074560435274,0.07923928178405454
2008-03-28,0.6931620186219701,-0.2534961927194847,0.6155670230780015,0.4713967458746888,0.06301673586754461
2008-03-31,0.7281086622323478,-0.14819979496493185,0.6049259459580355,0.20419975218020484,0.08324818443149054
2008-04-01,0.6277118243658254,-0.06360088722431397,0.6106378418500148,0.3785124126558201,0.05171047273412821
2008-04-02,0.6593981608266218,-0.41744268629862,0.5647340548285585,0.4487843723505346,0.09726760338861462
2008-04-03,0.6764816696599701,-0.25403057957640957,0.628118065833342,0.4301420788764748,0.006990606888269336
2008-04-04,0.6223910520387923,-0.3217215203028933,0.5728884929485115,0.34459434782813475,0.047650144476374036
2008-04-07,0.7290574999578566,0.18655907675603692,0.5413323086885452,0.5146326968118973,0.09731792237840303
2008-04-08,0.6053212630902238,0.0571880563628437,0.5514471835248321,0.4570398730308959,0.09370821266281053
2008-04-09,0.6933567404933787,-0.06785478153442943,0.556558816201986,0.5562482249403674,0.06690236184107672
2008-04-10,0.740566797617863,0.07692133381082647,0.611455542041535,0.40193683884961534,0.0743139612195159
2008-04-11,0.6986267616591545,-0.11213482259486529,0.6488173658473196,0.3516364507730828,0.06381923548379556
2008-04-14,0.7309018159680806,-0.040080899493289635,0.5256736046611613,0.45941975924784084,0.04017471653432197
2008-04-15,0.7146839371575432,-0.11837201451824697,0.5765163151421422,0.31668451298816075,0.09076733883087218
2008-04-16,0.68228781307546,-0.3387178334190129,0.5037831084367677,0.54820262457948,0.09331081542294506
2008-04-17,0.5913533595770232,0.17578622891186377,0.6127526259189551,0.20532551862213583,0.04920512065859811
2008-04-18,0.6973602750010098,0.06094580055058527,0.6552701233076191,0.5801490432269466,0.00015233892795855076
2008-04-21,0.6678856861996537,-0.15559870539866866,0.5390328166408159,0.4734303192991633,0.03139706134559949
2008-04-22,0.7556287828995357,-0.30865133778223086,0.6591660531057367,0.5426287512527733,0.011199047029296095
2008-04-23,0.7158040474563476,0.10761094316661575,0.5482727840862814,0.44496759973838157,0.025980723670772587
2008-04-24,0.791845181807018,-0.02862776608047654,0.5819934049154653,0.3203130396149467,0.09430129177469747
2008-04-25,0.6690206033989603,0.03657195396943496,0.7022949905209602,0.422185548689022,0.054736572579414645
2008-04-28,0.6263331107644192,0.1765364943877896,0.6692373956426104,0.5398302822091048,0.03684583982349306
2008-04-29,0.6421253743510051,0.3501834965679725,0.5203142604144837,0.49766399637999653,0.0013481525817204965
2008-04-30,0.696000879928886,-0.2615326700370938,0.5917880127893345,0.3893507264947672,0.02966581736221459
2008-05-01,0.6851815010902665,0.07481132681181898,0.5876827021667421,0.4431225965731918,0.006412153443222524
2008-05-02,0.5871453542741359,0.022650823544339945,0.6556293897198702,0.5831463333175646,0.061895017726400485
2008-05-05,0.6449577600346184,-0.09201871080695334,0.4770033509217326,0.2725057665011704,0.09628508820407662
2008-05-06,0.6426408405876108,0.3147553405860747,0.656838295000712,0.35592538205786733,0.024341160790242056
2008-05-07,0.7182471619103319,0.7548099474688292,0.6323444382354197,0.3909759098134627,0.01827276189414062
2008-05-08,0.7095187455581057,-0.30762587913681866,0.6475387573588651,0.30255385170949856,0.02212168658876188
2008-05-09,0.6649378496099807,0.14267539078114352,0.6070740419222095,0.38419298206107055,0.0457781615473477
2008-05-12,0.6808382322377576,-0.23374133138801034,0.5524353864043022,0.5253459424431798,0.07827544415489152
2008-05-13,0.7204540158848419,0.302320271362293,0.61667822708892,0.3830772613404647,0.04905959382253941
2008-05-14,0.7277711243677594,0.16358874951438532,0.6141666015972931,0.2883000440906951,0.07455269426465018
2008-05-15,0.7312292538726921,0.0838990456463334,0.6464119189829679,0.5270427484057228,0.07276206693765451
2008-05-16,0.6853390030581108,0.08265019657885922,0.6056890634652777,0.4936501725931135,0.06311512385449047
2008-05-19,0.6836126612900914,-0.14002244313191245,0.5363282636800532,0.5045351073938199,0.06773354900992733
2008-05-20,0.6576271542851962,-0.015031846546578534,0.5685301887346974,0.4148871630752929,0.013089820641826644
2008-05-21,0.7695754510044089,0.2859483533959463,0.6185365740916751,0.3442706646843021,0.06942544001551053
2008-05-22,0.567319146238727,0.48168217110550215,0.4920010335149397,0.2638827741317675,0.09552001531883215
2008-05-23,0.6385922964386835,-0.09107354987674508,0.6052428822901537,0.6283318888587764,0.013707296313365848
2008-05-27,0.7054877225992963,0.10640933223918347,0.6092284094800484,0.31398230737601085,0.003424091820381481
2008-05-28,0.743696811620307,0.09396332586172464,0.6113940738237005,0.46740789548235967,0.0824546014979105
2008-05-29,0.6859395539121702,0.3585958529467426,0.5467085477063579,0.5564846677026362,0.08249983217153646
2008-05-30,0.6417356510444376,0.004615806316421012,0.637867180850767,0.4427557259835148,0.005375397023151052
2008-06-02,0.665995855902475,0.08458462615807513,0.5439931155047558,0.3694535964973717,0.01520291899732147
2008-06-03,0.7525919580170487,0.02485280007910129,0.5655251550118003,0.4535521472328393,0.06954894217873138
2008-06-04,0.6533802685865427,0.1434010899496692,0.5819923748399527,0.4457344909500614,0.08504104863595001
2008-06-05,0.6311386614171013,-0.21012548106778584,0.5512460016808609,0.4303456810985921,0.09176089347991656
2008-06-06,0.7071674191110064,-0.02646526585056514,0.5874264759783119,0.5130214418047968,0.08947594486783633
2008-06-09,0.7187690276141175,-0.2963234992165965,0.6161558302370659,0.6096227590926766,0.0832875764218036
2008-06-10,0.6991460137421798,-0.24228396667922963,0.5314970448819436,0.4481617771456945,0.020373341843340477
2008-06-11,0.6775110750908436,-0.022066570811020182,0.5621911719944261,0.2536398970841961,0.04468219376641017
2008-06-12,0.6557028609925006,-0.09113183790299295,0.5391624769332349,0.4962689011187087,0.080883458660155
2008-06-13,0.6468482284484458,0.12187598929272501,0.6116129727037038,0.39204744864280094,0.06633791249841102
2008-06-16,0.6326549462605352,-0.15745182729286622,0.5348094693952012,0.4988720385425872,0.03342441695249039
2008-06-17,0.6961982698879845,0.42303089078977146,0.5524174636079259,0.36162673390698175,0.07739875891129339
2008-06-18,0.588594336446745,-0.02042356991327486,0.519461118741412,0.318635549454481,0.04106522756451645
2008-06-19,0.7282198682568517,-0.050962100738953214,0.6229931030469551,0.2191994315809537,0.04058829500399844
2008-06-20,0.6264168110021321,-0.036896996593645266,0.499395298525015,0.41176020923282214,0.07489411079710233
2008-06-23,0.7937658773054828,0.3262368459392997,0.6558572210005209,0.22776179162120375,0.08188784029348656
2008-06-24,0.7371507581709478,0.18648390979877247,0.5148366580384947,0.40489744051136933,0.0875176638301216
2008-06-25,0.6079267587342011,0.2230503508776118,0.5086919738009916,0.49204351707062577,0.07569062754310213
2008-06-26,0.6915056864650678,-0.09497974700542627,0.4990411602351875,0.4680909963873206,0.09568773126082965
2008-06-27,0.6292393759119946,0.0805613952381831,0.5635748142382296,0.45046250708272295,0.05487530259952161
2008-06-30,0.6815837846396837,0.12590422810857935,0.5569340470291769,0.21184050385953157,0.06529711137824383
2008-07-01,0.6559000858926566,0.06012483262905919,0.5597186721233224,0.49667571974862107,0.031711365902988745
2008-07-02,0.6547833409215696,-0.32107595336504235,0.5485891039109263,0.4096931805979733,0.057461607306102225
2008-07-03,0.629629078206303,-0.041856143040872165,0.539946958610426,0.3750645055210388,0.07436462175542766
2008-07-07,0.6143148523133636,0.0731013861770269,0.5421629572871445,0.3836257730016874,0.025037678154125276
2008-07-08,0.7665500537621309,0.09988062067862723,0.5546357336580664,0.33175001011719146,0.08461374273458581
2008-07-09,0.6121843717540563,0.20754916816018376,0.44261717133564826,0.3721342167506503,0.05569756518766934
2008-07-10,0.7256559524293266,-0.13865390080767173,0.5316102635541438,0.46347014544477155,0.07735197296081
2008-07-11,0.7318463862803017,0.09864650581779184,0.5271116684636729,0.48763788037804157,0.018369807472229892
2008-07-14,0.6872074913953463,0.1918522295280056,0.5164380209067428,0.521729228912198,0.012242795720129186
2008-07-15,0.7769546667292467,-0.11467700657172608,0.6436247904803314,0.5352901254273927,0.09389844536896137
2008-07-16,0.5785974060233345,-0.009378314567377866,0.4841218002594903,0.34707562449860824,0.05264077273544111
2008-07-17,0.5897653599953845,-0.17713773912140524,0.6319972478426983,0.44202394864647376,0.09867455076923
2008-07-18,0.6366924307245094,-0.22299909167345572,0.49573154546629605,0.5014556489009093,0.0848925665545109
2008-07-21,0.7030728322273314,0.15914608495732718,0.5012657447862349,0.2971579817715733,0.06952981489617953
2008-07-22,0.6550920334398879,0.11190587717780072,0.46783843798740665,0.40157631034390445,0.03227021444532859
2008-07-23,0.6072042262251017,-0.038574893155424006,0.5637992079682465,0.2676060920656149,0.07739511891924954
2008-07-24,0.7706216552846953,0.4581050836767408,0.59349517695805,0.3545068458115682,0.05811197454162164
2008-07-25,0.6249897767459562,0.08905674378138952,0.5396353900695952,0.4008558224388616,0.04181227199981157
2008-07-28,0.6683347308696631,0.22186715484195912,0.5351132240946319,0.5126353611925893,0.06281475145767039
2008-07-29,0.6360102420265153,-0.19807078993291485,0.46953687860312326,0.390021102288269,0.019753765347317865
2008-07-30,0.7245738197960152,-0.15607063411527977,0.5121220824403221,0.2921324629076889,0.07085646290946598
2008-07-31,0.6266352493885482,-0.10336305631965137,0.5424571978922961,0.5844368920315085,0.05956135000872181
2008-08-01,0.5864984477965971,-0.07113054501936318,0.5611868028703764,0.40653331607092,0.09678303505622593
2008-08-04,0.7010159914697595,-0.5714982652354458,0.5497972071920594,0.5028388251412538,0.009935067102524753
2008-08-05,0.7381632620997836,-0.1778709983286249,0.5157093252328749,0.4384685721322181,0.09347841182075117
2008-08-06,0.7270667904500743,-0.29588776216020446,0.535500087381909,0.5296510934891676,0.08444082074351401
2008-08-07,0.61859919213318,0.007091752494683497,0.43473455756047846,0.429021282823694,0.01015422889927522
2008-08-08,0.6557193443505606,0.3577943661248488,0.5591701269429139,0.3134855529817152,0.08932742417213708
2008-08-11,0.6596799538513557,-0.4149455361148425,0.5914793580981834,0.47814399852751566,0.0644836207463436
2008-08-12,0.7081318611019201,0.1478483816261854,0.5664278608671576,0.35059928756802483,0.04911075137253537
2008-08-13,0.6493132735035383,-0.11504425279650093,0.5101823844714286,0.4410127206991612,0.07182210905673016
2008-08-14,0.7705982522571604,0.1159800620660052,0.46152299995530266,0.3579968766290672,0.05579447820185734
2008-08-15,0.6808636015067122,-0.1071290998348016,0.4911516403213287,0.4663419151625477,0.07134995712395013
2008-08-18,0.7557304162561754,-0.009266752333958172,0.4573261241572145,0.4628512386434946,0.060761665199944706
2008-08-19,0.6504062180120392,0.34820057945863014,0.547165562308524,0.31414015949527163,0.07442380979293599
2008-08-20,0.6410210347611565,-0.22989902763949488,0.5522805309905456,0.2902226311571987,0.05816189548156835
2008-08-21,0.6662950613686124,-0.21551827834392934,0.4396520866847924,0.32552308167949967,0.0666525961856698
2008-08-22,0.6202888676506689,-0.3218755739921176,0.5743596997231939,0.3787876365355645,0.0057508374391095135
2008-08-25,0.6349390264340624,0.0024585938289630456,0.5177832909987117,0.2452780021268647,0.0692383956994949
2008-08-26,0.6985798722528099,-0.39895406487346063,0.5296868991112842,0.3730926704351003,0.09539101081191521
2008-08-27,0.7436385298786484,-0.09468203828117579,0.4802910402465126,0.4727822177135138,0.009487974081840456
2008-08-28,0.7249601653877189,-0.08881300240612934,0.6069912947075987,0.4440993693871443,0.08600327608879163
2008-08-29,0.7348001754722953,0.1279958055106617,0.43481106580344997,0.2988899645206634,0.08863521837088241
2008-09-02,0.7088863433531812,-0.10041627050036324,0.4394384155405609,0.49548928606100884,0.028430653468462297
2008-09-03,0.6544184174400187,0.15933261033878898,0.46441976249486977,0.3666532421174014,0.07216141362297136
2008-09-04,0.6000682038443618,-0.06318977402409813,0.45282577362054205,0.4264088061669993,0.0019039328287637992
2008-09-05,0.6437090913815464,0.6044493444877661,0.4353927675422935,0.4493189851811171,0.04579446589673319
2008-09-08,0.6989761381093956,0.04940486805943452,0.46239125804702574,0.42585660270541836,0.06506772961701794
2008-09-09,0.6619817907982956,-0.25439552809717086,0.4862209684869336,0.2524841438433464,0.042596904896111724
2008-09-10,0.6148376154769496,-0.0314422357480333,0.40600908794306384,0.4532751483337871,0.0760385205332482
2008-09-11,0.774093809849185,0.02773562755016834,0.5248280357580932,0.31211955717352824,0.062410258962242504
2008-09-12,0.7068095324648477,0.1885790143719979,0.55016130901053,0.5913840338094538,0.020680514012708942
2008-09-15,0.510700372371135,0.4415107714057269,0.4923193260981741,0.5279750064345197,0.06449674038394192
2008-09-16,0.619299337343756,-0.1367348096887427,0.50889098668101,0.5599875848825537,0.019211793365380127
2008-09-17,0.6574015951537193,0.13485067611197302,0.5397048064052443,0.4582943389164903,0.025517952277372115
2008-09-18,0.7284869154210557,0.008577010217959188,0.45941065101660683,0.35898641140517357,0.0035641316641304103
2008-09-19,0.6836059725107938,-0.014715938930280146,0.5425055255465363,0.17737277809216456,0.02831290015043251
2008-09-22,0.6454922329851167,0.1441319041171648,0.520388741868833,0.5501201519131222,0.08629578765259793
2008-09-23,0.6309282832901658,0.31549782592647063,0.45573412089287,0.30152622751015956,0.015248211735164052
2008-09-24,0.7254270429682809,-0.18240837658745038,0.49184496164236535,0.37779822147009817,0.07541653975928164
2008-09-25,0.6511192634882702,0.07292988680699676,0.5271932825261085,0.4746342587372155,0.06587814646993866
2008-09-26,0.6687427014381514,-0.09010390474675879,0.5125824105680592,0.26697838058337414,0.03463660055082746
2008-09-29,0.7099690246961178,-0.13660831341675844,0.5024610979032869,0.4210081400501234,0.004383490218164899
2008-09-30,0.6635704789703368,-0.1992816044569342,0.5223223305209997,0.39911284635299166,0.09314912397854158
2008-10-01,0.6312155857990002,-0.08119724726050816,0.5406245664362107,0.2878705486568659,0.052556701954427465
2008-10-02,0.6772660770330534,-0.08018564095637189,0.5389434537830012,0.48768035894620115,0.06609919149519561
2008-10-03,0.7065286799064296,0.1394813663295071,0.4868858438746349,0.4492860158151023,0.09048142213477789
2008-10-06,0.7056070161805911,0.1785155721493057,0.5569575878132487,0.41340284040161934,0.09547105192090626
2008-10-07,0.7908807110957858,0.3683772589740151,0.5375368490659047,0.39428243635793575,0.08717507848377026
2008-10-08,0.7079448057276194,-0.24024767918575807,0.5368198305810165,0.3972591271878045,0.056921139696572455
2008-10-09,0.7147189853496871,0.3756684949823157,0.40511698461659384,0.3738305125136118,0.055184546401944284
2008-10-10,0.7148074511995002,-0.14124035618308461,0.46501736016543155,0.28205247409047984,0.0590662665440909
2008-10-13,0.745215152753257,0.06549916457738938,0.5659740958903023,0.4694734231796794,0.08333520387215611
2008-10-14,0.6142223161136692,0.146971197920702,0.4592416671241413,0.289278720358899,0.058186320101933635
2008-10-15,0.6850162609511424,0.4878226398894084,0.5176377495569933,0.3060344381446891,0.0620903289679891
2008-10-16,0.6785437395936378,0.15947812567903338,0.42836005301589286,0.44923722909402236,0.0934053308141925
2008-10-17,0.7389923303609657,0.09770371506116239,0.5462409533204723,0.35503382664448263,0.024108983271174014
2008-10-20,0.6874063757553233,0.002465582312266016,0.5201683748358797,0.524904108919805,0.07022572224143066
2008-10-21,0.7521062798633605,-0.1226892262277135,0.42446593565819385,0.3723767322792894,0.06768361863219383
2008-10-22,0.6384226332859271,0.2954235272823162,0.47028494747203664,0.4733691458311245,0.07895812412067717
2008-10-23,0.7011480530454394,-0.1348536656178448,0.4436416079281864,0.41180939730183763,0.005061175063175771
2008-10-24,0.4951152328554783,-0.20641152220791398,0.565515556878834,0.44138044824058514,0.060670766940018606
2008-10-27,0.7259967304736383,-0.14001106230506513,0.5329431833841939,0.34190111190868516,0.06877276564703655
2008-10-28,0.648909056052069,0.14113419665611915,0.47256175697366054,0.2801397728161861,0.06172418607865296
2008-10-29,0.6602083601457894,-0.06303039506534282,0.48983423581037994,0.3919005471271981,0.0598140356376155
2008-10-30,0.7758391913381575,0.03981238505478872,0.45528270316625163,0.2942945199845593,0.07323732853064861
2008-10-31,0.6156049964812786,0.0846273952788316,0.56576810576244,0.44724183700918174,0.0577922298693211
2008-11-03,0.72373077842391,-0.20107458842050485,0.456624240206736,0.5133307123122262,0.00880358347428939
2008-11-04,0.6168243829770833,0.10220731527424198,0.44730362280629843,0.24795892530537095,0.03682852932663009
2008-11-05,0.6339853261403227,-0.09157218324837943,0.48441380753539987,0.2860805783826096,0.09468592073630552
2008-11-06,0.680555145170623,0.03579243524480737,0.4705190029312623,0.5105575642458143,0.018215566044983523
2008-11-07,0.6031437792465719,-0.04393158873692575,0.4674298860304469,0.4093879213047593,0.01870378734738155
2008-11-10,0.7300486113033771,-0.019993750163694333,0.4840437386202229,0.41805673550299116,0.040603904044591944
2008-11-11,0.6711762199315954,-0.10577595776191728,0.5294338261826314,0.41387133297216416,0.09991210688499265
2008-11-12,0.6572870672379855,-0.3182937759043776,0.49221696103312845,0.40292684158904973,0.07435495976460386
2008-11-13,0.7085706990068605,-0.27551040010262556,0.5610480679216212,0.3318422879254981,0.06442060688842176
2008-11-14,0.6841525948461173,-0.027388850677070854,0.5528310630298082,0.31837820113903625,0.04526165334608454
2008-11-17,0.7721770977548608,0.00986263120746645,0.5514152977866087,0.5386088085603024,0.07795731843487948
2008-11-18,0.7238582529409289,0.06114704109848097,0.5158198727493227,0.43571234415482724,0.08233431029066521
2008-11-19,0.7842809476674071,0.11572230449708626,0.46132291092797484,0.38707246464911327,0.050644435486936236
2008-11-20,0.6328098915227054,-0.006708038093334187,0.4759758616885157,0.5590197693544853,0.07165611221651706
2008-11-21,0.6762436000332459,0.3665279223844937,0.59053817004746,0.3541355104832446,0.09791002534368726
2008-11-24,0.6053757651603899,-0.3966450121097186,0.5287248971496354,0.37656300831671896,0.06901728700686312
2008-11-25,0.6609683098161068,-0.0077764688369226205,0.5675948134778241,0.5007934017161799,0.09379830032770166
2008-11-26,0.642198467422111,-0.0031141522813818816,0.5187445565007464,0.530704882742781,0.06329977711000505
2008-11-28,0.7155414662726695,-0.07482342138051279,0.4711120240194163,0.3646281745498533,0.017704065092404988
2008-12-01,0.712864528999883,0.3616919344202778,0.5071854090944313,0.4619969929503844,0.05573269497166579
2008-12-02,0.7145710740724462,-0.058177488735907425,0.5114485896891671,0.33624460419190094,0.021162666080340276
2008-12-03,0.6724301562733813,-0.05483557727511641,0.49889204431962075,0.31760185522907164,0.03009942816355975
2008-12-04,0.672916586084258,0.25327450353732056,0.5070507309290041,0.38179776046181296,0.022749503720863817
2008-12-05,0.7215946754305477,-0.003428292578249593,0.4712305849231927,0.444553004094018,0.027454148823225857
2008-12-08,0.7158069884467848,-0.09477528864325112,0.4708245113861309,0.30829864079526703,0.08081017106306809
2008-12-09,0.6654586418920649,-0.12467058408281809,0.5626291272351799,0.4587211135387036,0.007966924270898934
2008-12-10,0.7301274857957901,-0.23276747709017354,0.4827914961983382,0.37779054793689215,0.04986566869491124
2008-12-11,0.7144630581496596,0.18484870872113954,0.6086712738416009,0.31601839203795046,0.04380449896908411
2008-12-12,0.689810107491874,0.1596444588001959,0.47796110715435414,0.46254599791859174,0.011652882049785408
2008-12-15,0.666415813392028,0.2588908123695774,0.6493442933213328,0.4059623101388834,0.011076735545253092
2008-12-16,0.6229548305740827,0.2215218992003825,0.5105150555033754,0.451637488873513,0.047140799558715134
2008-12-17,0.657865770918873,-0.05017314441787496,0.5764374573171239,0.31630658696398095,0.0010263731187760694
2008-12-18,0.631377153378532,-0.12540250627726443,0.5285774904676628,0.47010982589324063,0.09337682078345838
2008-12-19,0.6790838460117082,0.3816238706805699,0.557491181432645,0.5007882962387817,0.008847892619894304
2008-12-22,0.7328591012023346,0.04344243656560419,0.5373754796075114,0.4394901662401361,0.08726160565134533
2008-12-23,0.7547595999846388,0.03311419779929923,0.6068232238014727,0.4968213013875748,0.01737265966781445
2008-12-24,0.66540397460838,-0.15852183707628104,0.5962408602399459,0.5058748454060737,0.05321389193074843
2008-12-26,0.7045429737375205,-0.2824890166170302,0.4819091270978612,0.40617734026052105,0.0801833638135207
2008-12-29,0.6295549338912222,-0.1834717384159197,0.5977431871472412,0.6144257641182435,0.03360907637302173
2008-12-30,0.7139519757318648,-0.16403443255573055,0.571121509639879,0.39879252796937065,0.0590136719417054
2008-12-31,0.707861011766951,0.23322554192993403,0.5248581802027431,0.409610555721962,0.03564608027108409
2009-01-02,0.7249599412011726,-0.015719003146901188,0.5926662735023815,0.3674298511493137,0.09274368183384551
2009-01-05,0.6967455366158053,-0.03668964552339634,0.5850557921041162,0.33873771986759865,0.036193335555213736
2009-01-06,0.7654491186210208,-0.23154842075369975,0.512386672719886,0.3131642279657167,0.05177669929817672
2009-01-07,0.7261100472327536,-0.2817248013822315,0.6127119210322697,0.42160630834831536,0.0868190673920591
2009-01-08,0.7375760224730097,0.1265241611377122,0.5564923242120648,0.3887747386544007,0.07221340305806793
2009-01-09,0.729437236235926,0.054863078637388624,0.49734024985056513,0.2429896547746438,0.06045083308988613
2009-01-12,0.6886298927899464,-0.4949643407810147,0.5447237929582321,0.6055320940564022,0.053021636430654384
2009-01-13,0.7278211729069091,-0.3608220700392423,0.6209446049316845,0.2511477458589563,0.03197532029371621
2009-01-14,0.6930104921236329,-0.34263182835286327,0.5134891280951512,0.4227340523719412,0.0584448159505964
2009-01-15,0.7341916432955695,-0.1840886689891646,0.578519267825445,0.43109074991805457,0.073675946272261
2009-01-16,0.7026768922654383,0.18469813221889564,0.5041331989725539,0.587334007112013,0.0019422386797377624
2009-01-20,0.5995792815339787,-0.36881049383836,0.5866741295903493,0.3738411304714841,0.06128346183473354
2009-01-21,0.6559942527196868,-0.18529720982252004,0.6507358448012976,0.6941838942436723,0.06119267331931171
2009-01-22,0.7136742270071943,0.07573426579948228,0.5568866297014876,0.5407480353299412,0.09407907274076098
2009-01-23,0.6841926303362794,0.24027462471001482,0.5987359182406142,0.4048613025393482,0.06844769441862686
2009-01-26,0.6985818907131339,-0.05533585223740526,0.5130224915854035,0.3205684169961794,0.02713186518574967
2009-01-27,0.6888350998336142,0.08468159153719534,0.626405769340176,0.4546788356681548,0.03441045864594731
2009-01-28,0.6317901533965424,0.2376989615181346,0.5732062144269056,0.3282026528260616,0.08410381751082847
2009-01-29,0.696529263986519,-0.105439976858771,0.5929528659000033,0.3377358455096626,0.04342076997199928
2009-01-30,0.6500926708647405,0.12455458793172446,0.5987560639675223,0.4969457484816834,0.050831455813605625
2009-02-02,0.7068848532427829,0.26369646833727817,0.5784494800632478,0.407494738326334,0.09900840146799926
2009-02-03,0.634569849045782,-0.06039625558440122,0.6409094665657488,0.5364148259472393,0.09988293778931359
2009-02-04,0.7222752735445193,-0.03143067450692421,0.53926508298652,0.3840839536629955,0.004981516126483565
2009-02-05,0.6319034985435493,0.414158788478366,0.5603639457246511,0.4423559428862331,0.023223517829958396
2009-02-06,0.6201119515726786,0.24012933970236064,0.5224031366625985,0.2009176710503297,0.04947619932998857
2009-02-09,0.6655113076961099,-0.33115394266385156,0.6122819954331203,0.375836549065708,0.0035033894076564433
2009-02-10,0.6543443728255729,0.24848892474223924,0.6477002703627031,0.3904699908808841,0.07214417130043856
2009-02-11,0.6816298443001767,0.24932900357159485,0.6065160506030026,0.4239851594843285,0.08412461420588202
2009-02-12,0.6893200613228586,-0.023570379187353697,0.570042225944803,0.3337615191512828,0.009121554317113867
2009-02-13,0.6925444033148034,-0.017145479609698665,0.6605796963066637,0.3977810216282328,0.05320971072636073
2009-02-17,0.6626514017826417,-0.07762433371543381,0.625072147526888,0.40187947213565756,0.0283495824945347
2009-02-18,0.7453498491438597,-0.18978770217435426,0.5988868100338323,0.542233349100761,0.0027089028253915906
2009-02-19,0.7000270736938116,0.13849974602979206,0.5374352539808274,0.40188964412033595,0.07669272976111582
2009-02-20,0.6842954545811405,0.023448537520336234,0.5096376160509635,0.46747857315614605,0.0005388440009247763
2009-02-23,0.7413526875129904,0.075725194023059,0.5043267558284312,0.5417225308427566,0.06397794995136731
2009-02-24,0.7048933353540938,0.0501896711527349,0.529003789270197,0.3657036571321159,0.06205987979921712
2009-02-25,0.7031114726316643,0.4115427358124517,0.6255020497526864,0.27729982418110743,0.05440918336781919
2009-02-26,0.707406355603918,-0.08772542513608414,0.638420214498406,0.4500422611807864,0.08449376954814573
2009-02-27,0.6838155470434141,-0.03662705328442082,0.6348809657381489,0.2934662893035693,0.09258418631425508
2009-03-02,0.6784721458837812,-0.08021001968385709,0.5808437784120585,0.45176146821681673,0.01220229341043897
2009-03-03,0.7201804390375327,0.11284271146031544,0.610513700889239,0.2552805506307585,0.055165390839849504
2009-03-04,0.7374693228340478,-0.09892773817089773,0.6016001028410166,0.2701311459236943,0.0853863190941311
2009-03-05,0.7731745887836071,-0.0016184019002913855,0.56870031044373,0.48192814235549425,0.00876592835739325
2009-03-06,0.7088865579401108,0.21212368379812752,0.5911151660666796,0.3557566952918487,0.003840219251842736
2009-03-09,0.6572332084773745,0.2549235541900237,0.5175976020221054,0.5361761272613511,0.07024034107284004
2009-03-10,0.7201304652376149,-0.45829892490645563,0.5816650898476731,0.4634718507349522,0.008981807358804383
2009-03-11,0.7381490966402364,0.13856391818094413,0.6251330697834336,0.5399833226429785,0.08265408317522449
2009-03-12,0.6295108613509338,0.1400828702968778,0.6032688685290838,0.2897620599412908,0.0007412184312593274
2009-03-13,0.6979698328505095,-0.37810549384270437,0.6406705654378535,0.5322698347720707,0.08264706843415812
2009-03-16,0.6504286630106435,0.15220522128607,0.5634496794808269,0.4306734455922704,0.09485991731046843
2009-03-17,0.6410507068951292,-0.1759762795355664,0.5520374543163967,0.39975299370448775,0.046773795514273665
2009-03-18,0.6441189375599053,-0.09857471249081702,0.5922524558927891,0.4953811577335339,0.09727527060352364
2009-03-19,0.7239757904684033,0.1307920393449382,0.5707788447363609,0.4634985255253701,0.044165164782663094
2009-03-20,0.7114452682785783,-0.1743715398602426,0.5056128556311377,0.3709235333113977,0.00979593014409126
2009-03-23,0.6746734387641238,0.2744458980352488,0.6010917708153772,0.4376661827884226,0.08430238813570147
2009-03-24,0.6210450658677,0.17571331510517801,0.6169706206589899,0.4351308841900444,0.07743812090879125
2009-03-25,0.6051973186303841,0.12606191200501113,0.6120337143521817,0.34048495574730436,0.08416562840388193
2009-03-26,0.6690624687053826,-0.036410825857545015,0.5949520715074873,0.3857367340986895,0.07190818664371455
2009-03-27,0.6450997976566452,-0.05553790899282453,0.6303476158337017,0.4733319657153339,0.04887688404887835
2009-03-30,0.671016551547011,0.21500040690749145,0.5660228142679052,0.4514375427056423,9.890055528984921e-05
2009-03-31,0.6686803312544551,0.10409616063170712,0.5857250356193103,0.6210169177492821,0.09555597636064511
2009-04-01,0.7531382884659855,0.3241800833706159,0.6247926763445392,0.4280735426050018,0.044978994372148196
2009-04-02,0.6605628008307888,-0.3737315615328423,0.6178520088718319,0.4114548586843111,0.0503016538146472
2009-04-03,0.6110843262385866,-0.05002390551117604,0.6272133286412168,0.39913420830651986,0.028429937553969754
2009-04-06,0.7044283852559581,-0.1404936899478113,0.5546098570023115,0.26371358139859785,0.03045283406607844
2009-04-07,0.7394602001876799,-0.11690599518698992,0.670288363220386,0.42387549306660965,0.007160724099862304
2009-04-08,0.612317211719744,0.3291908604307898,0.5383674146443347,0.3985375416500148,0.04104193685211421
2009-04-09,0.7296133661193545,0.11467409188426791,0.6361215750598185,0.28939352958896136,0.09603382470412695
2009-04-13,0.6863853531950984,-0.18498033151601584,0.5615474056301111,0.33068766858982035,0.018020342722119175
2009-04-14,0.6508111006969558,-0.24740372944654956,0.636567843798955,0.34276947280468617,0.06570780421715611
2009-04-15,0.7153597326601239,-0.1410173970017333,0.5976638176679171,0.3581772683333067,0.0483679768990373
2009-04-16,0.7280187903398541,0.13891768215730238,0.5214935557651978,0.5255176314480371,0.06910956434421651
2009-04-17,0.6801670884426679,-0.2509665870927613,0.5665311172527423,0.2771669692972375,0.040612757396950895
2009-04-20,0.6677084414060571,-0.19308972501296306,0.6732348420121304,0.4684591324269096,0.0517526311418025
2009-04-21,0.6035590839276039,0.21529885360259338,0.6064416118446386,0.4207850378433283,0.01486840333226689
2009-04-22,0.7165736335688813,-0.24731768111541524,0.538304293343887,0.44239794300271224,0.0920276305458264
2009-04-23,0.6999319267983385,0.07666426471557716,0.5306512509382894,0.2032737123435718,0.06642760570380844
2009-04-24,0.8839130640472422,-0.02577696313871603,0.599112261018515,0.29180060556313436,0.0013514806588367568
2009-04-27,0.6760171761013607,-0.19223643508201724,0.635317324245706,0.40540757106145925,0.031259132046266624
2009-04-28,0.7132716752629903,-0.03631689572273672,0.5444541347309387,0.34003748087552094,0.04378627317811728
2009-04-29,0.6738409382962269,0.07234584722501618,0.5963924355164667,0.4076703858809809,0.0307739968030748
2009-04-30,0.6660919803734207,-0.11283048141578758,0.5274754488837663,0.5032201723406334,0.05305406773033703
2009-05-01,0.7187648299483611,-0.10734699902312533,0.6468287093591117,0.5764663133246977,0.0506173545990957
2009-05-04,0.7256395038041688,0.23186035975031213,0.5344640576895031,0.3608297541256197,0.04855895536982511
2009-05-05,0.7345774086530784,0.22135549244831443,0.7765414538332198,0.3336477487243799,0.014634466020291293
2009-05-06,0.6447111910913468,0.21962270592414956,0.6094577493179167,0.3591638160470522,0.044536335568032964
2009-05-07,0.6900412880753023,-0.14333627462567786,0.6280347029505423,0.3774383787349529,0.09200334422600083
2009-05-08,0.651673761247547,0.045334767615431676,0.6256026401682844,0.3024998480078319,0.06804190493355966
2009-05-11,0.6808617886463565,-0.15345236295382816,0.5494282396504214,0.267902769191402,0.026037519774896857
2009-05-12,0.6561302628681143,-0.22368835100171755,0.5762704475807187,0.39559115707723164,0.024167160156131184
2009-05-13,0.7171782822741886,-0.18421110002652963,0.5812865683195415,0.4286211176661669,0.09003237209467008
2009-05-14,0.7391724021619578,0.2779531416347256,0.5794235298952916,0.3394931973729767,0.0461875058350866
2009-05-15,0.6817541902500074,0.11313944018039296,0.5238083924217912,0.34080206264590507,0.09482093168597633
2009-05-18,0.7886963834868682,0.27334399620616345,0.5965170612196732,0.4796360468860398,0.02470678921799876
2009-05-19,0.7085780848816113,-0.13245681940505544,0.6487299644381778,0.44855101494512345,0.017446600533242308
2009-05-20,0.5900318185262885,-0.3488731341330014,0.6300754807519999,0.3349320704283323,0.019976973826597733
2009-05-21,0.6892435143622416,0.1553026621544473,0.6055089774813631,0.5335900212479449,0.07678411852613098
2009-05-22,0.6641837720719272,-0.21164457953699528,0.5580387260807775,0.3152545129397501,0.08632872524032283
2009-05-26,0.7078725982494325,0.31682702885988406,0.5032557414020766,0.43060494952292044,0.034025036107965
2009-05-27,0.7651642656693982,0.04734636198978631,0.6218671186212302,0.4396133908745365,0.013414452314122173
2009-05-28,0.6966794063555914,0.21306415264510742,0.6331944378029393,0.2029662399463982,0.025839132302543002
2009-05-29,0.7147652762976247,0.2646877852871434,0.641001733462849,0.3707474534297943,0.02559401655669139
2009-06-01,0.6067328355432008,0.31996053588517986,0.6321068235957394,0.4060214012940186,0.0014277636720604892
2009-06-02,0.6445228688737368,0.021243593823219768,0.6008957066835419,0.5834820552788824,0.024603785037092776
2009-06-03,0.6746323909636339,-0.05627177426741978,0.5622743898522308,0.44928263549671466,0.0041357123189392775
2009-06-04,0.7737897147410535,0.19700725670967204,0.6285233901385745,0.5737970922848157,0.08437251187427783
2009-06-05,0.7740611430376216,-0.42780917830007303,0.5463581046416086,0.37962780440813043,0.0014438662543290626
2009-06-08,0.6684733888055844,-0.09382835813014245,0.5769100091133241,0.36365441067755605,0.07595109445273314
2009-06-09,0.6707725899777347,-0.06424279592758508,0.6401594330059012,0.3942196575980867,0.07438021272505739
2009-06-10,0.612065871882305,0.02747221442074077,0.6541990930581739,0.6014082947571571,0.02074601791412746
2009-06-11,0.6920691619180522,0.11505665164436658,0.5099264129302629,0.5271535168044454,0.02123923509810649
2009-06-12,0.8180349335689314,0.3090726419790851,0.6105049170757438,0.3590811957082882,0.007706692383790937
2009-06-15,0.608964709468893,-0.16755627020134012,0.6356437270737276,0.28944421547216614,0.05871243080298985
2009-06-16,0.7558962164682423,0.12873654265731113,0.580097144126839,0.4439388731338012,0.06673719079534073
2009-06-17,0.8089705894607321,-0.04040923296851547,0.6194175839820871,0.49660128380902274,0.054174309152032564
2009-06-18,0.690515190257277,-0.047958255472830294,0.5977474823416786,0.13111105467018241,0.07810773955721641
2009-06-19,0.6474149868705988,0.11304329882828204,0.5680348715614926,0.45074726306413254,0.053839778850063205
2009-06-22,0.7141677068027181,0.27163129102426514,0.5479040501733595,0.3418802258798431,0.08696036758714108
2009-06-23,0.6903789967578838,0.1390186186603541,0.6370511341541982,0.4823437760646916,0.09594259557982245
2009-06-24,0.6202643778387712,-0.3181002351633554,0.5179660583976966,0.536500121831742,0.02463041285756388
2009-06-25,0.6359021248062349,0.30388569987978,0.6315904705349723,0.3349662694494501,0.05990075440490028
2009-06-26,0.7065194707614011,0.14456889797642172,0.5913797792077621,0.5122699924588994,0.011709820867082521
2009-06-29,0.7208679406435992,-0.21986259968888744,0.5974899939180571,0.36475338373561966,0.08911666327891461
2009-06-30,0.6272037107345405,-0.0770662084445194,0.6479269148047881,0.4723634806391427,0.0991611748925985
2009-07-01,0.7564573062662935,0.10158840547426516,0.6145818909982966,0.552930660853888,0.0802319451832144
2009-07-02,0.6875580829461612,-0.13429361868719522,0.594392494708648,0.34339608003797434,0.0803284758059425
2009-07-06,0.7465469254625255,-0.16820832357970114,0.5634420121192149,0.3922608555312729,0.03819253968513841
2009-07-07,0.614037709382066,-0.24267342149400384,0.6867675058951794,0.3054503817446841,0.07443124314796432
2009-07-08,0.7052673566050844,0.003559410672537697,0.502828464418489,0.3849663600039387,0.07948143405778074
2009-07-09,0.5856314227110505,0.23602403480755113,0.545172675632043,0.24251419117708573,0.010243711149697132
2009-07-10,0.6751295056601903,-0.09173442547328753,0.5457698036804063,0.21133396977862118,0.03325766162233606
2009-07-13,0.596854197676911,-0.05296327003123347,0.539924420948691,0.5476401036445375,0.03270482846436134
2009-07-14,0.7020408008556848,-0.06035618278959903,0.5393912344973391,0.4695610601486206,0.03551236306653515
2009-07-15,0.709153948975061,0.04750428208384144,0.5092862928759817,0.4530548426649379,0.00979796846721187
2009-07-16,0.7075138893386643,0.41420343554229566,0.47403815674593913,0.39156965417348616,0.03429317518487335
2009-07-17,0.6775057570638578,-0.2165654422146242,0.57499870821689,0.28037373017874156,0.08431113456114514
2009-07-20,0.6448403421295561,-0.07090746935319348,0.5581294773869588,0.5002010599710519,0.03094139354692286
2009-07-21,0.6602062385338714,0.20996548386707523,0.6119285677083994,0.3363331461826108,0.02985340023694799
2009-07-22,0.7015232780707881,0.3905812560397819,0.5597762234152228,0.41162932799028046,0.07648358491025464
2009-07-23,0.5541638180911795,-0.06675082873566793,0.5478670861468135,0.4711839991431023,0.036704393456525534
2009-07-24,0.6981642064264555,-0.21215940691130508,0.535682055046654,0.3699735608487557,0.09408995191162882
2009-07-27,0.6540047278870363,-0.19955887436060235,0.5452402603064661,0.2637785837612925,0.026597901017461303
2009-07-28,0.64003201345029,0.256298612072683,0.5663566828868178,0.607175487982626,0.07197557825679073
2009-07-29,0.6615677191391097,-0.2583009757014734,0.4512943859421665,0.3064230875813404,0.0376626259070699
2009-07-30,0.6607076859986589,0.3151356610951083,0.6497620338505636,0.3157720332557531,0.024886856955828852
2009-07-31,0.6738859869421492,0.16716396572874836,0.4703171317986966,0.4678836264896939,0.025469018781852128
2009-08-03,0.7047917316119672,-0.13393260931307824,0.5125255708184493,0.37652709268609436,0.07182237876281876
2009-08-04,0.6317801537679535,0.32747118215529064,0.5171514329999092,0.3659006401773108,0.06320350287079513
2009-08-05,0.6821687782801571,0.20258312487100538,0.466324839086332,0.5489225724779621,0.04937512597838093
2009-08-06,0.7285078108309372,-0.26255135596475404,0.48008144944199205,0.30192913094994633,0.0013358320763332432
2009-08-07,0.7081066765093814,-0.06576754696512642,0.5412944400631061,0.4045591528575067,0.0717748265576326
2009-08-10,0.7634893504304772,0.04381214867217509,0.5316481446554994,0.3576226232270356,0.06678494675046474
2009-08-11,0.743538286347839,-0.08771438989045534,0.5206719046225106,0.4593083365330112,0.02892494119503275
2009-08-12,0.5981150124440991,0.034518295919359614,0.50248613707246,0.37806857255325416,0.024188646277377737
2009-08-13,0.7618770087284295,-0.08735332422168826,0.48053662515740025,0.3668523461701418,0.025582729609323597
2009-08-14,0.699817467115991,0.009238442114559663,0.5256893560253317,0.477810244193206,0.0730800707889015
2009-08-17,0.7177961050857365,-0.3014478615613224,0.4224555702322549,0.3240293516729803,0.08816736517071204
2009-08-18,0.7180679021363735,0.3058467339607892,0.4995435695023466,0.4603731088398018,0.0060587754986552115
2009-08-19,0.7147062118954128,0.09548941945917754,0.4956505631227328,0.35019841766682375,0.027633647503847947
2009-08-20,0.6305673022250147,0.11461848687196186,0.45134839916744873,0.410923315581226,0.0034258046346280382
2009-08-21,0.6679407425140002,0.13499103549577243,0.5770781117599344,0.5096081851404902,0.03424880593275209
2009-08-24,0.6687361848171192,-0.1238217629420853,0.5623433200398347,0.36121092322682224,0.053474313065106874
2009-08-25,0.634996269608887,-0.20581401748111264,0.4673407144499392,0.35782545075587735,0.0013862184967800562
2009-08-26,0.6746365805800937,0.08854273049347124,0.44963379369616874,0.4772116808702132,0.08400529266774179
2009-08-27,0.5999563326653378,0.10595607670300633,0.4105062147179061,0.4265054743462842,0.03720802295376291
2009-08-28,0.5994364147137657,-0.075535950146621,0.546877814047548,0.2920480692373487,0.08203312832905334
2009-08-31,0.6331016987506901,-0.19317010706306192,0.5743041705100804,0.4323668184621312,0.03194174524630431
2009-09-01,0.7783785360571444,0.33043764956666455,0.48773971889530676,0.17113127684322404,0.038783278590662634
2009-09-02,0.7200487350653132,0.0541035958950094,0.5301028485472516,0.41128118228533705,0.029691869579805175
2009-09-03,0.7093461893608355,-0.15818781216384428,0.5836546956119157,0.35391882356834087,0.07535062910715032
2009-09-04,0.8072482771138959,-0.16464709198912092,0.5070711808425955,0.5933572142465394,0.014590926103118108
2009-09-08,0.7072662868034378,-0.05997947022913935,0.44361377222415516,0.18189402727364423,0.024807837245784937
2009-09-09,0.6900388648160504,0.017712604446429227,0.45446942610930186,0.3504156397389584,0.039627925393484434
2009-09-10,0.6072117047448327,-0.16837084825627613,0.5310239202235727,0.4700591427946843,0.0712454741343544
2009-09-11,0.6528109225117159,0.120186383522279,0.5202794966686789,0.47149905998739045,0.07974540714658718
2009-09-14,0.7242664615596602,-0.07218131583109329,0.5194108843906247,0.5507256526921941,0.06491331467298178
2009-09-15,0.6743503172354244,-0.09855451784106584,0.4659954369875674,0.33443074906387543,0.04447863542070956
2009-09-16,0.6845172368779211,-0.015948797646731877,0.46977774406087774,0.4367368307763644,0.04011500211070279
2009-09-17,0.757886654116804,0.12460007620422116,0.46608861010693287,0.3468970907000434,0.050715878619020355
2009-09-18,0.6597007363573621,0.035945737774387504,0.4795445102311372,0.5023049897726933,0.07281787366817685
2009-09-21,0.6702493002866767,-0.07065088122717532,0.5147434486778,0.42471502649295007,0.025183559385021637
2009-09-22,0.6596025980421658,0.029605771184497528,0.5402176441711194,0.37742583258253043,0.019674004028851624
2009-09-23,0.7180626049465751,0.18831928771872955,0.5032201360803745,0.20222883307678072,0.025140672393493515
2009-09-24,0.6769005080975816,0.015611293569698564,0.5471026769256977,0.27228425427428593,0.0746767908612225
2009-09-25,0.7302757981338778,0.05144666095598724,0.46471416429121,0.47518525914421483,0.04596674353445551
2009-09-28,0.6598296948607103,-0.10989537388443987,0.5084047288755372,0.413714186183898,0.05768244180743975
2009-09-29,0.7333214508181873,0.4342140653675013,0.5838187643156462,0.48218806867044495,0.06577086697971793
2009-09-30,0.678351112428318,0.13600390119182795,0.5148795921140874,0.44740555864451453,0.02705425788134537
2009-10-01,0.7364183917385244,-0.39276111832952665,0.540681967223481,0.37586543176662807,0.060895322848023216
2009-10-02,0.6033399268813434,-0.1969305904451072,0.44865005372452815,0.3711555855348822,0.09127069424407393
2009-10-05,0.7052248107364465,0.30129191641146713,0.5388176388994758,0.41386943739465554,0.06979932843259606
2009-10-06,0.6816972802154634,-0.08975912046217652,0.4950335331067065,0.3033552143013618,0.03460061929270546
2009-10-07,0.6780524848132237,0.1072340911811859,0.49583836025889455,0.5957869836482216,0.03744640450033026
2009-10-08,0.6409449164700458,0.046628594490824536,0.510363146625683,0.42335025024706113,0.09842745980445816
2009-10-09,0.6239471978379155,-0.07985804959607692,0.4543890187209176,0.31820977512280113,0.014770687227225899
2009-10-12,0.669530508575422,0.0964144227114016,0.5583787270805587,0.43168515569586374,0.053474456002935294
2009-10-13,0.7260489678586517,-0.15678376620291004,0.45697595011527753,0.47618480282583775,0.05499908118104986
2009-10-14,0.7148719086589141,-0.05021610380122313,0.526918943411958,0.3000727345556504,0.037354086201671965
2009-10-15,0.7284223019774789,0.13516303881980654,0.48513691341479226,0.5584959070581488,0.05735018404271245
2009-10-16,0.7546290038924022,-0.2977153214151004,0.5439877197302248,0.49096364025140815,0.09600364491188042
2009-10-19,0.6924503072412792,0.2883703690328479,0.4580481867922321,0.3410636714055604,0.03533456967225589
2009-10-20,0.7830602155845336,-0.13114786745475637,0.4665248244335771,0.43212420095011084,0.07300047132108171
2009-10-21,0.6509957307597316,-0.1571020576079113,0.4770735753216583,0.35935774355362293,0.044863709974761516
2009-10-22,0.6549572746346651,-0.1775846178624854,0.5561433306278388,0.32248532721194456,0.01174529167103866
2009-10-23,0.7161076576490784,0.1465649425813534,0.5846594783779526,0.31605231996074035,0.02410195957219632
2009-10-26,0.731960593291876,-0.09354243582693417,0.4461794722812004,0.25016148039940345,0.023569973209414452
2009-10-27,0.6011854915912613,-0.36131832299196665,0.4736319623636555,0.5319352943354325,0.01046258285760282
2009-10-28,0.6413120488584169,0.1507799782061585,0.5327633263244957,0.5200903191278956,0.024648265290802798
2009-10-29,0.7343077476023918,-0.25917778663310753,0.46532601514103067,0.5190452964980022,0.048630431025496204
2009-10-30,0.7222566649480698,0.2880785835738899,0.42674428152308513,0.5581597347775102,0.07034394321806697
2009-11-02,0.6915747014528691,-0.045275858948798514,0.4846005135401633,0.32668346868467546,0.06816479322511404
2009-11-03,0.6679405376724221,-0.14179916251783467,0.5412490620271289,0.31574549935469376,0.030697701772669228
2009-11-04,0.6656810188518687,0.27231023639457574,0.5815102916729794,0.2712575516213276,0.006298512565864923
2009-11-05,0.6857220507358824,0.26555524138168646,0.4836880675165621,0.4743232973129455,0.06044505359732401
2009-11-06,0.6851188354298933,0.1700262327604702,0.5513799149019248,0.48696635864300675,0.08338810292825811
2009-11-09,0.7091416911223738,0.06442523418515315,0.4682637876033513,0.3541900583698641,0.0018560837486324422
2009-11-10,0.6519552941533349,0.17344283489986842,0.5215001613410041,0.330485177584609,0.08091030357938594
2009-11-11,0.7142761134417042,-0.05123512634726183,0.4659050749824843,0.352491360165626,0.08578665355051847
2009-11-12,0.7939275532962127,0.42891432057967366,0.567401556574828,0.22279711367171973,0.0684334012627788
2009-11-13,0.6745392408382638,0.005891020575142254,0.5538621481104042,0.37943208842828846,0.08373570959697171
2009-11-16,0.6783696324816874,-0.14538606758676306,0.45058121440370175,0.5510262467900302,0.009229196938220286
2009-11-17,0.6584112880853695,0.23240094291842972,0.4579556919167007,0.5168814693512492,0.07963063727417852
2009-11-18,0.7666948449707777,-0.11236635000427325,0.5058265334797298,0.4299156097842707,0.04389483047091908
2009-11-19,0.6680226351192374,0.3959996830056681,0.571816743759856,0.4404777694128444,0.09337895102486339
2009-11-20,0.6055786462543692,-0.3454390106382468,0.5464007394920256,0.4875392833226578,0.08520269903413756
2009-11-23,0.6488438829138813,0.04488142494379602,0.48644362585998246,0.3148779756776996,0.08182395959146355
2009-11-24,0.7295357050062079,-0.1838421369036173,0.5432457181312639,0.31059513006859063,0.062044705687756975
2009-11-25,0.5650232839691728,0.015236929985939496,0.5451674103945042,0.33712116040753043,0.07269173521622145
2009-11-27,0.7181309842528031,-0.15045465444007938,0.4797000731303416,0.5678714190340938,0.04666084437575018
2009-11-30,0.8351116802170466,-0.2380013350267677,0.4936428342855803,0.35145564656179845,0.05577036135173855
2009-12-01,0.764905410123148,-0.021718962583337446,0.5653535222194572,0.36810518986197294,0.0030036990080924975
2009-12-02,0.686058607945046,0.15886115770758072,0.5507269792238383,0.33188515494883625,0.035663979155715154
2009-12-03,0.6530361391934146,-0.2760878410062982,0.5107303262711218,0.3420897834147908,0.028082020933948293
2009-12-04,0.6838900556302747,-0.0387450627433785,0.5233201351391764,0.37332785635459104,0.08551748968524721
2009-12-07,0.6610755946457249,-0.12615319373853814,0.5240640132771566,0.4120802361287092,0.07305503735796962
2009-12-08,0.6536495964696538,-0.12950150359759105,0.48699355387393456,0.2681956609189975,0.06939611352049306
2009-12-09,0.6278492037491011,-0.08824358811939886,0.5933754328059514,0.4272915600758742,0.030591918083475635
2009-12-10,0.7496186226125912,-0.2657018718810231,0.5198183859921048,0.33948518217359436,0.051066164998233736
2009-12-11,0.6851421588088384,0.11703771361161537,0.5115597500505079,0.26846481093351626,0.01944416700422239
2009-12-14,0.6917533764783654,-0.05884196268944314,0.5540888864740909,0.42947169871132834,0.011412575993284291
2009-12-15,0.6654213702787906,-0.44038235692824296,0.5278988670256248,0.6449556129224822,0.02637290878684505
2009-12-16,0.7163676476197804,0.6428188279764591,0.5520611473471274,0.3458279508584954,0.033614475824603675
2009-12-17,0.769847967508809,0.06823387385071099,0.640089683537582,0.5650342694212229,0.04078277914070663
2009-12-18,0.6394036636903256,-0.3549900059486002,0.588017725117774,0.32896884604561016,0.08643998255174769
2009-12-21,0.5893577104640269,0.12506613797014707,0.6946555714061499,0.566171910291366,0.03188285623018618
2009-12-22,0.6729321602730429,0.12263067918372186,0.598125468905747,0.39113900462110857,0.05362368338690944
2009-12-23,0.6490574995134782,-0.04154607080459971,0.40175342259553104,0.5649711020958869,0.016518308609181253
2009-12-24,0.765295778950408,0.032276984591453034,0.6097421026831297,0.35014318753268453,0.0632184926987625
2009-12-28,0.6180456491756822,0.27695689551632235,0.5858289086554754,0.2853905024469984,0.05142537351473373
2009-12-29,0.7812068561219951,-0.1660850809664646,0.5495596032053163,0.3258158724207534,0.07639540632672676
2009-12-30,0.7214697009342448,-0.31866634737934074,0.5457181813930433,0.4480794348068876,0.02646862315539781
2009-12-31,0.6847868376721302,0.0244750801174012,0.5681616761535626,0.4220537733916079,0.048035250549974734
2010-01-04,0.6539772644544359,0.17222004883612743,0.4551511168916301,0.36470209177796137,0.05634953924311266
2010-01-05,0.7529986634346417,0.35474453782849963,0.5013863117400944,0.5204283345708929,0.0921094960727072
2010-01-06,0.750918550458149,0.1028330532293756,0.5262536596597851,0.4022286590784012,0.08064888303609843
2010-01-07,0.6897771332246638,0.1383260746193948,0.5603062979921427,0.3644736189170958,0.06839215936358554
2010-01-08,0.7145938609932709,0.01657411042478778,0.6198211467805325,0.4181841170475266,0.011545332075482462
2010-01-11,0.6865387971987117,0.32056187127384983,0.5427421374281917,0.4862214866387803,0.095639313766457
2010-01-12,0.7142030746455251,-0.3014877162940721,0.5369775882489722,0.3341285768230604,0.001334713375971297
2010-01-13,0.7297973163512597,-0.020372936147191333,0.5371250606362308,0.4531729236258149,0.08785787146311204
2010-01-14,0.6797068327716828,0.11003386593924569,0.49865577322069243,0.3188041129281686,0.08800937921125768
2010-01-15,0.681894553680695,-0.2092449608766228,0.5980348756991749,0.3752304329703827,0.06013931045777082
2010-01-19,0.7099734293403128,0.11742530722389682,0.49700463722699034,0.33677343186454345,0.023136949839527056
2010-01-20,0.7024507544222958,0.19180538374061307,0.5077088132242873,0.5697744353085422,0.008038360778527787
2010-01-21,0.5993104306003764,0.330691095421816,0.5597920159992001,0.524292713755097,0.08432584876276172
2010-01-22,0.7345527410766367,-0.11911505548904083,0.44762202476007557,0.5115674156280638,0.07584611821994158
2010-01-25,0.7651541240931904,0.29773260581312605,0.6696659737015209,0.2548059743781932,0.054015052354249894
2010-01-26,0.6473204276475982,-0.024394028941969174,0.5151517117549979,0.4189823110102615,0.04853012021543756
2010-01-27,0.7043642825031247,0.05949128604277629,0.5340689306526915,0.36281324319416774,0.05675198400857016
2010-01-28,0.7101742562599214,0.30830899956840396,0.6075821760958086,0.29477512300043185,0.06467857301239006
2010-01-29,0.6213348392333085,-0.13727958189759873,0.6339454404780848,0.38395518346188806,0.04093389673960834
2010-02-01,0.6371740418747716,-0.16748476921318237,0.5145518370538762,0.5692824270703621,0.05221017663488521
2010-02-02,0.7119983534208819,-0.03495320539286618,0.6478453904343944,0.35026110808030364,0.012665971937863585
2010-02-03,0.5843813318217784,0.3214242729804335,0.588856166111823,0.48084434359864214,0.010623932736931475
2010-02-04,0.7287659773237607,0.23104752471946055,0.5594996661580176,0.41215694462850716,0.0006822778554292808
2010-02-05,0.7270473739872272,0.05126062340192783,0.5479187448537272,0.44695871016636646,0.01861679539263336
2010-02-08,0.7524670418373127,0.1058574323910395,0.6634796792073652,0.7123198105654559,0.07480569095025286
2010-02-09,0.6382038457529355,0.057323325099532675,0.5087820820850844,0.22948024403714465,0.05666156651277041
2010-02-10,0.6337965719645821,0.11203630411730775,0.5651632644157645,0.39206082952978305,0.07131781021303839
2010-02-11,0.7375736653079632,-0.3097589092982512,0.5912589713765797,0.40698868425831247,0.004272607707905218
2010-02-12,0.7036890914965859,-0.26383438532293824,0.5740571203966194,0.33144856325912697,0.044721043045476895
2010-02-16,0.7571473986542895,0.11189552295628549,0.6574507053429826,0.3747606146716212,0.05174838790007868
2010-02-17,0.6291994321510612,0.12706433134909215,0.5930787934542424,0.3401723975002711,0.007221990660866762
2010-02-18,0.741525879625192,-0.03609788230453793,0.5302125780605499,0.35041163696311806,0.07440222206056389
2010-02-19,0.6381883414108195,0.32291095364200006,0.509542913551078,0.26537556805633095,0.054249429298527864
2010-02-22,0.7227079727214848,0.1298738711072084,0.5551943485812804,0.49631593638816346,0.011647627123381321
2010-02-23,0.7217117386048814,0.19864318937512962,0.6206228218836094,0.4052999663304199,0.08439807558021159
2010-02-24,0.6402076598198455,-0.052877716199224406,0.5303054636390228,0.20561352641396383,0.07928186086982578
2010-02-25,0.6792213850175804,0.0961667970706592,0.5756037338585064,0.23050519104577483,0.07836644896697972
2010-02-26,0.7322109186522756,-0.17455495603476218,0.5902209156553753,0.523630298784993,0.0524668160123302
2010-03-01,0.7260392574105164,0.05335115790754309,0.6042004674549386,0.4864642073891747,0.0767404336047609
2010-03-02,0.7126902600218125,-0.10254982545423913,0.5848281627293825,0.32970714252530164,0.0010774624140919564
2010-03-03,0.674287464421171,-0.242177013136023,0.5758451756639462,0.28629223172025525,0.07498100284731293
2010-03-04,0.7235787370593942,0.26664593865397795,0.5490959493046392,0.514293266679134,0.08013059130451022
2010-03-05,0.5820789350816258,0.1521155492019058,0.5867940992599061,0.3234447898409137,0.09883450746521122
2010-03-08,0.7107478662320414,0.01670818350519383,0.6141781740746382,0.45644661546468174,0.058196136931085954
2010-03-09,0.7334831181306022,-0.013986881796898963,0.5470618268551178,0.4130269307566519,0.0018080180830417625
2010-03-10,0.6636251846843388,0.12956071643979902,0.6575540259603805,0.4120212574523642,0.03434390015437723
2010-03-11,0.7732994548694189,0.339308463393055,0.5818509611116619,0.6159907716864932,0.04578257189894817
2010-03-12,0.6684619740197407,0.017495691521235618,0.6815239513642645,0.4091247116333777,0.0855542456424763
2010-03-15,0.6695255597699743,0.253892940156739,0.6925753833005622,0.35805572045089,0.09743002737422098
2010-03-16,0.6575437548930695,-0.05247679172507266,0.6109130547422973,0.3200200877844596,0.0878785737523221
2010-03-17,0.6504364285740282,-0.3046874730261128,0.7023034418558443,0.3234021594852232,0.06989045725573244
2010-03-18,0.7126955468002407,0.16487491586769765,0.6132627550623135,0.49516198546905144,0.09775564964822542
2010-03-19,0.6812471606090131,-0.04834281887804603,0.49609444711246176,0.5227811915711467,0.040345370113574135
2010-03-22,0.604150779815918,0.018187574234063926,0.5305103038218781,0.4823992540060168,0.022330263103586448
2010-03-23,0.7606536265375178,-0.010998910302148964,0.6547456684535963,0.3435744262692335,0.03422157803607179
2010-03-24,0.651414412215737,0.2416201886054354,0.6467350640222524,0.33369186059694345,0.08583960253086889
2010-03-25,0.7324346583852946,0.12201595465403609,0.536939758056437,0.3895930660545926,0.06316317331727579
2010-03-26,0.7174478317569106,0.23773448317519463,0.6209644102646728,0.2595352295378969,0.035306280630879726
2010-03-29,0.703386434755241,0.021960273907085187,0.5865175410927211,0.3744803642602676,0.013017590936492851
2010-03-30,0.657211853920514,0.5046767561786468,0.5838935014105895,0.3625348521974735,0.06323072397910719
2010-03-31,0.6748897137691069,-0.2328436835966171,0.5706703937548704,0.32376076550134986,0.077306163951238
2010-04-01,0.6897164082616543,-0.23010158678447806,0.6549865402729654,0.36038048746573903,0.08952803664211074
2010-04-05,0.7491633914047005,0.03905302287686782,0.5799296303663674,0.5527787617257987,0.07546153415839084
2010-04-06,0.7690115949862906,0.10355530090482784,0.5571542902638773,0.4478674247093026,0.00978458524599999
2010-04-07,0.6902717629316742,0.19932800999575645,0.5488040347708509,0.26116405830353484,0.09718899260706382
2010-04-08,0.7269418959100239,-0.024259556537149535,0.6116639378907911,0.5017553845818282,0.0003214139289327345
2010-04-09,0.7543571495388457,0.024357420171420487,0.5753277471035295,0.48728145150012175,0.09972729772839985
2010-04-12,0.718286565164286,-0.15679141753168355,0.594823418762556,0.4861905814900438,0.09693401117671087
2010-04-13,0.6368077903310955,-0.06648356240508783,0.5680436160570317,0.25975635765435845,0.06538519019733137
2010-04-14,0.719444116963281,0.24787774575131483,0.5915287552139534,0.3422687818309731,0.0375770410135756
2010-04-15,0.756199249032073,0.034913878780541086,0.6125178859227296,0.27533151066609496,0.07820996355981308
2010-04-16,0.7402981342573658,0.046077271089981636,0.5534411029139784,0.4494304708849653,0.007715689451757379
2010-04-19,0.6398218996491234,-0.0732004573652692,0.5932401937011441,0.3830580467714105,0.047606034671787645
2010-04-20,0.689320853826692,0.15757760229195797,0.596859194003754,0.5414221426981354,0.05254190725591125
2010-04-21,0.7038713426554409,-0.060323039956257034,0.6118163747423044,0.459292932165437,0.08873270903022505
2010-04-22,0.676941231172961,-0.08677582959345762,0.6784908068363431,0.32003123109482284,0.002953252445101018
2010-04-23,0.7526219117824458,0.09791175569505932,0.5877382902667645,0.48678242860736365,0.011098665542569719
2010-04-26,0.7922351847826558,0.22816701411829793,0.5295304290877472,0.4539079787830583,0.04749452964109904
2010-04-27,0.7307302719491696,0.6228288375626496,0.7047253405367723,0.4348056681248974,0.0729041719472329
2010-04-28,0.7585977437290312,0.17832326249623726,0.5239032015980871,0.4512572662480536,0.09503957468910226
2010-04-29,0.6544757876032574,-0.04404923333923176,0.5407271321816611,0.2216758139043931,0.04444004161177606
2010-04-30,0.6751066924069683,0.03881346305149135,0.6229578943795114,0.3355299789337481,0.0999689553469329
2010-05-03,0.7036954218702495,-0.4622492952246626,0.5151631519334705,0.3190883139072406,0.09553611616526343
2010-05-04,0.6977043288449123,-0.019623976848363676,0.5793889687864595,0.3621782174747416,0.008175352211645127
2010-05-05,0.7277597046544118,0.5469986946014193,0.6347552986671195,0.2602939285407964,0.00902409564988671
2010-05-06,0.6671186323413181,0.24803579963000544,0.5855839113088851,0.30051931168974116,0.0006460616252540353
2010-05-07,0.7860768500277976,0.08214744588999155,0.6442759781667708,0.41335051887304375,0.026644175206809763
2010-05-10,0.7234039874815166,-0.3740283418313193,0.49435713188557723,0.48795092951346314,0.0730617038668243
2010-05-11,0.707783343581136,-0.0008715804139494398,0.5981777699651983,0.31077990264306654,0.08790252525450312
2010-05-12,0.7038897048478538,-0.24122009429975286,0.46316491447747904,0.4965212644860739,0.008153300649386786
2010-05-13,0.6613209904115817,0.1900815605214177,0.6563171469786737,0.5515307558469028,0.01884174161044464
2010-05-14,0.7944422486826879,0.076032831369084,0.5680617367507794,0.38843288986671487,0.047318762550861204
2010-05-17,0.8070625778583027,-0.4153005109802975,0.5767972117634019,0.3862428727549701,0.07578553942278309
2010-05-18,0.7871776956168309,0.1691305709609109,0.6772484567210904,0.38084504299633354,0.04689105398046402
2010-05-19,0.659986986350864,-0.019658056103770947,0.5361532269049943,0.42044903110248066,0.09084829714086098
2010-05-20,0.7317703899718511,0.08543436537202793,0.596343323708293,0.4060094364949272,0.06055192983866804
2010-05-21,0.6975440058535113,0.2803369549150937,0.637072686541849,0.3847554424196423,0.00109350586379261
2010-05-24,0.7153524378061595,-0.19798154740484594,0.6768345722239901,0.5153033166123155,0.07726665638721512
2010-05-25,0.7041512291601196,0.08170159822473719,0.5976326234390383,0.3030679505103046,0.0375093354270997
2010-05-26,0.6190645314526696,-0.04126502466704808,0.592041452103407,0.4500305846796837,0.07906919546615324
2010-05-27,0.6483387570000234,0.4792590701914639,0.5845881197606672,0.5718981996551497,0.05880360458873943
2010-05-28,0.7114280077705624,-0.23484475556948953,0.6292542256249775,0.30812474456948474,0.02834936730287915
2010-06-01,0.6850888326734232,0.09180495508772979,0.4699859057017752,0.33835368995491905,0.007303835983382212
2010-06-02,0.6859178806194824,0.261377607378646,0.5855985464639483,0.333803026078808,0.09115100087260396
2010-06-03,0.7266434380429072,-0.4091657499541656,0.5440829091160616,0.44231622248769886,0.09635358288673895
2010-06-04,0.7378917013584418,-0.2465821504616703,0.6235851322061386,0.25606784875175403,0.06479793289723217
2010-06-07,0.6901466949495468,-0.1656383193598253,0.49688279537154956,0.15953347513083538,0.004593914789573861
2010-06-08,0.6698853983351379,-0.20407663159155975,0.5611024132722283,0.3373873895195854,0.021842776906134644
2010-06-09,0.696731094136982,-0.1233801078939453,0.6392512783990385,0.22622184237515588,0.09260595835875776
2010-06-10,0.614654110227037,-0.39201289989951743,0.5827139150785678,0.46242123372664584,0.015592438797436027
2010-06-11,0.7259118833776813,0.34001428914318943,0.5176576795778748,0.3330674818008498,0.06814899303074637
2010-06-14,0.7670697532983217,0.041700347583751955,0.5420175720495514,0.3545301057599128,0.08222972689352687
2010-06-15,0.6198301761445597,0.3445992124476833,0.5756714748670025,0.5736585358221182,0.05084935087555492
2010-06-16,0.753135912346629,0.342807991881814,0.5716254587660425,0.407683632434775,0.08928734142270371
2010-06-17,0.7249310917557805,0.2639618491611825,0.5635699380337016,0.4177567167691686,0.09729839560047569
2010-06-18,0.6561997136515583,-0.008233970526851948,0.6177574444731274,0.424866029118372,0.03640727175173147
2010-06-21,0.6862359356350748,-0.42944380320396736,0.48721009556640427,0.3365404511480435,0.0484180352114004
2010-06-22,0.6049699404985402,0.4948440452371304,0.6002230748314189,0.36750930094064355,0.010001551552702093
2010-06-23,0.7512686410531033,-0.03092405736677023,0.6228151003239975,0.2993720824092248,0.05780071849507815
2010-06-24,0.7536474812000671,-0.02407586182913352,0.5563251237472053,0.25658052548492144,0.042033835439267545
2010-06-25,0.6096866736405544,0.35958241436006244,0.5555019745000153,0.26318861167330143,0.022456880252877478
2010-06-28,0.6538009239911814,0.06422924525657814,0.6085512072838714,0.3381980099332512,0.06036440239280895
2010-06-29,0.6905476213929802,0.384225891483816,0.5726547129370466,0.4151702442958543,0.04309057904217656
2010-06-30,0.7764615561979673,-0.1223751628043176,0.6289235331522629,0.4125068101475396,0.07281936524744906
2010-07-01,0.6868673154413852,0.005059712513625062,0.6318279740658383,0.2873950570156254,0.07731958858087733
2010-07-02,0.6238845919385084,-0.15988189273587247,0.5622116032958029,0.34030441347695906,0.09077948912702533
2010-07-06,0.7115370541484429,-0.1557283247229612,0.44222969011876223,0.39585814421374776,0.05472781241994913
2010-07-07,0.7326180521850318,0.20383635275770381,0.5487665447832756,0.5161472612314173,0.041794995999734325
2010-07-08,0.7008926873936222,0.2235890793360572,0.5301875540452807,0.4290261522713956,0.09569191537898883
2010-07-09,0.7249984155107392,-0.04565078550917805,0.549980514207324,0.2722346312331678,0.003053116457787131
2010-07-12,0.7299905709981304,-0.2248085171562557,0.6046481856574649,0.35929503293205756,0.014529183219358666
2010-07-13,0.7333278191827143,0.1451475791599228,0.5820381809800886,0.25303534456807597,0.09136683436834477
2010-07-14,0.6782481317173079,0.06831941728069514,0.6059492188939652,0.36488358047222685,0.03469887195100514
2010-07-15,0.7980144936459092,-0.02515207113864188,0.47530939788695437,0.4715416369196847,0.0007226804686324529
2010-07-16,0.7193000124117261,-0.19912196460151627,0.4926137222699441,0.4250268527186349,0.08373308072437029
2010-07-19,0.6204848593965533,0.09929959369261063,0.49814895457578084,0.46900186348272327,0.024373493456059395
2010-07-20,0.6904851128531603,0.16783113076145562,0.511658335177512,0.4145437621691832,0.050629799691975653
2010-07-21,0.6703791086711365,0.4762231962678362,0.5162852589417721,0.4206642575686401,0.07848209861204862
2010-07-22,0.687007827223071,0.04638033451908735,0.5938979830953485,0.4411611590603146,0.06159407362260057
2010-07-23,0.6784460479937904,0.06252049755627512,0.5563707757132635,0.38613307759087573,0.06276868658058417
2010-07-26,0.6426024691840904,-0.23828900054011287,0.5676544454030951,0.35928924982595517,0.025384153205986693
2010-07-27,0.669482894630072,0.08072818907529081,0.580213402093617,0.5055978191744981,0.04705661580542963
2010-07-28,0.6178472389127849,0.2643618861733131,0.5968433690857136,0.42624529117597565,0.08808715713264009
2010-07-29,0.700282777424148,-0.14565702090250263,0.5895015954180668,0.4158319697427173,0.095766081703945
2010-07-30,0.6032199847185649,0.0033034969172987174,0.5607688353236603,0.3905966628647079,0.008887940589096444
2010-08-02,0.7041972800548953,0.08159659078071754,0.5171191204467149,0.262015239443686,0.00791198750393214
2010-08-03,0.7567923968975694,0.1267893913291862,0.4904781005400448,0.3807758600298068,0.08886172183734714
2010-08-04,0.6878131626919707,0.001120048255055267,0.5672405816380276,0.3027998555330658,0.038845247876798196
2010-08-05,0.5811367559119289,-0.16795314278226173,0.45592796192725177,0.5725402640482983,0.07976409613858013
2010-08-06,0.8017913826718461,0.039171217054424924,0.5066271923800914,0.5485018871824647,0.08163539919519584
2010-08-09,0.7187963136938533,0.18870553747441765,0.4965801178527342,0.5597886381301527,0.01740408680577168
2010-08-10,0.7003108408235131,-0.2509889490653511,0.5447399645155131,0.5472864340154548,0.044101272955644845
2010-08-11,0.6934860082759119,-0.0325601087753976,0.5012306323166656,0.6597955977130516,0.0946286608228784
2010-08-12,0.7697173534292863,-0.023109475394418714,0.5941221853019923,0.3896009895352274,0.05676792724896673
2010-08-13,0.6653174736904429,0.12094683331764294,0.48468799449445404,0.28824196638669947,0.09032494118558035
2010-08-16,0.6234357766117852,-0.10433424817172483,0.5525327927286764,0.3509125865748101,0.05428831154179503
2010-08-17,0.6267489540723251,-0.026912347165357165,0.5794539056355538,0.2634338728150032,0.016871582007955157
2010-08-18,0.735407948597978,-0.15790695596791268,0.5271308302508683,0.4164092156906582,0.012376670939015878
2010-08-19,0.6804686282899749,0.17601738602727254,0.46453406342643944,0.20036612553736266,0.07691102614240537
2010-08-20,0.684540113904895,0.09124344398291216,0.433939985736013,0.25151692874555565,0.05043490355589907
2010-08-23,0.7264659559257212,-0.18539858814090726,0.5214890586794738,0.21480002568483733,0.049197549741780124
2010-08-24,0.7377320040023572,-0.0051109366613951174,0.5187975364980385,0.6040409054748745,0.0740422044714786
2010-08-25,0.6626582626021603,-0.0725071481726012,0.4677379172549703,0.2979249774274943,0.014600303622931243
2010-08-26,0.6505257767570171,-0.01818096102637365,0.5199321892991934,0.53552620967355,0.03786466569214361
2010-08-27,0.7063878835728705,0.010899188693466809,0.49803002258120893,0.675863515589945,0.04913761815873307
2010-08-30,0.7142093297183104,-0.27295343576817654,0.5427513807020579,0.349758779836936,3.62687411809004e-06
2010-08-31,0.6838431627402286,0.0506547588373199,0.5898051481265074,0.41690427937464075,0.0047571351278703385
2010-09-01,0.7848538665067482,0.08364446395115077,0.47472428354155477,0.2712712622523987,0.012347623075114944
2010-09-02,0.7196643111668718,-0.34052168257178816,0.43375864376209017,0.3534612741284616,0.07579078678071427
2010-09-03,0.6638941598786381,-0.1440329491380928,0.4943917741845454,0.47486808121962404,0.058860036509166686
2010-09-07,0.7058294944947827,-0.2776599717177632,0.43585829031178724,0.4002734448134136,0.0010631650066600384
2010-09-08,0.7476243902542274,-0.3281647690675181,0.5626930050053792,0.408380842312063,0.02131099862809025
2010-09-09,0.7439745008185481,-0.2607786974102925,0.44358354090328156,0.36537523817689305,0.05699632836618451
2010-09-10,0.6522761784248677,-0.29240614800126885,0.5310051220708504,0.4019473954835207,0.010904456620249393
2010-09-13,0.789464892213667,0.07744638428521924,0.4408912632780703,0.5413954077139701,0.01157993320761035
2010-09-14,0.6795014965025468,-0.003396806731645511,0.46828762239908156,0.5132931339076343,0.08216064610440384
2010-09-15,0.6679670316604985,0.5080999011963943,0.5303908610561974,0.33125040186254545,0.015919066561479924
2010-09-16,0.7486105512171856,0.15124871380235674,0.4379748566612184,0.44120216989689826,0.009920682171150476
2010-09-17,0.6855592114995306,-0.4882560654148549,0.40566681965763035,0.33766409840392564,0.09363036199700378
2010-09-20,0.7327449389779003,-0.007384805048294259,0.5201955070512772,0.4199771542385312,0.05486264195816631
2010-09-21,0.734542751118377,0.17962573397935108,0.4136173068111473,0.4038420780524646,0.09012983503926777
2010-09-22,0.7130491768837779,0.06434965707622883,0.5230234633735914,0.4477805656887953,0.0006335031283671966
2010-09-23,0.6545943722951286,0.03479510062406784,0.5341755084844535,0.2985219778906194,0.07652290247366172
2010-09-24,0.6400752176423002,0.038865262969924146,0.48602413173166337,0.5712244348552415,0.08514024617326983
2010-09-27,0.654741768089002,-0.1085742227185359,0.5075779447321876,0.2670137312493661,0.0051753768224208525
2010-09-28,0.7000204531054619,-0.13805297755721355,0.4376384250203563,0.3616926778451141,0.01503851030606932
2010-09-29,0.6470087648366712,-0.07797742552587811,0.4787747849347143,0.5580135255727107,0.08461242185623175
2010-09-30,0.6785060263370438,-0.009245100907951111,0.4671565092680587,0.4196519007589396,0.08812228810638073
2010-10-01,0.6914447488635893,-0.007086645255026593,0.42943733329788414,0.3821559512333956,0.05651314282696414
2010-10-04,0.716478886387564,0.05612499232423129,0.562211132906151,0.5875134146446508,0.038159422263340494
2010-10-05,0.6727058033433452,0.23724566005162528,0.4759778278532858,0.5091190947054779,0.01937651542726252
2010-10-06,0.7272576478863466,0.1327262693969486,0.5557585736449416,0.40203860056882623,0.043555612983932596
2010-10-07,0.7846295032983736,-0.05668463750872125,0.3896081193516856,0.257187952620394,0.08329544097176131
2010-10-08,0.8321398169923641,0.0019940916726674703,0.5003742491317289,0.42697389701929284,0.08082383235750087
2010-10-11,0.7057739965704207,0.00016137747047972515,0.4517655165648826,0.47922230839149754,0.02321912087382906
2010-10-12,0.6634408244870764,-0.1812469036902613,0.5900559486422375,0.434860859885694,0.04590758051819641
2010-10-13,0.7235758974004192,-0.07157607181359664,0.5295948536983905,0.45719601896375356,0.09718064650391803
2010-10-14,0.6352411748781235,-0.12642692513834408,0.4424212979916945,0.3930003359581177,0.03772111138715291
2010-10-15,0.7644233217063869,-0.20790202785783998,0.41860024473899204,0.5148456071073831,0.06258031156249945
2010-10-18,0.6914425468637914,-0.12293490445819984,0.44816890867613224,0.6621976927147335,0.039666218058689855
2010-10-19,0.736490281815285,-0.09710672802887622,0.5316613330530425,0.6447716571533402,0.04224824332633499
2010-10-20,0.8327754163711891,-0.09405517445231633,0.41435920942007154,0.43135759513231337,0.06483989440612821
2010-10-21,0.7008675149362668,-0.25238298958027844,0.6206569161763112,0.39318786979719506,0.05781008953608399
2010-10-22,0.7049242634446243,-0.11476673069548007,0.5202207166289914,0.43671085118565045,0.08710203139564468
2010-10-25,0.721061140495986,-0.28601507488305566,0.5151096666834543,0.40812304808321287,0.030902466808279894
2010-10-26,0.7251279680917603,0.14771755373507134,0.4821685046813589,0.45604890791850594,0.06608028177229618
2010-10-27,0.7371348640140485,0.19150604491144332,0.6093736335345774,0.3415538652431495,0.036963323746747434
2010-10-28,0.7558032504079316,0.2492701087153611,0.458430961922859,0.4232364567563993,0.07526984843046541
2010-10-29,0.6422361070629272,-0.36778082405987117,0.47358881313605067,0.2270811030930044,0.00789638323680948
2010-11-01,0.7290696758456977,-0.14016889748875752,0.46984450843048514,0.22578970549014674,0.05387236300349738
2010-11-02,0.6491290775770282,0.29882777274266215,0.5039394605078358,0.5118768481368517,0.048580809520518256
2010-11-03,0.6643317975931753,-0.11124241767883172,0.4724908350147853,0.1608739161675816,0.060285772510771156
2010-11-04,0.7128925720273301,-0.019917532577723607,0.4681347029665315,0.4868145581821346,0.08275372936557211
2010-11-05,0.7927785381773145,-0.15063647421862456,0.49539508157089696,0.28517429275191314,0.08114730106313497
2010-11-08,0.7216380822133983,0.22554142495486318,0.5315623927768762,0.29409220206215325,0.06252566731098859
2010-11-09,0.6851536548185805,0.010863423230572369,0.48182935574137004,0.433901338142254,0.05478875459361404
2010-11-10,0.6876965533994066,0.004428375061589136,0.5470253523488329,0.09067899723769879,0.07909932614938309
2010-11-11,0.7097794611684703,0.24482491977719675,0.4719818614633291,0.20812391906267047,0.027676602611412884
2010-11-12,0.6421471312229221,0.35982406602264705,0.5369065516544395,0.43060944387805633,0.03792697719033353
2010-11-15,0.780405903046817,-0.13554839931436777,0.562174724660663,0.4672586525166512,0.05677697495534966
2010-11-16,0.7018078526038407,-0.10955164507907454,0.5541117472393646,0.3508918318383573,0.04529307094991878
2010-11-17,0.5193573213754705,0.2722014431525512,0.47474455864599907,0.45924465931788444,0.02109283836327669
2010-11-18,0.7984711331606896,0.07854168478650791,0.44971744425324434,0.36299446149241094,0.05755043115568446
2010-11-19,0.7464023785853124,0.15459077623704598,0.5213174577742284,0.2970742810038883,0.016803977584808727
2010-11-22,0.7524252981752915,0.1798804513906711,0.49725820225588935,0.1442063980114388,0.05867029855771854
2010-11-23,0.6415368149967978,-0.14360770569187697,0.5001812062955546,0.3899855309288669,0.07027679631038382
2010-11-24,0.7508217056689634,0.18723780374454685,0.6081230768520323,0.3811429016214063,0.03798287675992103
2010-11-26,0.7237011180627483,-0.0810941252293478,0.5125787820075185,0.5631280766794335,0.08486798447050321
2010-11-29,0.6984842310712457,0.07149057820673442,0.5527303145744822,0.5018248536931058,0.034811776758417824
2010-11-30,0.6061301945835746,0.1102609335078822,0.5325648690365561,0.525242206870593,0.03842324920304096
2010-12-01,0.6988534433978377,0.4528216843989614,0.4846154508399558,0.3122674045446718,0.05517242334945386
2010-12-02,0.6922996962373492,-0.22003685397409578,0.5580987897752853,0.3246766374524123,0.040414475031922616
2010-12-03,0.6378094506563028,0.23293124170804513,0.39626729043603615,0.5439680565782028,0.014685283509488768
2010-12-06,0.6874948688152082,0.0879232089551629,0.4847719080574756,0.39419599368077884,0.04127627972485101
2010-12-07,0.6733856727892705,0.27836077423328937,0.48845935054244854,0.36973110741814097,0.07321267342215046
2010-12-08,0.681293305874209,-0.041161859109111756,0.4552127153726269,0.3562574293258038,0.02064014317725489
2010-12-09,0.7956187089185428,0.02227428840569199,0.5753891341448097,0.4950736311821161,0.0021839491139362013
2010-12-10,0.7651160418863228,-0.01493160769336566,0.5583012336314811,0.4394332849979298,0.07382838795070963
2010-12-13,0.6574154783528934,0.019578501714200027,0.5233047157479679,0.35692610237641953,0.027666380819389616
2010-12-14,0.7153397450906992,-0.21856648533096454,0.5231106417063136,0.44286003331520746,0.026285883289922752
2010-12-15,0.7324039043362524,-0.08298187746867779,0.5550607427149505,0.4951010911515102,0.0558230109041499
2010-12-16,0.6770582668765428,-0.0008389269274654877,0.5331529919120037,0.2785279388445153,0.017078384801265546
2010-12-17,0.6854556956749386,-0.0433802033326788,0.46843466772427284,0.35944824112717644,0.07208688118575855
2010-12-20,0.6988380119801472,-0.28765638346552636,0.5680391198325985,0.4279181045109737,0.07896433832404867
2010-12-21,0.7033575171277107,0.04038687404664826,0.5143245990725347,0.26695055815931534,0.0810138073609183
2010-12-22,0.7113806068083446,0.2435720826258436,0.49925569030205763,0.5765534416600386,0.08099283596815215
2010-12-23,0.7040957513792911,0.1831130371677316,0.47761497370331757,0.45598570173412295,0.03788631750392932
2010-12-27,0.7316403040755852,-0.02368047905796029,0.4841558164666392,0.4364463616036898,0.03683512874359729
2010-12-28,0.7026258804729232,-0.10611795430950666,0.5786376163278688,0.46643997621676053,0.07028828062170668
2010-12-29,0.7573151984135875,-0.05983726513467356,0.5769205988925574,0.5217389952260555,0.056621207746635906
2010-12-30,0.7571894854453923,0.1005778239148506,0.5337850809596365,0.4101094545002335,0.095657088728903
2010-12-31,0.7171882591709147,-0.36329462141069485,0.5401399281216809,0.2877553410871917,0.005856918817888435
2011-01-03,0.7831867685180197,-0.20696439730913854,0.623253139010152,0.495136636220597,0.07150852553896897
2011-01-04,0.7533000537733621,-0.022303304886849725,0.6153207031948199,0.47425514874228786,0.059971306430893434
2011-01-05,0.6677124925725331,0.02300811004048216,0.5849475166387632,0.3832999352787581,0.0006232484867679911
2011-01-06,0.7266041593481628,0.2703426384820479,0.5622416110886436,0.3829329912945094,0.02013603330092463
2011-01-07,0.671983083961784,-0.10869541053302414,0.4652612798721848,0.5812580107921297,0.09773998880361848
2011-01-10,0.6630452813851151,0.061991533016929924,0.6483666841078822,0.2581090146970129,0.035143998567119465
2011-01-11,0.7067226544314715,-0.2496411103324969,0.5380826027969962,0.17735291177944368,0.0040667505862967525
2011-01-12,0.6780378878351143,-0.1474649197179497,0.6190228206314041,0.48415604997739903,0.09306900968268716
2011-01-13,0.7267911802313788,0.05193182415230582,0.5672705137698083,0.4913938703924549,0.04209746826696773
2011-01-14,0.6406656501730679,-0.1883988866724071,0.5370963832728369,0.3573130918879973,0.01293253595638756
2011-01-18,0.7476923374893729,0.09321561912272842,0.48194113453836357,0.5172193148165186,0.06468405206386675
2011-01-19,0.7482711118277952,-0.2257817186355048,0.5148216286213998,0.41130707914754483,0.04814033263440664
2011-01-20,0.7186234664791917,-0.39730475605645155,0.615813219505413,0.3428568119293819,0.05898360773488842
2011-01-21,0.7702303579123507,0.22080836246994584,0.5628047503484148,0.41937866023270715,0.09982118439999874
2011-01-24,0.7464195121599053,-0.0862139605448545,0.5968658162624562,0.1890800010199777,0.022687632912024427
2011-01-25,0.6745475617981348,0.3083323974090805,0.5665318871689282,0.3264167397940663,0.04223955531311372
2011-01-26,0.680124665953368,0.09050099190105672,0.5356482564788704,0.45295453832712795,0.09537979443220285
2011-01-27,0.6979303785639085,-0.0337357646584197,0.6002061248863724,0.3235029315315999,0.09444024198277767
2011-01-28,0.6162754412816451,-0.16848245165986406,0.5362624871335339,0.5585228312521002,0.003954471242903712
2011-01-31,0.6526198359309038,0.18840976971895781,0.5493990965418654,0.5330175151948245,0.05275063653048137
2011-02-01,0.7395585326434695,0.09649424871549186,0.5587979928974391,0.467768692875035,0.006915214571945039
2011-02-02,0.7667941727981212,-0.34811673284272165,0.5155671160284023,0.4155041178884845,0.07886816767312116
2011-02-03,0.6922923578374377,-0.059192953472707734,0.4796292971916923,0.38884209792190333,0.07011003567216122
2011-02-04,0.6363540035997428,-0.15941294805730108,0.48496405706409407,0.2659193704321964,0.09434606833453832
2011-02-07,0.6759215090056041,0.0367828508837037,0.5801379458289431,0.37393425947881137,0.047756330658741145
2011-02-08,0.6840028081288437,-0.026185995598905235,0.6135641269719709,0.4292864925457164,0.004744399249765008
2011-02-09,0.73304593918147,0.04794102899912632,0.5031520206799559,0.4220326965798506,0.004454796278811557
2011-02-10,0.6913732683971111,0.06633622267770727,0.5610963047523286,0.4073339722056776,0.05714435500340224
2011-02-11,0.7607023965827512,-0.24386809659934305,0.7043362006021578,0.2646336644283904,0.02375172833133259
2011-02-14,0.7019563990598873,0.28271573195319766,0.644946892981086,0.5171379866964311,0.045692389455486086
2011-02-15,0.7398122938549135,0.22391642534057304,0.4698396814572376,0.37716823531739696,0.08432889115581428
2011-02-16,0.6976612905608313,0.14669187515858859,0.6295569108177261,0.48036728351114305,0.00011030101410322014
2011-02-17,0.7270173509106289,0.23019794096475918,0.5862557246028379,0.5829219133000553,0.09241473519403302
2011-02-18,0.6527113887944478,0.1770625867026176,0.4748731524616148,0.5218605151416538,0.052724288530485365
2011-02-22,0.6796169204561512,0.46984428186420946,0.5536149959376281,0.45724770013143157,0.09926880267323762
2011-02-23,0.7213900310826914,-0.04114141088175278,0.606070220281774,0.48304450858779946,0.03966220831092907
2011-02-24,0.7461148711284321,0.10314177318817015,0.5757928875910236,0.49522425600069647,0.003269406758474858
2011-02-25,0.6210676755024055,-0.032370401903645686,0.6861849452988436,0.3556658699327321,0.05223923599745979
2011-02-28,0.697889553967499,-0.08558786223705805,0.6023323499721248,0.4093677969374064,0.002733873996664327
2011-03-01,0.6924048228335029,-0.24008148598574175,0.557732922260332,0.4008889054252795,0.01304590801193979
2011-03-02,0.7131622574604781,-0.04274993231481253,0.562583134674447,0.389654125760384,0.09121690775526907
2011-03-03,0.7856922854909271,0.1973055239262439,0.6359706330535355,0.5127180140597638,0.0694928550407619
2011-03-04,0.7155575440824573,-0.0757001885216917,0.7114403787844201,0.25935594945116125,0.051720199007908585
2011-03-07,0.6859118560911935,0.10539057256675916,0.6665773762182878,0.4675827938882368,0.09146904096810626
2011-03-08,0.7730296722208613,0.011025259788772107,0.5301969513007653,0.3574476152395117,0.019100761770363406
2011-03-09,0.7547214672264541,0.22584338190063502,0.5544741012250733,0.2664028418024609,0.03529397309834368
2011-03-10,0.6809299395487103,0.20136406358835726,0.49671365940775264,0.5053316274704985,0.06415267659242392
2011-03-11,0.6933751500412632,-0.223559238259188,0.6509950200251079,0.3551172696683118,0.07961231790221444
2011-03-14,0.666343912962108,0.004608703689910478,0.6347084997510137,0.28943511857010357,0.08722576114594871
2011-03-15,0.7043269649127702,-0.10993229818969429,0.6543179119347686,0.3516619517136282,0.035747050485048316
2011-03-16,0.6500025609854176,-0.06128795927073746,0.6058786831363081,0.5571944735795493,0.0018795509068362027
2011-03-17,0.8283902452636056,-0.21946954831524423,0.6035730944919888,0.518505986830629,0.09644380643136101
2011-03-18,0.7485175663620165,0.2538038514418779,0.5638892886069256,0.3962134059683908,0.0996218126972992
2011-03-21,0.7347613877913758,-0.3928068261503345,0.5597719576346198,0.45249132300780565,0.07893200206365258
2011-03-22,0.6764040750879678,-0.5558080917126577,0.6481785119171436,0.49515212566688316,0.06437496339947807
2011-03-23,0.658393291453611,-0.08420671625925197,0.48874308438036174,0.4505856976733046,0.04996566400762347
2011-03-24,0.644353126770902,-0.21507398652290688,0.5143805144184004,0.42358156727943547,0.017745666089798363
2011-03-25,0.6653989293601889,-0.2259875239993483,0.6565898761665677,0.3596000594805554,0.04977798261525365
2011-03-28,0.7850660585679246,-0.1661428647847299,0.572816487330419,0.5122364146141939,0.04401116238613522
2011-03-29,0.6860508398428723,0.0148250949361097,0.7091746998610238,0.2522338891302389,0.006834530936417627
2011-03-30,0.7026132736375401,0.018926558378804057,0.6318749440891936,0.45892425217381244,0.05181203281810677
2011-03-31,0.6401948315354674,0.11513027135088405,0.4833359997116759,0.48625763083520995,0.012404561801960302
2011-04-01,0.7535641124967435,0.0772620924105053,0.6087645467833668,0.46070076719334413,0.04121896621003181
2011-04-04,0.7723926442097341,0.5631681942975495,0.5517289451593559,0.6461834059810252,0.02656783633599996
2011-04-05,0.8699822525537976,0.2771425456874135,0.653886813026281,0.4025796272740416,0.019849039411215866
2011-04-06,0.7139558349337319,-0.04535399916215724,0.7049598289723628,0.6323192928971927,0.0206072907642617
2011-04-07,0.6416790790665613,-0.3264046950460687,0.645346392426185,0.625440976147941,0.08669926697937808
2011-04-08,0.7247083337770038,0.07289056534331262,0.6077407071083215,0.45752186527473243,0.09697543885666698
2011-04-11,0.6684986049581525,-0.03440041246145701,0.5739104241683325,0.16450921475701452,0.03207388240579291
2011-04-12,0.6636055374558064,-0.09353000020521639,0.5422828702297231,0.3898360922853001,0.09257321503496058
2011-04-13,0.749469438257097,0.011852853624167688,0.5338967068621039,0.4257099850756271,0.06117308216273655
2011-04-14,0.6534575956454486,-0.30172488977949474,0.5690716512769576,0.18471161444770168,0.048837054322126816
2011-04-15,0.6990529585719536,0.17189127630931644,0.49388761140198034,0.5084378083693292,0.034022294221537845
2011-04-18,0.6907883501970422,0.20838533472636353,0.5718155005658822,0.36827996506718996,0.07524644621575938
2011-04-19,0.7271911949331793,-0.3399006483812432,0.5506509114819382,0.4737166848937392,0.03691204679923572
2011-04-20,0.7401160867926815,0.11695922587586943,0.5947173309438203,0.4477012020290506,0.0915618211100264
2011-04-21,0.722363666739885,-0.09095456051439654,0.6461594367482062,0.4520622514488954,0.03759802699835953
2011-04-25,0.7250868549139262,-0.34136896267872197,0.6023772804211769,0.34226614494464414,0.05019020113718518
2011-04-26,0.6843885870197554,-0.16410393377565466,0.5793795835587248,0.38654112827841025,0.011163636857626558
2011-04-27,0.7198723971675707,-0.08531780130652802,0.6814267662579452,0.28520242215236136,0.0139772691542703
2011-04-28,0.7060322835968632,-0.13292245998071772,0.6198153890141804,0.4983471294542678,0.06317337080136515
2011-04-29,0.7775162980421518,0.15688815527748312,0.5963427334410224,0.4428586632508915,0.07432057078652708
2011-05-02,0.790270151958595,-0.05735897211394525,0.5050622780451335,0.28378210503046347,0.05638188368864137
2011-05-03,0.7432077342717843,-0.07594131778887275,0.6413534635565015,0.3449205822596255,0.06354720445972886
2011-05-04,0.7046894166454605,0.07883748909113669,0.5475037186347104,0.42628765415758646,0.005014604265935085
2011-05-05,0.7237416412311922,-0.006281175466496786,0.6171123642622398,0.6118184424161827,0.0006637794821721333
2011-05-06,0.6474926403186442,0.1242950955097974,0.5365264851344486,0.5127955960487417,0.002332338697801173
2011-05-09,0.7125746118067546,0.17012973449623014,0.5821215222399906,0.39628530606703577,0.07671545068811535
2011-05-10,0.7330219111968969,-0.09866501301825445,0.5709519410616852,0.4042826047862015,0.09848382479626058
2011-05-11,0.724807764518707,-0.02167768666222246,0.5726836970892822,0.42938913785286786,0.06363534556498955
2011-05-12,0.6009985244845935,-0.12137348222095537,0.6187613298760751,0.46882428126037207,0.08391515966130145
2011-05-13,0.7390230366191849,-0.232504718676763,0.5590524559878293,0.23978912016223458,0.04185804599610693
2011-05-16,0.7317107782246196,0.02608698578745713,0.6187969823915436,0.4065443526073335,0.060991417592417746
2011-05-17,0.6631589772961882,0.033793753986715164,0.6226787186205532,0.4403341554806352,0.023408566707591883
2011-05-18,0.6335272336407365,0.18624880491431192,0.6057298857344197,0.3692973190661664,0.018291064228837174
2011-05-19,0.7209453806492301,0.0349826415564324,0.5941838342316109,0.42782029859274906,0.03648513164864702
2011-05-20,0.6852042972624651,-0.014749748176522701,0.4976747666144278,0.3835949359531292,0.09836041163422111
2011-05-23,0.7339606813447165,-0.32194282611192443,0.5778419695996696,0.39179372423614955,0.03504954401090082
2011-05-24,0.6521682604812769,0.1539164404956934,0.5638023000524468,0.21254034801677973,0.0649020633640556
2011-05-25,0.8188293346604961,0.1704816667809253,0.6015908455308472,0.40614989383260613,0.03756111421663514
2011-05-26,0.7287542950076245,0.05605399028407876,0.5530279774414192,0.482719251366133,0.028577741473045315
2011-05-27,0.6418769662355852,0.15665982621589347,0.5542842356132716,0.47502958441776516,0.08663887716408945
2011-05-31,0.7503857183843208,0.32605789690560605,0.48922632033511726,0.41079036687139103,0.04493536574688716
2011-06-01,0.7665395674601378,-0.14392992057832532,0.6038887876751291,0.3622952447721474,0.07279341649157754
2011-06-02,0.6901248502822175,0.1435278216065718,0.5894132336058494,0.33207334819735324,0.012989056551683587
2011-06-03,0.6796908178827988,-0.13467467674572006,0.6243619345713212,0.36656800883940016,0.04583267330804641
2011-06-06,0.730772031426931,0.17236155793005503,0.5435852407124747,0.5083277745848017,0.06616120408857988
2011-06-07,0.6331808362930987,-0.3578577402733895,0.5386530038174026,0.45159837563770194,0.035186603988195085
2011-06-08,0.7241282586828625,0.12230331123929794,0.6051967396246741,0.38600913972764334,0.08063644909526235
2011-06-09,0.7219784731244686,0.018311867866295913,0.6101827972539505,0.281469378811323,0.09401599534824284
2011-06-10,0.7017194321650309,-0.17184205252200307,0.5445265595831449,0.3701968815362794,0.06491890385543629
2011-06-13,0.6927095272498177,-0.004826176845254153,0.4827212166399146,0.4239759417278671,0.08444424366330146
2011-06-14,0.671218763331768,0.08469143159984406,0.6084161640817736,0.49806627203144727,0.09753471954363901
2011-06-15,0.7587060928276819,-0.034498083759554925,0.6037430535546199,0.3818301438290316,0.001459046037054801
2011-06-16,0.7013699385250138,-0.09101021084784222,0.6416756773833265,0.4425868161262342,0.05033929920012246
2011-06-17,0.636249216288858,0.17436914598247286,0.5825411993322241,0.44701882061852843,0.05198823604620936
2011-06-20,0.6289583357362355,-0.3962845551765688,0.6005548812390629,0.39011592456585864,0.062119626927798315
2011-06-21,0.7614251252381353,-0.12330206794521292,0.439016994280334,0.48329036243348217,0.056663657990456265
2011-06-22,0.700931597286423,-0.07861051394490773,0.6145946944162942,0.31928914222814103,0.0443698640792107
2011-06-23,0.6663087209761809,-0.26851283702749223,0.5551915553467149,0.3932722250827511,0.05662289718639934
2011-06-24,0.7753087995547484,-0.0677060638436445,0.508009798969954,0.421987377611258,0.004978870479689624
2011-06-27,0.640826289939362,-0.0815412456782912,0.5648865921130066,0.40128540926557443,0.0281386142976536
2011-06-28,0.7078407337855442,-0.07608048589759359,0.4981307136826578,0.2975967743870337,0.020047479864158294
2011-06-29,0.7280002652858302,0.08896844122349455,0.5609291454100489,0.3609947772609538,0.019433209845481626
2011-06-30,0.6361782934728023,0.1673403131658211,0.589872506293367,0.17938737139604963,0.02125325526513895
2011-07-01,0.8724718024418838,0.23180133296628702,0.5079028162657802,0.3040979557821226,0.04010183881348282
2011-07-05,0.6862051188490891,-0.35871364466356415,0.5227425748967284,0.3683318359274429,0.028474226810507233
2011-07-06,0.819029224858957,0.03704343418364484,0.572786100847908,0.41925792153374475,0.022464507470999998
2011-07-07,0.6811811950401667,-0.04723308737898518,0.5778637072929818,0.46680778045611704,0.007659565968085591
2011-07-08,0.7065020546024893,0.35115344868045,0.42664949030464216,0.32754624100938223,0.06908478068351899
2011-07-11,0.7171342487798965,0.23190550956622158,0.6347189823692425,0.5579264139882305,0.023796900067454996
2011-07-12,0.6728645036352427,-0.22814066137069058,0.5363294236696873,0.5029310955249353,0.04254414382824482
2011-07-13,0.7328814083082813,-0.3606412594052997,0.558424818902102,0.2697889917893963,0.07737825179742558
2011-07-14,0.7149312230645342,-0.16921810707050255,0.47969415170794083,0.5018521587633774,0.08044088732011839
2011-07-15,0.6945300745178435,0.17639857325406996,0.5699284580472969,0.4843651497951897,0.0855131209170244
2011-07-18,0.6831891408558447,-0.201591731552979,0.5793668778011509,0.5900832159599677,0.05878170256287694
2011-07-19,0.6741729468557314,0.011815007030515945,0.41752313138481084,0.3663817553512932,0.09024319236834528
2011-07-20,0.74403947738112,-0.2837439473943117,0.5040121494354283,0.312644804069339,0.02667730632707186
2011-07-21,0.7240116994449907,-0.44726128103098434,0.498391320304599,0.2649337183638809,0.08991640742187458
2011-07-22,0.6705472689514103,-0.3729347506040779,0.5497818721270545,0.5211586469309539,0.052476618922542385
2011-07-25,0.6557428622486947,-0.25574904040222995,0.4881606666780631,0.4288101030904554,0.07790273868715056
2011-07-26,0.8424096602477065,-0.0031106226972861736,0.5332673791155519,0.5604070102533327,0.005126667040816657
2011-07-27,0.7367426992726603,-0.3561957414496272,0.5710042800107664,0.27398253008982726,0.02816434863882804
2011-07-28,0.7983810209032167,0.05372184293601129,0.5359101775719444,0.41088033172139643,0.0650151804322637
2011-07-29,0.7187894237749308,0.3548602755702721,0.4796456118457103,0.35933477958948723,0.03255263420354652
2011-08-01,0.6864162427426488,0.07777854074761464,0.5466752707156762,0.48439777666173983,0.011441983275898661
2011-08-02,0.790153170176415,0.4073103952221023,0.6351929199852069,0.40737455413259305,0.09190945432167208
2011-08-03,0.6973454933901735,0.05828029255568258,0.45507488868413604,0.3698124729224587,0.08107732513220012
2011-08-04,0.6620576742413318,0.0047453401044497525,0.5503164263735657,0.5609854092794471,0.08651181495079086
2011-08-05,0.5936102623197982,-0.10775469577314659,0.4005353891731347,0.4140886847374465,0.0686851504629225
2011-08-08,0.7693742458208926,-0.31785685064555647,0.42537419831975354,0.4877962959180805,0.0550816892427802
2011-08-09,0.7036525238943656,0.02535848174032638,0.5544332994627758,0.3034057195781786,0.09852619644550926
2011-08-10,0.711465582460419,0.12139992776354842,0.5302729783882515,0.2905858264710617,0.012382770814635458
2011-08-11,0.7138126796375401,0.04576580440150918,0.5932767218586392,0.4803647298256992,0.020608595882448944
2011-08-12,0.693349677094542,-0.1489983346180069,0.4773235763931046,0.2845468517919009,0.09284679329970022
2011-08-15,0.6447603488940362,-0.42241905855444906,0.5824734515266727,0.18161945252465742,0.0393348592492112
2011-08-16,0.6839898353121769,-0.2798379388995824,0.5255706793536786,0.35207481366735754,0.06174815512054521
2011-08-17,0.7230593085236099,-0.06214142750720583,0.507289395405302,0.3686716026809609,0.04424890257903812
2011-08-18,0.6261190473294725,-0.2648043033488603,0.47780089569028933,0.4073360304947895,0.030333213032192087
2011-08-19,0.7991445674905796,-0.389792947661616,0.5515366807242964,0.4284572646878768,0.09331046543371174
2011-08-22,0.7426196467114778,-0.0680815984440259,0.5503339514620573,0.3958234721653918,0.08121657464318101
2011-08-23,0.6376235527953444,-0.09803937119609428,0.5936573676853845,0.38789763067780697,0.000226808524225941
2011-08-24,0.7362461625005646,0.18191906434157398,0.4560537714699136,0.4143328932174247,0.057826496967260756
2011-08-25,0.7043476834490456,0.2181737430809547,0.46641625996149155,0.3822281391903885,0.02120476066363948
2011-08-26,0.687426476291497,-0.015378274173587256,0.48931032767539157,0.34823034728997365,0.09159107294005298
2011-08-29,0.7658792262521626,0.03327091093793102,0.48207160826346396,0.3609821403150463,0.023777512758593668
2011-08-30,0.6135720596976322,-0.23164036267880053,0.39695205859891736,0.2802739830374117,0.09643573003282513
2011-08-31,0.7144755342507627,-0.021881874323716535,0.4405811932584244,0.5861977936652975,0.05773261977054796
2011-09-01,0.7881458442791492,0.04218327412622666,0.47721683387081576,0.4373852012618404,0.030212150090579416
2011-09-02,0.7144183864565772,0.12415179451953627,0.504799996116768,0.3608956414400619,0.024271197501031495
2011-09-06,0.6965779744259925,-0.4232658743263895,0.4347626120475052,0.3828555592327737,0.01881211424875704
2011-09-07,0.6950425418247838,-0.0541624965255345,0.5322086669436801,0.4073035374658333,0.09669222820786161
2011-09-08,0.6536884703331401,0.24220086623731937,0.49537257600154094,0.4235129470565954,0.027764017477186556
2011-09-09,0.6565656136044935,0.05392707691358526,0.534329024892138,0.4520852569791498,0.014308339429102146
2011-09-12,0.6489408572320509,0.17369995924273163,0.5816405894339562,0.5308533130881907,0.033127210971955694
2011-09-13,0.6418457596901431,-0.07268339357702745,0.4637346426287169,0.6492977429417897,0.09561328909099043
2011-09-14,0.6973799388699873,0.19222948569808976,0.5432826899574426,0.530285204460349,0.0978979555654458
2011-09-15,0.7099838208602115,0.26975459499063575,0.4844275366266359,0.5431945138433221,0.0550497888145251
2011-09-16,0.6694772934422606,-0.17034065243511676,0.626581372623345,0.5034608014183751,0.07353695553835302
2011-09-19,0.7184329308583639,0.2502373818547286,0.43408131434694064,0.3468550058383434,0.0003784838287046566
2011-09-20,0.7802436577454349,0.2748297750629211,0.5344817681168165,0.3281155736601655,0.01802987631648435
2011-09-21,0.7336503564273076,-0.2601601003658999,0.5743617349807479,0.4938231217788832,0.022509552254488786
2011-09-22,0.7786713326834618,-0.23664322832963236,0.5751740233493836,0.2920531879740707,0.02272651973613418
2011-09-23,0.7061149016667223,0.1521506361237921,0.47159436207852573,0.4621443201964215,0.014239774119009042
2011-09-26,0.7243433625583463,-0.31166477355090977,0.5387020729276306,0.4025371589803571,0.05967028316517817
2011-09-27,0.6930702065394961,0.18984462622839376,0.6276272436816903,0.47751573769109096,0.07106133148472686
2011-09-28,0.7353211903162455,-0.24519464088605694,0.5077384271393184,0.30356471694768244,0.060278413438615855
2011-09-29,0.8062545934362697,0.18828215555358896,0.3886927137645301,0.5692891450004417,0.017669834787087415
2011-09-30,0.6990389026766889,0.07686449867433481,0.5672932882379926,0.42230059055831404,0.04035722002212564
2011-10-03,0.6247186142353685,-0.2911735848195096,0.5505090530590592,0.46361228461894644,0.028696648890154264
2011-10-04,0.709425807639385,0.15522859132952693,0.44025732453768884,0.3911544503682948,0.046377320418320225
2011-10-05,0.8472180373395497,-0.3496055993299795,0.4475546513057927,0.48523057767802513,0.05751920275809297
2011-10-06,0.7658698807383473,0.21468455284805998,0.43513680513951325,0.4241660713134032,0.04087512486375473
2011-10-07,0.7536783849056831,-0.06538402584050841,0.5714300120339492,0.33276624312336506,0.09136467074942942
2011-10-10,0.6999966876488753,-0.08626783606713212,0.4688785385788816,0.47070441375252414,0.042491126540246164
2011-10-11,0.605939995236004,-0.080131420288719,0.5378607660010899,0.3985285129028877,0.03132390209409382
2011-10-12,0.7634954074690931,0.15762068649978575,0.5083690558774818,0.3671266644153761,0.08015461309259206
2011-10-13,0.7040705668709489,-0.3100672651165026,0.4825402088957164,0.40419666545831495,0.04360071206020047
2011-10-14,0.7456259757059964,0.15442651829384638,0.4766905855610773,0.29338713405597605,0.014904161619978474
2011-10-17,0.7554120880196186,-0.15855424331493592,0.4867446503087693,0.40991722967966,0.03759634388357043
2011-10-18,0.7417018764943065,0.27853212841294334,0.3937330766142353,0.3644327693638657,0.016746056752334728
2011-10-19,0.6772285089005545,0.4308282488587982,0.5939325993845376,0.37172737094744535,0.06981146990804198
2011-10-20,0.7167886387707509,-0.4308919294827421,0.4442455388828228,0.30254801268539516,0.01161332055597727
2011-10-21,0.8305465045963558,-0.16406461786589868,0.53318209301576,0.36794425322140484,0.020533244444529277
2011-10-24,0.6146352927763387,-0.025612739049555328,0.5281461959237728,0.33162315884642896,0.009742274237010674
2011-10-25,0.7390615926394698,0.024113200490955777,0.4517401254752763,0.5037302630759589,0.09617387234275893
2011-10-26,0.7435378050570148,0.2536214095161956,0.48781909425305153,0.40099928532897205,0.08060067454868643
2011-10-27,0.7041910026912301,-0.1440992125709066,0.5285290346261473,0.4331193553764936,0.0932177808146426
2011-10-28,0.7413895470383917,-0.10900687814608126,0.5397726608147052,0.47812904557565944,0.06273514193930793
2011-10-31,0.7016364545859496,-0.11354360948993965,0.5052853881980439,0.2183347560723688,0.04528089408557123
2011-11-01,0.7315395055206426,0.09766768723938224,0.5407247335131722,0.32431020939739147,0.06225149296762116
2011-11-02,0.6644811600083846,0.6189305632049414,0.5449284747481018,0.3372594835488242,0.032647952020198816
2011-11-03,0.8108885341202964,0.27478603822535663,0.5537504776430408,0.4349653353601166,0.07463502252430819
2011-11-04,0.6657868479223217,0.004762638473835911,0.4516808791384772,0.42846651384824447,0.04981545424654036
2011-11-07,0.734959287809475,-0.468117218203511,0.503339757277179,0.616967052196083,0.008163605669505447
2011-11-08,0.7181518901411316,0.2839843979461451,0.5330493210042524,0.5024227302546234,0.05052452802149511
2011-11-09,0.6564927748927112,0.28461966797574445,0.5368920071456231,0.48425845125553546,0.05007213392197682
2011-11-10,0.6814436875071956,-0.014317447796617977,0.5169258874015462,0.3460508121446907,0.08061981631019247
2011-11-11,0.6245783409171478,0.0508576549664369,0.5539338295063203,0.4378019100830817,0.016337586298312248
2011-11-14,0.7772174263610839,0.17851906624585845,0.5404294432477332,0.32096314573329854,0.05767575276485698
2011-11-15,0.6861002210651908,-0.1483877360729293,0.5045846215551854,0.2960190556406982,0.044733830986050674
2011-11-16,0.695096799791041,-0.04191702674903133,0.5878521377075994,0.4412675986298468,0.007309538964444096
2011-11-17,0.5766155186672438,-0.3460959814167613,0.5524509232171891,0.36350808130747564,0.000465627768893373
2011-11-18,0.6965871743726417,-0.10796820751977272,0.4666323930506744,0.44585158054961066,0.08425776470951056
2011-11-21,0.6023767667087223,-0.05281670593410116,0.49786061692130024,0.49331823992077556,0.07884534060174472
2011-11-22,0.6419999099404692,-0.6774347565005993,0.5002323253927652,0.4584246067271554,0.03053614151684754
2011-11-23,0.7013766089823618,0.04398841356627515,0.5556074924231421,0.4151670549495189,0.0910879198993121
2011-11-25,0.6954815158284324,0.04426513321731331,0.5384414020653148,0.3021168811622211,0.07209873500027195
2011-11-28,0.6551810014866111,0.2228103833417425,0.6031369057935438,0.4734500366827246,0.07438341950032729
2011-11-29,0.828527663803236,-0.09118140111047945,0.47763255562110846,0.4548247401130059,0.03818519949153816
2011-11-30,0.7757986428514263,-0.07168137643279687,0.4767945889706502,0.5532103305449192,0.06278185047092595
2011-12-01,0.6619947929128158,0.1624094753266977,0.48873496927210425,0.43734800580866817,0.07783414500266164
2011-12-02,0.7897644126639969,0.11438650620647246,0.5672079036975309,0.38829458858109467,0.019437533693010912
2011-12-05,0.8446628171677604,-0.06952603747368351,0.5570082668960346,0.5316118943521466,0.061579158794338895
2011-12-06,0.6474184252027475,-0.20110736704487595,0.4921725254053302,0.3942274961557989,0.07691255399189108
2011-12-07,0.6904972200219596,-0.10288231882209305,0.5049848912762555,0.5757420109420334,0.013731785141847242
2011-12-08,0.8201142549852718,0.025035291448920027,0.4534197772769454,0.4259600770214703,0.019155890008942446
2011-12-09,0.741445080663587,-0.08115013501416452,0.5255366492083983,0.3174615884211313,0.005468467453146941
2011-12-12,0.6988070819612487,0.23745367739534548,0.5316122704521578,0.41396623707144753,0.019647055439125427
2011-12-13,0.7336560234399911,-0.16740310174758005,0.657578896110289,0.6369042322101375,0.04088429781500246
2011-12-14,0.5931503912978251,-0.16978847669568364,0.6700965149367699,0.35105670330627614,0.010824613873485357
2011-12-15,0.7579800685522214,0.24886971032884853,0.5830632706807757,0.41809648209053096,0.01201322005404122
2011-12-16,0.7432304448859022,-0.19577147401583847,0.5430859060130919,0.47925117129486594,0.08843943873980972
2011-12-19,0.6836094722154653,0.020647723659811837,0.4748236169114029,0.40986394121081327,0.014401047103771158
2011-12-20,0.7343562619607111,0.0374827943164629,0.5905688809754703,0.4831412486180316,0.0244488342739568
2011-12-21,0.7118453083194602,-0.07592281637850516,0.5793821420017458,0.43931083088853706,0.06577878061485919
2011-12-22,0.6553706018919534,-0.09434235068263545,0.5411028247077793,0.3095321587707193,0.08347630708571974
2011-12-23,0.6855585656518302,-0.0913685390650559,0.5142967522661431,0.2887236763240204,0.011610025962841409
2011-12-27,0.7069673719067913,-0.11651624615042233,0.5054251852832726,0.3566099132174017,0.07614776015160202
2011-12-28,0.7044855309723651,-0.28031231304594617,0.5029383150777387,0.28890510836045397,0.007774385197620815
2011-12-29,0.677971606222286,-0.23419027070691115,0.5756885324560193,0.4240069931297003,0.0882969806266084
2011-12-30,0.6976790990420983,0.01659792397887359,0.5420324875265119,0.47205068526599425,0.01352449949368907
2012-01-03,0.673903039443249,0.07544628072458133,0.5900905379189282,0.3667092140405666,0.07154701224994761
2012-01-04,0.7309777221902019,-0.37967954904748313,0.5444747554614272,0.3723890272216579,0.07668625366967737
2012-01-05,0.791375608164923,-0.243165694083862,0.5603276573606009,0.5692804437980356,0.03308079701544247
2012-01-06,0.7409764619518391,-0.21009007173403502,0.5150627957615961,0.49647623650616457,0.006227467906839113
2012-01-09,0.7358103726904301,0.1897818899244496,0.49262254718263837,0.30302709765429214,0.030766932805231784
2012-01-10,0.6734032144995545,-0.08136592916564996,0.5526262970235832,0.31329121645844005,0.08517275426063362
2012-01-11,0.7678807213492349,0.03397871090305167,0.5604360275072837,0.4303024420521616,0.08834913397409344
2012-01-12,0.6909222870390294,-0.09866441239369178,0.635300152803766,0.39580555856012933,0.09591971302325877
2012-01-13,0.758501460178744,-0.10304967295389636,0.5484794729334421,0.41368442936167227,0.01866770789482175
2012-01-17,0.7593397569886625,0.16237869766600832,0.5363212499148704,0.3385285799853034,0.0006570044095544292
2012-01-18,0.6905683106220589,-0.08997641976233547,0.650763135739124,0.47881099821984685,0.057384521128634174
2012-01-19,0.7230948541656143,0.12696317074518745,0.5356677867010184,0.3436392230737071,0.056531508419857816
2012-01-20,0.7127484470565351,-0.06981975536829167,0.5781027752492873,0.394795711139947,0.08718536842112107
2012-01-23,0.7654842555920999,-0.43467061009481295,0.5867871344171589,0.3852347692121781,0.06693701985908024
2012-01-24,0.7538308916281107,-0.2492244151323919,0.6219603578383616,0.3355459179907645,0.0826682471281704
2012-01-25,0.7306496983497168,0.0007261333040294819,0.5950323021635899,0.3921766828778253,0.04490170287950013
2012-01-26,0.7824774027021493,0.10383487247561746,0.5634421841411869,0.5716496082016224,0.052834741397997
2012-01-27,0.6963671137961445,-0.12716165661512374,0.4745939126627854,0.3860588864488127,0.09716813712043312
2012-01-30,0.7784376788486901,-0.011424039473140624,0.509718649632812,0.34382760836994414,0.07541792022280593
2012-01-31,0.6550094619944784,-0.20734517545300415,0.6035048841489297,0.3085902269780282,0.046186712804519726
2012-02-01,0.6910173677284418,-0.10809040155892342,0.5012597483728869,0.4881948027277651,0.06568100642214447
2012-02-02,0.7872807725943289,-0.0408359530842595,0.5852973878391253,0.434870543540636,0.00013952949732857212
2012-02-03,0.7809467114493925,0.2241469593498372,0.5516032004739743,0.40850159690884597,0.07815111931779488
2012-02-06,0.7522461532751892,-0.1906609122550087,0.5988937419483622,0.46138986195597703,0.0404906791917838
2012-02-07,0.6439932316411889,0.02890977492267653,0.6822056511957969,0.48397444392311384,0.00837461053585582
2012-02-08,0.6694912575897101,-0.11753120273931222,0.6617047489012975,0.48769613225678066,0.04477554626152516
2012-02-09,0.7016493071965364,-0.14749403286610846,0.5524786276475246,0.5392369310259151,0.09436422334084787
2012-02-10,0.6835012945860637,0.32605425278315087,0.5692430912209908,0.22853373586209202,0.06807319611102834
2012-02-13,0.6237563125297851,0.21520651361405194,0.5896819075188011,0.40925855370073566,0.04553071979596049
2012-02-14,0.693412133841849,0.3303901818857688,0.5082510063675839,0.4082370712635812,0.046002153042093374
2012-02-15,0.701784394863945,0.07470782073643847,0.5327512320213189,0.45625966617398467,0.03383544005566195
2012-02-16,0.7966969923900586,0.085274708123711,0.5068410166108436,0.4207215198431241,0.04627549227500204
2012-02-17,0.7562104275666787,0.39100202771277026,0.5674046675737262,0.2941116151387659,0.07929071082505279
2012-02-21,0.6778394594544439,-0.2099856551081603,0.5847114557218054,0.2923475260097458,0.03992022498054157
2012-02-22,0.6911044358343794,0.1456425942492566,0.6572203558589629,0.43456184734475783,0.03108683748505634
2012-02-23,0.6356468213719473,0.3599788286088614,0.5781789110878577,0.4442092118056683,0.07053444761119874
2012-02-24,0.6970422940188848,-0.23176979822123545,0.6079575164582561,0.18789145014930841,0.006957486230946531
2012-02-27,0.7271484936303049,-0.15484755820854892,0.4955103083675011,0.4965117834227261,0.027388322991865412
2012-02-28,0.6896761948725055,-0.08261316603018734,0.5863911170172472,0.3582527258865737,0.04381963199162612
2012-02-29,0.8400674254761108,0.12526633874526982,0.5150054371617117,0.43564486539527736,0.04202722133873013
2012-03-01,0.6772723116476106,-0.10423790186741702,0.4849905760944656,0.3491597842379063,0.04619747359062992
2012-03-02,0.7570905925944171,0.22988073938370876,0.64508397922196,0.662929587072101,0.006061420033215004
2012-03-05,0.6671602752202579,0.2215754101439929,0.6247734251524041,0.37042333163853325,0.005408592106799404
2012-03-06,0.7275538312202962,-0.2647057515531403,0.4562355272701565,0.5497282119287484,0.02404482519087884
2012-03-07,0.7448510785802314,-0.31380000070062014,0.51782507630838,0.4910341263156996,0.04872270719460631
2012-03-08,0.7197891052564747,0.27597813658899,0.5086512960980843,0.37126610224379475,0.016035845572125118
2012-03-09,0.6801313972487476,0.11693589893964225,0.6174866731726781,0.35982307157495075,0.03817371087790572
2012-03-12,0.753341910075421,-0.10757208507888388,0.599791751578978,0.4624837907830412,0.09796014347669438
2012-03-13,0.6970013142645569,-0.07306508726407415,0.6183059351329158,0.4527009866423373,0.06035130867984059
2012-03-14,0.7260715433414315,0.09645998662835362,0.6787786403551772,0.3415243623653482,0.04331908333852687
2012-03-15,0.7745973384213733,0.3077548896141229,0.5118171666446838,0.38604106709711555,0.002802161591545127
2012-03-16,0.7611746846196628,-0.11226980312353846,0.617657479400735,0.3481630268773081,0.09137512307436715
2012-03-19,0.7672673630885531,0.08834122512663453,0.5883020079406744,0.2105327008176007,0.03655833356500705
2012-03-20,0.6766099458310607,0.03340744098769852,0.5414509492210173,0.3707308749127281,0.0928352743310869
2012-03-21,0.7032413983490702,-0.4103852268919658,0.5798929620637487,0.43045865926312804,0.09778326636993948
2012-03-22,0.6902476548152278,0.267862957883159,0.5774919774153376,0.29655448284581654,0.020358104159192925
2012-03-23,0.713538555538939,0.1244361170117234,0.6315325728904259,0.41742590747776814,0.052392059970514895
2012-03-26,0.7476086268230135,-0.10528157930112514,0.542400161792707,0.3222211586271039,0.009785301929118828
2012-03-27,0.7688373766607643,0.1805301305443489,0.6889069207922671,0.3439616028110997,0.08923313256500648
2012-03-28,0.7374883541288064,0.11952737312518176,0.6217464441707468,0.3648052486896671,0.011515902601329687
2012-03-29,0.643660728038166,0.20540129539163204,0.6271138173295684,0.6634025443990357,0.03406222072490824
2012-03-30,0.7680435279569235,-0.10861465995960994,0.6025125210723722,0.43064762998815487,0.026372851638530703
2012-04-02,0.6641860880665756,-0.08129329315428793,0.6008430594367841,0.3839814782008635,0.043178826607444425
2012-04-03,0.6938106442359449,0.09044204050054326,0.5633920802494281,0.447086112088769,0.09691753866369761
2012-04-04,0.7901044005131027,-0.28266938289868887,0.5392028060948088,0.22463878141098126,0.07348938706430831
2012-04-05,0.7442861036730718,0.2690026436932739,0.5635745773842264,0.3567351290806071,0.020516345659403003
2012-04-09,0.7121848920423827,-0.02821612977426001,0.45631057366829264,0.4576487848980348,0.08561640104712094
2012-04-10,0.7410432598027884,-0.23723525966171655,0.6290250076132449,0.2734088948082121,0.06561292720229665
2012-04-11,0.7513041265822744,0.07071532060880285,0.5923281109410794,0.4761956749820722,0.06126249022744527
2012-04-12,0.649788807264272,-0.03022144315947847,0.5796723754668822,0.3937613903985652,0.09334788807402877
2012-04-13,0.7145759552488506,0.09756829362236481,0.6323200657734912,0.41277119499993337,0.09207081141281681
2012-04-16,0.6873978497577132,-0.018658256712759454,0.650377499181026,0.686083145896742,0.09577550592079795
2012-04-17,0.702184896536277,-0.26342109073794323,0.6226551975665903,0.43029160157190127,0.08692321562832461
2012-04-18,0.715266063281201,0.2316793523242327,0.60783802151453,0.33458849949819014,0.08760660420611223
2012-04-19,0.7827796767352407,0.12413512166875346,0.6461355832762568,0.28661628575625464,0.05165034430737221
2012-04-20,0.6825407693744877,-0.050937290892643476,0.506370455901802,0.40298577987898193,0.0497209020131122
2012-04-23,0.7448455575268934,-0.2628631495780247,0.6150461663007886,0.3611883051519618,0.09408960855878264
2012-04-24,0.7571295473396283,0.02883273513155383,0.5429406080868675,0.216289107834993,0.06339873206933792
2012-04-25,0.7023503013947314,0.44534069253668424,0.5165118523019758,0.33980625599441,0.04758571923346475
2012-04-26,0.6339345359997824,0.14751031143826668,0.5769868737907878,0.3829182537976088,0.007481893907402781
2012-04-27,0.7341562263615465,0.16619178401769238,0.7407291930064378,0.4208721588494207,0.013456898680057061
2012-04-30,0.8537200928383204,-0.21587568893104844,0.5992410095148216,0.3766618234048729,0.015359601789057088
2012-05-01,0.7207968889256094,0.025966132465523897,0.5734547297933196,0.37048099757750286,0.09743710726865597
2012-05-02,0.7075680856225072,-0.023348102178421908,0.6087498724810995,0.5086191603842565,0.09734463579466245
2012-05-03,0.7502770830617639,-0.013097620668269729,0.5899860048211357,0.35980000737521384,0.02947726306309736
2012-05-04,0.6900463092235737,-0.43117411107305303,0.548731743835674,0.24222636150073645,0.031442675200262685
2012-05-07,0.6345296390899204,0.13596010062389582,0.5962120055918001,0.5254033809363962,0.02335151194056653
2012-05-08,0.7644258987126491,-0.06791914093663387,0.5740773043361088,0.6346302925782359,0.08592190282793707
2012-05-09,0.6940945649328583,-0.039978107539870245,0.6132869504537226,0.442305788566403,0.06726645762597948
2012-05-10,0.6954655847243931,-0.39748956310204137,0.48728409171941445,0.4958961756307164,0.01125292742726859
2012-05-11,0.690758248146526,0.1824068796704673,0.5562601288697924,0.5170709046045242,0.029774472572918632
2012-05-14,0.6877771058314238,-0.0440217139878972,0.6140900367254261,0.42842741406425755,0.09152858632199118
2012-05-15,0.720683011111359,0.15177308243821427,0.6396117993759043,0.34230193788415203,0.09401053353490674
2012-05-16,0.7078214741290891,0.0878360229443769,0.5668535712121852,0.4859223206240407,0.030556498955081515
2012-05-17,0.7005922625543872,0.07623356495570931,0.6444450060614737,0.34175595544278736,0.0994097450818623
2012-05-18,0.7603224499381405,-0.08211920198706446,0.5746513292213742,0.39242917711710334,0.07868021713562331
2012-05-21,0.7235271958240094,-0.0180176135273151,0.5835701500324276,0.29210532599994243,0.002692276034837071
2012-05-22,0.7068947928692328,0.3043451586650107,0.5227544966729593,0.5967339250053217,0.01017326006087015
2012-05-23,0.647896332811548,-0.0883033715652287,0.5079571691270826,0.37870919670862774,0.059558090636851205
2012-05-24,0.7788032631200272,0.31022579380779636,0.5649076625019818,0.27570465101241204,0.0265737439571902
2012-05-25,0.8045175307804463,-0.3258592797616937,0.5352564866304728,0.5516107637624218,0.089652142294992
2012-05-29,0.7585966327776241,0.1287724669280336,0.5206206636830342,0.42569127790930955,0.05740618791709591
2012-05-30,0.7592397346701163,-0.20698325421962926,0.6081762377397792,0.4421312586270322,0.07325473783969447
2012-05-31,0.753410853655182,0.12555990025886482,0.5751323940997096,0.2548831237720238,0.03158814462768652
2012-06-01,0.6726102011708326,0.16654979997256733,0.5984032117252639,0.3385512956805852,0.04936864532596294
2012-06-04,0.7469832781017006,0.21346867493177735,0.5534501727897571,0.44683930220052115,0.0760916495216662
2012-06-05,0.6634606545704674,0.46453990638839787,0.5556173193617446,0.3642368603874404,0.01196211758815804
2012-06-06,0.8016733756904187,-0.37937372604322944,0.5056402890074634,0.39144346616453146,0.0710808797481115
2012-06-07,0.7767604126600901,-0.2673396193648642,0.6735661208620766,0.35087552497862784,0.09690902191314338
2012-06-08,0.823354816076582,-0.0169527132515258,0.5644082304046144,0.38903713350982877,0.01958653000834293
2012-06-11,0.7838559787223626,-0.08964291224889537,0.46752797511479843,0.43228062915798277,0.02174760147102446
2012-06-12,0.8357941769205678,-0.007720428210026347,0.5065413861891762,0.31192886005357806,0.035639835765052454
2012-06-13,0.6758987981020278,0.1016092790575081,0.5835389665754092,0.42913733406945737,0.03943047385756635
2012-06-14,0.7222460928549429,-0.12527993495717984,0.5611591531843501,0.7638844791230409,0.09660164762823104
2012-06-15,0.7718380493784944,0.28882014078042956,0.5728888965096027,0.35786058872637716,0.038602469831584475
2012-06-18,0.7922073599577616,0.20406268822358622,0.5565725606413345,0.3095630636317041,0.0371281649613304
2012-06-19,0.6621152858404022,-0.05180011231508755,0.5377523172712033,0.3009085571661763,0.04098762682746622
2012-06-20,0.600062843073112,-0.11773011106681493,0.5695126188407034,0.37545753094995105,0.08270179824117262
2012-06-21,0.6695766367344529,-0.592674549849432,0.4724995179741336,0.31925721972122695,0.011698142607802654
2012-06-22,0.7892211304455756,0.20966369543530236,0.5448158132073712,0.32080387401679034,0.07883545755405921
2012-06-25,0.6749206124938508,-0.14006459042487313,0.5532434381148199,0.41159666263697764,0.09260304936577952
2012-06-26,0.7743703538829568,0.21113954800269621,0.5417301285949602,0.4329694359759816,0.03422539231528975
2012-06-27,0.7094768967253164,0.21762499698973614,0.5407648996792332,0.40049152904341473,0.0965532860359278
2012-06-28,0.7121995348372895,-0.02175826862649612,0.538893236757406,0.5683573826108282,0.035992829669793114
2012-06-29,0.6777646673945869,-0.12724695941902908,0.5109363467629121,0.35572935049238674,0.018955454454444978
2012-07-02,0.7177664482764957,0.19871435657796718,0.5356221508007736,0.5134848807451293,0.028807538697950965
2012-07-03,0.7182198891284751,0.08309474784817335,0.6678558816454573,0.42320640851471536,0.038915823503768224
2012-07-05,0.8123623940651837,-0.01175739991345715,0.49244397856776917,0.43931420588684544,0.05924063259931416
2012-07-06,0.7208983516277178,-0.17556086841701274,0.6143758432385987,0.2885428888753391,0.05703654106889083
2012-07-09,0.7124716057199868,-0.2763971419717267,0.5567237472323099,0.27179036479205365,0.019060013694721878
2012-07-10,0.7547412807332982,-0.06749032610973509,0.5439655033902917,0.34785356213571283,0.06623899392814396
2012-07-11,0.7664378190898062,-0.033840238732997505,0.5862990868947799,0.40164496698790086,0.06069869147303188
2012-07-12,0.7734000571746863,0.0642736981578525,0.4416802413359019,0.1995083068050553,0.0931582748024994
2012-07-13,0.6673852643704917,-0.11074235360154389,0.46129770876215387,0.31268165958576327,0.06978970991198126
2012-07-16,0.6945956487861501,-0.06841620689068438,0.5069711624039002,0.39100937285643117,0.08349076779139376
2012-07-17,0.6175870838994637,-0.04161796720067572,0.4560909614195927,0.24853930251248896,0.06750618821968286
2012-07-18,0.6088976347881615,-0.11431836473627942,0.5583062907821286,0.5148828289231977,0.06629833512492032
2012-07-19,0.6339647976846777,-0.030945596526720305,0.4590514722596174,0.4141578843269931,0.020586110200699326
2012-07-20,0.6924948211205268,-0.08075053432751991,0.5302052263646143,0.36070563470098665,0.038742335766528004
2012-07-23,0.6867297302132424,0.12348935155809487,0.5255688025985502,0.37334507079250573,0.042386892431358264
2012-07-24,0.6867825250482942,0.020810812943857143,0.6624180017410044,0.4651411202692303,0.08496940519441401
2012-07-25,0.6890220385406105,0.00039308146908568906,0.42995907624793933,0.46623653652758956,0.0032990101326976886
2012-07-26,0.7210741266092263,-0.30897635989255856,0.4923284284560909,0.46038777339754466,0.09803429034747216
2012-07-27,0.6714373947035318,-0.03519392215676511,0.5445006596267573,0.3566025444507407,0.02581880709214268
2012-07-30,0.7122794827570172,0.0004984521820496936,0.5052033172434389,0.3540568414191256,0.07353423187979143
2012-07-31,0.6371514628285001,0.15391855107239613,0.5264381363987684,0.5608807063824575,0.05991915843216834
2012-08-01,0.6299529716038028,0.07605848843042655,0.5097658761286293,0.4415958934837,0.06466598924318682
2012-08-02,0.768719032033793,0.05143257960774525,0.43659271270798705,0.5199814102173508,0.04286838559214921
2012-08-03,0.7207788592353613,0.3030774699126574,0.40646561585426944,0.42585815489141726,0.059841807557981054
2012-08-06,0.759278755165409,0.14971076397298638,0.5466649289508131,0.4461865852701401,0.05784951893632
2012-08-07,0.7354324859100545,0.2839177685834844,0.4539956950402648,0.3765534595206877,0.05239270377037434
2012-08-08,0.7305955150773686,-0.23759320295839312,0.5791255216975598,0.415632433215939,0.05819677762124556
2012-08-09,0.6614737547868588,-0.17177867767399932,0.5315355876943955,0.1899278285376961,0.06411210553494577
2012-08-10,0.6977739819478123,0.28213989117008925,0.5107710600314347,0.44429347851308204,0.09908648951052906
2012-08-13,0.73392572895891,-0.40182412243675975,0.4794764395548875,0.41307661838407456,0.08979547025059903
2012-08-14,0.6283292509864201,0.012750895278207802,0.42756009299166065,0.3097256873503011,0.016426364478794687
2012-08-15,0.7643784449044053,-0.2179136005304244,0.564643952664424,0.4032846417914096,0.025656999049794495
2012-08-16,0.714987018807596,0.28865071725548047,0.5180457537322927,0.4240515749871306,0.02801406505994214
2012-08-17,0.7076950583407556,-0.14215712110917614,0.45434585101060526,0.2689738487859875,0.09361921806459443
2012-08-20,0.7871157684972935,-0.26056620105838296,0.4788438999618182,0.3813377133869224,0.018865960066821785
2012-08-21,0.7474944964165366,0.046908208380349314,0.4522031087150942,0.3554400905813124,0.09048257420323756
2012-08-22,0.7538724704946581,-0.10289620820057557,0.6342808414030285,0.15697987610900288,0.05817180646626548
2012-08-23,0.7322593243913842,0.07030828540844355,0.5790721725744284,0.17233013766180624,0.0825411390506625
2012-08-24,0.714886861927667,-0.26798139220242756,0.5520597174584224,0.4000732104196238,0.017062456769159406
2012-08-27,0.6203007143660215,0.11944074182822945,0.37576373476982927,0.557313217424153,0.08925984464602203
2012-08-28,0.6825181728924388,0.0748597849365944,0.41362807007589325,0.23839473916005952,0.08388616664481395
2012-08-29,0.6979859074607141,0.015158493082615285,0.5447854807877847,0.3617151886500792,0.01010557348401674
2012-08-30,0.6424617521576573,0.23483676540069287,0.47187728066413787,0.22972258320030053,0.0004623262678428275
2012-08-31,0.7289746770168891,0.019997323852027626,0.4682031708952728,0.6200580541430648,0.0025535060840186975
2012-09-04,0.6895606004669482,0.02434199232464655,0.5138446717568002,0.4943171680857818,0.0170322280723603
2012-09-05,0.7379114627271088,0.0966909033348523,0.570714250612601,0.3061091408231296,0.006191737659344665
2012-09-06,0.6811463422386412,0.00015719029403879286,0.5684862641270837,0.5604373327267151,0.018277752396737578
2012-09-07,0.7249611472544218,-0.08312191698981791,0.548068575312584,0.45810991877334406,0.0927413336123809
2012-09-10,0.6753605959358233,-0.09891151511699905,0.5152831025102241,0.20694665456541805,0.06412809764882946
2012-09-11,0.6889157625745286,-0.20465150001398383,0.47213062535777667,0.204966147292873,0.07870739831157746
2012-09-12,0.7301463675968817,-0.27261914852073343,0.481450101466248,0.3713593467868039,0.016018133606949748
2012-09-13,0.7154555581399689,0.1323507716784266,0.46924333677696756,0.44306649783005114,0.025715083932352525
2012-09-14,0.7544297831714457,-0.3255287745812739,0.5196260938411683,0.4726402146897304,0.04358035550444298
2012-09-17,0.7512082345338477,-0.2616838736835329,0.498124317552953,0.4524952291014786,0.06373037976119099
2012-09-18,0.729747234999147,0.3704754076511945,0.49628166573194143,0.419283273678885,0.036994669191332354
2012-09-19,0.6165541502917904,0.11241715881788475,0.4908652060088498,0.468067556652866,0.00965667588848822
2012-09-20,0.7287900418575373,0.2637863580909609,0.4753858969921993,0.36161876038549984,0.04429105286774281
2012-09-21,0.6828752767275721,-0.19084911519115338,0.5477656828585004,0.4443428248789136,0.041762980252762864
2012-09-24,0.6848113020937215,-0.24678805672224302,0.5812335898408565,0.4961359781656003,0.02533873368283457
2012-09-25,0.6627596349661213,-0.17821311968025463,0.4295126966577867,0.41809919315448457,0.020764759511769926
2012-09-26,0.684945809713084,-0.2841226408453302,0.44146114809630776,0.5309511485395176,0.06975859093773734
2012-09-27,0.7654091380778845,-0.37887855684299204,0.49161738835167124,0.22416190651029044,0.09028298445249805
2012-09-28,0.7494563693168296,0.16024631191949204,0.46572184803793154,0.44291037553843504,0.07072879944182837
2012-10-01,0.7545514104991725,-0.03978922310514092,0.5204095746312306,0.5140763246367429,0.0771121265963243
2012-10-02,0.7436561598532845,-0.04722420020050163,0.4298010466443669,0.45917504113111585,0.014758922772717387
2012-10-03,0.689621727867169,-0.07474700905683872,0.4378557197786976,0.24643922557171896,0.033375885545018615
2012-10-04,0.7183899267501642,0.047473463928783044,0.5211712248752406,0.49914580210132115,0.047298603421853505
2012-10-05,0.7845033199145637,0.40660724769594225,0.5480893735591318,0.24893731916095563,0.09595908557623745
2012-10-08,0.6585235325244987,-0.13438263511530835,0.49520410575205887,0.5185275498900622,0.02181564380953943
2012-10-09,0.713218364937642,0.16268277771418735,0.495236814860418,0.4327249840640679,0.09563827491540686
2012-10-10,0.6943446708873902,-0.1592645003747007,0.49165506868171727,0.37347059489524825,0.009390326728566434
2012-10-11,0.7579401929263174,0.14884287068032273,0.5041754961048891,0.43846091684859934,0.00960453697528283
2012-10-12,0.6501029061052839,-0.07066662378632844,0.48102525689487435,0.5410200119656189,0.027021410420357474
2012-10-15,0.5815612026486883,0.07774090328989319,0.4887554364981068,0.4625786426761582,0.04455144196931507
2012-10-16,0.6151493507922932,0.04204131655555382,0.5162120603426109,0.25111725799098544,0.009530613444036828
2012-10-17,0.6118772876344458,-0.06089874552751548,0.5471802257726432,0.5659950138830668,0.026160553377621843
2012-10-18,0.7373531465071095,-0.09762446140365211,0.5287068886021744,0.18258627349118797,0.08367960668375714
2012-10-19,0.709323955267438,-0.27468279629986997,0.5253476944771723,0.34834282510071807,0.07714127994927739
2012-10-22,0.725269802618752,0.2914793226636945,0.5530748639373297,0.4797987297317486,0.09903717770209257
2012-10-23,0.7518867307805724,0.0933108796119505,0.5050374266831779,0.3122440896037425,0.09783159976014816
2012-10-24,0.7289504829338432,0.20724262302388144,0.4952656061301489,0.46384834029259775,0.02861691284091196
2012-10-25,0.6973271408930016,0.21247533773796334,0.4987268796325682,0.5999039966582682,0.05003614643794695
2012-10-26,0.6509240183048706,0.06117121076176562,0.545854571428,0.41403842254858675,0.011215202318759577
2012-10-31,0.7935699749993854,-0.06458320189927931,0.4890995274061472,0.5279789720327294,0.04427376814644675
2012-11-01,0.7084404579195489,0.01817878925669716,0.5097670555640631,0.5443684478073557,0.030778202181249104
2012-11-02,0.7367243620143562,-0.10044405662040064,0.6198193457105168,0.42766886202751514,0.0015862944552140546
2012-11-05,0.6255736761273817,0.09563771217311899,0.477335776895821,0.3347711523947082,0.02262045125428155
2012-11-06,0.7169219626135745,0.006775377778354338,0.4627514781578541,0.4092524975835144,0.04185447644734245
2012-11-07,0.654065444775257,0.12885627615318196,0.5117572008128012,0.40355635778287935,0.012447757343455336
2012-11-08,0.6803319331993797,0.20722388824366314,0.5120709152180158,0.3998401250638503,0.06612373045078783
2012-11-09,0.746173820340206,0.1605165885781326,0.5392517639920238,0.5845110755884247,0.0448178028994699
2012-11-12,0.6836297891055511,-0.019657550085787436,0.47837003556207175,0.5433903082318486,0.01289289229083379
2012-11-13,0.6615808868670513,0.15043173505823218,0.4949487138101824,0.320973489532242,0.0901901370027755
2012-11-14,0.6532674671834156,-0.19322654433301337,0.5785851646920772,0.3887337265027736,0.04165638873588558
2012-11-15,0.7629247257131253,-0.3757956871942091,0.5044295747729564,0.4367069992520495,0.09419046998626136
2012-11-16,0.6529427608539864,0.15327487742253473,0.5900327790207789,0.41278757145033146,0.09702389439907111
2012-11-19,0.7193145505867019,-0.1919734889861067,0.5684109139986802,0.2344841162195655,0.047874185107695415
2012-11-20,0.8331436392233654,-0.14253169140265387,0.6367003540578937,0.516779015431337,0.08265736325724808
2012-11-21,0.7232505024995847,-0.03987759210648594,0.45709062425328745,0.2643955283604862,0.03176603254795536
2012-11-23,0.6369599028415481,0.2299801026670426,0.5544790694036322,0.376713166364621,0.03007342534345192
2012-11-26,0.7828313258437479,0.3308853064147621,0.5125860996184229,0.5482358369338939,0.0564615920514454
2012-11-27,0.7011813503058943,-0.11550047896951021,0.5263286439153653,0.298559754271782,0.03437546347878508
2012-11-28,0.6646992953259816,0.20707087732551926,0.5153538747324132,0.1878022713881781,0.059087889582710634
2012-11-29,0.7311558362568286,0.05099781423075936,0.5082171382454883,0.3446244364777609,0.07174009424837194
2012-11-30,0.6455200713514164,-0.0006306392245982893,0.6169330635852315,0.261522030188277,0.011460975376640637
2012-12-03,0.6688934492002365,-0.1920981251684064,0.5842664584174051,0.4176499890405826,0.09739678728476825
2012-12-04,0.7245764904537243,-0.08770780956329444,0.5714811162818758,0.3822023314003445,0.04323552250899198
2012-12-05,0.6841239395981253,0.4397966522196084,0.5981463026359277,0.4321171436947077,0.025583891911227365
2012-12-06,0.6468025879982867,0.08139676920530359,0.490358304024361,0.30665314933345883,0.036839594041492806
2012-12-07,0.6809888818563424,-0.19831951629582964,0.5339817250279072,0.29543657115614136,0.006174056500966319
2012-12-10,0.693440784177623,0.040007388254314824,0.4402606294412311,0.4507158993648098,0.06474109077040142
2012-12-11,0.7338437233771351,-0.4380735181243752,0.5352943299310716,0.5564095118735044,0.06654207438416802
2012-12-12,0.7380408903956746,0.29851274727970417,0.5048181906139648,0.30634953343417765,0.010410271788109361
2012-12-13,0.716619868566602,0.5847534621951176,0.46364760142700334,0.3247319008195988,0.007989715315318459
2012-12-14,0.7131818133436735,-0.4733861227634769,0.6055973667798714,0.5303734179622428,0.012727437822942535
2012-12-17,0.7905284431604727,0.028002054491290625,0.44644926160191073,0.28246420921449766,0.048199296307548316
2012-12-18,0.7140767820529782,-0.0814162202655428,0.6248692322710888,0.33307923897407987,0.08128737635460832
2012-12-19,0.7158460656860172,0.02859864682291087,0.5578545600677817,0.3523531559078465,0.03203297568487539
2012-12-20,0.67919958527015,0.0579126286100009,0.531957218556133,0.5519003458666715,0.0033468097237612906
2012-12-21,0.7085919526119681,-0.3266055924731288,0.567737666028112,0.3975961701912845,0.057053242955036346
2012-12-24,0.6270493106700559,0.3373141979150327,0.5466505457215479,0.5120233818235607,0.09539355466877165
2012-12-26,0.7362969709846781,-0.25039938942178247,0.5662231301083384,0.29211102012707374,0.03919711202553531
2012-12-27,0.7398018105438596,-0.08771466629132947,0.5428571857477835,0.4951291145703051,0.09579509893920922
2012-12-28,0.7550083372744165,-0.21500177459957592,0.5979409761546095,0.31358891749077034,0.009416401208063741
2012-12-31,0.6451041946361395,-0.27621702661224434,0.5488494292240158,0.23626856088384862,0.08688832509332234
2013-01-02,0.6096363178203505,-0.19954954313813408,0.5736146876160682,0.41656993047167157,0.05736103776132813
2013-01-03,0.7668569212129086,0.4776771671421258,0.5981603480918364,0.46489585549278073,0.03011382732699476
2013-01-04,0.7618168065819663,-0.04037445863243277,0.4817120734057042,0.36963176813177473,0.04151316414571679
2013-01-07,0.693142981327634,0.13843564181306617,0.581498508854663,0.5611137588954337,0.09989688511095685
2013-01-08,0.7518010604934661,0.3139147404795025,0.6626268245955753,0.4737900541892188,0.05317440019028587
2013-01-09,0.7002567775223403,-0.19927856729246599,0.5497006465784465,0.3534066664985217,0.05714353228345114
2013-01-10,0.7367730472744025,0.2018794744791889,0.5846553757957855,0.49455559231217344,0.012758267849434369
2013-01-11,0.6400538079547149,-0.17594508576661005,0.5355690647107237,0.5335540292353806,0.0923573272501618
2013-01-14,0.6898284323189638,0.07902867675974484,0.6309642957372028,0.31583862070326985,0.0452289754438418
2013-01-15,0.727260398877348,-0.047291249407745234,0.5412543329042568,0.43361855173179487,0.0701911580717939
2013-01-16,0.7799479408090789,-0.18574964818244935,0.6294684503095699,0.5491587468577496,0.08649514700237954
2013-01-17,0.723088903212308,-0.11763291095810278,0.6160591503334799,0.25337756168925296,0.07988136883020981
2013-01-18,0.6812646362930299,0.21612741182748485,0.5260882726493342,0.5247254307198761,0.03665206357685842
2013-01-22,0.7019451137173203,0.13607020932876637,0.5591524064384833,0.4161200449210929,0.07208335785863691
2013-01-23,0.7496765863400575,0.15122008167854964,0.6784194700531181,0.5237338896637789,0.06979070797861973
2013-01-24,0.7323848414512185,0.052391374988928555,0.5707018112176411,0.3794519090378937,0.09622770911873242
2013-01-25,0.7334815033180534,-0.09038393446930032,0.541857784256871,0.40716998647387764,0.056096066177773685
2013-01-28,0.7655640502710797,0.02061780777665548,0.6180142694072689,0.34832968902956496,0.06338124238789726
2013-01-29,0.7145624759537612,0.25235431165309585,0.5466161493401036,0.33699434462917927,0.00588587686109442
2013-01-30,0.6892842657470535,-0.08772304079455005,0.6391810574267511,0.24106347850748774,0.06776102320698206
2013-01-31,0.7148204768107168,0.10790756426053026,0.519972071429049,0.5133289640825508,0.052763518638047346
2013-02-01,0.7223077271735138,0.0216545227605019,0.5485626903818751,0.4035761000958509,0.06657585235017544
2013-02-04,0.7140513567235055,0.3200512710250636,0.6011689132837951,0.19494960049941398,0.03633007509748424
2013-02-05,0.671508413655123,0.28976160160631126,0.528045951455608,0.4923476100096903,0.08933206818846537
2013-02-06,0.7531711129249239,0.27113767743443434,0.5754697610798305,0.3724879431690924,0.020149934077678202
2013-02-07,0.7889341559571249,0.020020068300079276,0.5672118360122739,0.3942464320902064,0.03158788699659459
2013-02-08,0.6762188043053399,-0.3133609471438973,0.6377751910237832,0.3698735159116553,0.029835058282511907
2013-02-11,0.7586896051271248,-0.16680010672641943,0.5827802524219207,0.43088599318645016,0.025736042419193007
2013-02-12,0.7013516171864733,0.17517217506321672,0.5735055041982302,0.3545972593827713,0.0495036403260447
2013-02-13,0.7783645744935879,0.06975162846704275,0.6500674821316421,0.5679611920517601,0.03496372862046603
2013-02-14,0.807750121030138,-0.08653740038358401,0.6169747215009868,0.53212423423577,0.07833895240323019
2013-02-15,0.7849186287844925,0.04427046443981766,0.7169815960930032,0.45048013180671953,0.07739450737525454
2013-02-19,0.7000278030635252,-0.29147009109030436,0.448513807966863,0.4289609960400983,0.06657976938199058
2013-02-20,0.7366724354244858,0.11558711996899929,0.5432830731124001,0.37815759499258295,0.09050892433827895
2013-02-21,0.6375446763961625,-0.110613504184015,0.6203578601038797,0.41976208963553646,0.0820050297032116
2013-02-22,0.7643573469260483,-0.234371200608691,0.5357318161245432,0.412177168828056,0.07925213193361752
2013-02-25,0.7309858966691061,-0.21230897392259382,0.5554976352769085,0.23534730027998407,0.08541495401121091
2013-02-26,0.6963062843316222,-0.28902905410337476,0.574187070612175,0.4134113808163761,0.0344759656111776
2013-02-27,0.7376079933236869,-0.5023335711692838,0.5621169565602515,0.45491979703547153,0.03750537533046322
2013-02-28,0.7507956890891846,-0.09176374220989611,0.6170598168194021,0.3983338609111945,0.03834220283455323
2013-03-01,0.7264268605316431,0.012872622114879937,0.5850322266416986,0.41619513295539184,0.010551460108119493
2013-03-04,0.7375498740102446,-0.016002220701678792,0.5656208932756206,0.22000852819868366,0.07679528614797716
2013-03-05,0.798794299103694,-0.10387412731371402,0.6118986069501866,0.28465292460759073,0.04886516826319159
2013-03-06,0.7896471780023411,-0.252543620288326,0.7131436212529065,0.3756981808670056,0.04868538601789312
2013-03-07,0.7071848707480852,-0.22947820982672196,0.6036493912357487,0.2928624876467473,0.06415199565960021
2013-03-08,0.7737044278786732,-0.5073212915081032,0.577426930892511,0.43711781877605593,0.04813993226912429
2013-03-11,0.7505447333845396,0.28171959746987535,0.5713036904453627,0.48783940863691017,0.04995964294600433
2013-03-12,0.6477632517840932,-0.10376863531391137,0.6205339948656334,0.4508936176534092,0.013142809975139736
2013-03-13,0.6700127415227995,-0.03542602001859099,0.5792400377183038,0.3467902321872499,0.005336559558158949
2013-03-14,0.8313006617407699,0.41461231320116526,0.5418586364922622,0.5525970755446781,0.024432656762981522
2013-03-15,0.6601323857855306,0.20650597236646365,0.5273669054611339,0.6123678750891224,0.04226363284342749
2013-03-18,0.7273327105177071,-0.3849486838402717,0.5543758873491209,0.4053619461772911,0.028871893205788614
2013-03-19,0.746859303854872,-0.009699209995520331,0.6361369271405128,0.43424318514506954,0.025455984242482424
2013-03-20,0.7226831231720579,0.1710040140133591,0.5542999916973228,0.22599251063135026,0.08931285832968933
2013-03-21,0.7800956207743251,-0.18713199621379295,0.569866800719265,0.403621933349534,0.010446496350225777
2013-03-22,0.7700111779681874,-0.24649748471537203,0.5837242497335231,0.5036999826989111,0.07498902749422014
2013-03-25,0.7534750800087205,0.12370903410829137,0.5539850969050207,0.6633124405436777,0.08181844154060669
2013-03-26,0.7664588439666893,0.038731086327126955,0.5778139602404093,0.4011911673201311,0.0794877914301718
2013-03-27,0.7629043750391242,-0.10035921890529885,0.5421878842838593,0.3870710799514928,0.010966601558884105
2013-03-28,0.7162986095930878,0.3239522009962835,0.6383152036465677,0.45660005269470644,0.0327901437424646
2013-04-01,0.6722765255761881,0.2207144571324663,0.64760850286257,0.44295596941377796,0.0717362738908932
2013-04-02,0.7309289160321046,0.23054810296613137,0.6303750035817685,0.4551960690321698,0.03168983557807753
2013-04-03,0.7219085911578613,0.05933618379016038,0.5029583810107957,0.37525953652030064,0.012919210726505693
2013-04-04,0.7785887598773568,-0.24244179337580285,0.5926715820625782,0.47135938069133027,0.010614709306591487
2013-04-05,0.7556045478079364,0.04084918892650553,0.5940943062726871,0.3791316778733001,0.08705923104360007
2013-04-08,0.7394011741595888,-0.15763330106598683,0.5647702863104319,0.4311087564283975,0.06655961545220188
2013-04-09,0.7335113185373814,0.19242207299341427,0.6609193964083513,0.34231546300313975,0.07487596167410603
2013-04-10,0.8316287679360457,0.3182173766715668,0.5772408479189927,0.2728447969486517,0.025260324982238347
2013-04-11,0.7319624167830507,-0.044094592321603954,0.6298156587359853,0.5106073484852371,0.06510522516426356
2013-04-12,0.7438685038449941,0.03917443509408305,0.5734998030881648,0.25575406251292954,0.09437332344723603
2013-04-15,0.6574500096197908,-0.1198388582743819,0.658269919553604,0.5712749253119281,0.028000898031931867
2013-04-16,0.7562352271779903,-0.16654375149891532,0.6458860949170713,0.41272115558961886,0.030577878168619767
2013-04-17,0.7185204823450908,-0.0464056301544328,0.6534751501435698,0.34495961998273994,0.009354174508358126
2013-04-18,0.7417914299145255,-0.018403793042309043,0.5598216236653066,0.5310650236327601,0.0003866458154241026
2013-04-19,0.7426578401753662,0.16649977355987233,0.6125713413562917,0.3144498914006853,0.023794156978019843
2013-04-22,0.7936682864008043,-0.002023889969994618,0.5740665973160524,0.5439959116071826,0.031369783548261275
2013-04-23,0.6890634730834997,-0.01224225645302809,0.5581271847231166,0.39734169793230145,0.0904539589777662
2013-04-24,0.7377485689276634,-0.07046166256820194,0.5638276346497277,0.3543030282938877,0.07486658730620556
2013-04-25,0.7192467741026894,0.10886427192782676,0.6008337706455666,0.5708508847496131,0.053445386267406705
2013-04-26,0.752707387672921,0.19061594162471251,0.5773767551678588,0.6766839976777395,0.028947325639546828
2013-04-29,0.7597263909694725,0.21617181343339556,0.5455324064097629,0.45984136761540223,0.0010236274746760255
2013-04-30,0.7931604199980865,-0.007194488149796882,0.6221913122206437,0.5675268626533905,0.08736238851891216
2013-05-01,0.703025613997312,0.2670768511569172,0.5483956163751457,0.4157006536019982,0.07978869985979853
2013-05-02,0.6958143147265314,0.06091648773968919,0.5516076094877506,0.15518854862784692,0.0801495999996591
2013-05-03,0.7523386695442928,-0.1850191878918492,0.6274886378963896,0.46055040919151813,0.09016433767960748
2013-05-06,0.7847877341881663,0.08528837434402484,0.6033277348005309,0.34245054745677583,0.09018757668382066
2013-05-07,0.7376721191283949,0.17668640954364642,0.5768699403051356,0.37606841482648307,0.03868574611038407
2013-05-08,0.6469701080818528,0.4002887443803153,0.5651080995129693,0.3700752965273344,0.013037872779953275
2013-05-09,0.77767000200433,-0.4151138536996049,0.6507287050594518,0.48859614426670406,0.008533352384128423
2013-05-10,0.7173575225425762,-0.3752912065514195,0.6068326459568522,0.4237862860097735,0.06679374197360798
2013-05-13,0.7167834950440635,-0.2940930732136584,0.5620146144515255,0.46590211156075906,0.041183825294091606
2013-05-14,0.6920317899579786,-0.25934762209570145,0.6733262372240348,0.2557669136587972,0.08772935512069813
2013-05-15,0.7841334741003594,0.036979623095346935,0.6996499624168844,0.4948880961394057,0.05735569410310847
2013-05-16,0.7614058886970319,-0.07182541641705453,0.5817672383507946,0.3626080708071803,0.05548568697311173
2013-05-17,0.6424108526990338,-0.040531091797673946,0.553497607893916,0.4346475004168734,0.09061402257835957
2013-05-20,0.7298963798508673,0.1781286279811764,0.578409853054142,0.31923604375872655,0.00926126585646928
2013-05-21,0.6364627404653626,0.075783755644161,0.6479331512497432,0.42142316877668606,0.007001403059941825
2013-05-22,0.6925048911807563,0.25363243382354866,0.7466110644350848,0.30834286221424845,0.011763820167251748
2013-05-23,0.625967756525917,-0.12750897548969628,0.5002715670160738,0.5372314551001312,0.023396258624162572
2013-05-24,0.7137594818662885,-0.20969996421227824,0.5027648009341651,0.3791600785892961,0.04564406380724254
2013-05-28,0.7629697519630062,0.11042799751946349,0.6059451665112856,0.5158702981722572,0.023733357651380595
2013-05-29,0.8415034910943313,0.2542994163238074,0.6636382734848362,0.36010117676537534,0.005666583060423103
2013-05-30,0.7615081027498329,-0.07735083503617479,0.5931097199547749,0.36530701858095005,0.0791309458837624
2013-05-31,0.7753546752363849,0.10262417592858156,0.5101140455445413,0.5591478560225625,0.047724500376580284
2013-06-03,0.743551271052287,-0.4294353334584387,0.6385729013393661,0.4457401395525044,0.07443470315662923
2013-06-04,0.7129537071460447,0.04431146314500957,0.5177749765502427,0.40984439066168826,0.0592024630275069
2013-06-05,0.7366090281974951,-0.3309420831773857,0.6082531536704564,0.38793931619050215,0.019757697905098206
2013-06-06,0.6452006946079455,0.06879583534197747,0.626843798800746,0.4383241686739002,0.048039841846741586
2013-06-07,0.6198601863377787,-0.07936220400776468,0.5606291029438769,0.2734444103866134,0.012658300337487528
2013-06-10,0.7479472027351938,-0.22301377394496835,0.4976306829460053,0.4012544113882827,0.02987760614321713
2013-06-11,0.7115115055975838,-0.1869570547857837,0.577978506800113,0.628740907471977,0.0708453370153619
2013-06-12,0.6897010157925494,-0.17683543583688033,0.5506718355010671,0.5205305886599769,0.07721283162397435
2013-06-13,0.7446967690758549,0.10158924802381067,0.4913982016302801,0.36203065416973806,0.09381328978411713
2013-06-14,0.7421573936743202,-0.3680756256715032,0.6514421594361615,0.41256869477155395,0.00928460238258343
2013-06-17,0.697166487345832,0.17014625842251635,0.6225546291090192,0.3980140975474658,0.04489611962204453
2013-06-18,0.6758075329508593,0.10240399838644931,0.5483038968799299,0.22167042204293108,0.032658100630402254
2013-06-19,0.6974004508227495,-0.1265362999238194,0.5594320966224271,0.36146526038510357,0.03443784828214257
2013-06-20,0.7233157469432467,0.2546790678981744,0.5894881793281044,0.5085279631496835,0.08541167204549355
2013-06-21,0.7451028235395867,0.06877361661113146,0.589215517929238,0.4468047522211572,0.06186089303881051
2013-06-24,0.7589284395403558,0.04383481630845576,0.5815771272592734,0.6423478049239917,0.08849004101594894
2013-06-25,0.6874282643804615,0.04371112402911631,0.5702459789372079,0.24644691619894432,0.0318689863111376
2013-06-26,0.7611735130091832,0.13239497914624862,0.6238277568169145,0.3703658778526621,0.09755924853807295
2013-06-27,0.7927472129950004,0.029535051077207608,0.6389000941020336,0.4788533671010662,0.05092721479702526
2013-06-28,0.8112947207673473,0.0833098649495552,0.5300678791797511,0.35973222870595556,0.07390494014424481
2013-07-01,0.6903974181179968,0.23484611083826665,0.5586814587830278,0.49184934046329937,0.004664019695002008
2013-07-02,0.7238364917789724,-0.06640811390541794,0.45218777055096776,0.28385995978555145,0.09462744523799868
2013-07-03,0.7284210393146893,-0.09632377345670161,0.5704904703868751,0.3943427298968681,0.01101380546185754
2013-07-05,0.7378588962000614,-0.3072746678612444,0.5655098843740592,0.36850678920285995,0.005270899376202176
2013-07-08,0.7784847575492256,-0.14448139082044473,0.5522010013422889,0.3521688864636811,0.050161214236671886
2013-07-09,0.8141089102958954,-0.22664540744538036,0.577589719054563,0.28102619972841547,0.0035791569409303393
2013-07-10,0.6901763532385243,0.46592306271611594,0.5090105355531107,0.4543367307391317,0.0630691944124216
2013-07-11,0.7004954256768273,0.43076596437678605,0.5179062715408488,0.24081298165511533,0.05922914514562332
2013-07-12,0.7079444336131022,0.05210198073929723,0.5404782890422118,0.47710712648010956,0.0750677485293707
2013-07-15,0.7125284652555558,-0.21521692679982998,0.549480958806913,0.46916281047650815,0.03886296266889316
2013-07-16,0.7205690065976496,-0.0744792396558217,0.5977349994507354,0.2469833408149551,0.028322380240881618
2013-07-17,0.7272590701231039,-0.12184505898791553,0.3879462599587318,0.40660203414508705,0.03269614476235805
2013-07-18,0.6259624005585548,-0.3172309953921779,0.5200461191924424,0.4075901930058983,0.01018099638856338
2013-07-19,0.7715614477763775,-0.26330130124905476,0.45860761086240553,0.32382765455881174,0.017055987126935467
2013-07-22,0.7396888734755986,0.1573954114775262,0.44629037865529964,0.489251762050726,0.0014024551092070238
2013-07-23,0.7315876735341983,-0.018187745254538198,0.49812796508148316,0.4251888001493865,0.09822361191538499
2013-07-24,0.749390158015201,-0.21488489454702953,0.4278092647264064,0.45579011499816346,0.0766879340361483
2013-07-25,0.798545743639294,0.1694778251050446,0.6046547145316107,0.4144059052967055,0.05898758333361185
2013-07-26,0.6750933719023489,-0.42640351503483953,0.4944295904239227,0.4385417683764564,0.014266409729602792
2013-07-29,0.7347236849715473,-0.09289890667826313,0.6132094745124781,0.4102546649171313,0.01245026459601969
2013-07-30,0.7355998622923712,0.2903920004514022,0.49675438953201995,0.2549868738523895,0.036584762483172766
2013-07-31,0.7647261226126565,0.20930052236509789,0.5268849115194243,0.2341377784778607,0.06837025428423345
2013-08-01,0.6498966144151597,-0.04827658282425956,0.43096326652493266,0.4495578431671758,0.09183127333199605
2013-08-02,0.6884724084719576,-0.06096904282954958,0.6124596316769915,0.34752318916403446,0.0637249536243827
2013-08-05,0.7137412283044062,-0.1177914034238261,0.4592889622993873,0.34744185034613645,0.03917714193089192
2013-08-06,0.8075622031398371,0.18970201360858618,0.5327354920237418,0.2852058417908728,0.0866051039336113
2013-08-07,0.6976529518179225,-0.00945553546330958,0.5537068443471371,0.5205822162700613,0.04066215004124929
2013-08-08,0.735421310416784,0.19562732912372746,0.5356958970034157,0.657230489408149,0.03889330670889261
2013-08-09,0.776829131904575,-0.11747975128885374,0.5306700596321745,0.43386769304008366,0.026661052553095966
2013-08-12,0.7566712373223818,-0.10513828466197295,0.548271162778548,0.47149605413953743,0.0728639609331207
2013-08-13,0.7176912070572087,0.2408990544309924,0.5038515274551326,0.40188344805272447,0.09299124068861098
2013-08-14,0.6652329333048148,-0.006962769062655526,0.42183338656107,0.5234392900676267,0.04112641508237126
2013-08-15,0.8028997268007623,-0.061075168070284694,0.5513808692278883,0.38549028100492133,0.03872008142874092
2013-08-16,0.6976303704135985,0.012311152664910383,0.5757839345694067,0.49531575975873876,0.0787089633688984
2013-08-19,0.6822806570756283,0.29192680852713226,0.5725896379007933,0.2188808075611882,0.05588819778570078
2013-08-20,0.6153500738345795,0.04732438632994837,0.489940622990341,0.24728978937007823,0.01876961076713546
2013-08-21,0.6600988253011517,0.02281215173998625,0.5932285282340208,0.31391720431495257,0.0655925913855938
2013-08-22,0.7748975663902111,0.1499869724284508,0.5487114731929879,0.5218330795433307,0.03804844527327628
2013-08-23,0.677289302839758,0.2669622575939307,0.4969950656660612,0.4930296569122471,0.061091849992689566
2013-08-26,0.7758300680976286,-0.3743604805072649,0.5156067134286084,0.2523144471515488,0.009033683055748476
2013-08-27,0.7243556388985761,-0.01384776805350419,0.4439511201493324,0.23964590673878666,0.01361916703975933
2013-08-28,0.6212811852590969,0.5215083684075247,0.5262679607921978,0.4062295109478838,0.06444356444234561
2013-08-29,0.7467780136483665,-0.19202244177602434,0.5174071413568724,0.2977534914503239,0.023561962166089846
2013-08-30,0.7325797281458633,0.21248512696979321,0.41013259258855556,0.5216909426799983,0.08220103181327337
2013-09-03,0.7245996355034042,0.016616155272550302,0.48083183416794495,0.290580606403266,0.09626854343560684
2013-09-04,0.6745740547277776,-0.27332576561251115,0.5241472516398832,0.3103651295327808,0.08019794382914812
2013-09-05,0.6552852569497833,0.05449506340856697,0.5721980073191305,0.45042874529593846,0.07016409691738823
2013-09-06,0.6598488491816298,0.3711673446427235,0.5516920658998851,0.43914967913996256,0.06295501830274085
2013-09-09,0.7321308060980225,-0.27201040404850757,0.41792694810419756,0.556113475456423,0.06089106062923011
2013-09-10,0.7029439841487665,0.0033553918746813366,0.4306772963893982,0.45656892111381864,0.00035136000603426255
2013-09-11,0.6433601928331362,0.06885277181440097,0.5926087259939736,0.47896433928901716,0.09364982488056918
2013-09-12,0.7322808832055927,0.18989286619946077,0.544196001701397,0.6687658545188928,0.04274931281372775
2013-09-13,0.7340670985206275,0.06674568558568332,0.525801751564892,0.5436632867894633,0.09106247509036391
2013-09-16,0.6668702267590305,0.16193736417683946,0.41240655830667733,0.35331673464527213,0.05166038679581635
2013-09-17,0.759923202185099,-0.3081647867764255,0.6682641567434915,0.2622095036477427,0.08655154579932633
2013-09-18,0.6784569157519005,-0.035018513649393006,0.48580792847978715,0.33640047995876887,0.05152726744117417
2013-09-19,0.7639386618287379,-0.05403669030643485,0.5761739821655735,0.34630046926608565,0.02844429643628371
2013-09-20,0.7181860964802693,0.016098049725688467,0.496775282258364,0.36837976944778944,0.07054560288483679
2013-09-23,0.7647724523630113,0.14970389847247598,0.5593090421844846,0.2517824548971015,0.06874084579055284
2013-09-24,0.7500929767973936,0.07997806673176863,0.4837778113384526,0.2817262840152142,0.008387301131460401
2013-09-25,0.6505044780831385,-0.04953907151873419,0.5004430781651754,0.49606282792179657,0.09289388870219098
2013-09-26,0.8307288033484391,-0.2860801631383423,0.48669580362139103,0.22919394375324953,0.006445266430968411
2013-09-27,0.7658734687160448,0.0069879374065148605,0.47012111518685,0.22591950646024103,0.09071054036245152
2013-09-30,0.6994774938654429,-0.052272763625177646,0.5641922525820786,0.4947864635813804,0.06544852426177443
2013-10-01,0.6990736181763492,0.14586714066493475,0.4289140956853434,0.27611362679267143,0.09894692362107227
2013-10-02,0.723368562554084,0.07432098651740338,0.5444981358683789,0.5931148838695274,0.05700791475955981
2013-10-03,0.6488168447403913,-0.11229847240663421,0.5199066565236796,0.48651772106679464,0.042831910300820376
2013-10-04,0.7538066777442104,0.28709423623688834,0.4700229461282653,0.5130780296046749,0.022784341416629696
2013-10-07,0.756539027799317,-0.051645090097338614,0.4490508599581224,0.37648478962399806,0.02547167021311865
2013-10-08,0.6998433303933814,0.08174402399694614,0.4701355470905624,0.37267338049412624,0.013239514991363433
2013-10-09,0.750059950996764,0.0013006449119158,0.5278291684448045,0.34483028782290703,0.010966760974158453
2013-10-10,0.6944126669244455,0.11987862329650026,0.5340888405758489,0.46426892377222906,0.07520524689491458
2013-10-11,0.7079608306001456,0.08090042161541994,0.4998968589617972,0.5026663770307265,0.043556243211543416
2013-10-14,0.6739532813318353,0.21304723451659588,0.5474296422798217,0.3796704730256468,0.04910773885865552
2013-10-15,0.7638065824948193,-0.2048673443563411,0.44771390407847195,0.21638248260674348,0.03858343384958103
2013-10-16,0.7560169107235072,-0.20305180178371246,0.6062158707922481,0.47293202323447026,0.017216463339784084
2013-10-17,0.8431435357497039,-0.15229971627104785,0.5123872740359535,0.5122013688254115,0.007679468629796771
2013-10-18,0.6378219073457569,-0.2288625100839768,0.4933854488971159,0.4245115347870712,0.0928250147344921
2013-10-21,0.6639959521926146,-0.0687579752350103,0.5799435443306915,0.3476003248647776,0.010244618777986748
2013-10-22,0.7412444197316679,-0.101537845582159,0.5288317716833465,0.31893455748865307,0.06224958265524595
2013-10-23,0.7592862288218545,0.05603252031930065,0.5379350281570892,0.512892024266607,0.017045517582463733
2013-10-24,0.7231992591898339,-0.3076390514751363,0.4570275725644178,0.29519104200546,0.01931067620656295
2013-10-25,0.7834999143060742,-0.10487904176554662,0.6072454074491191,0.4625464350166935,0.08697461667937012
2013-10-28,0.6683856089569145,-0.3184485767908526,0.5741766924006502,0.6199226901824637,0.034750728795149476
2013-10-29,0.7920153745861072,-0.02010412303734728,0.447101790577253,0.23189765881600882,0.005309908516269191
2013-10-30,0.6201467003194517,-0.14993677789040544,0.478759999535965,0.3158448111517964,0.007612220137933457
2013-10-31,0.7506258163785315,0.2646056481219046,0.5391320586185513,0.3627379740407307,0.05254250324870652
2013-11-01,0.6901232241294192,0.3769794319716776,0.5052616010216847,0.5020655205699202,0.03137626986894112
2013-11-04,0.700676774839267,-0.07982501274981224,0.4815865892887741,0.530315575109573,0.07467772204898175
2013-11-05,0.7740495824398712,0.3109193094430833,0.5040783918774565,0.2992545420175189,0.07717638037037143
2013-11-06,0.7245270211421013,0.17509267429717582,0.5236365242225965,0.38375527628973505,0.02638800758842116
2013-11-07,0.7520677067245902,0.03007087158248788,0.5744278643928578,0.49414921415304913,0.04262948451898424
2013-11-08,0.6839665513551487,-0.09840522257152828,0.5183397928526777,0.39512132090796453,0.014348871356048211
2013-11-11,0.6998127910950224,-0.0038186838087727716,0.5733412336088649,0.48942158079252207,0.038014116621363114
2013-11-12,0.6711926029145214,0.1590601169282549,0.4882871876616488,0.5046832461311539,0.07853125890931491
2013-11-13,0.7278000062939604,0.21135171397282512,0.5931756628145044,0.47172611570123707,0.0767552707666464
2013-11-14,0.7032908470428444,-0.062213251156317574,0.5170952237016699,0.37322525178325433,0.05900834609654985
2013-11-15,0.6961805951507803,0.36416388470621086,0.4995033955023941,0.2315153216996697,0.08805772798858494
2013-11-18,0.8225292520763959,0.3097635901670908,0.5356907066991635,0.19639028532511804,0.003717563939636681
2013-11-19,0.6859539817706181,-0.10874151920979339,0.5515545427580806,0.4347984257724176,0.09131823908502389
2013-11-20,0.7269516641975132,0.11335686601831037,0.6034415274036211,0.237271539756027,0.0918921712942894
2013-11-21,0.7952691331234731,-0.03721911500980696,0.5578462578838065,0.4264759678504179,0.002058538824264589
2013-11-22,0.6727507962712805,0.16282536934082512,0.5317913386327744,0.5211840460353308,0.07884206701356329
2013-11-25,0.6825439609724758,-0.037321774604040896,0.4924627604226327,0.3249784279264346,0.08244776013959504
2013-11-26,0.8176534539404798,0.28552295795365257,0.47809284472711755,0.2221262541250269,0.002464708968877261
2013-11-27,0.715122880012368,-0.18544427744547168,0.5119688533454481,0.31100755215296,0.06220512759764138
2013-11-29,0.7824806631648012,0.3087556021872071,0.5291380787860835,0.38666005834126843,0.09098008155634121
2013-12-02,0.7242895716849201,-0.3696041892339461,0.5007160281723794,0.2712305614354885,0.026831484689210785
2013-12-03,0.7718878515667824,0.12323517768716521,0.5381272722778321,0.4950171811951028,0.03817395187110613
2013-12-04,0.7929005959863354,-0.10108306433037964,0.5515000010258724,0.6030531935558182,0.055352181865103746
2013-12-05,0.7631796421073943,-0.26175260907801035,0.6261426613719641,0.16416115085446875,0.04115216411418916
2013-12-06,0.7772313201534118,-0.21934496564872902,0.4882239969253184,0.2834450196372993,0.054370088488543834
2013-12-09,0.7001978120969371,-0.2878719095639384,0.5319622037834923,0.4466044715206129,0.03163962863782973
2013-12-10,0.7393445327718272,-0.0362776552072034,0.5793139178476409,0.3154709332164007,0.015324845264414178
2013-12-11,0.654663487491371,0.18594786896630922,0.555442279461487,0.35039746567634256,0.010538257540748143
2013-12-12,0.7738788873350232,-0.0961484829295041,0.6071191149518486,0.49723518830348057,0.008424644951445537
2013-12-13,0.7822807861073638,-0.0024470218747790293,0.44560793876039473,0.3481052823996184,0.005055371642703044
2013-12-16,0.7518985244427018,-0.0026140074401732327,0.5148931119086312,0.3885303197567546,0.010095169634690827
2013-12-17,0.6785398631177423,-0.3508889326504716,0.5071235682780204,0.662216746874946,0.06722272781420706
2013-12-18,0.7558650551360313,0.12653922096545464,0.5348975968261787,0.3974234448811614,0.035217334980570725
2013-12-19,0.7049477356220897,0.05066381775427318,0.5903234754355682,0.39095237251080694,0.08858523931646468
2013-12-20,0.8008237337784812,-0.10011874727358439,0.6334776837678242,0.3528512088079975,0.0239847802640895
2013-12-23,0.7023673707595747,-0.08311475419543424,0.488872692221082,0.3750703451522357,0.0034247033939111774
2013-12-24,0.7218188773276003,0.1521553825445637,0.5770131763040964,0.45559693768000936,0.08440404129140189
2013-12-26,0.7859308873209953,0.02237290094625449,0.6578237256234314,0.38461916082771286,0.09561245536786045
2013-12-27,0.7583867090023219,-0.11390057030244222,0.4775414757149117,0.1993158421940429,0.036501535780105135
2013-12-30,0.7222548278739186,-0.1858474678945305,0.5133779961699382,0.361742033226621,0.0910192847646798
2013-12-31,0.7242586848336108,0.3716624008436981,0.6355869488319146,0.47110181204067725,0.04540425236731882
2014-01-02,0.7654758008371934,-0.12435679421291379,0.5599258031194954,0.47498942776441877,0.05916774898733195
2014-01-03,0.7495660009099747,0.23936015106221342,0.5734802333649843,0.4483775102291327,0.02257316664737883
2014-01-06,0.7172021248039834,-0.04751904378485336,0.5281836732973544,0.4264572192176635,0.09237078458484574
2014-01-07,0.8236416585643725,0.3264559454711744,0.5464913940395345,0.5758068960217847,0.0066723857386092105
2014-01-08,0.6863871491008952,-0.09751628696754905,0.6226234365469405,0.4375626920100905,0.07902594997109158
2014-01-09,0.7723370962610328,-0.1946857782494752,0.5711810381057559,0.3358228297327356,0.09694350373353466
2014-01-10,0.8270081881446698,-0.050611830649910254,0.5514983153678807,0.32866172161990453,0.07950124113571173
2014-01-13,0.6558475901765556,-0.12936072311981503,0.49967578079907665,0.2770436027238939,0.06843648044093688
2014-01-14,0.8139376549937781,0.43145951114718684,0.5601039579298885,0.4752572329603231,0.06292475268294188
2014-01-15,0.8234828420621706,0.30809838475645596,0.543791782750815,0.42426672160669504,0.001697638126600276
2014-01-16,0.7098028922779985,0.11122625347757627,0.5336821158213891,0.42744348621468853,0.02587685977977987
2014-01-17,0.8179153851129991,0.02945834399361639,0.5127694233790556,0.2511882342431917,0.04309484950097266
2014-01-21,0.723792089352818,-0.2164716409151183,0.590621827553039,0.2609730054689144,0.0908850630954898
2014-01-22,0.7646092165784478,0.18465162869563154,0.5333935744970325,0.22899675094025124,0.08918581526672516
2014-01-23,0.732080214471041,-0.24437810976332064,0.5691407049685338,0.37620630474198863,0.023809862544359274
2014-01-24,0.6734623693489232,-0.07617355576554735,0.5541381093532475,0.5586202177987247,0.022507831137417403
2014-01-27,0.6725162490546525,-0.3745248844020157,0.5553517939288153,0.497512526166756,0.03800779743957464
2014-01-28,0.8186056766192441,-0.028771644783019773,0.5815568197913766,0.4816063600318268,0.0743125840892047
2014-01-29,0.6928628769308147,0.014860297240951077,0.5452904865954692,0.5218176792374387,0.06740088539187768
2014-01-30,0.6947527910739592,-0.15210051505387218,0.5436208408008869,0.5411242785204535,0.04729350780493611
2014-01-31,0.7136524089299148,0.02308417177545836,0.6751327717622367,0.5322481698516595,0.0857827220873999
2014-02-03,0.7104716379466374,0.32680117454055857,0.6192009154573065,0.2827847350685971,0.017811013181496107
2014-02-04,0.7106019385688443,0.22454792465138074,0.5782700494335394,0.3659612337145412,0.015773046190038487
2014-02-05,0.7340725841410514,-0.05666904584237932,0.5404721073839186,0.4291871127935529,0.05334592561398554
2014-02-06,0.7411129025182818,-0.07397394048540351,0.6156958501930139,0.34756359976426215,0.0846238598855315
2014-02-07,0.7159051968733089,-0.05274609765048008,0.5376301835019537,0.609511737999349,0.018773387831614998
2014-02-10,0.7139023702012512,-0.118296466851877,0.7053912240691855,0.29739811710430475,0.09170555066718934
2014-02-11,0.6598124071242503,-0.06860993525183533,0.6610714923897547,0.44471156873501627,0.0014632201699032567
2014-02-12,0.7238357987450653,0.17407703714819334,0.5844253193854463,0.5259444604578868,0.004535757168357124
2014-02-13,0.8446115451072069,0.09197327756127366,0.516054823663254,0.5066200781309088,0.05788419957857497
2014-02-14,0.7256958570228398,0.11873196689295201,0.5961694838486123,0.40954586993356784,0.0903328250925999
2014-02-18,0.6653452295565886,0.2697580141889204,0.633325113498964,0.6167527132583661,0.07133315894247136
2014-02-19,0.6838872188338488,-0.19799372741544385,0.6011064748741823,0.4220838445220056,0.049754103082484846
2014-02-20,0.8010702818934369,0.04295077763477565,0.5785486829256903,0.5248779289317869,0.04478559206045218
2014-02-21,0.8069462389376572,-0.21312200170939857,0.5598908125065776,0.3020873896210471,0.07192106679121152
2014-02-24,0.7921788922389902,-0.06983161877045245,0.5967191182549916,0.46609267717939407,0.043053096458410135
2014-02-25,0.819924958587833,0.05070575371226006,0.5458431997452344,0.4234833956309808,0.09832647233505538
2014-02-26,0.7980592681043273,-0.41911339025522026,0.5950136647559658,0.5753010674025887,0.05616036009792701
2014-02-27,0.7428610316147904,-0.04626457233765683,0.6327147199654223,0.3258608460035761,0.02586352805163913
2014-02-28,0.7406070551561134,-0.019594871508385917,0.5618277173403751,0.26525398471860917,0.04894052747342179
2014-03-03,0.6921335785307017,-0.20774693865758487,0.7049790179997593,0.29057777120811645,0.07078394392182279
2014-03-04,0.7939776218257649,-0.22445446138666247,0.6007432254358352,0.42213336331910845,0.08115259254092913
2014-03-05,0.7394045427554482,-0.11906656004671257,0.691330364580006,0.5816897593985134,0.0033655065230914108
2014-03-06,0.7469403078214817,-0.000669337370914613,0.6391014096490728,0.2953286677038454,0.07635888791486067
2014-03-07,0.7731560387445507,-0.08516808926520325,0.5035071506919937,0.36084445179003566,0.07316848262154192
2014-03-10,0.6915561098176072,0.04095665508959062,0.6029161105183974,0.428674749762709,0.027028408092168544
2014-03-11,0.6608517197388972,0.004112229549815537,0.5891878567582323,0.25989161895399304,0.017159841728034187
2014-03-12,0.8333289454021684,0.04791408262591097,0.6447523041229148,0.37620569702317946,0.04842367678290534
2014-03-13,0.7732275712022728,-0.05470869955257105,0.558139777447916,0.3277549642153931,0.016340607526062468
2014-03-14,0.6899974211668783,0.02030941061760061,0.48420480074241073,0.5469884554055597,0.08311405471194827
2014-03-17,0.7178058196973961,0.11712268769586379,0.48525950191034983,0.3797547983313396,0.09381985986589092
2014-03-18,0.7876181209997682,-0.1415340444648961,0.5575650277505892,0.46441209744045264,0.04190426133270819
2014-03-19,0.7031303197533898,0.2129521544876501,0.4688149682590927,0.3803942213464015,0.03630864643354155
2014-03-20,0.8363452122322397,0.08814653824582264,0.6306404394592693,0.5991620136031772,0.09300795930004951
2014-03-21,0.7225182236648064,0.13010149937585289,0.6214529798763239,0.2017880851760427,0.017677624914086056
2014-03-24,0.7628918703854514,0.08297930351107836,0.5895681685986669,0.3635336183456763,0.03137129496510558
2014-03-25,0.8310891108910778,0.23139770956621694,0.6358396749727626,0.46006662280695826,0.08008804127183368
2014-03-26,0.7638373344619502,-0.0665152721560023,0.5279978065396684,0.30433016962370835,0.020623539864426013
2014-03-27,0.718088464893464,-0.21961241644845925,0.538830491381817,0.4673356317552829,0.06296522527677882
2014-03-28,0.7174961609708396,0.4442336288723799,0.49967483876192276,0.26958643549790595,0.03275916096857763
2014-03-31,0.7729022276439497,-0.09253099852588434,0.5786451378547518,0.41234192799160463,0.07972995259695248
2014-04-01,0.8098069997318794,0.11877553335535124,0.5618854809979957,0.3182135242793519,0.024755161169591755
2014-04-02,0.8328858818328608,-0.299715512049054,0.6020736335318637,0.44268507233182225,0.09300196281296352
2014-04-03,0.7250162789812328,-0.24837770188456332,0.5461784848594009,0.4003398901906908,0.02781492035196982
2014-04-04,0.7382779582028416,0.25872830868807295,0.6193441580128801,0.31951515727592916,0.07910947137209617
2014-04-07,0.7398861607439292,0.282604323568133,0.6184670147831792,0.24598080293467647,0.05774606380305589
2014-04-08,0.7057300206885728,-0.21604542484218103,0.5716565289982277,0.47234177709700687,0.09354574251390255
2014-04-09,0.7907921132430835,0.17514482451887825,0.6102384882349802,0.4506514467681844,0.020991705464038436
2014-04-10,0.7591750087657673,0.2655888883449914,0.5032727988684342,0.47824473472962964,0.005506773860468561
2014-04-11,0.6432098314370325,0.134404803998219,0.6117175714674233,0.2284984194619431,0.06485661171587152
2014-04-14,0.7544595349657787,0.0299136446360444,0.6163729570118529,0.17659134156082398,0.08056227467351931
2014-04-15,0.7343031827892109,0.14299523677559547,0.6176578038067707,0.398374622031786,0.08311607933692411
2014-04-16,0.7399942632905734,0.054441305082420094,0.5668592286814143,0.3943419776813567,0.042624642307205585
2014-04-17,0.721147952008654,0.24180662902888003,0.5652894538912389,0.38488532385451096,0.07630381379546353
2014-04-21,0.726968481013586,0.02175098745290721,0.6533927708551717,0.3030513548036544,0.08073359758809395
2014-04-22,0.6982739625944591,0.2545841960316164,0.6311275988357158,0.4667609879811936,0.05705079342595833
2014-04-23,0.710185159628366,-0.04148249055633344,0.6261422505012761,0.29335017269372154,0.0860627312175547
2014-04-24,0.8203051370996541,0.19424150066914828,0.6571708318656034,0.5196638481347706,0.0660449258203229
2014-04-25,0.7694431553043443,-0.17284817324370416,0.6243239819580597,0.37836526622993,0.033286596461127804
2014-04-28,0.7385860814793165,0.20642207202169893,0.5811379914541752,0.31783701115142915,0.08785621726397065
2014-04-29,0.8035059819203523,-0.20223697747275168,0.6599064890354399,0.48280339136168476,0.04677110937658864
2014-04-30,0.6852790230311142,-0.08602005321229944,0.500138029973722,0.45997795991125656,0.0729940364026496
2014-05-01,0.82824371726191,0.1936968028280488,0.6312659008710412,0.41299877772801585,0.0025919966072967763
2014-05-02,0.6996942939721584,-0.13791218300800592,0.5259851668035848,0.43401821677588404,0.05681825919195317
2014-05-05,0.702106063238421,-0.03131484089119018,0.5902574884021902,0.278060858273089,0.0759601088767707
2014-05-06,0.7246775057962734,-0.04670206106062052,0.6336692693801339,0.2006207965174459,0.07340567882967038
2014-05-07,0.7670341332809082,-0.058929077674614416,0.5551667156795465,0.5253004064657925,0.07257801365130594
2014-05-08,0.7915383946070492,-0.22453993934708116,0.5373500566695385,0.43475329619736724,0.0907863841831605
2014-05-09,0.7860585432514173,0.18792332032669096,0.5472126644654275,0.3148242622064695,0.06460038024026762
2014-05-12,0.750669884462177,-0.09439564103523682,0.6320150155331911,0.4195558760647964,0.02123424795553216
2014-05-13,0.8685153463553194,-0.05031721816287378,0.5686187213257198,0.27630207656569084,0.034725212316531896
2014-05-14,0.7548002426730557,-0.14888259932365383,0.6018953630124695,0.45893724845591377,0.026941098196531944
2014-05-15,0.8086583015540951,0.0207797258740764,0.6064723182808265,0.37932878390651154,0.03719139305594724
2014-05-16,0.7358955205519346,0.03167335385930679,0.7065483899655077,0.4065282296025896,0.08221588071190758
2014-05-19,0.7608898027955053,0.04304288468464529,0.6026330351245915,0.23473242412512585,0.08283086979079918
2014-05-20,0.7916375511090297,-0.29244580689546446,0.53654913006621,0.5131225614146347,0.05807684255839651
2014-05-21,0.741378959615809,-0.0714292114549993,0.5960241748082741,0.1973847037118647,0.08463542312613544
2014-05-22,0.7737347041172878,-0.15358994930075076,0.4859054514738227,0.3944095367081948,0.05086951644451124
2014-05-23,0.7952264772762797,-0.30262245565810975,0.48431558820693477,0.6048917197873318,0.006427969611466089
2014-05-27,0.7314688040579398,0.09834384862773121,0.6056926710500615,0.33064746387105515,0.05515919268302662
2014-05-28,0.7133948339899867,-0.15349082355378585,0.5355200248606652,0.3754751168652809,0.0012209829355193992
2014-05-29,0.7320773922770956,0.08511665976134314,0.6007555544770568,0.48499558639351587,0.09789439906133175
2014-05-30,0.7348190254164194,0.13833400398885407,0.5865042661714288,0.42224688996685766,0.011814569443640788
2014-06-02,0.6170113934953652,0.30358781080213876,0.5860942248805984,0.4217689111207372,0.005820233346145421
2014-06-03,0.7905801516694261,-0.21585350654452104,0.5619434905891271,0.46133386447947206,0.08186561593389609
2014-06-04,0.7064375326681349,-0.09112122228175223,0.5928297002338904,0.2792868216242166,0.09166447510198703
2014-06-05,0.6386036851929702,-0.28098712957428357,0.599082825288515,0.4178677269114844,0.03262413862711151
2014-06-06,0.7732022148228042,-0.3266287600615878,0.6104239089793289,0.4115939902931307,0.0038201495994451776
2014-06-09,0.7578627828591561,-0.18463226544028918,0.5476716492065933,0.42928097383996416,0.05112993497063001
2014-06-10,0.7918905684334893,-0.026370223044086205,0.5105562644491672,0.4391019421138388,0.030337254994468266
2014-06-11,0.7911653059490842,-0.24285592082812102,0.5303589115338314,0.48836312721326913,0.044993862228256624
2014-06-12,0.6535083310704636,0.10530757965365363,0.556633548069776,0.4111585363437025,0.07451132201369186
2014-06-13,0.7808965683687732,-0.22078242145171065,0.47152703977473387,0.30081731236462966,0.008656973652513878
2014-06-16,0.6775119197410527,0.3765661441629923,0.4872954730880375,0.3455047693818178,0.06427447343361287
2014-06-17,0.7242942584400603,-0.24903782460792395,0.5041265389172317,0.542444663601412,0.04708175219400429
2014-06-18,0.6701296242950884,-0.13745666848523583,0.571403524086398,0.37454992333970627,0.09726799318022072
2014-06-19,0.7208414660742029,0.02567269018244075,0.5344811858168087,0.4295664830263081,0.008899195704257968
2014-06-20,0.7630025888688434,-0.16518791517948017,0.5092032231361285,0.36381679446908505,0.010292154237434693
2014-06-23,0.70216654144781,-0.05637151112769098,0.476859011025043,0.2020988687581097,0.009760842653120771
2014-06-24,0.7244194360295314,-0.3232160906549763,0.6148010406148846,0.36903685700791977,0.08428381748073091
2014-06-25,0.6991147477548135,0.15982937348135928,0.5615632606635053,0.2800304995562968,0.03746235803972416
2014-06-26,0.8173161353586904,-0.006139992810537247,0.603898114776568,0.4586863255165752,0.046145186650300464
2014-06-27,0.7252602606647297,-0.07539445978975984,0.5428461863724321,0.44288251552518554,0.0923499279226444
2014-06-30,0.7175552787744405,-0.1775210401948195,0.5704907451383894,0.39248866639605823,0.037479764748112245
2014-07-01,0.7989247110260523,0.19835271854433853,0.6243829525045914,0.5138826173403068,0.043772992175243434
2014-07-02,0.7426802789326121,0.33153533191397255,0.5118550901403074,0.2356092926785893,0.08957623109069911
2014-07-03,0.7406958049057193,-0.18650166116019973,0.5643030675731515,0.4092734671497874,0.05153845292452364
2014-07-07,0.7918378919671817,0.3145658522528749,0.6838719897460835,0.5348175841707173,0.08299732076270824
2014-07-08,0.7756701645737129,0.07396975701066971,0.5999179763869976,0.35294910863044116,0.01714300795510191
2014-07-09,0.8080108697036213,0.21008325392662255,0.575630967723071,0.4309056486294698,0.002233236373585834
2014-07-10,0.7332514180079309,0.32991050464540156,0.49397978958314803,0.5178628055365627,0.0929784845218995
2014-07-11,0.7191153768979265,-0.1596994628081282,0.6270210623489112,0.4573193262209025,0.037342081763603666
2014-07-14,0.7878884698429428,0.05814284656123833,0.49954896736316706,0.4531592842320886,0.07907120622080825
2014-07-15,0.7458073678292195,-0.09709813323807247,0.5839623305797023,0.41552627859537444,0.06364564676778009
2014-07-16,0.7131634775904665,-0.024963156009528316,0.5600130277348261,0.3837595325492277,0.0043339998585500755
2014-07-17,0.7004012088536399,-0.1348897333902751,0.5100777631613245,0.28164559427155633,0.045985195340983887
2014-07-18,0.8027442070133993,-0.042226876454196524,0.49364353182824466,0.681607896079441,0.020718958051173266
2014-07-21,0.7975796136037198,-0.06293635830525988,0.5877489816246678,0.06561560690241525,0.02111551670814356
2014-07-22,0.7076609621994402,-0.022882719741142393,0.49121658620641606,0.5041495869139285,0.08498823552776752
2014-07-23,0.7426818021882532,-0.2438609762724604,0.543580532667268,0.2770089152547864,0.09718498543151648
2014-07-24,0.7808168407372538,-0.14224679101600332,0.44578779325398193,0.37527840207466795,0.0621957526838649
2014-07-25,0.7496175264133093,0.07084335829299471,0.6190012910889566,0.413584500167502,0.06365495391447375
2014-07-28,0.7635860297714487,-0.11750076491872607,0.47916882774202674,0.4162842535488933,0.005396085287040376
2014-07-29,0.7114920030612271,0.24502432679810082,0.5641685930006699,0.5615752606778485,0.05216008681600898
2014-07-30,0.8199802212461839,-0.013811342327396696,0.5157145219247405,0.34637049814232634,0.07233061987730142
2014-07-31,0.8060037797280614,0.1872638462107031,0.6042856522609059,0.42039805509668526,0.07886691146259071
2014-08-01,0.6681430800803209,0.1483373254477692,0.4772143630485655,0.525053152861954,0.034868521531115707
2014-08-04,0.6921775167962909,0.11161816832647234,0.5936516791659563,0.5715512800544162,0.05534101419696935
2014-08-05,0.7528749995031867,-0.057010625987428454,0.47853828163090945,0.2917817371669712,0.014344983927694177
2014-08-06,0.7543735577433306,-0.08583848089607221,0.5343160673154832,0.41661881669556167,0.027165428735313836
2014-08-07,0.6222333971773504,-0.006872973556295649,0.48432667219935627,0.5185091733092322,0.08561407676964145
2014-08-08,0.7497589447178219,0.12473778015920961,0.5077528196785147,0.37488107190976755,0.08975256149171196
2014-08-11,0.7803353397501209,-0.14816361694224564,0.4583149349847868,0.4067184836723224,0.025885829875543998
2014-08-12,0.7938396810016579,-0.2268533146373863,0.5005014227562266,0.38664449137834994,0.045553591474912385
2014-08-13,0.7123240290424352,0.08874903595718922,0.49354485708362766,0.32900627420875406,0.0963003333147206
2014-08-14,0.6603317426749223,0.06581439455378384,0.5539615404299357,0.353455582275958,0.09264961308439938
2014-08-15,0.7180484743431482,0.7446374126587448,0.4746900521679247,0.27085177494394364,0.028650613953059734
2014-08-18,0.7091404793093309,0.05739787901529038,0.5698628196695024,0.3759646060044056,0.06409860769641512
2014-08-19,0.790004189616096,-0.19248970380285035,0.5280306300578308,0.3899610287548428,0.02741719508589029
2014-08-20,0.6770392028114119,0.09558166695551194,0.5213668560644125,0.5102341317706613,0.03677688793934282
2014-08-21,0.8195377163572011,-0.03839147891944339,0.42687823126845303,0.3753345368681549,0.07800329893957353
2014-08-22,0.7609283682428084,0.0037122873141858617,0.5150158757705787,0.4441748491012173,0.042505995699986324
2014-08-25,0.7196650884178764,0.17227147570169024,0.46935852627699914,0.4827211459869782,0.03537181765760722
2014-08-26,0.6873960248853385,0.21546326893048495,0.459063081358959,0.39399851925727497,0.06195113498307275
2014-08-27,0.800995954232382,-0.03842298887852846,0.5533563743143839,0.2874802053438583,0.0966799271585963
2014-08-28,0.7570450119254846,0.14735703785327026,0.5138312390813315,0.2647983528619643,0.014818190802910936
2014-08-29,0.8011535962797915,0.4474866540334206,0.5888283359431211,0.44402363631305486,0.08570656047812766
2014-09-02,0.8873979004075632,0.29857812844436254,0.5051740920100384,0.3794717038508898,0.07292260310015951
2014-09-03,0.6497650163669495,0.25162882449872653,0.5262547583374749,0.5790163351190937,0.08112705777897351
2014-09-04,0.7925791712196744,0.24665635016334642,0.5168620028964512,0.31756200344554186,0.041009487475847976
2014-09-05,0.783710748519557,-0.1413351363157261,0.4756032199233675,0.2792822933285465,0.05379453811898941
2014-09-08,0.7652574335543242,-0.1888140160603579,0.4917067365048039,0.4021055121111836,0.0615904437126663
2014-09-09,0.6390888334239291,0.141208199976278,0.5420282927756999,0.37507334908474294,0.02402316173141036
2014-09-10,0.7485410531754395,-0.30299821199256416,0.5444871574661911,0.6364916565878032,0.03463029089885768
2014-09-11,0.774092908668785,0.1495474670381824,0.46031902213933135,0.38267218661537244,0.02712478437686046
2014-09-12,0.7161807560096207,-0.06830324538550142,0.493797602398303,0.5220228805033842,0.0557146059017013
2014-09-15,0.740182785250226,-0.34130552465682346,0.5359135251011649,0.3029997113858562,0.04718925543649727
2014-09-16,0.7511359585841805,0.049069916153974935,0.5608294869139305,0.5578770677221434,0.04338076544970609
2014-09-17,0.70268515937,0.38870925828779196,0.5435179268411958,0.3845049426537321,0.07494506309580526
2014-09-18,0.7399188755822188,-0.269844754403627,0.42613318006329526,0.33210893559980165,0.02992275943741496
2014-09-19,0.6255243165331459,-0.342799989144573,0.5194263298296607,0.48269634468356515,0.07714882453107585
2014-09-22,0.7008092582309589,-0.27436005962920434,0.5802634933785538,0.5899043021548647,0.018418413397767276
2014-09-23,0.7216752993602144,-0.25391996532631284,0.5378176695155173,0.35647344098846856,0.002872716324685232
2014-09-24,0.7654966276065118,-0.05247210901891093,0.495374872643997,0.3803461235250334,0.0341852709421177
2014-09-25,0.7749120659244603,-0.21994737477700382,0.46789895794276776,0.5387100169951204,0.09552721361564562
2014-09-26,0.6783840439427646,-0.3417073109309039,0.5965305119878974,0.5201763837020663,0.029993668539580156
2014-09-29,0.7870763962702559,0.24160410002257207,0.43069277037188314,0.2734078980181096,0.026325947175111577
2014-09-30,0.7130660941785448,0.06407330237667075,0.478456596739888,0.3921248324985348,0.03454861732522668
2014-10-01,0.6991587801106214,0.2302107088474543,0.5424736569455885,0.3750963520264695,0.022198978937522554
2014-10-02,0.7398265584187282,0.1452597640918436,0.5037281240230915,0.4628898224896973,0.04685886418391893
2014-10-03,0.7675024263335923,0.001349921703162434,0.5299826011659663,0.4201860318248883,0.03974971934174
2014-10-06,0.727958189863217,-0.09109378117286311,0.5086540670547398,0.2968011936131755,0.025624373105528953
2014-10-07,0.7696955424684983,0.09648746547560452,0.5830842569427113,0.31564216604955453,0.007536898388311997
2014-10-08,0.728819883992475,-0.13209350185313012,0.5055197631103733,0.3762890156623844,0.08843010564912598
2014-10-09,0.7884538161206286,0.32724605490545167,0.525772959348597,0.2596506536579358,0.06016268178275931
2014-10-10,0.7143301300964496,0.0282058266635639,0.4560708618247914,0.45943519179631,0.043370485635926215
2014-10-13,0.6991263001375674,-0.2864103109526254,0.4796262572119729,0.565360148084326,0.08484260719784789
2014-10-14,0.7013764841426227,0.0151451504046459,0.4532311731586327,0.6005307305336025,0.019197413936670772
2014-10-15,0.7965951306386866,-0.2917818906215696,0.5156763398590877,0.3452110525025148,0.06236950058711968
2014-10-16,0.7455888476672575,0.34700305133012305,0.3926341350133692,0.4080606094878924,0.08418334412619943
2014-10-17,0.7602609266016161,0.19397774560588676,0.533930629393162,0.21099070269812725,0.04794422952285127
2014-10-20,0.8095479607673457,-0.015504989623407387,0.4911292347374285,0.39981726471789736,0.026513742063442848
2014-10-21,0.7580576404277154,-0.009900301209496531,0.4892624417884347,0.3038790563661906,0.0849555587525087
2014-10-22,0.7164803350892124,-0.23882130383408473,0.47643099200655203,0.32262048931809634,0.00989510147830578
2014-10-23,0.6203530734371853,-0.2835695336238548,0.5047656717258597,0.4086261193311664,0.06303217535289031
2014-10-24,0.6992186553207652,-0.16744855400927983,0.45870105316288845,0.4352413697317664,0.028702943506404635
2014-10-27,0.6947465497069316,0.02932844424669691,0.5556140766763739,0.4460592549093888,0.07658926021455853
2014-10-28,0.8088621200576896,-0.1392564630076082,0.5575723840464548,0.35504707570757793,0.029786169436209355
2014-10-29,0.6599161526750152,0.1462912645413745,0.5829644357734081,0.3974868274559851,0.012170921440687654
2014-10-30,0.7465510361268085,-0.014681809278359376,0.5588716384610567,0.2792001367306941,0.08567060227168803
2014-10-31,0.7697337904092266,0.14991575839627505,0.5118555583225733,0.3516733302139425,0.08801536134014008
2014-11-03,0.7114751393699653,0.13997475877293733,0.5016711474105857,0.27970962963078594,0.04896634584589227
2014-11-04,0.7523314846280138,0.0661009916473542,0.5153177477843373,0.4177376954393958,0.019690025415911683
2014-11-05,0.7486046855443669,0.0586445748464719,0.5663493990316353,0.29830418870149084,0.037406762355130053
2014-11-06,0.8520232575757931,-0.03585832324715348,0.5217378155986795,0.4721708657055575,0.03302118755900596
2014-11-07,0.7493823833758825,0.2571224320802909,0.5113418921553783,0.37491987092401063,0.0937484881297851
2014-11-10,0.707126788398552,0.00589951141002747,0.44585510594478567,0.5501266877787536,0.012109370856350811
2014-11-11,0.676088339570421,0.05157911748798295,0.4768151738623269,0.3639574278028095,0.09607486063557695
2014-11-12,0.7304102104353127,-0.16155411254050622,0.5133272233582901,0.45021802536830957,0.04179641028847225
2014-11-13,0.7099877226782996,0.03440291097881088,0.570119255160315,0.4053854119790116,0.03001597862876364
2014-11-14,0.7219652677894222,-0.1263686086452249,0.5560869885057133,0.355028414813471,0.0420135609711146
2014-11-17,0.8263207732984243,-0.35245326693194623,0.5594937694224741,0.27473899120860723,0.043864871469650416
2014-11-18,0.7997005180056311,-0.1817326973187619,0.5471999525407438,0.43327377426993907,0.07625648328286233
2014-11-19,0.7063807451069702,0.12939908313852386,0.5272457478596437,0.5423556926289971,0.09027307082748326
2014-11-20,0.7108279865608352,0.15593423358628122,0.5099302720313558,0.3632434212441575,0.07451710298054187
2014-11-21,0.7848618324766504,-0.3062511540617541,0.5042232868138502,0.3905607458750176,0.08055070280981207
2014-11-24,0.6913967700056124,0.014949657774276452,0.5187471445564507,0.5759791741291902,0.05807556203862516
2014-11-25,0.681691755309966,-0.19949932131709985,0.46452937806045314,0.3792845393597544,0.012271164996624296
2014-11-26,0.7248675473980851,-0.09855463029380557,0.562891176253871,0.3466810789650558,0.06571128505029084
2014-11-28,0.7384573177688982,-0.15058887372603563,0.47856123947159673,0.3903053933426195,0.07706913750966282
2014-12-01,0.6644571066983087,-0.03267470578026045,0.6045498570521395,0.5526246520129349,0.05457700780389463
2014-12-02,0.8186772916870891,-0.1424674532257038,0.47643440492229816,0.33347677600713915,0.08778611392817341
2014-12-03,0.7930090020294484,-0.4567469746428649,0.49912838512436547,0.35964941812517554,0.09365541402354638
2014-12-04,0.8028021107598337,-0.22895509934041472,0.5649899498618525,0.6861991630923356,0.06754201187137573
2014-12-05,0.7720959203152189,-0.24426961819227624,0.3632630701057401,0.5044438475112856,0.036249555095009836
2014-12-08,0.7937120845095262,0.09842472987641526,0.4936452646097461,0.35485691423703974,0.04123496955350221
2014-12-09,0.7271587125326205,0.044701670239924364,0.5695398952160272,0.4262786481382267,0.05784218191337323
2014-12-10,0.8111391353270363,0.1571833194117794,0.5415037496391327,0.4713520322034863,0.01800448407046522
2014-12-11,0.7978617808119338,-0.10619615503182928,0.5120040332268387,0.3255796877463599,0.04513707808466111
2014-12-12,0.7107622848956169,0.20853314524565303,0.4893291474779294,0.2901881863619708,0.06949029538719813
2014-12-15,0.7599456384615492,0.26074427977893827,0.47911784933863977,0.36606776017126885,0.06891917737015454
2014-12-16,0.7898100865585496,-0.18748422141240115,0.5394203791709747,0.4270867297308886,0.02425587562412537
2014-12-17,0.7600500810122354,0.1123652666146749,0.5337500803693026,0.3105960359929321,0.038543714415872336
2014-12-18,0.7691638696863121,-0.21986647646103533,0.5972840111983294,0.47967349710629076,0.033780115819236005
2014-12-19,0.6709053466608232,-0.11447048810054201,0.6055022823399601,0.26472631835381716,0.01679628070168776
2014-12-22,0.7855840171885314,-0.1389011976102608,0.560617376684245,0.42100184359051834,0.01345597982564134
2014-12-23,0.680427382562016,0.10019274533746339,0.6637836167142906,0.47005113124563713,0.06509524952682472
2014-12-24,0.799372752929584,-0.26127349567730107,0.5481168988927421,0.36540254955439955,0.07489611843150583
2014-12-26,0.7738737962744202,0.34726596638214957,0.5631860332738456,0.4120850301126958,0.004732488723575102
2014-12-29,0.7204853923337369,0.3875598650269014,0.4955157956401889,0.47353232431339803,0.028338480167005367
2014-12-30,0.6978401471657657,0.18421834337819532,0.5453939767914868,0.3068268801016138,0.07175017664962399
2014-12-31,0.7463756433506428,0.47459154331729875,0.5268842404893547,0.39185629642040304,0.07729960762558705
2015-01-02,0.7853827468126457,-0.18482975493112067,0.5715794942994091,0.4665546123101556,0.004922540781742347
2015-01-05,0.7387573371506265,0.03511804814846731,0.6118165187243205,0.47647264655038524,0.06134326956633013
2015-01-06,0.8410857240080226,-0.28601050864550104,0.5559350400886597,0.44631144317420834,0.01547870565847679
2015-01-07,0.7888680014651918,-0.0887506517053064,0.5304594063697043,0.5380994545011848,0.06437577041588773
2015-01-08,0.8517971048171811,0.4616751177558608,0.6231145629181375,0.5434788146718839,0.051761678030064144
2015-01-09,0.6913774304530511,0.3581839615171891,0.6177017949579207,0.3134107897037204,0.08288229558126159
2015-01-12,0.8162203559544602,0.3227388906352999,0.5634850626859449,0.46765280387060365,0.058731581016681515
2015-01-13,0.7371861618000788,0.1623393140924334,0.5539962090157875,0.3042577183337976,0.03199697273185669
2015-01-14,0.7686799289237766,-0.40055213051880206,0.5509142087870708,0.34431811101619797,0.016415783956797658
2015-01-15,0.7666639807574142,-0.2860561856045548,0.5497714214441953,0.5217646634916102,0.08830346428507743
2015-01-16,0.6404659260247548,-0.10825480314684732,0.51748167946454,0.5125860942643289,0.049256747670620826
2015-01-20,0.7418846040154151,-0.2189288916097638,0.758321877177391,0.27281896272341033,0.0009543326007864228
2015-01-21,0.7380197359649256,0.23036363067454446,0.5243832779220625,0.23278475954085276,0.010286889339163786
2015-01-22,0.8073527097923814,0.28044911790670807,0.5939788178510568,0.33795638920929494,0.06203985683141788
2015-01-23,0.7052167640267628,0.19168353329732396,0.46417457531383666,0.39383314601475494,0.0021783033134260775
2015-01-26,0.7433628012690743,-0.11962794914611839,0.5957981838685985,0.4429661846777424,0.034906923064389216
2015-01-27,0.7611457977487492,-0.10134301889077663,0.6049434917771846,0.4544952367228505,0.03610878881701423
2015-01-28,0.7342797259504492,0.27673587831119767,0.5286497921921917,0.17893824531533642,0.05631243254805066
2015-01-29,0.7565103818968612,0.06739308956121247,0.5487194484695742,0.4972952552468429,0.0704594498040914
2015-01-30,0.712445421232324,-0.00021779149371939718,0.6587347982789664,0.43498890625039976,0.08418599395959181
2015-02-02,0.812231344189708,0.08536187539220111,0.6466366239159076,0.5530130006295519,0.047610183849251565
2015-02-03,0.7598992013228434,0.09227533534412884,0.6199564013574265,0.5889617997776061,0.023723978166728155
2015-02-04,0.6995366941038039,0.32115859572092337,0.5935420626595957,0.26161622414394015,0.0871853465606817
2015-02-05,0.8061136721993366,-0.199920267884294,0.5608231521858699,0.412966835414211,0.04110874919657527
2015-02-06,0.7427753919402325,-0.17741397967437397,0.5516327124574999,0.5557610674226374,0.09771414242486687
2015-02-09,0.691273357775569,-0.2079296221661926,0.5543724383016753,0.43003044063835955,0.01779669408735243
2015-02-10,0.6844874700090456,-0.05132469403603967,0.6033810013670448,0.1620591946116916,0.04306818781984739
2015-02-11,0.7897640113133773,0.12602588198923756,0.5772422248224046,0.3519291200521808,0.013579157076988625
2015-02-12,0.8201723215368784,-0.19098842466951146,0.518433510617777,0.3835063329457878,0.06718234656194876
2015-02-13,0.6501344095989062,0.2711405037939815,0.641064113474952,0.29801359077200357,0.0705924031907722
2015-02-17,0.8376533435392719,-0.3032066096238679,0.4492497588628132,0.36229501710917067,0.03637200745618592
2015-02-18,0.8038686734771344,0.1376690246961952,0.6718092094286486,0.4788489278349497,0.062185376469695
2015-02-19,0.7747556066634899,-0.06846152775011081,0.6252915748261924,0.43569628298954943,0.04802588244000658
2015-02-20,0.8097017820244135,-0.15097936839448478,0.5336878875736007,0.4835811932514994,0.012587320817989734
2015-02-23,0.758252847395844,-0.056594881084075545,0.5362214549634218,0.3545626921165662,0.031591753162647784
2015-02-24,0.7819118793881794,-0.4043809599672362,0.6294198369446034,0.37700184586662727,0.010587053375070533
2015-02-25,0.7808240935303892,-0.24307393819066345,0.6075830587339517,0.4876409247152129,0.06380164290213544
2015-02-26,0.8073629526542134,-0.03651999203124611,0.5662612963253173,0.33704729725829624,0.012624511256669269
2015-02-27,0.7485782229060717,-0.3499652150678206,0.5855579603281821,0.3380966409379171,0.030259383227638038
2015-03-02,0.7254192610814163,0.5090759467869271,0.5838740399596931,0.4112777768460484,0.08466384760750209
2015-03-03,0.7999140422747973,-0.15471328095666204,0.6168194946027905,0.4954411029793053,0.05005556332881903
2015-03-04,0.7368352731755897,-0.15807314022088703,0.534698523669087,0.36349129806591385,0.016451056818006828
2015-03-05,0.7322080642030782,-0.2813042470045721,0.5345631485559226,0.3242827260104439,0.002944035654024091
2015-03-06,0.6550644609229995,0.05512253384811505,0.5070720000872871,0.2565687924714505,0.0034178574876067794
2015-03-09,0.7728393189556924,0.3117393202784049,0.5644047761038096,0.358635620871312,0.037376337350717215
2015-03-10,0.7954916690244331,0.11500392943919223,0.6501186442219169,0.5141630401170867,0.06706645744014642
2015-03-11,0.7341297494288408,-0.146746357666453,0.6936411180106025,0.4112193107890784,0.006874300354500118
2015-03-12,0.821342547371207,0.004849879249689713,0.6466064188599908,0.21467957688027584,0.09110831436932762
2015-03-13,0.7904883291027524,-0.21917339036488115,0.5670867720390281,0.2810929158121468,0.088311176824369
2015-03-16,0.6921647882410933,0.3632965066366455,0.6065254651254197,0.347544840465646,0.07153407674079824
2015-03-17,0.7319997621424099,0.00889094443811201,0.6274377276661454,0.43404435647774947,0.09150526467506934
2015-03-18,0.7713351236860021,-0.31189635063693005,0.6146532019951189,0.26728130117854854,0.03996932013384605
2015-03-19,0.738105389718527,0.229114614439513,0.6924768570920758,0.35175843641320553,0.05806292175435679
2015-03-20,0.7744627775574037,-0.1924921174309523,0.6950599265806693,0.37511316474318784,0.044232277065421224
2015-03-23,0.792704048390467,0.13699607921908546,0.5057647412646722,0.6191417971073104,0.05479392305962652
2015-03-24,0.6611191176618828,0.044639926457800676,0.5594717712235567,0.4070624961753794,0.04765097549448111
2015-03-25,0.7656000050355294,0.06268973422452435,0.5466051224246619,0.41906284684256356,0.07318735707609461
2015-03-26,0.7104898689169441,0.034631012366743964,0.5705307204074248,0.3760158045247933,0.02930007828980158
2015-03-27,0.8036601542099381,0.06258279529557799,0.71403939060419,0.3958345982751131,0.051902124073885586
2015-03-30,0.7005263301906333,0.05777421399654203,0.6557277722191094,0.32499074469724964,0.051729191143823086
2015-03-31,0.7689814160521254,-0.08568248159404535,0.5702188073985983,0.37759715043214154,0.028984201122155575
2015-04-01,0.8033958242976676,0.016574871278254282,0.5729823452658722,0.4648945792586152,0.06405113698324892
2015-04-02,0.6918559392260972,-0.16636309030127538,0.6557049596289554,0.4915608305516963,0.01928791797839019
2015-04-06,0.8190976936155054,-0.11791073947136309,0.6174536262990684,0.23765209086641595,0.0009158373820538746
2015-04-07,0.7975505644834323,0.02958078744303082,0.603224574159073,0.4666844453741801,0.04257511732830158
2015-04-08,0.8274348283859783,0.007928120389030662,0.6145185495399627,0.46583027562006096,0.04329637246883177
2015-04-09,0.8072994211034559,-0.2773489872592049,0.5937490409234014,0.31086233245026523,0.06314947073388945
2015-04-10,0.724952863483203,0.20876331834276418,0.6254125177564356,0.45219711889529896,0.05887389378728446
2015-04-13,0.7886017538816422,-0.1592417259393731,0.6599841473881953,0.4822440990732637,0.039332008692025855
2015-04-14,0.7810463419835253,-0.13115836703707148,0.6286429011338748,0.4236657250709882,0.018910940736574212
2015-04-15,0.7635604819150342,0.07195871151149602,0.6564169389673093,0.39158053875448007,0.03928517565120886
2015-04-16,0.7185405529349842,-0.2626474380483497,0.6036752508844244,0.31036639005599814,0.08639269396702448
2015-04-17,0.7865327692723982,-0.20092315193292795,0.5933782177058363,0.4269801101327625,0.09120451925556566
2015-04-20,0.8206481919222075,-0.0015732809675706484,0.5902003009136784,0.1986432823303566,0.07862485807047237
2015-04-21,0.821477414713065,-0.09654625886120848,0.5932351034645618,0.42538761514938495,0.05307225524234285
2015-04-22,0.7633722002569994,-0.07140950699877702,0.5477580506982463,0.40307547023330687,0.04787700891318482
2015-04-23,0.8301557902081654,-0.29284302073466295,0.5181569336263956,0.44249435722690467,0.09137013375452754
2015-04-24,0.678242352047994,0.06889354565837835,0.5869026498508553,0.2535858188173815,0.08750209922940379
2015-04-27,0.8334900686979112,-0.18888674947694875,0.6173756285756197,0.6188513758167176,0.02668456511627966
2015-04-28,0.797355177157086,0.07443044035480297,0.5517102518032564,0.4107915741896359,0.0021290263953820834
2015-04-29,0.6966145569680134,0.2254281260270844,0.6324060734849972,0.31505590910560366,0.06263809270325488
2015-04-30,0.7396669984859877,-0.07507857845589347,0.5623396326981676,0.2721207293641702,0.002584142173105919
2015-05-01,0.7370735315889048,-0.029495525679743104,0.6673328304387561,0.38028163575855195,0.042551905756516455
2015-05-04,0.6965260460345035,-0.14608201524354508,0.506062016429022,0.3936346205753849,0.09197187320657765
2015-05-05,0.8264907287140152,-0.09374573743747787,0.5754705869492466,0.37015642025386586,0.052309842956749425
2015-05-06,0.7199992334480461,-0.17276488184064098,0.6140541599972614,0.30411800566228425,0.09583046861150943
2015-05-07,0.7028189913244871,-0.011040886064620224,0.6325654782934422,0.29976172957140257,0.0015213249596399026
2015-05-08,0.6395719272028919,-0.22711848511005048,0.5139951827996696,0.5090831673111934,0.005739880695822087
2015-05-11,0.7003653645585123,-0.09018753054057888,0.528412710919305,0.365763446589268,0.0866763559023244
2015-05-12,0.7654031673830567,-0.3972457372498959,0.6453560620075925,0.41337630947079496,0.0009297962347315725
2015-05-13,0.7790499168573528,-0.05403229892960796,0.6454225197611587,0.40135974749896147,0.07685253313204012
2015-05-14,0.7768669132396457,-0.012715561196325685,0.5453232552435222,0.4322949563858415,0.015524772137912913
2015-05-15,0.7403130648911638,-0.3345242849820904,0.5802970168597564,0.2860248671653727,0.09802192705524881
2015-05-18,0.7150543327538361,-0.19396118426576847,0.5722607645745048,0.5033835300342449,0.030625697920978724
2015-05-19,0.7830188893234797,0.37265818787422816,0.6230112956927766,0.6311960508864994,0.06019432982065073
2015-05-20,0.735934253081837,-0.11923228727500806,0.6048901697230427,0.2636875719496358,0.022455547448584134
2015-05-21,0.8289262217763953,-0.02741245494368798,0.5203764914051335,0.2540388173490956,0.07753518999022889
2015-05-22,0.7566753954917608,-0.2678490964368818,0.5261973502493484,0.2646514161470279,0.08431362339407522
2015-05-26,0.7779002930053251,-0.18368640013387383,0.5609377864341567,0.3038331737355425,0.0555349480721819
2015-05-27,0.7843715445059786,-0.1579217403082525,0.5167712035272121,0.55935217312314,0.0024308068431056263
2015-05-28,0.6875383933090166,0.2274547605773122,0.4938938467790781,0.5278309468818413,0.06192514253143047
2015-05-29,0.815626859027591,-0.11104931271192109,0.551311142515599,0.4083301214058262,0.04370197714990525
2015-06-01,0.6920508796480793,-0.04012517425859896,0.5439049893356117,0.318825273885041,0.03511103475647447
2015-06-02,0.7080902218741872,-0.13977157729033957,0.5096296306581888,0.30061406238543553,0.09866495005088564
2015-06-03,0.8061451879762149,0.2105988349509499,0.6002499940739264,0.22732606231759375,0.029749608270781804
2015-06-04,0.7026826129824877,-0.06891109324042302,0.6293997938086567,0.33713299998081375,0.0523169710851796
2015-06-05,0.6857161866841619,-0.04701988980646499,0.554951331020158,0.3965555701759917,0.034733171227945704
2015-06-08,0.7320142248919245,0.26245488448242776,0.5370680126775984,0.38249753685296656,0.08727685546764978
2015-06-09,0.7309093559903185,-0.3006368793624912,0.593784807068295,0.36251848783694496,0.0021595656491801177
2015-06-10,0.7041360968757913,0.03423262219411582,0.6353063087566249,0.3458756500390197,0.013433103648679046
2015-06-11,0.7273922168275306,0.044360976731070756,0.5787812829447732,0.3659122129397631,0.06261436581147901
2015-06-12,0.7630737977929559,-0.32729758837005324,0.5755566099012672,0.5123935897355876,0.08258775225864513
2015-06-15,0.7310267403952697,0.05220072006446446,0.5252901261478939,0.245789477109025,0.06511761501140867
2015-06-16,0.6806693258558743,0.18895824295825117,0.625969835949265,0.4200907318625412,0.08820609823585995
2015-06-17,0.7094555204152638,0.1369079255183017,0.5235527715741337,0.30510338378749097,0.019788980413050817
2015-06-18,0.6687191119317668,-0.05696993319841525,0.5546324985036231,0.39142513982043814,0.06410428550111842
2015-06-19,0.7778006592770427,0.30970949028498396,0.48788188694123596,0.5188085345841329,0.09223645981093068
2015-06-22,0.6993292460780713,-0.1790991960308766,0.4983890246919933,0.4025960909301825,0.06439658197340496
2015-06-23,0.7172267793688475,-0.0374910645211392,0.6516410891330346,0.2577857654647755,0.025856999449014085
2015-06-24,0.7182617916718801,-0.06565831586155345,0.5649989650816702,0.4203407440529921,0.013665039543339086
2015-06-25,0.680129125132953,-0.036830443401571517,0.5479130569725416,0.45283337806331003,0.0714897620445457
2015-06-26,0.8454015766831311,0.05552919867596511,0.5576479349815746,0.5539187935386076,0.06556815679278055
2015-06-29,0.7752794169512138,0.12450116008387693,0.5840365465098161,0.521739561172708,0.06289930834220839
2015-06-30,0.6863347076536019,0.08588781783429608,0.6052922832615184,0.4647249714308869,0.06558386695800268
2015-07-01,0.8216634303408324,-0.12006621929952961,0.5515045261193116,0.4051157857591958,0.03693429513956188
2015-07-02,0.7281821856111789,0.24123463256892827,0.5899000033740599,0.4334905481920025,0.030524005593010807
2015-07-06,0.7260636461054844,0.1534032724251395,0.5429105470360122,0.4143042311054322,0.03654902611348342
2015-07-07,0.6726879045016781,0.1797512271941174,0.7031261698030868,0.2725768189121246,0.09114535033804425
2015-07-08,0.6867851327121391,0.09870832740083654,0.5145857886002443,0.4226758950920254,0.016857815119738252
2015-07-09,0.8597148780800463,0.2471688405621265,0.4993329106864668,0.7074305559916947,0.04590882155951453
2015-07-10,0.7194647887882962,-0.1600676628611202,0.5575429093910216,0.23896695634107928,0.050921135609177805
2015-07-13,0.8736838189050963,-0.15717947940892202,0.42444210148126693,0.4850125524683631,0.05451581517001325
2015-07-14,0.7759982964152083,0.3718236264005431,0.45000654730178863,0.4214432403078837,0.03409988408618354
2015-07-15,0.7234143588469559,0.03826909036801623,0.5497222727810676,0.38034243420000796,0.023603256150471152
2015-07-16,0.731875644724128,0.09163388803471682,0.5580939760216219,0.2433801369050943,0.0117705767733022
2015-07-17,0.8153377721974844,-0.1934640636394101,0.5774881039196794,0.33223095547286086,0.06676789041142549
2015-07-20,0.682282545215828,-0.08183791318667318,0.5071771096251568,0.4780303910785812,0.020334221856062918
2015-07-21,0.7044229641226789,0.0006547516700063037,0.4699563502034012,0.40061536696468214,0.08789376187843959
2015-07-22,0.7064568895028773,-0.2488690654905152,0.5200772309829371,0.5074825931151077,0.07279599385373063
2015-07-23,0.6752656456179557,0.11297891682752799,0.5050510379175704,0.405024549031861,0.021130483137885615
2015-07-24,0.8011174115844408,-0.370798232375844,0.5802636911336864,0.2054193361988007,0.005094207756577984
2015-07-27,0.8143309791608724,-0.11479711988168957,0.5630138121032728,0.4734730081294202,0.060263662623817583
2015-07-28,0.6522584613169347,0.3921648097663822,0.6403208296914544,0.4842718997533142,0.03199612118771061
2015-07-29,0.7504535286116757,0.12849045650655444,0.5119741131691851,0.3414172837343764,0.061503498716064864
2015-07-30,0.7209287222851751,-0.17074037765868078,0.5737079049833872,0.2572985992789705,0.058677777189280425
2015-07-31,0.7098538590351224,0.10368626722870643,0.5290289491862278,0.5922217986471555,0.05950627919167907
2015-08-03,0.73985348199776,0.21956485290459793,0.49834426684249533,0.39177234800322885,0.07517081659992897
2015-08-04,0.7719490571797748,0.12802305573152492,0.5476221504845709,0.3732142073680885,0.08426443965084392
2015-08-05,0.6880365106054368,0.08614329154540393,0.5884695498590692,0.46530518311611335,0.06559546712084371
2015-08-06,0.6946164342143305,0.17412177461169304,0.40580845700546625,0.42366411476255467,0.04104407853066614
2015-08-07,0.699859819260814,0.1360846667709351,0.5226794213737599,0.3743338335713693,0.05066135578707929
2015-08-10,0.7577689267933247,-0.2160310466756704,0.46145970858157914,0.32341664505734363,0.03176590456367347
2015-08-11,0.7343493012442286,0.20796133159978056,0.5250852944825586,0.46861678313159805,0.07534456700179319
2015-08-12,0.7802688350181383,-0.4457135202486999,0.5263215098462083,0.4004350974157084,0.04261238668687716
2015-08-13,0.6460292541596413,0.22820612775382898,0.46495236245798816,0.5222128064511623,0.018114722457311282
2015-08-14,0.7602044073990691,0.0902599494090283,0.5324324395109313,0.5233845752035875,0.08592072893969738
2015-08-17,0.6976054721639897,0.08379605649047592,0.5540014812925326,0.3068213207126908,0.09413539558567596
2015-08-18,0.7310807419737018,0.20432062407505552,0.46176990882649743,0.537851394291662,0.09645222372148257
2015-08-19,0.7299930513989813,-0.028469668168903624,0.404346017402047,0.37432492798013706,0.07340878153666212
2015-08-20,0.7210034608114977,0.1153836229485734,0.5277439219980053,0.507711274223852,0.009589511617312363
2015-08-21,0.7563294128623926,0.31262081251080076,0.3946803212421001,0.26569538111666624,0.07403288241553667
2015-08-24,0.7749529753233098,0.16700331148101283,0.453536933165975,0.18636108690279582,0.0007046947708451379
2015-08-25,0.7977361024012666,-0.29768368772757847,0.542185019589632,0.4163035983709632,0.014339373773166443
2015-08-26,0.7887908463276652,-0.3513230828741398,0.45554487141815886,0.479476383123969,0.09742907401997487
2015-08-27,0.7404139054618107,0.053539876641626155,0.4442665377239797,0.3820141592745147,0.060134615111132855
2015-08-28,0.7544530266172113,0.05534294446859714,0.49379082598986535,0.40608755429272025,0.023705732913847113
2015-08-31,0.6960106858153464,-0.12805411942300923,0.5548840567477485,0.2932327925140654,0.004051035653687196
2015-09-01,0.7670289384624003,0.14132222660413962,0.4647343358538288,0.27065516021545377,0.07799640933975963
2015-09-02,0.805858568632306,-0.25092527121758657,0.4359438040623867,0.541397438295981,0.05011434975774581
2015-09-03,0.8007662531767379,-0.1025988647610213,0.5416060027812959,0.2741555216101439,0.0738878984546378
2015-09-04,0.7865281182585359,0.03638229961402283,0.4937974133696421,0.5873218469359393,0.010884880919106832
2015-09-08,0.7294240544160029,-0.47350178022339523,0.4420497260512767,0.30321834878621745,0.02053435597756145
2015-09-09,0.6819572110776821,-0.053133655648468274,0.4469683741331946,0.5473560380496678,0.07829418610804319
2015-09-10,0.8075108616019397,0.03408313390334936,0.5551934585531908,0.2526413076965445,0.08620670416866578
2015-09-11,0.737990558025252,-0.32940108709487304,0.5030742378352094,0.3956554476850832,0.06373718989039948
2015-09-14,0.7679367921406457,0.45938277653686765,0.4942084415295606,0.3946136086459197,0.04462727835067701
2015-09-15,0.7863046715764926,0.31771081465344,0.4733522571016359,0.4143252072934534,0.06245146834962448
2015-09-16,0.7376445365874549,-0.2720729061160606,0.4616861661735692,0.35923530147763627,0.07691561154044942
2015-09-17,0.7515690249876278,0.07761552747440233,0.4750003794708855,0.5049181376258889,0.038460361627806076
2015-09-18,0.7682015210853249,-0.3636387701241937,0.5625811476852474,0.3999199829825525,0.0031225155418560637
2015-09-21,0.8000002408225144,-0.026866431122947173,0.5114029948009634,0.4415954555475614,0.07357903276834564
2015-09-22,0.8270282332429272,0.04473786535407122,0.3909655670034879,0.321116692728178,0.06038815172020104
2015-09-23,0.7905012147365631,-0.09115642176593436,0.5059125753734877,0.34126143938488895,0.014568827468468916
2015-09-24,0.750155331525443,-0.0160398672092688,0.5718821389094617,0.4608438459770529,0.04532300969529604
2015-09-25,0.696204318752228,0.016153466338977737,0.5228318429417618,0.4642214506081384,0.012614672803650629
2015-09-28,0.696904590243528,0.509033556549882,0.5080403478499075,0.3606288790065797,0.056391561199782385
2015-09-29,0.7848561229129961,0.051431279406230615,0.382257090301608,0.43763989487824406,0.016019662316561156
2015-09-30,0.7677016372715831,0.04248455061759579,0.44753417518957395,0.40937549024056175,0.03946028888673173
2015-10-01,0.7378137554014594,0.23070920602234374,0.5300421558352937,0.40668423239317747,0.08294546241824224
2015-10-02,0.8024988397180013,-0.1467659333450924,0.49815692968427044,0.45389079835305024,0.04347679167302675
2015-10-05,0.7207355186944611,0.27366139469187356,0.5670494453934909,0.4011646153864115,0.003164235797338799
2015-10-06,0.8546569842831506,-0.2648517764958856,0.4818591424289677,0.41789714899675445,0.02607236486814739
2015-10-07,0.7729893615114197,-0.16577468121707314,0.5106444449750556,0.2376189566011638,0.02114785416633107
2015-10-08,0.7060167596742104,0.13675489869764282,0.514107197385945,0.5196932185640792,0.024042398949932344
2015-10-09,0.7444618935102567,-0.2723674704378275,0.5823419220513011,0.48361808530327377,0.06393542335174414
2015-10-12,0.7227578162200661,0.28267983135697644,0.5119785378176389,0.46047109697362376,0.03999209165882376
2015-10-13,0.7333749419847179,0.08988048983594986,0.47943648946090067,0.4623816917947902,0.06046667141991106
2015-10-14,0.679701671757865,0.19378057717089325,0.5143878820338552,0.45741049922762506,0.04207188694170654
2015-10-15,0.8098854321933869,-0.06596714361791305,0.4804689712594058,0.20960167538918667,0.014576687537580547
2015-10-16,0.6825271684701162,0.19314577972747382,0.4977116235757521,0.45532077428519246,0.03536479208407808
2015-10-19,0.8195093233270229,-0.014355625752333519,0.4381556332407374,0.24640864123068862,0.028542176539760034
2015-10-20,0.7744744918790575,-0.04985936500990461,0.4685241515650464,0.3857195113255277,0.05431584156831557
2015-10-21,0.7336009489064105,-0.16209538670210702,0.5434955562514192,0.28002394437551126,0.060948233634779574
2015-10-22,0.6931096149648732,0.08727893016479732,0.46756075362456334,0.46415965645190027,0.09984947369725944
2015-10-23,0.7943979038805656,0.2566568181410038,0.5844914240388212,0.3940595728573512,0.04366090728311093
2015-10-26,0.7234054594265813,-0.035050269454603315,0.578375489214627,0.45117699624204016,0.07526641887641289
2015-10-27,0.7369712222747795,0.22757941933589731,0.4922452638383562,0.536027033660186,0.037212360948035116
2015-10-28,0.9040495983969263,0.12123652980895105,0.5104626312512587,0.24555961671655635,0.06398095083151777
2015-10-29,0.7898351941877851,-0.038344359991719625,0.6496770599760987,0.5563768498734292,0.05237532394365707
2015-10-30,0.7598739847219912,0.20039360733425698,0.5454813433294552,0.2574361906118099,0.02627297151985858
2015-11-02,0.7634732401539087,-0.1294235733931434,0.5100057386281038,0.3615894850397902,0.05985705595688067
2015-11-03,0.7078390850485268,-0.08031093388049126,0.5552061919534148,0.534208098725005,0.07678488129492561
2015-11-04,0.8902608427087366,-0.2027434350299676,0.5303139805008172,0.46250006960143764,0.01278107548134404
2015-11-05,0.7605181227683541,0.2794978378597444,0.43967742159889245,0.49970886804407655,0.03324654555543262
2015-11-06,0.7487881612822103,-0.27837073210872626,0.49014213250546956,0.4936982219214066,0.0552498428140058
2015-11-09,0.7374244830494526,-0.3423595375060081,0.4825438067449141,0.3085237294189538,0.022109183652873066
2015-11-10,0.7158186432672872,-0.1388085042146201,0.4812526766442145,0.27089407806741744,0.04040020067279479
2015-11-11,0.6520655412160641,-0.054493752051476385,0.4615217374019783,0.31849175868270524,0.00196017957269623
2015-11-12,0.752189783185638,0.08440595584918278,0.5123179367491205,0.48004352563099195,0.08675902115935541
2015-11-13,0.8005108241009279,-0.07269658426852832,0.5896895995223514,0.42465949184957447,0.01711372017773091
2015-11-16,0.7264570434199428,-0.221311000164408,0.5424713363427727,0.34900274764951844,0.004568697868791105
2015-11-17,0.7058339163224892,-0.037378906889865754,0.47046731056985425,0.4593714018053177,0.06957031538204143
2015-11-18,0.8697975853143174,0.1890541656597069,0.416710015463462,0.41225750225106594,0.01896806075221268
2015-11-19,0.6446185640467071,-0.09511877575824808,0.3872714162470649,0.33360374204804133,0.03883258157873533
2015-11-20,0.715994212958727,-0.08716094248290296,0.4450930336387169,0.4011681727750513,0.032584906191613715
2015-11-23,0.671170998552354,-0.1764933722668718,0.504154830926196,0.6053049559476373,0.04164842672890498
2015-11-24,0.6995493388195955,-0.018058298246125103,0.4814009032770271,0.355833328540618,0.05865490916208798
2015-11-25,0.7961695117749766,-0.0568954333592496,0.5424893455688835,0.6992837416424222,0.08027341532713829
2015-11-27,0.8250258393276523,-0.14205911059510665,0.5765306737984967,0.5836348150271055,0.08282350795424426
2015-11-30,0.7849924620046322,0.14076196259330923,0.46615771975728626,0.3851799633948029,0.07388310401118774
2015-12-01,0.6801816884853834,-0.06352178267078783,0.4909529038440864,0.23848252026461964,0.024468473298288718
2015-12-02,0.8141281446517912,0.10713847359502104,0.5896807552419276,0.4786155224148357,0.06647833194930634
2015-12-03,0.8361041265133654,-0.005019447451997874,0.4794988277008367,0.2628593987576728,0.07034969446451414
2015-12-04,0.7393479501570865,0.2032576023929087,0.6147709311621972,0.14293462778185068,0.07807803128009504
2015-12-07,0.7569047811852244,0.07383973235573492,0.5884270830199939,0.5599168634644571,0.029387599261510966
2015-12-08,0.8469654698167493,0.046448783787772785,0.4821913658266953,0.39701848140102736,0.02978314462023851
2015-12-09,0.7153482016863537,-0.266384241217155,0.47965586724430803,0.24481787667711724,0.04502098276673621
2015-12-10,0.7410845059745159,-0.023405654376178153,0.49141424265475664,0.29958668680744305,0.07286894901977556
2015-12-11,0.7011862671164659,0.10102942475846716,0.5996851959127063,0.36605054871140796,0.07019788517064347
2015-12-14,0.7523608196902953,0.15779997483030156,0.5826766696695754,0.25837834855385894,0.0935100895953599
2015-12-15,0.7018905260548031,0.08355196453068466,0.47832152387100546,0.3376533869991211,0.027906749952226008
2015-12-16,0.7517784542380223,0.3177860522610594,0.49550189386898263,0.371932902342945,0.0170773522228152
2015-12-17,0.7851095132735666,0.16379230807824618,0.5416458050226698,0.3498799332864647,0.03240792301589505
2015-12-18,0.7391855105406385,0.3303627065451191,0.5003461501455284,0.372609378130914,0.09061633251384064
2015-12-21,0.7654822701911459,-0.11436237296900693,0.5932459118139292,0.42169572233531716,0.062040541425954804
2015-12-22,0.7366855690165051,-0.025681002901022376,0.476758569300436,0.3478173566029481,0.0017483685481608502
2015-12-23,0.7286155012116026,0.0025414092556289925,0.5263651956623969,0.6072820722123353,0.037168349267540327
2015-12-24,0.7813150375303045,-0.25919979081950467,0.6241038119571174,0.5852467427550805,0.030086721102123418
2015-12-28,0.7539192920157034,0.10004289081809453,0.5711375406219785,0.37577743766637,0.004505449143951412
2015-12-29,0.7127689692457307,0.09749488621950292,0.48034695943715355,0.3613240134403667,0.0182759733759717
2015-12-30,0.6427645164370042,0.2752191887287748,0.526442096039947,0.3001411026353665,0.06261097210696338
2015-12-31,0.8264369491185221,-0.15570822205563162,0.5352771785084509,0.4785663859897028,0.04655276883780284
2016-01-04,0.7604889429445795,-0.40088010805434937,0.5264524526747786,0.2958623116837582,0.07452228111418406
2016-01-05,0.7824876880982086,0.062336295220662225,0.5079590321084635,0.31780930086514375,0.042333471358911114
2016-01-06,0.7152698520511448,-0.026797443157734076,0.575493792445609,0.3514939659090659,0.008811438126049165
2016-01-07,0.7973918278869523,0.2218126054512911,0.4902224000367054,0.4117429655222629,0.09541584506755185
2016-01-08,0.6855440598443597,-0.11905279945302093,0.556327467620355,0.5218240253164794,0.03409730329755641
2016-01-11,0.8171841476685217,-0.20853749217222864,0.5313310892758598,0.5937243624573166,0.08182104983078978
2016-01-12,0.7856569094563955,0.02077473484887574,0.5234520326117754,0.32646994746803926,0.08930752289693152
2016-01-13,0.8371013231784571,0.08950560806309907,0.5974264501748204,0.48164353419168804,0.0042221569784613115
2016-01-14,0.8069511419428637,-0.11919731082479566,0.5173406349135329,0.3475049905206343,0.00863025905668926
2016-01-15,0.7589817976672857,-0.09137584803592944,0.5752873107447953,0.32552703302500624,0.039304854251307954
2016-01-19,0.7541578847400353,0.12456174306600534,0.5999696038262599,0.3930230158701845,0.027160507810118507
2016-01-20,0.7542588424479164,-0.4421180668159386,0.5838042656325699,0.3051065934604885,0.09139610493528671
2016-01-21,0.7157322690811763,0.3312804429324841,0.5047885692968128,0.23863749058251163,0.008432522078085203
2016-01-22,0.7734795954183684,-0.12919492154268483,0.5383891249241348,0.499159097965779,0.08390730435705508
2016-01-25,0.8300335959516154,-0.20786170345530952,0.5624289114167497,0.3408450785718393,0.053295177901314966
2016-01-26,0.6360863399296469,-0.0008754830123652146,0.6113787162098369,0.4829589303266946,0.0059925326635318805
2016-01-27,0.6979365114624232,0.12433903083568827,0.5950948011252248,0.4770023712811106,0.04459826887530991
2016-01-28,0.7587373825197339,0.033052623647165984,0.6208885868409617,0.23048734884892697,0.007239938624514242
2016-01-29,0.8230869120203668,-0.03289346874899723,0.5147288636925484,0.2756570374180851,0.0867810680097608
2016-02-01,0.7235143173708573,-0.16314879036358998,0.5726644652140948,0.3859244483141582,0.0958801689766478
2016-02-02,0.8015301418699294,-0.09037051605554336,0.5894501660120854,0.44253651436036967,0.06304773896858311
2016-02-03,0.8030653472954251,0.0979104689321939,0.7092994679481175,0.3246544044779617,0.06968396039720694
2016-02-04,0.7058462027352719,-0.3517045456881872,0.5897816793166495,0.5165713222679154,0.08160386431934374
2016-02-05,0.7839263565745623,0.054817939672382326,0.534401317378712,0.31536997322054083,0.06857408081332181
2016-02-08,0.7430077910856359,0.043879000843086505,0.5846652722633437,0.44510558456395044,0.009486473133627682
2016-02-09,0.7223899152361657,-0.23913153423876118,0.5769827994014265,0.456497884598835,0.031543981476881
2016-02-10,0.7807573847294366,-0.086203751090295,0.5909065759680431,0.40706271805844296,0.05043882138179472
2016-02-11,0.7520806198581819,0.30830711737474825,0.6082377768530538,0.6500343403330735,0.043242835555032
2016-02-12,0.7434946872675329,-0.3241334683905922,0.5495785459664626,0.39433058507961594,0.023919363034022423
2016-02-16,0.6140391254547213,0.1680797917522187,0.5810896598750576,0.5670961313231249,0.020305761152990365
2016-02-17,0.8386719413324044,-0.31850395652410346,0.6345606535117373,0.3655527213296311,0.07906866912554271
2016-02-18,0.7298977560805051,-0.20397923862681921,0.5908629615102717,0.48195133214832525,0.012845289745711653
2016-02-19,0.6892749396018371,0.12759504326343263,0.5117483450676497,0.4334921305809127,0.022982840284878306
2016-02-22,0.7391354246307716,0.024396155157782595,0.6010158506447878,0.5262272041863963,0.02772357943711187
2016-02-23,0.7050343133156497,-0.10268290181395189,0.5077494437122501,0.4043995272861979,0.07476665515996393
2016-02-24,0.74238539390271,0.019183091830906805,0.6255035204763578,0.3713077870073017,0.04444358891614423
2016-02-25,0.7249463970303882,0.20315526056320415,0.5491260431845549,0.4474649656675839,0.03279849879844467
2016-02-26,0.8116992107469755,-0.16611283046908532,0.5414548583754472,0.3466922995333241,0.08274364355457378
2016-02-29,0.6959276071865828,0.4494245453676083,0.5935335405287561,0.1933754710597235,0.053841689601416526
2016-03-01,0.6513691779892359,0.2590967391710838,0.7041013675913532,0.4275735409854049,0.0439470104636486
2016-03-02,0.7912274471067061,0.2627410209542562,0.6562394987722626,0.31905716382005134,0.011357859532356164
2016-03-03,0.6673008870834282,-0.17810113177289333,0.5905410788148248,0.4442791184251971,0.09063873791821216
2016-03-04,0.759751644910631,-0.14737768091818246,0.6215285583158545,0.28340271843870524,0.07632253311871406
2016-03-07,0.7808716792110669,0.7241800762409417,0.583790394090316,0.3506749961004936,0.04439257226641358
2016-03-08,0.7404393473669135,0.2622710745912893,0.605065492907978,0.44595349722110345,0.03978669218974007
2016-03-09,0.8012522971462698,0.25802944902567293,0.545637511373073,0.3280606206605735,0.021234639449387818
2016-03-10,0.7774471093867499,0.01976553870805179,0.6701421671189502,0.416992097720539,0.09943260672353765
2016-03-11,0.737840886987291,0.4067082231156744,0.523360948292567,0.4490192008057008,0.06938999362262792
2016-03-14,0.8507601940580949,-0.018663152749153585,0.5315532388966256,0.392190395371213,0.005376460972922537
2016-03-15,0.8055839801608532,0.19330489044056293,0.5527314627339884,0.5314247674061447,0.01684256896498737
2016-03-16,0.7706242945533907,0.1567391854293338,0.5523698663021459,0.42406988179461413,0.028731481165077954
2016-03-17,0.8000567192251846,0.27413412838381096,0.6220604165130648,0.413579768192308,0.005351244579776738
2016-03-18,0.8031904858758379,0.030692994861008457,0.5796570900107914,0.469768225990298,0.08518126490281051
2016-03-21,0.7665409764168566,0.40334389156097306,0.6534755172377408,0.37711662275821656,0.0327337377917762
2016-03-22,0.7725990788859641,0.11153863976086816,0.6467643510048026,0.4813047396118397,0.055013335767188365
2016-03-23,0.7132842680640412,0.003438132131169504,0.49217615223820144,0.3724293925545633,0.03292593194937626
2016-03-24,0.8078612464303566,-0.5149309441453503,0.5765894635363995,0.31860966312296995,0.018790929125473057
2016-03-28,0.769481311015579,0.1476275837835886,0.6041302563067761,0.25867392291574354,0.0964662552640237
2016-03-29,0.8274207098151598,0.10204911213964439,0.5955677599889057,0.39598514468386425,0.04713921395695314
2016-03-30,0.7240331544849382,-0.05135044210455875,0.6991992519424506,0.4753772647882737,0.011465803155668464
2016-03-31,0.7020142414598672,0.07637425804225809,0.6209123218779113,0.31931796620561825,0.03431646299256506
2016-04-01,0.7741502166631822,-0.04761959471954087,0.6115776561350256,0.425449634750512,0.028750345985615634
2016-04-04,0.7550797187217495,-0.04197607815834611,0.5740894905976612,0.3856515015247522,0.06882729071303498
2016-04-05,0.7293344081803586,-0.02429862530049669,0.5677345850792503,0.5232276243266052,0.009866641831048184
2016-04-06,0.6667219710491525,0.021877402904365267,0.5553622545616508,0.4059447855138752,0.03846662226401907
2016-04-07,0.7728425205513154,-0.10558486332638589,0.6392779944405934,0.2885674922120034,0.08761530754822103
2016-04-08,0.86186526167862,-0.3864061464405625,0.6835380128905909,0.4561523932064673,0.05469983060050924
2016-04-11,0.7002253305578714,0.06424358671828823,0.6147985248266751,0.4812479061668828,0.0008105302853307017
2016-04-12,0.7422031016971918,0.3413946147729292,0.5025498642905198,0.3045864564863357,0.08385904573870397
2016-04-13,0.7554102470263744,0.3714130212217064,0.575775081772258,0.3736156341164908,0.013438929817051616
2016-04-14,0.8307118647419284,0.3911626432733293,0.5747196362907704,0.5082663150010612,0.08960897843136978
2016-04-15,0.7689006678651664,0.10834660903977673,0.5823863370693934,0.37309089924409694,0.009420175740139314
2016-04-18,0.7829711051849568,-0.1319634116747231,0.637266195472888,0.3753647771658088,0.015371112795315823
2016-04-19,0.7771183844342011,0.17175850859773412,0.5828359140567869,0.5174676588916882,0.050559275333349966
2016-04-20,0.8031926393328639,0.02183075128392593,0.5841421865537499,0.5014276655851309,0.00913249454768299
2016-04-21,0.6536538121328459,0.04940411089049382,0.5312619174770175,0.4130385599118779,0.06830526395206264
2016-04-22,0.7340711084373928,-0.03705596132363423,0.617596192069335,0.3648481594354108,0.050698405351381585
2016-04-25,0.7898388763596085,0.15020162156084946,0.6472359884441414,0.40012239211236483,0.07313057292233585
2016-04-26,0.7698592208548352,0.22279929945837362,0.6020686505793497,0.3843550881449483,0.04774406439212469
2016-04-27,0.7143712516533548,-0.0006074453447848003,0.598832946093163,0.2520447664378599,0.04437828814717082
2016-04-28,0.8238619721358866,-0.18779327500989731,0.546057696887896,0.3920830859841248,0.041980817225518045
2016-04-29,0.7433621747565456,0.06663129993926986,0.6189168418734711,0.31291383136294604,0.03269971639988356
2016-05-02,0.7945883894126707,-0.25628862720262807,0.5861200099881549,0.4342982154883361,0.01077428296983809
2016-05-03,0.7319277903009127,0.07535958103217598,0.5186281613754459,0.4293662383209662,0.06974756463674252
2016-05-04,0.8368005272847,0.0662179208026116,0.5725488211000901,0.22286969964922318,0.007903301079205316
2016-05-05,0.7951387602253752,0.15243202212507964,0.6022491857883518,0.1457466773606445,0.08063020746380567
2016-05-06,0.8332638797034182,-0.08522071081963707,0.6329724802583233,0.5628501808062791,0.019958910538469245
2016-05-09,0.79151520231425,0.15172919007954064,0.6867488474604255,0.5747521585235841,0.08168968410013616
2016-05-10,0.6878036965154637,0.02317906757771426,0.5438627934958162,0.4506060803945945,0.03998718513555083
2016-05-11,0.7546330005443769,-0.0072883439730837335,0.650520443975703,0.39012529413871666,0.09535939719707981
2016-05-12,0.7656931063468734,-0.2742124612767078,0.5058117940380865,0.42661715056995236,0.09903686900178449
2016-05-13,0.7479162914319637,-0.05631514958626571,0.5485067546729897,0.18628059687787102,0.05087526954207854
2016-05-16,0.7396007943467636,0.07814857059582045,0.569198965475549,0.44435159370066113,0.048645978121945044
2016-05-17,0.7870165009795016,0.199413280922629,0.601105304203837,0.3795434529860652,0.052220687292664714
2016-05-18,0.6715175308733473,0.3050560179650014,0.5126758939978925,0.5608722919297465,0.074628536827602
2016-05-19,0.7261826672486658,0.35082663474280024,0.5885393876976085,0.326195947348056,0.06549624000526753
2016-05-20,0.6191243221893288,-0.2882564396418826,0.6200408973683326,0.6349718591623784,0.09284340604590449
2016-05-23,0.7274329485382679,-0.06339689103150511,0.5707721852846509,0.3266357116744451,0.04168855953006816
2016-05-24,0.7812550395829916,0.24003849355754214,0.5839633767106321,0.394798834895641,0.03651931063412398
2016-05-25,0.8136842698252654,0.059355177410087494,0.6462241236829195,0.2575518793821465,0.02808371243338852
2016-05-26,0.7768766200544438,0.2907709567420575,0.5543333302161642,0.584610034084825,0.022733647029646843
2016-05-27,0.6562105738751908,0.1200851305375009,0.6346460765517198,0.4164425619218827,0.09081091248789742
2016-05-31,0.7727103507350817,-0.24294558190460602,0.5162635550548532,0.416069509027555,0.08441527052707784
2016-06-01,0.7040753797922853,0.032163391053099316,0.5400954633379206,0.3554619254978988,0.004768282214619824
2016-06-02,0.6940459354790879,-0.2518673042502861,0.5612999468717399,0.5254343043934757,0.012378830911246575
2016-06-03,0.7053491122861744,-0.12223166187350297,0.5917412715011149,0.4575307223572362,0.05359575819504761
2016-06-06,0.8236233650320182,-0.102298944995166,0.6189043909694857,0.3989172710012107,0.03370691296411132
2016-06-07,0.7251641160451663,-0.2212547889207906,0.5838958832453996,0.17895706401984202,0.07440914556818111
2016-06-08,0.7477151605619267,0.4411044347755095,0.4905979486405139,0.32378890386487713,0.020801522526491645
2016-06-09,0.7169535199242896,-0.09364637347840254,0.6220194225704068,0.33448567694629416,0.06309753975643838
2016-06-10,0.7004861788277041,0.22711646078091557,0.5212458476589945,0.4015341065252509,0.055027151540831126
2016-06-13,0.7316300106844392,0.15631854658935623,0.5840308360961963,0.4752909115534507,0.016088609051083103
2016-06-14,0.7219129939020238,0.37092007373847374,0.5072312981622418,0.2637356402175642,0.0586969281340348
2016-06-15,0.7183985864635903,-0.4568793903523338,0.504368079641923,0.3095701001086285,0.009770278172335134
2016-06-16,0.7821185729227732,0.19785040028457912,0.6061870662376727,0.4359688607100885,0.08568304070949939
2016-06-17,0.7539184004928166,-0.19279377432715275,0.49861179225829044,0.46161647098092384,0.02556656659160833
2016-06-20,0.7760952581705723,0.19349329708623964,0.531685491741683,0.31600117038931924,0.013739346644976237
2016-06-21,0.8218228434473748,0.019342582497887305,0.4361512619162217,0.496041878168362,0.020566482831271105
2016-06-22,0.7813779442540189,-0.3814920204432863,0.5933241598129051,0.5513809122690316,0.08217675683091889
2016-06-23,0.8089528112114727,-0.11019654464775584,0.5794995452166481,0.313761412058655,0.025367222341727138
2016-06-24,0.7464248758462986,-0.21785177058690183,0.4791531204982525,0.5281045877313002,0.09155656240215194
2016-06-27,0.7853518711967371,-0.006417222152372335,0.5951176657937619,0.365923942587796,0.08889351460797944
2016-06-28,0.8041606886772659,-0.2181869727178711,0.49104230816146455,0.5006026369540166,0.04985764559297329
2016-06-29,0.8828704880320165,-0.1212009754014528,0.534035322164403,0.371243576574601,0.08066856364678257
2016-06-30,0.7575668073538468,0.44830579584153796,0.5613590499522229,0.4152307178826701,0.09921504631071747
2016-07-01,0.7742620779417624,-0.23722465538563675,0.4562657301749775,0.29428244106923523,0.06857859063702801
2016-07-05,0.7566887504238868,0.2773193467748775,0.5147745485085937,0.5032354947483267,0.04798438117548364
2016-07-06,0.7468595025367409,-0.25271651134031925,0.5662366989378438,0.4504336821848279,0.04710850533304537
2016-07-07,0.7706773284147053,0.09122169475161294,0.5126257784246545,0.29171471844827174,0.010359516869440633
2016-07-08,0.7229314411279848,0.26322806769794455,0.4221518447943473,0.33733879399028016,0.07696028897239901
2016-07-11,0.6783196807959742,-0.3305479059038934,0.6378314324537698,0.28552726786740446,0.014688180194183366
2016-07-12,0.6880019287773896,0.08345262656870216,0.5581722565268256,0.38795807455651404,0.08618861731217696
2016-07-13,0.823761762841563,-0.13646387049542485,0.4917713905560805,0.3729195388359857,0.03118360498965599
2016-07-14,0.7987510462993863,-0.23483021306039703,0.5752982886511182,0.5494406625537209,0.08575557193059673
2016-07-15,0.7877757485140057,-0.31271238013672176,0.5296544375191253,0.45868018005796957,0.03497164137961352
2016-07-18,0.7824120746241874,0.009840252466672436,0.4883760696774602,0.3477114355457485,0.07909573573270906
2016-07-19,0.7286572613843535,0.391216363540665,0.4970937586426048,0.41800458227229204,0.032269733281145796
2016-07-20,0.7194099832661677,-0.08138788605120467,0.5151953689183323,0.2990247708597086,0.08559154037973352
2016-07-21,0.7985817295727026,0.32830471528038213,0.5643182092714604,0.26786706665871807,0.02181319651496555
2016-07-22,0.8060874657798252,0.2709327344837357,0.5174992163789337,0.3911935530329639,0.016707437188059625
2016-07-25,0.7773844742998471,-0.12549099295851965,0.5342274602090532,0.41685245966613016,0.04500262185709594
2016-07-26,0.803791672607686,-0.1332605228452637,0.4737846597207576,0.29664125217592774,0.024852987210363275
2016-07-27,0.7347135404320875,-0.029791417196189163,0.6135855125086991,0.36600202295051193,0.007651157366731287
2016-07-28,0.581109571597807,0.11142481715153751,0.5787552911347214,0.3720039672834139,0.09532278823063146
2016-07-29,0.7238370963417192,0.07377271327473932,0.5167711057542237,0.369866643470536,0.015480446031250629
2016-08-01,0.7080522238469219,-0.10446382984031855,0.5210028623972571,0.45799375026504074,0.07001084517142803
2016-08-02,0.7395180171660162,-0.2130249571646491,0.4344046439166771,0.6373928087033046,0.041232394645136686
2016-08-03,0.843880707168185,-0.2780325358457896,0.6122046740658018,0.5064515951082638,0.06532816459355477
2016-08-04,0.7181809815068055,0.043127886723202356,0.5418624968925648,0.5318901023059489,0.0897314319080605
2016-08-05,0.8045858566890476,0.38577816578340657,0.5989028558919998,0.5445102436349867,0.020266413143651674
2016-08-08,0.72257331171032,-0.0625627943860981,0.5983144883798998,0.4066170822448573,0.06939108823334257
2016-08-09,0.7148321963615932,0.00377702287378134,0.5741667221875514,0.22346826167778633,0.02125256389027602
2016-08-10,0.685657691131347,-0.3276818499741087,0.5041764610564806,0.4990020971983057,0.04138237701483277
2016-08-11,0.7436154523527426,-0.04143146748257943,0.5767273901936374,0.4488035879077849,0.01279554966811558
2016-08-12,0.6401816043011027,-0.34524222105197494,0.5437374609278731,0.4232838916424384,0.007995087146942026
2016-08-15,0.8860911052566633,-0.1311719968386614,0.44205735523484707,0.342951665174165,0.053266069971466046
2016-08-16,0.7906292588169044,-0.03146647591784021,0.48951856264657434,0.2402952957425723,0.018982063657944304
2016-08-17,0.8233243600323614,-0.19650765255426772,0.5032677350891821,0.6144761010128257,0.07822727393677484
2016-08-18,0.7236377982016245,-0.18619229306298649,0.5979545929771544,0.6052696228678475,0.031103650931623473
2016-08-19,0.828609564476964,-0.14398559172412786,0.4673279395470852,0.5705875158920368,0.0020076438342585324
2016-08-22,0.7661263391612934,0.13400005720753735,0.47733001738302216,0.49589957735267043,0.08023156234927362
2016-08-23,0.764128264726212,0.019545456606449733,0.4961678844053425,0.40835711781418954,0.09825488634104962
2016-08-24,0.7810250768307188,0.14339868169024148,0.5436544818833012,0.42020992197422685,0.08057283924539367
2016-08-25,0.7991448760755193,0.08595949292244906,0.5405251495655974,0.3582778308170722,0.03080670873746849
2016-08-26,0.7695339475579295,-0.05650711146166363,0.4323268745236515,0.5111546959607631,0.04125196015340418
2016-08-29,0.7581094225534586,-0.01909805770598522,0.49591323284201067,0.5140340583348681,0.049857439027230346
2016-08-30,0.740020161514974,-0.05812857709176377,0.4877084002396014,0.3925908983728393,0.08194616473448578
2016-08-31,0.8060040908506023,0.04155866005258346,0.47596895787633803,0.45873384101358217,0.0036461500330396304
2016-09-01,0.8476946257879292,0.03897232912288909,0.47533063011064236,0.32449015531143915,0.029069308604474854
2016-09-02,0.7702867881875322,0.0724897932094312,0.527727313095281,0.6033536383620615,0.004206386299591658
2016-09-06,0.8321970099703542,0.0008362791284321603,0.5263213103837614,0.3949822853482926,0.06935297807423756
2016-09-07,0.7832184651882856,0.33793022908016246,0.42586577138272336,0.4656848683670564,0.02210698439916411
2016-09-08,0.8111955144322324,0.47576655303913296,0.4958630724759427,0.3891967747790704,0.05025676564758777
2016-09-09,0.7641622458846623,0.12189026690465293,0.43765132858480144,0.26524188729881515,0.08605645030539207
2016-09-12,0.7499568738121596,0.35391088743698756,0.46338143677616406,0.25575985494186976,0.06117712797315908
2016-09-13,0.7761993635045064,-0.02756562979603714,0.5587926290971764,0.2786174444719922,0.02542993482514022
2016-09-14,0.7598543349482126,0.3643779744526952,0.47031964989634656,0.5336808184309135,0.05645526647881273
2016-09-15,0.7930127892027825,-0.22723630402754355,0.5980383798420115,0.5123553171927674,0.07635248653551245
2016-09-16,0.7805898676774841,0.08793700551018385,0.5285702316959602,0.41233123880050754,0.014730129648519441
2016-09-19,0.8044706976864133,-0.050612563953886226,0.4154194427040659,0.27031561329111986,0.020819388360969582
2016-09-20,0.8748631304766602,0.058249865916475296,0.5014665807410879,0.47331256091264173,0.04624891649374466
2016-09-21,0.7321205064677783,0.19440548265294413,0.5715570608919373,0.4626480475962146,0.007851588823676049
2016-09-22,0.7412032094083448,0.0003133048201860238,0.4384497757622726,0.5480334973537451,0.08360181099169395
2016-09-23,0.7539312594174726,-0.050959196455027216,0.5405196734528208,0.4802583343072828,0.08531405334060205
2016-09-26,0.7920913482643416,0.09965921088593693,0.501635482326175,0.27149654488920716,0.0635293459727246
2016-09-27,0.7253013899833014,-0.2554984928387995,0.5060000376448309,0.22438752662644762,0.07795555574821358
2016-09-28,0.8072057522443842,0.2662975659368633,0.5405710612511575,0.23217612348275074,0.0878045044814439
2016-09-29,0.7163211935318816,-0.20512338027852406,0.46397614607121906,0.39271019972920057,0.08509131679530639
2016-09-30,0.8204183632492156,-0.652410470893694,0.5136040868011511,0.4472484094378079,0.09884702712954997
2016-10-03,0.7329176577338122,0.2471619642396645,0.5286701292824897,0.3915800977965629,0.017747319993038135
2016-10-04,0.6685214083283056,0.16536377864864651,0.5081266451797848,0.6415274513748123,0.023261598888377866
2016-10-05,0.8491407154527331,-0.2779462033846911,0.45149612020865637,0.40850843279946153,0.019963864285008848
2016-10-06,0.7921252841216753,-0.0655928628285931,0.591477020170554,0.425117246784934,0.06796766776197385
2016-10-07,0.671750415905376,0.013719320761862773,0.34843570494841897,0.47749138411627906,0.08819200984563386
2016-10-10,0.7687613924303021,0.09580320868854125,0.46043079230873907,0.3708887672575673,0.09253102200463019
2016-10-11,0.8001184022058774,-0.30753589266161035,0.4117450366147232,0.5235073138572851,0.06849586717841964
2016-10-12,0.7508088564542447,-0.07218259367415429,0.4706212653283519,0.3587829842551817,0.009477909695177056
2016-10-13,0.7906175969348136,-0.02055533040679448,0.5449051919852759,0.5510293941957704,0.04981144285927345
2016-10-14,0.7401600507867765,0.17456993476625116,0.47051637830956056,0.41563571587838954,0.04524449626087851
2016-10-17,0.8281953227032036,-0.03143376105002895,0.46117253605514663,0.3105610908486518,0.0700820426289997
2016-10-18,0.7226650755537126,-0.16873014560670732,0.6053788144925909,0.42166125623242967,0.0332757397771582
2016-10-19,0.7218988803048442,-0.24644257952183077,0.4481229534525666,0.324695509851169,0.041053622721170274
2016-10-20,0.7438158312245654,0.08251858514042382,0.5415689915289039,0.36189476234844514,0.029674152669802535
2016-10-21,0.7480696023996009,-0.21263908276671373,0.44950456017043344,0.40015918631185526,0.003354963609192252
2016-10-24,0.7109465619130894,0.18800623908441835,0.5130086765463936,0.32946539989705464,0.07661776223896177
2016-10-25,0.72174178312972,0.46756773564919085,0.5101756447868155,0.3448905056005769,0.04327579673647041
2016-10-26,0.7331701520836057,0.11875233033327373,0.4625393045040256,0.44382473499126107,0.06339638008432902
2016-10-27,0.7005264442795144,-0.23182068913674342,0.454214507583621,0.487012265282711,0.005299098980211326
2016-10-28,0.854285891912546,0.294235552766464,0.4771749120165043,0.39297352342988395,0.05559114496010083
2016-10-31,0.7321830273176145,0.21950551884267133,0.5606268244729444,0.29224701029926514,0.09112408056731942
2016-11-01,0.7078742312501763,0.1343925887192697,0.5243103052465031,0.37681799591803056,0.022744086659421958
2016-11-02,0.7453104048726046,-0.028216344427438436,0.5312249665625036,0.27165554582434515,0.02076666396448993
2016-11-03,0.7758298742678612,0.04436117401453147,0.42305310348235703,0.423657936315557,0.02120876571270003
2016-11-04,0.7590866162351279,-0.12428061730243778,0.5250928698735,0.4139115391812736,0.06949892757338043
2016-11-07,0.8316696305245502,-0.0238304993175828,0.6020922207432661,0.4349108072500945,0.06257202380506435
2016-11-08,0.7072247425123773,-0.15154618938878617,0.5241925368731073,0.4792475758099654,0.09802947390982447
2016-11-09,0.7889880628891776,0.10942478358496546,0.5178879989022126,0.3629134324966439,0.03723569859096655
2016-11-10,0.838228587674543,0.05060242554083222,0.6280131844418622,0.39778840323030246,0.09220994320780128
2016-11-11,0.7940917637136786,0.2377008890749834,0.4928789400420899,0.39941984891571947,0.00837510453189202
2016-11-14,0.7386121958721639,-0.23385934286659393,0.3911393220818176,0.28922312506567216,0.09025675589204375
2016-11-15,0.7855537438465042,-0.02221100109892226,0.4116516599313648,0.5158764362295309,0.09391605069222271
2016-11-16,0.7629908133327162,0.29199609381625674,0.38133088862546316,0.36149100717703214,0.04783043309333566
2016-11-17,0.7826887397826346,0.026824106754828176,0.5244871071909943,0.2770950000144954,0.08769348812364189
2016-11-18,0.7519780354018084,0.18394243645113323,0.4720187595320814,0.2989829454271904,0.09371275670928086
2016-11-21,0.6959971390515173,0.08328138682598885,0.49819151941928913,0.46299501402768856,0.052922562578531354
2016-11-22,0.743386358689642,0.17992668439544224,0.5436878024171976,0.39793944124646613,0.07493431454251646
2016-11-23,0.7707211102698934,0.1699485162521062,0.5134618465390914,0.3379347879017063,0.039180151940913004
2016-11-25,0.7527841065255781,-0.061731082857242464,0.6519467349477545,0.39768681677587325,0.09799293962403892
2016-11-28,0.7420659234510212,0.11212357489330059,0.5571333124200863,0.531536060569819,0.023162263081636103
2016-11-29,0.7774596264578475,0.21816977515136313,0.4835635089233382,0.25505314213065045,0.056411059355044736
2016-11-30,0.6971401422423144,0.25729859604464145,0.6139458760973064,0.4244023648676314,0.004193321563071129
2016-12-01,0.6833209405097679,-0.0918781394769045,0.5964790090819776,0.35847099759171386,0.09886642085918099
2016-12-02,0.7400296881704134,0.1790943544436909,0.597555898626356,0.473492671556362,0.0927458055935039
2016-12-05,0.7527998519160497,0.23592239433608936,0.46936237946487874,0.5649535613760693,0.008663280853549726
2016-12-06,0.7475066920529574,0.16572047850702243,0.5050472471826231,0.32002412173356765,0.06522119028489819
2016-12-07,0.6675379587184779,0.008952688808101223,0.5756166504072795,0.48329639598278457,0.06228840715203783
2016-12-08,0.789645775286066,0.016658306008325432,0.5071617573992131,0.5452608182043661,0.09870763108751346
2016-12-09,0.7786210010554264,-0.029383612347252258,0.4750280047024176,0.28849500554003155,0.06460136376896553
2016-12-12,0.7097258963800493,0.32629900492083963,0.5143857490261138,0.4290734217264793,0.05293973984478221
2016-12-13,0.698142437489274,-0.052922380193153075,0.44716915840643645,0.5580704204751394,0.07289959754401512
2016-12-14,0.71750970314247,-0.12192766495706558,0.5505126928116093,0.47148445208473927,0.08251443486219727
2016-12-15,0.7981902172577149,-0.06440189897846305,0.512874694943609,0.34988415748744106,0.08064463977387862
2016-12-16,0.8365385298637283,0.011570692545587541,0.5607375074713102,0.35043003713132204,0.0946903146208375
2016-12-19,0.8425655125664143,0.28274199550428425,0.6036929449482064,0.47619650792253615,0.06081552388947997
2016-12-20,0.7899343422653924,-0.006446897043230638,0.6002314807562954,0.342573995137886,0.08296533991663073
2016-12-21,0.6543939511740327,0.125900525726116,0.5256019929480158,0.32405343089135236,0.0017127890235922871
2016-12-22,0.7788101430874875,0.25317368524624634,0.5602817141737937,0.5457143114733307,0.08613365442012957
2016-12-23,0.772326877035335,-0.03729429470760761,0.43087241259675463,0.47391985666875547,0.07246402405785517
2016-12-27,0.6949052734205516,0.04502582346390494,0.5183538394822857,0.47024695948923156,0.08850611242885409
2016-12-28,0.7379697247826154,0.28607135926422406,0.63240200415387,0.3037382679433562,0.024674007525284036
2016-12-29,0.7473077805161857,-0.2057222791463146,0.6369071150210357,0.33721549834448766,0.07263137388925149
2016-12-30,0.6995659922814152,0.19895262013562445,0.5718048088723102,0.26848955168991645,0.0863516311747125
2017-01-03,0.8293946850808346,-0.44906446002568035,0.5509239489983353,0.47541691140496267,0.02441322943868969
2017-01-04,0.7408318194946636,-0.0968049156841208,0.49241806404112676,0.25940155576130364,0.06747229573862064
2017-01-05,0.7730155107424578,0.05776047505147805,0.4428109015670385,0.6162773534273636,0.05750900716857676
2017-01-06,0.8016512268131879,-0.17360971274472733,0.591709813957451,0.6153798581486378,0.014844798913234415
2017-01-09,0.8384907477273176,0.06613919059586144,0.4701442957457492,0.3578207555393027,0.024356217692156512
2017-01-10,0.7909176248817835,0.11912046550557487,0.47359832974277066,0.35674849606022196,0.04451787930527121
2017-01-11,0.8197594591995129,0.09739262491092861,0.5747765191218216,0.4904879933931364,0.09611964260171067
2017-01-12,0.7615213971257764,0.14164182295309444,0.5575520017742449,0.19998712371627972,0.07432563533914743
2017-01-13,0.7898691335144288,0.3831718735654249,0.6305190260065323,0.3344292174304348,0.07055414370628026
2017-01-17,0.6982747825706541,0.10560324411771554,0.5809132536676449,0.378777132526785,0.018133973503235357
2017-01-18,0.7840182305440201,0.1080589463903196,0.5822971280043878,0.4779664220738076,0.048511108796251146
2017-01-19,0.7755999940301476,-0.012865640621491946,0.5314625579666364,0.389349424418598,0.03306087314721649
2017-01-20,0.761022998023481,-0.07468709826620405,0.4858018538791018,0.3218771841138618,0.05533946102925084
2017-01-23,0.8247394214649297,-0.2264915622343965,0.5547385891087441,0.30044607258331796,0.045309968518320455
2017-01-24,0.7706014586480242,-0.08042208964811215,0.5528259485970094,0.28605537346917237,0.021866083337277645
2017-01-25,0.8322551450881104,0.03369094065772675,0.5780105753417321,0.33359292083815184,7.588098767327135e-05
2017-01-26,0.733272795817929,-0.23856661270685742,0.611776902163866,0.40978342192954187,0.0839565000171043
2017-01-27,0.7676943295067596,-0.3324537415593006,0.6248493111415137,0.4663163686416819,0.09680738778266129
2017-01-30,0.7159932975125447,0.06648325808278382,0.5411620191348385,0.4025005524783126,0.0389376668085869
2017-01-31,0.7851725847054498,-0.0213951093308211,0.5337726705800103,0.2891895383028384,0.0994706950392014
2017-02-01,0.6901584230162127,-0.27002964285218883,0.6059207049125973,0.4649326482620232,0.023167361383111373
2017-02-02,0.8727194655642673,0.2068987743776335,0.604152850648867,0.46241880236346367,0.05583461181854078
2017-02-03,0.7932776017899753,-0.2131721547637938,0.5239551697686291,0.44591240658581377,0.08975436944057441
2017-02-06,0.7097286724157332,0.20692261244028867,0.5887224387895416,0.4613113594130648,0.05512220757805202
2017-02-07,0.7416573260450591,-0.06444118350443492,0.5592353948115433,0.35687516753573945,0.01315906166745704
2017-02-08,0.7618239291975254,-0.012441719406655928,0.6442337464254414,0.32063048644700914,0.002174140882017939
2017-02-09,0.787032870346055,0.02263065078474179,0.5888682902348261,0.5803870657096566,0.09707376426428133
2017-02-10,0.687318187593178,-0.3001431085473089,0.6392877092520562,0.4059439667504682,0.039717794792390106
2017-02-13,0.7269502719070906,-0.039662760854613135,0.5493445300021702,0.2905383244721299,0.004421700402949103
2017-02-14,0.788527058269865,0.07453062044365312,0.5995201166550038,0.281402329374791,0.010719087392035188
2017-02-15,0.7136808355303609,0.16093044502361956,0.5859742198852264,0.45147986910485727,0.026720242468289537
2017-02-16,0.7525478704857127,-0.022048140496633173,0.4987748088734447,0.33777283422181126,0.036318547031236305
2017-02-17,0.8225408695818426,0.08271691460490257,0.6098943485904268,0.36284260777624244,0.04409437701629331
2017-02-21,0.8179570629206134,0.3716533150166416,0.6792067399697949,0.29655527274861143,0.07530093570856428
2017-02-22,0.752495862499407,-0.041799488910627174,0.5245125786751007,0.504034096299546,0.0973051921070617
2017-02-23,0.816537495772348,-0.2756125044154229,0.6626857990770264,0.48342367907240114,0.03043949293536018
2017-02-24,0.8473336479805652,0.10808232148343871,0.6055295873189165,0.49399819002338113,0.007255022456755345
2017-02-27,0.7528816452514917,-0.17521450807728833,0.5940364984980642,0.4271310188626746,0.053317038340671356
2017-02-28,0.7143783947021457,-0.24774828994996217,0.6882376391975882,0.2921333628506392,0.0597586998577793
2017-03-01,0.7365808277385909,-0.2429560550322278,0.5693942049276738,0.38387767968209074,0.014173195202129797
2017-03-02,0.7868421138096611,0.08654008647110877,0.5909902894037731,0.48184669949940695,0.022565976027995628
2017-03-03,0.7134387454061303,-0.2813736088066826,0.5599952145141422,0.31282600777454994,0.04073341179192347
2017-03-06,0.8042988804976868,-0.012084850051465635,0.5311523048248324,0.4545446617458979,0.04449671312054198
2017-03-07,0.668371192021466,-0.030217622471260933,0.5775031295325749,0.477660398190913,0.0478125114717788
2017-03-08,0.8299860292092011,-0.2480568679802404,0.6431641425735084,0.4252486088777066,0.04482251272040147
2017-03-09,0.7754765182730665,0.287027449857087,0.6566447128015541,0.34529693452759097,0.07772402642408426
2017-03-10,0.7614617045268481,-0.09384371863820143,0.6436379864763002,0.4418701537487486,0.05240442097888762
2017-03-13,0.7052320233302725,-0.3098693258920602,0.6031741012297075,0.43764376417625406,0.0315686434332886
2017-03-14,0.802226806343725,-0.14437445086885087,0.6683538474198195,0.5164834179437163,0.06702620277500597
2017-03-15,0.8125997994854544,-0.20516481700393308,0.6043234856237276,0.317285754916935,0.04630330063803745
2017-03-16,0.7724055012558557,-0.09141828549478656,0.5925221954509439,0.4169255349821297,0.033999090455009165
2017-03-17,0.8493009651753082,-0.0644617822029902,0.6353601502054039,0.2685362512610457,0.08949273069836788
2017-03-20,0.7812320537639498,-0.08776392348590432,0.6159529090583316,0.48966670051501315,0.0818235871424578
2017-03-21,0.7909906023603209,0.17560177372650276,0.5819179353313333,0.5794567580439056,0.0635964895719888
2017-03-22,0.7537472429911848,-0.009690505542569035,0.6418217640874823,0.4590780420703101,0.00253391257506147
2017-03-23,0.8108955660021879,-0.00027004545298844174,0.648619571602827,0.29974171381769377,0.068236156383504
2017-03-24,0.7402991893248995,0.002362042805948528,0.6474746739224737,0.3174167625526184,0.06822807905054844
2017-03-27,0.713121254751942,0.13397705984898053,0.5656163046060746,0.4265478966063667,0.08343404441340024
2017-03-28,0.6434492851731409,-0.07404961149510722,0.6654673339251023,0.48504731014170255,0.0343182852056008
2017-03-29,0.7469668416572031,-0.17005562006379044,0.6137999217259434,0.4612203541379013,0.06818089330119423
2017-03-30,0.6750068608485111,-0.17641373660010892,0.7188157008130416,0.35364961001193496,0.05095171342344658
2017-03-31,0.8004642577667483,-0.040395604662034595,0.5460104283429055,0.24633204778168752,0.00950839038737923
2017-04-03,0.8093224361938471,-0.08653999047076764,0.6039933756406044,0.5610243489129222,0.028107470055200867
2017-04-04,0.7136407483169165,0.18515950284003724,0.5957705416053389,0.493210432964644,0.020353821266094464
2017-04-05,0.8430759352594438,-0.15691829217545167,0.5303888467236872,0.4569741345508008,0.019614746249277493
2017-04-06,0.8625825511589977,-0.09144044261745748,0.6855406884917958,0.395219348495201,0.019567164377056093
2017-04-07,0.8633366741740173,0.12445472376022888,0.6593356251854486,0.5407266278930745,0.045481862462290204
2017-04-10,0.7906793464099735,-0.1505962673192721,0.5764751434705635,0.44612697508173194,0.0924945090286736
2017-04-11,0.8407386750615138,-0.16955277632560262,0.5669447635984156,0.4822446892833272,0.009883396801903822
2017-04-12,0.7432857541049056,-0.10051971788035825,0.6465805281901903,0.4146653119936983,0.05136627577030746
2017-04-13,0.8303235104016883,-0.47782143535414745,0.579340275231701,0.4816403552377128,0.035124113370288715
2017-04-17,0.8147312933752899,-0.31666820028005693,0.6135234024506193,0.4544406553820902,0.06084351955958276
2017-04-18,0.7989889793661673,-0.3683145960743752,0.6413586895509914,0.351730965197422,0.06876735457843895
2017-04-19,0.7905858355246889,0.3157592184415227,0.6066163174275743,0.33316912038802704,0.07079687576139464
2017-04-20,0.7398676451519581,0.08884737002116289,0.5873606829403771,0.43997965302586495,0.09475977993686208
2017-04-21,0.7839641459548631,0.14041030915630293,0.6380000695112616,0.4462278035577093,0.005889603108200326
2017-04-24,0.7784136432627897,0.1902138534483283,0.6155976894628661,0.48022365537558304,0.08101118318842489
2017-04-25,0.7738494062303681,0.115485761421941,0.5787284695711491,0.24189660879703492,0.023104920025328747
2017-04-26,0.7180635827473874,0.077207229435647,0.6555163346568462,0.2983054760808045,0.011724827036208474
2017-04-27,0.7865843656215167,0.15648602550692625,0.5521367691127409,0.5203797942093384,0.06631515413831053
2017-04-28,0.7705062034487542,-0.2872149475368017,0.5007286134126803,0.5346919911074531,0.04366821632521866
2017-05-01,0.7368051022985275,-0.1980137391018311,0.6273062491555548,0.4171417024833478,0.00021181371768448366
2017-05-02,0.7923379968868691,0.0416739631293903,0.6181784088697894,0.3875125879774655,0.04629826728870587
2017-05-03,0.7243100462922403,0.33296101653740295,0.6064408117849109,0.3716164049251126,0.0909002643893858
2017-05-04,0.8881924880548654,0.1478884584869349,0.5586105494092497,0.34157693840431563,0.05989411703712463
2017-05-05,0.7753629886346947,-0.11044867464524735,0.6200325897147027,0.44107863949634885,0.09715754584282113
2017-05-08,0.7557461953461123,-0.044799558691133584,0.7299017786448424,0.3891183009927059,0.026436049318610856
2017-05-09,0.8061279088198428,-0.28370392427429975,0.6016663436321867,0.39875487276154653,0.027446111639104154
2017-05-10,0.8239279657919322,-0.19268132216324974,0.5907144243274389,0.4691813961931012,0.09356624822839632
2017-05-11,0.739035353949746,0.046793229294492616,0.6458700711234933,0.5190666648506541,0.00900047311874913
2017-05-12,0.8005334226732183,0.24662366168798797,0.5856977769083357,0.27973347277860516,0.05274623364325886
2017-05-15,0.8370481492801373,0.3729495928885287,0.5145526763150231,0.3067296198165703,0.08425372012787728
2017-05-16,0.7298564369066606,0.35375484720109784,0.4892832078805391,0.24133739370277238,0.006469021974221201
2017-05-17,0.7966864796171665,-0.05648659179364568,0.526290703527503,0.35190138504884944,0.05928043631062895
2017-05-18,0.7209654001353464,-0.21635662001429617,0.5953772461694045,0.4816658190609011,0.024382395012102875
2017-05-19,0.819253020713968,-0.25488683349542635,0.6377067309471137,0.38890770194901436,0.005984910918257403
2017-05-22,0.7436617538155386,-0.10516435338481676,0.6470365264044282,0.4084309468930081,0.011766215361695864
2017-05-23,0.793190961962264,0.0810122196420995,0.5822444908719737,0.3409459355844736,0.009032815852483956
2017-05-24,0.8352520304782398,0.21677005576585584,0.6003274338183289,0.29468957169508503,0.06686207374326274
2017-05-25,0.8383110837179613,-0.060246836077863575,0.5539258819162747,0.3608915815638588,0.07474246186612066
2017-05-26,0.7451165299336163,-0.5539425942214306,0.5678826551916268,0.42410749209072646,0.0022719963034785406
2017-05-30,0.8071079581482964,0.2598474291843879,0.5225585941328618,0.4562219575330208,0.08535293482015617
2017-05-31,0.6750213423525293,0.32527248814328424,0.6472041536398089,0.31352036353939944,0.07154547146415798
2017-06-01,0.7457729912284559,0.05727408571766739,0.5451336753690825,0.38228032698291414,0.08469375636012073
2017-06-02,0.7713699568449768,-0.14708486830999098,0.4684211075159549,0.318049040578058,0.06736323606924435
2017-06-05,0.6924978955996166,-0.35349336361017103,0.5638672837305013,0.4071217660333917,0.020646944709421446
2017-06-06,0.7112129943298174,0.27659573325430625,0.553204950352839,0.40720674868701867,0.0486426801455389
2017-06-07,0.8025156096696192,0.1756991426466168,0.5630098545423762,0.43276641693979434,0.06610288899893293
2017-06-08,0.8368043819831706,0.11613063266582191,0.6069251412921508,0.536161982981055,0.09308979314018162
2017-06-09,0.7568613364316248,0.0991772690922782,0.5665684191442895,0.30587979521306186,0.01907027456692564
2017-06-12,0.8740334228299563,0.10098180832645309,0.5164452096937989,0.34149737870095853,0.0482453861344764
2017-06-13,0.7371670384768387,0.2206947959462444,0.5453391952041113,0.1940712359827046,0.026889571061842733
2017-06-14,0.7641300493068802,0.2780373666884866,0.532196845828995,0.132699549034755,0.07627666550864975
2017-06-15,0.6810291755794428,-0.008848577199584281,0.58016916339235,0.4039644097095628,0.09425279082577537
2017-06-16,0.7760928212129149,0.42047624550833024,0.5110106049533213,0.5017393855756497,0.08098735591001388
2017-06-19,0.7231857475711257,-0.04881263569804771,0.6688337619537,0.35660792041252803,0.04060165356319895
2017-06-20,0.7451060288692825,0.17455958609012973,0.5070534265057002,0.42786238305782937,0.08560310808936217
2017-06-21,0.8197812650654709,-0.3118244919629144,0.5770744200018848,0.35189753941294766,0.013426785674263331
2017-06-22,0.7790292691162372,0.32378153891703515,0.45633435136777256,0.530191545840342,0.05203668276150705
2017-06-23,0.791653582070393,0.016141091180949876,0.600356650165248,0.2698944833488639,0.05967621970152381
2017-06-26,0.7718564726642275,0.034798032260808694,0.5474601115985042,0.3667685018885353,0.05329185289841607
2017-06-27,0.7723736423681201,0.1436593619535728,0.5832033042150124,0.48037827625536317,0.030880699510542245
2017-06-28,0.8091213763303652,0.0485328761668734,0.4804976272252482,0.4585742975036037,0.04148562039321986
2017-06-29,0.7949735007244452,-0.15141534633849663,0.5256875966701954,0.4229505647663517,0.09431082194793781
2017-06-30,0.7697991216076298,0.15498627960610034,0.608620310530046,0.42324343539291354,0.0271271414269744
2017-07-03,0.7607509033707686,-0.057854245234726855,0.6199628082913619,0.42308976799178527,0.07721242709249918
2017-07-05,0.7910876993270946,0.2513290868286169,0.5342225581563709,0.2804651648563323,0.0195466548739902
2017-07-06,0.6991545181135664,0.02887881164939987,0.5805998575013326,0.38168448364247964,0.043165342665138856
2017-07-07,0.7512901135394527,0.44600224285028356,0.5093648178301149,0.37072482868033807,0.06968390605740826
2017-07-10,0.7258122378265446,-0.0675668765125962,0.4830371118698366,0.2638774271243097,0.055580877148065214
2017-07-11,0.7227611265652848,-0.03129888627740495,0.5952372849096428,0.49697435593930306,0.08544142855092124
2017-07-12,0.7322517238456732,-0.2186725364579168,0.5719327013320317,0.3796421945441785,0.022490167595432122
2017-07-13,0.7442759877801814,-0.11117255017667034,0.6317811719551342,0.5001144808945744,0.042213865441720816
2017-07-14,0.7685056117313451,0.18456666644746586,0.4775041741759095,0.3801310125525205,0.047824412189479054
2017-07-17,0.7916919919063359,0.055433225687230525,0.5227221750805446,0.4289911407336616,0.08475287423138629
2017-07-18,0.7780859272112592,0.08772142398954375,0.6078388637582173,0.5684904744050004,0.03831663397966021
2017-07-19,0.747970276766417,-0.022120745180399255,0.5262698396073232,0.5730430473916412,0.06356823347847254
2017-07-20,0.82902252613409,0.3477430809201545,0.5731562725833035,0.3761737105902655,0.04353800157247337
2017-07-21,0.7251919531681956,-0.11106754246009594,0.4660641096103664,0.4242717876193627,0.05805577792435828
2017-07-24,0.7313214820336602,-0.11200024266429541,0.4472516566286752,0.3784931328631196,0.035126322026612
2017-07-25,0.7880859300090337,-0.041664316898711085,0.5040865568210748,0.3205725214329111,0.09365783728923972
2017-07-26,0.7511541168183308,0.25795712681199456,0.4993371431437127,0.38250127598001554,0.049841185496669584
2017-07-27,0.7974536545543713,0.07028517880195355,0.5965206802421852,0.5017864382062087,0.028542682734037008
2017-07-28,0.7720911176044337,0.0495527996854621,0.5136586382237175,0.3501483425150286,0.06680206192481153
2017-07-31,0.7948682187689963,-0.3760981229664187,0.48642097491286274,0.4300354503943496,0.017353184123352017
2017-08-01,0.6793490830095144,-0.11624517167360936,0.5654568633682275,0.45655656053004134,0.03819524895890019
2017-08-02,0.7760975609585864,0.05856128238427177,0.5888673724515973,0.5504441176402508,0.005375676847586153
2017-08-03,0.7218642957908126,-0.14957219627066928,0.4702328164930387,0.19787345444354043,0.029375861829589036
2017-08-04,0.8371256513419472,-0.007333325940206127,0.46549643867675516,0.26414673339001216,0.0808787866980382
2017-08-07,0.8713276195988426,0.0434348549474411,0.5649999619797313,0.4393642776167382,0.007309219515060384
2017-08-08,0.7377426639823419,0.04253890949906191,0.5242207654091896,0.43683217386251444,0.051472325679781696
2017-08-09,0.831815207105455,0.3500586455390061,0.5415527733927411,0.3844995293957221,0.017789648636445422
2017-08-10,0.6958281507860546,-0.03671485403727445,0.5217794206287754,0.4476707176644367,0.0820303571280735
2017-08-11,0.6791864092229447,-0.02779580479161685,0.47272388807804727,0.5583164657541018,0.09748858408578301
2017-08-14,0.8044204739076344,0.16573956831928044,0.5833664755341758,0.5195438869125706,0.07319236094732456
2017-08-15,0.7257156560496397,-0.0020342287286683205,0.5536088267695429,0.4015663872142465,0.07431934313265946
2017-08-16,0.7036553694432344,0.03680398771247393,0.6099837969796889,0.5941545157523989,0.09479616201545094
2017-08-17,0.7380633093076147,-0.1235195207394318,0.5533089449981551,0.40940025449154144,0.02593499506713275
2017-08-18,0.8588950989452775,-0.27568426128977264,0.5060809963907495,0.47639971184556407,0.045825409052594
2017-08-21,0.8122323533671592,-0.007454575781921053,0.47912791013718686,0.13246714747612393,0.04739122362067404
2017-08-22,0.7173262186129653,0.04845424961846201,0.6371606323363216,0.46561473118243935,0.07706784467809957
2017-08-23,0.7378576516586155,0.34355618039063573,0.4939511610635502,0.43621604199764064,0.027104823140998238
2017-08-24,0.6727624779684107,0.15420757347120828,0.5066467319186445,0.4556606035688451,0.03343422741957885
2017-08-25,0.7559892443930376,-0.25680150331966883,0.5800914684951446,0.5221176335742002,0.0040988479844226156
2017-08-28,0.798085352068172,0.29406072494215424,0.48711995701605376,0.5738364748319695,0.03688339358959902
2017-08-29,0.7683449369525901,-0.08029367864967542,0.4516724283159081,0.3826276148476629,0.07778132879567912
2017-08-30,0.8173492787626924,0.07765172134176698,0.41978481678847246,0.1507394880463326,0.07764557194550584
2017-08-31,0.8440743778166125,-0.17020891551118003,0.5631861505352538,0.6324116512906647,0.009962124078927437
2017-09-01,0.7215380460374923,-0.033750094644591055,0.5048152933038947,0.5142368305684762,0.0669226673626518
2017-09-05,0.7395850240697776,-0.35734748922818405,0.5489409397896857,0.4689299795298081,0.012929317834742238
2017-09-06,0.8274042271381783,-0.2964191137966749,0.4989010229151622,0.3945399768133456,0.08886268888872112
2017-09-07,0.7086540125858259,0.2687356004851657,0.5486057799045215,0.5643819419101724,0.07465129984649356
2017-09-08,0.7861387307721355,0.24693987409430665,0.43618383610186295,0.4645389485881246,0.041829265557789125
2017-09-11,0.8068573509476754,0.3346721650935244,0.4959715759849837,0.31812668329792665,0.05946352781691464
2017-09-12,0.7833362033150382,-0.1370447908952971,0.6298131632501333,0.41819521814669286,0.004321303359481965
2017-09-13,0.7713258746304923,0.20413220654838615,0.4799448724842577,0.4209564417760627,0.008869652093337944
2017-09-14,0.6973859728251386,-0.25540834624125547,0.45536614324628616,0.4483435475248087,0.05043779237214122
2017-09-15,0.7638379514240783,-0.2303272489087981,0.5582574319864149,0.41349602327446255,0.06073786822765105
2017-09-18,0.7504899741305612,0.1320577951707037,0.505571794887851,0.23591124754258752,0.08110974743592751
2017-09-19,0.8097617939118483,0.3668305672053811,0.5585788993236287,0.6119567209418139,0.03973107301762546
2017-09-20,0.8091593835253761,-0.11484387081914682,0.5890079604876555,0.35444365577157927,0.011413291097282209
2017-09-21,0.8656808300622407,0.04038732043195856,0.582737354354821,0.3653096646842588,0.0070039202838642735
2017-09-22,0.872578232996247,-0.08385985651337309,0.5195528490075259,0.389882391561218,0.0910951605133516
2017-09-25,0.7059357992452112,0.10888183922261602,0.43083667915813223,0.4332765440531827,0.034387626020225416
2017-09-26,0.7966571601768669,0.045627071371199146,0.5875581745182719,0.42737693057522513,0.05099437192529032
2017-09-27,0.7307486708155425,-0.0948791330084902,0.45215370877245226,0.4528031138362259,0.07250991599510409
2017-09-28,0.8710236468908843,-0.3754965786629459,0.5639428730340948,0.3597627474884547,0.048298312682589765
2017-09-29,0.7583415753754862,0.24700076844438407,0.46098141890637084,0.3539486383478897,0.08595956575486244
2017-10-02,0.7160229387070945,-0.18601807325454503,0.4555466640915892,0.42511715305181363,0.02689788207297793
2017-10-03,0.7976986808227827,-0.01645684891442989,0.4722455232042441,0.5045713057711841,0.06983141553691816
2017-10-04,0.8348078260681608,0.15064272374384924,0.44692145241441816,0.37574309139815915,0.038620637872045185
2017-10-05,0.7579365977204517,-0.25334988148452686,0.49027659548145963,0.4076798910065887,0.0160639892065907
2017-10-06,0.7725143640994039,-0.14542019928209668,0.4298363313848277,0.548993797309219,0.09262690447267617
2017-10-09,0.7909308697449896,0.5522208055565815,0.5673046302636853,0.3889903677336963,0.046041842744723706
2017-10-10,0.7496555546933977,0.24863625029813619,0.5283298599039096,0.30994244376671526,0.014396651850505416
2017-10-11,0.8343910791774626,-0.3116783006036095,0.5363008752330587,0.3963058114845613,0.043734584670739624
2017-10-12,0.7736916031557781,-0.2023127546805985,0.436149409560492,0.2510986143952227,0.08790480749817042
2017-10-13,0.7845980965700781,-0.06844450301401049,0.4424347282343724,0.4451224234729336,0.01649524914298084
2017-10-16,0.8162882000311015,0.18992841780458414,0.5239437891953147,0.4480030245225068,0.00019823170052216677
2017-10-17,0.7310258783075135,-0.15826725419120777,0.4682952676476441,0.3526063827782622,0.030942304062783046
2017-10-18,0.7692039583719067,0.005025833840242053,0.5405633162217753,0.33603981491981455,0.06465723501894934
2017-10-19,0.7530127452165971,-0.1454592535876224,0.595163856750817,0.09283891803702604,0.07035221916365618
2017-10-20,0.7526754824218947,0.13596059459923351,0.5047392764017263,0.3652447527423471,0.09824937566504073
2017-10-23,0.6398202275477733,-0.17853005867664584,0.44404185348474895,0.3825595188089411,0.011520647594432432
2017-10-24,0.836377139291052,-0.04111928014788077,0.5430352000486891,0.45918470823899377,0.09785081590085198
2017-10-25,0.7083645909397651,0.1316066107129817,0.5073289748560283,0.47307893757275316,0.05668621884925641
2017-10-26,0.6879436442866234,0.25796273876215947,0.4990928683520692,0.3987648679513168,0.022472183240319202
2017-10-27,0.7904515961110833,-0.37021744715708343,0.4759818072968803,0.4940799709916841,0.05066268423992033
2017-10-30,0.7609696690960539,0.023533296735859462,0.5640276531623626,0.37902878194855216,0.032186847171988955
2017-10-31,0.6747279563321933,-0.26411444544591645,0.5567852839587257,0.2987287909057496,0.008928477111702039
2017-11-01,0.7248678189137889,-0.1280423061417821,0.4758614786201774,0.4534633909590595,0.008583718000024132
2017-11-02,0.7445090245826216,-0.06783552049331991,0.3979500893289595,0.48081204785325277,0.03938324771628267
2017-11-03,0.7545347733087241,0.5341106745457502,0.5737968465341632,0.4866567417999363,0.007096059153457901
2017-11-06,0.7687078600742795,-0.1946546177174026,0.44698584621146165,0.5739343383118918,0.08030401006071866
2017-11-07,0.8052043928871827,-0.19264671442365383,0.5915014908933275,0.4345740627985405,0.04438726298285226
2017-11-08,0.7060915983951154,0.15593699401143965,0.5375081437600565,0.35653186170725654,0.01485067554563646
2017-11-09,0.7522315287707567,0.17019032326363423,0.5207285645432567,0.42354603206513564,0.07015499982752381
2017-11-10,0.8438633626449515,-0.0962490544964753,0.5036868093181553,0.398082728515162,0.05297668500251101
2017-11-13,0.8102472556395303,-0.06808034511812988,0.4867868136930561,0.5526082262830053,0.08947147701550447
2017-11-14,0.775730081098667,0.43717266555214984,0.5064265694889996,0.4747718000159762,0.025188191780634916
2017-11-15,0.6992957498445957,-0.13929841825224934,0.5171141333047065,0.323474094127243,0.06483554481723286
2017-11-16,0.7698062049394858,-0.0703429974370828,0.5710165433838319,0.569964453208205,0.07191125461504083
2017-11-17,0.8162759048126045,-0.4642250911602222,0.5010340764483983,0.2562043564109251,0.09115151682011832
2017-11-20,0.8192984733164982,0.010728011571048348,0.4962083013373073,0.37232614822045895,0.02870992686545919
2017-11-21,0.7959565737566128,-0.027894717865024156,0.5540360041625066,0.2057708294776346,0.09971052838644386
2017-11-22,0.8067279235000057,0.3159002108334192,0.5090075036421816,0.2880163083457182,0.043342259723378886
2017-11-24,0.6771855734949875,-0.35378528977976925,0.4973348412895613,0.5362078312964295,0.029206684345262104
2017-11-27,0.8159421359611647,-0.06363598612143881,0.49196478174551667,0.2654782707525129,0.04271743265189194
2017-11-28,0.8217357552209174,-0.15362402176055953,0.5293592126004261,0.6068980610331114,0.028675403839491898
2017-11-29,0.767782948814577,-0.10231594027535554,0.5429566912362412,0.46143427518669494,0.05567336556463881
2017-11-30,0.7369456350326837,0.12398799102093057,0.5697950817592571,0.5613621010339032,0.049636504142985954
2017-12-01,0.8569857739206428,-0.10035442323959226,0.5042737987462919,0.5494057738980329,0.005695292193217827
2017-12-04,0.7525546282023271,0.07995099162193064,0.5998196278460519,0.447414284628485,0.07448006768987202
2017-12-05,0.8836004442540669,-0.3566240912611023,0.5588648617951447,0.2909464596146108,0.02172443580008694
2017-12-06,0.7234964773623848,-0.14576180407003048,0.40868388882426576,0.40961517067295417,0.06928735077538643
2017-12-07,0.8336322932137437,-0.3195952421075219,0.5172416632325385,0.40792780404805123,0.06889964196380312
2017-12-08,0.6700258157025109,0.10987351568762999,0.45895735435995466,0.5855372216888409,0.09513016290865378
2017-12-11,0.8244658900032529,-0.14693643766049536,0.4510052050911626,0.38032853547339945,0.052564778637815474
2017-12-12,0.761030883954347,0.3604756673907723,0.5775942834282953,0.3680666376316366,0.055573731635984724
2017-12-13,0.7170507335100131,0.05450897114479837,0.6308270612131216,0.28165580412747315,0.03615809205196476
2017-12-14,0.7569918700479994,-0.23110080439434255,0.4966016233042616,0.547253747476693,0.009490106705615576
2017-12-15,0.7057343878496996,-0.20430687502161093,0.5634722366707529,0.647923935699605,0.07210401599077773
2017-12-18,0.835190003577952,0.2644842622105205,0.4854897916576598,0.23956011111720854,0.0971968212025381
2017-12-19,0.8652843319161775,0.11940995825239338,0.5748816048581646,0.32706983035399934,0.05289874484098896
2017-12-20,0.7648592585918521,0.28784373040787364,0.5186064919133919,0.6048825958134778,0.0013416886254957183
2017-12-21,0.7686027141472195,-0.1966439764126025,0.5712506605748836,0.29839338223382733,0.04628909379440578
2017-12-22,0.7662435715064396,0.10545937238952996,0.5310450288077011,0.10358504378686967,0.03361905781059099
2017-12-26,0.7965925365563941,-0.28876888078974994,0.47244824005355285,0.3680469080118916,0.0041526725124352406
2017-12-27,0.6620971859420468,0.045157757101704186,0.5079327337324598,0.5494606396267332,0.047129461347225024
2017-12-28,0.7863131542104268,-0.3016853605873944,0.6179711888498375,0.5688201009000414,0.06640838028285892
2017-12-29,0.9201763535410814,-0.039738675111929196,0.5338808180351646,0.3295378096355448,0.013231030684985724
2018-01-02,0.7413654210788011,-0.06871747308498148,0.5458894476447684,0.3849425273898995,0.09064381936331796
2018-01-03,0.7718644661786142,0.2757120216639,0.593316029294177,0.42868953499947277,0.07684511624925681
2018-01-04,0.8104941898807835,-0.043643845647243024,0.6498263168981592,0.49427349819216954,0.0630635167966521
2018-01-05,0.7067657127997281,-0.19464605094495066,0.5629918244861699,0.35779479635466965,0.06926150568912791
2018-01-08,0.7292075992099961,-0.03371994534625252,0.5861709239960738,0.4595928068816978,0.08481946729146655
2018-01-09,0.7327721491878496,0.23299626187782604,0.5244035543889862,0.3166617895082674,0.08650998115131743
2018-01-10,0.7745828861891477,-0.2231244855353893,0.49225151182272564,0.47111453302901046,0.0901455177577451
2018-01-11,0.8013440315634204,0.12472073067041123,0.5778300736313708,0.336654723265103,0.00428021985596494
2018-01-12,0.7140007705379333,-0.23152644277290393,0.5528244660322147,0.313768338733812,0.07276809314061893
2018-01-16,0.7812612982978029,-0.12099689636718514,0.558077013320328,0.5592681376586726,0.027208823348767175
2018-01-17,0.9044786190001235,0.18968415159044835,0.5822330733392362,0.3760129824577749,0.08393921512632062
2018-01-18,0.7980762295015964,0.08942596093887988,0.6038022642664319,0.4109143245754986,0.05859180125988792
2018-01-19,0.833129028384236,0.05740340315614927,0.520556311055555,0.28901751802489145,0.037382444212749964
2018-01-22,0.7662885422773624,-0.3224888580640865,0.5338374592868952,0.40066998446797886,0.04816229572349145
2018-01-23,0.7550363871159205,0.1621451678411563,0.5131726963267618,0.5275017656874669,0.07394426928235538
2018-01-24,0.701709257904015,-0.24967504250261305,0.5153902113973277,0.32672479786076325,0.04282827362293537
2018-01-25,0.7397089811321558,-0.02056709160436558,0.5567881083956923,0.48959926068638976,0.06088306277899968
2018-01-26,0.7990133053141673,0.10991610341699601,0.5947238550026885,0.5008006611021576,0.07775814529275578
2018-01-29,0.7555780630687766,-0.11415601208056177,0.6363816162923321,0.581413471900897,0.053963136497528374
2018-01-30,0.6842034459530925,-0.12148625183534162,0.678799791038391,0.3289366940606759,0.012248543597663043
2018-01-31,0.7170405493419214,0.2877440923608312,0.550940943158398,0.26669024652034423,0.005749091365974746
2018-02-01,0.7637707143638393,-0.10478196691648785,0.6203062519866718,0.5482621032785192,0.015057562619947895
2018-02-02,0.7594959435183521,0.1194698917254285,0.5293178061879995,0.40122078788821597,0.03236947330132504
2018-02-05,0.7648832659944069,0.23617639945674399,0.598416369793575,0.28043462915031625,0.07606573338235366
2018-02-06,0.8332924842614617,0.03177284802233312,0.5761156349000653,0.6919444924435625,0.04343735163892344
2018-02-07,0.755812341667757,0.20940788396487064,0.4656582196729974,0.5037657390932314,0.004000706822307143
2018-02-08,0.7354560658355507,-0.07197703632203672,0.5882661864112867,0.48996403119149856,0.026691923211883198
2018-02-09,0.6957519585761306,0.08979867065217373,0.5251127074454527,0.5420517566843588,0.08043850732888158
2018-02-12,0.8048167942666706,0.2577741118210404,0.6025180007233809,0.48587387220838585,0.07067202005090865
2018-02-13,0.8782310503627121,-0.0070273870135231275,0.5677380152500717,0.5068496975949655,0.07134526332827099
2018-02-14,0.723610431276925,-0.21717180169552397,0.6030574636246859,0.26990460209873524,0.03252445856703558
2018-02-15,0.7477969223556845,0.5038739604153823,0.5243112655595169,0.6314986890462326,0.026794338432286305
2018-02-16,0.7847970204450867,0.1505570283308946,0.5744309813166898,0.5833186814889548,0.008978609160431328
2018-02-20,0.7437519323845591,0.19240318675054047,0.586440031588103,0.43991845610240266,0.07932246701323292
2018-02-21,0.7808184540801796,0.05096746915596421,0.5479357641736442,0.21592819151624665,0.0401253964660753
2018-02-22,0.7722414575207367,0.10438046558715396,0.5862255363717267,0.3637133842722949,0.06956985964362063
2018-02-23,0.8821921760730903,-0.49495369890493823,0.629858836109482,0.38667141999970384,0.0389258707829285
2018-02-26,0.7277602705941068,-0.020662265957572246,0.6395630061596405,0.33718827734632956,0.06561985588337683
2018-02-27,0.7374797322584274,0.3226959069022157,0.6400209455969368,0.4088697442458647,0.0847927950945958
2018-02-28,0.7090386723115308,0.020022657412376747,0.61669163189441,0.18839731932463508,0.06741850507274773
2018-03-01,0.7324208403373267,-0.035894033341674896,0.6493747220287719,0.41628555262015926,0.019414065155219398
2018-03-02,0.8240128367592817,0.0055689699677048225,0.5695020946580863,0.4534387636732818,0.07357856578408799
2018-03-05,0.8578802052856537,-0.1458036629897157,0.6546360419037132,0.45572683898424443,0.013913685326100267
2018-03-06,0.7448350317066311,-0.1472854238049203,0.5012053180006572,0.3025618056706244,0.029840031459746476
2018-03-07,0.7715647770433315,0.17318500965658817,0.5984703438067208,0.40216866235358656,0.01690449024723657
2018-03-08,0.8530067662184522,-0.036655160289360944,0.6142696016385075,0.4218695898541909,0.04692827606742605
2018-03-09,0.8060972940253653,0.0604557532324199,0.5830107734623652,0.42045042137997196,0.04661650653787902
2018-03-12,0.8480439467603612,-0.08776829034842759,0.6308084144022925,0.2532197693995587,0.024694458062429314
2018-03-13,0.8863997976284678,-0.049331665655523035,0.6061973274036823,0.39550591192485257,0.03321315741586454
2018-03-14,0.8635298884989804,-0.3085714210933215,0.5989992626464763,0.3126061867297746,0.02507919566707513
2018-03-15,0.8030432879116037,0.221756330335109,0.6958618633416118,0.3320974606469543,0.01780085459371509
2018-03-16,0.8164922891475868,-0.330187642654425,0.6619350346986936,0.5063533251026056,0.0775283849334695
2018-03-19,0.7472747839002924,0.25755565250010276,0.5701880971205655,0.3994486002750898,0.05795269174698088
2018-03-20,0.7969805140179603,-0.06976296956106563,0.6317668633991035,0.41363600238147985,0.011086429302855983
2018-03-21,0.7570110680710034,0.02320068371774484,0.6518194498784249,0.5382116366374251,0.04313751686702704
2018-03-22,0.7670281336554954,0.32843157054778804,0.5017748945611783,0.2891456563815562,0.08967171859271328
2018-03-23,0.8772882577916135,-0.41161945426270086,0.6476868045171896,0.34107807388881717,0.05974694640711079
2018-03-26,0.7219281202356357,0.028361584599704788,0.5877233504774156,0.4974501862314668,0.03364413377028227
2018-03-27,0.7049507706413979,-0.5121824944998777,0.5522739765940403,0.27192296570412744,0.021589112847032067
2018-03-28,0.8086044178434837,-0.14834045713961094,0.5730732580422444,0.27154648546629256,0.0663076559899447
2018-03-29,0.7505355826988951,0.0757228182678431,0.674324160747785,0.37021277811204,0.028338220317601883
2018-04-02,0.8049514447023828,0.08228686118594344,0.5490341013750172,0.5885237793018865,0.06562788633445546
2018-04-03,0.8314577106252955,0.017136342543537665,0.5175481349827603,0.20099163591333716,0.033776877640561566
2018-04-04,0.8410194792328085,0.04349784964440699,0.662340240836398,0.3302325436312722,0.03798645059866745
2018-04-05,0.8188119486709426,-0.15247379483436438,0.6136831903229274,0.40345982285769255,0.05543245226607916
2018-04-06,0.7834053243379758,0.07740643122670346,0.6016250068354817,0.44039033587714127,0.07977346954186991
2018-04-09,0.7115084080224311,0.012517522399712861,0.6472691986159185,0.3605241600909587,0.03809332646486635
2018-04-10,0.7466709587207735,-0.2146916622196503,0.573267778318382,0.445946738493325,0.019814702227815173
2018-04-11,0.7865434882557305,0.1409013879669477,0.5762761946208059,0.542955755792709,0.047422091777616
2018-04-12,0.7383550569646532,0.12514774700428452,0.5364844518601344,0.43042440101957324,0.03849452642806744
2018-04-13,0.6719528359953124,0.21961294522665173,0.5804664735261121,0.2864726258197353,0.041445355951683555
2018-04-16,0.7659607665192503,-0.2949887453368047,0.5195158962910695,0.28283582221907494,0.04050717649994733
2018-04-17,0.816268824381411,-0.009842034430540578,0.55578226385521,0.3538516912516787,0.06960066240056653
2018-04-18,0.8118981465719479,0.2768811446139777,0.5014318075768679,0.27695001095185223,0.05604067717781008
2018-04-19,0.722547313812184,-0.04092891945594888,0.595716427166656,0.3842123652762528,0.010903891944037536
2018-04-20,0.6949804438834044,0.031238961977261122,0.5667785786295471,0.4113027735764491,0.006536165820236817
2018-04-23,0.8483319511917967,-0.012434490582273663,0.7001349324411132,0.3406194169380289,0.0584582764257112
2018-04-24,0.7795133454485056,0.07313443119218839,0.6216092236962845,0.28579722956503156,0.01702451726736832
2018-04-25,0.8368906293755198,-0.0577957903231102,0.6892775137055144,0.441811891521276,0.019210511399549837
2018-04-26,0.7342047687068333,-0.17046117292285612,0.6117926725156344,0.4707108590960037,0.04313379573838835
2018-04-27,0.7936643094193162,-0.012800485873832921,0.6211208090410503,0.35755181045162526,0.007401095834050242
2018-04-30,0.8891476171033612,-0.04037043982330152,0.5640979002430531,0.4396340666183966,0.09821215009410174
2018-05-01,0.7661430334560775,-0.13331086973548767,0.5883845744805539,0.32109647992209933,0.07923918969353277
2018-05-02,0.7775878442333692,0.09733866588793244,0.5123674746082012,0.452743242356895,0.06940549673580589
2018-05-03,0.7731109914815035,0.07929698287058456,0.5343703843276721,0.5265934524451441,0.06116194190115151
2018-05-04,0.784733025718763,0.16845419375366988,0.497094022863572,0.5205195322922251,0.07888946865084408
2018-05-07,0.7572631730540746,0.14647288194666988,0.4748030026174475,0.2943044933376043,0.006248365162864856
2018-05-08,0.7187120519846021,0.07159466336432689,0.6188837973899459,0.45738605511299546,0.009858229455321832
2018-05-09,0.7514148436209505,0.11405440287905094,0.5466019234528463,0.36862936800166923,0.004025959692604864
2018-05-10,0.6971723222793841,-0.16443911660097876,0.6687002369894967,0.4860023621613415,0.05388268326371079
2018-05-11,0.7861573541993392,-0.19201267723338572,0.5723980598652665,0.46047440104764464,0.017060187091816538
2018-05-14,0.7555834358208452,0.19148446190812785,0.5043554818115228,0.3171041946426103,0.01816537672970564
2018-05-15,0.8598724812924347,0.0006772533244228723,0.4946802003445368,0.23192599962004173,0.06804366827338985
2018-05-16,0.7727563448212164,-0.24402408032951134,0.6338607571516144,0.38900298008058903,0.000644789083676245
2018-05-17,0.7782004882509458,-0.040163266718942145,0.5674505397886502,0.4335611528929576,0.05275085461553866
2018-05-18,0.758382852908467,-0.117723488337913,0.5678446058835992,0.37741242639816897,0.06470804163278411
2018-05-21,0.7400837594173789,-0.2671418305605893,0.5761408360289754,0.47993779477960374,0.02292986071968154
2018-05-22,0.7442552911399324,-0.14681032222217186,0.6069193941874761,0.5471410359254557,0.03631097149584617
2018-05-23,0.8128880457324889,0.2116448686707751,0.568685828564014,0.2889033914330421,0.02711631101738995
2018-05-24,0.8005421133795293,0.11717174116779566,0.6235840778902982,0.3502110014080987,0.026643859663617854
2018-05-25,0.7301100229196222,0.314574233844921,0.5686997989290962,0.25362552882513995,0.008496091252063121
2018-05-29,0.7504264658047878,-0.1143744586955493,0.5976200488257289,0.3459570594395209,0.07752671805199596
2018-05-30,0.7676780281653304,-0.3652801815247291,0.5843839485166896,0.4809643462686409,0.07842306523519842
2018-05-31,0.7074329392811483,0.027422814232478,0.5613078902415961,0.14946674099842672,0.06489412523027872
2018-06-01,0.8239901061451274,-0.1184646844555231,0.5432170482776327,0.28132249377032725,0.008184173114711757
2018-06-04,0.861856750167833,-0.038755733365206255,0.46915920031022307,0.46692549888951285,0.02068072381684708
2018-06-05,0.7129186385173042,0.2318884395196145,0.5971577526385335,0.5276240483414627,0.06921786407233019
2018-06-06,0.7921828047759737,0.3731488660395381,0.5282087570839539,0.3236966428159488,0.04663050667407971
2018-06-07,0.6667747308932513,-0.21509250506322852,0.6158285749475927,0.39776736799126194,0.026960028973301575
2018-06-08,0.8117390965860228,-0.0914733275793918,0.4916199849604862,0.4386786835473489,0.0841045404221818
2018-06-11,0.8140662457568837,0.03419670662563562,0.5376423245889332,0.44719695835250345,0.044441593422842054
2018-06-12,0.7618166424390345,0.23967764571927277,0.6053060446790683,0.4234635365236817,0.017718032658197682
2018-06-13,0.6737684950432561,-0.08891337186866957,0.48734312502829974,0.5175776808996074,0.04838980090310488
2018-06-14,0.7341980665843644,0.2771493575609877,0.5083455756744232,0.43551725973618866,0.04930667985852355
2018-06-15,0.775549208122814,0.3724595837161968,0.5916383581171535,0.2374530203105648,0.09236346211544405
2018-06-18,0.7708065283578912,-0.07630072364770832,0.6321636762700238,0.47942550203569223,0.07294279080131659
2018-06-19,0.7989608827897516,-0.19253547984046776,0.5315740233360551,0.25577034509485586,0.05765566432777254
2018-06-20,0.811295909486719,-0.04587144723707648,0.566721951739946,0.40928351663610363,0.08677598669417302
2018-06-21,0.7274809577128414,0.650821661813855,0.5636063711207793,0.2261354994593007,0.05804619000852956
2018-06-22,0.702626873888087,0.20116778538674507,0.5765073879910467,0.3327205710569423,0.055107888200145595
2018-06-25,0.6741043065066495,0.16530310759164243,0.4993838945480834,0.48857579941489737,0.07922134041024818
2018-06-26,0.773087585102935,-0.023062122864637005,0.5721434938235425,0.4638931297342531,0.0790272227124065
2018-06-27,0.7546455477663828,-0.18400216946322256,0.4865010825979756,0.5789298686535626,0.0016597607970233908
2018-06-28,0.8131450348088289,-0.0988221514090429,0.5991959847841816,0.38354503745160773,0.0727522961642263
2018-06-29,0.7898699806815018,0.07700419689656852,0.5715175174932539,0.4362268581882755,0.017613813682750334
2018-07-02,0.7218164035697482,0.004216067732812765,0.40679587950626794,0.37369419541112225,0.041871272385836156
2018-07-03,0.7627433230705077,-0.2105969656160113,0.5791785009186244,0.6222682323202515,0.0729224435042685
2018-07-05,0.8344120004178678,0.05605473744619487,0.4582397438498725,0.4290658722495441,0.05585251414135918
2018-07-06,0.7470439299439154,0.3906470912282445,0.6378519313551262,0.4223414980085552,0.05092518399994922
2018-07-09,0.7213065239457731,-0.43905714029669807,0.5689727683944098,0.29353790084098336,0.01048210586555003
2018-07-10,0.7903136988676535,-0.21058066235740946,0.5074435741301199,0.419243328352375,0.09456976686311852
2018-07-11,0.7910765465030982,0.06122834586390357,0.5821774053905932,0.5882812640944235,0.04980023790921087
2018-07-12,0.8241371419411186,-0.0031493336741090167,0.6132102710287846,0.41857252365361824,0.013852941804771736
2018-07-13,0.8240852821347189,0.07316812473050602,0.5351216641037116,0.37248325338563154,0.06339109065326572
2018-07-16,0.7051171178062788,0.15054730315843146,0.5641170094765805,0.4421235591884737,0.004489905378956361
2018-07-17,0.8039460017748575,-0.05254503349953724,0.6347973485831384,0.5214037415993414,0.07674521980309558
2018-07-18,0.8399915739198422,0.03982952722121185,0.5037781250182004,0.37152707070722757,0.09599974007048577
2018-07-19,0.7627810189631947,-0.01671186429189214,0.6003479017678401,0.43589063272838896,0.07364610651804583
2018-07-20,0.7999179415630946,0.0181627366098127,0.6109011570827987,0.44976862624216285,0.05871234126875918
2018-07-23,0.7092819346811315,0.125530801308795,0.562546434711729,0.5604295381535682,0.043378933483033316
2018-07-24,0.7730468080965756,-0.15491278558046473,0.5222613248877466,0.37870665654385965,0.003633944361442021
2018-07-25,0.8470310751949861,-0.10241821436790373,0.5227682251842173,0.38040486445349014,0.03800541069777369
2018-07-26,0.859031839879022,-0.04976471601661757,0.49275935913092395,0.34345345734497534,0.047297975029938794
2018-07-27,0.800140885972319,-0.3006640313035147,0.46112475315289586,0.3770570291906854,0.07414608412315325
2018-07-30,0.8467281401696397,-0.04622114701196087,0.5946095931054166,0.6138643703077152,0.028622901320618455
2018-07-31,0.6846388649167596,-0.2340874852763867,0.5579386460139358,0.45187893593960643,0.05497694809008681
2018-08-01,0.8502733793502558,-0.16200623139034454,0.4673937339356553,0.433108806869966,0.061019114895250096
2018-08-02,0.7371671222457826,0.11821207188195038,0.48121427578699505,0.19456289377058233,0.08480356983874159
2018-08-03,0.8379870758444345,-0.37349438773254895,0.485834014934337,0.2602022695073901,0.05733805919015905
2018-08-06,0.7506679887584935,0.3182505608736824,0.51419762209036,0.3894244081957279,0.09191730729293165
2018-08-07,0.7917713484739723,-0.3727230044389254,0.5363014415134933,0.5572138746894363,0.060110609147637155
2018-08-08,0.8171386376904868,-0.10559359739790791,0.5373982188312196,0.37563310962941615,0.07351778271245273
2018-08-09,0.7561807067002282,-0.3291708591849984,0.5021370608279365,0.40904357536167546,0.012574798365135788
2018-08-10,0.7215012870804369,-0.024299370258955896,0.5834950986648183,0.4656998464128884,0.07651639855211513
2018-08-13,0.7384167736890973,0.0364471336131316,0.5210246825699338,0.37300791944200823,0.004006333128392004
2018-08-14,0.7582040489683566,0.15206447666048212,0.4446984367450634,0.3468923250131339,0.0006938852740758007
2018-08-15,0.7011954760459791,-0.03899823009491013,0.5993888324694276,0.4716879600369777,0.07669744623397545
2018-08-16,0.7990901847227565,0.14693902832262454,0.6140543681722357,0.4539413019680258,0.07744298616819023
2018-08-17,0.8538204642532118,-0.1250472004805576,0.45594158006888164,0.4043415369630191,0.09348041511304188
2018-08-20,0.8013840486168898,-0.14641298926137958,0.46851719933403585,0.3483314961442911,0.026757179390702414
2018-08-21,0.7353083045018031,-0.12311577930853213,0.5071376706394708,0.37489946454360357,0.011656270794913515
2018-08-22,0.7737677473898426,0.18121015365489213,0.4795010218467394,0.3456637184564181,0.046728837304008675
2018-08-23,0.8240473411654987,-0.05495812162837754,0.40211541617023944,0.4598421468833596,0.05589360275275623
2018-08-24,0.8280406272687958,-0.22238177391162817,0.6198505331275715,0.29773969594625493,0.04020977153308759
2018-08-27,0.7084504631445053,0.04835922328993505,0.5458600650414677,0.3375171529917458,0.08122247942028193
2018-08-28,0.7943020722417293,-0.12161176594566236,0.4510897129797607,0.41450267402529184,0.09368354181176335
2018-08-29,0.7852693818188343,0.24435286570570988,0.47740443869160454,0.43694968730892547,0.07389095785482498
2018-08-30,0.840874673426423,0.08946538364159967,0.45250058557449657,0.43761922886646726,0.08895209951375689
2018-08-31,0.839213900495509,0.08594917612250384,0.513320370409055,0.32788035816933847,0.030495967611430863
2018-09-04,0.7397411141939617,-0.3053810245519238,0.46531152676873344,0.4130429391130214,0.04057500992788633
2018-09-05,0.6953866677835719,0.08696363281279648,0.4475495100185646,0.40586633962327706,0.06356553523282854
2018-09-06,0.7833239469255925,0.23272381726981647,0.4930256888779418,0.49571625005860853,0.09236641511626176
2018-09-07,0.7281123648971788,0.2976608489646197,0.5294307130994955,0.40864594380094393,0.02491469859423632
2018-09-10,0.8192714401338319,-0.16355555497416074,0.4877777977257704,0.2760175431722323,0.0701640998377694
2018-09-11,0.8147109582132707,0.08441796836673737,0.5131118211228334,0.4944156638239135,0.0442803844321288
2018-09-12,0.7802157703979234,-0.09953052266512315,0.5101078867826117,0.34109769149787084,0.020650823547024647
2018-09-13,0.8295115669072528,0.10129037610846221,0.5103181253852506,0.39561004924801935,0.09133335836088657
2018-09-14,0.7721709616065133,0.14140544628477061,0.4957431018710844,0.4967710896556675,0.02744994890303333
2018-09-17,0.8103079637632709,-0.13477679849293658,0.4920240387819116,0.3260236188391733,0.09154548311696302
2018-09-18,0.8243074258391269,0.08143682748055599,0.46406907191122004,0.4232407449017214,0.03424907566757031
2018-09-19,0.8037914487658783,0.029701276373824956,0.44074798666485726,0.2415975302431832,0.06422996938719573
2018-09-20,0.7698652149553958,-0.28281534516065077,0.43782176773861986,0.34573317919832586,0.051931779583961696
2018-09-21,0.8261346855171257,-0.43883296608110306,0.5148891484413604,0.43471020578710795,0.03640895718658972
2018-09-24,0.6602770337497437,0.0610808732193455,0.5228129455126765,0.37330400105319883,0.09510886140082936
2018-09-25,0.7590319727827797,0.5688047017160137,0.46849790620352777,0.43646241012037407,0.0013898222649747938
2018-09-26,0.8175900748715246,-0.022550696454164697,0.4386565737441062,0.39253416362892873,0.09308863852142375
2018-09-27,0.7822793444378173,-0.09621988088241787,0.4707286617114518,0.389601831336504,0.09369580646118851
2018-09-28,0.7853708861842109,0.2508599863578921,0.48684282336905077,0.2729632377488903,0.07219431344958364
2018-10-01,0.7370926999629172,0.15530402888783945,0.46335609409882367,0.5922703194899717,0.09194858989830296
2018-10-02,0.7783664260241916,-0.2345457272926355,0.4948598662198354,0.3911661316940543,0.06445457770388953
2018-10-03,0.8004268170418449,-0.39336213837181194,0.46833637514752763,0.2677958862262069,0.00612198618391322
2018-10-04,0.7624671955069671,-0.053225536638278774,0.5032055040456068,0.4272779921271058,0.02856148412922177
2018-10-05,0.7227357416586884,-0.3999662847340064,0.4744570597218758,0.34631931829068086,0.050762130985663324
2018-10-08,0.7917741598437155,0.09840260649783127,0.49739308287418244,0.42601651235866267,0.029769240492878303
2018-10-09,0.7604707896188441,0.1281233507068925,0.580342892274644,0.522182851633826,0.00461842695831779
2018-10-10,0.6977457562957439,-0.4144885380866854,0.4586892575769592,0.2453104559847854,0.023742994155760845
2018-10-11,0.8060039006820383,0.04633118492404482,0.43827603618261746,0.3938109657439944,0.03415925001248278
2018-10-12,0.7867674798446349,-0.1511586430643512,0.5309244518009966,0.4631320572709142,0.05861520220814875
2018-10-15,0.8238485285985104,0.35916498698981975,0.4888562029880971,0.419479707463127,0.008915044977207976
2018-10-16,0.8328196612149061,-0.09266510674699538,0.5140595856330571,0.40680143545584807,0.0085976427186647
2018-10-17,0.7623960365790885,0.11674918667694519,0.49682241459360416,0.49586202114673017,0.09078517766356839
2018-10-18,0.765430843859863,0.024388624768798522,0.5465257667272855,0.4413401104307843,0.09308369092890459
2018-10-19,0.8649428380430741,0.049216380179751607,0.47729161324944136,0.3805092014768722,0.032593419882713005
2018-10-22,0.7328150519077118,0.15056413997276658,0.44909036534381264,0.25957302736467047,0.029749270688356144
2018-10-23,0.7861272126716438,0.2288902748934493,0.485356379190186,0.5254296449951699,0.06820967820063153
2018-10-24,0.8294206925308716,0.004755607209118766,0.3856093760065902,0.2517628088649154,0.09872044994217279
2018-10-25,0.7854376160836991,0.014460729467319697,0.4817507556551532,0.33228631584469626,0.07140750104407238
2018-10-26,0.8135244468805953,0.14953571608960034,0.5073994074699922,0.4315485389060054,0.06027468333969328
2018-10-29,0.7304884501139048,0.014907390058743565,0.5675273843081239,0.4462542232555639,0.09027083502539969
2018-10-30,0.7652893868226687,0.07509550188801697,0.43541171403032053,0.4619934492034536,0.002870130884668698
2018-10-31,0.808298070615193,-0.0436189154815971,0.4839971432834674,0.5374652512818829,0.06572008142116824
2018-11-01,0.8235403605896463,-0.2814473472223848,0.5332198807069289,0.3670647532007586,0.0818607725862911
2018-11-02,0.8102682870447756,-0.1517458979158196,0.5002669546606279,0.40144985271231837,0.09638492399456516
2018-11-05,0.7860640436728366,-0.19823337069715963,0.4898775629852686,0.2122111381862227,0.05848576817479563
2018-11-06,0.7801358509795279,-0.017037393842116166,0.5212448982382991,0.4408991943820397,0.03463175115629948
2018-11-07,0.7965287677792421,0.14536980901711846,0.4575092252216084,0.3053122390884355,0.0786631385199142
2018-11-08,0.7403186246146714,-0.10332666615056932,0.46573465138811654,0.31551494956911,0.08609071003915025
2018-11-09,0.7593945812192465,-0.10557829623956799,0.5686527426626155,0.3173519267665752,0.07920863112658183
2018-11-12,0.8191944815684455,0.008266607256691911,0.5068037519630421,0.2938929587202914,0.048277169987184426
2018-11-13,0.7645236645908814,0.27925751684243677,0.4684954729219291,0.3460018613191641,0.02325740454808224
2018-11-14,0.8220162896453892,-0.062475017974657945,0.5149633203424503,0.5451280612479448,0.0995191391850028
2018-11-15,0.8003048276097164,0.04483644083055998,0.5896561015122933,0.44012570909490895,0.013123937328199742
2018-11-16,0.7453988078249154,0.22860350027469672,0.49792139686283615,0.5210675733111616,0.07301533881929283
2018-11-19,0.726911686968252,-0.03893245082692176,0.49196828771787704,0.23172582234232775,0.06552443742719068
2018-11-20,0.8356858659656149,0.09247618519897743,0.525945983127185,0.15839792575283373,0.03161396259359628
2018-11-21,0.7757294756487539,0.19492012959184196,0.5181620732899223,0.4603698842036763,0.02187100749922455
2018-11-23,0.8544270539022031,-0.33847342965482524,0.5045465588848459,0.4719248829368668,0.06122432136132629
2018-11-26,0.8340741179752188,0.18365153683134894,0.487747803856987,0.2753297353906194,0.0064824513244794435
2018-11-27,0.736790211477006,-0.16638203672357774,0.46660722840070545,0.22306624043866927,0.027611173483257968
2018-11-28,0.771152989175476,-0.3271349338168969,0.5157189344746392,0.3957190040537838,0.014130307079834271
2018-11-29,0.7469938163514556,-0.20241638340716223,0.5377604882568907,0.525915418473517,0.07437410674235466
2018-11-30,0.9493366507361714,-0.09537010292749942,0.44313723282575535,0.32876800761457714,0.09590881804463425
2018-12-03,0.8154034659689805,0.027804866913798316,0.5478130074544587,0.3938678441974202,0.08146477584588119
2018-12-04,0.7859079650232682,-0.15163381332247897,0.4921792937503716,0.4238157346545918,0.09200992626691273
2018-12-06,0.8072814994511236,-0.07399778080164064,0.5219380778904631,0.45439719247105387,0.005594983026854206
2018-12-07,0.7082884270365892,-0.38245189954271525,0.6081372842095436,0.29063871709499856,0.005597093194095371
2018-12-10,0.8092045388684654,0.16456294258417203,0.5322211533714977,0.5191489907095685,0.04934953663476671
2018-12-11,0.7579325345747066,0.42175892012770133,0.4760737763140618,0.5047431489955532,0.007437042194997124
2018-12-12,0.7548652216952086,-0.3459915931374995,0.5318937802498018,0.6239326401341522,0.09047868918561604
2018-12-13,0.8174271291563353,-0.1466215209403671,0.5124881733427811,0.5304518894728691,0.0038935209332443435
2018-12-14,0.709546176434002,0.10314072644194888,0.508581998774375,0.4705641677772625,0.07408390757682139
2018-12-17,0.7446720224707273,0.4378506928525632,0.5489436305551217,0.2513569630684779,0.039455277080133744
2018-12-18,0.8061130584176301,-0.3204409893307663,0.6033961290496646,0.3954252875358267,0.0325686950728367
2018-12-19,0.8133002040831798,-0.0881193739596674,0.5218552408592938,0.4852770596162551,0.04301905126299323
2018-12-20,0.7807601709075048,-0.516004647036811,0.5899872853358769,0.29403750499660253,0.09020335094485757
2018-12-21,0.8283777959649323,-0.11305981589533386,0.6099556064802685,0.532152706429796,0.05115343068396025
2018-12-24,0.8629706477131363,-0.12232228681761162,0.5065250044799408,0.36121893394503635,0.05581140164570708
2018-12-26,0.8173636948195252,-0.3787317968346384,0.5061491077748363,0.3308439863256367,0.07491187992750262
2018-12-27,0.7940657518215367,0.0280064879270314,0.4742571176638199,0.32162105278482195,0.038442647555052625
2018-12-28,0.8502507521272507,-0.17279606218314747,0.6147411029619266,0.2785617912773198,0.054157339750046024
2018-12-31,0.7405941237016751,0.18832420444986056,0.5258847346610127,0.528083549207061,0.09917415223019266
2019-01-02,0.8390426613708708,0.0038928932637911635,0.5736830272290628,0.39010475843914166,0.04283350301008154
2019-01-03,0.8056850247002314,-0.23300918996704661,0.6214686696026298,0.29600053701639156,0.017926351817868603
2019-01-04,0.791420526149863,0.037654260307702914,0.570021373276844,0.41909416894862206,0.05413427106429324
2019-01-07,0.8975640120266525,-0.18288243841389637,0.541986480741872,0.2736909407589051,0.007773117698692745
2019-01-08,0.8480410912149136,-0.195842921033723,0.597736711881534,0.4334752449391948,0.003072970478677073
2019-01-09,0.8136481436084555,0.10747848600838533,0.4794163379379677,0.4342739486171085,0.09499784593158807
2019-01-10,0.7655791752005499,-0.305824216525584,0.6434061430041347,0.2480538271434169,0.0891116012747693
2019-01-11,0.7903104999213068,0.09730916537472124,0.5196793460238553,0.5622628204544082,0.02540379868720697
2019-01-14,0.7169519498777581,-0.21114119743937235,0.6326293364967768,0.5580999969190336,0.04813721959683918
2019-01-15,0.7938241745039438,-0.060576192927795994,0.5266296053250229,0.4933659578663341,0.03624721758163474
2019-01-16,0.7787670244567263,0.01692596321085123,0.5840544498037248,0.3969835068693972,0.014200281995393471
2019-01-17,0.8251899195862513,0.006544123976162195,0.5096027455460308,0.38225255539187564,0.06660630497085265
2019-01-18,0.8033187203690226,-0.11130120331853195,0.5977777785082296,0.4123977930816902,0.05849638498428425
2019-01-22,0.792919209929083,0.07781437821043534,0.536667459595345,0.5175549375291459,0.09250485889877727
2019-01-23,0.7958727815607152,-0.3337063760981023,0.5082187189690033,0.28325504133254514,0.08292266836191282
2019-01-24,0.8253342611296612,0.3219775597998262,0.6062732454235946,0.5436104944541915,0.00301334787498031
2019-01-25,0.7266196887581238,0.15414061952113206,0.6938385872148484,0.4588971431966383,0.003833103072335209
2019-01-28,0.7814808063897195,0.39113600402144205,0.5310129391556995,0.5025795817078949,0.08097166431098103
2019-01-29,0.7406316481730618,-0.2066189354702515,0.534876987773943,0.44469068415595336,0.04916135359018295
2019-01-30,0.7873089966622273,-0.19160420420782975,0.566340242457454,0.5218729841527046,0.050581867116421965
2019-01-31,0.7559036731855872,-0.06255178658144821,0.552273385821404,0.41393954277993444,0.026087441178260243
2019-02-01,0.7512902356419019,0.18481043817202134,0.560530055200609,0.40975675684985213,0.03251914603439406
2019-02-04,0.7101186983850056,-0.05349527844288463,0.6705678206975942,0.36128037002244506,0.0017310838145297436
2019-02-05,0.8054646706218447,-0.16067626455667086,0.6005028783226338,0.20410362447843403,0.0424010593009394
2019-02-06,0.7226190505451017,0.054305978819409,0.5742236759746406,0.3896410629241038,0.07446209090562841
2019-02-07,0.7995415489802596,-0.04998792406968259,0.616428336275261,0.3925525683220698,0.03138110439079326
2019-02-08,0.8505067027546019,0.16763216161629574,0.4917239449287344,0.3697875552300415,0.07738863486837115
2019-02-11,0.8261635887491675,0.49581293202547694,0.5649745679803198,0.6130411004519444,0.09663212447923725
2019-02-12,0.7613251242099621,0.114530772009216,0.6409400366662196,0.42368218692631815,0.09654725343271754
2019-02-13,0.8204708180602264,-0.10844338297497952,0.6110424038245863,0.5572827323744345,0.09610555548683405
2019-02-14,0.8197661820415628,-0.09638737488087476,0.5979432508305033,0.3350860699168118,0.08294478147861373
2019-02-15,0.7615707990758369,-0.4408593272560811,0.5800146993842179,0.42899008330491206,0.0925264302548859
2019-02-19,0.8431447787496995,0.25639073712511484,0.6345494298529375,0.5268086099691179,0.08760811874689299
2019-02-20,0.85034128971256,0.27755026629043056,0.6004165754809172,0.297271794285413,0.02201141367621967
2019-02-21,0.7891167200534991,0.0013163355619509813,0.5566733264284324,0.27981883692811776,0.07963902124074357
2019-02-22,0.7597421500709628,-0.22765716651388887,0.5903644437834904,0.4890066828029113,0.08761410393521557
2019-02-25,0.8672345427652087,0.28979535465604517,0.5842173469475248,0.46397536874293055,0.01290585749089216
2019-02-26,0.7956785638126008,0.1123428427887902,0.5653771898938613,0.5740088224442775,0.07271959872873301
2019-02-27,0.7316322264286548,0.19236213578321815,0.537200129419499,0.3734578138684003,0.020293491614812333
2019-02-28,0.7982806420299882,-0.09620115445105062,0.5862941085875194,0.3415250708197139,0.035741355294045686
2019-03-01,0.8237542370487695,0.18495137363680675,0.5222471298351639,0.5970697207726314,0.09554963215866527
2019-03-04,0.8092843129681029,0.09094987712195735,0.591319691605163,0.5539009328549404,0.004918951904995306
2019-03-05,0.8427292260696956,0.0496950446912236,0.5655722113324472,0.5084256006725935,0.09815742117216421
2019-03-06,0.7990512397690097,0.07358293493197421,0.6349520817196742,0.46913432203965283,0.08049129576501309
2019-03-07,0.8413970986491303,0.3768060971775857,0.6688942101950051,0.4093652370064989,0.05427247777566079
2019-03-08,0.694743937933484,-0.12983918249781753,0.5910796045384091,0.45218601406133063,0.021259009656642316
2019-03-11,0.7806765058226552,-0.08699664125048444,0.5947074226346627,0.390157320789441,0.03751138312399033
2019-03-12,0.71758503417556,0.1401209298568078,0.5728639101445243,0.4476770884224837,0.06522295241838369
2019-03-13,0.7553491169276508,0.30930628003220567,0.6720775583046931,0.2588949342755067,0.06266265407316424
2019-03-14,0.791364361542603,0.11064830857115181,0.6738062872789542,0.34029118536953074,0.018660451077832853
2019-03-15,0.7645261111602036,0.005545215377428418,0.5249301760037711,0.3804436843605748,0.023772395658216094
2019-03-18,0.7899306001044362,0.19473032444664418,0.6247392008107084,0.4078310648196239,0.0660666709290953
2019-03-19,0.748794379621467,0.49919928708060335,0.6649878078076632,0.35896610345319924,0.0032256344272314167
2019-03-20,0.8505858930340665,-0.06685375238305975,0.6197656778423498,0.3551921211131489,0.007668143669344974
2019-03-21,0.6991335972399693,-0.10017599686958603,0.6518297756143014,0.46748008432817784,0.00760544110513669
2019-03-22,0.7786088499521379,-0.07926005627431668,0.667909316386094,0.4067828169200367,0.09942337194936417
2019-03-25,0.8974765547246439,-0.0713884906810454,0.5949309659549255,0.29779860598858,0.009926675243240824
2019-03-26,0.7752669323505273,0.3933754966061016,0.6295529996134174,0.5270700211266888,0.09106660550740271
2019-03-27,0.7635064563050575,0.10157460995592327,0.6015667016411591,0.34193528831311715,0.03141758385636511
2019-03-28,0.7798310426390239,-0.3345094094731351,0.49565200190250214,0.4639079681142816,0.007637392428150547
2019-03-29,0.8248708322220867,-0.0027354759582519993,0.553144650448578,0.5001107970870547,0.09307515923397959
2019-04-01,0.8334906159620545,0.3020619888149897,0.6443314529721071,0.493854639966695,0.03921994466585909
2019-04-02,0.919046838703008,0.3470175461171568,0.674775076616569,0.4058142204387213,0.063524823499519
2019-04-03,0.8631600647531289,-0.04081498215491264,0.7271393114074485,0.22701705533165673,0.01776092940816686
2019-04-04,0.8482140297140512,-0.36852190799282103,0.6128891267486254,0.2231089448133151,0.007695967526795489
2019-04-05,0.7188485858805723,-0.015650275054440863,0.5174287938066983,0.42580390132629914,0.08511300137329803
2019-04-08,0.813542703295939,-0.24918288601768804,0.6532133487109206,0.4122780663683496,0.03986219585844869
2019-04-09,0.7722519989917556,0.08341664170339269,0.6314649662679982,0.417314247086445,0.08081432015715825
2019-04-10,0.8136105919039909,0.13283379358588585,0.650525095036129,0.2045184867988752,0.03952319255916893
2019-04-11,0.6860630585707179,0.0861673036274787,0.6895340418485464,0.32719251653772524,0.07801976565334645
2019-04-12,0.7467126572117941,-0.033153156542943145,0.627207730677422,0.5892155244057827,0.010784806819047832
2019-04-15,0.812718493913051,0.21916332600164387,0.6512986691482602,0.4413570766170739,0.08663359934780919
2019-04-16,0.7159797536142967,0.07909727248431124,0.6369187714551932,0.33776308818623746,0.061948625992515216
2019-04-17,0.6577576609176538,-0.48783069041211685,0.5760785354675102,0.4713479962727486,0.09748878702952392
2019-04-18,0.8206709544082802,-0.048347625549656076,0.6111244640215377,0.324083868603174,0.029201137472901584
2019-04-22,0.8307178953575838,-0.005525606000934644,0.6019458878210036,0.4050241725327019,0.06715250934868426
2019-04-23,0.6870295925000953,-0.12322070809729056,0.6403211462879608,0.5010116586652034,0.09197619848957952
2019-04-24,0.8267586898966726,-0.010781058480400493,0.6214115912457249,0.5097325218945157,0.027876605025915536
2019-04-25,0.7944463571820093,0.08265635834469909,0.5696961497146942,0.39475569984085035,0.010870610634889512
2019-04-26,0.822795165711472,0.0022316898087250125,0.6028213229392784,0.3476408178599653,0.019573609447462836
2019-04-29,0.7753555527636291,0.12189884107216464,0.6630072520053162,0.3356237720809965,0.08304951887844142
2019-04-30,0.6973445255213669,-0.12492421593974985,0.5105701072868152,0.3348529377361827,0.017602407226118978
2019-05-01,0.8127381096356444,0.1519481234958123,0.48184704357239805,0.4387992502507807,0.01032122110475625
2019-05-02,0.8064066487030789,0.14586495129882723,0.6203337816249935,0.3999708624700079,0.0462022719180745
2019-05-03,0.7592945944476136,0.16808505306674273,0.6228167699392634,0.5299769257946157,0.05701323394396788
2019-05-06,0.7945359153086354,-0.045831415945380614,0.5598547200634989,0.3649705959177882,0.04744479262036312
2019-05-07,0.8426276262503902,-0.37682623156157335,0.5606853544344288,0.30710831060744137,0.060820962538326744
2019-05-08,0.673076696993578,0.14821634040979823,0.5243175580190865,0.22922008340273642,0.014642494671541929
2019-05-09,0.800551676945636,0.17002324737944563,0.5916449927743797,0.6157411516755933,0.039109366163380704
2019-05-10,0.7718293582078852,-0.17509670583926376,0.5960666173405458,0.4335163010258725,0.07304367686460146
2019-05-13,0.8161552318913605,-0.11592436925485934,0.6660060712836888,0.48440199685080165,0.05317898337504684
2019-05-14,0.8490265800935813,0.06936178982545584,0.5537929063507652,0.4893118800665458,0.09758342206190085
2019-05-15,0.6840884963187873,-0.19483269867069117,0.6284579640798041,0.29601609240162874,0.04122260872781171
2019-05-16,0.6837971276790821,0.1452117265185772,0.559556613653031,0.46074829525543415,0.02719709367066251
2019-05-17,0.7821648310536262,0.10678611818801582,0.6123360739452691,0.41662961289626116,0.0837673072779604
2019-05-20,0.8437362212280405,0.005474451533811139,0.4784196173644528,0.3093696544818039,0.0037860633751663933
2019-05-21,0.7359693884624028,0.10979401058956391,0.5826764260849698,0.2721335469106062,0.0750179799710422
2019-05-22,0.6931240949587293,0.07309041335116022,0.6726085201705062,0.4841894038501215,0.06975034636803164
2019-05-23,0.8094235194702609,-0.2607288889701655,0.567113046384909,0.6610363013869032,0.08173870078274006
2019-05-24,0.7917924269886354,0.18268588955562343,0.6124037521690523,0.3768280079425624,0.0006632054183295489
2019-05-28,0.8734915253348272,0.29028234283672855,0.5189014484908987,0.31411585136431724,0.004406843695108531
2019-05-29,0.7533077309080257,0.06768790352306202,0.5938520092109671,0.4685776545257447,0.06292303633892175
2019-05-30,0.8123578710751373,0.1592818434563384,0.5458584432607891,0.35879307737174704,0.017116146993032624
2019-05-31,0.8460724450130133,-0.026007611066426406,0.5529640822098159,0.31466457991320124,0.09478776290690163
2019-06-03,0.825700521930721,0.21377636325168636,0.5906406040590062,0.41650236865983575,0.058874601054794376
2019-06-04,0.7836435839044837,-0.07381049795483821,0.5765616843653159,0.5788530903123705,0.02855991395014449
2019-06-05,0.8194705677113325,0.06503984843805413,0.5025712875847971,0.49094873979835474,0.02299486222496725
2019-06-06,0.7668894392315082,-0.23230836162891474,0.659264544734316,0.4613483783314426,0.007747769720347031
2019-06-07,0.804564039975526,0.1298369812065006,0.5537347716057374,0.41191356110934296,0.07442241977634548
2019-06-10,0.7220446129754949,0.058408982428737766,0.5532945881871456,0.43867379953701374,0.02183443229819342
2019-06-11,0.796105393205632,0.03385371152849083,0.5242378636276137,0.44405661554126585,0.09379049634295647
2019-06-12,0.7087858109316447,-0.06973646273923598,0.6017560872119622,0.43214624984451444,0.03372095471003491
2019-06-13,0.7962008784498723,0.18307849095203943,0.46137691592234886,0.43004545195577787,0.09529966654382471
2019-06-14,0.8012961652617571,-0.061467304527435596,0.6662749949425661,0.4399412756383612,0.07602914155640055
2019-06-17,0.8165917232455694,0.16825210454350492,0.5900974687843105,0.3619904987945508,0.04226758812374235
2019-06-18,0.8069956133247205,0.08683856784992401,0.5300814995749268,0.39592838786626244,0.014624503385006593
2019-06-19,0.862287814545367,-0.06773536702679835,0.598257264252703,0.3683166616535101,0.04751272498608983
2019-06-20,0.8494135930146187,-0.1101645042152527,0.5530575659104033,0.24606083869293965,0.09125282976985899
2019-06-21,0.7977033979291013,-0.031069540000517776,0.4886916352189651,0.3343965832222386,0.08055384889466816
2019-06-24,0.8235405566282679,-0.17376523863767226,0.6583749378972601,0.2720132661590742,0.048686495226288706
2019-06-25,0.8478929598968317,-0.029991510873053868,0.538051617347597,0.3939577360708507,0.028641960094407948
2019-06-26,0.8113032331167425,-0.30376585876005024,0.5171140028208074,0.43129585016731964,0.05809059380256132
2019-06-27,0.7975619877831431,-0.20114016185984251,0.6078837376721348,0.476609736640343,0.07792042230654594
2019-06-28,0.8017220209973133,-0.08528943076398215,0.5280145604616174,0.38607035437272674,0.030212986522044228
2019-07-01,0.7519252344405005,-0.08377278409212742,0.5267200203094766,0.43065624871102604,0.045273054912558536
2019-07-02,0.8906150189131954,-0.22886769974340845,0.4757059219529759,0.41667428976691323,0.06329193731527008
2019-07-03,0.7227587431384795,-0.08770943736338134,0.5018611852815605,0.27990667715387296,0.0016788548018594751
2019-07-05,0.7922325971548432,0.24328780450355403,0.5576960382554281,0.3751999078932658,0.09393418774609495
2019-07-08,0.7012597538035854,0.3245819483332555,0.5334026676480832,0.37105847014591015,0.036892015342046856
2019-07-09,0.7927941574079288,0.32159806973040234,0.5738678369558107,0.5391207564950591,0.04409581018186862
2019-07-10,0.8214471337544842,-0.17019624000334344,0.581085179602856,0.3542105274213734,0.01893231909610924
2019-07-11,0.7779847523251967,-0.08086039880590257,0.46975996001619336,0.33510512934995346,0.07784892092550268
2019-07-12,0.743884243848832,0.07245645632705354,0.525979308705572,0.4137640929164933,0.028894327131059896
2019-07-15,0.7565370228908864,0.319927540953326,0.4962531604428509,0.2520050595380967,0.046891450762885506
2019-07-16,0.74287713248956,-0.31736390064352027,0.5390510652406495,0.45113130222417436,0.026838710080311235
2019-07-17,0.7454373207440229,-0.23046450660152293,0.5112666261181967,0.5571413605953405,0.05082923146119213
2019-07-18,0.7200545792925365,0.0999872020839256,0.5277282258020582,0.5587003361269837,0.011253780565910577
2019-07-19,0.879357918795156,0.07732282704167408,0.4894735319280937,0.40746130700689354,0.06417392354209964
2019-07-22,0.7447501998727307,0.257520907245666,0.500099336587719,0.49741299933094185,0.0755784282330715
2019-07-23,0.7495633661874586,-0.06400807349865036,0.5019541789735863,0.5381529656353409,0.07338911587050143
2019-07-24,0.8665543227836224,0.2438069621755483,0.554076993595224,0.4257495177495376,0.05050339833212027
2019-07-25,0.8120916215688982,-0.018026704388592947,0.5368626351535539,0.5349290595564549,0.08473660011129872
2019-07-26,0.783492117078291,0.0062645441764658085,0.6155124569663634,0.3363794544921713,0.04719489875045507
2019-07-29,0.7404059893724495,0.12434098437938575,0.4472689232904551,0.3738615419609945,0.02479271198127161
2019-07-30,0.7743726789793248,0.30490862263904434,0.48312143532887264,0.4422312448796389,0.09044108874293627
2019-07-31,0.6855225726258009,0.05335344726273446,0.45797540756819194,0.40088415169740915,0.029259247708435077
2019-08-01,0.7773182378191693,-0.22280882305853356,0.579191900018442,0.23026010813607203,0.015263908178028186
2019-08-02,0.7583808818093184,0.09713861711060566,0.4509497469529849,0.48762090104515354,0.06254909542242008
2019-08-05,0.8569886779846969,-0.21852368275291303,0.436365665866954,0.47445995706882604,0.08250847038723201
2019-08-06,0.7289060543927723,-0.04294649398325996,0.5452875126784317,0.3912127907220464,0.05901984354276718
2019-08-07,0.7671024489137473,0.24461424874917467,0.6069986872827253,0.36314727993670987,0.031107328322957508
2019-08-08,0.7826320046398532,-0.07618490741758494,0.47025658009415866,0.34651142445338545,0.013299934570844708
2019-08-09,0.81790857271037,-0.042385409836885796,0.5127742679191273,0.5123035052476564,0.04919897503248138
2019-08-12,0.6885665870364298,0.2836104141165942,0.5389028238492455,0.38621856690963396,0.025786481190019417
2019-08-13,0.690611519096155,0.023203579973698898,0.5229124874833908,0.4454991183568794,0.0010755176150489155
2019-08-14,0.8171165118515205,-0.33033421809851776,0.5065084887084578,0.41507715251458704,0.02428558763289697
2019-08-15,0.8019842726568582,-0.14713774628220797,0.4399372716957594,0.5810328647058471,0.03302825704509018
2019-08-16,0.7471903670293238,0.0545621349474896,0.5865232882982077,0.593796782911447,0.0005557080623927124
2019-08-19,0.8279546896288377,-0.1611366935146742,0.5457423538648298,0.31419289959182134,0.004981942592205602
2019-08-20,0.7216270074327832,-0.17285828473240025,0.5697639803842873,0.31392395661181793,0.09839843538387909
2019-08-21,0.8030224489061294,0.13541005031168707,0.4675636512643794,0.45241348715396923,0.05982982604144337
2019-08-22,0.7635524806212407,0.021396614863741538,0.5088389753865079,0.3987315597206674,0.09172723916801191
2019-08-23,0.7814550774667228,0.06831472552409665,0.5139081479986704,0.4147027758788799,0.034576444444337696
2019-08-26,0.753956848913753,-0.010293369044961038,0.5679877653076726,0.5558545588699065,0.041300178039943874
2019-08-27,0.6859851511495736,0.15848317822015195,0.6179724245468522,0.3659249121208225,0.05638950312392732
2019-08-28,0.7473662386786469,-0.14582905783975506,0.4814208008435763,0.46626128568268754,0.021960372270114284
2019-08-29,0.7672872869906727,0.23068988666671802,0.500690672144963,0.27796860850616695,0.09605584360647718
2019-08-30,0.8192781779111633,-0.3850397484407463,0.626038555142684,0.37954646619002275,0.06780967563809753
2019-09-03,0.7427304931307163,0.06323875956762762,0.49787737045635877,0.43509015554637936,0.019038689910259088
2019-09-04,0.8264739062079383,-0.04145410215078901,0.5701153357608627,0.235409474333286,0.060508855532276154
2019-09-05,0.7843740198992245,-0.34228163528960154,0.5299253142991256,0.4444513401982139,0.0016539535186519184
2019-09-06,0.7915600550183344,0.08257252259694699,0.4018420420776161,0.40902181094812756,0.06925164409679745
2019-09-09,0.7299892576407807,-0.4264595113011381,0.5417695214401648,0.5088406711774593,0.059401631174261886
2019-09-10,0.8202825022145319,0.23674524465984104,0.48636755637050677,0.3576328105396843,0.024391457870175895
2019-09-11,0.8173402574155807,0.08057405565624781,0.5437063227650056,0.46199879272797323,0.03679139820692089
2019-09-12,0.6864542735120043,-0.3984500038147991,0.5167572487913532,0.4713115324211483,0.039415612373752996
2019-09-13,0.8212026379190794,-0.04847233871745363,0.6455703654766596,0.5283927241754924,0.08256132594001443
2019-09-16,0.832651677316944,-0.3832490490214063,0.48701444000073874,0.3182982419606648,0.050736629596570416
2019-09-17,0.8321553831195577,-0.019766231820203803,0.4701628901581205,0.5107772377769713,0.04802863237988303
2019-09-18,0.8007179873621133,-0.07733339124493993,0.4825683688630381,0.4759274096131339,0.05893052577802793
2019-09-19,0.7549463409681478,-0.030266443079275965,0.44468508369169596,0.4589334997795522,0.07739880456953961
2019-09-20,0.8089653434496819,-0.1679365101906646,0.522843142122756,0.35067935789677174,0.03567015201378148
2019-09-23,0.8295730936496951,-0.3593779517504197,0.5488343935784079,0.40750674893172306,0.016657652303280857
2019-09-24,0.8503573100304499,0.14306978777011028,0.4818002882219997,0.3224717838168242,0.08474348397231263
2019-09-25,0.7569804193036946,0.07140721326227911,0.51859835199381,0.3509131921931598,0.0971085953293412
2019-09-26,0.8191502453300429,0.16748265728664247,0.5953899859102256,0.41047798396360874,0.03758929200835778
2019-09-27,0.8658841698090158,-0.3145919609926128,0.4799184985687509,0.5101549040350686,0.05880354836121265
2019-09-30,0.7784357225980182,-0.35340515119911986,0.5260811755225511,0.42673734815279263,0.05106015485263202
2019-10-01,0.7840780855302315,0.0912395463327037,0.4196377778896127,0.5096545546046545,0.06522644922791412
2019-10-02,0.8092774193728977,0.4452505389999221,0.5896544274884343,0.4180755030892515,0.08200782845000508
2019-10-03,0.8547863485951677,0.19699623235157793,0.5471045074185303,0.45056235888369456,0.0596043552371492
2019-10-04,0.7393685162405385,-0.3381804037619906,0.4386329632423417,0.41295314089911245,0.058280587255222095
2019-10-07,0.787035875017733,-0.2100998321374008,0.5694361769144184,0.267914188962822,0.08529366712463307
2019-10-08,0.8225403436708939,0.16813959599237643,0.5216018053951534,0.4680376786710795,0.0380852498322165
2019-10-09,0.8166077785223848,-0.16558866407860717,0.39985481086670965,0.33527682341357484,0.030118472609847957
2019-10-10,0.7802190199830736,0.012326748642161671,0.5560646234081381,0.5233376117859949,0.05793453737724731
2019-10-11,0.757945212833495,-0.1349050483941033,0.4508079450119028,0.45732682825149984,0.05143137239153472
2019-10-14,0.8974203962691606,0.10519987898726174,0.5533588702632939,0.42000059458871364,0.020343381248875192
2019-10-15,0.7651978716881244,-0.2082146139547291,0.5239114876395498,0.49924864167075866,0.0262679114221546
2019-10-16,0.7663997024712345,-0.02037808316775907,0.4770434776142879,0.45242371156568845,0.08181097352184241
2019-10-17,0.7937714729118283,-0.19173966819906463,0.5053871567021861,0.3777732337802391,0.05617922366910336
2019-10-18,0.8293503519252335,0.2136303121716805,0.5110279263018387,0.3373023885010153,0.08215524747118874
2019-10-21,0.8099788496706345,0.05637115210089688,0.54089917264321,0.5155801707017604,0.08027681770936462
2019-10-22,0.7100081086747003,-0.26685294855639013,0.51025697506749,0.45735848873783874,0.06291260401241795
2019-10-23,0.7832694060878759,-0.03227381770187107,0.4192553235509837,0.1488483106404585,0.027759974820098524
2019-10-24,0.8736619464202748,-0.13875912822446124,0.4977003207428455,0.32599162431464096,0.018308412643511275
2019-10-25,0.7234387070918483,0.04624067940057187,0.5181430059839367,0.3039468011736138,0.05858035539467119
2019-10-28,0.8192526489491717,-0.4050118106834609,0.49727779476132355,0.39538107875349854,0.035587214025585234
2019-10-29,0.654166120105891,-0.1848165771158049,0.499463247289867,0.313160479126676,0.08982833398427198
2019-10-30,0.7530444579279153,0.15288955634700996,0.5041946168361405,0.5458912556788212,0.03984373855056152
2019-10-31,0.817624626392012,-0.07104028239290676,0.5861944619999676,0.41300673320486503,0.023374388301494377
2019-11-01,0.8360773072129486,-0.019136465949138898,0.5289020379391262,0.37458517934264335,0.013997097274600457
2019-11-04,0.7538616035139126,-0.14347653430875637,0.5582460760437026,0.33085993915743833,0.08778121885720948
2019-11-05,0.7193473158704895,0.027166469575012883,0.5304883601456785,0.2802780274862567,0.07885141884202802
2019-11-06,0.8779345097515797,0.036156735847289866,0.5810982816561693,0.3518509166321424,0.08295981468344896
2019-11-07,0.792188503355677,-0.18803972067986016,0.5999753268109891,0.48398248162073265,0.03798290953424497
2019-11-08,0.8347880869737283,0.17032053395331848,0.52356521130524,0.24234938410764867,0.054142808960848804
2019-11-11,0.7702949023914517,0.10855528209795982,0.5015776310562844,0.3638045798485459,0.03119393410106294
2019-11-12,0.7650207203948007,-0.09101567489944239,0.490798194100817,0.49375157109015816,0.04556677053486116
2019-11-13,0.7275759477181589,0.23948927016426574,0.5519730494440317,0.28947107990013166,0.012041722305035085
2019-11-14,0.7615573165260113,0.00017177987524688134,0.5096206918568458,0.4882827310594346,0.05119506379786259
2019-11-15,0.7698622263134248,0.04093700115335478,0.5752185086284828,0.38958313402788514,0.04551046166171083
2019-11-18,0.7414912771733729,-0.1456230022632147,0.521484925117843,0.41649737127057684,0.004016025986092631
2019-11-19,0.7969107333163887,-0.23912408959834847,0.574422067202125,0.4769725345387189,0.08291740340133223
2019-11-20,0.7064158835954936,0.21940850709922086,0.49312920157757334,0.41444347552619176,0.08614160777245931
2019-11-21,0.8030540098117007,0.2600137831375495,0.42018789044134186,0.289169841440112,0.03617780293116866
2019-11-22,0.8296971571737861,0.041836033516004546,0.5384958717997929,0.5019284364382983,0.054630934300684345
2019-11-25,0.8753195766805963,-0.07394820618481716,0.5346190115265474,0.5446322985735971,0.03091467768520816
2019-11-26,0.7845311366985527,0.5567177803783722,0.4619188512545339,0.5616555985202042,0.026886713182295074
2019-11-27,0.7833585478548675,-0.1208700376741561,0.5043897959448016,0.5061813868102438,0.06712375467508834
2019-11-29,0.7590822544686375,-0.07913201660041298,0.5694814217378621,0.38150052892124026,0.06215059087437344
2019-12-02,0.7349247238643433,-0.19644416686699356,0.5589231005247127,0.3106562831554368,0.056857259074084725
2019-12-03,0.7615958972535452,-0.219302556019667,0.5880768434666013,0.34585260797035333,0.04522626165718735
2019-12-04,0.7947160862432863,0.24225876266661572,0.5500488913813759,0.29252262007742286,0.009554295032445238
2019-12-05,0.8031920788201653,-0.06485679811385475,0.5962369055396128,0.3381419416861131,0.017308615782391557
2019-12-06,0.8147356305057079,-0.2251072312876067,0.5364327463007168,0.5087662961128986,0.09251899825636026
2019-12-09,0.7554919409174498,0.4082271510864156,0.5502442040780713,0.3328150989191924,0.04601949026373843
2019-12-10,0.8057803361400403,0.10944215578698882,0.4713149885516018,0.456410642819741,0.06585859492419864
2019-12-11,0.7715817051887387,0.21181897069344813,0.5669288780588118,0.24094863707138472,0.02003661860163605
2019-12-12,0.7162931277676725,-0.03864141202943747,0.5036211067715881,0.5538904670980423,0.08322565354982385
2019-12-13,0.7615872583616002,-0.1713101853766656,0.5305594926247195,0.3632501060839775,0.022766354773458255
2019-12-16,0.7874823708313913,0.2135000119884413,0.4649894699218411,0.3601534422273007,0.008165304545994812
2019-12-17,0.8131675358014147,-0.3941490693442538,0.5098123296527596,0.4517378227619875,0.07104091113567136
2019-12-18,0.8016391557065847,0.03532765387204456,0.5163483761509092,0.35118144110578703,0.012293425027120164
2019-12-19,0.81510616192107,-0.008068258209192014,0.5387236135773367,0.45469930918185675,0.03231761557546244
2019-12-20,0.7953170241108611,-0.24371223933749833,0.5242826903814397,0.6403352928128846,0.008575363520473889
2019-12-23,0.859676969040432,-0.16222542074439456,0.5336925006791393,0.35353973810621686,0.0968698662979816
2019-12-24,0.6968714568393894,0.2353771752842988,0.5978283264733266,0.46120335875982105,0.07844560890772045
2019-12-26,0.7438320381491408,0.17640721012847546,0.5303452420678968,0.23254904880306362,0.041024569453321294
2019-12-27,0.7836569533933311,-0.055995134222006616,0.474094912688361,0.3488381020374836,0.015826086139294548
2019-12-30,0.7190847242979921,-0.3642298252608394,0.5483394242863288,0.38914756236668596,0.05464427881115291
2019-12-31,0.7912356564237815,0.04974460860247456,0.4692522671084207,0.45859539289142925,0.01166321343407646
2020-01-02,0.847317837625911,0.18632352974187388,0.5996154435856489,0.432933232407712,0.0747498874880969
2020-01-03,0.7980585925355781,0.03129336480798994,0.5563761501775188,0.2340446513941366,0.021088901342363898
2020-01-06,0.6942354261864201,-0.2129314399438461,0.5766096613844166,0.486301331565288,0.06642845342206809
2020-01-07,0.8559389295434818,0.01055684474456843,0.5897467673042931,0.31760912050411716,0.01502022665805396
2020-01-08,0.7066874691048504,-0.14700147931552673,0.4878404707694226,0.29765783654738276,0.03921409590053115
2020-01-09,0.7717691317765071,0.0802294643409668,0.5276494396440189,0.47100644044193585,0.05531141154605897
2020-01-10,0.7921527919815822,-0.4478448636665908,0.5052665759140827,0.5505538069988768,0.056319077754592786
2020-01-13,0.7391108476184133,-0.31260854855474507,0.6281537490044647,0.44227504947427865,0.008445544387089932
2020-01-14,0.8460439171428293,-0.03114006984990277,0.6118933337057639,0.2901378365588802,0.060273628191718366
2020-01-15,0.8452589229183165,-0.010990519495251455,0.6569886583798132,0.554231441024891,0.060082307762087096
2020-01-16,0.8189426630068044,0.2577733419456079,0.5093561784882528,0.48004027490027623,0.04911127790514516
2020-01-17,0.8064198572765112,0.19960652234127266,0.5712875513153162,0.3685773683546779,0.020167353523984122
2020-01-21,0.8202892939021135,-0.2591433831382592,0.5511126978477898,0.39022536585638107,0.011439184443729045
2020-01-22,0.7508403828353689,-0.05416746996830549,0.5802881375711358,0.39255251167076755,0.01388307727236552
2020-01-23,0.6778454659580945,0.5693852846532053,0.5285103867672728,0.2586193742342576,0.009645098962800825
2020-01-24,0.8457274869354453,0.22891951736282512,0.4739590725636697,0.43510201929074005,0.05724182587227039
2020-01-27,0.6838716685261678,0.7907036726780876,0.5932599708877284,0.4319110986076011,0.0006832331362419564
2020-01-28,0.8336902380445658,0.22325712989837931,0.5709093644792412,0.3489780634880838,0.05227576204656834
2020-01-29,0.7931701793559317,-0.21137675824901536,0.5798309928223219,0.3279750871321625,0.03209670830021714
2020-01-30,0.8290624545446073,0.16888740419599718,0.6070734203366999,0.3237144039970459,0.07578886546018353
2020-01-31,0.7336374248831252,-0.2230195632520815,0.6255256975627748,0.42794768909534914,0.007065343262198887
2020-02-03,0.8821290171823146,-0.2323709835030534,0.5717002154569085,0.566642218232035,0.0032012971996806085
2020-02-04,0.7729500687673836,-0.08742355113686706,0.618694938743158,0.2205804428538288,0.04680789622763309
2020-02-05,0.7692641813353777,-0.14445960619598874,0.5564587131872802,0.2522456753170117,0.0506462890224261
2020-02-06,0.8667477840177085,-0.043584099637241386,0.541207744650686,0.4825937581206209,0.01992018845981085
2020-02-07,0.8243653245258383,0.13574974355415856,0.6432222754581044,0.2193495980384034,0.03958288497921093
2020-02-10,0.8721302606944681,-0.11366123953369998,0.5376544902861394,0.29751118223479533,0.0035603092663396897
2020-02-11,0.8462621400621625,0.17924975217442948,0.5867931464127559,0.3766058949682628,0.08748972412160072
2020-02-12,0.7325534685076285,-0.2831891356718165,0.5076431086816703,0.42053491267116666,0.09722256278647617
2020-02-13,0.7569036910829805,-0.38873448157599616,0.6218111904982064,0.5511890810830785,0.08986429881392702
2020-02-14,0.8371234996643897,-0.10024071147514962,0.6140151081730219,0.2774280806075062,0.09257638811008728
2020-02-18,0.8455664047978688,-0.2324776887615455,0.5421607343402383,0.3772975431814595,0.046389615853557276
2020-02-19,0.7962525434129797,0.07373126344387074,0.5487720715882897,0.4836766757774251,0.037572932660621554
2020-02-20,0.706742641175523,0.17104652969223322,0.4935408898714872,0.3539952790194193,0.05180737478424002
2020-02-21,0.7748886211576471,-0.04724590609177544,0.5789697962094512,0.4594825848418549,0.04234075654937264
2020-02-24,0.8159059669120624,0.3001781151061008,0.5893674589266261,0.5238417472869894,0.038768632976326246
2020-02-25,0.7964956530289707,-0.39175941078559134,0.5455357779929244,0.565639766986625,0.023582862154351382
2020-02-26,0.7920984572074703,-0.1707486502282668,0.6596193795510804,0.30658966050967057,0.03509761518562308
2020-02-27,0.783501051167244,-0.10837478456802281,0.6260885596554536,0.29847352074047656,0.06485159621373066
2020-02-28,0.7417405205591567,-0.11230434658961441,0.5542469791087932,0.42212218814372937,0.031512143413037166
2020-03-02,0.8838059073502144,0.09016652964769076,0.6469774754779374,0.5177922622476598,0.061090072813634246
2020-03-03,0.7755965267275532,-0.18742821416224748,0.6276499639546533,0.3736504657872497,0.05919429106428904
2020-03-04,0.7426586806077049,0.21407759569280002,0.6563860153599419,0.40924459262030816,0.08540722501752314
2020-03-05,0.8040615772957647,0.12103296344007836,0.4760352962365039,0.3334490830247576,0.045028475549501415
2020-03-06,0.817669626034807,0.17154447684767668,0.5669003722918214,0.446698913786143,0.025939299894303405
2020-03-09,0.811106830591309,-0.31353667928092754,0.5961431423474504,0.3719201824736376,0.053922680578337705
2020-03-10,0.8448568739348375,0.019923206272278685,0.6191267192563176,0.3168222714861634,0.09488289496774917
2020-03-11,0.7552037182100524,0.04161489238378785,0.6402163053351396,0.41968893507110294,0.07907931040002009
2020-03-12,0.8100871932173581,0.08141303440744946,0.5769232285618431,0.4749772621175447,0.09301817968577941
2020-03-13,0.7896239565611531,0.16082308620876007,0.5688963217296087,0.5727305476396045,0.06056127827758645
2020-03-16,0.8445499820899109,-0.25506348360160797,0.583536705774448,0.5786862146185361,0.07656002824877257
2020-03-17,0.8233888730264665,-0.2694584168160635,0.5790877560772449,0.24262973363293602,0.09106200826991646
2020-03-18,0.7723246974231394,-0.1504978839399344,0.524415269206568,0.4210690097293155,0.07789743758513115
2020-03-19,0.7686378590776549,0.060009447015344636,0.6469799740970242,0.4915689207719161,0.08409871135116084
2020-03-20,0.780014645327203,-0.4160703160137823,0.728796696789862,0.5150065060643071,0.09573389520488218
2020-03-23,0.751565371489688,0.04360417888344835,0.5104487469856839,0.6345039436113309,0.09777365647782754
2020-03-24,0.7641356138897967,-0.339367387897361,0.6334406725463676,0.320669381640248,0.033128388595453695
2020-03-25,0.8806588127328628,0.002333996174005245,0.5631905799638132,0.348615888631824,0.05541468284871101
2020-03-26,0.8086046569852963,-0.19837768699432565,0.6018686302849491,0.4292100096098952,0.09699870789524569
2020-03-27,0.9083952756497575,0.046426705141331265,0.5945916000178119,0.4055918264370546,0.04982590995445412
2020-03-30,0.7586554304646826,0.1015048083699023,0.6491095834133623,0.33542137053207705,0.05283969955260386
2020-03-31,0.7920093944434067,-0.022858893849398692,0.5784303297794888,0.3064501471034323,0.08057450430853635
2020-04-01,0.6951732859995426,-0.011031072206622241,0.5256142824417818,0.3641000013465711,0.05274709936085077
2020-04-02,0.8199350760977436,-0.14233460760866348,0.6288213876802402,0.42653144236099416,0.06148262429333591
2020-04-03,0.8126874415733475,0.16840358876370143,0.567865420475651,0.42733234016671573,0.0377057570005795
2020-04-06,0.7609021918846809,0.12428711194974061,0.6312975038355066,0.3571732677916326,0.05976093781384023
2020-04-07,0.8556600459765171,0.19092098151445155,0.5555186665589291,0.25178253482562807,0.04510331184193477
2020-04-08,0.8852094590329947,-0.35301999264850303,0.5772076108344265,0.4251032314387717,0.06257991488002367
2020-04-09,0.7024081941134929,0.01715748686050538,0.63092863197701,0.35697146949409625,0.09363029831865578
2020-04-13,0.855369724577177,-0.09592516787135855,0.6043531752472069,0.6795348068374332,0.05392098747172994
2020-04-14,0.7376060086312215,0.09372114544871103,0.5993703102452552,0.43977641746471385,0.0371090951626918
2020-04-15,0.8484325010247185,-0.08015954696464574,0.580955267717339,0.1660433069414348,0.0025192236259516834
2020-04-16,0.7998553825392778,0.02481606005032063,0.6488344972942495,0.24017475018239454,0.04429040372089913
2020-04-17,0.7516119027665296,-0.15785341192931593,0.5998552060365915,0.49305368278730133,0.05258279598105036
2020-04-20,0.8009991286998255,-0.18881024522787476,0.6091272604486553,0.42546988628476073,0.08117580828932229
2020-04-21,0.7860956082970396,0.07604723799922783,0.6264577047584122,0.3758225809412705,0.030390499910717596
2020-04-22,0.7393724770870085,-0.1741912652132559,0.5065035773438,0.32879546095442164,0.030050482987788885
2020-04-23,0.772123873298989,-0.19342310321744913,0.5963026407757689,0.3662467187854848,0.002985664937273669
2020-04-24,0.7980080148391063,0.09585293179666536,0.5456519035761183,0.35689847473849956,0.004387894171684082
2020-04-27,0.7831339105381732,-0.5035356403281365,0.6182767708394051,0.5369563645024686,0.004713199065846796
2020-04-28,0.7422580451847558,-0.11270193118135385,0.5612048172665656,0.3797173899557566,0.054916772981706156
2020-04-29,0.7129106086663484,0.022546562769240257,0.506808952097534,0.4169244157353193,0.09904000529028317
2020-04-30,0.8024977790375195,-0.03907517247115768,0.6687441708837119,0.29418916282048957,0.045936116449452294
2020-05-01,0.8111663948065534,-0.04412024764424772,0.5232446696585344,0.23375352037813488,0.0273984840032511
2020-05-04,0.8529881175169727,0.21453825079299269,0.5136878504935033,0.3605314186150751,0.07522633040629761
2020-05-05,0.86848963120692,0.04445770949605985,0.5482151676029864,0.5155702565739647,0.03917960768489679
2020-05-06,0.808438065872891,-0.0996239935923286,0.5581413830811458,0.5722546517754432,0.08344757548600672
2020-05-07,0.7941699161861616,0.20668102004979555,0.5775415392080898,0.5830717032572439,0.044060303740288825
2020-05-08,0.8136544311111928,-0.017409289410666873,0.6189828798366485,0.5164944716559436,0.05479717177818826
2020-05-11,0.7790188010820254,-0.014165219643875569,0.6151967275775375,0.3095571674011952,0.06330867309444815
2020-05-12,0.703304174990056,-0.08876209755902617,0.5997881740005265,0.4364724784636806,0.08257828415459866
2020-05-13,0.8835465340555538,0.22331576319007543,0.6675330731860949,0.5462295421240673,0.0314942535869418
2020-05-14,0.7992115785078996,-0.23803716995312754,0.5043504388998341,0.4464320606458122,0.015337431164730376
2020-05-15,0.732158072079547,-0.14907139144888462,0.6780952298218335,0.5114085468079923,0.059833435367945054
2020-05-18,0.7957251600026541,0.015814372120570068,0.6264016779956109,0.4601806716192132,0.08383447017398174
2020-05-19,0.8081503857568837,0.07802993694891429,0.5394613574818141,0.4347667425252214,0.0751912417473728
2020-05-20,0.7676965085973092,0.21824267719816742,0.6364253316632956,0.30087848702061254,0.038766155162755445
2020-05-21,0.8730602149330379,0.09344915226434447,0.5736883777171247,0.3966419826114044,0.04438893981529937
2020-05-22,0.7629191584856985,0.16202217178809694,0.5860652164098099,0.5095617990103455,0.03741744540488095
2020-05-26,0.8691336638927277,0.2602893113315621,0.6494602906682644,0.2533128823542796,0.032115471398637276
2020-05-27,0.8005193503000834,0.04944735324580605,0.5109448452439146,0.28760306210027153,0.0322352441990032
2020-05-28,0.7667193207700617,-0.025130716250478094,0.5323971641399066,0.4539505205234336,0.0938778210768768
2020-05-29,0.764296040414677,-0.1155482010018309,0.6030164566956541,0.40405510445489096,0.012501123524930692
2020-06-01,0.8681036194394032,0.1750862083880219,0.491267220709288,0.5034560538594437,0.07064113600545271
2020-06-02,0.7717802703161349,-0.26387831943939294,0.5059323554486714,0.433104559418427,0.02261453575157061
2020-06-03,0.8773410362710777,-0.009643951345554312,0.5857381132293314,0.5404367875249017,0.08929484909569058
2020-06-04,0.865758016244696,0.41229905766508185,0.6499019070811419,0.2693547812301147,0.023215480151454516
2020-06-05,0.7326049771541437,-0.03927585844320348,0.6358930288154729,0.3674878248864101,0.06669103701639471
2020-06-08,0.824049063084779,0.13476390729548257,0.6269735462848183,0.36999451199685973,0.026772275049630756
2020-06-09,0.8140148689084856,0.003385322734187272,0.5553981175267184,0.49269344625742617,0.028398517535799996
2020-06-10,0.8605494671936785,-0.12894355707079805,0.5783348263199803,0.49783992950826744,0.07620699997468396
2020-06-11,0.7709354274087934,-0.13402861538543118,0.4987453795218645,0.37447251482876615,0.0962974590895775
2020-06-12,0.8563584367268886,0.06542028926901831,0.5575051040562373,0.5273949593300447,0.0014818034929678149
2020-06-15,0.7131015373879862,0.24800037507330647,0.6662345454020454,0.3931951602015751,0.05333186347762976
2020-06-16,0.8276736379700477,-0.15282967852203566,0.6058158373220839,0.41640144605973234,0.010847614723762555
2020-06-17,0.8050941735079804,-0.009332691954469065,0.5937132022473552,0.5325445758399272,0.03872529418384292
2020-06-18,0.8198951459382153,-0.06064329384231755,0.5619954938610217,0.5072489733874774,0.04064965291573222
2020-06-19,0.7898211098116741,0.026460191625535392,0.5927122686036427,0.4766509261899438,0.01884371646754475
2020-06-22,0.7480806653033146,0.09572148602960844,0.6293858517237414,0.4272433452374133,0.05708917067075312
2020-06-23,0.7952046814158996,0.0386498824453815,0.5390549924566437,0.3475075576040075,0.040402277860224246
2020-06-24,0.809443784807146,0.1521901849237219,0.5796422659524949,0.29532929654021345,0.007649903753463883
2020-06-25,0.7973491687329884,-0.3211715030651044,0.5476174723890654,0.29188403056781764,0.05858761036938407
2020-06-26,0.7073082503347772,-0.31612466135124606,0.5452169845729077,0.33504194110539054,0.08211613859720157
2020-06-29,0.8518310605913323,-0.03928333374634215,0.5088212956833325,0.42505676946758275,0.0672702894226249
2020-06-30,0.790778965780857,0.1570057276557615,0.48584023422259753,0.4153059445170937,0.0415685999797886
2020-07-01,0.8028904676665256,0.03002895588959123,0.5322277287083855,0.46170514235393006,0.08968763446793969
2020-07-02,0.7984543799465577,0.14683761574069132,0.5460497279799459,0.4523095415556022,0.044539027308641316
2020-07-06,0.8036822224816472,0.24942954783521218,0.5558954655067182,0.4352475689235777,0.07023633697235192
2020-07-07,0.8359440681347402,0.16068356996463332,0.5023517500635807,0.47066748663112423,0.016572259491243968
2020-07-08,0.7656852389666113,0.1997515545586624,0.48383308877982006,0.5072910713679006,0.07201597369116393
2020-07-09,0.7839110814817565,0.41280956093318677,0.5131305531253997,0.38451159852585587,0.03976037361032719
2020-07-10,0.8372771001124044,0.22597440423952483,0.566980577847031,0.30846495404796986,0.004820764555888535
2020-07-13,0.8290346939775793,-0.053787600363441525,0.514806399285443,0.3360441726201597,0.0363725268671816
2020-07-14,0.7914131556633685,0.10584075221552235,0.48907151508406044,0.35917646054973407,0.018638738831709335
2020-07-15,0.8234069417489268,-0.020785277505678868,0.5152405839946343,0.5324402653297368,0.03587292902657437
2020-07-16,0.7996942169447873,-0.24476346743582056,0.5050525737066539,0.30787464443835627,0.03942554311395503
2020-07-17,0.8085601871667041,0.1919437421255176,0.5578798017112173,0.2259525961986255,0.06303300383841773
2020-07-20,0.7164574084466355,-0.012584770699803861,0.6339529245460405,0.3876912630534278,0.0806937996835377
2020-07-21,0.8884956578174508,-0.08867450128653881,0.5031846085712837,0.28233907259952995,0.0794247637499145
2020-07-22,0.7945611891952045,0.0007838754391355312,0.5547138391432604,0.4618685903797527,0.0331831932644718
2020-07-23,0.8858902615826009,-0.12070257486980399,0.4759272360031328,0.5172540971637047,0.058010918195725604
2020-07-24,0.7742242128872782,-0.3889954683559926,0.5114887834110307,0.42088735611082617,0.055168587199545906
2020-07-27,0.7323244870394942,-0.01906460223256582,0.4977315574767161,0.32114770144894306,0.01831650704721104
2020-07-28,0.7767679707631685,-0.263991474872637,0.5187592871516986,0.24010395219037844,0.019600257884319107
2020-07-29,0.7556183135302734,-0.2371019258422213,0.5194318695728934,0.535158871244714,0.06724246767264817
2020-07-30,0.8395612730061565,-0.015610096076045991,0.4813939098129928,0.391271557153698,0.03675531909498319
2020-07-31,0.7605224076806895,0.14452804844445477,0.5500491349036167,0.40261465084195686,0.04181384053630041
2020-08-03,0.7628140004165954,-0.2856981299449914,0.5450336434878768,0.5517150636766213,0.06260115694857589
2020-08-04,0.7524207582193774,0.08879568329535359,0.6635374622185826,0.5006198889397716,0.033240787606608084
2020-08-05,0.7318352542579025,-0.15433163410588094,0.5690364626879572,0.3541215059896402,0.0407951035688858
2020-08-06,0.8835087414787645,0.3681517927692331,0.555407449131927,0.17567910215820115,0.038117434222150984
2020-08-07,0.7467379112980097,-0.023455277738924824,0.6106762111937762,0.30430903155590017,0.026711847090369268
2020-08-10,0.8453666045093265,0.19018108750820603,0.5534067546639774,0.3220247287154803,0.07112541721565792
2020-08-11,0.8057609200625295,0.0453022173959652,0.42522384222409154,0.44586519684857623,0.09539924793853434
2020-08-12,0.8492540686932079,-0.07249450247267203,0.48246386904266136,0.33391596599964446,0.061362441776035996
2020-08-13,0.7987655497342163,0.10986096642099592,0.5378833936032218,0.30113788323306423,0.025008649408967444
2020-08-14,0.8915295486143573,0.10692194863013248,0.6317717853351896,0.40362035614793074,0.07226572141915538
2020-08-17,0.7304695121134415,-0.11103786220202667,0.6440274324160746,0.5153088145984263,0.0003440385257917678
2020-08-18,0.8473317345398825,0.27985542930256485,0.5164425369548092,0.2935143993691476,0.030192987387991855
2020-08-19,0.8530177925559356,-0.3338074398667801,0.5162730811649601,0.4186624906088171,0.09381660118012627
2020-08-20,0.7584699206440999,0.12863731578793494,0.49011158856274967,0.40470416586276636,0.015017276757727916
2020-08-21,0.8320324405445778,0.17897308242730572,0.48185614226833545,0.3916839273702132,0.05700229330196963
2020-08-24,0.8097030505520207,-0.16461457127778575,0.510695558880856,0.3663333423659591,0.06746407356617962
2020-08-25,0.8136883496320456,0.24102570877810858,0.4542388449347498,0.4670910646891276,0.08471055487401388
2020-08-26,0.761879670024813,-0.4624445234884803,0.40299025885324186,0.476598209827664,0.07570274963589077
2020-08-27,0.7649493910553721,0.055123096450599623,0.545751815934753,0.2716685221615086,0.07861482179439733
2020-08-28,0.8985267495918804,0.4052720040238895,0.4232211026248217,0.3820973424189071,0.011871681015262503
2020-08-31,0.7137128336727401,-0.5117535593739561,0.4379890688048833,0.574370165290542,0.07758923844706118
2020-09-01,0.8177532074500639,-0.09087061586623302,0.4991255591095671,0.3582018716168348,0.008032967900887677
2020-09-02,0.768405140141536,0.15424778316166884,0.5314661011294063,0.3679843746832174,0.09390121104243758
2020-09-03,0.8111980829383806,0.09049989141801111,0.49067311374743483,0.30767493668595625,0.07844129068806349
2020-09-04,0.7667571893088618,-0.004683597052957686,0.5839608388857391,0.5391506918748368,0.03972642303707627
2020-09-08,0.8129900175681966,0.1358764416890305,0.39140064338754954,0.5034583305364154,0.059056057511138106
2020-09-09,0.8258220649989234,0.1396747104120695,0.5203914236429135,0.23320977432150686,0.0906763790723868
2020-09-10,0.7178479487103653,0.21639574237629955,0.4879167096236344,0.4842594727912829,0.08220156966225048
2020-09-11,0.8114920623935035,0.02202590462714869,0.4162238076615831,0.4439932144917857,0.06355789231020591
2020-09-14,0.8192177038221409,-0.03132081709060563,0.5438719763226778,0.309893305436422,0.08004093390935235
2020-09-15,0.7944112332991871,0.02876346723041372,0.40682491613027955,0.2516052966348609,0.02127018105573866
2020-09-16,0.7742160020881764,0.10475882069458241,0.4969352022010279,0.46990122566201364,0.047541786229730425
2020-09-17,0.8757191498077245,-0.23904106607453987,0.41915031489096427,0.46624310442714795,0.026679995931477497
2020-09-18,0.72204322053941,-0.09203148802222907,0.5566826612435719,0.547167702958245,0.03057479650832794
2020-09-21,0.8597268535517535,-0.005796808516760843,0.4822349821889397,0.46568943741350133,0.0426483653423084
2020-09-22,0.768594275864245,-0.19829178018757426,0.5581095220852811,0.38889581112149396,0.07900104073138536
2020-09-23,0.7366193266122049,0.11253302786629815,0.41258719001978245,0.4369531987525177,0.05429075674222046
2020-09-24,0.8247649661582251,0.20141043205307152,0.5474109840406436,0.3238548885842507,0.053623385946434246
2020-09-25,0.8010867979520855,0.1069118020434357,0.5413231866713878,0.08692105192894284,0.02874235109113127
2020-09-28,0.8060500328506469,0.11696757968458256,0.5120077091242459,0.48565462011461996,0.07769317204883125
2020-09-29,0.7712764699864607,0.04929306848884716,0.578917987708787,0.4480538922637975,0.021303066115730254
2020-09-30,0.8308074967932437,-0.07349523549635022,0.5343476694574172,0.39874145111057213,0.014432379434260723
2020-10-01,0.8114512661141149,-0.1278814789635714,0.49967546125424545,0.6259344083948485,0.09224362789316731
2020-10-02,0.8402420942035289,-0.24250761978923197,0.5072231247475202,0.4749704228697945,0.035806252407882926
2020-10-05,0.7581081442961974,0.014359554526668511,0.42569493573868306,0.30374406011389404,0.07328346020691584
2020-10-06,0.8105318044018446,0.07281843678894455,0.530129828169151,0.48897107269879564,0.022900580670954573
2020-10-07,0.7961999765743846,0.1457182433786999,0.5180337164790204,0.4516217709962985,0.07367565275556916
2020-10-08,0.7587636840378902,-0.1780600857190225,0.5756949704343639,0.3547062391808878,0.033911239210093404
2020-10-09,0.8402077401352671,0.12585341836483252,0.526149077136761,0.4121843553245796,0.08116537123425112
2020-10-12,0.8262609409554867,0.2235996175343461,0.42493088922421307,0.29183623433198996,0.026110460207970445
2020-10-13,0.850860877193498,0.03717869038501575,0.5246288433109091,0.36879713093014715,0.02243455350607694
2020-10-14,0.8345009301845275,-0.1403781005136631,0.5489486823069801,0.29850107638197915,0.08215862000595985
2020-10-15,0.8278564041563461,-0.1812825376641875,0.4395391996118905,0.5244748558983827,0.039807783727125894
2020-10-16,0.7303390702594883,-0.04527569629501576,0.4913035120161981,0.5447367058314944,0.00841537192651104
2020-10-19,0.7379493380966061,0.3138121337342479,0.465671899506466,0.4202753536123807,0.09861116820677994
2020-10-20,0.7167299545172438,-0.12247405740741808,0.4604710517227512,0.37409341351431613,0.008610829978236789
2020-10-21,0.7997951396961677,-0.14374625531952348,0.5521845655250258,0.345286161086409,0.050943888395065966
2020-10-22,0.7685278239688653,-0.1471980263982682,0.4570313383384739,0.39976025527108944,0.07804210660824058
2020-10-23,0.819310693677785,-0.25064708248813056,0.576004328185603,0.48535937628503906,0.07648554847510614
2020-10-26,0.7649213749567672,0.027839218295306913,0.5568685055657677,0.45703578618154217,0.06954322096117546
2020-10-27,0.8788790696402319,-0.08635679205502075,0.49258122218113853,0.38645707262224577,0.07728717996398561
2020-10-28,0.8554665753073706,0.07179217130287303,0.5178955541231116,0.385099352218128,0.06164605400072866
2020-10-29,0.7685172840218047,0.06626835658121537,0.5995361987037737,0.4269662347195329,0.027548664092368936
2020-10-30,0.8157266061872319,-0.08411734192728353,0.4466066457581149,0.47698140123814287,0.0752129025722214
2020-11-02,0.772168932549475,-0.3323515196658089,0.49460287739304964,0.4489629016210288,0.03284024602272758
2020-11-03,0.8280379325856222,0.31234235457441495,0.5395337078122455,0.33260731064914717,0.019042821361998554
2020-11-04,0.8409898260208953,0.04016882258015388,0.5848412696565197,0.3418401039710909,0.05180008197868868
2020-11-05,0.8141800915456281,0.3340929120868661,0.5059428866526586,0.40076861713743606,0.03786845245838793
2020-11-06,0.8727723502506386,-0.20228242012666936,0.5019279465694132,0.5440677754220349,0.04559271955441824
2020-11-09,0.7620050115517114,0.2588315565903061,0.46126478452437225,0.4476133083958288,0.019535977359747048
2020-11-10,0.8094073248086322,-0.14681634280080122,0.5509729180101169,0.4848790485311961,0.0013736313025339954
2020-11-11,0.7195003120419998,0.06168916073903528,0.5012978016089182,0.3866460929238014,0.055753088476954676
2020-11-12,0.8397525520473523,-0.14439166568245124,0.5027951099408491,0.34748692358891486,0.04101783106614774
2020-11-13,0.8686611101738554,0.022918738021595497,0.5399720918346852,0.37833867772739793,0.0954871726763118
2020-11-16,0.857005595027348,-0.19598205419392212,0.5405299770075648,0.5418159555885118,0.017434060196591352
2020-11-17,0.8686776293661335,0.5390875018311555,0.4941465299144722,0.24344384861242568,0.08698446816135022
2020-11-18,0.7801587714283291,0.39278322582436975,0.5065977793506591,0.5295993653378015,0.04234308160137961
2020-11-19,0.760759645022201,-0.2819282511759948,0.47203150897603713,0.28850147445209073,0.006540234922633859
2020-11-20,0.7920196463370054,0.0236243836559432,0.4907881813169389,0.4775591438245247,0.09994307447614303
2020-11-23,0.7709152982357875,0.10192965722090826,0.4847484551886606,0.5511546930958722,0.08683586902836449
2020-11-24,0.8317807842378785,0.058562163589426244,0.5266278692247405,0.4405628221782982,0.09454688628705522
2020-11-25,0.8191947056428033,-0.3460461515862294,0.5338878086565111,0.39342341757163257,0.06095466562468595
2020-11-27,0.7614013312357676,-0.0276790313551547,0.5875688788641087,0.41022826507618093,0.0015846958409651115
2020-11-30,0.7918592422466232,-0.17270058807142086,0.4792636862793253,0.3852913419522715,0.0029475414808479597
2020-12-01,0.8156000739340855,-0.27841314251498267,0.5478885272335398,0.4400629380664931,0.0842865168163548
2020-12-02,0.7918562115162476,-0.08208905827602775,0.47964231558817505,0.2349368590381058,0.08926050197078968
2020-12-03,0.8084245360112615,-0.124417409897329,0.47894295341553667,0.4002833891114826,0.05708132838107596
2020-12-04,0.7442047809718662,0.06718303720278632,0.5238269809920632,0.46654457347734635,0.051091149932607854
2020-12-07,0.8237708790081224,0.21270850620019874,0.4961030518000219,0.26956645264842694,0.03934160979822844
2020-12-08,0.7965689321026436,-0.1316160306391725,0.5038537755813836,0.28609748523162026,0.002913155063004036
2020-12-09,0.828195419467957,0.07156688284395524,0.5952273263489785,0.2774823893318605,0.05756960738924741
2020-12-10,0.8098178746245134,0.2813387967284872,0.5600288540911279,0.37493703130900025,0.04709092196631396
2020-12-11,0.8763527711288217,0.26755861609773257,0.5134924839691298,0.33489861655158665,0.050862428542134
2020-12-14,0.7246885306509772,0.3385080500710396,0.5847987838226605,0.5133896618009458,0.08752194992560158
2020-12-15,0.8120728159505558,-0.05982768779839728,0.5419024751227077,0.4639752334016875,0.020616264966573997
2020-12-16,0.8005275701310888,0.07731473505573878,0.5675663829384843,0.44397861847666054,0.029928330674399817
2020-12-17,0.8102117499343519,-0.3454007972165021,0.6665335070035117,0.5008811663675465,0.013728666325996265
2020-12-18,0.8354465056221295,-0.056805465440718184,0.5020778057279799,0.3500884962425629,0.019031282284078833
2020-12-21,0.7618413890663277,0.40830127403569866,0.553292381017839,0.4224010743855431,0.03498156990536464
2020-12-22,0.7271736502206889,-0.02246833979565863,0.5254262974488751,0.5699009718673489,0.020198381216659636
2020-12-23,0.7712057988716133,-0.1930937119343631,0.5463097959405334,0.4217537587929799,0.09574496460196101
2020-12-24,0.7945489121628224,0.19003696652601088,0.5230437452421395,0.3546331649169359,0.03624335806676706
2020-12-28,0.7909978308232305,0.11428590928574006,0.6286576916251454,0.4447781877204279,0.013973338091667354
2020-12-29,0.7960072463134823,-0.13151865525026687,0.5317292008937795,0.38059574785645,0.039662978215079386
2020-12-30,0.8063204814391305,0.22825250057603405,0.5611789457648911,0.41995357306531006,0.0664244400230292
2020-12-31,0.7873681093524907,-0.3177924820574293,0.5760517802441016,0.3620581840071461,0.09558719680419049
2021-01-04,0.8730829749055813,0.1712099522962015,0.5984467837241392,0.3835301456942278,0.010805538477347443
2021-01-05,0.8290962469050287,0.15579537934344198,0.6257384827408616,0.3683369790511867,0.08507245342134828
2021-01-06,0.8986908017725076,-0.31713487287324676,0.6191786419183861,0.3484735780462996,0.059427114549833196
2021-01-07,0.8461073167145802,0.34745663665598114,0.5613524845072698,0.49265986295891595,0.07855415713443908
2021-01-08,0.8425652853736815,-0.08116257257592252,0.609519943924555,0.27501376412485223,0.05781344166636998
2021-01-11,0.7527908115605151,0.026947224768787293,0.5362534050707306,0.5891085064769735,0.09596456694913788
2021-01-12,0.8544495046553994,-0.2208835888401921,0.5300703411355018,0.4557502588646692,0.09240481204549073
2021-01-13,0.8029835072486974,-0.26361690394438525,0.552127247617792,0.39641851387101884,0.08336189242501085
2021-01-14,0.7815805031150163,0.014659525702926186,0.558750581572741,0.47639087338533476,0.07203183730937295
2021-01-15,0.8151038516977182,-0.4044481336247019,0.5674489242444335,0.4126874792101848,0.08896237439539667
2021-01-19,0.8092330266245819,0.011474819369769138,0.6014256083480071,0.2745063550644623,0.07578484385039111
2021-01-20,0.8442909666089146,0.22196537503361147,0.5486507035018852,0.5014324557842987,0.052757372822191256
2021-01-21,0.8597795953011924,0.2521355183602375,0.46679625325598856,0.2888037394714277,0.012462751043253607
2021-01-22,0.7731271929259522,0.025256451770925798,0.6711431507971387,0.34576149847064086,0.06296216287313125
2021-01-25,0.8665359607965808,0.21470611504237863,0.4433781966958231,0.44257778753983884,0.0003080038208240321
2021-01-26,0.7981462040815348,0.2112587439735274,0.5577337163659668,0.3560434628756448,0.06476102910353924
2021-01-27,0.8013202691789472,-0.07494458895763274,0.5353083422208937,0.311934363190983,0.09177268401231298
2021-01-28,0.7394370526524564,0.007140609525075244,0.6569387067028785,0.24212679589866093,0.07218571994750993
2021-01-29,0.7708473165452852,-0.12152431331285585,0.5665830268373381,0.5593838509430671,0.0333062506821955
2021-02-01,0.826897404745301,0.12855996576249462,0.4919474839283965,0.45377783714557035,0.07166489663842217
2021-02-02,0.7884388128406066,-0.07202611795330616,0.5531565520904788,0.39105733270072607,0.06210042646523966
2021-02-03,0.7830029764230055,-0.08077927743087535,0.5851934568074645,0.44541769528951647,0.019935967491608333
2021-02-04,0.7331056302349366,0.18068349789238358,0.5429751243439387,0.3653421133081469,0.007098119776371193
2021-02-05,0.8558062445297946,-0.40258463385761484,0.4870878568297369,0.3115557262685191,0.039963210734921865
2021-02-08,0.8561853582280541,0.05055415636125036,0.5528423630954278,0.534316467629764,0.05268062325189045
2021-02-09,0.7714471033450965,-0.004322400902998539,0.6450185243831721,0.3830336533601204,0.06417739503564342
2021-02-10,0.7662700680938557,0.4062563255178881,0.5521489692405026,0.3238031133904934,0.06465856164765402
2021-02-11,0.8329668509661186,-0.10247136122691225,0.5623089997761771,0.2790262262040832,0.058731044810620706
2021-02-12,0.7445055872922876,0.16182126633540403,0.5244505236837599,0.3435478853537171,0.04474853922056515
2021-02-16,0.8440145464910082,-0.06511028102379311,0.6055357042570071,0.3522418520204295,0.06015162006036752
2021-02-17,0.8184067597380505,-0.07476821407058018,0.5490842616250265,0.4166320852010398,0.03666641493079786
2021-02-18,0.7613554344198404,-0.5486710827696292,0.4977772573619358,0.6283620388558947,0.09614250103033767
2021-02-19,0.7806214964696446,0.041222182706047945,0.5675345111383457,0.24207829398002703,0.018340367417113625
2021-02-22,0.8021948306359804,-0.037670417119604255,0.5797981083423241,0.32010874950005846,0.09937488727782351
2021-02-23,0.7893811581932652,-0.15676696579741833,0.6096918814645254,0.3550050050913953,0.05100352142081193
2021-02-24,0.8205176199058742,-0.473283057888116,0.6366855460729388,0.5157832241242366,0.0659520035794021
2021-02-25,0.8628490152969023,0.28677132739930505,0.6379951969507479,0.2667032676728356,0.024579383211010133
2021-02-26,0.7917487982779796,-0.07718561423818857,0.6026416495793766,0.4142305700756568,0.02712498701633256
2021-03-01,0.7836378614540797,0.023049622917796702,0.5881794026779182,0.6380005468661186,0.03562622240593567
2021-03-02,0.85890449135387,-0.11194868567530354,0.5434514534237526,0.4325391722145256,0.027322014408726492
2021-03-03,0.8413217812294167,-0.03300798776208978,0.6123800261259905,0.42887174072091744,0.035427056064144695
2021-03-04,0.8535989771445675,-0.02700265402106949,0.6124159827555566,0.36474581987932386,0.029968918932319455
2021-03-05,0.7458566709399733,0.03221913751537994,0.6525912146000017,0.3584583824780176,0.05689866969810865
2021-03-08,0.841820269949054,0.1677680125444816,0.5766873851478643,0.39100633379224337,0.06480240075157206
2021-03-09,0.8687564353733599,0.32268665005530833,0.5717878938568782,0.4661047617935748,0.05197195845757947
2021-03-10,0.7415971275020041,-0.19929185234979974,0.6493496741714914,0.38422027861346525,0.08700585130883542
2021-03-11,0.7536781314418111,0.07200470607309571,0.5823880871925723,0.29581259299714835,0.026174986100744292
2021-03-12,0.7029225211330212,0.04269767414038747,0.5907709522646912,0.3731545265258481,0.004967205024169696
2021-03-15,0.8095903174038693,-0.13584633179636482,0.6266177478692029,0.5654460932823282,0.01657800814256478
2021-03-16,0.8588454698734045,-0.04796422926759955,0.6180366941090366,0.4260694083642035,0.018759642039734806
2021-03-17,0.8539945752652778,-0.45357058633370917,0.5123858213233071,0.44449632454670995,0.04609204908574571
2021-03-18,0.7739799087556921,-0.021688319381649168,0.5559822439528014,0.6413177750171737,0.006856228828002142
2021-03-19,0.7718454634069081,-0.025804720187275157,0.5978903090440844,0.36241478103014235,0.0871158105014054
2021-03-22,0.8689573156563837,0.11795503016248983,0.6188360301490617,0.31595242390924366,0.01238147097048733
2021-03-23,0.8006499065766032,0.07780494165023828,0.5467931891506612,0.2814932207875167,0.08670081258349549
2021-03-24,0.7983849750697368,-0.08244853958846098,0.5835583066321259,0.3714884876390091,0.05772609703568537
2021-03-25,0.8153679361777357,-0.2928725865953609,0.6451891488417341,0.4571947894694073,0.07968023036031781
2021-03-26,0.8899853767373285,-0.0918107859989626,0.5712372066300373,0.40654296414691193,0.01485796144576499
2021-03-29,0.8816080921151666,0.20839699743985657,0.6431706250143306,0.46044380558301595,0.09356037291131061
2021-03-30,0.7977241061258709,-0.1990925135510168,0.6014442516090336,0.4880855932538666,0.07135521606656534
2021-03-31,0.9016158210813919,-0.32477317161325303,0.5551833787344106,0.5806653659240468,0.004644784235933098
2021-04-01,0.7724324723920819,-0.2910889083362158,0.5998398990100632,0.3852903521767443,0.09033557130031478
2021-04-05,0.8049931412692184,0.10505579987134149,0.5336154893047659,0.3359965844556522,0.03195039048914353
2021-04-06,0.7586235357176465,-0.10355382157078813,0.5830776243814679,0.3775463998817871,0.04913134164175434
2021-04-07,0.8434251705980818,0.3500115175447933,0.6121545350323205,0.3870905897519833,0.09286249374633745
2021-04-08,0.712616863021017,-0.20721789098774518,0.5173059529259804,0.4277522575588713,0.06565446200496487
2021-04-09,0.7784583528834909,0.16833814885726403,0.5742891209797739,0.4750098122348161,0.04138070011412757
2021-04-12,0.7987409516881836,-0.17032655519957224,0.6126954998018235,0.30919148671372554,0.021851557634175824
2021-04-13,0.8390422411414993,0.2520452388413256,0.6095761249028528,0.2766895531776818,0.06261065373964751
2021-04-14,0.7286141713657496,-0.5157882952604816,0.5906897237689437,0.29800526794965077,0.09130558838852236
2021-04-15,0.7720949085670799,0.31849913990759116,0.5770394147027864,0.3458098500132172,0.013243085251260124
2021-04-16,0.7746576880089572,-0.11636264926839524,0.5807699636182206,0.3719823680590088,0.027829410075585627
2021-04-19,0.7845411891702104,0.07827238366187933,0.6026147285624109,0.3447754273331816,0.07483414934325032
2021-04-20,0.806571122910893,0.19418412958737674,0.5288116390207129,0.45345827782776554,0.08758605139945302
2021-04-21,0.887324536756556,0.02168432406541143,0.5893988168946965,0.5111618608550681,0.02637159555962132
2021-04-22,0.7343601800644032,0.05322356378690919,0.5773706734391653,0.4246404319402859,0.09227851767741518
2021-04-23,0.8360695141464981,0.12227625130511062,0.5671878617487335,0.350315088732033,0.048241904552183246
2021-04-26,0.7446260249937302,0.21584782652665357,0.5961806047848981,0.41499273757898114,0.06954966731294518
2021-04-27,0.8196291318234148,-0.20497431580028677,0.552080579162057,0.4710677289795396,0.06137239845649185
2021-04-28,0.8462244802600494,0.01295088755347134,0.6090612884243211,0.4773760555921962,0.05257337052910586
2021-04-29,0.8775584321034222,0.2172946718004205,0.5243827176129036,0.508473463747104,0.09428106034059158
2021-04-30,0.8401161687583121,0.24655719436650225,0.5663125638910264,0.5236874383292884,0.0590293638588848
2021-05-03,0.8450132911155835,-0.262972465637128,0.559844417711631,0.5340230980457003,0.011856754897554833
2021-05-04,0.8637655250454419,-0.08810524259803765,0.5696448070577566,0.287928472608718,0.022934374102581357
2021-05-05,0.7412111707974627,-0.1558546655523668,0.6176559938136147,0.44186396991073923,0.050367977942566415
2021-05-06,0.8540148694797612,-0.08663439038979508,0.5753078017052022,0.2616645363683132,0.020100142643385024
2021-05-07,0.7541373000065539,-0.1545944858547366,0.6027155208960211,0.44728228883155813,0.027763443530506395
2021-05-10,0.8223391426280746,-0.2593079336085903,0.6174697805616332,0.3664133936667171,0.0010271294816513233
2021-05-11,0.8385483595207079,-0.16883317397215356,0.5682021795346252,0.3738475740140017,0.010649939437263778
2021-05-12,0.8468586208800699,0.2403008830348938,0.5892200954055578,0.48923492120112877,0.04130599961581826
2021-05-13,0.8073891408226086,-0.14456985496312072,0.6530817854730374,0.3787277749518374,0.021342911689205504
2021-05-14,0.892191658995223,0.01258410299876471,0.5632827196772507,0.2967577614248118,0.042636552824774514
2021-05-17,0.8312139838747721,0.1903560944380449,0.5907641299229981,0.5186036799530052,0.09123980809220682
2021-05-18,0.821200008636063,0.0010455358538324524,0.5844449528510307,0.3920867651575375,0.004413877432397484
2021-05-19,0.771799718686023,0.09005569612842271,0.5020931416221625,0.2592367409763008,0.0029290868863009138
2021-05-20,0.8615672676909154,0.16372120490011272,0.6384752272512793,0.48935565681582244,0.04393431972866566
2021-05-21,0.8250337611094191,-0.0888462174563913,0.6182879509858263,0.3902268839457831,0.08838545236088158
2021-05-24,0.7519437429220422,-0.402093552390072,0.6104706788770758,0.2900833100675404,0.07734068404109842
2021-05-25,0.7810447114280492,-0.2019140917605005,0.4915470825496005,0.3209548724782804,0.03339308673883006
2021-05-26,0.8408132461206251,0.17438903932438168,0.5164697742693595,0.49242573891705127,0.03387525177205438
2021-05-27,0.7471588421571073,-0.19256230092296167,0.5424387198468493,0.3319081646902381,0.0977280454801414
2021-05-28,0.7753971143219442,0.28822190977395146,0.5609910597010627,0.4994986066897783,0.00011240741645628383
2021-06-01,0.8126732706920581,0.182953290595938,0.5602259996901796,0.3514006549434149,0.0557553656459954
2021-06-02,0.8066632101388346,0.22329955399208112,0.5959680134964022,0.328599132258959,0.0880388396338708
2021-06-03,0.7968017374653062,0.3419755826996365,0.6700985582066554,0.5047993097980881,0.04909648531727323
2021-06-04,0.7273880044428561,0.04412455765212825,0.6071680785196396,0.47673884479918094,0.032965686467594735
2021-06-07,0.8693039799203885,0.07233142983283264,0.5227990919861107,0.4320562595304915,0.021769693203709396
2021-06-08,0.8537327076403017,0.4273516861565607,0.6464087909955426,0.36316257539198976,0.09332817074731126
2021-06-09,0.8621182182735432,-0.028944380144652476,0.5073827324356187,0.2565897378988693,0.019855656237464093
2021-06-10,0.8176964516536662,-0.002254270105947666,0.5525356995612242,0.38289025709270785,0.050000547417865665
2021-06-11,0.8571728160229533,-0.13547659839433765,0.5280883322363245,0.29221039175064295,0.053123103851959556
2021-06-14,0.8289631086023722,-0.050807210141324916,0.532255435861621,0.4543014552927722,0.0430952350889168
2021-06-15,0.7513041870954605,0.056258347385705766,0.5934509856725617,0.2316953729635527,0.0013001032746820962
2021-06-16,0.845353453031943,0.49253676643491295,0.5911180613250256,0.39908981791555237,0.06593960147598142
2021-06-17,0.8085172682169635,-0.3335638829594123,0.5208419872778961,0.3646882932585882,0.0139734970780813
2021-06-18,0.8019767844564466,-0.02578398642018377,0.5373062283723745,0.29154136849784257,0.033151363900309
2021-06-21,0.8589074608141969,0.20935402538014297,0.5704659271132348,0.18981954701236195,0.07880332551451391
2021-06-22,0.7648673031181101,0.19062784025112178,0.5974017239218113,0.6069898530824379,0.06745274043774545
2021-06-23,0.7468457298586703,0.09407810446724985,0.60191148540436,0.25985940880243596,0.0843852118430104
2021-06-24,0.8862837918512241,0.3440527893918648,0.6228862076687728,0.38043223466046466,0.032910381775791635
2021-06-25,0.8790760566932992,0.29523359951108813,0.5871613660945988,0.3351734837848831,0.07536740546641013
2021-06-28,0.8388498864202935,0.021095841633882537,0.5632576410892236,0.5421224670272364,0.0378187321149066
2021-06-29,0.8213819752572773,0.055300974533716435,0.6541998954884984,0.4893831820010188,0.04777312671087361
2021-06-30,0.8320439745873459,0.02376305642414879,0.5753326996110022,0.3061535925420332,0.03150682508231119
2021-07-01,0.7405766348903344,-0.2271011618740346,0.5727166565834911,0.24470484866593337,0.08100301560855894
2021-07-02,0.8034467556610402,-0.08268091928932567,0.5823739810489033,0.188246936650984,0.04390821328195552
2021-07-06,0.7777829857589073,0.05978083406885975,0.47061304202288473,0.3270360643791922,0.07104176618480862
2021-07-07,0.7876277865738042,0.046898157035523,0.5555342850954511,0.46046333121687977,0.05194720936541693
2021-07-08,0.8314443751632149,-0.03225666619295974,0.5937070629732379,0.2807628117641071,0.0458547189977426
2021-07-09,0.9017773834797398,0.2845778701569707,0.6719555136284268,0.4064087319019971,0.040139314452110025
2021-07-12,0.7654615806384049,0.2221757200958404,0.5318491005825138,0.41925826881472616,0.06911405643726999
2021-07-13,0.7901484106956288,0.020201164160743093,0.6269823218777217,0.4247600076668197,0.05368182278187973
2021-07-14,0.8684541410159982,0.3558607899946205,0.508639523043332,0.2527332235560472,0.0018462246798753525
2021-07-15,0.7810537926461124,-0.12368654414185565,0.5554335923084366,0.45642549156593554,0.09672111313420259
2021-07-16,0.7641797224912358,0.16007373998734598,0.5449576897062742,0.3981683822020401,0.02878104797452188
2021-07-19,0.7975947658533885,0.024689740983332983,0.5356858794384287,0.5125956782767198,0.07623626270525931
2021-07-20,0.8282631468286943,-0.3033204929965072,0.47025494630786135,0.3333482809341174,0.0022473424334456204
2021-07-21,0.7643445737480927,-0.13835802785950777,0.529397773001014,0.27362308142375635,0.0887952459118689
2021-07-22,0.8305272557272518,0.14540557442535326,0.5595070063808928,0.42402766849813556,0.06710515448619529
2021-07-23,0.9289651872214943,-0.041490610586936205,0.5420336281680868,0.41094201894740134,0.015992752587093786
2021-07-26,0.7934429552040331,-0.26512922323346144,0.4692095120347981,0.4459378285871209,0.04643060725404785
2021-07-27,0.7762894835182796,-0.5338392758290502,0.5445120695849854,0.3482875780263684,0.01383279519928493
2021-07-28,0.8086077043346934,-0.15799961561758424,0.601522591783639,0.3304632361636876,0.046387654011736536
2021-07-29,0.8113235922925682,0.340979177204221,0.5111174383460891,0.48854421346882376,0.001578574033722413
2021-07-30,0.8598361283324486,0.15703369068403325,0.441049655415961,0.3404489920327244,0.07497147524206108
2021-08-02,0.8890722877912276,-0.08695967132573634,0.6237578721709973,0.36807937872958,0.04058070678569649
2021-08-03,0.8370317894038869,0.06140254331314429,0.435015136419623,0.14754853093744308,0.09120140921580462
2021-08-04,0.7829693646608864,-0.24521823686224498,0.5648666102681122,0.5525600684719333,0.055063858976456076
2021-08-05,0.8318261811941747,0.13285738678017162,0.5586901855978202,0.40283719518572864,0.009065168322483098
2021-08-06,0.734947899318345,-0.054717104789655184,0.4856944735337636,0.3410284703243818,0.07536684040241069
2021-08-09,0.727924380213833,0.2569737991864699,0.5450651802654766,0.3007723790621868,0.04045783668697466
2021-08-10,0.7799460271671806,-0.023671833094192393,0.4814734562688235,0.48652239702549166,0.08475747397931942
2021-08-11,0.8601571247849267,0.06132571314659742,0.46853258025128247,0.2425241788617326,0.05934854711371312
2021-08-12,0.8766975344207257,-0.31878396831368866,0.46495777762103185,0.29453192403120526,0.08046542248035592
2021-08-13,0.7563783151290095,0.0406640844860743,0.45288685826903674,0.4426261573920914,0.010666716322263837
2021-08-16,0.8580841325359695,-0.15183734116130312,0.5581107718286177,0.39771190391186517,0.006450710208959787
2021-08-17,0.8561806948625389,-0.26421332066952913,0.5366826291013774,0.5540005223513631,0.0193545328406065
2021-08-18,0.8026068807890453,0.35579780889066404,0.49405882618041114,0.2905307319528827,0.027948506047016555
2021-08-19,0.7353149594995334,-0.311032432050017,0.4687790513987982,0.36483425949885356,0.04698443062948898
2021-08-20,0.8315727502831763,0.17207296008134235,0.48260069429827185,0.2900219136541794,0.06315005127387233
2021-08-23,0.8882707468673472,0.09800780240014892,0.5118683314810156,0.4875490490188863,0.08070826995409267
2021-08-24,0.8222692814552461,-0.20073967645017193,0.5379208087452293,0.3854657829373307,0.08559252667001507
2021-08-25,0.7793980475178957,-0.2745500651114984,0.49841534219489275,0.47064562988279235,0.06687275523068997
2021-08-26,0.91142483142519,0.06276648625735519,0.5339482943015894,0.4905852563890539,0.07851095065504499
2021-08-27,0.7774946676446493,-0.0419380680349519,0.46530282598320893,0.47853541529569676,0.006404900831719596
2021-08-30,0.7373323141642733,-0.14650610507504477,0.5476166255459591,0.3639799694561914,0.03776199382118128
2021-08-31,0.829746357895912,0.00628948287301855,0.3812724175323966,0.3514416760342312,0.09105403930755877
2021-09-01,0.7198010682536697,-0.10840659388190069,0.46642414310534447,0.19936924511297782,0.06592600551566895
2021-09-02,0.789314189306289,-0.06456972252016445,0.4288096006952096,0.2752190154577811,0.019341272293349213
2021-09-03,0.7894050876136962,-0.021589528898004418,0.5280826245996483,0.6162428931281294,0.002551340852998141
2021-09-07,0.7689628383759525,0.16239951525807383,0.5173279324891867,0.5889721519334828,0.01894504687731774
2021-09-08,0.8334982038707577,0.014181083499509445,0.5557359538635634,0.32446465209410746,0.025325384321894052
2021-09-09,0.7566043734970358,-0.0481609154404418,0.45259993175578156,0.41180707256209,0.0065388719613658774
2021-09-10,0.7426072696009017,-0.17311621693403834,0.44302126750197773,0.3121571080368365,0.04924841428538003
2021-09-13,0.8108438881930359,0.2964533708211658,0.5797628071168816,0.47113224112746266,0.06544819543559886
2021-09-14,0.8523964663273021,0.116804679462432,0.4500223808549917,0.5412696013319545,0.012307924764225943
2021-09-15,0.8642195570946579,-0.39199339704378694,0.49237903998047006,0.42666259796864375,0.07512631821047659
2021-09-16,0.7471912419739076,-0.11205177124861926,0.5073554517219259,0.23219192694768917,0.09735259600853362
2021-09-17,0.8899847699885908,0.27964417568870686,0.4168124609137651,0.3666080386086791,0.08196179763820838
2021-09-20,0.8213445178223776,0.1675098217884397,0.4600128109551634,0.5158702775868667,0.020340664225416694
2021-09-21,0.8141171095747501,0.1241507890465302,0.5289682572434048,0.5088617392842023,0.00025847766084817757
2021-09-22,0.8632691062626314,0.13637743200182129,0.510192287130291,0.47540211217944833,0.03331418949275213
2021-09-23,0.7211707177235065,-0.07203757198868076,0.529937952052551,0.4823911312522103,0.0866524951989279
2021-09-24,0.7907543980143411,-0.2618804828908179,0.4764081520270155,0.396449017766494,0.026978896038312484
2021-09-27,0.8629108278605475,-0.08894866642584885,0.49525623558880466,0.46642562604995297,0.054901826827161264
2021-09-28,0.7826675731583094,-0.31430757068206344,0.5137026404244941,0.3849312401070763,0.013819401909361363
2021-09-29,0.8175251492432574,0.0063388321817993785,0.5900275685849101,0.34421533401688764,0.032314560206414836
2021-09-30,0.8030052621948192,-0.18826108752673376,0.4752149893286232,0.31559598977813397,0.09061235729382836
2021-10-01,0.8383202464486269,0.1612354165820675,0.46876555534053316,0.3993380583372178,0.04896652733445869
2021-10-04,0.8208557989050809,-0.08356743543775853,0.4713821514248491,0.43697268732290845,0.07709407931254612
2021-10-05,0.8693972786732118,-0.26025481627959735,0.43799678087563626,0.4762903994308002,0.015857085306060538
2021-10-06,0.8757359671374175,0.47778801241364877,0.4329921858780075,0.33329251879710986,0.055064281758366286
2021-10-07,0.6908977661384019,0.30531338089437765,0.5203320111415372,0.5195731124531786,0.08508707881939974
2021-10-08,0.7719274514032327,-0.10120201886782317,0.5333356009919186,0.4582362239357501,0.015506895066516847
2021-10-11,0.8311711591353068,0.06082798719966436,0.426572790254261,0.4584881239951154,0.031934398870093195
2021-10-12,0.6653991035733189,-0.17180775525377426,0.4953316635428056,0.40496120755277765,0.08741735885936852
2021-10-13,0.774982443769508,0.06433066600137863,0.47147477659261405,0.4345568801341655,0.08083188114522821
2021-10-14,0.8259005868914348,0.5467956743193624,0.493315413984721,0.5299508092382411,0.006183802735349764
2021-10-15,0.7587868990174105,-0.04636429436514449,0.6469669996308367,0.5258779414903119,0.07927505093596837
2021-10-18,0.7733541912511105,0.5805987155833232,0.459804273488922,0.3851077752289081,0.08438594303196388
2021-10-19,0.7903578536298934,0.18945946578175066,0.46600937944175136,0.27250969045655393,0.06327619741746002
2021-10-20,0.7824412726502241,0.2580108762376324,0.4712991218600388,0.3514266710808108,0.006112636049090359
2021-10-21,0.8980832291680304,-0.07359185410145179,0.5075567771465728,0.26542966649416466,0.06021125683782256
2021-10-22,0.8452991162725881,0.13435099096795172,0.42996992874406137,0.3841718804270281,0.0002360836465526761
2021-10-25,0.6963252799060826,0.38986506238678165,0.5429739036192626,0.27951515050519105,0.0793252766682216
2021-10-26,0.7463105677086891,0.24114852469731352,0.41310264595023904,0.49291579467924673,0.0070828721746353795
2021-10-27,0.7744323273493816,0.08464769603539413,0.5439758646306341,0.1598514500411382,0.05629640693633802
2021-10-28,0.8218153612690244,0.08293418568948191,0.4589799565453577,0.5272443106230369,0.006842432593255222
2021-10-29,0.7255937083452569,-0.2603072577785563,0.5552270090619132,0.34252821283066176,0.003452998040701394
2021-11-01,0.7556672353645866,-0.10021998999058396,0.4386719253689089,0.21054851404300515,0.014356521020882541
2021-11-02,0.8214354850647878,-0.11172537790379591,0.5078698607736978,0.4267569002607881,0.08407866690492706
2021-11-03,0.8249734541708906,0.007107220551155171,0.4931165895768242,0.5047840550996655,0.05249856648907502
2021-11-04,0.8667440188889863,-0.24250636579122903,0.5189027984291058,0.5662194762582605,0.0367363892071833
2021-11-05,0.8277361145967896,0.1632642506565578,0.46088335189119184,0.31975299535020835,0.019049552675628058
2021-11-08,0.8455880825880006,0.12783826783093274,0.5018058563976664,0.2859279483435032,0.028764592139767866
2021-11-09,0.8657988665202547,0.11913813925551948,0.5229168979275839,0.5653316878438668,0.07017337450027217
2021-11-10,0.7798993570849638,0.2248543400214519,0.4795529813566407,0.42172811496977564,0.05269137162157549
2021-11-11,0.7548906244778629,-0.00033395586654033464,0.5491109233174847,0.24581393436048826,0.09676699104505516
2021-11-12,0.7752361169414659,-0.0747506523556298,0.4665785131853909,0.4417606254441111,0.015197622331159288
2021-11-15,0.7822338144450132,0.19453937045317754,0.48601364911969447,0.4807139515328165,0.015758183405756142
2021-11-16,0.7293766334660798,0.09335815421221294,0.480026756717233,0.29785718860858484,0.05999362237352662
2021-11-17,0.8313809754216934,0.15549122941365104,0.4984644490684148,0.4535540422747452,0.07179463690832404
2021-11-18,0.793124380211913,0.19998504322186156,0.5355012522156581,0.5756556735806287,0.0632207963640897
2021-11-19,0.8606638735975866,-0.11819321190768134,0.5452312269232856,0.42633639040809046,0.014168258269585
2021-11-22,0.7991175190540885,0.16872633472589252,0.6022510706652662,0.5110608895869031,0.07676636407682853
2021-11-23,0.7894275941441514,-0.06075850131175813,0.4926041956514338,0.26829128511734723,0.08830437237511338
2021-11-24,0.7953951065847857,-0.11296388821919615,0.47319485020709895,0.39232544726247376,0.02597582229830854
2021-11-26,0.8021762095557695,-0.17468012846578387,0.49230581702281156,0.22485631040654386,0.03781291922256718
2021-11-29,0.7300193253845206,0.1952029927698368,0.485485219163855,0.4070056480752067,0.029122433714093923
2021-11-30,0.7250337223289155,-0.25380527154565957,0.5804091091385136,0.4587347264205348,0.08731757420533674
2021-12-01,0.8363371000548516,0.21391597984762184,0.5167369826142363,0.4282573347503052,0.03585908923374438
2021-12-02,0.839127067497568,-0.07297984163767743,0.5181004292751646,0.4618048218153271,0.0757908717579796
2021-12-03,0.8540471761385185,-0.2273958904413489,0.5270254801969672,0.31636811347716565,0.01877788604253605
2021-12-06,0.8996944705122121,-0.1317150428732382,0.5051085457993605,0.45794346259050733,0.057438497272725646
2021-12-07,0.8481251716630284,-0.021531680947290487,0.5745221249715243,0.4299890452018971,0.06673713390959202
2021-12-08,0.8299945972362501,0.22791216201990483,0.5803515402447151,0.4063109609585006,0.013911817007376615
2021-12-09,0.8552742007054359,-0.06646504058180788,0.41772870969133247,0.4721206900419226,0.036534506857699045
2021-12-10,0.8096635385887103,0.20734651483262972,0.5473964070561177,0.2608542179816879,0.002428434794902379
2021-12-13,0.8177038649607729,0.12204900692599163,0.5360466293616717,0.3681073386531582,0.02870163437593104
2021-12-14,0.8537369360551128,-0.20355061483597292,0.48667853159124563,0.44031541032895627,0.06489752672522141
2021-12-15,0.8151978712146337,0.03862301649888622,0.48532834541624653,0.5899270081701911,0.08422374552649578
2021-12-16,0.7857277963758795,0.18292296238174435,0.4831584182775602,0.46486131751574433,0.09487730551121482
2021-12-17,0.7017879266352309,-0.0888100103968926,0.5322036950834628,0.6054570015582261,0.03106452774170413
2021-12-20,0.7471685118356216,0.17765428586755921,0.6608841450292665,0.4860330317981083,0.05825055984415505
2021-12-21,0.8316569224489794,0.023591398689851377,0.5180156150167456,0.43896401827280485,0.07704643877633172
2021-12-22,0.7959051317595229,-0.19718347328200403,0.5231453521888282,0.5483986658800205,0.03094115073599788
2021-12-23,0.9113882154776161,0.25750083335719215,0.539229873508984,0.42656077574540213,0.08786059326396091
2021-12-27,0.8068742308791933,-0.2272688651103487,0.6570830765165758,0.24662261208472747,0.09814221159876063
2021-12-28,0.927164202916853,0.05850533298425268,0.5277338509366414,0.321098504574862,0.024110573325572305
2021-12-29,0.8372871865261761,0.13594616519261774,0.5428549114829019,0.36556177382441096,0.05889831473208758
2021-12-30,0.7744923731525066,0.1574115426502273,0.5526132545277629,0.4330975362272162,0.03876929854851954
2021-12-31,0.9048521850306248,-0.3353967679823399,0.661316689924536,0.4488096875161969,0.05796113007162538
2022-01-03,0.8128431308183808,-0.19764447094814114,0.537903757065057,0.2986553290411295,0.08516622781986585
2022-01-04,0.9478349689484842,-0.07816201202442519,0.584692743013876,0.39793297884228546,0.08523155742044666
2022-01-05,0.8103440971868694,-0.19062840950796103,0.5362267200728768,0.6331895027518075,0.050339467271391825
2022-01-06,0.8357837535815187,-0.15413887315860553,0.5544003061337623,0.42067209934552263,0.08714865000275723
2022-01-07,0.7451672947562812,-0.4249147304521637,0.562127716204086,0.4038137190609872,0.09374765409870257
2022-01-10,0.8081440189595442,0.0988342122274784,0.6144290910190688,0.4582757612927747,0.006328377276008901
2022-01-11,0.8535461606394645,-0.25546495984568457,0.5351194586942967,0.41564580386743205,0.09191656815651933
2022-01-12,0.8430145367923089,-0.15913084153126303,0.5483656007381195,0.3428776330324034,0.0348154291060832
2022-01-13,0.8318274218665218,0.24939013356970202,0.5180723491615004,0.4896185652494196,0.006147627441162329
2022-01-14,0.8391243106020304,0.0009807982147979548,0.6208494093569645,0.26925004889964654,0.08059987185756118
2022-01-18,0.8025582089628004,0.03118355019899044,0.48014033754308955,0.4848085059182387,0.034845425766183345
2022-01-19,0.7585960447297099,0.07128417201037737,0.5837373292750011,0.36827802227347417,0.06775889119539899
2022-01-20,0.8730508001688526,-0.1548823575881929,0.5709146441482025,0.5291841778269494,0.009919751151273748
2022-01-21,0.8172314789918306,-0.04927202040197589,0.46252729550395943,0.38179711862928817,0.07962763218757596
2022-01-24,0.8622352269156195,-0.28859036325592363,0.5167423365802148,0.5284000973783899,0.04863317364076521
2022-01-25,0.8617483076154006,-0.09618391714552045,0.5822804922581042,0.4721135419180439,0.061750415743848736
2022-01-26,0.8387177140927119,0.025277136926600524,0.5560664745839898,0.4360265956922302,0.09708946369098408
2022-01-27,0.7092713473677995,0.1543409441289272,0.506838012661193,0.3223589883037352,0.09850016322510491
2022-01-28,0.8488536405754119,0.05819487811494165,0.6040062405599724,0.4780050551290464,0.04199607367626821
2022-01-31,0.8651427667454719,0.18948040684259304,0.5410520922603429,0.41680137547581064,0.058691613308166406
2022-02-01,0.8362883520938941,-0.03703766067948238,0.5496909412957569,0.20378101078335795,0.013740213953163672
2022-02-02,0.7924142641333781,-0.07298403639406537,0.5865924993606995,0.4146166338603884,0.03356522263714741
2022-02-03,0.7976199866300027,0.07941612478437943,0.5548832647706455,0.3732056474310282,0.0673353217836014
2022-02-04,0.808707684013686,-0.08179085457346737,0.5678278378905214,0.5899919138547915,0.026453919351822855
2022-02-07,0.803184717213678,0.26981652262110284,0.606144811342351,0.45837289875473725,0.04177576716088691
2022-02-08,0.7444951371409043,0.17329229014915762,0.5195517564609913,0.4463940263709427,0.08512042840417743
2022-02-09,0.9031214757784534,-0.051080700599256616,0.5659115316185809,0.47113007278717894,0.03791156025962205
2022-02-10,0.7194906097424711,-0.13544112671467795,0.5519837950388092,0.5672739764828654,0.049156456854567154
2022-02-11,0.9065542677497579,0.24492694482865157,0.5302056631522263,0.32957056143359553,0.014257796123281553
2022-02-14,0.8939487896910291,0.01719047403721305,0.6605419796842718,0.46613866744545696,0.06546370576494437
2022-02-15,0.7418700074768448,-0.0893368819471337,0.6504070346016525,0.41774057222812155,0.05108561743874399
2022-02-16,0.8982486480717595,0.4295456771544176,0.5245074345100763,0.7314904702437629,0.042240552101382105
2022-02-17,0.8371716707167406,-0.11588849637374553,0.6383429551748786,0.32797038096438264,0.022726918196937965
2022-02-18,0.8608440393306672,0.1984562443911917,0.5807803846895472,0.22480679600223263,0.05485122005701224
2022-02-22,0.8437371339750398,0.09825236080810092,0.581893345255948,0.3042734161820504,0.08387549201684681
2022-02-23,0.7817369854610858,-0.031150490048468194,0.5052631393164194,0.36231725084108557,0.02340681835749342
2022-02-24,0.7677420266630606,0.02537566652827779,0.5944980216827167,0.6210930921001112,0.05894741449781821
2022-02-25,0.8523448295411473,-0.08819203422027226,0.5672787589405253,0.52849598301165,0.07950234373682694
2022-02-28,0.8917539065670924,-0.33211425404052647,0.6386884983343206,0.335185919878361,0.0038739356396308546
2022-03-01,0.8792043557674183,0.5050311522452767,0.6068967773524633,0.535858892520026,0.07621401634227933
2022-03-02,0.7695156268682359,0.2534733721086681,0.5773252789107198,0.44116229440776444,0.08245868517714144
2022-03-03,0.759245682324989,0.18205780579863018,0.5515016419799422,0.4611350855868541,0.03723841567452279
2022-03-04,0.7810882263877097,-0.05947058942121504,0.6247378035119497,0.44940093130067277,0.021657176667089786
2022-03-07,0.8496003635614551,0.14933154036493496,0.5532260951792296,0.39875037498246774,0.012500373984183012
2022-03-08,0.7661295919033817,-0.28511813850929246,0.5563956421566856,0.3852276157871735,0.09239729995124353
2022-03-09,0.7411450493560259,-0.011292044591535533,0.5030870400249207,0.5252625817124792,0.09974253853769394
2022-03-10,0.8608003081032812,-0.309968267212337,0.5487451849607274,0.5096817292191306,0.09210631407116086
2022-03-11,0.7468872762002953,0.23321809654903813,0.5573289610804415,0.30816351997304886,0.05974604237450525
2022-03-14,0.7711050762242899,-0.10457653303894104,0.6602087466848785,0.4494036729516584,0.043945857247273734
2022-03-15,0.8046500548357455,-0.16743325648686253,0.557822312238549,0.5345608852671626,0.030132153538993026
2022-03-16,0.7809196511385167,-0.017749868439163333,0.6475422781531932,0.43198091081838086,0.006382524800441203
2022-03-17,0.7735802159246683,-0.17868706734891573,0.601785649975117,0.38569264432773737,0.08661561843651966
2022-03-18,0.8388907256574601,-0.1160159103453453,0.5648559767541153,0.4018472855585816,0.04030156322566887
2022-03-21,0.8320575519695066,-0.08945514872923406,0.7088588477389309,0.27254754998252567,0.03729177719759075
2022-03-22,0.8196018975947414,0.0020451680352175203,0.5869036843405472,0.6223745084722168,0.07696446412388791
2022-03-23,0.8533881990435208,0.15030597549014363,0.6269012703522208,0.3623018306702275,0.008362632838537887
2022-03-24,0.8317615684562246,-0.2790536684162894,0.5770775841215804,0.4768128911561509,0.019319340391585005
2022-03-25,0.8600559727115624,0.018563634590281007,0.5656478181255118,0.193382970284075,0.047475585053551955
2022-03-28,0.9313164171699251,-0.6263464676661994,0.5548095767178861,0.335934859600498,0.0962315185671602
2022-03-29,0.8574261497714213,0.27836977562538046,0.5257942986983174,0.5500955441221366,0.06469689762222494
2022-03-30,0.8189430460204541,0.4072688063962775,0.6048724984594526,0.5079735080090058,0.007546943546192742
2022-03-31,0.8246690237701882,-0.12353141095162634,0.5341714865878545,0.3898339351954019,0.07708543340316121
2022-04-01,0.7997389718801499,-0.12383198591367926,0.5995157395285144,0.5106772630782401,0.05834543840911462
2022-04-04,0.7719318108753512,-0.33341091295244646,0.6490325407298323,0.3898529898789155,0.024725823239416758
2022-04-05,0.8719794354269665,0.1000714370781609,0.5806854223075069,0.3118509874286606,0.07599680539759245
2022-04-06,0.8248258799353078,-0.02431764101204047,0.5956412103938313,0.40191286062082066,0.026855943372213455
2022-04-07,0.8164383302783409,-0.03136644544370287,0.5546410069932425,0.34527561493413106,0.06704894193177045
2022-04-08,0.7429082052616077,-0.05036484482877279,0.5607001621397351,0.4057203683118397,0.032206319213974224
2022-04-11,0.8538724621181748,-0.21345624315364398,0.635490669843222,0.334929320597671,0.03513030612162501
2022-04-12,0.8391963515341113,-0.06102462599439762,0.6213448378469147,0.3238869585470483,0.025475058547724274
2022-04-13,0.8001001172986183,0.057748845203653434,0.578748347916952,0.34700394290119174,0.07183563676793767
2022-04-14,0.7600540276142005,0.34267423529157665,0.6042033385002894,0.4650335368658917,0.029727427743253876
2022-04-18,0.8627382778841155,-0.08791193214858271,0.6308824949847296,0.3225016559727281,0.07307379842191344
2022-04-19,0.81398311303953,0.3444209499729496,0.6275492799281684,0.5440372853768419,0.008401317876595893
2022-04-20,0.8876290722161138,-0.2848707126724193,0.612299883663816,0.3983801756637113,0.06031341704326394
2022-04-21,0.7585582219443965,-0.28614299481001254,0.6043144922568904,0.4197986415912467,0.03387708067686608
2022-04-22,0.9368623981150537,0.002934640946110967,0.5752136784578805,0.2575369967587514,0.03850230719701522
2022-04-25,0.9228280277326979,0.10178449554995911,0.579342997026907,0.3828304151582013,0.011417046601510118
2022-04-26,0.7671590068872461,0.18148424444893413,0.5759686994538675,0.6283013402126463,0.08997666985507811
2022-04-27,0.800638119484964,-0.03462477048382641,0.6182420981688164,0.09943919831998793,0.09043881308858978
2022-04-28,0.7696584615955163,-0.20022464061801903,0.5830954224749737,0.3620718807077306,0.05364004676001512
2022-04-29,0.9006075178264459,0.11035012131698543,0.6454805133555778,0.41777074114956114,0.013803196858592227
2022-05-02,0.8073494643615409,0.18624270616781766,0.6121469559122901,0.43079794707142754,0.04051117737337832
2022-05-03,0.7766462932054263,-0.12876019650728357,0.689195563999477,0.30762219080273656,0.012942855255116948
2022-05-04,0.8421627881197333,-0.3189115222324955,0.5093213294596654,0.40776752801740057,0.08281550203170551
2022-05-05,0.8476282415892179,-0.3110768897804922,0.5662439914168361,0.49313034835640696,0.041825718152458884
2022-05-06,0.8552527162636552,-0.04804115616658045,0.5028340801395359,0.3093280363172475,0.07033644490102396
2022-05-09,0.8254457334521595,0.2146256702975789,0.5788929139399104,0.47785610011351143,0.007589006618056149
2022-05-10,0.9244038001247828,0.17731485459787705,0.5751236097759612,0.3293501776416539,0.028496552849447878
2022-05-11,0.713893297644936,-0.027253219469825552,0.6275657893156227,0.4761915480369871,0.04296358497671944
2022-05-12,0.8136994202921906,0.2091108462568977,0.5904421342221609,0.5547134606697546,0.05759849445984619
2022-05-13,0.813124288824464,0.3061598884794051,0.5687936468540852,0.2921671012725989,0.013587542825612886
2022-05-16,0.7850408483741352,-0.19707136939579117,0.5733930862695016,0.3825439796815187,0.053857884067041575
2022-05-17,0.7271228238998625,-0.11679711905814821,0.6085189185773487,0.4312340662025388,0.02943096565762552
2022-05-18,0.7894964629889463,-0.03132254595922387,0.5645010691229333,0.4505643468329587,0.07141192306461006
2022-05-19,0.8120525433385894,-0.06780502692604998,0.6600037246254677,0.419096481984525,0.035730136270637335
2022-05-20,0.8267762709966093,0.2893754075577663,0.5276293835810724,0.28088572168535386,0.09124905923968529
2022-05-23,0.7502529060586298,-0.08664613210576183,0.551744386591019,0.4588471364544375,0.025252775250034432
2022-05-24,0.783992275148686,0.018394488673095632,0.6363417103076766,0.45290758372202994,0.010748252522371816
2022-05-25,0.7804786519152049,0.04419355642140471,0.6252399528035326,0.4365137180208864,0.08971145539863157
2022-05-26,0.7285865047803812,0.050072849945367794,0.560996337238391,0.42736298712730003,0.007533899601749373
2022-05-27,0.882067608599888,-0.09356419817933337,0.6215758273142474,0.3700983618512593,0.06174344810013525
2022-05-31,0.8388408712006526,-0.45109953393047547,0.5878589181220889,0.559868802568223,0.07796375810895659
2022-06-01,0.8371324256932543,-0.07352183710056784,0.653446121167298,0.35505176724296833,0.04050076375648307
2022-06-02,0.773959633339354,-0.3783495399195114,0.6652522750845001,0.21667665300972927,0.08225626175240415
2022-06-03,0.9373087375427599,-0.3849685610399089,0.6236921136549591,0.576673773592755,0.08557850818141714
2022-06-06,0.7465207383759325,0.0507184436040842,0.6277777170575928,0.22583491857959528,0.027757765499400257
2022-06-07,0.9047940194653254,0.2468194384740776,0.6211838521614419,0.2669899492736833,0.04594872711803193
2022-06-08,0.821663152969959,-0.1799868553334656,0.5989487938138665,0.4578991787956376,0.0902602648314233
2022-06-09,0.8027727960013282,-0.4565043757373067,0.5805052338644818,0.5317897753929596,0.09345206265691544
2022-06-10,0.7486417091915014,-0.04525113287553162,0.5499938494959896,0.3413593573360191,0.05793053632124957
2022-06-13,0.8307458018163194,-0.2603289609452231,0.5728039741083714,0.5041905445266264,0.03178522873718063
2022-06-14,0.8637895072495254,-0.07463916194127555,0.6030185625305455,0.4833757574806115,0.03056192225598561
2022-06-15,0.7710496988144833,0.07426286473873396,0.5734816130126897,0.3189724547705597,0.013332082930583179
2022-06-16,0.8217241957209358,0.042726369431918085,0.6227168071427787,0.5720810303286459,0.09847344939484648
2022-06-17,0.8187348542079628,-0.34001363703413945,0.5507344273168674,0.507008704486206,0.010586058975392144
2022-06-21,0.8628323635449211,0.18083174899979934,0.5714297904793775,0.4078174001837193,0.03236842052721239
2022-06-22,0.7576890064899532,0.10279443715997615,0.5713907298123617,0.40458506703175573,0.09510291617834912
2022-06-23,0.8394654483221917,0.1697742966136817,0.5663135070176948,0.35270139020520563,0.08035601833146029
2022-06-24,0.8275952734766077,-0.06851050899480077,0.5459891973277878,0.45651307518810735,0.0019793669586094186
2022-06-27,0.8132624621226064,-0.1328127048772996,0.5644744938897216,0.4969813931524016,0.010829058863541009
2022-06-28,0.8415147180627465,0.5232389296711303,0.5357048270244252,0.5297481660954917,0.006514888061128277
2022-06-29,0.8022143884021277,-0.01773923937887076,0.6263089091032348,0.46992390468058304,0.006778373325539911
2022-06-30,0.7479969226488615,0.1582604312314115,0.5856244417639503,0.5208036801177524,0.010191987653891166
2022-07-01,0.8057024508914357,0.02101141683175195,0.5195877925118519,0.3628246737560378,0.025278830065443594
2022-07-05,0.8485770144821675,0.14208852912466824,0.5044270745906658,0.5212440426304443,0.08297175701696705
2022-07-06,0.8339407525665257,-0.09565933863319676,0.5913881474074932,0.32752001785042284,0.01778193498330144
2022-07-07,0.7732416000717447,-0.02245727105054427,0.5558303249033132,0.24660398737690323,0.08183897985694988
2022-07-08,0.792555581012972,-0.4674606260464975,0.5568166137506312,0.37876591937383514,0.020083479742958966
2022-07-11,0.8428051613302623,-0.11506472314717256,0.6532183666040886,0.49269467313674004,0.02400596949195638
2022-07-12,0.8271872283140006,-0.078251036310456,0.5109210078754396,0.4626494028374815,0.026690470793474343
2022-07-13,0.8216687047085377,-0.07596815243395294,0.573143875368583,0.5896172773900569,0.018638943404784426
2022-07-14,0.9462198742570495,-0.09907723433103056,0.5308355120729562,0.3272549594853351,0.0797385091979609
2022-07-15,0.8330126765246818,0.5354718397312861,0.4666886354838252,0.33708899500022127,0.012082902190698186
2022-07-18,0.8853344828542927,0.005222798740491798,0.5350082878145428,0.4200009159262155,0.04024328551866668
2022-07-19,0.8854863248381993,-0.08008246759548007,0.5202592048249134,0.44290112844781854,0.03901351459475229
2022-07-20,0.8277475321510881,-0.10161646040045183,0.5260168152941982,0.19643659830522575,0.09655825831433373
2022-07-21,0.8386520588023787,0.12591225468883335,0.5509792921086197,0.34096637241597005,0.019480289989009105
2022-07-22,0.8089804930938851,0.09993599405420694,0.4909717685839873,0.376696220584949,0.05202458313849543
2022-07-25,0.8465417488403743,0.10423068592109919,0.5465206802000551,0.2174890492544654,0.008081398161668385
2022-07-26,0.8391159779249586,-0.18546619833316522,0.5047223593218326,0.3816714698013134,0.0640802593853203
2022-07-27,0.8142578596277139,0.0825506882387266,0.5202510768206773,0.4774819839050418,0.050355970216834446
2022-07-28,0.8160901207761639,-0.3201332058699438,0.5036022762403295,0.3241259775295554,0.06440260082435427
2022-07-29,0.7427741966784976,0.12880854300093234,0.5449619542158324,0.41023950927903036,0.06433913783700951
2022-08-01,0.9333619686687411,-0.005832256028377092,0.5221000940190779,0.4661467749542054,0.03252366010660412
2022-08-02,0.7662408656621619,0.03217860127730623,0.5937008963356011,0.4269619095701697,0.004104215710793435
2022-08-03,0.8770157652215034,-0.20360335145481231,0.404548141194208,0.17596615283400396,0.003186271546251585
2022-08-04,0.8541117106253729,-0.42063234850129316,0.5514815115614033,0.44721003849863483,0.02191379829414838
2022-08-05,0.7958697184484579,-0.14353461485925476,0.5611611085556696,0.3318652992589121,0.0995238452106762
2022-08-08,0.8048348391336346,0.31883809878048575,0.506922742657753,0.28574017393549,0.08210475146144368
2022-08-09,0.8116486093816464,-0.00870731601955205,0.4619512276338972,0.29500365370957254,0.058883557086884454
2022-08-10,0.7697305300417001,0.07701221156848284,0.438969269055006,0.2780956666882926,0.08721308315846044
2022-08-11,0.9150358790934017,0.13226243560557652,0.6165100769319523,0.2538330919861742,0.046135961006619056
2022-08-12,0.8336625452888249,0.12719622192182342,0.520917047081616,0.3391269820840302,0.06390090229019735
2022-08-15,0.7908854098213135,-0.11160834661295677,0.47677944027981767,0.32675962020281724,0.014493021850107302
2022-08-16,0.7594887231027067,0.2788534591811041,0.5771033221725856,0.22072319781292518,0.07844310783807523
2022-08-17,0.8985962637904834,-0.5129715850536766,0.5948148792009433,0.42373003463322684,0.08771779751168693
2022-08-18,0.7542393251253415,0.0520239592060146,0.5140331823308218,0.4990693319949832,0.027459151560945118
2022-08-19,0.8562313945070879,0.04567395848132562,0.5061980352762762,0.42433999905832726,0.03155798050652653
2022-08-22,0.8647265597666989,-0.21125699594846425,0.5418613174187069,0.40215500605723375,0.008401501869273409
2022-08-23,0.7827490389838168,-0.007300192691774059,0.5165004382408697,0.25413968018832755,0.04810865635991546
2022-08-24,0.8106084471884644,0.0554269246349485,0.502087541708383,0.43032058249587546,0.08064224629808314
2022-08-25,0.778371560038437,-0.30668400852673117,0.47338430689481675,0.549478771111537,0.06972599662089944
2022-08-26,0.8806467702049159,-0.18958060400743948,0.42277037936179657,0.44680685993720254,0.02296612546447261
2022-08-29,0.8760467485157586,-0.31853991370135165,0.45982012341441886,0.4332450297707756,0.03967293340524362
2022-08-30,0.7952304412360439,0.09176440994465991,0.535240958849052,0.4149083725468471,0.04561808564930062
2022-08-31,0.8381562727910958,0.21735126212618408,0.508619890914026,0.44822305621704345,0.0075207969258275775
2022-09-01,0.788022650604608,0.016231034131595216,0.566586253909609,0.4216743215967614,0.09285642016041053
2022-09-02,0.7593639730522128,0.13788835593812432,0.5665296064308942,0.3232452180231041,0.05756023053400571
2022-09-06,0.787139923503306,-0.0938887769191454,0.4794209848870975,0.5217149191118395,0.07212795789628627
2022-09-07,0.7796443770141916,0.050509319596344165,0.5153140503277683,0.5433173658872841,0.08149913415258446
2022-09-08,0.812599560181066,-0.09106597410216932,0.5078495223618311,0.43602186799601594,0.08781394518732066
2022-09-09,0.7773919567818643,0.17910380443765186,0.5135867258511506,0.43819859649067217,0.07473757429530037
2022-09-12,0.7689315724747848,-0.12059587383584802,0.5778060716581835,0.2942231842511072,0.03774144795258849
2022-09-13,0.8532573278478969,-0.17795554974821404,0.4263273868378237,0.24019103555794502,0.08352841718296955
2022-09-14,0.8432279995788723,0.04539284037697788,0.5044861821910295,0.5912461006484009,0.03389724972833195
2022-09-15,0.7424903203597215,-0.1986586385927995,0.4569327519997164,0.5657133037828372,0.09521163174186494
2022-09-16,0.867133706973155,0.2566126335772925,0.521698408763448,0.44081499672686586,0.022069050193946782
2022-09-19,0.7695501821126568,0.1203197696811727,0.5552645319070385,0.5760882692155578,0.09686123521769568
2022-09-20,0.8374436811065319,-0.3654841995056253,0.5298311730147828,0.36152830371518324,0.09434454461005849
2022-09-21,0.8027639122200316,0.23792789728826907,0.5027184195940856,0.4581991166093454,0.06171771983215995
2022-09-22,0.7798024627771916,0.3143060909417928,0.4708729061562812,0.4417311004375113,0.08382605494590903
2022-09-23,0.774520168400012,0.17961975797167168,0.489987841189279,0.3766178369162273,0.08954238164711939
2022-09-26,0.7036030198090726,0.10307972009323184,0.5279758765334686,0.33881837261776765,0.011726770679179334
2022-09-27,0.7818832209877433,-0.2607523183651457,0.5295445607318385,0.304628196893749,0.06365293738382714
2022-09-28,0.7907265936323694,0.10838898980897974,0.530201896756372,0.5198245242038282,0.05393925734986167
2022-09-29,0.832540937280565,-0.1334243533179114,0.5280998303334206,0.3735989589309465,0.08502941896489141
2022-09-30,0.8234445189761761,0.04842107873437763,0.475211434426567,0.5805191155662361,0.008802138970705364
2022-10-03,0.8552130047592963,-0.3276496241928999,0.5541402914904608,0.5546146551489477,0.09358768011840835
2022-10-04,0.8331591489322963,0.22369328590258936,0.5593245981279045,0.45194022897533814,0.02574441591438216
2022-10-05,0.8248876027473541,0.04404093858698298,0.4551044771649154,0.39452669893486275,0.09690459198090542
2022-10-06,0.8094092864413072,0.07060150141830165,0.4891426520662463,0.4141957197045778,0.09267392076310625
2022-10-07,0.9075605413771215,0.38385496174749184,0.5371509523575153,0.3668998342376439,0.08216752445709902
2022-10-10,0.7922183626844723,0.08536478955741932,0.6379388355752829,0.314607854904311,0.020341215921265435
2022-10-11,0.8133070089366145,-0.3370773063920999,0.452110627378619,0.43382111655828837,0.007660997337722264
2022-10-12,0.7539720125103393,0.1775139861776195,0.48113963686894057,0.35930442066251556,0.07123676400335655
2022-10-13,0.7278230369878274,-0.14464841475326332,0.4899722310007398,0.46831523540740805,0.041531169064206314
2022-10-14,0.8207127321142788,0.13369326060278958,0.5290343142385464,0.24672088126445002,0.02630407709098216
2022-10-17,0.876269854130652,0.22361916189120568,0.5238414286676536,0.45425645647601787,0.071013503773851
2022-10-18,0.7837636614848512,-0.11550873517776959,0.5109854778755886,0.5057839137780329,0.08774282843144958
2022-10-19,0.862184713195794,0.30102671065122966,0.5430345329762499,0.34335447537015884,0.02217174202751008
2022-10-20,0.8825171657369295,-0.23913683916482098,0.5365793253733558,0.5280162654555761,0.08705122518010769
2022-10-21,0.760131627598572,-0.22014022874768613,0.5117794906132099,0.42698512681905487,0.01718244989007175
2022-10-24,0.864627062284133,0.07876627782255916,0.46083319963712827,0.3242949334585429,0.07882895526209037
2022-10-25,0.8148338799464754,-0.19995512400492688,0.5379885747096859,0.43450401968903285,0.020585927001037885
2022-10-26,0.9047034475104061,-0.18803587375230746,0.5632383067686025,0.508889830940385,0.055099645088339894
2022-10-27,0.8267247753784626,0.14043800760012307,0.4414564811791199,0.31493950301402696,0.028436911900321327
2022-10-28,0.8380876403436253,0.11514404059397965,0.5329018963307914,0.4232467717119735,0.0942390252432544
2022-10-31,0.7937295445668209,-0.21134548635655268,0.5420760665034259,0.45703649578196615,0.030235050831811872
2022-11-01,0.8154532116929427,-0.25021183620293214,0.5147657916016801,0.3897953637623181,0.0678559770372905
2022-11-02,0.7819629589067875,0.013994224351884361,0.5406378091610868,0.46685117632657613,0.0739922619759629
2022-11-03,0.7854471154910216,-0.32019356064568566,0.527049350452453,0.4185006336124688,0.06888419745527476
2022-11-04,0.8984830647709992,0.05103177413700858,0.5151943883275337,0.38872289594728454,0.05905289736693599
2022-11-07,0.8388975266325468,-0.11567442605037784,0.5547394271798877,0.363281078211018,0.08763962861581609
2022-11-08,0.8850618399121889,0.1298114309688949,0.4937258319190867,0.3709631067815509,0.09136831935683898
2022-11-09,0.7994499350784571,0.05435497820901715,0.5776376877075768,0.3719743210410997,0.04833924893310281
2022-11-10,0.7887198354511321,0.16744066649897169,0.4929764175297459,0.3078723884933232,0.0953234387220265
2022-11-11,0.870330828775626,0.15680810371093917,0.5082357152468719,0.3436479355132809,0.08735646387813038
2022-11-14,0.8909631591688433,-0.17378155744755563,0.4761238766471606,0.35368838077316,0.06067027726196605
2022-11-15,0.8245761607843681,-0.23012296223722079,0.5210899263755454,0.4007545421711202,0.03281609616813659
2022-11-16,0.8561183669215485,-0.01931943339931138,0.5524485075519492,0.4809531575626789,0.041631566334837146
2022-11-17,0.8855760435435491,-0.408788453509227,0.4912817533167704,0.2458219179248356,0.01617762649793093
2022-11-18,0.771959981067005,0.2774879179198978,0.5682924024817946,0.48765511235276016,0.05642680739991676
2022-11-21,0.8347346157989715,-0.009462248333617725,0.5161547811715996,0.30522571099057805,0.007365978029851339
2022-11-22,0.8008691607699913,-0.2626932913148455,0.552742685645619,0.3230422273012479,0.01470074861127816
2022-11-23,0.9023941306601799,0.4186065278312948,0.5517063712204114,0.47709251412939435,0.04183808737627362
2022-11-25,0.8542791200254902,0.180520173264057,0.5792846783350817,0.4080189664832943,0.09562934513815552
2022-11-28,0.8394544850001245,-0.17452512341674925,0.48706970326029064,0.2696731608154468,0.05124909308832685
2022-11-29,0.7025485573909104,-0.09542798845952508,0.5500570100379027,0.25811390069467327,0.0017400751140459138
2022-11-30,0.8385966104504325,0.01725202661534947,0.5275422452033595,0.4208494298286553,0.017403152664711676
2022-12-01,0.8223800602191872,0.059566787606000364,0.5064277313081799,0.3356392769881919,0.018960761350053024
2022-12-02,0.8530499588714878,0.46480221485975853,0.5890747617193798,0.4226761582341495,0.06619284088416098
2022-12-05,0.9217581948387219,0.030711539772147252,0.5792827489999967,0.5285246199893383,0.07841006314195464
2022-12-06,0.7765351255498742,0.2367042426410403,0.6161455475297865,0.35503267058504284,0.08580655776865799
2022-12-07,0.8322230553073007,-0.2609288465228242,0.49025710212422535,0.48387884349220267,0.05290989341546729
2022-12-08,0.8344845916979382,0.077049186860244,0.5371169215018224,0.4219547949518683,0.07261771767308113
2022-12-09,0.7698643211303422,0.2552683163219241,0.39869586755285313,0.4528432282980165,0.08668917109200909
2022-12-12,0.7701158277073699,0.006648270515803936,0.5220745640401604,0.4484596267504368,0.036524227118610274
2022-12-13,0.8000014751822773,0.08834067683747374,0.504721547944503,0.3017817678452297,0.017839158780928222
2022-12-14,0.8537943419474593,0.14680255821593735,0.5542937773496309,0.3543660305430812,0.08117972249747346
2022-12-15,0.8506176929972777,0.0902956682419629,0.5248598313432409,0.43750383653029956,0.07313279589005743
2022-12-16,0.8081638787904987,-0.31063405685414575,0.46260327814672886,0.4757929486959944,0.02877183195316163
2022-12-19,0.7859835147611566,0.28235054505027984,0.5554270322855419,0.19931832038656638,0.07972790982716949
2022-12-20,0.8293940515081715,0.1420879777146321,0.4869945776590715,0.48431107456056854,0.09630087797281982
2022-12-21,0.949222914909503,0.2355365437387608,0.4723612780462015,0.45416176869576963,0.00855691862101613
2022-12-22,0.880691874188135,0.03943703516243293,0.49902407668635135,0.2623328381417801,0.04810704624837419
2022-12-23,0.8205144274482128,-0.20677715725502022,0.47938408230531093,0.34376722128744636,0.05222670273798028
2022-12-27,0.7390318818481376,-0.03818004882035328,0.49326091742844946,0.4267758476149795,0.02301676178752542
2022-12-28,0.9407577751324587,-0.22048845686091606,0.5364020131146403,0.519847577324725,0.03856675414669217
2022-12-29,0.8649492331902987,-0.1571385917479927,0.598374903314405,0.4290878354315796,0.0015916453989363588
2022-12-30,0.7819084910413522,-0.029366612177367604,0.4909231278179397,0.4180470876557283,0.02821101554952601
2023-01-03,0.6984333746649926,-0.32171030967023695,0.5499037990007848,0.25269614299507037,0.0440504771590961
2023-01-04,0.8315399523184833,0.1678254975807601,0.5735591130319159,0.47039934685868817,0.060564370502192426
2023-01-05,0.8543085127632243,0.21133527098602467,0.47752926448514654,0.21518605220712916,0.05272767343071261
2023-01-06,0.884249630585852,-0.171088178099036,0.5942781961818875,0.5950579420151322,0.032787253115145666
2023-01-09,0.840330287837806,0.238053799481385,0.6075496117658512,0.5251794992383867,0.05719329492793312
2023-01-10,1.0,0.08564083570574772,0.6576655942499636,0.4201380184471279,0.0023552820762925645
2023-01-11,0.8420461199906674,-0.04726701082016861,0.5618603303209476,0.35056167780102426,0.07111067111943381
2023-01-12,0.7664814596165709,0.23265640615677025,0.5123238859070569,0.4815803013403339,0.09285778454833468
2023-01-13,0.8416903359038288,0.028064946509555336,0.48783647085495874,0.2889008785524173,0.015355026344616596
2023-01-17,0.8962428816945789,0.2664591314977946,0.5124462705279439,0.5609867738290426,0.05227535335154629
2023-01-18,0.8359712987421001,-0.05816236785242618,0.5465539729674893,0.2528835492603798,0.08780009831853458
2023-01-19,0.8158596463712932,-0.12030914103268023,0.5514528940759259,0.4722840247843989,0.002688174943605204
2023-01-20,0.8205836161743789,0.03705982813220995,0.6311748257063079,0.2335382316246215,0.09757619703807116
2023-01-23,0.7169418575679044,-0.32481483695151886,0.6655605742372153,0.4502413690253354,0.06334041932972874
2023-01-24,0.7964167781622414,0.2587891448649221,0.6192846577792167,0.48217093369105757,0.010945050929280909
2023-01-25,0.8819170668479301,0.3028641474253406,0.564714583465121,0.3007295263337893,0.04209064530501702
2023-01-26,0.8995902894974187,-0.23761601807091073,0.497877388828366,0.5231071909945174,0.04008485228149408
2023-01-27,0.8033433930305175,0.03538495932458029,0.5703277440719751,0.3510848055667142,0.04053594016610092
2023-01-30,0.7827976571945904,0.11255244759675023,0.5111339475278778,0.46937755033498335,0.08477328376364854
2023-01-31,0.8230512067558515,-0.13570746962218075,0.5691071730937783,0.5157939983858737,0.042998832321266625
2023-02-01,0.8969941645610738,-0.17624727348190797,0.6305653788023552,0.437641797101904,0.037539120335092185
2023-02-02,0.7621020391784243,0.45904557855242606,0.5963373599710278,0.24627376287417854,0.06076762761537348
2023-02-03,0.7374791781926725,0.028092551112655562,0.5737166475795005,0.3109955037178188,0.01365450312676133
2023-02-06,0.7781383697388556,0.26410695550109164,0.5542379963720984,0.34195553886932933,0.07051314568506804
2023-02-07,0.9293478589488898,-0.006557533922212851,0.5533047934195539,0.20624248210702648,0.009144170834005828
2023-02-08,0.8345562912415982,-0.2092950260390239,0.5894396627457476,0.41849018200611626,0.003948141021738605
2023-02-09,0.8356060705545658,0.17921009297765544,0.65680648199852,0.46147273819715967,0.0538583151343606
2023-02-10,0.8464148218518373,-0.3527147825328353,0.6620902188965697,0.5196814918053957,0.011110699649998869
2023-02-13,0.8590326459124437,-0.12110362587239619,0.6035540960048028,0.34344975856146753,0.06262902849305062
2023-02-14,0.8433449873839798,0.17089008287371496,0.6270941466091015,0.4440464911748705,0.02685009177139106
2023-02-15,0.8036303861303485,0.16869413242729273,0.5782879730805406,0.4168978605009344,0.022913973075954355
2023-02-16,0.877937242406323,-0.4770773289826507,0.5771870958341565,0.3358354711779821,0.09752660680734042
2023-02-17,0.8510655702915649,0.06720547299291317,0.6163399532643987,0.28297718842744296,0.01896688506716584
2023-02-21,0.7583544170723685,0.3539030345040979,0.6113510603567127,0.5459412778553032,0.06742564010341215
2023-02-22,0.9240309345643222,0.13006057107047728,0.6212938500384427,0.5046095265733244,0.013722741120609595
2023-02-23,0.8173038903674794,-0.12026348774396196,0.6372064087925158,0.41605399164679735,0.006340101850456115
2023-02-24,0.8456119507405911,0.03159209918398698,0.5332629281085091,0.1672751214616926,0.0590014423816889
2023-02-27,0.7949245657250591,-0.015641070050766762,0.5097992621226868,0.3682723406241356,0.04256115886400441
2023-02-28,0.7908910356391543,0.15300121378260226,0.5910981301521719,0.49308906204906355,0.023906434703878557
2023-03-01,0.8029823929985309,0.12751661599884231,0.6000297236352334,0.34662994557439325,0.09869573384938717
2023-03-02,0.7900345206874482,0.1652931369856596,0.6481783371257188,0.5209750235160266,0.006381071923336113
2023-03-03,0.8581370948751577,-0.018873864742035482,0.5810101255930931,0.4560316762825434,0.04563369904090994
2023-03-06,0.8493050540146049,-0.005575008201645762,0.6608025102616105,0.21442708573083313,0.05882422412601034
2023-03-07,0.7800055528498993,-0.13068426621818705,0.6030556403425965,0.34273232810227683,0.02009359046319035
2023-03-08,0.8698091621327209,0.10789997710236002,0.5852685228887131,0.26120779675866257,0.03456555527621034
2023-03-09,0.8654012228478621,-0.24579484966365311,0.5901443023475847,0.45139834070131685,0.07937782608203285
2023-03-10,0.7321416155864385,-0.14625460290937894,0.5845129775869273,0.46228080934231625,0.07753201077078252
2023-03-13,0.8242982080677421,0.293500742107936,0.5883858195238446,0.27105890836546664,0.05722758380015498
2023-03-14,0.7979723659146842,-0.051944370402603794,0.6096537212156662,0.3668486429024394,0.04659292828376763
2023-03-15,0.8247592095997958,-0.011582104614861928,0.661925120239668,0.38157851956428823,0.04117421627935406
2023-03-16,0.8294721954649448,-0.12723038189977634,0.6265794731579984,0.20665735442124883,0.0961628674956907
2023-03-17,0.7600944430302281,0.0260338772896769,0.6149166925949181,0.5879017059633538,0.04377023834481597
2023-03-20,0.8059474776891372,0.08107304618372715,0.6364541915425829,0.2808134822632631,0.05095507263958691
2023-03-21,0.8231012502143095,-0.280505889311273,0.5490339932027632,0.5202502730217742,0.0030185833557614173
2023-03-22,0.8219748715912009,0.07639112602041603,0.6123210526856485,0.4681577814480087,0.012908431088923878
2023-03-23,0.8856487511698401,0.4216355226402823,0.5867810894786533,0.4884401177770577,0.09563770996586715
2023-03-24,0.8131656106922831,0.08313431458137215,0.669600131523853,0.3830700331600811,0.02484574253127705
2023-03-27,0.8637921483636406,-0.10716525521123028,0.5465180144323952,0.47543140840268494,0.033769167263373534
2023-03-28,0.7349125041741442,-0.11958059475747505,0.5961252032163519,0.3339777465026671,0.07130963004784595
2023-03-29,0.8851104860043659,0.43817542849190244,0.5565976586080558,0.47205998809655525,0.06633903179172966
2023-03-30,0.8764502338156647,0.189086348891783,0.6178100777346317,0.5668570817723532,0.09720705093734322
2023-03-31,0.7402987413902057,0.1603688542150004,0.595519283402745,0.43727402943806065,0.0309114289293004
2023-04-03,0.8462433256161049,0.06423026158560313,0.5710247694708329,0.4447447204772471,0.041526500541940674
2023-04-04,0.8932540329785046,0.33995270391716487,0.5992778008604638,0.4324977407368898,0.05348875263562212
2023-04-05,0.838137461910413,-0.08716931411110206,0.5951511643805687,0.4774127653872219,0.031048252363283547
2023-04-06,0.8417353032350754,-0.15383613197270685,0.6432699224741971,0.36060251921042646,0.03255093622262319
2023-04-10,0.8150493857358019,0.08544082325751841,0.5918486530132708,0.4881222795725372,0.043657492688873895
2023-04-11,0.9327991174184797,0.10486499654724396,0.5330165786546318,0.45109822756940754,0.07267112765276562
2023-04-12,0.9000242296036077,-0.20652631201044316,0.6057665351035638,0.278465983561348,0.02051187897410435
2023-04-13,0.8686135673809436,0.03994717963609981,0.5738477860058353,0.43762649712440255,0.09089620460145101
2023-04-14,0.8405009560099943,-0.25151716395857837,0.6078448186796744,0.553272342446002,0.05883835689082435
2023-04-17,0.8242060785541251,-0.17643431359727493,0.6008349217755798,0.5925897102252022,0.09023661192350035
2023-04-18,0.7947060837978378,-0.1428291325020797,0.621817819723384,0.3366348746332438,0.006022258524935764
2023-04-19,0.9006693007272631,0.23844961273535215,0.6657012165416242,0.5977105823193539,0.01529455158300066
2023-04-20,0.7727253669182121,-0.108956461560318,0.6210705801259524,0.30882466664699765,0.04283219226165894
2023-04-21,0.8578582618712659,-0.09772912834393115,0.5996886987772175,0.39543397268705555,0.06830712563468704
2023-04-24,0.8414994055578733,-0.07251156357215167,0.5856269911906209,0.5098825841244732,0.024911074356413612
2023-04-25,0.740201751661909,0.2584091562466659,0.6596207423037896,0.22299139651208,0.045598329082106565
2023-04-26,0.7998848484533009,-0.06382519902166583,0.6492041064955367,0.308093136255345,0.03308019696124979
2023-04-27,0.8619082294687572,-0.022555859673602217,0.6428725399313617,0.24640571638810566,0.017729017977236205
2023-04-28,0.9265076344812084,-0.10720488124409853,0.6509759980908227,0.4335827639423999,0.08493263949199682
2023-05-01,0.9334237535507082,0.0626430643101552,0.6742488599030771,0.5248584106085743,0.07094001555142415
2023-05-02,0.8714161992838321,-0.37912839645085283,0.5702407506623574,0.3894165398170852,0.06076525838769567
2023-05-03,0.7933628188842168,-0.23990139122380244,0.4759534896536691,0.44547271807461225,0.027623260229063584
2023-05-04,0.879162724096059,0.0006132526518644201,0.605737825855012,0.20455022127092967,0.02188563024020708
2023-05-05,0.8220640349299037,0.22977994411869812,0.6590434460647118,0.36986348159186333,0.027362598513606264
2023-05-08,0.8984544450640498,-0.020109994245347068,0.5418174600334751,0.34605839867317634,4.395861537650481e-05
2023-05-09,0.7881430608529917,-0.06672437940496156,0.6063241201320624,0.3355990727255633,0.07618971954757447
2023-05-10,0.8694802113610549,-0.02956465062952727,0.6471283875379429,0.4117738795757853,0.0857435115154743
2023-05-11,0.8586655362559895,-0.07312302719431625,0.6271880312192049,0.23995232297337948,0.05649525642898889
2023-05-12,0.7977426016110883,-0.005942993143155261,0.6359867518399545,0.5220094434845004,0.0475597253063885
2023-05-15,0.9551742859175718,-0.10858093204800197,0.5914963764703991,0.44625696532092957,0.07811606188466617
2023-05-16,0.8288108018782703,0.3453980385247621,0.619190888001495,0.44289235746536015,0.05090996411479688
2023-05-17,0.9119182151311835,0.28775819104989087,0.5655891109241848,0.34360980311080036,0.04629035980499311
2023-05-18,0.8847230482270921,0.0059971708769450335,0.6119330915861474,0.2775079624966829,0.07926004738191625
2023-05-19,0.906464009482773,-0.3217621697158807,0.5355373776207503,0.38269158485885235,0.061546224315606
2023-05-22,0.8042916204015002,-0.3170830880145474,0.5950931720802937,0.3831937164129215,0.06286060351069453
2023-05-23,0.8429526508058766,-0.5434923807737059,0.5554138764756732,0.450421526295589,0.06484420065476534
2023-05-24,0.8363734214328505,0.1145052541362151,0.5606345646861187,0.4067528853695204,0.07947680352598634
2023-05-25,0.8454569818779368,-0.17106569801911006,0.5957169222408483,0.3091852317574832,0.04431932302545785
2023-05-26,0.8293248464735172,-0.05478478817999454,0.5942984715124504,0.43527655312791036,0.06718274175068999
2023-05-30,0.8125488091320376,0.17645496750139292,0.4988424628068509,0.37852140716626753,0.08992923266302194
2023-05-31,0.8443447972285186,-0.270672226634079,0.5693233143435816,0.4261238649857401,0.09862475451138902
2023-06-01,0.8391195006703839,-0.13022157010424526,0.6667190941270362,0.5367635654324215,0.08745153020852653
2023-06-02,0.9344489306037606,0.18752052291283258,0.5022060475879129,0.3173562181385436,0.027504953276871903
2023-06-05,0.8443481872131435,0.017501401646422828,0.5410752237456685,0.2629083234356966,0.028403120657905203
2023-06-06,0.9541602503917913,0.25042382210745634,0.5221051578187421,0.35221484255706437,0.09872404140050733
2023-06-07,0.7572651329416981,0.15634536548070432,0.4961475814927056,0.5373485095015083,0.02546056451604899
2023-06-08,0.7375011020074733,0.5263726679871615,0.6365142492541476,0.4041169789838031,0.011335827087647556
2023-06-09,0.91553975918462,-0.13223591125084086,0.5563503851771016,0.14294049655263447,0.0069718726999945975
2023-06-12,0.900914843334915,0.1535882800758691,0.5818321242749418,0.2696414808916271,0.06377495076233569
2023-06-13,0.9474324898224425,-0.09264724138594331,0.5587371553152657,0.44846224243522725,0.09606351912711164
2023-06-14,0.8048927267383892,-0.08100086416109059,0.5739972346019668,0.3018093489062215,0.06056448288269726
2023-06-15,0.7726399375029165,0.07401310261293956,0.537342085556955,0.2386327751445238,0.04618693428406361
2023-06-16,0.8576203219887357,-0.07653428577226346,0.45227219793444423,0.6769023736513593,0.04443007370978719
2023-06-20,0.6878742112170664,-0.055304581250423604,0.5208633816066919,0.4147999642847529,0.028194320627804293
2023-06-21,0.9174030986106001,0.030024204137007363,0.5566596834036037,0.44915983449024366,0.04247582194103005
2023-06-22,0.7727647576580589,0.3268206685101249,0.54815059621449,0.4662940298232711,0.08603943042686094
2023-06-23,0.8160057230211664,-0.20220513037504212,0.6258651225493778,0.4437002241215878,0.02798526885539726
2023-06-26,0.8703540708359567,-0.3092388516464365,0.5176865853966975,0.4096394370845415,0.07111518365733445
2023-06-27,0.9108725614055672,0.5072040398266181,0.6479732718840704,0.36186424890072233,0.07078237440617677
2023-06-28,0.7921588222097958,0.04197598850565413,0.5467586687185848,0.5028520778448229,0.05684884216058218
2023-06-29,0.8744354682019058,-0.1440451761296457,0.49051006822915894,0.5794756468481828,0.03601805320896802
2023-06-30,0.823264467231899,-0.1283910848555391,0.529688164729181,0.6162782407519259,0.06369849413397004
2023-07-03,0.8492883176105392,0.10995554504897725,0.5310390931980216,0.188545941541703,0.07086642568394773
2023-07-05,0.8147585971512111,0.020648012715705405,0.5441931097666843,0.36232968823022027,0.07396615886374477
2023-07-06,0.8712862412381567,0.08419814688940769,0.5898350718426306,0.4598572064801591,0.09143768740916663
2023-07-07,0.8011409186475532,0.5405010819136303,0.5718064109088777,0.4690009856775266,0.04563061910450733
2023-07-10,0.8739189786233792,-0.17135904888208733,0.46400888310927296,0.48813149929035765,0.05838408817445179
2023-07-11,0.8238090349739929,0.10423235998197444,0.6013669365455768,0.4813526950045741,0.07717233899526067
2023-07-12,0.8131875620318623,0.06359748995146135,0.524209996646494,0.35954400826461885,0.09135956639730625
2023-07-13,0.7979241586015468,-0.1801268843794105,0.5624626568265896,0.40622957904068263,0.07388623196692223
2023-07-14,0.8905631882990656,-0.29340562253580915,0.5452340970700856,0.37260007268273293,0.043957601830694984
2023-07-17,0.7541255821762833,0.05214631981731413,0.46416565491845907,0.5486092198185148,0.010348838643960368
2023-07-18,0.8025392807589723,-0.2270645824812216,0.5504186364857443,0.43685378315806744,0.019058263282785537
2023-07-19,0.8996293270489831,-0.14488598782269319,0.5244473000575243,0.4179167387673724,0.0939105211994613
2023-07-20,0.7820150678122524,0.1576424022028521,0.5091548765242816,0.28322693911668956,0.05481370229185889
2023-07-21,0.9348478351218755,0.27360904794916857,0.46127373932019794,0.3730136334784431,0.04873810606522593
2023-07-24,0.9536684686917558,-0.0068367391125748,0.5760479534791202,0.5266849261608264,0.01838529166166878
2023-07-25,0.7829551461705058,-0.3547125981345256,0.5252292460012284,0.3891544995577535,0.007536339475110077
2023-07-26,0.7647218201928383,-0.5241550546241345,0.5047026689502195,0.28124680093809784,0.09712599732166398
2023-07-27,0.8706732601598905,0.22900509382146877,0.40091614724289387,0.37385668965965263,0.021605454904882717
2023-07-28,0.8179814179646796,-0.269256278109935,0.4879619088982528,0.4120771349607477,0.02312886892869941
2023-07-31,0.7570979901581186,0.09175948577113825,0.5412262044131423,0.3208216950080064,0.035670721116541806
2023-08-01,0.7951749270146815,-0.14718827640813564,0.5157087848213016,0.36294484598133786,0.06163662057349622
2023-08-02,0.8555443644255626,-0.2725321948509699,0.4504116006823596,0.47669656203317606,0.06989907507009609
2023-08-03,0.7931020654598816,-0.21447364234137184,0.5229886739137304,0.29996543266859255,0.026473825525039685
2023-08-04,0.7958307533094605,-0.05440648166920046,0.49519775378845976,0.3672188679323109,0.04460796272005873
2023-08-07,0.7824918388221764,-0.05111071419122443,0.5038808226441611,0.5208916444812917,0.022397774687286567
2023-08-08,0.82722425962396,-0.03799936766052503,0.5384564679241856,0.3790093627943351,0.04320514823721503
2023-08-09,0.796331790540334,0.35128031805532883,0.49216161823682103,0.3300489266156237,0.058528161117624704
2023-08-10,0.7628727410063431,-0.026322455304119426,0.448813548399922,0.5404801785221225,0.0656375230917155
2023-08-11,0.8224158640217522,0.2233690870977958,0.6371244475016334,0.42996553751210354,0.057118292848215846
2023-08-14,0.8631232777255043,0.2289079281111422,0.575413180117309,0.3389989983579504,0.007447360658469338
2023-08-15,0.7840965588159137,-0.16332952339268558,0.5249178847866708,0.5645313160579999,0.01843911557208434
2023-08-16,0.8266245776946503,-0.0672309910686047,0.5163768439477087,0.37271715923312526,0.09848601404521304
2023-08-17,0.7760815789287898,-0.21232939282735142,0.5188987450617967,0.5087809027680725,0.010870551127739714
2023-08-18,0.8111372481917176,-0.03525882914441308,0.4412522235247762,0.34275223073715255,0.04794224304947854
2023-08-21,0.8430442521985135,-0.21490577144490516,0.36713048279590377,0.39056806941507866,0.07094548657521477
2023-08-22,0.8754704596916699,0.007137281848585946,0.4450049167397854,0.34631392222562596,0.053569363731591414
2023-08-23,0.8959642648005784,0.08566469610480582,0.5386038374051733,0.3117173111369532,0.04286276398088358
2023-08-24,0.8406895728719359,0.21072776912898006,0.49843023756101695,0.3233078234264624,0.06790782959108337
2023-08-25,0.8432459597805364,-0.048760267365208686,0.5597566808049469,0.4334289610226513,0.005232021726951187
2023-08-28,0.8414659549220238,-0.11260280750076024,0.5823811876921612,0.31923179460679,0.08420395117696405
2023-08-29,0.8821966094261628,0.2181536509084647,0.46752675821436923,0.46514554975353095,0.028414077020773088
2023-08-30,0.9075970330858325,-0.07474434307186276,0.487239612890454,0.3812053099135936,0.09324980281502816
2023-08-31,0.8744240811626407,0.23286600558857606,0.5062740862228469,0.33396768801033794,0.048873671817916936
2023-09-01,0.8359769120652703,-0.018954649315193396,0.5059831711410205,0.4955951440272588,0.013595602828792575
2023-09-05,0.7728421166310123,-0.029031923295087303,0.48112512167670135,0.38574300578237253,0.03420045098110237
2023-09-06,0.7812294148199876,-0.09142424973439489,0.5692805222472332,0.34473661494086055,0.08813590589885806
2023-09-07,0.8587357396673206,0.4036622042162945,0.40592240889170894,0.4875676647802255,0.042531443917971895
2023-09-08,0.8895945517726761,-0.05447187643764705,0.47336453316565036,0.36906122809591385,0.00995057048121807
2023-09-11,0.7784640850042929,-0.010507025421082247,0.4449973503429363,0.36165533391614996,0.017871929858421075
2023-09-12,0.9193593140579878,-0.053943205502887406,0.44357960802270535,0.23380217748026827,0.056878705519154485
2023-09-13,0.8605472779702162,-0.38905050564713173,0.4653892834994344,0.19311078383550107,0.019973897720640423
2023-09-14,0.9685202456757002,-0.11995774005157267,0.49164043421135295,0.4783444694642964,0.04284500863028982
2023-09-15,0.7905636234621046,-0.14314221935911936,0.49501161677856326,0.2702996987954214,0.09457105299897946
2023-09-18,0.7581213226027972,-0.14882217418653262,0.570916116099041,0.3581023518421862,0.013593514760835913
2023-09-19,0.8757495476165781,0.1199748368276301,0.5384743309634924,0.25727500876786374,0.04851478746597988
2023-09-20,0.8618906748528057,0.12968342235539074,0.4690479988832774,0.44090569440227734,0.016583140363984197
2023-09-21,0.8175501161216391,0.05575867179357788,0.42769401622393605,0.49419314500742706,0.024001143666412452
2023-09-22,0.674889829895732,0.30039739811869776,0.5333956294736751,0.4823488328422592,0.027469963988330973
2023-09-25,0.8772074781935358,-0.06811610345560813,0.5485456680149294,0.5440573178109721,0.029401439608344883
2023-09-26,0.7740538204372889,-0.15188636130865496,0.43176871541464823,0.20757144499657454,0.014228612620618109
2023-09-27,0.7414918235482207,-0.1746631615614465,0.43695110190699177,0.23427052515732202,0.08252785272877955
2023-09-28,0.8426595307103982,-0.3916808264262863,0.5013343625481703,0.378015831804833,0.0037965657208694718
2023-09-29,0.8981708226467777,-0.15583518954479947,0.5011749315113418,0.4159348340294836,0.028412080291557496
2023-10-02,0.893981142444561,0.07075977684212931,0.4677181238478053,0.3539667546987479,0.007124279620108476
2023-10-03,0.805303187182703,0.052518060141274636,0.5681739777679733,0.35890672896034753,0.01805049101071714
2023-10-04,0.8846731201478764,0.2444178645050438,0.4840641158772403,0.48161378573573593,0.0347966954512695
2023-10-05,0.7827545277673045,-0.28156764463474876,0.4554017756760522,0.5137608940355394,0.09191091228292135
2023-10-06,0.8597498181106935,-0.06239151630941772,0.46980897686023515,0.4394553092052188,0.046842740664269494
2023-10-09,0.8468560845259225,-0.009491417543346228,0.46229365587213117,0.46869573538695725,0.08176227803566845
2023-10-10,0.8337053290895081,0.4208302173454773,0.5123074706671149,0.22149257842102296,0.06289123312211463
2023-10-11,0.8089799431310745,-0.03627555733871051,0.4391344884380602,0.5347731946516843,0.04207906618777712
2023-10-12,0.8444437447201831,-0.03999779213117372,0.5287211570438719,0.3917330061572082,0.028193313752487847
2023-10-13,0.7731492624108354,-0.10092252055869877,0.5080349198714957,0.442769564489885,0.058065109391022024
2023-10-16,0.7115518190945255,0.37954795944367214,0.4940205991977399,0.3172348624400778,0.017471641961164488
2023-10-17,0.7988025109950796,-0.014346361986839236,0.45626238504605154,0.4708856306279203,0.06559890212745495
2023-10-18,0.8549356389020737,-0.05970968680672833,0.5106283308477177,0.5578110420142666,0.09036563695093938
2023-10-19,0.8930634742895694,0.1285229680713448,0.44995188027411315,0.2979030441960254,0.017145894456002644
2023-10-20,0.8630704720271263,-0.10605873283111328,0.43885896794879187,0.3568438640781465,0.012338873880558376
2023-10-23,0.8208432196219797,0.12356595861191111,0.5308694314179433,0.3961679680926439,0.010949133322023097
2023-10-24,0.877706420506312,0.02160806767428912,0.42496564027550454,0.5638889713372257,0.07425648921553701
2023-10-25,0.7227430905268682,0.09723112197681408,0.47560431669067865,0.5299486203673827,0.009603354868300763
2023-10-26,0.8539443465990715,-0.0422664324900777,0.5753306784489067,0.3054964361488377,0.09344042421372904
2023-10-27,0.8667238423502205,-0.15317212170774777,0.5615247052361725,0.42187304486071175,0.07718259429745195
2023-10-30,0.9066567770145575,-0.12180841082702615,0.418841753847677,0.43422798162160975,0.024710939548208757
2023-10-31,0.8524160339111623,-0.04650277203265351,0.5005289573445462,0.4673764748544387,0.0661210253620583
2023-11-01,0.8563524361615044,-0.07785180860070633,0.5167574987259211,0.31272240725585543,0.04438950954101496
2023-11-02,0.8363076382090012,-0.172919488075439,0.5658373107101018,0.21529333302848397,0.08404931270218978
2023-11-03,0.8355425092748997,-0.01137927996178845,0.497260273977471,0.4196731274801264,0.05317220382361379
2023-11-06,0.8230462255292558,0.0962987976951351,0.5070442553119257,0.2867385904064761,0.07231720774959645
2023-11-07,0.8188565967662806,0.3896495622359957,0.49587459641123177,0.3931816655525667,0.023035743538330846
2023-11-08,0.911027222087421,-0.20656793165429896,0.4181424054342342,0.1012346597749898,0.08768816616727472
2023-11-09,0.8157424195496346,-0.051045002885319934,0.5210755079372242,0.15316105986554668,0.015304606978287805
2023-11-10,0.8481017097178883,0.1185842846067305,0.4474772188374758,0.2889745915665722,0.03745663633205875
2023-11-13,0.805453424879349,0.014219457526839539,0.49675964959950786,0.4762424937164322,0.019167528917049082
2023-11-14,0.7837704291398567,-0.14718371406984532,0.5445636506390393,0.4416436752860676,0.04493437855578894
2023-11-15,0.8229314501317153,0.06293220169903178,0.44091107835838894,0.41783773342099845,0.07256695230155126
2023-11-16,0.8772936464666871,0.15329756956547475,0.5276252617834766,0.350119925888959,0.0811812629667887
2023-11-17,0.9082592198255625,-0.5038452279928017,0.5242925968880061,0.3551872217143422,0.05066297436332049
2023-11-20,0.919162527990097,0.38622498784829,0.5650929537274879,0.36533801828611745,0.0626121572625059
2023-11-21,0.8474564525725964,0.16622955830448666,0.48911375959152464,0.3767375453797802,0.023098311724865518
2023-11-22,0.8674176525264761,-0.13375637970024687,0.6226608611991031,0.365367323006917,0.020239389164222556
2023-11-24,0.7992144151845378,0.12853972006236178,0.5343973908716917,0.5082344671473162,0.061759056701346654
2023-11-27,0.8648343824221978,-0.23215682668862994,0.5208370630722298,0.40309135203276736,0.05929576126724152
2023-11-28,0.9284490213110379,-0.06561100956351495,0.5605074444651142,0.37521679089342425,0.0858390797618851
2023-11-29,0.8386706847124183,-0.24246843276187208,0.5590847570179094,0.3943569432463639,0.08313516790060808
2023-11-30,0.8527190094768904,0.1281063345604656,0.4927870951662073,0.33787578464802465,0.043066943450480344
2023-12-01,0.7722398623801848,0.2979698534927515,0.5585404903352342,0.2938088422661005,0.05330420341899766
2023-12-04,0.8157425517122231,0.25687069849387206,0.5836969084533359,0.19448772395401936,0.025464742486542416
2023-12-05,0.7780476615788787,0.4164416567859386,0.5432645750648377,0.4517389087143923,0.08649666893544505
2023-12-06,0.8181815772094915,0.17232193053717504,0.5130788494531303,0.31225258031164016,0.02319850553659586
2023-12-07,0.8140636602585472,-0.04580864072304129,0.5021589980302984,0.2876639505171382,0.08020959831330221
2023-12-08,0.8849409341886942,-0.032839105321467645,0.5334059278138491,0.37292592406467645,0.05054129148485236
2023-12-11,0.851382457933233,0.017074382209214988,0.5458005176504435,0.31763807911361897,0.08742951204497425
2023-12-12,0.7597928978462488,-0.1624418807085194,0.5531995450103554,0.4294878157954697,0.02785147994427475
2023-12-13,0.8151319351463134,0.17699790741433336,0.4572152327931815,0.3658890092390069,0.058578309616273264
2023-12-14,0.8042288828468691,0.15463890204891456,0.5396313051417934,0.35261749971383555,0.05726900035677243
2023-12-15,0.7757221967412514,0.1687569747465617,0.5868030156955528,0.23924898764486774,0.08101211047968725
2023-12-18,0.8415330555204835,0.18085371007016268,0.4956845874589557,0.241328291699133,0.08878525682158706
2023-12-19,0.8428610507152647,-0.01616281597131537,0.559725688771307,0.4123545509619518,0.038553142790057476
2023-12-20,0.7738320920367223,-0.08901899154824423,0.5977424215175823,0.25164679902293985,0.02719370719111357
2023-12-21,0.7913179562117262,0.02488861413773545,0.571645451697645,0.5713164134703048,0.09984012875194198
2023-12-22,0.7203181239726959,-0.03431854278124081,0.5384259048419615,0.45613701965176956,0.01629591323202927
2023-12-26,0.8193579951678533,-0.06474361460077507,0.5847043102756535,0.5210626620936877,0.09579017820497826
2023-12-27,0.7831158183134423,0.05933259857825593,0.5532242359777018,0.47895149732935394,0.0034430860342213876
2023-12-28,0.8328496936457663,-0.11779611824068033,0.503526230072928,0.3420968728894594,0.028429965847147933
2023-12-29,0.8414410465116149,0.28049339346408625,0.598730289177873,0.34980004828172245,0.07752024933655571
2024-01-02,0.8155653991328944,0.0110861749658685,0.48104484835936223,0.43788476639332957,0.05535808511596912
2024-01-03,0.7544957597010037,-0.08229571397769772,0.49799564774970534,0.41774745201941244,0.0628840770209019
2024-01-04,0.7789833455847185,-0.2945937213987163,0.5796696681962252,0.19972847049161466,0.057514823044879794
2024-01-05,0.802933415519276,-0.0344466121114626,0.5842072693196989,0.34820842150776,0.01259954420607078
2024-01-08,0.8178817695592667,-0.021560329107517002,0.5733245418514262,0.4050462647369541,0.099619178322496
2024-01-09,0.8391289330563044,-0.42115926189738495,0.5228929498150902,0.5970020599317845,0.038739093095237466
2024-01-10,0.811569887074896,0.30169046234216773,0.567747446228168,0.4061824145147996,0.06341132453063252
2024-01-11,0.8221705208580287,-0.03998696527886308,0.5292417320391514,0.5800886812227446,0.027320295458473445
2024-01-12,0.8844208321334402,0.6367161149424163,0.6624250317447125,0.31967511279052024,0.0626655944913972
2024-01-16,0.7990851265215008,0.25526658902939076,0.5523054139200716,0.42371969620437006,0.0992682392169972
2024-01-17,0.8890425082537118,-0.04684647241334697,0.5955290920635945,0.4426931804313352,0.07521978201025432
2024-01-18,0.8705506236669347,-0.150084565676008,0.6465633082634499,0.47794660676387163,0.0033900809784806253
2024-01-19,0.7731060376304203,0.3263418619638714,0.49229981738028195,0.412601841882637,0.009126325348787124
2024-01-22,0.8443189633962856,0.21590135938491964,0.5615285113301467,0.29153260452151414,0.03839367903722514
2024-01-23,0.8706939428733554,-0.2478350170385907,0.6256533074683309,0.2727124397596592,0.006827522492772676
2024-01-24,0.8985523805263614,0.29617759952885,0.5836456615541733,0.40050918029118165,0.004801273895969938
2024-01-25,0.8361671200972437,0.027834210945799378,0.5991556671867153,0.2761434094236689,0.07406580373862601
2024-01-26,0.770102880866641,0.2608779924303472,0.5292803978199012,0.16966616533043713,0.012202724851686032
2024-01-29,0.8486508810362505,0.023483497934450117,0.5599068685404228,0.3039685745785353,0.031138615171835637
2024-01-30,0.8451148735537621,-0.007344153962348348,0.4989279947423902,0.3349145006936947,0.09357253968329837
2024-01-31,0.8353121086633469,0.22613772208839747,0.5691012918267783,0.54871075018188,0.051146093981071256
2024-02-01,0.7910795293402129,-0.029456612255844696,0.562350826887933,0.33945068625368163,0.07270743487112213
2024-02-02,0.8384346865618965,0.08177579607418356,0.5360664686281266,0.26403440615327434,0.07772145863289392
2024-02-05,0.869736641666316,0.14940181786444032,0.5485828477574483,0.5985318382573017,0.07618863014602281
2024-02-06,0.881696778142018,0.011020774066407463,0.6178915233839909,0.3111961006976481,0.06047237564649317
2024-02-07,0.8705765892721472,-0.15011607186820844,0.5726625059768112,0.42850846986855307,0.0388841407977522
2024-02-08,0.8357228353407018,-0.2799883471632145,0.5355890787482505,0.2123894295759768,0.0717069457211383
2024-02-09,0.8637178697285453,-0.0870831008175434,0.6203114511276341,0.41603622265093476,0.0674145391054073
2024-02-12,0.7920726300613212,0.08562360550673524,0.5067616845788244,0.46473604553867476,0.0704675852237842
2024-02-13,0.8137419082060913,0.10324880715382581,0.6649461547993444,0.3462186599575422,0.07985717558246677
2024-02-14,0.8363159214081924,-0.002647677883807494,0.5574680413730648,0.36796776257378233,0.0771568075990368
2024-02-15,0.8199000109610035,-0.2646769278164209,0.500348709206208,0.5157323349413121,0.08322342045225824
2024-02-16,0.920388486751842,0.10964671442658701,0.6207661845980401,0.28439232593635244,0.08443127189357319
2024-02-20,0.8878110903999227,0.08649686392436588,0.5925900522632321,0.4248580890951377,0.03947899747599936
2024-02-21,0.8514838037922592,0.01107254940949726,0.5044923198859188,0.2968035103360071,0.08408021135978257
2024-02-22,0.8324543082718068,-0.1966999952873611,0.6016688632390488,0.2709645188025802,0.05317321074304013
2024-02-23,0.851697546985121,-0.02610996370808577,0.48721825427941323,0.4450897014801524,0.07037220888268123
2024-02-26,0.7525718361328788,-0.31148052495025036,0.6715435012743687,0.24219808409578436,0.020010231945790425
2024-02-27,0.8720923462225352,-0.20593635056528684,0.5769446730154133,0.5389896053138041,0.08937636336065921
2024-02-28,0.8184908939675147,0.14117136234254546,0.5491309983861942,0.437893987396244,0.0976235142626179
2024-02-29,0.9269887754931463,-0.2055180162764546,0.6378105955486816,0.15184540912818353,0.07108714427657202
2024-03-01,0.875084888416949,0.196760663028724,0.4934249262141643,0.43338961391015646,0.02191963633332651
2024-03-04,0.8456943366489247,-0.2179296187232288,0.5591547743536867,0.33445446514044275,0.05046434716101542
2024-03-05,0.8689791985686584,0.07339651925849426,0.5805459698306532,0.3361279205520857,0.04393400138074943
2024-03-06,0.8517088593458251,0.16627536142354843,0.6400651547933258,0.43456756556572657,0.08390811143065456
2024-03-07,0.9293838992344277,0.3381748391272561,0.6443739399703259,0.37299417014300806,0.03488891960834722
2024-03-08,0.8826411168675581,0.009283453041062366,0.6491595847706433,0.3749854552949931,0.09962836847442319
2024-03-11,0.8773862848766384,0.027869285135984002,0.6086019480653031,0.37545594466257215,0.05574033207388044
2024-03-12,0.804482765359065,-0.07132975102394305,0.5260910389380125,0.48991629679229354,0.08056887952373305
2024-03-13,0.8708296863449678,0.020849112985011502,0.6247093785310696,0.37613817667619365,0.04003540403712065
2024-03-14,0.8405241681217012,0.16568772153323666,0.6256561332450216,0.4583559379523593,0.007003557713230879
2024-03-15,0.9074138091881242,-0.0854281690389042,0.6126410716347814,0.5040006359375582,0.04403113012854584
2024-03-18,0.7939086933751647,-0.11852555064426994,0.5562601365553336,0.4329490420026102,0.07435899970638611
2024-03-19,0.7829493092068311,0.2847592112856951,0.605467620783711,0.5069834048837593,0.05977333846547239
2024-03-20,0.7583995344083073,-0.6142793366179895,0.5583735146800506,0.570206244687296,0.036957584839034795
2024-03-21,0.8667312414893784,0.3635665201633865,0.5845687697853031,0.3628940433589843,0.04887980704487255
2024-03-22,0.7906277579611436,0.4043910353281872,0.5941871649937116,0.3941393746774213,0.07171732528700912
2024-03-25,0.8028809221652368,0.13745602448823488,0.6227177475522725,0.294853238841766,0.048829771417825456
2024-03-26,0.8728044605784983,0.2720450405983544,0.6420907908565385,0.19729900971031464,0.07438083582647385
2024-03-27,0.7865839948417468,-0.012487248542155254,0.5550213743826741,0.49691741895802743,0.04697686130546169
2024-03-28,0.825958214179318,-0.14086026006173374,0.5430543719542215,0.5045952542424439,0.024462500499290676
2024-04-01,0.8528688881859602,0.00010865426459584298,0.6043361822812013,0.40623240599746757,0.030453639454607273
2024-04-02,0.8080718587860042,0.13637312086616493,0.5942358516202457,0.5492059325895077,0.03665332579188019
2024-04-03,0.8779094011446645,0.053325608074955844,0.4718177624878973,0.35131787606324366,0.06268705404474446
2024-04-04,0.9262721719295204,0.021818080486555536,0.5320306982196724,0.3638209345192443,0.036429947950507816
2024-04-05,0.8455990646794463,0.4572880948567102,0.5686386325161609,0.28225665533855737,0.016385580840494553
2024-04-08,0.813097183701524,0.13351896253577922,0.6136496258808172,0.340011780115966,0.03303074686373775
2024-04-09,0.8178374998612323,-0.09330538791076473,0.5310139284362361,0.27078887806921814,0.09958123144635568
2024-04-10,0.8570748028806479,0.0774302525190644,0.5744219198265855,0.3968877020850179,0.09716505751995483
2024-04-11,0.7723099748465881,-0.3226386562565821,0.600054636519555,0.4678417580341512,0.037911124487006564
2024-04-12,0.8300796151772808,0.25768848001897054,0.5494027950339673,0.46618223513376,0.02392870110316967
2024-04-15,0.8172723592738669,0.17893504200949983,0.5946045769704799,0.5621682651769375,0.025145691733145126
2024-04-16,0.8606157911651025,0.04161369928133654,0.5631997738147486,0.4213492933431502,0.04835825137609885
2024-04-17,0.8981589322790264,-0.059937764630215364,0.6237529275872156,0.43091374660073123,0.06278340814999891
2024-04-18,0.8734017271522638,0.025845601678867482,0.5797576871845636,0.23856328324663612,0.004148316937894037
2024-04-19,0.8111149255664754,0.0491641444697309,0.631722394430907,0.3841527094669588,0.005804396182532135
2024-04-22,0.9018227605100354,-0.19824584053527605,0.5651103459135681,0.16408105610956394,0.06534670925862504
2024-04-23,0.9602747309589548,0.14033477049525983,0.5195778188436454,0.48962856068478483,0.054673731165108444
2024-04-24,0.7813524006083914,-0.034879823236193486,0.6384322817054057,0.30732059385418004,0.0717934863942552
2024-04-25,0.8525800788068807,0.1419133182193932,0.6407817566473296,0.33243504999066703,0.032134443819536576
2024-04-26,0.8739810190339805,-0.09405766766817379,0.5832729308160656,0.4510814426600034,0.01806504498674134
2024-04-29,0.8624626857753567,-0.13903779364931523,0.5380327667835502,0.44585267420626984,0.015775486884399816
2024-04-30,0.9291069440451782,-0.19484933459116158,0.6647061260672827,0.5217765547864798,0.01846633892573186
2024-05-01,0.7956360679978858,-0.42490898406059635,0.6804544040227317,0.21308707604922247,0.029773586938396282
2024-05-02,0.8300121847162204,0.0010472458888028814,0.6364997835826786,0.44821547197410727,0.024214295571614
2024-05-03,0.8810097787979244,-0.02391513709222208,0.606494233528255,0.4824638752818188,0.04713014742825074
2024-05-06,0.8592852725813824,0.2125155507661003,0.6070068727313148,0.2579172488318714,0.04937186044926117
2024-05-07,0.7268408509933441,0.18991568217817392,0.6403508690136399,0.19635894170106716,0.0515575506098783
2024-05-08,0.8461887968182517,-0.09088811173523004,0.5866955463445622,0.41399643273310044,0.046131233161696206
2024-05-09,0.8633361605363441,0.07166822425895998,0.5842093345518236,0.356917281944896,0.03832821246766566
2024-05-10,0.7663575270621797,-0.05861487209651786,0.5794221977579813,0.2947265787552016,0.05621498179798704
2024-05-13,0.7806199789602786,0.09314938303743973,0.5572679509682001,0.4622315744096428,0.09999416037957377
2024-05-14,0.8184511212910924,-0.3439453529333988,0.5391752070456117,0.44089245433144364,0.013543772578333259
2024-05-15,0.8458205439648854,0.20503497132606216,0.4795534135217559,0.49268755347992055,0.0033082502043571107
2024-05-16,0.774060794368437,0.20352471146527287,0.589048927428138,0.5456962241682459,0.015893977058234154
2024-05-17,0.9220121039880002,-0.42063234467110133,0.5808685960888462,0.42752911816816197,0.0016006526186551297
2024-05-20,0.8641114943759165,-0.0596022164807262,0.5491357068968051,0.3834030032289688,0.056091871949735334
2024-05-21,0.8461798262867214,-0.18597822127841274,0.6711494716821633,0.502473941286642,0.05488767695983229
2024-05-22,0.8695180824541886,-0.08712045566447563,0.5835464353236072,0.2543530889007162,0.08628701139605693
2024-05-23,0.826545110550268,-0.040066031983213485,0.5146122723010819,0.3353207087921886,0.014087054229474483
2024-05-24,0.8325247781237954,0.07021478578271022,0.6192714970111073,0.48700430207686274,0.08671570166862798
2024-05-28,0.7533060697836839,-0.148190761974363,0.6100639243332179,0.43131757550237815,0.020480947690533394
2024-05-29,0.8300617641886322,-0.15418789044722864,0.5899048615842236,0.39912623282744053,0.04038721714212681
2024-05-30,0.8889134701319938,0.01841115010736785,0.5765336681474635,0.3101106301520006,0.06245827101432813
2024-05-31,0.8601362508331518,-0.07850134088950549,0.5748611731588579,0.31222854826581575,0.09888808874649904
2024-06-03,0.87416595624595,-0.17279530421376954,0.5596745705690251,0.21864416844392617,0.008934990619600725
2024-06-04,0.8657036911449466,0.2672924771522376,0.6191755969634559,0.35063527927310434,0.06649472154000195
2024-06-05,0.8009894650873123,0.2914428455172331,0.6079811177566213,0.44163173831364977,0.0728918394312697
2024-06-06,0.8910169279006837,0.044052511185446015,0.5873611856627418,0.28852155922956696,0.03400071364134775
2024-06-07,0.7989368328796932,-0.29229844331053895,0.4589243859494694,0.3250915479486368,0.006898896999434467
2024-06-10,0.8179600227440865,0.026440969539082024,0.523164586500148,0.3930000721118593,0.09518856428020794
2024-06-11,0.8599595752176695,0.011235560820481444,0.6336790124461493,0.36837591748028,0.056081780015632576
2024-06-12,0.755368037468673,0.26132136378727894,0.5266159842093233,0.2265881636371905,0.026834090335759276
2024-06-13,0.7980235184585938,-0.24426469861898636,0.5458283244510529,0.38380385275502976,0.08797557580371362
2024-06-14,0.8755031928902717,-0.028306905159040475,0.5454954972313186,0.6062096042132912,0.09201574033743493
2024-06-17,0.7958856860032518,0.1171119685512569,0.6069958054822252,0.4454873446486176,0.034887655593121174
2024-06-18,0.7112850458706809,0.25969456729292273,0.6195656693540725,0.40025366621110026,0.05493559828983635
2024-06-20,0.8967789225244847,-0.31566596432113364,0.49834129848424136,0.3356206786352931,0.07173734348697366
2024-06-21,0.8330781531275121,-0.14858378879722903,0.6226976527135899,0.30049753183416433,0.09560672476413734
2024-06-24,0.8485908581793751,0.14854024163597615,0.6026594505694082,0.38664381965699157,0.07383985367188284
2024-06-25,0.7051979653351025,-0.07672484190710538,0.5309809512990294,0.35286961725925986,0.059174339735519166
2024-06-26,0.7808069534308142,-0.02931600619952117,0.5773915099202127,0.4469993580595092,0.03460884178929994
2024-06-27,0.7806935224543494,0.13853632177107097,0.4959019779016282,0.5621956864546596,0.03935370049935567
2024-06-28,0.7774694608282783,0.19423548380821754,0.5674157477522292,0.4985672431610187,0.02240165620925927
2024-07-01,0.8567885430712909,0.015624491158844038,0.529041574344511,0.5470308824336374,0.0773841267505335
2024-07-02,0.8108040392364424,0.025313791201710824,0.45487983950190275,0.41318011375081726,0.02431037324293117
2024-07-03,0.8829595657707524,-0.23025286118193639,0.5228298027120458,0.4482374228256582,0.04744283194937085
2024-07-05,0.8664078319561073,0.19341104247993898,0.5822010921914148,0.435936734933752,0.010196017107068257
2024-07-08,0.8311330869785386,0.17080668302317373,0.5526458306465449,0.5852452740117882,0.08679996171156024
2024-07-09,0.8073527164023826,0.5198004285575907,0.5634677439603754,0.3175344843372071,0.09615990072635239
2024-07-10,0.8262059260485174,0.05374054633431261,0.4648731411249042,0.4081246953300219,0.07894695855888684
2024-07-11,0.7771007845132729,-0.22462946044883753,0.548718711801914,0.26789144636029355,0.010277085285531062
2024-07-12,0.8186505146520485,0.25872471425471544,0.5431838998556984,0.4346691446086768,0.06040889488000855
2024-07-15,0.8965890465513693,0.07318464898865339,0.5470216909489639,0.5096211514291182,0.02839801513352528
2024-07-16,0.7683577841559177,0.14832454429086536,0.6075545043542742,0.4100403770806058,0.03212644963716932
2024-07-17,0.8591741246036618,0.20696264187087554,0.46231790293500286,0.28705614551020137,0.0015915338424363325
2024-07-18,0.8064180053445591,-0.12568616722397027,0.5172810413284936,0.5614729093955445,0.031017529179481508
2024-07-19,0.7864125831953113,-0.07954358342378005,0.5532727285413824,0.4020685754738281,0.00630194097077268
2024-07-22,0.9781005631385656,-0.031238632685043923,0.45338932099755475,0.2755085585075568,0.020716243809476766
2024-07-23,0.8382831293963233,0.25659333542408425,0.46598736566815535,0.48851499081034133,0.07353952969913057
2024-07-24,0.861086326502785,0.08316112820707415,0.5058711110778662,0.34175256469356347,0.06876386995286318
2024-07-25,0.8295151204518847,-0.066135912178774,0.5284614845704133,0.46005270963713607,0.029656037354165322
2024-07-26,0.8411776194970958,-0.09074118100187661,0.5898580369143324,0.1539746954083684,0.07787173743697967
2024-07-29,0.9446774448796295,0.14263662954633202,0.5234067436695817,0.30201953739035303,0.04097710531283575
2024-07-30,0.934305926655836,0.12078465886935802,0.41202599966474895,0.3501742758999087,0.07814185854839491
2024-07-31,0.9566086294829759,-0.21139816647208087,0.5101113614577337,0.4346426090648546,0.07447825649439199
2024-08-01,0.8686691944124909,-0.267388183426552,0.5030511394781989,0.41417315849563097,0.08528851703826708
2024-08-02,0.8576153900746581,0.21998286200352252,0.5419354138395455,0.4042894819074489,0.005304752061086571
2024-08-05,0.9334830617003341,0.06910572405798739,0.5491676935680164,0.4304252170439302,0.06544874325964566
2024-08-06,0.8839000916992628,-0.05715397113769191,0.3987594161576204,0.36961049444502725,0.0461065765279958
2024-08-07,0.8577392295400895,0.07159925959320225,0.5568713552425654,0.3715366621996627,0.09489382820813536
2024-08-08,0.8834289063728272,-0.5120270602540277,0.5134900061354577,0.3188219013791733,0.07433200231574576
2024-08-09,0.8301877928205548,-0.08329276142889175,0.6038541924551073,0.3303205653956979,0.04418200962210331
2024-08-12,0.8655239490469878,-0.27867330316614114,0.6001969628327133,0.4143912178678016,0.035467557695697254
2024-08-13,0.8930972083473083,-0.2330601997838742,0.5132442939552709,0.20101361004346438,0.05771106710531233
2024-08-14,0.8870057191949463,-0.23856160049973224,0.507200948143968,0.2402749249609037,0.029394668836917926
2024-08-15,0.8644081665829757,0.06209358087888364,0.5448940016580004,0.3506724293949956,0.014100650979354847
2024-08-16,0.8068694087236521,-0.06910584367509193,0.5441003744729832,0.3272511454738496,0.047305733687003554
2024-08-19,0.8825393810061458,-0.22075065511326014,0.5520089478824891,0.2782856467097246,0.05117082204315873
2024-08-20,0.8674590757976447,-0.2055615879243783,0.493145198643811,0.5487839586937648,0.009973739529138326
2024-08-21,0.8367016751002044,-0.3315461797913397,0.46620470741977466,0.4273244276535222,0.09294452274985535
2024-08-22,0.8811629941201624,0.1479928615602503,0.5125193923433802,0.23190067188347951,0.037251655327240916
2024-08-23,0.7959998363422384,0.5427876416824067,0.5214847677372486,0.6510518005604753,0.09935599471529209
2024-08-26,0.9067372878525657,0.19303787849682685,0.5133581443411896,0.5032936764865661,0.03998517526616413
2024-08-27,0.8229509260095879,0.08095597932155524,0.5233017819720277,0.36580877653498534,0.004191671405366005
2024-08-28,0.9160222227988539,-0.11029090144815996,0.4838899650588127,0.3369666018901865,0.007275234373926454
2024-08-29,0.8132280917720736,0.0611300526563514,0.4965384755567084,0.42510463677546,0.05473082897928943
2024-08-30,0.7473033273091064,0.1008908167169797,0.4884601216062385,0.3398218367967442,0.04118894586977221
2024-09-03,0.813951365468753,-0.05316950977067696,0.547563655264012,0.28486268183817354,0.08629710332385149
2024-09-04,0.8053437132162595,0.04694984313051287,0.5598640360204962,0.47579002512544755,0.07767010083683612
2024-09-05,0.8257513348869936,0.12179997280510749,0.5264282184621386,0.5776792411605914,0.03197534840713525
2024-09-06,0.8275958934196738,-0.16477389671185513,0.4871051711338024,0.4978047202435093,0.0021232123259645186
2024-09-09,0.8698598452755982,-0.08805370657726475,0.5273856175435673,0.48133728280663624,0.053228458124669344
2024-09-10,0.841213143945341,-0.06494740718274007,0.5822901532452135,0.4502485855872137,0.04991871455425339
2024-09-11,0.7916077066802145,-0.10690065580354657,0.525707225174244,0.4772455634620507,0.08309674206655072
2024-09-12,0.8459675663463901,-0.05589672252762519,0.5417343830202437,0.38840721187783595,0.060498148583532765
2024-09-13,0.8643627537630985,-0.05035504678910052,0.4653728752874616,0.5658686159984961,0.0989075038886274
2024-09-16,0.8710682672218869,0.0590631126694406,0.530356520867166,0.4505934734931545,0.06224323324938128
2024-09-17,0.8284185373884058,-0.051915804501236944,0.5185056253043248,0.5812994345207003,0.03968730860124552
2024-09-18,0.8902833673560636,-0.09185934647476238,0.48781243909443234,0.37501967358768207,0.018561609923815624
2024-09-19,0.8592381493619043,-0.10022307841149587,0.4474477032634269,0.26374045372727856,0.09702137949855275
2024-09-20,0.8234484731806067,-0.0693750828361438,0.5667429592020823,0.33072593388487964,0.06795367539702679
2024-09-23,0.7618233037762283,-0.23497835242783954,0.5607874429383286,0.3709978385115895,0.044057800913535596
2024-09-24,0.8339724914740051,-0.19902819305788677,0.4542071774112644,0.6167208632554009,0.05373779996646999
2024-09-25,0.8827660405461282,0.13896926816499605,0.4480166614300987,0.6564165832469062,0.036653755476481746
2024-09-26,0.8279116536447592,-0.26968387204242017,0.5219822140204714,0.4909992993273454,0.07853352847617943
2024-09-27,0.8035734918010485,0.1177000803075483,0.455038955532727,0.39505308165290487,0.026753110355577647
2024-09-30,0.7929327977343393,0.13543720380808083,0.45852630712714193,0.3043713107489008,0.01676652534776866
2024-10-01,0.8548975619794242,0.22366501606593103,0.4338166277540524,0.5398505900627606,0.052987862285065204
2024-10-02,0.8778900281827048,-0.23882881775895656,0.5185794321566923,0.5456429759635835,0.07309729311189352
2024-10-03,0.8856563677337759,-0.4319399890468379,0.49956181252396664,0.29122159591871766,0.03409945279945518
2024-10-04,0.900307254546874,-0.016155559666874673,0.48979013438337654,0.21392514095652057,0.0059001517755088665
2024-10-07,0.795434057123932,0.0796624813232197,0.47026347284563824,0.432615032554537,0.06244778727151349
2024-10-08,0.8174768282100425,0.08146895993364205,0.6004758003722787,0.5679895240639663,0.005551704489713006
2024-10-09,0.8364437827610158,0.15663035894326605,0.43785011887458675,0.2745811999831981,0.029835983358098707
2024-10-10,0.883530960059934,0.2774066734126119,0.45569178421499396,0.546319258086932,0.04904631338699189
2024-10-11,0.8377483861512548,0.05127077073359646,0.4628265359399407,0.38215566750170427,0.02668429409698513
2024-10-14,0.8307769610566968,0.05115978779251776,0.550330977371384,0.28934112648867216,0.04180909279337891
2024-10-15,0.86203257847898,-0.1120890969008054,0.4460322589323868,0.47298203972251335,0.09004088610456223
2024-10-16,0.8894300670283328,-0.14377418926343363,0.5669353142358309,0.5217224897876778,0.013976880001920246
2024-10-17,0.8050733150551742,-0.03883325064045733,0.3912475883647132,0.30152648220241085,0.03768949179631497
2024-10-18,0.8170709282060397,0.3939447652030358,0.4768002745404946,0.3620458132789399,0.019704821497521088
2024-10-21,0.9168206131362434,-0.2046302548696327,0.5249135868886474,0.479052086888758,0.07426830999652746
2024-10-22,0.845471173575651,0.20237539677883937,0.5207521891991901,0.40714025022625977,0.06180185259034198
2024-10-23,0.798022561668754,0.011159582057823761,0.4585770149197171,0.36293016333219247,0.09725758315262886
2024-10-24,0.8858680841746371,-0.14368117899662158,0.49656138591411475,0.4502843935586928,0.032756080709380145
2024-10-25,0.8013618787408199,0.0146645101549611,0.5532323755697636,0.2474528660785445,0.09844551358289146
2024-10-28,0.8856163893631342,-0.20076035328103103,0.5264309565020783,0.34892452864812,0.01170487986388792
2024-10-29,0.8091123375691867,0.11598336562956452,0.5259096779511335,0.3092332026517166,0.029328057321632708
2024-10-30,0.8056705996583116,-0.025627869993399582,0.5240016257355867,0.4666793482000617,0.012405012327345966
2024-10-31,0.8017289893808751,0.1568107722303044,0.4923121600520727,0.30678861977745453,0.06664550780490262
2024-11-01,0.858387464765311,0.008070955308803893,0.5671945302748445,0.4973682447163617,0.07150096816727083
2024-11-04,0.7627913183284916,-0.06753183461779372,0.49853119023988096,0.33906472019639394,0.025023439555836958
2024-11-05,0.8352941114433821,-0.06941916270335809,0.5220587377319045,0.3915204304967525,0.027388601439443272
2024-11-06,0.833652202746547,0.022688084060560346,0.5166471070009984,0.6873109280846554,0.014328208023481927
2024-11-07,0.8996735310563917,-0.3492156779885237,0.5365581914612705,0.3945952725301961,0.030082674589327264
2024-11-08,0.8350823807369037,-0.04012950714497432,0.5324270709881418,0.32024243384345796,0.047249365468822836
2024-11-11,0.803755168168097,0.175479346086956,0.4973051217862339,0.5006790072768059,0.02181283875468363
2024-11-12,0.8526778002155179,0.24752954535136304,0.5761457322537036,0.42906160888544914,0.07089709183693557
2024-11-13,0.754470089394317,-0.027672469102757738,0.5274423269925136,0.3829001632284201,0.05806433840350305
2024-11-14,0.8576615187631742,-0.21334749656535662,0.3751618363152647,0.4624395986732568,0.02996628581871812
2024-11-15,0.9240353685006117,0.04213490398932432,0.5713096537025703,0.26399550989418297,0.08420570416196388
2024-11-18,0.8710054327582135,0.11443573426731522,0.4807681440070844,0.34316173945335604,0.07566067034878739
2024-11-19,0.7695851219190183,0.289364260625434,0.47706602562238826,0.4689413954607303,0.04448594750088469
2024-11-20,0.851680615451283,0.19902815132152762,0.5357708869553613,0.5314647610065337,0.09654053565472041
2024-11-21,0.8914526895993493,0.014692803999093403,0.5596979693137585,0.43501518848611165,0.09418050488135439
2024-11-22,0.7787257152559611,-0.2629386120702103,0.5976722015646543,0.48556745907863746,0.018083067152814627
2024-11-25,0.85620803707563,-0.3445701195529033,0.45694427594300924,0.42588822806976856,0.040918072519169436
2024-11-26,0.82788489503393,0.10360292133150953,0.4930801781718357,0.5783671353420459,0.053204949380984926
2024-11-27,0.8279223223729637,-0.0794265551937719,0.5269226502848677,0.5284491295550612,0.05252806467358522
2024-11-29,0.8872304558248695,-0.09237211064668077,0.47504519716973337,0.38127783910587215,0.08652651352580575
2024-12-02,0.7986728628283919,-0.017406745711112493,0.5733074002131966,0.37487741428358096,0.0871305363057557
2024-12-03,0.7921759781770672,0.040229060061578704,0.5398831853261109,0.34501051934338783,0.02879462390985249
2024-12-04,0.805203722031048,0.1854256901368171,0.5519786650978729,0.21536270079774392,0.0796456734063311
2024-12-05,0.767217145127175,-0.03903500011022629,0.5020478612603781,0.4127043474986393,0.01615016086947293
2024-12-06,0.8751873682347774,0.19705948401351953,0.5829040238130583,0.4727754275349996,0.0591243625877341
2024-12-09,0.7747563112255392,-0.014938314060318628,0.5583879669433974,0.4412726206462976,0.09746261982556637
2024-12-10,0.7320810853552622,-0.047823877054602996,0.5335636648637442,0.3876989722198374,0.048946628228614335
2024-12-11,0.8160406526002765,0.11388536185050305,0.5804544378609481,0.4848215706944934,0.07230819887391442
2024-12-12,0.8191394260594806,0.10148499463442318,0.536031084754017,0.2607847266504647,0.03055105799522544
2024-12-13,0.7966675701202641,0.2982525674182461,0.4209666208333114,0.41482955096559326,0.05308543977232969
2024-12-16,0.8422205995323468,0.03742784755034806,0.5529279100980099,0.32098946640424175,0.07548092728532126
2024-12-17,0.8672944027870388,0.1026254483955808,0.47916581808606545,0.233631127848557,0.0003693366745099569
2024-12-18,0.8261134523418098,-0.26666647792918485,0.5217900546325763,0.3567106650019368,0.04882702813260767
2024-12-19,0.8835176163200744,-0.16906964541302874,0.5514026568693153,0.2657144409035138,0.012275034584030488
2024-12-20,0.8096110650300561,-0.06685914502639073,0.5001077048934224,0.3659407338656745,0.055755082438135956
2024-12-23,0.7645168627103932,0.052151399533379876,0.6143050083208665,0.46994153699549296,0.03745802241415069
2024-12-24,0.8781944583336394,-0.3491198378290347,0.5224850745170958,0.362151561245961,0.06420372578297401
2024-12-26,0.8501406896127967,-0.19547650995833804,0.4975411424340437,0.2384802708610489,0.0907264356187015
2024-12-27,0.8361538224690169,0.2122374394212518,0.5213323199995129,0.3801895501073837,0.09889544922311418
2024-12-30,0.890973851716963,0.17158735429137975,0.5899708623395198,0.4820884266604496,0.053519570586864774
2024-12-31,0.8415440045517355,0.10279254446033166,0.5921874283438243,0.47394071565158413,0.04062714149981174
2025-01-02,0.8729387519575426,-0.0548706563504272,0.5033848971686399,0.5078095920270213,0.07860304252837448
2025-01-03,0.8051536369022185,0.2844256140803469,0.6044244732921499,0.4092125473314177,0.06397567749705217
2025-01-06,0.8772595865409906,0.15872972065025823,0.5851787679067882,0.47948931031236336,0.09837191134302198
2025-01-07,0.7943163918608774,-0.15918833018600065,0.5703531357077063,0.41168255640582396,0.007145854658142903
2025-01-08,0.7831374088080325,-0.010772693751057768,0.6296822694864603,0.3675409952604592,0.048396031605577
2025-01-10,0.8622178751646347,-0.4080923935992833,0.6221943577136378,0.48148743421339485,0.06605248659683102
2025-01-13,0.9281847570118247,-0.12400620116466934,0.5380848421602553,0.4662582003208893,0.0845893889455243
2025-01-14,0.8394061893272036,-0.14985753006357394,0.6620491281439276,0.3640407599741778,0.0759714753801011
2025-01-15,0.8298339569547933,0.07322862929110006,0.5668884037617571,0.27818108838554884,0.05927663896493493
2025-01-16,0.8520498413812602,0.2351404905336757,0.46477938853425027,0.522894160209888,0.011256137948882229
2025-01-17,0.805556546182004,-0.16486905170857136,0.4857089149793664,0.2063296521518666,0.014858121890065646
2025-01-21,0.816631137843906,0.24204816533175866,0.4544390288628047,0.27086282434660713,0.02243147369914993
2025-01-22,0.8211905907537606,-0.5503535569167229,0.5746241852465366,0.32039917792295153,0.034046680637258
2025-01-23,0.8711714248247695,-0.12987286904163,0.5834117565708152,0.2635452281091533,0.0615229966142423
2025-01-24,0.8905220107240757,-0.3513480042794218,0.5591821525475911,0.21325567323530267,0.05969239811979683
2025-01-27,0.8127669753056661,-0.08756284971873618,0.669104891575321,0.25459115536391086,0.030226970958092347
2025-01-28,0.8347818011015332,0.23173016422311493,0.524051587567364,0.43632505585899417,0.0031068642812853487
2025-01-29,0.8992377549022638,-0.023966664867607606,0.5907733203508343,0.3155857472926227,0.06830559775351762
2025-01-30,0.8056131421591377,0.08552575749621692,0.5772205480072349,0.24286014365546557,0.07324521549886746
2025-01-31,0.8479069597965927,0.09872352405389834,0.6033104469493275,0.45287815673173293,0.04816068919006823
2025-02-03,0.805884007708666,-0.0090212880636527,0.5860017788043403,0.44057705933826796,0.04748643675722191
2025-02-04,0.8957419840456986,0.10345144892181418,0.5717638745676895,0.45407267477382085,0.0663847023617327
2025-02-05,0.8758094597976148,-0.18188031268579952,0.5970107436017116,0.37708641602041865,0.030152990802896452
2025-02-06,0.8587510264880711,0.30617146878033247,0.5968572067277604,0.35323752500166167,0.08317803882061958
2025-02-07,0.8152149056711984,0.06391739432314938,0.5931172593357463,0.35403978669728664,0.07932711952891558
2025-02-10,0.9102526068456737,-0.13645866156231998,0.5762858852166706,0.40106015683273527,0.03741150418501071
2025-02-11,0.7902864841874518,-0.38282087473180076,0.6727168071536953,0.6115853456986913,0.04679584029297601
2025-02-12,0.828340660516254,-0.25936116221426414,0.6051797582047207,0.22991611127975017,0.05159622661090631
2025-02-13,0.8346501758622465,0.04193315790139489,0.5777299837581632,0.3603159221120907,0.05446790871804716
2025-02-14,0.9133134855657901,0.22278022597039526,0.5707476083137273,0.4476997285671066,0.06526610887424514
2025-02-18,0.8395974937148917,-0.2794219151370473,0.634976130334189,0.2212699440456487,0.0048349871050399566
2025-02-19,0.8304939526402029,0.27235232212422483,0.6055810337058587,0.4049092499929891,0.07052398813394142
2025-02-20,0.8708692790779156,0.2677954069659783,0.5623914108446263,0.4161411122593024,0.07202481359920553
2025-02-21,0.8558003373636228,0.5250725313575638,0.5800576882642419,0.374745871310748,0.010004528563344661
2025-02-24,0.828137573268501,-0.13343110175650544,0.5603115656380708,0.4396187649589375,0.04994872619993418
2025-02-25,0.8920223404582939,0.0917295864757771,0.6042765013514056,0.4011254776304394,0.06063275371730235
2025-02-26,0.8349800246762495,-0.19571884929767536,0.6499139544435262,0.33863852980201814,0.06747804446948516
2025-02-27,0.8861051687994799,-0.11984457742359896,0.5331211915672261,0.29638617236436804,0.0615924074255163
2025-02-28,0.9127670537851671,-0.16280671398367857,0.5360116267890216,0.30807277038824576,0.06675936001012943
2025-03-03,0.821765752405455,-0.05530043753425721,0.6112161835491583,0.2727068270747499,0.09503474926749081
2025-03-04,0.8023417091271481,-0.33206718359801374,0.692606296630906,0.31596950707570415,0.05694923767804701
2025-03-05,0.9496118843551807,-0.1785325423870191,0.5218080490354358,0.3220534399547277,0.0004578978358504404
2025-03-06,0.8776090106531453,-0.40188713037979956,0.5647563357787205,0.4713946550208636,0.04493329977062978
2025-03-07,0.8333081748460592,-0.04815724367884019,0.6160307134564325,0.4202568425016875,0.05028217152678554
2025-03-10,0.7971563796852071,-0.458869344174918,0.5395390914176065,0.2963671433609849,0.061623023317886196
2025-03-11,0.7868938317631977,0.27326807632325884,0.6326383817143665,0.35967926586205523,0.07923836696394454
2025-03-12,0.9394516342490887,0.21610461282768056,0.5840758650203421,0.30270727034377953,0.06782854577180931
2025-03-13,0.8270928254931967,-0.1946884675269518,0.6513082467234245,0.25448195782700045,0.09174808833004586
2025-03-14,0.8577343227228217,0.2850193787407111,0.5853727343933084,0.4487624044875485,0.052843432575830684
2025-03-17,0.8565270431414281,0.022378036702835787,0.599333118103623,0.41501654777280844,0.0954802025374469
2025-03-18,0.88202632984638,0.10134343602621354,0.5927977549458732,0.6053619352900538,0.02520334199125064
2025-03-19,0.8898456678629386,-0.1895991571442859,0.5730986767858076,0.3284274006886491,0.011487189535431286
2025-03-20,0.8727640581468922,-0.39180313154953167,0.5678786599267241,0.41850389510447883,0.037280018501680744
2025-03-21,0.9306790924161871,-0.043579963540839206,0.5982399671423441,0.4658763306476957,0.030138947976400366
2025-03-24,0.8067934974521133,-0.36786627508572756,0.5509444831397191,0.34117837560214426,0.01922009692994847
2025-03-25,0.835822838926037,0.15047639114306885,0.7057214583448075,0.406357395869094,0.0677347399809009
2025-03-26,0.8753762584391048,-0.438632495979393,0.6246580087267792,0.48930531183082926,0.0028616052487172475
2025-03-27,0.8850416036448759,-0.17230547607097704,0.5705397588070571,0.22534105823459794,0.036681013512503614
2025-03-28,0.8364226926295961,-0.25326928483199257,0.562646038931864,0.266354670999262,0.09975584052839999
2025-03-31,0.8534164439152685,-0.1331043146078082,0.5549373238891132,0.41778079142756835,0.08019546222771683
2025-04-01,0.8318015905794479,0.3072864223327889,0.5481881371099472,0.3547878232885842,0.06454753255941363
2025-04-02,0.8829263325326944,0.0329800045423664,0.595160864205615,0.5862191180287362,0.04078641836185129
2025-04-03,0.8519113057916051,-0.23888600360153112,0.6150085608305209,0.37672467220287037,0.08302377721885529
2025-04-04,0.89455867450903,0.22007957115696777,0.6207045002342604,0.39652484430675206,0.05845965383700439
2025-04-07,0.838462721821985,-0.09302871079438187,0.6511832006378092,0.24906568864605727,0.008687050618872783
2025-04-08,0.8147351834925994,-0.22946117830636076,0.6193353872301631,0.6511130361624458,0.0008252088843661576
2025-04-09,0.7730858277473376,-0.25085768522149715,0.5386418146911265,0.42765802601974306,0.058826594181431005
2025-04-10,0.8032969986041775,-0.03367210730145101,0.5966162533232097,0.321059542580615,0.008034577291774736
2025-04-11,0.8732707941259035,-0.07285538178473998,0.613325630367071,0.47082604217989177,0.08435425549730291
2025-04-14,0.7990476047254965,-0.09511927196311432,0.6750034863379409,0.20491874067584995,0.051920927995366475
2025-04-15,0.8836253951116907,0.07930203890181792,0.5492134333927621,0.37755272621870745,0.032984636868898014
2025-04-16,0.9238445118633813,0.049149973426618775,0.6342989107568392,0.528477566948012,0.06794058915708891
2025-04-17,0.8155555413337804,-0.25172731919318986,0.6727123205529043,0.22367321977789761,0.0009848373283564693
2025-04-21,0.8576744758829518,0.14073717377769876,0.6746158350305831,0.3352124444717866,0.022585135659962063
2025-04-22,0.887175257502385,0.187883535015461,0.5276902269766318,0.4990897158672065,0.021791748512977327
2025-04-23,0.8595558450282732,-0.05680192253005019,0.5700422931347603,0.3214023884038254,0.0033571433348416504
2025-04-24,0.7592259792048106,-0.09203365188456464,0.574029486657672,0.4592160490265575,0.07374719142066657
2025-04-25,0.841582753911451,-0.39949816314027875,0.6429914434182841,0.3771239397735804,0.005685087727011151
2025-04-28,0.9150308860006392,-0.4537240893442735,0.623789590911718,0.48560646220553105,0.05443076223977398
2025-04-29,0.9236079304881857,0.2648499499457416,0.5695900814506468,0.5182789790862641,0.07445637030705397
2025-04-30,0.8180629181093424,0.016085249428940445,0.5457222036522621,0.1872679104861212,0.05570445068589665
2025-05-01,0.7199464576112408,0.16460078689793034,0.6515540425061394,0.4653054910082472,0.07302833488095528
2025-05-02,0.9078544165344798,-0.03831560620176502,0.5620856664542404,0.4162504453978688,0.05101746325000031
2025-05-05,0.8460627545203636,-0.015120794985862369,0.5607826945077055,0.36778876980389724,0.07133740159822419
2025-05-06,0.9216625718172222,0.1416558592863358,0.6475772903890235,0.5186834951913497,0.03809645056418324
2025-05-07,0.8659845165483687,-0.4200715643586098,0.5405172613696949,0.3904178188667562,0.07147341754491962
2025-05-08,0.855244504610964,-0.07562054621929677,0.6138091620143352,0.3271149068499879,0.0010122752097616484
2025-05-09,0.8243017554279374,-0.09655610747732027,0.4845821729366233,0.44013654455306755,0.02625339228195115
2025-05-12,0.878501858787293,0.045147600975977524,0.5599923773777638,0.2920230463592093,0.09247370789935935
2025-05-13,0.8184619342638083,-0.19292109021731407,0.5643335107727843,0.44685319135251944,0.002192754632645655
2025-05-14,0.8769650673616043,0.26658140945821523,0.6129844983640446,0.4171178923246653,0.05632076786676236
2025-05-15,0.8552599778912059,0.09892515244844614,0.47459572401648,0.3225866613869589,0.003594648569594383
2025-05-16,0.8743922552476507,0.014803556511167746,0.6370074437330847,0.40009642748268415,0.041594833735573766
2025-05-19,0.8499991706770121,0.01992403238593213,0.5699745836280593,0.2769777090981831,0.05927213024571662
2025-05-20,0.8822985390068493,0.022358072224656272,0.5328389899522856,0.47075551217749,0.0933220631766206
2025-05-21,0.9127401350121288,0.017050191442658354,0.6287830065782796,0.3853858959889843,0.0771474586525685
2025-05-22,0.8964531692692068,0.17284962979162974,0.5751939926074578,0.32685765419105645,0.09972528151796405
2025-05-23,0.849346429066337,0.21948265983251103,0.5607094217621251,0.33862243693072713,0.0036631048749561357
2025-05-27,0.8348369077920337,0.0493104354623245,0.5526866198057881,0.5287270983135859,0.05181754113397166
2025-05-28,0.8165151338057552,0.01680230899136941,0.5769097546033944,0.47251753053741796,0.03662698519904744
2025-05-29,0.8022338927213281,0.026134050317009827,0.5825992300586087,0.502281812372381,0.030455926255904743
2025-05-30,0.8157414908653703,0.1207088298417952,0.6234039566429647,0.25440643297974175,0.05033961611037041
2025-06-02,0.9310304984315938,0.011062699677771357,0.6165638331105339,0.6221129449410927,0.03929470541313869
2025-06-03,0.8159596789557377,0.2063343406850917,0.5522587576045308,0.32442398193480715,0.04530314500432075
2025-06-04,0.8786927834005139,0.025685479462104973,0.543223613234152,0.353131406892975,0.08512435310895056
2025-06-05,0.8645265788957229,-0.021397204736796085,0.5703287783263193,0.42462369735070926,0.08312844378338044
2025-06-06,0.9060772593921397,0.17352125665699777,0.592286433562442,0.3188600969682274,0.016374653787513262
2025-06-09,0.7689930401345076,-0.0600614392348017,0.5625507947193159,0.5780985174820834,0.01825815887909329
2025-06-10,0.9064588846547685,-0.22627207485562828,0.590339813638543,0.28910540096812065,0.049505892807070254
2025-06-11,0.8575589233935891,-0.042280536085381876,0.5973372053185174,0.46326506925889627,0.01677607955134469
2025-06-12,0.8548474829887234,-0.18834202631967753,0.5546856508266702,0.44289817968017636,0.02050899021117175
2025-06-13,0.8753414083034078,0.016077771282561958,0.5291363374871594,0.49919158445428063,0.08590602813375292
2025-06-16,0.8448242242997605,0.2265966597410461,0.6170064924319401,0.25852938189568153,0.07633347726980239
2025-06-17,0.8304747587485859,-0.46150057644405007,0.5011444411368612,0.35047702587987195,0.039375676508690664
2025-06-18,0.8429506395073085,0.2222856594272797,0.49226869200793627,0.4251707165651273,0.014856513439727171
2025-06-20,0.8270510430719398,-0.06744784308833335,0.5704864930280047,0.48087374614215933,0.04120781463391632
2025-06-23,0.8258407229777323,0.06304287198015944,0.5276945944800735,0.5861627714387521,0.052877264827493525
2025-06-24,0.8789479711378687,-0.24498061146999636,0.4651007907934981,0.29408708413708934,0.009006959420097538
2025-06-25,0.8331151461995255,0.18532332785218975,0.5056890652577584,0.41031723486842336,0.02403193360758108
2025-06-26,0.9641804778248518,0.2864574075335279,0.5558441422853435,0.3848282404608294,0.06007192943511467
2025-06-27,0.8204821205775116,-0.22484482209102521,0.4904341015437595,0.3546244598322279,0.004243137296623379
2025-06-30,0.8729726997114464,0.3560803742484638,0.5667816739604362,0.369452245849414,0.07961979144322617
