Date,fundamental_score,sentiment_score,industry_trend_score,market_risk_factor,black_swan_risk
2000-01-03,0.6823903442717387,0.04448764777681728,0.5965359522912623,0.509066777757105,0.04823925474182189
2000-01-04,0.6005869576507167,0.3541039996192313,0.5869268905929372,0.35410181179048833,0.04607418707768629
2000-01-05,0.5225941817748598,-0.2925715770124351,0.6547644886371536,0.3486248220440154,0.012221027670350727
2000-01-06,0.6346971682956315,-0.18841489653775748,0.5547392790822034,0.37408147571829414,0.057236645065001125
2000-01-07,0.6022181353776865,-0.1341927511993319,0.6112151465135109,0.434044509146515,0.07987811527042216
2000-01-10,0.6449085927108744,0.014801574119109552,0.7006203982617715,0.40712339370517364,0.058760432776573605
2000-01-11,0.6426711019773341,0.11001314813874859,0.5513869255060313,0.3242364024184164,0.06531469660394795
2000-01-12,0.611024520865353,0.047381429036247494,0.6102538084134893,0.2953937859080068,0.020832995944694368
2000-01-13,0.548049128948026,-0.12063397605208365,0.5180249174861452,0.31828439655944685,0.06061394646424017
2000-01-14,0.6829266207037452,0.09911326466434091,0.5443369180839406,0.2597735053421911,0.031301906832382355
2000-01-18,0.5917209425014646,-0.16654352735956435,0.5377350915223005,0.37669256459777356,0.016502728728498627
2000-01-19,0.6472552948607355,0.12986780946904528,0.6224619699002393,0.4735412351987321,0.07975648900658155
2000-01-20,0.6704845379839224,-0.024397909994234204,0.6796681393957322,0.26041989038926805,0.05158756452222987
2000-01-21,0.555886584101005,0.08264532760781154,0.7051120428494316,0.46593504261949076,0.0115453915871518
2000-01-24,0.5416540859340998,0.11893796924561545,0.5406608149405843,0.3952024219810112,0.09872564014194057
2000-01-25,0.5974057208782773,-0.13224530190002232,0.589062348635633,0.35798574367829994,0.08977876645215616
2000-01-26,0.5568086977649116,0.08075122465512946,0.5417778262281744,0.4625381224672964,0.04653129629768522
2000-01-27,0.5883543507633188,-0.1734323696183701,0.5598700946035747,0.5382006792137339,0.012980147514723884
2000-01-28,0.7105001498560635,-0.31374003893824165,0.5928573220369748,0.4560758778596304,0.023299313481206986
2000-01-31,0.4954968360370047,-0.38172019663038337,0.5788394463664244,0.446789438242811,0.01620447884935706
2000-02-01,0.5180927990432866,-0.10604667036132874,0.5064130929682911,0.30304356686446177,0.05190836308566197
2000-02-02,0.5251159256881232,0.196806376453034,0.5819414081535526,0.5175357611347607,0.003969623858151606
2000-02-03,0.6364361620073111,0.06182172340266406,0.5194579420138281,0.35990171883199834,0.04574163039581676
2000-02-04,0.6203924591428672,0.03568313173735871,0.540466112723292,0.2812973475181522,0.053037063647841165
2000-02-07,0.6354617279704993,-0.1283624700380871,0.6703597726639482,0.4489626208402656,0.02223950842877095
2000-02-08,0.6494155421430089,0.04180091291965049,0.7204044104772297,0.3482957648447438,0.03910451025786258
2000-02-09,0.5399472585808892,0.12530702795482504,0.5389424410214168,0.3254918780222261,0.07251267964450385
2000-02-10,0.6398285616918331,-0.04828806139172162,0.5791868233160155,0.3336631716379156,0.09538382856985779
2000-02-11,0.5969558544933711,0.41873906525438315,0.5021504931573983,0.4623534654605898,0.051633255117151694
2000-02-14,0.5926843397471885,0.301558387603681,0.548399915655057,0.38229746069074133,0.03723259275012432
2000-02-15,0.5240650921468046,0.15671339968975947,0.6669680321706727,0.3469595959135097,0.0045732221684903545
2000-02-16,0.6559377779654602,-0.08009792125531406,0.5929506678161972,0.2684998007875009,0.019371700989551068
2000-02-17,0.5806387981786575,0.12721104550762175,0.7138171612993924,0.24367104578169607,0.0012850421182525884
2000-02-18,0.5937008349834799,-0.1485830725859008,0.6922619679067704,0.29791942923663184,0.024852860602126183
2000-02-22,0.5464173498980569,-0.1554108009766657,0.6685349346118004,0.29033692625282365,0.014674446806169928
2000-02-23,0.6422824260536333,-0.0159526584759163,0.6437879648539482,0.5693915780111223,0.035165410308673865
2000-02-24,0.5826443982768188,0.08777478362020241,0.5806855634017989,0.3990638702261027,0.08123370567116488
2000-02-25,0.64810156039022,0.21133096871869164,0.5550874595470277,0.3584366905635211,0.06410792026656396
2000-02-28,0.5857346649059171,-0.15987004440071934,0.5878192082796235,0.31295573086275064,0.09123100248582972
2000-02-29,0.4899889129934684,0.29998610440343804,0.5780297295404542,0.3818183513484949,0.05393397138843288
2000-03-01,0.5673762691955442,-0.09834413263253904,0.5021395126938137,0.29923716615648066,0.051795966169238754
2000-03-02,0.6336292964435926,0.26179053588998136,0.48212231407069034,0.4525058399748956,0.05635457227090847
2000-03-03,0.5929270240170877,-0.038115062112654266,0.5442666132953697,0.4928415285291997,0.017473180697729407
2000-03-06,0.6199175571585501,0.1664726786978055,0.5851967566316204,0.5032179106674308,0.06776089699153563
2000-03-07,0.5122073551808957,0.006679069127180805,0.5889129923596568,0.36184930219746825,0.014512931808137508
2000-03-08,0.6360038186752085,-0.26866796177267527,0.6728610540547265,0.49002171469277434,0.03510554040725581
2000-03-09,0.616126712270164,-0.13297434468403063,0.5698080779456005,0.34286148169700836,0.002723810246443237
2000-03-10,0.5930727159574556,0.31357962756332247,0.5821852076024336,0.3910076040116622,0.09675698337678458
2000-03-13,0.5093750926234246,-0.111268673407238,0.5694436492433406,0.4892366957802131,0.06427475871047887
2000-03-14,0.5951660154550211,0.17693408626294604,0.6706922820668036,0.47145037720606137,0.002642810624960501
2000-03-15,0.60041271604348,-0.17656519108419858,0.5797695331259723,0.4242794741086478,0.061843315575144386
2000-03-16,0.6347144343983914,-0.045538087310785874,0.6427738757681738,0.355352956964757,0.07388439342690821
2000-03-17,0.552870246135939,-0.13415933297056878,0.6061185565180549,0.39292222868785465,0.044096505401823555
2000-03-20,0.5132605485053866,0.2703882573839036,0.5705452347543002,0.47375206315635376,0.018853723158869663
2000-03-21,0.5797784348309698,0.023901005472867696,0.6586204137071103,0.38668207388563386,0.053719839074603426
2000-03-22,0.6332601502119487,0.1999414830134073,0.5921489389099397,0.24157403998212107,0.01998847163858543
2000-03-23,0.5511131449561708,0.04648844452547416,0.6714838055083356,0.19566975911561146,0.01252610925023976
2000-03-24,0.568724309128769,0.10854532066878193,0.5674170599946595,0.24279261429445384,0.002949466715499449
2000-03-27,0.5398327246370478,-0.23164195873040058,0.5876072419056365,0.2718343793109146,0.002373535127131454
2000-03-28,0.6245566278838603,0.05217250168002685,0.5607370446752491,0.46922891916762594,0.0131481368731881
2000-03-29,0.5921463807230246,0.08568202917777305,0.5818727511775349,0.22074262318566215,0.025949593516873273
2000-03-30,0.5871399921056546,-0.5100344157550303,0.6769982315401272,0.2004023643743252,0.05357958071390539
2000-03-31,0.633530437306141,-0.5182408428958298,0.603874803520476,0.382746179805043,0.07369359648434694
2000-04-03,0.5816635378790165,0.04536372387356664,0.5198619381356093,0.49072866964038303,0.0024151315653296425
2000-04-04,0.6433367533843736,-0.01013208462784524,0.5890648444786679,0.31743271971248527,0.022368547097863702
2000-04-05,0.5705220593780064,0.4250999651435442,0.5349243366336075,0.3229557656798409,0.06748184057357201
2000-04-06,0.6357871425802492,-0.17465445563746398,0.5910254372241134,0.2526322341520121,0.025657003319618423
2000-04-07,0.56905217446842,-0.30266168682289635,0.5512969970711215,0.5793052862903414,0.07853850744974501
2000-04-10,0.5888664557887783,-0.08780721065127386,0.624065127667907,0.3708581978878081,0.06534493130664025
2000-04-11,0.5702076878298913,-0.10757730525929741,0.5719465996230163,0.4623413188374288,0.03743743136182303
2000-04-12,0.6410313006767558,-0.09654996130533389,0.5491326293214375,0.49109990098798767,0.06315300417929685
2000-04-13,0.5815082621222916,-0.013629626429184971,0.6146652530678293,0.44711498733348126,0.016715306135192554
2000-04-14,0.6863189835010997,-0.09266892467500601,0.5875343746733142,0.49138904746886297,0.04714101458881666
2000-04-17,0.4675975603817325,-0.05400599254306965,0.5301457418270932,0.468979156818897,0.021102472704191622
2000-04-18,0.5237139890934819,0.11658057289212548,0.5720595130647044,0.39546322886758695,0.03997832482435253
2000-04-19,0.6486781610358454,0.2964308765275388,0.6631637134982669,0.25940769816138187,0.0772969405881966
2000-04-20,0.6389873599072233,0.40316008396625885,0.551348114581378,0.45084142122609394,0.03568297297893306
2000-04-24,0.6907900720483748,0.20130904776189454,0.5200475608641656,0.4233826689838105,0.09457641626844686
2000-04-25,0.6573171840402442,-0.35285796205871445,0.5090207417623933,0.28837854125963985,0.04734776817528888
2000-04-26,0.6273423103037097,-0.09908218068290159,0.6359323529701616,0.4605747032514156,0.007224036107934451
2000-04-27,0.5695365482646303,0.2564565277994377,0.5915975069339221,0.4197135171723328,0.029912126251960672
2000-04-28,0.6211117306123819,0.06803545971026936,0.6311374658229053,0.340294545069713,0.021001473333566324
2000-05-01,0.6000498755040242,0.11835096782776314,0.5928725546160288,0.24212441130136578,0.09090465893289058
2000-05-02,0.6205901103554201,0.23821162428429316,0.5868431250081882,0.4867586395396008,0.007760692295495409
2000-05-03,0.6533959256773313,-0.3402626129338828,0.6302755454283304,0.5500021506051922,0.02437152208530038
2000-05-04,0.6477166653981149,0.11695755701330911,0.6143544732793439,0.40054313392044155,0.06866743221510077
2000-05-05,0.5823617994256396,0.10785413703538965,0.5628666734107632,0.35709396155275486,0.03737714543113736
2000-05-08,0.6294559045936524,-0.12639157534414638,0.5884123421335948,0.4088314674127833,0.0988031326800388
2000-05-09,0.6010842634329555,0.14225276321232772,0.5276615651400818,0.6016790524650143,0.023848004562312633
2000-05-10,0.5817423538081121,0.10028534011486812,0.6689777191778338,0.2622403125296734,0.017389233754998613
2000-05-11,0.6148127110257328,0.12237015178813654,0.5293891749689071,0.38137139869430553,0.027533747797069387
2000-05-12,0.6520429208356707,-0.17823155788232894,0.548526941526084,0.3589353521257763,0.008159297148005484
2000-05-15,0.5201135836124102,-0.25102722330098465,0.6105983089992525,0.31649979802476313,0.012949962795501492
2000-05-16,0.6259568027661337,0.30236863983300794,0.598587032475283,0.4875502749664285,0.06417090835325202
2000-05-17,0.5197348261782956,0.1848082793856728,0.6213361896280755,0.5620948315985058,0.029774828978143254
2000-05-18,0.6118842789096023,0.22322861078203618,0.49576316197420356,0.46049635118366994,0.08478759227051015
2000-05-19,0.5684646538539674,0.09550673339745791,0.5786595323677247,0.2892761466175174,0.08786414368714884
2000-05-22,0.6960732076178288,0.06574500282643769,0.6177650676255162,0.3588065609155572,0.02273962914847906
2000-05-23,0.6307424231869897,0.28379684377537867,0.5860082761365238,0.43636486108707534,0.024161853553821735
2000-05-24,0.5612243610828423,-0.05114809935095036,0.5126986932610986,0.54279732564411,0.059002759838008206
2000-05-25,0.5415511238257347,0.21961684096766432,0.6452511474765062,0.3318583315421833,0.06620295317744763
2000-05-26,0.5945047766874522,0.23226045939566786,0.6568251392009786,0.4633270822499681,0.02349135806205325
2000-05-30,0.5909326267220165,-0.21879403052036542,0.665340544875473,0.4260800297733157,0.09770477143394607
2000-05-31,0.6107750913380565,0.11910717609271476,0.5473042605086339,0.31305064738031946,0.07022994392434682
2000-06-01,0.6810070028946181,-0.38209118080780424,0.553775713704675,0.19334346757363466,0.014081807539796277
2000-06-02,0.6719368044329593,-0.3338977056825898,0.5708198825760186,0.46951905459343957,0.0977065966136414
2000-06-05,0.7422715134980912,-0.19580597140258094,0.4787100930230028,0.3622386754836876,0.0252381033289423
2000-06-06,0.6557691395418015,-0.21060285206785362,0.652720251678114,0.492212527822525,0.03399117826493795
2000-06-07,0.5394607079802339,-0.2127069762177156,0.5000450863516446,0.4109352095790958,0.08556144242005974
2000-06-08,0.6632184653106149,-0.15221390324699974,0.4771528295651588,0.3499710101649134,0.02538611843569343
2000-06-09,0.564365171251657,0.019383833770614502,0.6150463796124266,0.41637478749946394,0.04830762432516065
2000-06-12,0.5777782447875383,0.21871687747451976,0.5046415066398171,0.5124904334403056,0.08824186068296584
2000-06-13,0.605234649305872,-0.07923907996144114,0.5272406694842794,0.45382475519361526,0.023970157337763278
2000-06-14,0.6768878708784497,0.22516759477824452,0.5138358807465937,0.4542664000761234,0.030965352983864648
2000-06-15,0.6248551152422699,-0.20300221309541847,0.5388551469712513,0.6020337332412353,0.08903987654438444
2000-06-16,0.5773920818662029,-0.43798855200928977,0.5984587085554253,0.2218088179791819,0.08020477919314728
2000-06-19,0.5751250942923097,-0.21342849058474822,0.5600842673361947,0.5511068862093489,0.0026349485399793206
2000-06-20,0.5927565663035185,0.02661523804916126,0.5186944081491719,0.4282268622707479,0.017691785489600344
2000-06-21,0.6041568583564249,0.029742915164427605,0.5744715113820835,0.18052138854088107,0.06034498433694198
2000-06-22,0.6415028635835002,0.07813938482644424,0.6035497114280851,0.4315112297936331,0.07862634220620407
2000-06-23,0.5841852920206961,0.12281287954754694,0.5399701077729274,0.3614321899881933,0.08008119062387814
2000-06-26,0.6161393131760846,-0.1293143947261508,0.5859994742955149,0.4077563656373554,0.06163390914928011
2000-06-27,0.6281029045142879,-0.03595443438633929,0.6139256396864162,0.46084239810952987,0.0704351775316062
2000-06-28,0.6091288310375339,0.043147993137185876,0.5583741727010445,0.2622853465692224,0.004338616847692767
2000-06-29,0.5649267429039138,-0.09282688716606204,0.6021787964266623,0.4745479303288751,0.05108397577193491
2000-06-30,0.518583501353755,-0.122728681053853,0.5326824500123405,0.28427001126680324,0.060761009720738585
2000-07-03,0.5965219373783107,-0.1729252154889838,0.5734664538423481,0.5608054202881312,0.058356647097245196
2000-07-05,0.643115978138582,0.2154446657991574,0.6703441474160978,0.28646124127904327,0.08323360191501378
2000-07-06,0.5594732469667182,0.045575177464827525,0.5215930289205557,0.2262178570127287,0.058514139592563866
2000-07-07,0.5247123339774378,-0.15191113816580104,0.5241128564196696,0.38359910556427973,0.08852536655592165
2000-07-10,0.5282365746890514,0.10375728833147105,0.6398548247374727,0.5888061952663514,0.003596902023382376
2000-07-11,0.6348995343298556,0.09384805931300652,0.568882235065435,0.42245603308502794,0.04728436524625325
2000-07-12,0.653552841472517,-0.06759872094042604,0.5177849292022586,0.44973622479440184,0.09737535350555845
2000-07-13,0.6522979579984628,-0.03302656071190628,0.5341893453871404,0.3938460829312562,0.09869414787614933
2000-07-14,0.6412199706240763,0.13590491221778525,0.48208247506447904,0.3542256339233291,0.06652053347705099
2000-07-17,0.54589072894497,0.09491522755568384,0.6324795492391897,0.45854221620483526,0.07954360292651876
2000-07-18,0.6687637101460774,0.046330986576121794,0.4585894866009573,0.32836322748917707,0.08940206060149775
2000-07-19,0.5467593102497291,-0.1800580581778986,0.5210996969123445,0.49068634055625737,0.04816378790145318
2000-07-20,0.5884032475133967,0.2725368943161759,0.592412297956358,0.4135614340720086,0.019542871606176307
2000-07-21,0.5550961049385597,0.09556896930711489,0.5210891590786917,0.3991004108003184,0.08355304181895795
2000-07-24,0.6289754988470375,0.21064289011381299,0.5717880444084937,0.5880911054067214,0.0754685538446944
2000-07-25,0.5773256797224701,-0.024918892599829504,0.5447581533232932,0.4749827976898331,0.06012202179756936
2000-07-26,0.5479304371002605,-0.2639442477033092,0.48836565317283814,0.36993930356061544,0.04996521001032104
2000-07-27,0.6168116162694437,-0.07471206622182595,0.4779777681095333,0.5439655801095129,0.0063211489202523955
2000-07-28,0.649152950089946,0.027065344682598393,0.5284083049498197,0.4455262424627231,0.033720591041098556
2000-07-31,0.5588142417603486,0.14761532006612252,0.492252329879847,0.40958230938851975,0.027969560962442554
2000-08-01,0.6892823369655332,0.17024783189783835,0.5478275730064814,0.3956066879397738,0.002560497593386224
2000-08-02,0.45356939567283505,0.048529413291904036,0.49591183561128627,0.513904399844111,0.012200609147100739
2000-08-03,0.5858453772075084,0.1281204336573078,0.5828473612546571,0.5095953482565044,0.09037123301538968
2000-08-04,0.552073704672675,-0.030073822220544374,0.48783140794318536,0.47006921938399415,0.04303375488062164
2000-08-07,0.5414217341941029,0.19229373008325684,0.5645560087640294,0.5843934309646888,0.06097030680891157
2000-08-08,0.6363545171202651,0.23595980797402016,0.4588621337661894,0.3772992026625946,0.09671691445156393
2000-08-09,0.4966812057504957,-0.26131404392360225,0.5058616583150788,0.41716159249099055,0.08515812350636204
2000-08-10,0.5747347735618874,-0.22175052411643206,0.5723323522005777,0.4854544301628996,0.06386786389187196
2000-08-11,0.6176071839920232,-0.0034679330214072435,0.46075479478356957,0.46133080472894256,0.010398453621572136
2000-08-14,0.5743652859528586,0.013468319297835714,0.5592836451112597,0.35266628105607356,0.07711507869537951
2000-08-15,0.6370398383485056,0.5547884734327412,0.5490316348298022,0.3452249833924396,0.0002694864595837232
2000-08-16,0.6302843394827754,0.26516796790094327,0.5792860240159684,0.5307921882938712,0.03687909218926929
2000-08-17,0.5785621929722289,-0.18362544009411147,0.4351748551256297,0.4637229047625086,0.04294662882451883
2000-08-18,0.5905400542954692,0.047068970753694525,0.5149533814106325,0.5429410492690513,0.05055144601632916
2000-08-21,0.5278208014583807,0.021975200373913123,0.5330257873921583,0.31928082820367165,0.09107252391951724
2000-08-22,0.6519889287165682,-0.35566944592091254,0.5124218449377207,0.45737083628792974,0.01470278039920896
2000-08-23,0.5112904566415234,0.06969483011609041,0.5368658345166692,0.47801765382880235,0.03373209396709289
2000-08-24,0.5302122071683455,0.13116184395756267,0.5041435318862989,0.3707455560998687,0.03764693037075371
2000-08-25,0.47452648377803264,-0.003485491925242112,0.5736185118941588,0.28265195487616757,0.0387089160409296
2000-08-28,0.6853639056555911,-0.034401468082459565,0.5533050032623179,0.3304007218629898,0.037738858788981235
2000-08-29,0.5849896760418316,-0.13111225050820566,0.5267783946543143,0.303432115599666,0.07485558566491039
2000-08-30,0.6811223746953272,0.2925774510849037,0.3689155585043454,0.36805919063109654,0.0379470578991705
2000-08-31,0.5631651926903855,0.1643759244110886,0.4780043113993891,0.4982920518139748,0.08315447868791653
2000-09-01,0.582119583414969,-0.48621857636763893,0.5202334121702559,0.2298173877841453,0.048954405237673304
2000-09-05,0.5903184354231413,-0.13092192237268366,0.49051055911565733,0.3972231364044488,0.014018234121523322
2000-09-06,0.6308916560743502,-0.21542417226898825,0.5358497069811622,0.3303636752809403,0.04110578047346247
2000-09-07,0.5188471256162017,-0.1360056239024279,0.49248560239372213,0.36158866853158605,0.07765175660611272
2000-09-08,0.5519014209459733,-0.08789054777222377,0.5441666882019416,0.34145484703515183,0.06486661772725576
2000-09-11,0.5935368685945596,-0.13703644068922366,0.5473296469917887,0.2717977588493027,0.037903194148125686
2000-09-12,0.7061050609074233,0.08264159848628777,0.5016292776326624,0.37351913353398436,0.05188032739903459
2000-09-13,0.5532492287549076,0.3227840234849704,0.4956273956135508,0.2867036821695743,0.003397283070584789
2000-09-14,0.5656050574377998,-0.0755267968129242,0.5324945077546176,0.4579796183969677,0.006405683700023469
2000-09-15,0.5999715410652919,0.31877639074560804,0.571694812239306,0.30941171376848464,0.04462935200018364
2000-09-18,0.5705231458061012,-0.5351937788035175,0.5267937524100885,0.43841439397073684,0.02421233146182419
2000-09-19,0.6322624576501699,-0.02312933803408086,0.5731965615874655,0.3619579178467202,0.03583684799863964
2000-09-20,0.6422912951518862,0.41955325155644907,0.5166482006634575,0.29823717027665736,0.03516221952216882
2000-09-21,0.6751210949284229,0.02930307865213404,0.5262456697936151,0.14435707456023456,0.07993198852330023
2000-09-22,0.4968352764910927,-0.020769001228174492,0.4926968078606569,0.2902128629967745,0.013292203629231225
2000-09-25,0.5689684622725892,0.10500203702880569,0.5680038679755639,0.4131905681181194,0.026172824960700294
2000-09-26,0.5576846847626646,-0.0038350377253609127,0.4018866964182875,0.46844055642822274,0.018850575527449665
2000-09-27,0.558534336317618,-0.3024039560475562,0.4631642521472397,0.44091579785422774,0.016243576600350695
2000-09-28,0.6760599601209618,0.032721962189605484,0.4616780602780763,0.3971244572352628,0.05746027597025736
2000-09-29,0.5749860448694031,0.3517314407002885,0.5014621320462845,0.43995199088222653,0.0696705109021875
2000-10-02,0.6597222981358684,-0.5324823781659384,0.4649622569544227,0.42287259779836484,0.06238326154871176
2000-10-03,0.689518422478578,0.08488536113652456,0.5131335662883287,0.3785999741364926,0.09171865453867865
2000-10-04,0.6189423613616628,0.012377674576392562,0.565177421728255,0.5572333499819562,0.07942785068995989
2000-10-05,0.5968303827131847,0.4988133858240296,0.5068673669027776,0.33804473841115185,0.01628062735756809
2000-10-06,0.5932585826069637,-0.37594059684191394,0.49060151311384625,0.524358254016941,0.02769294265442475
2000-10-09,0.5708942316662459,-0.3092559670719597,0.46161677161890585,0.44057797597353265,0.09558225813501245
2000-10-10,0.5923962464296009,0.4665765651262608,0.4955095795985177,0.3577897938232654,0.09391244272911237
2000-10-11,0.561428320660198,0.022931128580140764,0.45180218064410144,0.4179397022392602,0.03510821913302702
2000-10-12,0.618864464730272,0.12985205921244117,0.5647128099895482,0.3607264292477368,0.07418642852972297
2000-10-13,0.6044760381012698,-0.047963989017701096,0.5354853266404471,0.5178688700314891,0.09170401572384142
2000-10-16,0.5794269094361494,0.4226015767100701,0.4819805812416046,0.4894763311638655,0.019495493845502435
2000-10-17,0.5876120126705093,-0.07535442339210491,0.5706572111744286,0.6093156916739713,0.08386538494314028
2000-10-18,0.545478444808438,0.23292991969074955,0.602469338067904,0.25836482255748694,0.010428107442078262
2000-10-19,0.6288470321039266,0.06092392478570785,0.5006191994352613,0.33066568258687956,0.029712418465571624
2000-10-20,0.6347237876862147,-0.015551037601033369,0.4600882714100985,0.4558313365440439,0.08395800924111332
2000-10-23,0.7160607365038965,-0.048894980251438167,0.4855870415333877,0.32684500518150794,0.04313772243728245
2000-10-24,0.5707374295539761,0.0552387242730552,0.5073005060456252,0.5179938475392742,0.08811157450986574
2000-10-25,0.5362233259728533,-0.2540457678576499,0.5664646958803682,0.41949279931207445,0.07927368631120413
2000-10-26,0.6187756745963064,-0.27225037916697276,0.6129839151978835,0.34221373951101386,0.09329595800762268
2000-10-27,0.5860364458841254,0.15909536573314917,0.45243319768883183,0.2826528623536505,0.09123511339362264
2000-10-30,0.5647863730950635,0.19996801306506007,0.4765461180486428,0.474778631898878,0.07385491716483686
2000-10-31,0.5907245327226124,0.136191031979089,0.4071549519126069,0.49607460791943886,0.05957483055616121
2000-11-01,0.5346594292356666,0.04140500353525066,0.4823231541429662,0.48049919502549326,0.08089803259086122
2000-11-02,0.543051807331878,0.2261691441179261,0.5001880214305366,0.3594505622123798,0.01800629630468815
2000-11-03,0.5631115911215153,-0.22442996147615865,0.49188784020047377,0.20101920472550033,0.07998685886227332
2000-11-06,0.5999177336141321,-0.012629791823497168,0.4973811227996651,0.2542605964113296,0.09869035171241224
2000-11-07,0.5799860527817924,0.009653491422969042,0.4916912189621776,0.28381079275736043,0.05193747182431585
2000-11-08,0.6070562969138065,-0.15638413666627113,0.5313374778338412,0.39542242870380906,0.007176009647428372
2000-11-09,0.6181748098050034,0.06388997472246047,0.5421535642361084,0.3169264089926406,0.06381716817330899
2000-11-10,0.5369513767274268,0.0753587591024501,0.49666127050964237,0.33033596639009144,0.013312729229959443
2000-11-13,0.5478764141527731,0.17648928919976642,0.4737525353918944,0.4350695283826578,0.04008821201234323
2000-11-14,0.5556161489853515,0.035783865242185985,0.48993456754997033,0.4864661978516428,0.07009008746416005
2000-11-15,0.6864006430286564,-0.1740707714685153,0.448063563751009,0.4242272480998377,0.08025815774602912
2000-11-16,0.622393379834816,-0.2570431192783448,0.47884792912721125,0.29771855390360036,0.022445376751293034
2000-11-17,0.5780636950666107,0.08125843342173845,0.5184144459031261,0.3271410065358451,0.019533138686836017
2000-11-20,0.6037299231962977,0.251587808677499,0.5367104061993929,0.4122045660844001,0.08496581533414499
2000-11-21,0.6776601064743903,0.13078181118435528,0.5397992237944748,0.47320192692384694,0.02827249303231455
2000-11-22,0.6066205131536268,-0.4778515117927083,0.44562336731121754,0.6354587953175134,0.013388486802458344
2000-11-24,0.5827030527893325,-0.0635521075863295,0.5255900048639608,0.3970873105782596,0.05558706232928073
2000-11-27,0.5998730598913793,0.12339881915742917,0.6065007684634367,0.3987066210947802,0.08143457629699187
2000-11-28,0.6648591250896487,-0.09481805218607789,0.5566398445333124,0.5626655007716608,0.09130744325930805
2000-11-29,0.6293732256728499,0.013996368988780906,0.3999387599806007,0.3777208213525808,0.0699251836492819
2000-11-30,0.5613752123809698,0.28386436061836057,0.5331002381174047,0.4672130879175576,0.07534805342618395
2000-12-01,0.5736048001734204,0.12047275801747877,0.5139296990692377,0.38339557187231205,0.0607136205949283
2000-12-04,0.619970661305418,-0.03760471889896013,0.5425768319268884,0.5573074898684993,0.02302979164901401
2000-12-05,0.5621404305801581,0.1254743738706232,0.4975161531734676,0.34261181456731465,0.00017817008099692
2000-12-06,0.5964883125081943,0.14888363173785155,0.5730604214832807,0.5072058250531802,0.03923383996933777
2000-12-07,0.6581238112777467,0.05064322000831309,0.5994153305231826,0.5109790701483254,0.03795440238299152
2000-12-08,0.6123199507651087,-0.04182471699167383,0.5739116580799498,0.43232333569188663,0.049788736150111174
2000-12-11,0.5508986236421952,-0.1083504826428255,0.45427466520057286,0.4781405484760381,0.02824030915448903
2000-12-12,0.6399819502148587,-0.14448201530777996,0.5126960194167324,0.4334835780507009,0.09884779139677766
2000-12-13,0.5276481697277946,-0.10372086358464393,0.47461775074227874,0.27482532361696643,0.07191250303913475
2000-12-14,0.6469570612669435,0.21076462754816766,0.4914279042383404,0.3219100082649954,0.05946011572429432
2000-12-15,0.5655655503753282,0.012393437225044322,0.584427622621755,0.5450214866263157,0.035953931007549234
2000-12-18,0.5412913851850812,-0.24846060523900412,0.5070317311939007,0.4582057506664078,0.087058457435161
2000-12-19,0.5451288518824567,-0.2507661854631346,0.670421129651122,0.45035162382284094,0.09413164336301956
2000-12-20,0.6207334796649423,-0.03151477036765074,0.5503679652956406,0.4237984706594904,0.0775639229806313
2000-12-21,0.635202740267193,0.261620956185445,0.4839615022915725,0.5237925851256796,0.05224794163069144
2000-12-22,0.5990899092538111,0.24154968512558397,0.5312571647181696,0.31205449688889164,0.03295405740537518
2000-12-26,0.6386488506412515,-0.020973882271273853,0.5416293220810227,0.5289759111017511,0.08132825127404619
2000-12-27,0.6939137504448504,-0.06926640244762562,0.6142949244200556,0.28144447101590575,0.022438799417963486
2000-12-28,0.5220341805713813,0.026436998380444596,0.5597776081624879,0.2297879116562814,0.03583394500141467
2000-12-29,0.6380370806113164,0.1890002768857265,0.5032664096479983,0.3898422860180579,0.010457549419653257
2001-01-02,0.5431373880405946,0.42198859988695026,0.6196054625809063,0.40016885797375173,0.05656223267447405
2001-01-03,0.6361748420787452,0.19477925173859167,0.5820019402000924,0.3790769725672753,0.052247098038675534
2001-01-04,0.5686078154707654,0.2592280409108207,0.5470939477523071,0.4950323758220037,0.011194558913839636
2001-01-05,0.7237515438439839,-0.45439137202223084,0.576834635547597,0.38206669831821427,0.05756393728183587
2001-01-08,0.6617351163759272,-0.2888977004630619,0.584363279650389,0.3563438061879129,0.06380548720991633
2001-01-09,0.56109491907326,0.027019013287265414,0.594441506972641,0.18720470120509458,0.096926606467446
2001-01-10,0.6527463183029915,-0.213353695798307,0.5385447507913843,0.4515423537444355,0.057469489416672785
2001-01-11,0.645008442061328,0.07518532035484715,0.48220514744563203,0.4856190095461158,0.07597885982095783
2001-01-12,0.6058508361387909,-0.13135757138437001,0.6224410121213365,0.23586891142426125,0.01460125579571946
2001-01-16,0.6159165904974327,-0.01323136172588205,0.6125381294226594,0.3945545409955151,0.0692989395065206
2001-01-17,0.5673480661010154,0.09897209441013148,0.530076977532399,0.5185209926852876,0.007358046517391148
2001-01-18,0.6308574445485171,0.10271245639661014,0.5623332072327382,0.345214032038083,0.04948319466536988
2001-01-19,0.5422771367556247,0.02019919594420324,0.5760962260065877,0.5439668285285572,0.0066070498632967885
2001-01-22,0.6280768311401156,0.044786462542169024,0.5206746880484887,0.5376035349890325,0.08423721916107182
2001-01-23,0.6891653364663891,-0.07137053425352217,0.561412197612838,0.7333187570744593,0.05654004766292342
2001-01-24,0.6140443980522964,-0.12198329412457401,0.562674058420568,0.2826847957320732,0.061759127312914025
2001-01-25,0.7130914430284666,0.13338893093872503,0.5365627070596182,0.4214607673092048,0.04218293515227474
2001-01-26,0.6744153331320331,0.2113221952524167,0.5050171802857845,0.47749101305681474,0.028708240845226884
2001-01-29,0.5550507573702534,0.32837386054718687,0.5517109197882771,0.23064675648353047,0.0339420908112291
2001-01-30,0.6405369039578699,-0.20340002051070796,0.5354966667970426,0.3311465226120152,0.005898320475717245
2001-01-31,0.6185619129464951,-0.027583584422008946,0.5506012253944522,0.36908097265020734,0.023513895444744682
2001-02-01,0.6393718969397679,-0.1487823011638231,0.5796748845115345,0.2622915441246697,0.07030239091611107
2001-02-02,0.6090721556788793,-0.1937935850530801,0.6125496890230596,0.1376962432839139,0.05604787053541499
2001-02-05,0.6411646425565504,0.3123179571268253,0.6766070711115116,0.1910854286678894,0.009434787633331776
2001-02-06,0.5917481815861872,0.13795928633608245,0.5910616153944656,0.3604193951340385,0.06405004061315883
2001-02-07,0.6270820909738993,0.20720078908126066,0.6095030275335565,0.4108240758602372,0.0041129689891737375
2001-02-08,0.6183668935838128,0.19928653729115997,0.6777669101315943,0.2308325441330509,0.01770504102042052
2001-02-09,0.6151822987732848,0.08746988129502228,0.689387763334155,0.3841073726638289,0.07091151291322985
2001-02-12,0.6302645953502966,0.09634802523113671,0.6574823571835196,0.36774607039441887,0.03475610140063218
2001-02-13,0.725892423387339,0.22157767376631732,0.5332316367989487,0.4041038909732443,0.024752318812318486
2001-02-14,0.6156207116634305,0.32406491725035624,0.6342382118301534,0.4517041156056281,0.0013091698447366684
2001-02-15,0.6247188529890599,-0.10219128454274323,0.5239059874303867,0.33827660970144896,0.09892885232433386
2001-02-16,0.6707805154414263,0.0695788611534449,0.6558791432297835,0.48906738179848686,0.047388351245858766
2001-02-20,0.5761548655073842,-0.3378694932822142,0.6190799081302464,0.4574602752789595,0.010223063549878309
2001-02-21,0.6713214516958782,-0.15282285212269375,0.6386845781633579,0.4491361671021317,0.08268663995044825
2001-02-22,0.7593130140710814,-0.2944070591718539,0.6036505217829568,0.3315687539276469,0.08921484894857412
2001-02-23,0.5637654284375727,-0.14451221187868432,0.5312592996569002,0.5116979823618943,0.0065881386321264505
2001-02-26,0.5833377998972333,0.2571954939346707,0.6788856083867134,0.3725422241894899,0.06727729584004218
2001-02-27,0.5783823098173569,-0.04105704947414897,0.6312706999429996,0.4713305667307285,0.07779837803852868
2001-02-28,0.686746769477964,0.12306197455236256,0.6550810294119734,0.34921333137587196,0.08297508703641682
2001-03-01,0.6473557046743507,-0.21424838668347201,0.5513205623133285,0.21573333852546206,0.08689414128020445
2001-03-02,0.6124880368595003,-0.44170369249196534,0.6832833818803173,0.5307568795349114,0.08508166477273786
2001-03-05,0.6108646154255918,-0.01678477012784078,0.5838445452573866,0.28831975255358583,0.05183430953877066
2001-03-06,0.5587953311485775,-0.13604334878341262,0.5994773603777843,0.30589776612744796,0.06333091478093966
2001-03-07,0.6263841283771473,-0.05098118929889183,0.6146683331889463,0.4623993106020595,0.006723000055444861
2001-03-08,0.5147193060814027,-0.02439794942731008,0.6291997443449617,0.4381106241023973,0.017299591017914662
2001-03-09,0.526052247250262,-0.49390125388356987,0.5975118256139804,0.43022175471118373,0.029527498275891375
2001-03-12,0.5455553841728684,0.05357950511743681,0.6316409521228803,0.4308271645552467,0.0917812391138762
2001-03-13,0.5773506576047005,0.05566526425507249,0.642529017137511,0.3338997760833351,0.000384541292594387
2001-03-14,0.5641355373449045,-0.07472113625597898,0.6594915008146062,0.466276021513319,0.03770008384451798
2001-03-15,0.5554909848231364,-0.05617661186238552,0.5704516837370791,0.31571693215941543,0.08349935643819134
2001-03-16,0.655595859261344,0.04148231983985035,0.6366701878336195,0.2978749212884974,0.094075224236596
2001-03-19,0.6252493704542028,-0.09597208384746424,0.5823380027841821,0.42251351527304254,0.04989100705279509
2001-03-20,0.6804431623039315,-0.07090652655969426,0.6195940833416138,0.22974137637535896,0.02942693588634311
2001-03-21,0.6250170029593138,-0.09502520276892715,0.5519822295063272,0.3455057211273638,0.035006181917794456
2001-03-22,0.5893432807174022,0.17980424116540336,0.6487500043765024,0.26220400654939,0.059466038853764495
2001-03-23,0.6625520612350037,0.10017358212631011,0.586094374149466,0.4267379907986571,0.08495095928797491
2001-03-26,0.6281188169254187,0.2658698177295599,0.6043295460590435,0.4181271529206275,0.037579175198958675
2001-03-27,0.5619726579574985,-0.2651117792419945,0.6855844923739227,0.2522990182820387,0.03563025897282581
2001-03-28,0.626303524630225,-0.44165667920991303,0.7086694444832228,0.2635974424679828,0.032080072213092004
2001-03-29,0.5554384114377974,0.16553922144323863,0.5740558753657309,0.47672222618322724,0.06016688134205864
2001-03-30,0.629853594451961,0.0717868527494124,0.575387760360043,0.3986331253501941,0.05010712626399612
2001-04-02,0.5911356574221462,-0.4750889238421363,0.628815187770917,0.18622437897161342,0.024028271720637942
2001-04-03,0.5715641450482274,-0.3185979846588565,0.5500843106658959,0.35445632830264706,0.06029574822028147
2001-04-04,0.6417161020165048,-0.22091286845087016,0.575510471853669,0.387639641931729,0.08971794176579734
2001-04-05,0.6529635565905165,-0.12507862915927562,0.6141687198029975,0.2979770785189983,0.016215614094784694
2001-04-06,0.598152467117555,0.24062767177747318,0.5266051673292417,0.42011585179941646,0.06670838008722914
2001-04-09,0.6147210077569435,0.33492331798528663,0.6094706747143399,0.49922191847808434,0.03275015487307892
2001-04-10,0.6106850039735026,0.020498497407850112,0.6105861244139859,0.5155478475680704,0.030893590450481147
2001-04-11,0.5769243809150274,0.03611261898183852,0.6283973616861054,0.4358915111674402,0.07361489224751719
2001-04-12,0.6289680209312453,-0.2306590290930982,0.5958367901863907,0.3694221737647096,0.013279400545897902
2001-04-16,0.5872851869879401,-0.15697683817866115,0.5525024979174914,0.3943148112035702,0.008686603379558256
2001-04-17,0.6737843479475975,-0.18660044826204944,0.5967270418522831,0.42889721725276114,0.046059544879402795
2001-04-18,0.5965547839568516,-0.2658914628829158,0.5719153284362816,0.5297519062301942,0.052701201513591915
2001-04-19,0.5896023858912128,0.09963885702814175,0.6324726995459977,0.4449080784668329,0.012652798485832851
2001-04-20,0.6460743500707065,-0.2517004860620881,0.7159184623126941,0.33389182733425526,0.04021188917191654
2001-04-23,0.5566139735505911,-0.15569146638090522,0.6036482356987365,0.44613219329004583,0.07475276213655462
2001-04-24,0.7148808256551072,-0.19602573413282431,0.6228956770550036,0.3678869379725494,0.07456110304229344
2001-04-25,0.5821720595293763,0.02006754661392701,0.5232882806318199,0.28078544864761956,0.0753498894937698
2001-04-26,0.7061794154283734,0.23684753827376862,0.6513038039512965,0.49188666738300657,0.014410880026864737
2001-04-27,0.5643971854455494,0.16824598542535704,0.5733682868541112,0.27178391147839476,0.030429250427449386
2001-04-30,0.601060694398204,-0.3500353340651028,0.563176548333582,0.25127925494096415,0.03592424626274652
2001-05-01,0.6530851493204084,-0.34018963694522664,0.5981408642250214,0.4965195330159019,0.06268719356248499
2001-05-02,0.671632787985312,-0.08398658804720069,0.5977948235596815,0.2315526558425991,0.07562230364739952
2001-05-03,0.5656887111431874,0.16229191539153187,0.6229515093364013,0.5163717693233771,0.03516063305392741
2001-05-04,0.6202770678921575,0.1241572029279102,0.5736649028336779,0.32974767516068537,0.0007196800799424308
2001-05-07,0.558496152549921,-0.27784665046725565,0.6647766484367782,0.5680533436288032,0.022471497944006127
2001-05-08,0.5023272476908787,-0.18371091708508153,0.6227165814371045,0.5641768486251748,0.021919189628814163
2001-05-09,0.549138626427758,-0.13059463358510223,0.4930325894688638,0.4039826766383462,0.020302304150223795
2001-05-10,0.6757873612255798,0.3124587197510429,0.7010985682637532,0.4530555819903159,0.06789758706126087
2001-05-11,0.6341651779268744,-0.2724365687529604,0.637176141692525,0.24968330087905094,0.02184644172422594
2001-05-14,0.6189860430865688,0.17338124066831254,0.5239700348123935,0.2822155011749652,0.05811601949287466
2001-05-15,0.5458204685850568,-0.10385328907124076,0.6335864161873234,0.4029843359724294,0.0937866590687193
2001-05-16,0.5789394255559754,-0.31118470704899825,0.6294227814085641,0.412312388396486,0.022992900411724606
2001-05-17,0.6500032439103219,-0.0036866720822321545,0.581489704297512,0.5711392510830902,0.09119950190686427
2001-05-18,0.6226187498127581,0.14013788229564925,0.4735027611353245,0.588739670291717,0.014491446293106836
2001-05-21,0.6914938039010754,0.35684002544382754,0.5875613449944415,0.2980473865963318,0.03898345903664328
2001-05-22,0.5845425320689362,-0.3373974830249241,0.501505353814161,0.3777784039162591,0.0800884414986841
2001-05-23,0.5765971968395728,-0.07177098610232102,0.6520294481066234,0.6161404905412299,0.008909135077139696
2001-05-24,0.6071491888505253,0.22667195036586418,0.5342124119227881,0.39707139856535784,0.05589073479473664
2001-05-25,0.5641915208605611,-0.11664111239917088,0.5455345704898362,0.32184558493887905,0.09498670263072456
2001-05-29,0.6889745232469923,-0.17564582445989316,0.6082975100439281,0.4315311360293173,0.08805295624550932
2001-05-30,0.6177523488444899,-0.07196318363977294,0.48280818052610386,0.418741643857365,0.04624240232320986
2001-05-31,0.6940927774308374,0.2876071828656041,0.6135983462279051,0.41480227449191853,0.08673798267599415
2001-06-01,0.6079960870101679,0.08638436022572668,0.5518853224821404,0.28923617691049247,0.035395112745540816
2001-06-04,0.6446064518057941,-0.18499295420358425,0.5546359684903127,0.42875208295392503,0.03237815803687506
2001-06-05,0.7195821596495291,-0.041905791248396544,0.5414117865997136,0.33359549163591107,0.019859905083295916
2001-06-06,0.6286580241060066,0.34895997044390836,0.6030701953645211,0.39053186006615276,0.05180543563343485
2001-06-07,0.6174977955837495,0.08529861493020376,0.582265969314676,0.3853363291294122,0.04276784255335338
2001-06-08,0.6154509676224185,-0.07513917489111588,0.5754974887636036,0.4270941935635257,0.0068014046596215575
2001-06-11,0.6057990503735732,0.12891379609991496,0.6212802569555096,0.45359206612233843,0.04530753567811013
2001-06-12,0.6573653434973853,0.5950657808695167,0.6123782144326171,0.2854803832885389,0.007033241611306674
2001-06-13,0.5918231723735385,0.18776192639033853,0.5527420927341136,0.26943322716758855,0.08725944573069841
2001-06-14,0.5494004515139979,0.1245820976947837,0.5708258651398826,0.5714243865536022,0.05913239744755762
2001-06-15,0.6142433655697347,-0.21097481966892961,0.6432506569693943,0.31909121602409996,0.07899838220703219
2001-06-18,0.6450840190028803,-0.08691221315609327,0.5904816218160293,0.4499320464814545,0.03330397050745885
2001-06-19,0.5612784316508386,0.33237794412785215,0.5392179558655772,0.5340949596481174,0.0015603161741034488
2001-06-20,0.6102161225660985,0.08219177205651185,0.5556836801347826,0.5874268262358324,0.03426323205879028
2001-06-21,0.5586975391907747,0.14381409502677003,0.5913336365711113,0.47109292261202435,0.05174000804370327
2001-06-22,0.6431712814348021,-0.04265438467043792,0.5090520436712382,0.4764635504695973,0.03188663105782095
2001-06-25,0.6906795405136885,0.04401649380827989,0.44402465209984093,0.409831797088573,0.03249103540267816
2001-06-26,0.7257132811194913,-0.04446248698312936,0.6441727999735585,0.5613892983386848,0.033912420753194984
2001-06-27,0.6483772120052909,0.23231856684724878,0.5179852208932997,0.4784565681171584,0.0025511258564338336
2001-06-28,0.6564385549790325,0.08424993399424192,0.42960972562999167,0.5164316215917261,0.029057470632873464
2001-06-29,0.6632825172792047,-0.1306762709204496,0.5617683879414443,0.30623042608761086,0.010597787256565372
2001-07-02,0.5674793053609225,-0.10291135163079929,0.5591532667131472,0.2163829782470517,0.07894357827455249
2001-07-03,0.5849142138804501,-0.14870131022896235,0.5890362491252387,0.2917011946280746,0.037298695736142244
2001-07-05,0.6010731712441496,-0.24851561970035396,0.5583445475776027,0.29433111123873823,0.0017283572298223305
2001-07-06,0.6025534417743167,-0.2841017574707881,0.5921244567358577,0.3673824081954112,0.03358670887550513
2001-07-09,0.605412884761903,0.366938261311717,0.5373230772183694,0.42439939805961524,0.09231252737850006
2001-07-10,0.6109583067725477,0.06899241326772634,0.5443098614655694,0.32619719459919083,0.03807032348592992
2001-07-11,0.6336424285839081,0.27453780206034556,0.5529124389907788,0.512994777755211,0.010137998128692972
2001-07-12,0.6489216584277997,-0.34714146785734284,0.511111119327107,0.3631972342885343,0.01879531626701795
2001-07-13,0.6186111697549439,-0.06094008082230032,0.5708060171690735,0.44575329579212597,0.07817224807956531
2001-07-16,0.6161920026349605,0.03400555672147516,0.48495512745884883,0.2947834440465107,0.04000283417187692
2001-07-17,0.5948843766647145,-0.27804441520210954,0.5261593136762465,0.2701382586103706,0.009878177662237099
2001-07-18,0.6678011119485249,-0.05638130677635424,0.5402694957057252,0.33003909747470384,0.09543489139347816
2001-07-19,0.629297337534361,-0.23949871011257945,0.5239180636566424,0.46068494235366275,0.054958322941956066
2001-07-20,0.5257566673479401,0.08029397326478105,0.5109152625801333,0.2524475900565163,0.03267729496081273
2001-07-23,0.6294578674497233,0.019193087915966925,0.6118560496669129,0.40046978288576124,0.08555172624846183
2001-07-24,0.6554943960885586,0.011672917001610427,0.48815330524018363,0.28496065139464294,0.08319372342805571
2001-07-25,0.7093072325318259,0.2665651956930439,0.610324618574502,0.38606396677578264,0.017743079849552302
2001-07-26,0.6060274836273647,0.014895001738700762,0.47970217123031983,0.32776143782534656,0.023823479834563812
2001-07-27,0.6520084120829338,-0.09429494868728514,0.5903024421806513,0.34299437596839727,0.03505182299966826
2001-07-30,0.6274477514074818,0.08322229617975896,0.5242997916228918,0.5566046191918098,0.09259243645363285
2001-07-31,0.6401028036682513,0.09806077995639934,0.4840411770220268,0.5388708151240319,0.08834740326646673
2001-08-01,0.6714413593243106,0.2178994327357564,0.6130229929995956,0.3031696236928421,0.09745258240830744
2001-08-02,0.5101321622310474,-0.025599247926424314,0.4393285633389643,0.31662885963398624,0.09290679527813969
2001-08-03,0.6306079314247277,0.14356729005912122,0.4379811817353703,0.40344539678656705,0.06281355926583775
2001-08-06,0.5597671662071254,0.10330012547475032,0.5799258086726247,0.5999615230545818,0.09081881100624076
2001-08-07,0.6581307422026311,0.07131375101406266,0.4906645843996459,0.2911349695082065,0.036236042193433814
2001-08-08,0.5608948009974674,0.32926127767657687,0.5848068879947633,0.6012942652639252,0.060105294631558254
2001-08-09,0.6193785885690561,-0.10684316423127196,0.5381167342515749,0.40268360533545233,0.03655805037918789
2001-08-10,0.5906833963338697,0.08066352635853406,0.5332992852713332,0.46995790769567586,0.011078498850993369
2001-08-13,0.6419675394531916,-0.28151990341929034,0.5244517953110475,0.12203948213307364,0.08456072224752176
2001-08-14,0.5903367097983048,0.3729133161317487,0.5175999863032472,0.48068640325796186,0.06136177437662496
2001-08-15,0.6320281792076315,0.4226372969457877,0.5774207132904566,0.3397345001770903,0.07942936713768482
2001-08-16,0.5774274405161773,-0.21873970987760624,0.507523201075578,0.5300922937066229,0.08971849441921816
2001-08-17,0.5870282000865448,0.2306907708241704,0.5268620233901216,0.5727846915814827,0.0006343014906509681
2001-08-20,0.5327996522924012,0.08721795493327728,0.50367844692501,0.4401597026417703,0.007956209245068225
2001-08-21,0.6908442012253326,0.03321865611435989,0.4526665400772262,0.5522606386185851,0.020190333104377258
2001-08-22,0.7239498979292299,0.06902311974956474,0.5263024260220174,0.31709379945342564,0.004769057847238023
2001-08-23,0.6135707282058388,0.0707794999484929,0.4624592886079536,0.2730492944960853,0.05332416126804247
2001-08-24,0.5987894900975679,0.0724132966085135,0.5966012184339446,0.468898228244217,0.01590883601788915
2001-08-27,0.5941460296291335,-0.22464731026083415,0.5594879259210987,0.4246961952511245,0.06766429598935962
2001-08-28,0.6211424048787311,-0.027009447352641144,0.5050811488861942,0.28905707514651224,0.090993577061658
2001-08-29,0.6537219227961126,0.20804074197099529,0.49124807264009335,0.41119318192792115,0.06099159161280818
2001-08-30,0.629515979184186,-0.23606711399817082,0.47567846710891215,0.3509905555445502,0.04957217764707468
2001-08-31,0.6722929334287672,-0.19660346786953561,0.5145220165413251,0.43838523289142933,0.014001088457310074
2001-09-04,0.6032482908614767,-0.13179719198286796,0.5386665778439736,0.36559648025887964,0.049798024546802225
2001-09-05,0.627929959943249,-0.23730696388623668,0.5714712280819382,0.4115881007374329,0.06289586961299763
2001-09-06,0.5783435585925278,-0.08426126565043361,0.4565485373826846,0.6047233308623767,0.08906629028857241
2001-09-07,0.6457481979356495,0.12164709206030853,0.5341086508463734,0.3699002428724487,0.07718130756714903
2001-09-10,0.5859163733657113,-0.11025643119843348,0.5112668608522858,0.45962354774292113,0.07361674388093917
2001-09-17,0.5953711651288289,0.1251659748230521,0.4853435279612358,0.26342076439622053,0.0074745220068994644
2001-09-18,0.6167816055619514,0.1424236085467278,0.4972154456927278,0.4937767482255317,0.046376789437610345
2001-09-19,0.610368820851259,0.059353501671093316,0.4460355401608217,0.522728630516284,0.013536257131806784
2001-09-20,0.6139666537182108,0.2861751229643889,0.5225966355979369,0.4692199838589693,0.054627708305727975
2001-09-21,0.5202746262035636,0.24550002041514374,0.44554024856028107,0.4963830710971716,0.07897087347821964
2001-09-24,0.6357144498153221,0.4287574303595119,0.4848578164681844,0.38516730516186193,0.08524179151379209
2001-09-25,0.6072906004394596,-0.15842718080552015,0.4769655241849716,0.18054290208265047,0.03909472091413138
2001-09-26,0.6164488303840501,-0.18012695442801333,0.5366723430621411,0.38904768169417,0.07322913320290934
2001-09-27,0.5678490218888275,-0.11629423867430069,0.48567395084028797,0.27056016251933834,0.05542542867971088
2001-09-28,0.555580826430426,-0.1747868622281483,0.48846590663662515,0.3453988484247408,0.08108584938031821
2001-10-01,0.6037876037740219,-0.25763290831197816,0.5709698433273258,0.3830580590488751,0.012699445034998869
2001-10-02,0.5961002327140962,-0.08478850456440733,0.4896323149547088,0.42989394042774987,0.053844165730323225
2001-10-03,0.5891543816528027,-0.17785441052532985,0.4773878964563018,0.4872204862947795,0.04017932964791507
2001-10-04,0.5580236045211752,-0.18217836734828213,0.4726542460417549,0.3207066691589492,0.08976771385183653
2001-10-05,0.5739023393266915,-0.01783892214870934,0.5710328398750317,0.4417261053532283,0.059097821515211806
2001-10-08,0.6606302485659155,0.20285178496260892,0.5125274981105675,0.3726689384030593,0.02687469214239009
2001-10-09,0.6605049528127553,-0.10555038051900821,0.5362826959142852,0.4527072102436455,0.016188725919954006
2001-10-10,0.6599461091561821,-0.1416344711741738,0.5646178701132674,0.3031310265693038,0.0003642314987661655
2001-10-11,0.6775375640075435,-0.010054992776397433,0.5472912292524522,0.4848013960272418,0.09219876554624021
2001-10-12,0.6117653381428497,-0.0802318818327556,0.4710040031685679,0.37783133055760737,0.06524023678464996
2001-10-15,0.5991547784258874,0.00950120296191162,0.4862432559417329,0.4067260064767713,0.055059646095126424
2001-10-16,0.6307040245831973,0.31425993782836903,0.5965866142079519,0.5100680145605359,0.02830645219373964
2001-10-17,0.6212729801689578,0.12237488987657952,0.42024837955214756,0.4197769078464867,0.09585273208726046
2001-10-18,0.6692761486684572,0.17477530207300895,0.43136550123540573,0.3710113444400175,0.038982821528700674
2001-10-19,0.6314980621169327,0.11073846403259519,0.5062368293913927,0.3836313851368471,0.03310356693881659
2001-10-22,0.5690364529299399,-0.0007033201800181921,0.44809874932619687,0.4100384800419458,0.08857337882347355
2001-10-23,0.6303080333817773,-0.08632368243015875,0.5216774144890348,0.4154969043689661,0.04456472036143644
2001-10-24,0.5895462717182209,-0.03338732609768209,0.5724169084894707,0.3060464177089261,0.017653765359029516
2001-10-25,0.5977404061067935,0.08113222743050574,0.5279956622884994,0.47045083276043637,0.08996476095009269
2001-10-26,0.5564509971856011,-0.2624622184385078,0.5203131612265659,0.4505526016873211,0.06942913349404771
2001-10-29,0.5796375582191845,-0.06958545237495822,0.46921492573386514,0.4394299392033312,0.0771823701882727
2001-10-30,0.5794339984452107,0.10514684546733791,0.5489150692272622,0.2639176080026228,0.08892402843923666
2001-10-31,0.5636669022588582,-0.17285292323737667,0.5026485950032773,0.4466069193614023,0.07300972314081929
2001-11-01,0.5699574181493504,-0.2153980641486255,0.4721192691633141,0.33665096005899153,0.04096430203439608
2001-11-02,0.6062030094837008,-0.3741334048662693,0.47017786311564036,0.4270757442545919,0.06113768719312525
2001-11-05,0.6225077470709192,0.08098618863683354,0.5582128745016579,0.19213732093767746,0.07293397907903121
2001-11-06,0.5536550439576696,-0.0438292738760279,0.5742722703356198,0.31089180162898006,0.08993910137152385
2001-11-07,0.6872666421013387,0.14563544882332644,0.5975914571999122,0.3386221854841399,0.0011198353446097876
2001-11-08,0.6154980137171772,0.2115156586828606,0.47649028838793683,0.2619010340460066,0.06857469471208764
2001-11-09,0.5707980511954566,-0.10435033929933897,0.538827483748515,0.3566450081469953,0.08274521171148021
2001-11-12,0.6142442878595511,-0.08720828957848112,0.5246513129713841,0.4131118398490929,0.020175501358532567
2001-11-13,0.5426874934658475,-0.26520196816338526,0.4793745634828701,0.4352034229562433,0.08489424085193871
2001-11-14,0.5854029692951459,-0.1590679193320084,0.5276132676443757,0.26140941262300477,0.03426865812523368
2001-11-15,0.7414068454006035,-0.10770999447829717,0.5479239828892134,0.5135821575977657,0.03550920657185263
2001-11-16,0.6353757511688827,-0.028614919036520053,0.5222490946162252,0.5028773566370467,0.006524994675374741
2001-11-19,0.5743384669120172,-0.1066365641670926,0.5025947729219712,0.3286039050937417,0.07842342788759743
2001-11-20,0.5856525643187573,0.021338580626136572,0.5215949555312122,0.39195970975861877,0.04322315711377788
2001-11-21,0.5933567597215959,-0.11390899534326603,0.48058836454925036,0.5258634949097402,0.05085732781572743
2001-11-23,0.6460719654327121,-0.13412779801824928,0.5054467533985937,0.37509944634814346,0.05116985347113101
2001-11-26,0.623574299245277,0.1304497605637784,0.45607954380797633,0.17080090877892765,0.021749551484011354
2001-11-27,0.5139458939821597,0.2686683289818758,0.5645924857761337,0.4049182283492059,0.07825453914860753
2001-11-28,0.5830074510467673,0.16728059691227237,0.6317306690669696,0.31720971525804,0.03854586700412757
2001-11-29,0.5732695065296338,-0.3166562356723765,0.5140710414396178,0.49140481682772996,0.020358888014713875
2001-11-30,0.6497990187320982,0.1081394484427619,0.5193918749250059,0.3532171061340301,0.02257124447498512
2001-12-03,0.6495133521602785,0.38069363603896506,0.36097858230731733,0.38849985629257794,0.048019399312603274
2001-12-04,0.6378176135393196,0.17969484085765897,0.6396348774338406,0.2889572645807027,0.021074472300983273
2001-12-05,0.6526385050738505,0.1527146718744592,0.5044230531596933,0.3525568668154248,0.07579151983196766
2001-12-06,0.6269755451470131,0.15714227756874086,0.6391656469053717,0.379720046417823,0.07132470919229811
2001-12-07,0.58768675186684,-0.3378221945233276,0.49156801278962203,0.28249335264010367,0.06122402409013551
2001-12-10,0.6044904342741046,-0.2591350236583346,0.5512438638903494,0.410399928168902,0.002544699356871849
2001-12-11,0.5994124382254423,-0.07174959251818716,0.6330832335640879,0.39846300524806444,0.02183233872485696
2001-12-12,0.5949598470051813,-0.2089469031137627,0.6013766270187876,0.606954593415728,0.016559306602584034
2001-12-13,0.629620238508847,0.018843892152520327,0.5677984059579994,0.34625152036970364,0.06623430961657677
2001-12-14,0.56234734614935,-0.12974119532710077,0.5620975199231149,0.3404199621803277,0.07402514683604226
2001-12-17,0.562426346207586,0.07787355293615249,0.5883519413796969,0.2495322734961703,0.05370516098497782
2001-12-18,0.7258220306527905,-0.02466346656753137,0.5086249775242937,0.30533534827182285,0.07629756293940623
2001-12-19,0.6926110753573516,-0.11233841440676978,0.5769605142155195,0.34723475463808195,0.04581333091994713
2001-12-20,0.5686194595547689,0.2772586372150683,0.5757541936168539,0.515460215826448,0.04453279919393602
2001-12-21,0.6693708346555184,0.22854410294058264,0.4363901091311535,0.23458510103117935,0.05241946730608457
2001-12-24,0.6985801286458184,-0.22759205997946783,0.5128299188820452,0.3869007102813414,0.06167436086300432
2001-12-26,0.5428862877613841,-0.14997711809087083,0.5800298180637543,0.4043638095791347,0.06261079747281621
2001-12-27,0.6836984466554992,0.046160448174318594,0.5376258627839089,0.5312763692774684,0.046172411838724704
2001-12-28,0.5453519774968563,0.21068160228416122,0.6170825132892986,0.2615395876658808,0.011884689956994888
2001-12-31,0.5245604483677371,0.08027179420296632,0.5834754227345049,0.409665432548562,0.09939585394704611
2002-01-02,0.6180514191318304,-0.17289545924341612,0.5534502285917933,0.3042769540038107,0.09949877813973351
2002-01-03,0.5439865871689256,0.06173175675851661,0.5449058057954077,0.5379027950019492,0.08647362201805955
2002-01-04,0.6428935936385436,-0.18288971927035785,0.5364759864037051,0.35884206798037777,0.09995124198525758
2002-01-07,0.5296365707712529,-0.044085863370432174,0.565987972030745,0.6160635883655479,0.0412064823352025
2002-01-08,0.649568305317427,-0.10387257233492718,0.4616683983062517,0.4526643694557711,0.06196244260904123
2002-01-09,0.6105274120096411,0.09399970531906199,0.6049231852100583,0.42025726269373015,0.0825577242644855
2002-01-10,0.64183975820131,0.020499693140312136,0.5403888266567952,0.5171672301765553,0.061863399477669626
2002-01-11,0.6226633349408384,0.07383989684434637,0.546950283148165,0.3820272571883074,0.09683766812363642
2002-01-14,0.5918939324913091,-0.10335839134844392,0.5681251701875043,0.2443725938602354,0.047056121375526165
2002-01-15,0.5278949519572715,-0.1440332728658282,0.5814719763768657,0.36066768016988904,0.05492907718151553
2002-01-16,0.6226303095869773,0.39839145269940235,0.5583312767306159,0.31152039930065856,0.06563654340949468
2002-01-17,0.639760063301242,-0.25137106200092635,0.6226686450607196,0.4066055296445579,0.007330235967748001
2002-01-18,0.4967546014322879,-0.18659663758581801,0.6450266673094496,0.3327853147239813,0.0018005257604792103
2002-01-22,0.5692559822764544,-0.02427307019838784,0.5365228726491293,0.23931729848002256,0.08950648269069904
2002-01-23,0.630603311546698,-0.03520449851383664,0.6110114729125932,0.5542331842293374,0.06007594856919092
2002-01-24,0.5933372024168155,0.08424854518584793,0.5987023310393862,0.55280094159893,0.006637349646197366
2002-01-25,0.643023945765681,-0.3985228471868761,0.648899867713136,0.3555267949081521,0.004564583388318089
2002-01-28,0.6104396332156702,-0.009745522588278446,0.5891142979574074,0.35100914164044333,0.05286708300877544
2002-01-29,0.6452030371678822,0.04534420971374754,0.5821509696746029,0.2753699076889411,0.03860445953232977
2002-01-30,0.5813103720922015,-0.2151376781197194,0.6572684516036781,0.3780249076061893,0.024205111667857195
2002-01-31,0.65791036406193,0.38194982949784606,0.601206310313983,0.36877687812744864,0.09198861103182505
2002-02-01,0.6665318903058836,-0.09145030231760165,0.5430275402036804,0.5604764960746049,0.026125478828469696
2002-02-04,0.6590378863336815,-0.16969650374379824,0.5480302782735587,0.35059024632000535,0.07538493108798977
2002-02-05,0.6215739774359298,-0.07861626567280222,0.6462535100615666,0.3812238189471938,0.02758117620665638
2002-02-06,0.5768133554471879,0.1727089882590533,0.5159397802900092,0.3788139643069952,0.035913503614511136
2002-02-07,0.6413898078856242,-0.018083864508285363,0.5600718585750839,0.6077617602365168,0.062374084987043714
2002-02-08,0.6434517051525718,0.23922573215012607,0.5741326616425311,0.4374827740429215,0.005114529272887892
2002-02-11,0.6520202919106413,-0.21462821417743908,0.5695700342610743,0.4232797094276309,0.09294635744846978
2002-02-12,0.5587154846840929,-0.01447606020780733,0.6208210151223937,0.4245439996323606,0.0033006259346211597
2002-02-13,0.618792912176024,0.33274318165008193,0.5989819387809591,0.41591538778400133,0.02217924531077068
2002-02-14,0.655206537624663,0.07611098960040226,0.6148258251756145,0.39463347583435154,0.06264633523899962
2002-02-15,0.6110613830000096,-0.3125436833309662,0.5225202453395896,0.34863582112787406,0.015257835594853131
2002-02-19,0.5149925363623008,0.30222114103176967,0.6189296680329842,0.4110207942562581,0.02769830101142975
2002-02-20,0.6327203292307286,-0.21007431501932455,0.5905027166410131,0.34542880655473396,0.03848994448041968
2002-02-21,0.5478459129529702,-0.011423857002789894,0.5967065262739781,0.16942446562025718,0.00014762198267451732
2002-02-22,0.5858705532892072,0.19391946375491,0.5071904004948161,0.3321626839274805,0.0520393035921973
2002-02-25,0.6261790630420687,-0.1085522748771985,0.5734027626780861,0.4764694931992512,0.035731235130743715
2002-02-26,0.6038538895802427,0.01592061053752514,0.6854273030452115,0.364896636204532,0.025711545949911943
2002-02-27,0.6804832245734328,0.19323968144531778,0.6101497944265254,0.27067005224017243,0.07770002252961311
2002-02-28,0.6672224741077707,0.014268721783345262,0.657781903917293,0.32959396549328424,0.09020871171155254
2002-03-01,0.49926409794014004,0.22285142982375972,0.5875794684973714,0.4170698359459671,0.061815383080474955
2002-03-04,0.5900316003081645,-0.055680389505336395,0.5761278421881061,0.3646200852912748,0.05132355035676267
2002-03-05,0.6177846425819263,0.34709259334049625,0.5718483528858345,0.35423936104226267,0.0523260285680656
2002-03-06,0.6053968370655152,-0.26195922735014376,0.5958269548086464,0.5369383632418199,0.025572831759330297
2002-03-07,0.6456009070110064,0.0016239603368390686,0.5225678408886636,0.41276918608860363,0.027705350533215645
2002-03-08,0.7097179212530547,-0.2503624392315981,0.5381010257646759,0.32456826659042776,0.0005192763148185842
2002-03-11,0.7204676795635409,-0.1284410773599666,0.6171148896482151,0.4299001969954169,0.014700502282188777
2002-03-12,0.5774326999946062,0.1927283196370265,0.5963187216467867,0.35350222469553,0.030606016751495227
2002-03-13,0.7149639062400444,0.0388213964877044,0.5413354605176645,0.3482574288480852,0.05733464893863294
2002-03-14,0.5954392803108444,0.018488096868113753,0.6340808505730707,0.2671914189765053,0.05930783617050949
2002-03-15,0.650680235070526,-0.00995096385287335,0.530983334550371,0.4589830391404047,0.09821095082069753
2002-03-18,0.587606019097827,-0.11209105047534917,0.6307311356977635,0.323511938337204,0.03881271209311752
2002-03-19,0.638933251768965,0.1317255392178751,0.5732279953390058,0.38562911585567106,0.08920462938092905
2002-03-20,0.717737930730815,-0.22061579552763544,0.6272991596748774,0.5427771461497752,0.05787973244266895
2002-03-21,0.6056793693103476,0.19872448117663255,0.6337048297441649,0.3646036563652462,0.010687958426164124
2002-03-22,0.5116830343720153,-0.0811515448347185,0.5191133364103925,0.35059763790769266,0.06992828441669602
2002-03-25,0.5259888006674281,-0.08467561146293831,0.5759219951006698,0.39265886611175543,0.07499916036999703
2002-03-26,0.7109321570071788,-0.10319970555670338,0.6166175692087458,0.34901959412770106,0.026038472359554213
2002-03-27,0.6474560259987919,-0.18596383753434786,0.6249326413112203,0.43140435908624947,0.008689527965032506
2002-03-28,0.6099143692538834,-0.09703183684321193,0.5965091023055257,0.3050292852049157,0.03757924753978641
2002-04-01,0.5740885758202696,0.33730588834129616,0.6977883052380635,0.38532444402860394,0.01850595415563864
2002-04-02,0.6393459670167968,0.0959173539007385,0.5437470697294516,0.2989367827913784,0.07197208064376243
2002-04-03,0.649227031429299,-0.28324044846466717,0.6564440309060073,0.48732941254840484,0.0775014050264536
2002-04-04,0.6402806600027536,0.26205676328982574,0.5697863435198334,0.4244722013246802,0.09850547581161906
2002-04-05,0.6839954108571027,-0.2509276500715944,0.5795406971677256,0.5072575730807887,0.05326489783985621
2002-04-08,0.5637137004381363,0.04124424611640536,0.6220729852708923,0.3612479440571438,0.0738746222360834
2002-04-09,0.7263967210938441,0.20502300630465184,0.6102132978800291,0.3118541660754542,0.05349887815913887
2002-04-10,0.6014703477143084,0.19681681884060964,0.5514960354407061,0.46736489653217284,0.0021670528173489026
2002-04-11,0.6085499861710115,0.31228759646261295,0.6148966300827519,0.36364061352692556,0.042836683854709824
2002-04-12,0.6075166119580251,0.3467722586976035,0.5658439797715382,0.4379471461590404,0.05034082356283276
2002-04-15,0.6079996083295773,0.398334076733792,0.6756866022868695,0.5444482251889439,0.023520335909162228
2002-04-16,0.6530114144075454,-0.11174278410771502,0.5146939825289818,0.5904797314184567,0.06468433823342312
2002-04-17,0.6354079861307564,-0.13520342514759834,0.5064616068694936,0.22751302292344955,0.025359927203518973
2002-04-18,0.45980899013918697,0.07304626652620276,0.5358538356726661,0.2959796315977754,0.005713035338323092
2002-04-19,0.6181256920003749,0.15239787224849238,0.593740387061907,0.38153694344825345,0.09408801452572531
2002-04-22,0.6470809107441634,-0.2288503168161968,0.6100660972638359,0.40327317439005134,0.04539947803231725
2002-04-23,0.643122205522557,-0.16712203530328465,0.5876562140452334,0.4839379145719043,0.012933362031534024
2002-04-24,0.6306247516116559,-0.16599441082341315,0.5693072612890187,0.35475933500627066,0.061926086975793895
2002-04-25,0.6867471568995587,-0.1735783928315635,0.5944069328769316,0.32199497284376777,0.07761407669086136
2002-04-26,0.7189192074072748,-0.005912151747548317,0.6867280088492733,0.4347998625543213,0.07176122714993464
2002-04-29,0.5446729728382266,-0.03185515244936154,0.5968818274585882,0.4113612423720422,0.07612310256675982
2002-04-30,0.5799040729430156,-0.16272315007111962,0.6298561446672434,0.3587468095450731,0.08924649175624288
2002-05-01,0.6432893501836608,0.04398554120011554,0.6329801575383677,0.41790014859597324,0.020421556633381067
2002-05-02,0.6312938013162026,-0.48810752627845133,0.5570556410863392,0.3952940517453535,0.011639110372648254
2002-05-03,0.5113501504592868,-0.10568761295367364,0.5919886350099778,0.47620313608478226,0.06889485878815797
2002-05-06,0.5920622728215187,0.08859237420386566,0.6003635562504539,0.305291333525093,0.05712411177546568
2002-05-07,0.6793044553158847,0.051378124862730634,0.5788415970136158,0.5024338237468926,0.011234915839296634
2002-05-08,0.542238794305915,0.1359109199421485,0.4778085580392008,0.42962475403700373,0.031328065587197064
2002-05-09,0.5723667789176422,-0.10212053615605939,0.6579489074798951,0.2852642905682148,0.056490552055512726
2002-05-10,0.6187530053841405,0.278378263034809,0.5939703347215045,0.35790648327869834,0.04812594241736273
2002-05-13,0.6071715722265892,0.21043780360279984,0.5102398075113376,0.29769876950545165,0.025303303571303504
2002-05-14,0.6301782839856505,-0.02159831382944802,0.5438567214850637,0.3002736261017852,0.0509142738848947
2002-05-15,0.581368035427012,-0.09431258936917013,0.5809887428214265,0.33597073602806543,0.03853927949714589
2002-05-16,0.6361291251066303,-0.1137423823674924,0.5993776552613503,0.487409020785189,0.05292846274928486
2002-05-17,0.6255339301869959,0.36311232152315087,0.6043017512168978,0.41272013132559265,0.08764590878940079
2002-05-20,0.5765621005248619,0.27083169387170614,0.5259001462737616,0.26911629464117487,0.01863299513232799
2002-05-21,0.5894992420819265,-0.13302786241157447,0.572863337707224,0.604124021232231,0.014319953256724461
2002-05-22,0.5625034072733381,0.09641137014043992,0.5027334262745776,0.45052755221010665,0.010378259370317833
2002-05-23,0.5792810610862474,-0.06367410671468617,0.6709335690884426,0.4571234868209394,0.03466914685577669
2002-05-24,0.535244176066193,0.021398049393479,0.6095022825572276,0.369648671134264,0.015489162554118231
2002-05-28,0.6534520171139592,0.043243623473529856,0.5732362834456592,0.2967360248643162,0.030671475754852864
2002-05-29,0.6134260306583583,0.10035765588125359,0.5384414055888138,0.3341351279806264,0.036960896403155356
2002-05-30,0.7244397295703114,0.445983149026924,0.6025562546194899,0.47201827696992327,0.02954687210010422
2002-05-31,0.5801397599595959,-0.3740538163738858,0.5000487436761143,0.3581228250221858,0.03859509430288194
2002-06-03,0.6004158509698464,-0.15336122637732516,0.6074792717655824,0.4095568387864414,0.03274480083545801
2002-06-04,0.6272307805470635,0.07897806626692085,0.5832675562672829,0.5976562553242676,0.06603864876779357
2002-06-05,0.5933463901128718,-0.02430125643462675,0.6175527937582566,0.3978844881985092,0.08820621727685268
2002-06-06,0.6455521017654003,-0.04911910175280397,0.49459019477445115,0.28827759802995395,0.03180411132235544
2002-06-07,0.7616269305352648,0.21563191013548597,0.5376054200180606,0.44938554939459735,0.04110777397447635
2002-06-10,0.5611100459912197,-0.0772249862103796,0.5039990909092372,0.31485255533267487,0.004223289003205666
2002-06-11,0.6130601755971303,-0.2547737037303459,0.5266055791815085,0.4554477809635654,0.05260896598197115
2002-06-12,0.5738586244197601,0.03315586110639215,0.5622205915333393,0.4390900110856253,0.059388949674517744
2002-06-13,0.6378704893731872,0.09851369180094709,0.5941961768405948,0.42566297082641874,0.017693633786164786
2002-06-14,0.6697470991137247,0.06034237859642538,0.5854698831303645,0.44802642927371994,0.021988342238171334
2002-06-17,0.6819317443052447,0.29069500244049123,0.5991013157557002,0.40479287153908555,0.07349594776138964
2002-06-18,0.6302879582166604,-0.023538323357529155,0.5701617544150143,0.37764950247830115,0.06103897977414389
2002-06-19,0.6013338211513962,-0.08901785935847724,0.5612676785697317,0.491956556466206,0.04558675430811174
2002-06-20,0.6312703512843018,-0.025885715217180322,0.4962857181113327,0.4655191221134814,0.09774704608403531
2002-06-21,0.646570185428042,-0.19354303116851793,0.5866707369058494,0.30198396539028455,0.004907832244176203
2002-06-24,0.6031658305930335,-0.4010942551708209,0.5664404740800308,0.3487798017750711,0.050114331156171615
2002-06-25,0.6200481117254439,-0.044360610928526965,0.538495429315795,0.3333205111914864,0.023957805181268166
2002-06-26,0.5782770552827738,-0.013012715319359203,0.6788385854553316,0.4328314403450729,0.09615044386505722
2002-06-27,0.591055138230436,-0.12833521037186282,0.5407074000567643,0.5239132126794819,0.05068298808808439
2002-06-28,0.6677727399433171,-0.012433001130465356,0.6258321419549487,0.24546976724865688,0.04547472974193378
2002-07-01,0.5847365987719465,-0.2824777607778247,0.4735227437732399,0.3761124323386182,0.09979028444630621
2002-07-02,0.6030172870121031,0.1236929964100083,0.6226450550389279,0.4064454624896368,0.07331814163640901
2002-07-03,0.5868131296515312,-0.20994117350508243,0.43262395024377687,0.3164071420950145,0.028052845612786505
2002-07-05,0.6871417115534413,-0.005869692641078863,0.5174822050582513,0.29803621500883737,0.06470889473589168
2002-07-08,0.5397117767654749,-0.21231235429708872,0.625313103059182,0.4591462245287198,0.0223584091010002
2002-07-09,0.644046585036101,0.42306365240933214,0.5187387467396962,0.41819784917637204,0.08339886257610166
2002-07-10,0.5554574566220536,0.1271419713479366,0.5629276835816377,0.33095625628300396,0.010122434879498154
2002-07-11,0.6531893864376755,-0.033189822357819025,0.5441856539549238,0.3455386001870038,0.00600464429739015
2002-07-12,0.5305480982211611,0.01291750968957162,0.5280804598219102,0.29957121091199584,0.0038546164453898803
2002-07-15,0.5889433609132085,0.07701358608753132,0.5486358803939327,0.5759582871398334,0.049846068483995365
2002-07-16,0.639507532855986,-0.0987667377387286,0.5542379686691187,0.4473114862540215,0.03223635299245682
2002-07-17,0.6308791427354343,0.23574439152445714,0.5405535338545815,0.4679428995198366,0.018316106371300912
2002-07-18,0.6958316022393412,-0.04094906276319171,0.5014096246136903,0.3706150751762227,0.021622141323288824
2002-07-19,0.6189189291303876,0.3250014754745123,0.5700667823469298,0.5665867995050227,0.07734709946792187
2002-07-22,0.6090780758985916,0.3076115912723538,0.5603829284252068,0.4833995629410029,0.03221473385925311
2002-07-23,0.6140688238000428,-0.13977366999241203,0.5406694335807154,0.20756845969757112,0.03391551270556703
2002-07-24,0.6722370306986785,-0.27689527098322186,0.553825425574281,0.5206109452417188,0.022846157687813742
2002-07-25,0.6799361691036493,-0.1550216075327393,0.47473707545536886,0.28184697980968443,0.09652535742522261
2002-07-26,0.6056759500684101,0.08877108012763306,0.6179094176142317,0.4070764689519495,0.06455604326380547
2002-07-29,0.629982251431011,0.15287560869270597,0.582265805281271,0.33317818983605296,0.06759558327423158
2002-07-30,0.6058666754410542,0.09712129646713104,0.4876248812099438,0.31994483386094974,0.055421586057080696
2002-07-31,0.5528808488565164,-0.24437989166946297,0.5548990660443431,0.3060453779817532,0.08603597623048301
2002-08-01,0.6257502829405807,-0.18219286546586827,0.5367382715477615,0.4537900084383071,0.05348804546908886
2002-08-02,0.6340585452531986,-0.06335184169041828,0.4797807030951127,0.4780709532402186,0.055477817561208835
2002-08-05,0.6919202701120808,0.05628878877518694,0.5209873981891782,0.40217948937349585,0.019127185829081163
2002-08-06,0.6095550286379985,0.22218708934638487,0.4987906367270283,0.3669803794748535,0.0390279039690821
2002-08-07,0.669099684196444,0.01018190696696119,0.6054237677847767,0.3220039966637454,0.03597065959469201
2002-08-08,0.5325100547139263,0.10251472894604373,0.5103448632340136,0.4350088341760525,0.0684517575238444
2002-08-09,0.6901837697175806,0.002028016292248691,0.5315381140825429,0.29057290918408785,0.009547596255660774
2002-08-12,0.5785654936807878,-0.15815710127522684,0.6058086136138408,0.6707771757345291,0.06087535721486023
2002-08-13,0.6101397041568483,-0.18440028652708657,0.5309695114806021,0.4138661721305754,0.006809579347684714
2002-08-14,0.6750916737848078,-0.2010433408437251,0.5259139872737734,0.3617691961094574,0.04512296390471128
2002-08-15,0.558259662700553,-0.05634920779818421,0.45991884737394617,0.3181130047430771,0.024806213829776314
2002-08-16,0.5628448214267908,0.5505957218730458,0.5263071293399679,0.481256061433346,0.030366953805216836
2002-08-19,0.5354625189516907,-0.1635391156655419,0.5089692993064489,0.5145414257742547,0.0443088756472932
2002-08-20,0.581153872050527,0.22287461201339412,0.4141509540200508,0.3659649173202007,0.07505157622664377
2002-08-21,0.6578444431903565,-0.05858563033525686,0.5481517337513844,0.4914424652346401,0.09254407134006865
2002-08-22,0.6634011640275566,-0.4103133073541872,0.4620755536412484,0.28480891260776675,0.0019425805793442776
2002-08-23,0.6629546800633472,-0.002655844277203891,0.6139518922383831,0.5567088543565109,0.03610271806919542
2002-08-26,0.6526682336459863,-0.012250321736486061,0.4806112896108969,0.376844794566283,0.08222261580467782
2002-08-27,0.6361499161808446,0.10476557871577113,0.4632550873652642,0.3484747199036425,0.013750733813297923
2002-08-28,0.6029324317552414,0.032195175125275,0.5150873018652726,0.5566309116909621,0.09145679657366973
2002-08-29,0.5974762468771968,-0.3026631115146847,0.4147866844580459,0.19534184059929682,0.05896202998628789
2002-08-30,0.5461862083184481,0.0857393930016145,0.5081397151636137,0.5131944842501204,0.021129897903144026
2002-09-03,0.6605444822469392,-0.3106360101793048,0.5100991337061144,0.35871829209321476,0.03657461021794905
2002-09-04,0.6055473804641349,-0.008585067738634043,0.48761751013929505,0.3229998495710821,0.016042266376972147
2002-09-05,0.6427682094526501,0.20367761554596664,0.5229164562938245,0.4430537285709827,0.08589735023601913
2002-09-06,0.6338193288320013,0.13843053680507267,0.49110127167095435,0.33554668483776207,0.05046868530002405
2002-09-09,0.5462115071334366,0.38955794927971804,0.5444738017043502,0.3497013382838402,0.0695622809216707
2002-09-10,0.583528202024566,-0.0365103639005395,0.5339497108443791,0.49167856804837695,0.09166521329607918
2002-09-11,0.6855078713038787,0.20882889330198712,0.4999971233672184,0.35995063335144806,0.08145137547504305
2002-09-12,0.6303371029323442,-0.22050819929601517,0.4930358588733352,0.4528269139461621,0.03651694621392603
2002-09-13,0.609538429447071,-0.24079229061519727,0.48645262000373823,0.47529595358916127,0.002515193734335275
2002-09-16,0.6158151603790436,-0.10676627074276977,0.4714668067250662,0.37328700060847037,0.08660606120406933
2002-09-17,0.5553279664920431,0.03938975795901972,0.519072874447486,0.38402222714835244,0.006303582807402098
2002-09-18,0.6365375788716052,0.4375278024836939,0.4664606504800695,0.3129059391621609,0.052075687903636536
2002-09-19,0.6143327462675303,-0.32245558695637966,0.4936040272962492,0.37146176159501054,0.03724401235874315
2002-09-20,0.650420375374437,0.12881944374265902,0.4666431125125242,0.37200314994999123,0.06846826287504724
2002-09-23,0.6411668181152781,-0.105711593080533,0.5337135988529824,0.43215908022115623,0.08980797898328235
2002-09-24,0.6624023764903914,0.398194035173051,0.43676180243318896,0.29546937205273577,0.08022921435234343
2002-09-25,0.6030183981819558,-0.42053353957996537,0.57595797011618,0.4815741294929,0.028490711000981373
2002-09-26,0.625369296001229,-0.13425752022327875,0.521172299865862,0.38601185183102804,0.06305811766047349
2002-09-27,0.6550721676524424,0.047971823741372606,0.48979781066274286,0.3596238147725238,0.07715754947259568
2002-09-30,0.6770144241663445,-0.17880262698284802,0.5468654836417813,0.404608067282653,0.08519162024429133
2002-10-01,0.6072733027249528,0.12869114514053823,0.5552631294699285,0.4226926854706625,0.01257959496803337
2002-10-02,0.6081206726526298,0.3063189097879628,0.5574788178749563,0.6414125371017907,0.044644411634896276
2002-10-03,0.6175342066235167,0.2148470207946975,0.529032792627224,0.49032210480140115,0.07574605316946584
2002-10-04,0.5495554296656164,0.24315711574770238,0.4888306471643142,0.3084958641810176,0.018605367026967825
2002-10-07,0.6088429938054393,0.08093799539552622,0.44028906642016086,0.4246973857032846,0.05730283296762859
2002-10-08,0.626128733898257,0.04986239237215648,0.48981191289244497,0.3712584615877735,0.06236675017189163
2002-10-09,0.5364639783100589,0.2543471855930413,0.4782583929307892,0.5535853868883304,0.017887288805924172
2002-10-10,0.6736842756038969,-0.05030818976270495,0.5220263949023598,0.3821384425787918,0.08339484516772094
2002-10-11,0.648129893896044,-0.09753806959798712,0.5287300023918379,0.5244179453068849,0.055826904939720035
2002-10-14,0.5431058794718415,0.07724410898826885,0.5869299989305587,0.40812235291010834,0.046216444667790596
2002-10-15,0.6778357305068947,0.11824806365685035,0.49838539587568337,0.29872965630973614,0.08404923497227378
2002-10-16,0.5837992126933763,0.216588400177003,0.594194541842839,0.3675344120964076,0.09429569953496625
2002-10-17,0.631196919209549,0.15638356804208758,0.43771110526145096,0.2624540462351751,0.021659854924052948
2002-10-18,0.7005314221333271,-0.2244646911650232,0.5900921967927416,0.45943474819489244,0.08807108713196624
2002-10-21,0.6673772146506273,-0.023285040538108277,0.5170713338222684,0.46568841203154815,0.075814118524265
2002-10-22,0.5980681183704613,-0.05027253183407583,0.464001480654586,0.3271141353850451,0.009785916211644798
2002-10-23,0.5659390349347581,-0.22016897424653298,0.5064090000900215,0.3705471405314509,0.03154625267766103
2002-10-24,0.665296571222292,0.005047850956217015,0.4877423194115668,0.5007734237437412,0.023051469735753782
2002-10-25,0.5682530738472666,0.3483096000617664,0.434556577969696,0.3956170784296881,0.025722628982744612
2002-10-28,0.5166330464172634,-0.10203442107772401,0.4980496808434741,0.2850088491499357,0.0750810554975216
2002-10-29,0.6160826842343423,0.040053000238574006,0.5066416309023226,0.36800783684780847,0.02587362694497798
2002-10-30,0.6342779157383708,0.1925381163895521,0.566924518337531,0.4692307237799633,0.04622401644633444
2002-10-31,0.5866676028214837,-0.004605441089637964,0.5245614927468836,0.6690831431657265,0.04207394137951718
2002-11-01,0.6842039226510934,-0.22222811254025246,0.5154662280578666,0.6147516533760418,0.016288327777990497
2002-11-04,0.6130064415234526,0.2642876881348813,0.4603983942834182,0.3906233198142037,0.032632535903609004
2002-11-05,0.6884465475985672,-0.20047667564343172,0.48573880619339693,0.4122921020017492,0.0029280643328936542
2002-11-06,0.6594147904707239,-0.12066560396276396,0.536606345068916,0.43428400770450104,0.04279306145389714
2002-11-07,0.5898482503189815,-0.03173652617269523,0.5408247951725705,0.4204158928818394,0.01957907924914637
2002-11-08,0.6582882678218875,-0.07885673924396583,0.4805758831586677,0.37053836845541066,0.06956926753688912
2002-11-11,0.6485791965625605,-0.03883661667982024,0.5222155987825117,0.3525807167975413,0.02665359914405512
2002-11-12,0.5881122575613099,-0.23381780083919376,0.48451975544558645,0.583332578733127,0.0960463894966982
2002-11-13,0.6424500913375869,0.05328310671146631,0.5253192813889129,0.5439939669053043,0.06785311610864962
2002-11-14,0.6504623982278788,0.1026723452518005,0.5609581997802379,0.2874050894068951,0.06234034321469574
2002-11-15,0.6883553262565933,-0.014902066186168898,0.44697794313721484,0.28875810530014295,0.08865711318657851
2002-11-18,0.5874290848913799,-0.23040176261362177,0.5600455097027777,0.3014743471110061,0.0021634315655809535
2002-11-19,0.641055659830306,-0.23118477522456546,0.5201359445566963,0.45926135326541784,0.053567866185656704
2002-11-20,0.5622155515086765,0.1263812873356679,0.4805132067383576,0.35284078111908157,0.04002448139406051
2002-11-21,0.7004197296273564,-0.023743719677169494,0.5886231539129093,0.29356068759229836,0.08247043951428426
2002-11-22,0.6304239620696167,0.2324776494011156,0.5155986278943788,0.47891427082773264,0.07251934012888553
2002-11-25,0.5069265206940978,-0.19640819715413368,0.5208478505402717,0.3094191313114746,0.05322599204373684
2002-11-26,0.7333237499521391,0.1958442971192642,0.5751346646876088,0.2997497206245957,0.04938222245419227
2002-11-27,0.5492946601315456,-0.12416489091620722,0.4722881893810839,0.27646962160799693,0.04942054738052776
2002-11-29,0.6035935223288287,0.04778820603763925,0.48879933620149607,0.37110896298838525,0.0852669294331954
2002-12-02,0.628860918751886,0.2906545591681154,0.5357949618713845,0.450023692132556,0.04299759522554071
2002-12-03,0.5971357137021176,-0.0024861130371268345,0.5049487284780574,0.30147729270869306,0.04992223386736552
2002-12-04,0.6671700481355047,-0.1925515375736561,0.524252510635121,0.3137739557412789,0.07108239633701306
2002-12-05,0.6725090191977843,-0.25880265214564435,0.5747194418437203,0.554261130396372,0.030499993603814834
2002-12-06,0.6056426097800325,-0.1185033395552623,0.5794452528792805,0.34568813553121874,0.02946337684042094
2002-12-09,0.5498385293787645,-0.047314431535473926,0.5248647602024751,0.5416490599884429,0.03318647551662662
2002-12-10,0.5937885845768077,0.1579228358064785,0.6151052004392767,0.49064454598466667,0.06684825370160197
2002-12-11,0.5791814302257233,-0.1792354858741052,0.5519859866874144,0.48676796122588145,0.00492685012277796
2002-12-12,0.6013422786335952,-0.04649151869917439,0.5392765546488274,0.47846790119009786,0.01564601144561615
2002-12-13,0.5268671886457666,-0.36084576745667385,0.5816954049090398,0.5150319519228636,0.028956828511475775
2002-12-16,0.6388587286602857,-0.031643149233413694,0.5467858689174289,0.24333928602992957,0.05691349910760102
2002-12-17,0.6305544936666773,-0.10919075309516312,0.5573863126127505,0.3305747856327302,0.007778778953988686
2002-12-18,0.57490401920769,-0.14400653990755996,0.5739883444272168,0.38146625207557017,0.08395116853179223
2002-12-19,0.6304594177137736,0.15417074342237697,0.5288425728477747,0.5027598779152893,0.07590594530195144
2002-12-20,0.655666345015431,0.0480150302319379,0.5001248265318337,0.5222591932264771,0.09928375180020274
2002-12-23,0.7016732859123418,0.050401833447991685,0.5414193081566357,0.437140660532782,0.07677683220979928
2002-12-24,0.5637231482361814,-0.07607490689465954,0.4779282753317246,0.5291282638346537,0.0740167325209196
2002-12-26,0.6011156511101213,0.07332434856725566,0.6220202456283372,0.2763356826293677,0.01666851399151743
2002-12-27,0.6094274133787168,-0.1584056129211547,0.6032353770558073,0.37728383270880816,0.005473558422209358
2002-12-30,0.5645738844766305,-0.01991150757427654,0.5056285176113671,0.26274164691934176,0.02439588450567494
2002-12-31,0.7194575292081504,-0.21869165609082356,0.6599266760053173,0.39294691729018355,0.061277558945083604
2003-01-02,0.6511153498098877,0.2399076880120845,0.5774499487186905,0.512887142900861,0.08933842293922432
2003-01-03,0.6327104616863651,-0.27503452324635663,0.4795686258969978,0.517100808152537,0.060959405266014115
2003-01-06,0.6971099219267282,0.10834123357459147,0.5839794325573202,0.5195019849960908,0.009473816971559391
2003-01-07,0.7267381410552737,0.4423325694376649,0.5745243454136764,0.49571513248793947,0.05433542315895448
2003-01-08,0.6485190857414587,0.25447350452715545,0.553307955731342,0.4800678508548969,0.04294518495574548
2003-01-09,0.6395449855238012,0.07518085602859015,0.5565432145512813,0.34718208946077883,0.055506129663463716
2003-01-10,0.6149760412051095,0.21326840483490972,0.5053634609657398,0.3972701029928187,0.07610373537764605
2003-01-13,0.6086365948927166,-0.0510787143008771,0.5755173864928762,0.451257446865573,0.012016475737693311
2003-01-14,0.7057826854612506,-0.21016223252738803,0.581406048471113,0.3895010508298332,0.036557325035884346
2003-01-15,0.6691727845131634,-0.0948735525359362,0.5737974195162814,0.22365966168994406,0.08796731731802189
2003-01-16,0.6165409605196692,-0.09469580616666673,0.5788408471170549,0.34273456734787877,0.029089163056801582
2003-01-17,0.6020131126293314,-0.24260745716190157,0.5157707419361854,0.49303506169498434,0.0878341176744026
2003-01-21,0.6600476629673502,0.030322093489332555,0.5502765973986947,0.2797386604721074,0.014642282854281208
2003-01-22,0.5898696294853412,0.10574573832112209,0.6267230144736424,0.3747277923436384,0.04875896163678459
2003-01-23,0.5523553854103683,0.01946107238257641,0.5562546986739377,0.35358715006986985,0.07215477408251603
2003-01-24,0.6166808387454106,0.3719063467294961,0.5921933621814485,0.1423650538192648,0.037406126930274675
2003-01-27,0.7164726427615955,-0.1687916269800365,0.5819418065911968,0.488304805873124,0.09756729612786788
2003-01-28,0.6783555371319714,-0.04382203693072119,0.6615455065575183,0.34346899266278075,0.0491367872307798
2003-01-29,0.5959526772265419,-0.2275389780177262,0.4877528371027705,0.28826101440274676,0.07499179808700783
2003-01-30,0.6275551930256117,0.22303623932242808,0.5469528435823888,0.46331833390941224,0.07074473817640924
2003-01-31,0.6111167847244221,0.18834720279015163,0.5516914084052208,0.314944683426725,0.026851201255457327
2003-02-03,0.6195567791771694,0.06829806880998346,0.5852447025916696,0.4275010984060734,0.04343510988500332
2003-02-04,0.5736366743414145,0.00606492683955883,0.6858702967300464,0.4579826873724157,0.05306977971965907
2003-02-05,0.6294554512233607,0.4146740482432694,0.5920361065052092,0.35971225339420215,0.04889167040833136
2003-02-06,0.6148917614688892,0.10429189595828935,0.5532849544499161,0.32860140152741996,0.09026461308650656
2003-02-07,0.6145001643559979,-0.1437791551038203,0.6007376187487756,0.36649796129372114,0.09505550484935003
2003-02-10,0.5967369643291139,0.2060032106904781,0.5570012916696694,0.4695202182289098,0.0429170571360549
2003-02-11,0.5792602253247129,0.08011492864531258,0.5736719533781841,0.3888624145261822,0.0569484642004332
2003-02-12,0.6312745646059102,0.11674199918566602,0.5528684976829921,0.45512391922690426,0.05782399482331503
2003-02-13,0.5931858652136506,0.09346413390744558,0.4898568260937346,0.32795888849486393,0.011199111782318128
2003-02-14,0.7372078690443665,0.06326372064985315,0.6304877297024986,0.28360741153184116,0.08273587185879955
2003-02-18,0.596197322192262,0.1918812581365477,0.6155024489034492,0.44739017103216305,0.06546273179731153
2003-02-19,0.6189642041945769,-0.0497408436715925,0.617034931065657,0.5093533383580279,0.08785134424185775
2003-02-20,0.6821370238616745,-0.09948418245496074,0.6180133625155809,0.46723453464774367,0.0017179023349462531
2003-02-21,0.6108859989541101,0.04479600840497733,0.6744983966711504,0.458449469833716,0.0010689408553937296
2003-02-24,0.6206119944806489,0.13730462731237433,0.656212598613561,0.40452873260433214,0.033136041885381676
2003-02-25,0.6759834493472662,-0.2961988240418485,0.6159255307244512,0.5417712178061134,0.08804537205207125
2003-02-26,0.5521335274873588,-0.16211817915578783,0.6142553316588255,0.37328980017614444,0.051328934804008325
2003-02-27,0.5732695599345352,0.15427643910597733,0.660458592660882,0.3103779712203002,0.08542214394933147
2003-02-28,0.5774460026316778,-0.3388866743758281,0.6632210671188461,0.44161722106643564,0.04199952210201333
2003-03-03,0.6405284163131788,-0.23257916016404212,0.6987691794508105,0.3182104070334689,0.019124611697387585
2003-03-04,0.5986461924049846,0.5080541112523457,0.5264556738740833,0.4361404547247958,0.06998032328548875
2003-03-05,0.5053288823169261,0.09348989104184478,0.6794814033935517,0.4819757579481794,0.09852817202253976
2003-03-06,0.6185654443765094,-0.32089837206278854,0.539711393254858,0.422323085619687,0.08496007880830315
2003-03-07,0.6782210785206728,-0.10268451585906178,0.5823965930044281,0.3068713292503865,0.06202508258123906
2003-03-10,0.6682912256593054,0.09839472638478186,0.6614927664911386,0.3428425233822904,0.0978322545273899
2003-03-11,0.5577192622221542,0.01305326386350473,0.5576792322302062,0.6113467701002816,0.05886300243452546
2003-03-12,0.6465876162983398,0.33891247369541305,0.5193820203346934,0.49733607126487156,0.011442878183987782
2003-03-13,0.6142121973647412,-0.26389007114986457,0.7478700395793212,0.40662547535553784,0.010897451325993346
2003-03-14,0.6009876109246046,-0.057177199065887564,0.6292992038295842,0.5066462799165664,0.009279822727167463
2003-03-17,0.7042791743015395,-0.23052027974169623,0.6257275214739332,0.4038878612782858,0.0486563283835335
2003-03-18,0.6299149238719385,0.28167001000842257,0.6160138727549226,0.21083387391441621,0.0785834286905454
2003-03-19,0.6119401398867272,0.09736028160715138,0.5862847100680044,0.3489220695833484,0.026067466431008657
2003-03-20,0.6803840429667204,0.11908688451802033,0.6377688432069102,0.29481510623891527,0.05180341681863281
2003-03-21,0.5594085883026112,0.0014679583999164438,0.639634780725708,0.45723229725631565,0.04178611948967138
2003-03-24,0.7055381108178634,0.15166194264586721,0.5573206984096712,0.36968430411733616,0.06239867827086847
2003-03-25,0.6800673678889354,-0.15564667514197936,0.5266814899224878,0.36391410949987457,0.07658013753602494
2003-03-26,0.6082451681826582,0.27280234128926434,0.6169785717731836,0.5016385773107175,0.07335282519016856
2003-03-27,0.6514548541205608,0.5670910803782231,0.6681539211958877,0.20036934371382978,0.061796327814795805
2003-03-28,0.6987600251809603,-0.12835492405120208,0.5390951149255541,0.36382100110542676,0.04834247349003839
2003-03-31,0.6406299313554935,-0.21142044868878745,0.6403649003963078,0.43547273907791745,0.0271361305290181
2003-04-01,0.5996322899507246,-0.1123239393451865,0.4588908663353648,0.40570826265610893,0.03758544376119036
2003-04-02,0.6545427472462846,0.3282413290337152,0.6187280672670482,0.4362812784531742,0.01289937338873648
2003-04-03,0.6459191064146184,-0.009866169722132813,0.6075895682640255,0.3981343767045354,0.04032836915699592
2003-04-04,0.6302863859600181,0.043922929361623154,0.578592654334852,0.19996946896354292,0.006634230000176856
2003-04-07,0.6025087799957227,-0.12226356369924495,0.622889382340062,0.501299860032733,0.04345563569085288
2003-04-08,0.6528054684510571,-0.06111268597681621,0.5431828858839737,0.48980423263850725,0.021855292910768865
2003-04-09,0.7002356209736694,-0.22268124995589855,0.5547431109457635,0.5038517195319023,0.03501362293167883
2003-04-10,0.5494302346356537,0.01584784364217127,0.6692699311058292,0.4753724658126749,0.08099779763467044
2003-04-11,0.6161573858927774,0.1482705663109368,0.5322553330427482,0.3744573480188035,0.015284329438258215
2003-04-14,0.6100240742110563,0.004601362782329776,0.5482543143689995,0.32536146310191805,0.05565640997940662
2003-04-15,0.6963270024010135,0.16933938923347383,0.5851032017141208,0.469857576153939,0.037677694090854544
2003-04-16,0.7351700619247266,0.13277149788676026,0.6037162586592077,0.3508597490476716,0.04256299702805967
2003-04-17,0.6642542382350373,0.14583405607725722,0.6190935927555711,0.3820377832540241,0.022060786701751434
2003-04-21,0.6959855056984237,-0.022484058081646035,0.6122520548561855,0.37777246743233317,0.09343732337479581
2003-04-22,0.6761604986054415,0.053697843790025734,0.5791549715509777,0.30678751003113863,0.023133679032402654
2003-04-23,0.5801307928176828,-0.02954264060217547,0.5780351359519864,0.41924558564927905,0.01975356758214939
2003-04-24,0.5799885257003327,0.12429219867787462,0.6331149344555802,0.5495252786525475,0.034417092648994584
2003-04-25,0.6984825370218571,-0.22670007085441976,0.5569540093175016,0.4056946515446334,0.03756163284962203
2003-04-28,0.6080628931781022,-0.15745489673907942,0.6585593806740803,0.5690903773620426,0.03772078115673638
2003-04-29,0.6154724998445136,0.2547302894881391,0.5575571137589233,0.3277117604008697,0.08784288363818067
2003-04-30,0.6297880214182289,-0.21192978302157517,0.672747729418881,0.3306148629853298,0.003920689868856564
2003-05-01,0.5905545640167305,-0.22020147436053988,0.5906802606184199,0.5136500650725013,0.06060983143303891
2003-05-02,0.6914758144835681,0.08054860140370007,0.5317506289754506,0.3618276246253801,0.03745462798641939
2003-05-05,0.6339521324829033,0.21648709670498578,0.658806177322591,0.2960926308864229,0.032025521621473374
2003-05-06,0.701475049493622,-0.004041684465324965,0.658193906736493,0.38462974251171717,0.09526392969578704
2003-05-07,0.6173778889643848,0.02939979114642438,0.5616994149819049,0.39069447208678537,0.08993050055991814
2003-05-08,0.5666197974573748,0.10235322154523069,0.6310784412235505,0.34004304501632787,0.0843092245459164
2003-05-09,0.6951061712777342,-0.11386830196714358,0.5544553185870347,0.4305389005591881,0.0945654245111784
2003-05-12,0.679768591655594,-0.09388934146476724,0.5571811044661472,0.42302273274446395,0.015365765685128497
2003-05-13,0.625558324986434,0.07463364418908663,0.6590136783588457,0.42226210222974686,0.03611667626437981
2003-05-14,0.645932851518479,-0.32578153040233226,0.6394922776169726,0.4444927053195145,0.026452650880473074
2003-05-15,0.6352507539223712,0.06311010834943742,0.5935867642085207,0.3041034052033622,0.09804850866515938
2003-05-16,0.5305489059222065,-0.2551106574596011,0.6251171863707429,0.39308593033675293,0.041983594547807604
2003-05-19,0.5662086567683031,0.3016630117483272,0.5330052629508274,0.45752834420117194,0.08119978456187783
2003-05-20,0.6240169402929444,0.06191756876383327,0.6286991290590093,0.563822192957661,0.008678893917607745
2003-05-21,0.6463638444677715,0.12335496617933413,0.640927333890523,0.42962405530568915,0.06901308989765634
2003-05-22,0.665848869880018,0.34008385640458894,0.5696000910570147,0.37419509310386295,0.04106722771022292
2003-05-23,0.6497859444844033,-0.10586741305960906,0.5339267223647087,0.6032979286149537,0.005512541160606555
2003-05-27,0.6259403496224893,-0.09153897196974713,0.6080171354139801,0.36837698792885804,0.008659573348288286
2003-05-28,0.7016991666094792,-0.47336422064190115,0.49781115982427354,0.39661215976971365,0.0971745850969072
2003-05-29,0.6337792292017755,0.40985859231884014,0.5884606625411573,0.37131539282827103,0.021266816047064308
2003-05-30,0.5873866671893314,0.11827693518038547,0.5068447085602816,0.2596004842988998,0.09650397742166868
2003-06-02,0.6728934702640839,0.13428005214495178,0.5525122590512482,0.47926021382521033,0.0008709167986012068
2003-06-03,0.6218012290262565,-0.1648332110135298,0.5548064486285406,0.4230605286159217,0.04821410240636455
2003-06-04,0.5907278652446821,-0.27892241765959075,0.5872878604931155,0.40678455588816814,0.006219886373956607
2003-06-05,0.5872487076246289,-0.16766358790941616,0.5451570291303496,0.4529060749425968,0.04792625762159968
2003-06-06,0.6828917200994491,0.17812017041422604,0.569780295245096,0.33253690144107556,0.020437769888445124
2003-06-09,0.5898872008159403,0.258884745998119,0.6135573973149433,0.3097578098080708,0.03760124903381427
2003-06-10,0.5903085736756011,0.07755771597935386,0.5782224958360855,0.36986239913250013,0.05136476563248839
2003-06-11,0.6592114677017141,-0.44097251695708284,0.5914654968705559,0.5916725943893488,0.018014866220150094
2003-06-12,0.6002775397400173,0.3499421301526264,0.6160109523942767,0.48688377768398533,0.009506326762055973
2003-06-13,0.5881042754506994,-0.15142437671276862,0.6376508585889852,0.32860359940004424,0.03622099622589686
2003-06-16,0.6911888262638014,-0.22718563446389073,0.607227751238788,0.4586212618198601,0.07738937451583115
2003-06-17,0.5547174300849733,0.13378778117691464,0.5091408655988398,0.4193739958943349,0.01744995677445962
2003-06-18,0.6600967472198371,0.21990639743477725,0.5587921557777374,0.467575970067138,0.0020586263028649298
2003-06-19,0.5452063856764704,0.04960132936701992,0.5357096559785524,0.48093508772034566,0.01181292654782381
2003-06-20,0.5186933839493906,0.11876957847175527,0.5793103999472481,0.4804746154376842,0.01074413180358217
2003-06-23,0.6434276508916541,-0.23260746048872677,0.625642767278084,0.4921783705158397,0.09827613673679197
2003-06-24,0.6523534283277466,0.4005175234105647,0.6448054568991932,0.3405299714596879,0.05926435354171681
2003-06-25,0.6012941065025116,0.31556164493908256,0.5348325751930345,0.32354865028888824,0.08713736775244191
2003-06-26,0.6363959446812273,0.07528231252202416,0.6056570972716311,0.43623686338149686,0.051707727209660506
2003-06-27,0.6220561401390133,0.013708018741258288,0.582589084848098,0.38328694454014467,0.019157593754483806
2003-06-30,0.7097889799431014,-0.15021967045231968,0.5635847006402794,0.42375829488514427,0.04732678271114093
2003-07-01,0.719506156866293,0.4947012596559887,0.5330741090243204,0.33921716398506085,0.010561651684735475
2003-07-02,0.609660207210742,-0.049855998346905815,0.5584224481082651,0.2647588315277375,0.0289137317553432
2003-07-03,0.695428761493161,-0.03587475860542502,0.6437327019542674,0.17423822532655753,0.0029948651448108102
2003-07-07,0.582556094555335,-0.014603160890443776,0.5231232776915544,0.2759010384190466,0.023204760359648413
2003-07-08,0.5880000871730143,0.07498286684298494,0.5417781667039425,0.4673842703851506,0.060048184245743125
2003-07-09,0.6488903253653909,-0.19807534570325033,0.5668013033353809,0.3638217319530933,0.027786124867117724
2003-07-10,0.7150190004544164,0.12300423941455602,0.5471134303464302,0.43772296011791434,0.08048128491172596
2003-07-11,0.6122180347123646,0.400706626953487,0.5498803259637822,0.320038867519594,0.03556341241456356
2003-07-14,0.5662170859656206,-0.02152052545421683,0.5496695304404005,0.38363869848958726,0.032072320442489456
2003-07-15,0.6707429947210868,-0.08140591301581895,0.5871631150813988,0.45560943580838215,0.07111051639252841
2003-07-16,0.621031240532091,-0.2725224015183418,0.5919876544050968,0.39595272392457065,0.0048971299258913975
2003-07-17,0.6421453081026396,-0.27385641986738807,0.466599346326371,0.4071725307037624,0.036848957930283
2003-07-18,0.6605531435029114,-0.18420474651506658,0.5747803606961532,0.5261447589595621,0.004451169179348058
2003-07-21,0.5936837389469732,0.04322741200789873,0.5779138439656155,0.4870406804230031,0.04937244916043526
2003-07-22,0.5815997075076116,-0.20611317178208557,0.6013697081393944,0.22623517103420618,0.06323774283241639
2003-07-23,0.6357688535109348,-0.18418616213334574,0.5500955465933288,0.38425549886969046,0.07977143996930842
2003-07-24,0.7377902192961422,0.15008253699836893,0.6248869849411802,0.4180470505469856,0.030006565529700616
2003-07-25,0.6560498318604013,0.05119416103766562,0.5356421295940781,0.43805177360099706,0.022954986023880866
2003-07-28,0.6943937958893438,-0.07111869362379666,0.5526205374570757,0.42723228415545866,0.05163603335461614
2003-07-29,0.5937691787343109,0.14479926071997595,0.5420692364096351,0.3995278180259116,0.007853315850040532
2003-07-30,0.5091949019402053,-0.029263748975721045,0.6031003552815828,0.3281612034454786,0.08640563987787003
2003-07-31,0.5827392254671182,-0.15244312247645037,0.4368590375255739,0.4280269187506529,0.08400694493587722
2003-08-01,0.5314406628480455,-0.1283438103802067,0.43189972960541656,0.3246664966477673,0.019053721423236705
2003-08-04,0.675093244548642,0.061176557834930416,0.4905077911157768,0.47419039806661895,0.06171649917407401
2003-08-05,0.6094683507556383,-0.2647684429385559,0.572794925173161,0.3132400943630032,0.07827074604479099
2003-08-06,0.6193561592525066,0.41281378982289,0.5488993909372665,0.5276472596397981,0.050040192910616524
2003-08-07,0.7293702944618133,0.2143155518108915,0.5624814911046737,0.4726199898172698,0.08607852686524682
2003-08-08,0.7074244651325522,-0.04119353421193139,0.4870051201928279,0.3663567528142778,0.012930429472634975
2003-08-11,0.6202356427971257,-0.20879972768885519,0.4988462907574598,0.45652049828417046,0.050589519295530294
2003-08-12,0.6575929008089915,-0.09762499850057937,0.50488017064981,0.616749311728139,0.008927241705140832
2003-08-13,0.5714801606988432,0.18992829928491312,0.572225023465003,0.4106611452321747,0.01832905293096906
2003-08-14,0.5895072644210027,0.15137018485451717,0.4676526542137128,0.3990202053731472,0.0450831166906768
2003-08-15,0.60899571296629,0.1986694102510927,0.5353221373614512,0.40961780454022567,0.07653049232035852
2003-08-18,0.6083275959108426,0.13257685347768663,0.49780209781635837,0.4842700257506568,0.0592716246127272
2003-08-19,0.5722314466323853,-0.0784878777949181,0.5285222784565998,0.6471534448474316,0.011868712553797634
2003-08-20,0.6419158391128401,-0.0989919655583974,0.5051538676791272,0.32755682057915,0.07464478823830498
2003-08-21,0.6578253510976794,-0.11978933516308932,0.5108087312062282,0.41701542736098207,0.01691294184732105
2003-08-22,0.633263203300381,0.04359880479375119,0.5591028465375617,0.2990420965673991,0.010648519982361793
2003-08-25,0.5966938772911938,-0.05975180944372377,0.4603930011996285,0.26716714481414117,0.09217151377980055
2003-08-26,0.6455362406740006,-0.19227350838078922,0.4672070420439006,0.3223444417631464,0.05828739700690319
2003-08-27,0.6001039703007309,-0.00032682092832368465,0.5543072474807771,0.40836220877482865,0.0909703399175453
2003-08-28,0.6036404248674764,0.04274631981898533,0.5202908089410637,0.4508208753434063,0.03309112042073697
2003-08-29,0.6371339283688755,-0.23597087111486667,0.5443366379914013,0.47648481141083276,0.08191760633370587
2003-09-02,0.6759052074345807,-0.007235883990541089,0.5613241317012012,0.4148497566961342,0.09721615061329716
2003-09-03,0.5218468749368529,0.2851349023756972,0.5252545616824862,0.2114868393995463,0.05268103461239562
2003-09-04,0.640801977685584,-0.14609244834978924,0.39535272278139866,0.4386995736648997,0.09173481533577009
2003-09-05,0.6229597149193556,0.04295185646804484,0.5750068983004389,0.23956784691876457,0.04723543332136637
2003-09-08,0.6322584921433231,0.4399055309164995,0.5477579897435826,0.35973265099094265,0.030654260685095903
2003-09-09,0.6225718894975245,0.35782868829290404,0.47434078703742716,0.14101697088817444,0.012401989760796352
2003-09-10,0.6290189442675086,0.008629048785761366,0.573585866795649,0.5019635088447826,0.08379216271470684
2003-09-11,0.5325960303494213,-0.019830984865066677,0.4938717456810496,0.43388119481649096,0.04916011816567722
2003-09-12,0.6547540735886996,-0.004460636547891693,0.589747950844794,0.26758964708541966,0.0037752312857588957
2003-09-15,0.6889035857951398,-0.29686388342280884,0.44095513746724496,0.459895939782486,0.036388384762238934
2003-09-16,0.6766143493124626,0.04411048243550709,0.5737847427010314,0.36285163573220164,0.06612691637400399
2003-09-17,0.6543542397514706,0.012653384232076643,0.5117942609644255,0.3800831947923857,0.049878565147363746
2003-09-18,0.6285172865589332,0.5079352738422632,0.4675964312660115,0.3535800801453902,0.09928247486806244
2003-09-19,0.5701636522366528,-0.07234514350115633,0.47934229475535356,0.5043541623602187,0.05536686986738043
2003-09-22,0.6276782607717952,0.09662541353851704,0.5108319068076494,0.4753840499767212,0.03446267045476941
2003-09-23,0.5763418134627285,0.22264649178842483,0.536162234384102,0.35448190894618486,0.0002683080249195835
2003-09-24,0.6558987332250572,0.07358351992850876,0.43075703728895953,0.37805870078087,0.09414323320878533
2003-09-25,0.569935739682082,0.15650569698099254,0.5670108972702153,0.37665249632967335,0.07193289277768271
2003-09-26,0.6097605122973457,0.2739156602177388,0.4607692038127077,0.4057219793785318,0.04900623589747412
2003-09-29,0.6097192112910976,0.0907419478889954,0.42762767775648935,0.25314571525308716,0.030972986214258893
2003-09-30,0.5110486821600884,-0.20609433885262765,0.47231397761774896,0.1871578766487018,0.038981921211247786
2003-10-01,0.659583386838983,-0.12312713845389232,0.4814314980198057,0.41392947755950266,0.07370954256123835
2003-10-02,0.7129223023689911,-0.19478302094535843,0.501608272382738,0.4496783259581754,0.07305499441376155
2003-10-03,0.6043029762815956,0.2485280876937045,0.49771024752395054,0.2384963993207785,0.0774482631457543
2003-10-06,0.6163328059773631,-0.4106302418704624,0.4314524012872594,0.5203648921228381,0.005470366174549913
2003-10-07,0.6531957188792067,-0.060016357181266425,0.479580559115523,0.23395097720850222,0.0645098326381104
2003-10-08,0.6858958371071457,-0.044471113596476736,0.5238696450059087,0.4036861395070949,0.061593097957030274
2003-10-09,0.6861688575363415,0.036246065349724015,0.5305435242226177,0.2549758312697248,0.09546655047265451
2003-10-10,0.5972435948055042,-0.35099141716032484,0.5567164310010568,0.1217964660207761,0.04598173859900237
2003-10-13,0.5849976251122352,0.293461328860571,0.4296910106349563,0.16608534287205234,0.09857435909420582
2003-10-14,0.6988453366242503,-0.08744856805450218,0.49892995181251365,0.3274417566519876,0.057232039052111765
2003-10-15,0.6627018058828336,0.21040135704065943,0.5347868984068779,0.5107081380303682,0.029573063002406932
2003-10-16,0.6885098713761769,-0.061229923903059924,0.5797878664220225,0.4619861848629308,0.07916918077727239
2003-10-17,0.6509514499673764,0.08492114888727886,0.5008616152868481,0.3202251294031351,0.06705205535338202
2003-10-20,0.6115151723364785,0.24457752864705704,0.4549448163447761,0.3381418711234855,0.052591247954989366
2003-10-21,0.5519674750712207,0.06993558297976334,0.4730057052910971,0.48203036786130404,0.013933169880931219
2003-10-22,0.553794283921576,0.05847853154777924,0.46703280052454776,0.3440704620532262,0.016140995997972953
2003-10-23,0.5992841247166634,-0.21490034541672898,0.6447605429891085,0.4142357931444924,0.009806069155460085
2003-10-24,0.5640892353686608,0.18920286902419367,0.48617048379530836,0.2055937004134741,0.09588032579749353
2003-10-27,0.5474452923885317,-0.17343697014140594,0.6324557666598053,0.5958006905133494,0.06450249419961633
2003-10-28,0.6600243385415532,0.25832064280213124,0.5000819024126497,0.30437679563771,0.09104604353720193
2003-10-29,0.5203326424806473,-0.1496831370799718,0.5435645311333833,0.44095233780346543,0.025354833005286306
2003-10-30,0.6977502204985782,0.04565433059074078,0.40211177792873104,0.44936609512202536,0.05374642799667802
2003-10-31,0.6336599279371017,0.04070325727870244,0.42059588729511155,0.2604100385917292,0.0573514022515364
2003-11-03,0.6711341458923926,0.24544403490358868,0.5369427824672983,0.44351622341237185,0.0012664816875371022
2003-11-04,0.6392307234496865,-0.10478903340688017,0.4946303933552203,0.3514826184784805,0.05881288739289852
2003-11-05,0.6206151250198528,0.08731294386072574,0.505790737734619,0.35981123135649973,0.0723038124504023
2003-11-06,0.6440502722350301,0.07475171176840617,0.49386762265763934,0.3373927881225582,0.01185856380831617
2003-11-07,0.6649076439005575,0.344516989621124,0.5642678999374919,0.3276398584492328,0.07601412433884541
2003-11-10,0.6601450712279899,0.21945187208833938,0.5108076926494186,0.38715096545659167,0.09156381888363135
2003-11-11,0.6053290000306767,0.31457774428728474,0.3985128762644489,0.39887724113336065,0.025043099315018403
2003-11-12,0.6956690387707959,-0.3091060748421748,0.5726366362523156,0.5392988115873013,0.07526940029587109
2003-11-13,0.653164423499015,-0.1355247071548108,0.5307890203574185,0.31448918402688636,0.02782358436797454
2003-11-14,0.6781338375176832,0.03666946409650365,0.5534510136644275,0.4192244769443893,0.006220617836078391
2003-11-17,0.6707449592753347,0.18986028278060432,0.5644829364640427,0.26019806853648264,0.09654690674749446
2003-11-18,0.6447145140004817,-0.19141216234601352,0.6448467129429308,0.4843276728606313,0.04730505077283689
2003-11-19,0.6998372217216597,-0.07775431369204396,0.6203921000633288,0.4725235617575202,0.0334422674763502
2003-11-20,0.6070748584534931,0.07126452143233024,0.5969132052718267,0.5482963497866765,0.06914685425518695
2003-11-21,0.6362601602878171,0.11427624204793717,0.5448410888628195,0.4497607617537593,0.057909229385455264
2003-11-24,0.5920325912469859,0.13519290766116623,0.5171817354989081,0.41780433929984867,0.04055092395093714
2003-11-25,0.6827821285005561,0.055415127967910496,0.44611192093977414,0.4795789074769691,0.05656146465882505
2003-11-26,0.556394691453102,0.10869936511958055,0.5165287892091632,0.35883601286027256,0.04409019711550086
2003-11-28,0.5197924274883783,-0.2291703672903248,0.5289996280439947,0.3887176152204792,0.04508078691790893
2003-12-01,0.6300498300462231,-0.34096118199089287,0.5175012401160559,0.2516952881650998,0.05508966302256248
2003-12-02,0.6981483864274114,0.34021039719482665,0.5029490688722907,0.3135227741649657,0.0756368162758977
2003-12-03,0.5982142891831559,0.023757026305988235,0.48465508744679253,0.5357659557258414,0.048999213200512384
2003-12-04,0.7183429828798313,0.0027522810659720096,0.5586451130060786,0.3518145759810972,0.05748627463234243
2003-12-05,0.7028772861466485,-0.20876998420032644,0.5826323749607484,0.35968093035463444,0.05208025052276023
2003-12-08,0.7130837831472269,-0.04242347441360212,0.4423651479471128,0.27771866778961374,0.007912806496695913
2003-12-09,0.6195195835410151,0.6317072682127863,0.5500775766127136,0.3995273429004126,0.052504769636883566
2003-12-10,0.6300158867557759,-0.23646099473279106,0.5650765180903531,0.5631892777454077,0.07027332384893986
2003-12-11,0.6400336607948829,0.015005274790643576,0.5292248363554356,0.44298788329123806,0.07921286112814435
2003-12-12,0.6451521962224633,-0.02719149474176165,0.6038356371081415,0.5262835989298624,0.0680098779165397
2003-12-15,0.6035723200543245,-0.12640223936447229,0.47680704424506776,0.24312626194019832,0.01187925928401349
2003-12-16,0.5987892476363228,-0.10836321243204744,0.6042231616586807,0.44015737336333716,0.011232193373831202
2003-12-17,0.6370149016081035,0.11589608937543955,0.5967873637684621,0.5064322892776084,0.03516420837431174
2003-12-18,0.6023469509873001,-0.030657122762573936,0.6137427637968392,0.5037116279403246,0.05893868118126525
2003-12-19,0.5854110459972797,0.21241718922871047,0.5968992655319666,0.2446902247559676,0.09388118211109632
2003-12-22,0.6291661702794098,0.09714153581283311,0.5557731713952502,0.3517273345325356,0.08212223114751299
2003-12-23,0.6606641065648643,0.11342428788959896,0.5275061178968425,0.31701409227976884,0.06950427760433914
2003-12-24,0.6141489400912012,-0.016484643083682842,0.5203086046005976,0.5802494111332227,0.06364194744370107
2003-12-26,0.6950979156365662,0.17635374151547725,0.5695044256743349,0.38739873573305594,0.06587219104563588
2003-12-29,0.6952737302554493,0.03571495483905148,0.5234498244603151,0.4390787299585105,0.040141572811972996
2003-12-30,0.6218378391639755,-0.04028271359641665,0.5855946053218933,0.36793881152908076,0.053884905341591016
2003-12-31,0.6667946707328863,-0.014544972973722581,0.6062721595008927,0.3503570775733239,0.03237100512933432
2004-01-02,0.6817368671692754,-0.15597814393889314,0.5706327793635076,0.4253497316629114,0.016340658241205064
2004-01-05,0.6067068824973266,-0.2901684922081553,0.45319380086003774,0.2520099863702321,0.027823851111153087
2004-01-06,0.6297514242067288,-0.11342295978643238,0.5763953324563796,0.4071339849127525,0.029575424694024244
2004-01-07,0.7111209625827615,-0.0896923409081965,0.505215867501113,0.36516180940393234,0.01969359088048439
2004-01-08,0.5913295950037875,0.16163393732239772,0.5985102397128232,0.5082119701714223,0.018469805728177715
2004-01-09,0.7452547587312929,0.38702133009772555,0.49076344682743744,0.3435761962665615,0.03903214218764234
2004-01-12,0.555163817452647,0.05722160073636221,0.5082030091702417,0.32683594288440854,0.004513107590769161
2004-01-13,0.6927671501275398,-0.31787509967966593,0.598623289396443,0.5596673227432944,0.05392996906186094
2004-01-14,0.6459970915350757,-0.1595301995328628,0.5785535946532812,0.4216603920023075,0.08508299249625231
2004-01-15,0.6452025133088144,-0.23479620217303895,0.496469628662253,0.3350331938173627,0.08303656895952133
2004-01-16,0.6827317851270992,-0.2642635441007356,0.5617168503726713,0.44111266416765116,0.05693919723074843
2004-01-20,0.7010863045280038,-0.15912648715026506,0.61271207381888,0.2850111332517463,0.027036494638079868
2004-01-21,0.5959258461425012,0.17153385944732968,0.5469364986740797,0.5067408500271633,0.06037056954075304
2004-01-22,0.5384381660091764,0.07781507451443796,0.5903043475514715,0.3439625092293961,0.04532802035338183
2004-01-23,0.6155746081310589,-0.17001897985733852,0.572113649184465,0.3620013896645127,0.065240100720082
2004-01-26,0.6844579052463442,0.22705159459873006,0.6089140040964204,0.39945696250223295,0.027672051536373667
2004-01-27,0.6013737544350252,-0.1040914591479195,0.5937982514132751,0.39456878398792383,0.02366913355813717
2004-01-28,0.6979247982497079,0.19412647979661568,0.5775381095348449,0.3412050669163862,0.0729512310538516
2004-01-29,0.6088980663291816,-0.1272463278268587,0.6381858203857164,0.37759006772413833,0.02829877968047836
2004-01-30,0.5975192127427249,0.06482036297323403,0.5076194966046712,0.23747166404717132,0.05067536742601825
2004-02-02,0.7113490228191148,0.0718552128007175,0.5826345923152856,0.3567049712460111,0.0729743641102949
2004-02-03,0.5986752012879724,0.16138361780518543,0.5445761596888479,0.43286710122891237,0.02401686144285056
2004-02-04,0.6475244967512995,0.0895505173224237,0.5645446761039435,0.22419216802140615,0.046554979620524586
2004-02-05,0.5603699535309871,-0.019604579007139408,0.5532496846953361,0.38577431937613343,0.09837784900773124
2004-02-06,0.6737249407903786,-0.08954889836897126,0.5542182747414613,0.3558162825487906,0.05729849109589661
2004-02-09,0.67477171967832,-0.061043495915803485,0.6302361517161881,0.4295469396467011,0.019751805494011
2004-02-10,0.7924578903773922,-0.033233865189599955,0.5113618872861018,0.39306309632729164,0.09843156324761435
2004-02-11,0.5914472888521338,-0.1734203319898011,0.5534553052736955,0.43719508401635954,0.05590581666754051
2004-02-12,0.5529123249184557,-0.10022051509502655,0.5697591655992007,0.3966269552856885,0.07733352256704573
2004-02-13,0.6015082559390217,-0.4707850914500935,0.612991552214436,0.4335108450520008,0.046958491315737705
2004-02-17,0.6611002724146108,-0.11959922666770424,0.5314853766296348,0.2564373956835824,0.05813336322265858
2004-02-18,0.6736670306933279,0.22963006440189512,0.7017666976477883,0.38967456728266736,0.0019405939326741506
2004-02-19,0.7294590073654401,0.16372463146971689,0.5792511157287952,0.354277813750868,0.036199568975876194
2004-02-20,0.5427531603735225,0.3653045383657445,0.5201894877356253,0.4213964281843726,0.03581844610825319
2004-02-23,0.5869716614983083,-0.10764852053779901,0.551815369612915,0.3069079932515305,0.06024263565368809
2004-02-24,0.6250558088726866,-0.09701831504838093,0.5175433485525643,0.5977469020117112,0.0026537180532162697
2004-02-25,0.5690676772233847,0.2582493525896858,0.5772443739474178,0.4450194884232925,0.011919911518838568
2004-02-26,0.6645876198681192,-0.04016665983458958,0.6272550959724046,0.21056252798028816,0.004969317668019524
2004-02-27,0.7047278701447174,0.007543426790357919,0.6511276769237994,0.5208579946489363,0.05513904468013079
2004-03-01,0.6673795572706166,0.008730757171952971,0.5958887381520677,0.3214901096161179,0.05544118209384663
2004-03-02,0.653853300234523,0.34884970422552114,0.666016395460816,0.4785592704234861,0.09535876471794198
2004-03-03,0.5865616845339308,0.23905586916554392,0.6744998718735371,0.21038848941558197,0.07256056004139225
2004-03-04,0.6321773773228045,0.06745200849278456,0.553308180909985,0.1802714203895684,0.051923958369349245
2004-03-05,0.637920141003793,-0.3837637065457757,0.674780249856688,0.24693039895298938,0.043344788944192095
2004-03-08,0.6198837170406216,-0.17734923218206539,0.4909030402507559,0.4829015487374745,0.01584004001718106
2004-03-09,0.6454019732162763,0.0883657423889444,0.5810271493826185,0.4163189599724033,0.07189043325758833
2004-03-10,0.5662610194413826,0.06616463603013936,0.5874936804644879,0.5511029799105266,0.01013960711582066
2004-03-11,0.6561905781143985,0.14110888265165833,0.622410167929341,0.34854672142573095,0.022137385714695923
2004-03-12,0.6250210983870165,0.003968898941727557,0.6088480666235428,0.4223200406463548,0.010661627802993257
2004-03-15,0.6478437872462729,0.31213943041474884,0.5530381515294205,0.4194866587605056,0.08392456204832716
2004-03-16,0.5891826544994069,0.045635374854842224,0.5367226525919581,0.4839287238190622,0.036809731365478236
2004-03-17,0.6481234398512992,0.023771503277857646,0.6406594784015001,0.34818976317787764,0.08982568666865005
2004-03-18,0.6414910485722103,-0.40172644173649036,0.587954050762521,0.4103879440137024,0.09571489128957997
2004-03-19,0.6032405666867281,-0.24632818632596787,0.6951558976348979,0.7149728726010064,0.006051476250138965
2004-03-22,0.5950451130540694,0.22614769149990976,0.5957784315328986,0.48958922730656756,0.03460162908590834
2004-03-23,0.6776972690405096,0.028002056676348842,0.6038859109336004,0.2364915144798806,0.019819283719701465
2004-03-24,0.618275300044856,0.3740110666964622,0.5399230995001503,0.6259341079437254,0.08679716181909862
2004-03-25,0.6412798384314901,-0.15245778212519906,0.5970168234361306,0.4630858979302134,0.03392109750204527
2004-03-26,0.6704367171220219,0.3328064633389898,0.602581547190027,0.380466305287692,0.002678149557298915
2004-03-29,0.6043448860078446,0.17690260515499853,0.5584396724496935,0.43675993315349776,0.08106363333002646
2004-03-30,0.6068908014254214,-0.16330750738589672,0.6596148315333145,0.3519953836629688,0.04406105360150029
2004-03-31,0.7095625851676017,0.1691722263643717,0.6382095789722362,0.5393669913055408,0.09853313614831676
2004-04-01,0.6583025046608025,0.08516058153506223,0.5511221827114599,0.2636363837760956,0.05459946550033762
2004-04-02,0.6890827465820115,-0.2264951751111565,0.7057014150334123,0.5840054822871877,0.05720593758953511
2004-04-05,0.6078779271538941,-0.0307451618602987,0.5798086911374005,0.44480772494502197,0.01756901161818525
2004-04-06,0.7334062840252739,-0.15465483674812228,0.628628294784968,0.4524828058737729,0.04382458254557429
2004-04-07,0.6301828878856814,-0.4168338988843139,0.6391649447972655,0.28318343632100684,0.00921128691741121
2004-04-08,0.6036327107096798,-0.19030700413742976,0.5775110377247232,0.30320692546719413,0.03989171990981688
2004-04-12,0.5817776220742071,0.057854953269264556,0.637702091561691,0.45853069330845503,0.023612822779856293
2004-04-13,0.6126085836806089,0.02445300894394794,0.6079621146012907,0.5097754098605742,0.047555010208249406
2004-04-14,0.6746887484688707,-0.32707042490170324,0.6258540046349281,0.3922053956024735,0.0839320074687801
2004-04-15,0.612003219860612,-0.035222953560060895,0.6381299704941936,0.4635402178762211,0.018450528316771776
2004-04-16,0.6780891418083662,0.10880755568759173,0.7557840866471535,0.48674137959990815,0.04988073786551446
2004-04-19,0.5410924522994489,-0.05079384433251996,0.5861828621765608,0.45465113579559624,0.0026583108822221483
2004-04-20,0.635200820755154,-0.24807295245232092,0.6578534961076596,0.36291935114788726,0.0085401910070806
2004-04-21,0.6440899511664143,-0.09999121541017941,0.6087114126143918,0.4156050521955089,0.040452124126795275
2004-04-22,0.5529364132667008,-0.2291298583345973,0.6249394293363828,0.2914972349606463,0.0914426801556876
2004-04-23,0.5573891816105054,0.32022704699243615,0.6140465945754032,0.3005661929584113,0.08114406617658973
2004-04-26,0.5874126910516834,-0.05815580831459362,0.621951283611849,0.3052731328323709,0.0643600626575208
2004-04-27,0.6532851941249149,0.12932240307332832,0.5864164097038137,0.385782877596301,0.014108410205600209
2004-04-28,0.5654671635578197,-0.3499925007931102,0.44808903170228764,0.6674990159478718,0.09997017548222886
2004-04-29,0.5676359347431393,-0.15550334868353163,0.6334894957580877,0.33168617162330155,0.015067120992324101
2004-04-30,0.7709640060837066,-0.09987069541537971,0.5885568069227634,0.2490962808107318,0.04878312454574683
2004-05-03,0.6867640488648205,0.02761513228110706,0.6201035123763291,0.28960037569601305,0.08930581620791565
2004-05-04,0.5473804963371641,0.08335534311409613,0.6906595451592983,0.2726181392761938,0.08416696689517639
2004-05-05,0.6209694694423551,0.397965868719113,0.582336809331127,0.20752823228633283,0.07900835613113816
2004-05-06,0.610289360917383,0.12227031003726702,0.7080194129321884,0.2961183910553764,0.03299575818782498
2004-05-07,0.7090160882814347,0.11950212311301803,0.6619822559352071,0.47998307862568107,0.08178553490654594
2004-05-10,0.6275146457215792,-0.10328040631329763,0.5578417769363245,0.20021639839887298,0.04261608132729827
2004-05-11,0.6631099053850438,-0.013824472167584043,0.6424049054831711,0.4439336811350765,0.02716343028157141
2004-05-12,0.5759124040659445,0.04907285473275414,0.6108219610211992,0.41195026867245627,0.09118810876643942
2004-05-13,0.6559823687651751,0.20162989235695475,0.6245465375772042,0.5409840853727168,0.051602034704528746
2004-05-14,0.5735573556618291,-0.2941957616513608,0.5205878812731575,0.32527755281106324,0.03278223541645512
2004-05-17,0.6331744632322251,0.2531042935297502,0.5978652687960875,0.4543631038031558,0.03242285537960782
2004-05-18,0.5970414931239175,-0.23160325412732072,0.5902790707540956,0.3186789366866542,0.02714833139293378
2004-05-19,0.586947870263095,0.018429299840093442,0.5734107363816612,0.4072449609703852,0.00814794344002373
2004-05-20,0.65593731894421,0.2786773345173781,0.5673255631237133,0.4825460662298251,0.026844692824295226
2004-05-21,0.6324672098096085,0.08622239079064527,0.5693760566575127,0.4091305716278103,0.07931193336852266
2004-05-24,0.6972083237888456,-0.021556944759746434,0.5952699102914846,0.42556643949242445,0.019463248532165602
2004-05-25,0.6291255385610455,0.01353364952534429,0.6003071168582689,0.3171900955818171,0.08837910332440346
2004-05-26,0.6283150800622541,-0.20473129825743058,0.6174581452239585,0.28876284614309233,0.011887935414639172
2004-05-27,0.7376749188085489,-0.25449060133418455,0.5952388909800668,0.3389454287537451,0.009862816294932764
2004-05-28,0.7038812926341046,0.4209681911688217,0.6205306232004791,0.3496575503845716,0.048617249883027014
2004-06-01,0.648472933968507,0.12175012947308556,0.5943786942359822,0.1870633138406116,0.037481620130673375
2004-06-02,0.6293112025771314,0.40666252704732175,0.6229424597529688,0.27300225684295143,0.032320371290242116
2004-06-03,0.6521685497426492,0.08532388786913159,0.6888316062301527,0.3172574986880029,0.08873275116435958
2004-06-04,0.5655647211271493,-0.1950614196280152,0.4504642805031741,0.5376380076048098,0.07804347154963906
2004-06-07,0.6031334912725018,0.013950359930615025,0.5904114332962737,0.5099612959153684,0.059489451601456446
2004-06-08,0.7245982234433125,-0.11166156171767015,0.5545794644888945,0.3431944289544786,0.0037424987602409756
2004-06-09,0.6511941341112892,-0.13775994025191357,0.6564594679951118,0.25783842288536574,0.028078450000726077
2004-06-10,0.6805137828890183,-0.16106220609846908,0.5241703636235999,0.22537466880100732,0.0037965899004552607
2004-06-14,0.7300485121124161,0.10380756817105954,0.4592343020285451,0.1839505438657592,0.054580903365370914
2004-06-15,0.5855792784123748,0.2880466733191231,0.49166958575648945,0.4853668819216009,0.0809861632917265
2004-06-16,0.6817774763467991,0.05681976974890576,0.5308458552735394,0.5880671969313112,0.002648984201841387
2004-06-17,0.6921388538070058,-0.13910407932424054,0.6094454949563968,0.24113075734564626,0.04026064762901848
2004-06-18,0.609363060243534,-0.2601222632032251,0.5958739962176738,0.332676772899263,0.01155484836724271
2004-06-21,0.6507876132838579,0.36843623039374856,0.5368678681813144,0.2571838835247664,0.06124294905098757
2004-06-22,0.6150273207829083,-0.13034087894108373,0.5556780089085052,0.44739971657875344,0.033861774236883656
2004-06-23,0.6927115565441379,-0.11609346679618063,0.601099489818566,0.4166485531850183,0.06369182460814353
2004-06-24,0.8032714113274537,0.013581276313622371,0.5195585035518543,0.2736300516796542,0.010130166836148646
2004-06-25,0.5207941871604619,-0.08161788857076702,0.6391426323864322,0.32422886299685394,0.023652787105969852
2004-06-28,0.6991039037837758,-0.15804683171560635,0.448404864802736,0.505064296609262,0.09373729370929779
2004-06-29,0.5015557579426642,-0.00847572717941404,0.4786830816732888,0.24383210810041478,0.07925102141481222
2004-06-30,0.6658411742600596,-0.26936551418611726,0.5241276151221773,0.3541035183567325,0.08574343749813503
2004-07-01,0.657422815496525,-0.19041549211234066,0.5425937388270049,0.5171132934115896,0.07866909047996644
2004-07-02,0.6132122730760491,-0.1777907000539303,0.4899159234850475,0.3576633309023269,0.0041463463224233445
2004-07-06,0.6439765456493713,0.058864666705274585,0.5817771284339148,0.41956939163777257,0.08721767381868317
2004-07-07,0.7192320305338387,-0.31965949850921016,0.4765112969160788,0.533374113265912,0.04141505178774631
2004-07-08,0.6457316342544416,0.22285886838746594,0.5839809975337743,0.3672379311672636,0.01783013691674461
2004-07-09,0.6248106256552886,-0.35285079551016124,0.6210387096522407,0.47014767506200833,0.060401214593425616
2004-07-12,0.6243956246303703,-0.1409283078524886,0.4943049438569904,0.49356449927925616,0.019984219323293306
2004-07-13,0.5598028224353097,0.040160974305444366,0.47234977858626187,0.37611335684136654,0.010880331385845654
2004-07-14,0.6933550072909185,-0.21861918864064714,0.4963214722088691,0.2985162945193848,0.064076265704102
2004-07-15,0.6204744521504034,-0.0804635255974448,0.5861815605281934,0.284383799560313,0.0865290620720625
2004-07-16,0.6751317655952072,0.14011893857630883,0.6165470343282116,0.5146971664521063,0.04334074758438562
2004-07-19,0.5907890974379398,0.02187316514484701,0.4748435845823196,0.5548359355877859,0.06017072281775346
2004-07-20,0.6518861362822449,-0.32936034485828225,0.5754524575326776,0.4817185216039234,0.09685404445733214
2004-07-21,0.5896377416729212,0.26301631561471833,0.5774746316207099,0.23336537007846864,0.08603038492602144
2004-07-22,0.6627059130657217,0.0595917199624405,0.5239238972381941,0.37604960764241924,0.033644436368575746
2004-07-23,0.6774136641100583,0.05707569653892747,0.5003945101055731,0.2887403835920369,0.04075932209193677
2004-07-26,0.5658942817659101,0.3253688413997577,0.5262448811002941,0.40702942710305495,0.0714481261842276
2004-07-27,0.5610072443672619,-0.43531908950208903,0.4895221933193366,0.3169011999851654,0.06823814275408188
2004-07-28,0.6743188635679677,0.09260277659078303,0.5043450863057586,0.26910890710897395,0.09123683172072139
2004-07-29,0.5662936859806276,-0.08542292675438724,0.5093611661910529,0.48068986625190846,0.07763904631147074
2004-07-30,0.7468405532399427,-0.23520056270206152,0.5975990003193717,0.23639404396620028,0.09400800943116677
2004-08-02,0.6257229525615442,-0.012717378876832412,0.5197806130282667,0.31113738347901254,0.017270378677141308
2004-08-03,0.6787492969004024,-0.013087242224441476,0.4970555221799521,0.3325921150541527,0.08337127916666363
2004-08-04,0.6094795709782088,-0.4238788653408662,0.600015385205043,0.35823257220341653,0.07004089200769766
2004-08-05,0.6682168997071404,-0.39207715007120575,0.5555711158175832,0.4146761530635709,0.043175935025791215
2004-08-06,0.543950014916512,0.052278590338236654,0.4917846306519566,0.4391512675260989,0.0041903678635127894
2004-08-09,0.574514601608515,0.04119860643935798,0.5254517146703263,0.38433379677840596,0.014387241437794185
2004-08-10,0.7050642505796798,-0.2346230071627368,0.5125054657151902,0.45518705074819726,0.07359728836901074
2004-08-11,0.5267321220321838,-0.030847863828255787,0.486933030417523,0.5075404149062722,0.056011991341350015
2004-08-12,0.6823347592674452,0.34117813711792333,0.49381055355021214,0.4203413114773739,0.0035115566969205372
2004-08-13,0.6984447282562807,-0.09345229710386171,0.4127237873327477,0.2517061092331111,0.0030424631043907916
2004-08-16,0.6862634557897593,-0.2983634381695121,0.49214644305846433,0.3156799189464302,0.022049900802945388
2004-08-17,0.6375517622435309,0.16193490744165812,0.5329371780262184,0.21178976929834742,0.05891459667788245
2004-08-18,0.6501920240534854,0.009590882354975723,0.5420996667419706,0.290214058656498,0.012780506556939287
2004-08-19,0.7084171027351633,-0.2555310960879974,0.5115082867489695,0.45276999057558,0.017377248287196858
2004-08-20,0.587038341217671,0.14909817121679222,0.5338097717856971,0.3982992582985663,0.0867372597255323
2004-08-23,0.5997529329283436,-0.12103255248924233,0.4465411180136309,0.5272707302914212,0.09129703259481654
2004-08-24,0.6477893083188403,0.0606589011645035,0.49647466260366596,0.3305303999822533,0.03875012865667017
2004-08-25,0.6949203140645049,0.011643539029051823,0.5515504655229457,0.4107487754676548,0.0689518839249152
2004-08-26,0.5993386095037143,-0.03558632000180454,0.5424790011729272,0.33568079015082264,0.07874836596908859
2004-08-27,0.6826348573171096,-0.019736725922987024,0.573362842358019,0.2869079629655605,0.05794915846168733
2004-08-30,0.6293490571746976,0.30923798511475226,0.5362555127359812,0.639573955316656,0.004282488948203944
2004-08-31,0.6208727135317321,-0.07595202719648317,0.5098200658727512,0.27174391300040046,0.009926873661955594
2004-09-01,0.635343859765453,-0.15100217766067606,0.5075657612001381,0.380512087174605,0.07468610418201335
2004-09-02,0.6735180005063537,-0.3344062100146317,0.47518776181414435,0.6331698758219286,0.09622661066584215
2004-09-03,0.6726864166778475,0.04756534356548614,0.4977250979260948,0.6111955290028652,0.09770005422637074
2004-09-07,0.5518753543136934,-0.12901239735574546,0.4430814634685979,0.376563883295232,0.08960196604133322
2004-09-08,0.6842467228178631,0.010800162089764202,0.49815950711452783,0.2932428215850904,0.02267779720839387
2004-09-09,0.5546167310910284,0.03811147461988963,0.4935254142236296,0.34473984681755443,0.05023645495013739
2004-09-10,0.5289630626605553,0.536431036407369,0.43661890950132737,0.35566049043227055,0.015777862467678438
2004-09-13,0.6840422428547825,-0.36274787167326916,0.5122044855094007,0.25855462022465164,0.06669454757314944
2004-09-14,0.6563694906119727,-0.09836508918119205,0.416741902152913,0.3528498977583114,0.059506761547391866
2004-09-15,0.6989618475873597,-0.1576439850571607,0.4350776442892856,0.20925761515202143,0.07624082173953069
2004-09-16,0.5790856751297051,-0.09131209967419006,0.4787232272678231,0.4800749421075272,0.09341331827587199
2004-09-17,0.6534298853149813,0.23751894687555183,0.5656664956761148,0.4935810671922474,0.02917191251035013
2004-09-20,0.6146799983108978,0.23952133434333459,0.5199330817870527,0.3744259197926966,0.008530718049768682
2004-09-21,0.5873255382835639,0.20467689435967912,0.5649173794995755,0.4330419056371497,0.002858599886921176
2004-09-22,0.6249234599876625,0.4021695903923556,0.488020150662131,0.24181378164772732,0.018635068092271168
2004-09-23,0.7159544644939952,-0.214841908978616,0.4906278125787745,0.301923101353404,0.09175040237887369
2004-09-24,0.6690506645554146,-0.12288652970813357,0.4490738827826102,0.3085382144310612,0.036175806583345786
2004-09-27,0.6208345607353156,-0.2646638694663819,0.5352783364686815,0.4560373112001749,0.08057213655426723
2004-09-28,0.722363010280029,0.2336328268945775,0.4960652739074733,0.3066905817770849,0.08888419368161643
2004-09-29,0.6090375811498967,-0.32732550588848824,0.45353659768302995,0.4276997199501247,0.07368373663924933
2004-09-30,0.6873653418456344,0.2679216457764781,0.46144940442827065,0.4037099963624624,0.05605865066477509
2004-10-01,0.7357673600485364,0.27818949528148,0.58001489805995,0.4581663357750363,0.07849482201814725
2004-10-04,0.6757204575364227,-0.21909842752445427,0.5309962506159931,0.5066409618714727,0.06831931788132932
2004-10-05,0.663629264321755,-0.05686493972422177,0.5350390404587448,0.42386124742979386,0.07065937926789316
2004-10-06,0.632188688003837,0.1835198106544304,0.5584241538501581,0.3373258412466614,0.013210803018426332
2004-10-07,0.5530410371770808,-0.0981196599595646,0.5445845185405561,0.4149656082802718,0.0803787690954401
2004-10-08,0.6948448296631868,-0.06173628781414747,0.5029760533027364,0.4282011815103009,0.09116126993848722
2004-10-11,0.7086401812885184,0.030730974452148608,0.47984068794623264,0.439254511102429,0.01963044561380214
2004-10-12,0.7274156150305716,-0.1272349783974291,0.5113502359491358,0.3270470609768585,0.09197118405509763
2004-10-13,0.6880350918926674,0.05233541407447084,0.527792933893644,0.42056023728039454,0.007918785569070398
2004-10-14,0.6783190872130743,-0.48661197027128433,0.39393201144808965,0.5101370925616107,0.09737675315492192
2004-10-15,0.7153616450471354,0.02290352276737888,0.5268365104706199,0.3641323498868237,0.0988846188034255
2004-10-18,0.7140044421147658,0.02255910649084724,0.5843104394382144,0.3940017407628249,0.05283704611807183
2004-10-19,0.618690292051718,-0.1765681609855647,0.522612963159758,0.5507775299316549,0.08612710778323435
2004-10-20,0.643718046131394,-0.4203925136650057,0.49554590553415506,0.4062818326640699,0.08233029133758704
2004-10-21,0.6636394227625383,-0.08791343803441853,0.4015459204260792,0.2786422431464016,0.03448154882675869
2004-10-22,0.6425102133132682,-0.014361158671011521,0.5937284819923728,0.3653449153839068,0.031126956849056676
2004-10-25,0.6528436153322443,0.5323561654376361,0.583001716302696,0.3753149872293471,0.06812908008822066
2004-10-26,0.6535572417987038,-0.14198214431092152,0.518154227631242,0.43000301726994405,0.08531968778340725
2004-10-27,0.6222492064164769,-0.29234251010156576,0.4703131095437787,0.4058346988202855,0.07419218983908968
2004-10-28,0.6682054851386646,-0.47260585788611165,0.5484272611633455,0.559673876710906,0.012645614380782612
2004-10-29,0.6559640774234244,0.05884590403515862,0.43627839558564363,0.43066312608248886,0.08111417603248536
2004-11-01,0.6340753302830441,-0.05074202644340309,0.4982260289886486,0.2652488512247544,0.003067278944549945
2004-11-02,0.5790126665492286,0.045784468890561536,0.45502518022613053,0.3911838973163853,0.030025493504607925
2004-11-03,0.6940925940667376,0.12872331571277126,0.4131470184703362,0.4984982714605226,0.06709708068941654
2004-11-04,0.6413037398445561,0.08711389254887117,0.5169819075542934,0.23006248289924508,0.05878047721386433
2004-11-05,0.6947812318093827,-0.41827617296804664,0.48253875452871353,0.32887896905642877,0.07301022207433226
2004-11-08,0.6670770394435273,0.07735587209320921,0.44066784958469185,0.35850929206547466,0.006171844057701903
2004-11-09,0.6413363049104398,0.07851331266035187,0.4484482723882317,0.42523663235198583,0.03913671912452963
2004-11-10,0.7002687798998489,0.5419228094848629,0.5017998358962624,0.30902106423859693,0.025266299668786463
2004-11-11,0.5915222322896295,0.3253354112929534,0.5689829200680345,0.23452650212697357,0.03660892814611172
2004-11-12,0.5390335420841926,-0.017313323963532534,0.5336020019073511,0.39697213801796816,0.0966074028820194
2004-11-15,0.6338584459207487,0.12226831182515532,0.5061043253712776,0.4660010273556103,0.05843085963759993
2004-11-16,0.641256303205731,-0.1115054144545819,0.5267265042907462,0.462397443440586,0.09911843579677936
2004-11-17,0.5766362506965355,-0.04040052695470917,0.5052743318821137,0.29609868996040406,0.03833912931268212
2004-11-18,0.657777323540323,-0.12458140866413384,0.5589761932439958,0.4018153575918582,0.07279351539874825
2004-11-19,0.5836358734832141,0.15634812388698932,0.573540095367596,0.2695836059892085,0.0005075102902087347
2004-11-22,0.6117171624420398,0.2490852903526627,0.4652874131776628,0.4352784983094921,0.09577628944321301
2004-11-23,0.6081577363187342,0.38360125557563407,0.5303881767547441,0.381315712481779,0.044388522139807755
2004-11-24,0.6640393692041398,0.060635079431046734,0.46569180831600987,0.2700590492716298,0.0440668107082805
2004-11-26,0.7287422917515319,-0.14083311144563107,0.5688124403518201,0.4971761868121819,0.027841502489364713
2004-11-29,0.6301524794048824,-0.03934784808352385,0.4524670360806701,0.40445244136226466,0.06267649374378094
2004-11-30,0.6675222244261197,0.10205452979534851,0.614359529922936,0.5416920435289984,0.011437687471214365
2004-12-01,0.7076163698944511,-0.2822050327006019,0.5555430310100558,0.45439008300283273,0.09563393751704741
2004-12-02,0.6512121633582797,-0.11338697031569339,0.5131429205458324,0.3841054621939091,0.0378585635810367
2004-12-03,0.5926276483025132,-0.20467159662828585,0.5474245256816364,0.39225642318269194,0.016285477541188975
2004-12-06,0.7391602669418763,0.5485543608521425,0.6093823491793472,0.24651704851735395,0.0021947213824417334
2004-12-07,0.6432272370860088,-0.08544694092324777,0.6428975840190905,0.3979615474647159,0.0964385483477336
2004-12-08,0.678258838892643,-0.04208096188187732,0.603354447427741,0.1001099395213273,0.05392439188316858
2004-12-09,0.6184916825283857,0.02084741334665789,0.5431843179371232,0.4102408114192142,0.07370284809694648
2004-12-10,0.5697683072684778,0.2730013755370078,0.5302181343210803,0.5550961102537082,0.04098717881617006
2004-12-13,0.6614754906636692,-0.007332916094564847,0.5457246317067815,0.366438167773272,0.04320062744784543
2004-12-14,0.7392106699099743,0.498450368250426,0.5733668435243537,0.36357036779204893,0.07856984247367109
2004-12-15,0.5888817861929664,-0.20883168837803423,0.46870271126624463,0.21986477106738472,0.031258499422320944
2004-12-16,0.6520271213933629,0.027956508730848685,0.5738717937294038,0.21562899971660904,0.04811479333424634
2004-12-17,0.5945275174645879,0.1090561771693745,0.5165881355558147,0.0964234335534016,0.0027255246748806973
2004-12-20,0.5731980473638895,0.48960114041648906,0.586655452517868,0.6103486678666414,0.06650988771404176
2004-12-21,0.6275922959724847,-0.19928743039855873,0.5605593023772805,0.41160452090168836,0.0018386055449847285
2004-12-22,0.6474037685248524,0.08638611890251195,0.5311835019298664,0.20516672219239096,0.0372781884478288
2004-12-23,0.6491828512589981,0.038006609304443904,0.5748832940560212,0.46812982819424953,0.03838859550901145
2004-12-27,0.5769058603827724,-0.2382230318573927,0.5030050800704152,0.2816938803598041,0.06395834407977036
2004-12-28,0.5889178843425238,-0.09712893859823568,0.6024256313833941,0.3388405475559053,0.002187135057816381
2004-12-29,0.5525122492171035,0.023841645732891582,0.46562812888740407,0.413992822924052,0.0986632023131366
2004-12-30,0.6695257646571064,0.26785453725885133,0.5606288470194281,0.18863830233481763,0.017851114931364164
2004-12-31,0.58695142233995,0.16408976390073532,0.5978736977012438,0.4054157894667738,0.03314631035529066
2005-01-03,0.6481812359283505,0.16229744270234772,0.5610768091555708,0.5350661369515495,0.0707228243779234
2005-01-04,0.6970429745974798,-0.2550881648873448,0.5021005988705555,0.2992236130213067,0.04083057938218825
2005-01-05,0.6557279838396137,0.32658097464899205,0.5737466024090928,0.3745946393682893,0.023252805928136878
2005-01-06,0.7188623271327854,-0.1597361608252569,0.5131328714365289,0.4376302812418892,0.07761310662430192
2005-01-07,0.7282521059559783,-0.13692745969647055,0.5153073683473043,0.34376694104417654,0.08198714262639034
2005-01-10,0.622254463955363,0.05045415475605161,0.5419330114719942,0.5156420342475763,0.07710684817092683
2005-01-11,0.7266585161704255,-0.05406743356875865,0.4715757643092421,0.4126741183893243,0.038395930197888464
2005-01-12,0.6522084485674661,-0.13077494888769856,0.5541467576244654,0.39085856801459645,0.05800409790134747
2005-01-13,0.6105894581781958,0.10089359762052924,0.5603875982094948,0.4058427166403148,0.03590286102949014
2005-01-14,0.6845054001818613,0.04436328482153035,0.5738735094039898,0.5439430878780316,0.05504708245593797
2005-01-18,0.6754852674818027,0.19284003167149277,0.5297522464391589,0.4578848962257098,0.014229378837989826
2005-01-19,0.6322456275264658,0.27719496894217477,0.6055795744716168,0.3711395758976108,0.09718662856329179
2005-01-20,0.6488690263146915,-0.14890250704696448,0.5900921028138693,0.5436643972352517,0.09314981198925736
2005-01-21,0.620801062586279,-0.0161230826394307,0.5457625218853756,0.4421608635945975,0.058757050179383374
2005-01-24,0.643617255248236,-0.05431519294826231,0.5798918536145302,0.5890765651875343,0.05873160372820485
2005-01-25,0.6160219111693573,0.2353392218774144,0.5301377472986133,0.5947491328043104,0.0281880814002093
2005-01-26,0.7320517409687575,0.1194299333192074,0.5994555834987416,0.3222143790681456,0.042655083065760636
2005-01-27,0.7416194069677026,-0.09298590608030972,0.5492224873968088,0.3290892479308825,0.05206966785966897
2005-01-28,0.6553127272390532,-0.31843384782779083,0.6028207137112734,0.6132318272921307,0.08834573953334278
2005-01-31,0.688676548130984,0.2601181656314491,0.5491151568308653,0.47013383757576555,0.02764012032165516
2005-02-01,0.5939180530082485,-0.21421157199350108,0.6059286938901919,0.37288652073653017,0.06597464702582305
2005-02-02,0.7108705714568687,0.05599274103339907,0.6674055389734845,0.4266481819753038,0.00672591246154668
2005-02-03,0.7124878442124348,0.18108518447104327,0.6059205144414753,0.33913692748745367,0.0351346272569148
2005-02-04,0.6389190845706797,-0.3687201148704449,0.5274447773327295,0.26760895840808574,0.049059584660707936
2005-02-07,0.6149437120985612,0.058971589361437995,0.5302733193182615,0.33937110494638495,0.079744118806191
2005-02-08,0.6043177794422674,0.10020610423389927,0.6233647340319372,0.19432518259407347,0.031202320445744804
2005-02-09,0.6260726538042237,0.06575209042396916,0.5341072173647115,0.28777992958301546,0.051870299283341054
2005-02-10,0.696488203338869,0.11912036770332653,0.6758080632131278,0.4246201113768833,0.007181039839518977
2005-02-11,0.6795722660499975,0.30679578831799265,0.6616722990852505,0.434325406870952,0.06460398346662304
2005-02-14,0.6898051897326755,0.1556103018052638,0.5749345368244961,0.5309786222518619,0.0040101271047514484
2005-02-15,0.5485804852143769,0.10013425651455846,0.5675665646213404,0.27766249593328185,0.06370997424653613
2005-02-16,0.6539259059458982,0.028779234366269515,0.5765748886129316,0.5498000453781685,0.07076253828873562
2005-02-17,0.6021579390174276,0.10735386400040431,0.6532922992168071,0.25845578247563517,0.02125303642468167
2005-02-18,0.6637309620840746,-0.0315985834933424,0.6049397872257025,0.4762872401812506,0.03253929702697557
2005-02-22,0.7090067423360831,0.33275845101045043,0.6096291830337007,0.5226788492667203,0.03076782231485309
2005-02-23,0.6398568809865881,-0.3622281770276564,0.5665930710927679,0.36609561536538704,0.031460621127011534
2005-02-24,0.5856113288802045,0.3313359140745041,0.6916016965051894,0.3743882683728595,0.022698692198884964
2005-02-25,0.6337182021981325,-0.2757234531582034,0.5434513857613241,0.2996493944055721,0.07867790497235906
2005-02-28,0.6420357649305123,-0.17980607972385654,0.6058810281027803,0.37319417019604106,0.08907549026327836
2005-03-01,0.5897798614394255,0.2529790333563714,0.5360401850818735,0.30342954806639877,0.049058638017809575
2005-03-02,0.6297867255440784,-0.06671806933861317,0.5815850717557092,0.35307878650514757,0.05363968754801084
2005-03-03,0.7356601668418318,0.026990319993390046,0.5224576153613074,0.451240625359896,0.01576722455616616
2005-03-04,0.6090712480715197,0.0449820524570539,0.5824078878578037,0.3411028313307616,0.029732528467063448
2005-03-07,0.6495251410136292,-0.29820392454866074,0.6541220992729346,0.18078247889246424,0.09422544045234449
2005-03-08,0.6691533553273497,0.12215934545744056,0.6038627024513312,0.29977617589885375,0.06596512576489667
2005-03-09,0.6539554834875455,-0.005016095088454396,0.5630391073081736,0.41207983994912556,0.0988898815641031
2005-03-10,0.7201073316193778,-0.1996066862219669,0.6419367280408008,0.46225666444126423,0.0008470986476100117
2005-03-11,0.594710475979668,0.11951459591449771,0.5153382488313692,0.2629746453572661,0.09961539734651356
2005-03-14,0.6443993336240902,-0.01062284502998756,0.6492985802629841,0.2645169667102476,0.06508681994531042
2005-03-15,0.6635663176144229,-0.08330377439256076,0.5485280509090555,0.3733775883922417,0.009153712120179291
2005-03-16,0.5830190556379682,-0.25618914748174587,0.5946485612818114,0.2579050910213371,0.09398693567124061
2005-03-17,0.7249988954648723,-0.20917378668616018,0.6347167252241219,0.5405181613280896,0.0389674970229039
2005-03-18,0.5835382641349136,0.13332295096610444,0.5176887303558428,0.39650199844609585,0.059796166597133465
2005-03-21,0.6588796359199948,0.5441552996000728,0.5864591771923983,0.33728329731434314,0.04915903978319097
2005-03-22,0.6366370190375873,-0.2498956848562747,0.572444118758223,0.5047383106916328,0.025473446973857172
2005-03-23,0.5645049431153001,0.245482718272235,0.5326847549733735,0.30345619238351756,0.02323089099751187
2005-03-24,0.6419839619764177,-0.121813178654394,0.5237008675763892,0.47246901186052015,0.056435310268170794
2005-03-28,0.6779786522958914,0.03945392611683919,0.6747946259741622,0.4935740972463559,0.023878298380503028
2005-03-29,0.6097544567938613,-0.08001567473620444,0.5258084380818496,0.39768418326218063,0.0981742647077162
2005-03-30,0.6178367969348807,0.029604465348957117,0.662857426914856,0.26241128073515185,0.0167429264274798
2005-03-31,0.6561541086539717,0.2021737438932422,0.6230381496809021,0.405565443129123,0.012112674111680833
2005-04-01,0.6885359583888393,-0.23863344889950922,0.6380306181891795,0.3893097176001686,0.0190027939575531
2005-04-04,0.6419795759811587,-0.13127786204129482,0.5462146086865495,0.3741546598817745,0.026517806360509422
2005-04-05,0.6821886775624292,0.019003444333063696,0.5661349679291434,0.31886531344109326,0.5459875128471796
2005-04-06,0.5565907472855187,-0.057357883502681,0.6280828551392446,0.288892407198208,0.0107523215582218
2005-04-07,0.7067786086244383,-0.015661349768745544,0.6015475375774507,0.42605679591475604,0.021936794764259172
2005-04-08,0.6422276609683101,-0.43714966199013583,0.5978769340736563,0.2299189645587901,0.017762715626015304
2005-04-11,0.6764080116205652,0.2228231777740548,0.5626877198024292,0.39550792178850336,0.017164127124780982
2005-04-12,0.6795075363402234,-0.44253202841566375,0.5405203467536175,0.3089896235301157,0.08527137337246503
2005-04-13,0.6020843725227084,-0.2538303036190974,0.6377696872422224,0.3558195469455185,0.07459572188796516
2005-04-14,0.731195534276471,0.2973020862859385,0.4812834685185009,0.5504033296548683,0.08780462169217239
2005-04-15,0.6624847755490488,0.14126441898157352,0.625542528519422,0.35711758672979765,0.09895318231148292
2005-04-18,0.66164050718351,-0.007595953823941264,0.4739479023705522,0.393645982089219,0.09446650080076045
2005-04-19,0.7692753482898619,-0.05770724240604427,0.6206918627589373,0.38947022089862615,0.016742309929835508
2005-04-20,0.5529716009262329,0.3464694134450448,0.6094826591066389,0.16223898637530276,0.0518931625267364
2005-04-21,0.6860545503332862,0.013406552637094393,0.5776956629317106,0.5633689516853144,0.06884052281987395
2005-04-22,0.6555564429356778,0.29355166264884847,0.45728268342233247,0.36710838843223836,0.0323518984856083
2005-04-25,0.6767036479251063,-0.2184417584952974,0.5832036481164634,0.3881346399660981,0.006532697163162094
2005-04-26,0.663121659564206,-0.23437618950092165,0.6059929004203435,0.3528765932490587,0.07159159532648558
2005-04-27,0.6489083975360938,-0.18737092553523413,0.5732259350614675,0.30092198446232976,0.026341968653790338
2005-04-28,0.6268911472974555,-0.4003618670709561,0.5920239864882395,0.5020924647339204,0.05015855511085137
2005-04-29,0.578086459456063,0.28528454822890664,0.6987595018774502,0.4116397201448546,0.05878494538828947
2005-05-02,0.6925050700146976,0.17572793523489688,0.5796868936967315,0.533495993975099,0.016205159155177208
2005-05-03,0.576254272112732,0.05360597677921663,0.5990495376119915,0.3595381882603027,0.00040595863805661383
2005-05-04,0.6521597295288151,-0.0699322749730253,0.5823513586023856,0.4352736410840806,0.03718983627260658
2005-05-05,0.6250577450855574,0.21166220083491055,0.6231841293142433,0.5522966299409124,0.07999327598014638
2005-05-06,0.6375384062990521,0.04811324118328164,0.5584406041446759,0.43884185757974237,0.09303713244601018
2005-05-09,0.671633753421377,-0.07747513306841777,0.6596577952184428,0.3749317767205859,0.009032913844907465
2005-05-10,0.6200079830147988,-0.07545439248693692,0.5662238348667874,0.29958144390049535,0.051934384723889795
2005-05-11,0.6612696455829025,0.20801699101440052,0.6426031018037054,0.2597876000108573,0.0498761157905519
2005-05-12,0.6487202756446947,-0.10126363921728654,0.5982812765177202,0.35098942592241733,0.036081998298479516
2005-05-13,0.6584567705145865,0.16125934734796493,0.6031665915442145,0.3626893084629034,0.060004917677475636
2005-05-16,0.620288477859815,0.13696330841172516,0.6360337676163971,0.5351360610442246,0.05175854377248196
2005-05-17,0.6147354792276717,-0.1356581030473311,0.6360510019051216,0.35429920897012834,0.001788652310556993
2005-05-18,0.6454565347383711,0.0809488922872211,0.5364490402632747,0.3533898487358752,0.049070237847661215
2005-05-19,0.6242629458718747,0.017276599684488032,0.5347996197938577,0.5145800552370486,0.019186122667925
2005-05-20,0.6816911043705423,0.16876958935649825,0.5162233890958788,0.3389779897566339,0.08498636078800414
2005-05-23,0.6383472071834198,-0.10706534312009693,0.5711506750376758,0.3085807495077954,0.025182991958332623
2005-05-24,0.6786866007313744,0.29152785036846846,0.5561745989453749,0.4076402484066329,0.07943755950146993
2005-05-25,0.6311800602391691,0.007588600875601845,0.6654136888688842,0.37244249462539575,0.0516006071882536
2005-05-26,0.6401762421505731,-0.09238206639826299,0.6574166292049965,0.5151790636820642,0.05736650266803322
2005-05-27,0.6772036512720789,-0.08815819580771016,0.5803877573276367,0.34754339589952,0.024101930408152186
2005-05-31,0.7708351444425052,0.18679590569000618,0.5589604591548443,0.428698284828877,0.017254857810583103
2005-06-01,0.5791302671216515,-0.3521508365504166,0.6046230375610466,0.7014747506419893,0.09153350624010083
2005-06-02,0.5924183758645816,0.11029641874804566,0.5887617604617885,0.426512545753423,0.005155174261137607
2005-06-03,0.6651700468243192,-0.235956153389444,0.6055435706844008,0.6501832386457604,0.027881923852219593
2005-06-06,0.6387142092812191,0.20985320605240887,0.5307437175158136,0.4315762478912154,0.010441272961865346
2005-06-07,0.6219990397396654,-0.23619546055536353,0.5982866104800181,0.2717977853184621,0.03717919965063311
2005-06-08,0.7363960286599434,0.14973126969658596,0.6468017526992972,0.44249547382389687,0.03190523253793213
2005-06-09,0.6229943557388115,-0.20332499102028426,0.5481439270753036,0.5190938846148709,0.006779800628601118
2005-06-10,0.6357118700637584,-0.2311323069941279,0.554768402558029,0.28334421084665834,0.02963954509422644
2005-06-13,0.6497596253540155,0.039260673703187914,0.649663242619018,0.4706010448957892,0.016747252440214824
2005-06-14,0.604104119956736,-0.21219857177334256,0.4120040772414165,0.5129236530942333,0.0463408726801325
2005-06-15,0.6574064286229495,0.061183138506288454,0.5628857473698218,0.27966470706426527,0.03966692934127691
2005-06-16,0.6690139684133677,-0.07468017575963971,0.5723575721186432,0.4587703367270242,0.08708034706809478
2005-06-17,0.49606936442957383,-0.13530461050197176,0.6149426228323366,0.3009552264789631,0.06200420934942207
2005-06-20,0.6047374729589701,-0.34876941890476537,0.5340246077687136,0.33960622761245585,0.05311892740837396
2005-06-21,0.6881908438597548,-0.1446015657007263,0.5867912108855863,0.4807366800195709,0.046209617566704865
2005-06-22,0.5907057074348799,-0.08954696284440078,0.5633546848602504,0.4482081118591936,0.09149681515324772
2005-06-23,0.6436040117241647,0.24691066142374077,0.5709973807003252,0.4588771380363752,0.08625002090604378
2005-06-24,0.604588844870507,0.0189447179997729,0.7101958315503849,0.27099089252952263,0.07581488908786443
2005-06-27,0.6754449063416311,-0.03573989329424,0.6059462045698635,0.2806897953273397,0.03931081572270276
2005-06-28,0.5712966900198528,0.25423591786154515,0.5626637541577045,0.2937822212445408,0.06459144959394565
2005-06-29,0.6900742018009433,-0.013999833672056917,0.6524030849242701,0.4820141678518101,0.03006583517086943
2005-06-30,0.6329808774172617,-0.33502546600624816,0.523994468468048,0.5014830193573616,0.04443188384892182
2005-07-01,0.6622231941305433,-0.18314993075342445,0.5349198126771068,0.40081909465907434,0.083689574291594
2005-07-05,0.6682953449623036,-0.27698663051453004,0.5736492035504711,0.35411493016596124,0.08368175809986424
2005-07-06,0.6158391797330715,-0.36304295573983064,0.533805929789001,0.2977785590467725,0.008613121602652018
2005-07-07,0.617542889154987,-0.0031556224713107602,0.5698924920930145,0.6151548470910555,0.08897917572593528
2005-07-08,0.6009745195345899,0.2361927451377771,0.548497654630172,0.37810162351702054,0.098414139307239
2005-07-11,0.6201354496811832,0.09228581697576332,0.5427177895154058,0.19221122244829025,0.03019329224923254
2005-07-12,0.6129885748073074,-0.02680726316122378,0.5270891298871461,0.43499094072539113,0.020092327136077583
2005-07-13,0.6586482642449767,-0.2877074851187929,0.5619631860431834,0.6068859452011349,0.07891655839797071
2005-07-14,0.647426777389003,0.345718897602632,0.5802211253928146,0.2982482893138203,0.013549801979690513
2005-07-15,0.6550753033618862,0.12989551539506863,0.576287394227554,0.29145369318071634,0.0668406619705614
2005-07-18,0.7467571101607333,0.14512556257835527,0.47844834071847,0.2951496589846006,0.03774155698162231
2005-07-19,0.602114331941007,0.4431902398261575,0.6283422901043627,0.35043390083650733,0.012870273413433941
2005-07-20,0.5979059128353662,0.3309490650316409,0.5646900025503123,0.5394987427861223,0.06948237715044298
2005-07-21,0.6582752003404241,0.25601859690318074,0.46839885804537584,0.4435757734729222,0.0935387516529242
2005-07-22,0.6292915563805883,0.30198209576603685,0.5240521410977435,0.3045442672311581,0.09100119759612063
2005-07-25,0.5525539798663548,0.06216317334033971,0.5096056936427751,0.5338351228186557,0.030268056472804995
2005-07-26,0.6222014939165825,-0.25612908061075534,0.5358406370253921,0.5250954314424899,0.05703028500162292
2005-07-27,0.7311244930338784,0.02495421966812779,0.5138210707061917,0.1910018366045475,0.0544298287025237
2005-07-28,0.6605411522228506,0.11059831635419433,0.5457934436108487,0.4285386888215835,0.07701344672414238
2005-07-29,0.646148875900999,-0.13300681620335764,0.5012624879135605,0.3809374951465096,0.09813170484702755
2005-08-01,0.6378981231015053,0.04785284850317386,0.5220978538069218,0.49512128786581316,0.09259405500910917
2005-08-02,0.6875791234993432,-0.32517812458054185,0.5326261604260921,0.516254118958109,0.08426560718355454
2005-08-03,0.6619479862638443,-0.2458596223498601,0.5472701657079176,0.5695521351689931,0.06213806082914676
2005-08-04,0.605008498611415,-0.2059404695512277,0.5622905908435946,0.3661328826685757,0.012923664228532285
2005-08-05,0.6329015583270801,-0.001963880792277402,0.5310246014438882,0.38455701911179724,0.07179487033642716
2005-08-08,0.6154513238153516,0.3160117124143997,0.5740231892576795,0.3717796285611717,0.019348911497031773
2005-08-09,0.6326590107614624,0.09211467905376212,0.5706472216675855,0.2795066287611077,0.002697869785278684
2005-08-10,0.6401606972756873,-0.04947389707270677,0.6083656319284542,0.27535714631338587,0.09080963545108359
2005-08-11,0.719942452363041,-0.3716233366591685,0.5668205423616712,0.5821269890527165,0.030161017650490875
2005-08-12,0.6372389713464424,-0.3644311343352499,0.5071878838504741,0.3589697458918671,0.028811012214351242
2005-08-15,0.7373652796613824,-0.06799516901992222,0.49738002207932264,0.3986885086647049,0.06725671139861258
2005-08-16,0.6569850822254761,-0.13609846867617112,0.5635771889136253,0.40211457484051943,0.04869534243521212
2005-08-17,0.6115004778611208,0.03785064257649573,0.5186723882833398,0.38311045392909,0.09600871412647896
2005-08-18,0.6238557994450857,-0.08713020094389669,0.5274806325939667,0.3612159534855009,0.02122345881547273
2005-08-19,0.6891699534467095,0.045314935676383616,0.541210109790277,0.2811188835641411,0.029185219826907718
2005-08-22,0.5474926289323201,0.3549378090612499,0.4790332031579667,0.329602108080478,0.007506389475975795
2005-08-23,0.7409516390937566,-0.08256226353465958,0.473906930423826,0.298878478030963,0.08307498050462514
2005-08-24,0.7189469593234489,0.01717843863287916,0.4951205889696508,0.31632745907428783,0.08139507056343914
2005-08-25,0.6168619007484923,-0.21452705357364615,0.45430993684104354,0.31315972570088146,0.039523705632247955
2005-08-26,0.5244961216965127,-0.296508578122636,0.5211084205174595,0.46541284782179176,0.0273810264443385
2005-08-29,0.6421041355460423,-0.006592257047521994,0.49455331288807725,0.22287611002136082,0.037175166435618266
2005-08-30,0.6403518667121239,0.04427836667373981,0.5434915561404288,0.31210927287020757,0.08035421167479623
2005-08-31,0.6625647112401152,0.3166655075106838,0.561924044702461,0.42099509182776446,0.022681505259561908
2005-09-01,0.625974264363756,-0.4596177113618339,0.4679288582021199,0.5842012782092411,0.014549802376493294
2005-09-02,0.6508195226484965,-0.164912290743073,0.5367675366179882,0.509674393568647,0.01732085494331106
2005-09-06,0.6587019864784885,-0.03404793668652995,0.42776313555901857,0.5048174653108015,0.02925820019698593
2005-09-07,0.6915497755786999,-0.012002152042223628,0.5565950610562451,0.41856490890271486,0.042203135180115064
2005-09-08,0.7178850654279999,-0.34640033020032424,0.4803824246277463,0.344293198725538,0.04396513810479519
2005-09-09,0.6805314428154686,-0.23055504288189033,0.5720309472112719,0.2752908224205638,0.03680740489545236
2005-09-12,0.6700167615340753,0.4406932532966281,0.5003354771613677,0.5577578778926378,0.03929045331898842
2005-09-13,0.6761619305766875,-0.17398343137383715,0.6008858809974715,0.4907012432901131,0.0530757693664393
2005-09-14,0.5881839682347887,0.33733206463219734,0.514526037475932,0.3672468950192133,0.0869302760319695
2005-09-15,0.6323970832956624,-0.09605869566259889,0.5382638629762583,0.3208416314828645,0.000580342091771613
2005-09-16,0.6319450705182378,-0.17257581871728567,0.4660411342245764,0.35438547112245733,0.07497088543804287
2005-09-19,0.6869991296642288,-0.0450885845604532,0.5297073936350625,0.37770230822930384,0.07828263091360496
2005-09-20,0.7143427161938937,-0.013075174799854098,0.5317748673852728,0.3805465252102546,0.008603383572705226
2005-09-21,0.67332682417937,-0.2726890654615298,0.41271060816176697,0.4337995310579363,0.07265472087934102
2005-09-22,0.658238553061052,0.24066562399365315,0.5532024613280442,0.3892727687471429,0.08919661630844816
2005-09-23,0.6931228469600376,0.47610450798507176,0.46422679887494894,0.3049400328170475,0.035708670322049475
2005-09-26,0.7024063486056581,0.008222620693242654,0.44923736555735655,0.16034353657571498,0.09366318710081856
2005-09-27,0.6148266783439597,0.17331846391911032,0.5052565015301763,0.41700931146409603,0.08940275354968896
2005-09-28,0.5929746996064661,0.04171400141148824,0.5294698531656893,0.2872424601849637,0.06412057814766599
2005-09-29,0.5798601463792796,0.11115186110148656,0.5761186287486485,0.33699082550298076,0.005972759523626525
2005-09-30,0.6873108207030777,-0.2452703624269574,0.43783882588568435,0.2868808093218103,0.040801649075566715
2005-10-03,0.6546873180886837,0.015604516828603901,0.486687017551834,0.3994602543432641,0.08911918352300952
2005-10-04,0.7059038782827867,-0.02540798312804242,0.5226783153815426,0.3410013110778868,0.09597995737575671
2005-10-05,0.7109139933902275,-0.09260511308635613,0.535471016198824,0.6809171718274862,0.06334973375231388
2005-10-06,0.5650754739846806,-0.3543911512984209,0.506915256879701,0.4907676563522066,0.022011389496760028
2005-10-07,0.6124922835384011,0.11892231699225023,0.4753035676327921,0.49011303382172766,0.015951024230952682
2005-10-10,0.6649014934308737,0.024511454399711235,0.5171738541971417,0.44858554502701664,0.09280323267746514
2005-10-11,0.625287312676806,-0.006603616815981678,0.5285963573942332,0.35663433087258467,0.04663340468801639
2005-10-12,0.616810789827691,-0.29486622807762985,0.5117671959592224,0.43131477127608214,0.07740403488881299
2005-10-13,0.6204896080418886,0.08471464806036556,0.4579355692389508,0.23454054944036168,0.02867714219845088
2005-10-14,0.5962499035803567,0.3706008029240744,0.47100201095620997,0.20580306929312256,0.03254573567220211
2005-10-17,0.6738317839776486,0.058075301313745824,0.5250956980491368,0.16334349556440764,0.09081458812010537
2005-10-18,0.7159397774537912,-0.1504215304437896,0.3251939803427532,0.1945609630424146,0.028249617331408263
2005-10-19,0.7003929161413043,0.1387538181497307,0.525635294862345,0.5312474576830376,0.03567565235902496
2005-10-20,0.657928276376927,0.1857400265366419,0.44377835365640783,0.29797379718172,0.09662761339084286
2005-10-21,0.6786109229491698,0.08170868581391905,0.4847018024778974,0.3574232400875422,0.08951007050485187
2005-10-24,0.7195342259061784,0.3444640888659405,0.4915836842899676,0.19662134146863078,0.06177521871759916
2005-10-25,0.6321989284740982,0.11287124285768345,0.5491598543708455,0.33692717849686293,0.07020364473740974
2005-10-26,0.6964347464789966,-0.07378942814705401,0.5430611399493638,0.5303615463027154,0.0462512563498786
2005-10-27,0.6163295965043701,0.11771510824305537,0.47474758445698273,0.1851087172961907,0.002440077233215876
2005-10-28,0.6300112403865585,0.07695635572597487,0.4066705104342083,0.39071399028726767,0.07544865116057123
2005-10-31,0.5530698761244177,-0.16731956736219164,0.5860133963708996,0.417469862389732,0.009312881023596632
2005-11-01,0.6441498590058097,0.1272061573967663,0.4720578540011271,0.47250444973470734,0.0028683640963852786
2005-11-02,0.6306903734556673,-0.1600090435161015,0.5043746721811784,0.26539796912582936,0.09313289271079228
2005-11-03,0.5910818766234027,-0.1309260148076253,0.5040102480218903,0.3557409306159121,0.01761243151997477
2005-11-04,0.6978909354968913,-0.18429363186582282,0.45046827291969826,0.4196247713861833,0.07786772729397552
2005-11-07,0.7138560269867108,-0.43628817643339046,0.5653533227874327,0.5464140669708374,0.08981815167738706
2005-11-08,0.4810144926007771,-0.11581277846028842,0.5180438463969652,0.4527743174450619,0.04566715402602937
2005-11-09,0.7304674068199867,-0.2624527790079118,0.5352916091235821,0.12152953687609236,0.08320639394203765
2005-11-10,0.591297831042217,0.09077609863596084,0.4497888267724648,0.3634037641523963,0.027009416882843962
2005-11-11,0.6606415489901506,-0.09595164037931496,0.564499529003243,0.37555056401818737,0.02193308464878795
2005-11-14,0.6370805135308196,-0.202564285956927,0.5026393220284012,0.46591222682866584,0.019871211885732612
2005-11-15,0.6009523036726919,0.4644792819378538,0.5065919487716771,0.5815166716927894,0.021332708569760453
2005-11-16,0.6677318398760117,-0.1854378811375006,0.47856015312568023,0.23035775291830662,0.018029785263783304
2005-11-17,0.6354125404734158,0.26396654995691543,0.5504468382822432,0.44638796756287313,0.02922749450001876
2005-11-18,0.6418204354309086,-0.14769730802058886,0.47630068594659003,0.5442224250396087,0.008729282168931941
2005-11-21,0.6828447414926355,0.10235293833529996,0.470079124741121,0.3741756275887853,0.05819769711305448
2005-11-22,0.6091426480693636,0.0008127184791982399,0.558624264336468,0.3206416294970875,0.06571232802129023
2005-11-23,0.5963998011005015,0.03759826191412727,0.5163173268533091,0.45250285255518274,0.07385722737415
2005-11-25,0.6938699782274594,0.29878226661858664,0.4940502327150882,0.31231496737513215,0.008904420431028227
2005-11-28,0.6095085237191209,0.025882113614101355,0.5207806987713338,0.2692282499460238,0.007047587179325865
2005-11-29,0.6228117666566273,0.16489168914397628,0.43947118512969807,0.23242271536229245,0.03315541737120039
2005-11-30,0.744396851721928,0.009595831706704586,0.5814114757545649,0.23214766159887226,0.015825429055190732
2005-12-01,0.6192534612120948,-0.1534320575818533,0.567968906292066,0.5699213681726104,0.007826182153363294
2005-12-02,0.6951910150889087,-0.09610730015978097,0.44713543669811434,0.32917729000983403,0.0029512302354161137
2005-12-05,0.6644788300338651,-0.2768191881147804,0.48635123193726404,0.4036723372944022,0.07400564660139552
2005-12-06,0.7282606637564993,-0.18538177221465665,0.46720331825005434,0.3311342750485867,0.03786237659983002
2005-12-07,0.6875781914351848,-0.22881808393239253,0.502579588893159,0.555475673990712,0.009550189432533019
2005-12-08,0.6399722729616645,-0.3073480993836081,0.5150381151226787,0.5315185569658312,0.01178719332655872
2005-12-09,0.670778398694255,-0.040622665204028456,0.5252221298186401,0.48534662329044453,0.05304552988128064
2005-12-12,0.6759644059546265,-0.11427931483538455,0.5779761120048577,0.3963046993950069,0.02802405359044248
2005-12-13,0.5841698441875891,-0.20282793791792414,0.42130048099088635,0.2812165972895141,0.009202496633598845
2005-12-14,0.6754393522183273,-0.13922682110044227,0.5146764211174119,0.20526232226900717,0.04647556039301862
2005-12-15,0.6850376474362216,0.17485669579552768,0.5842917544769963,0.45945130299744197,0.08139620862324554
2005-12-16,0.6970814004476859,0.24910094693758378,0.41833776544297385,0.25924056405738005,0.08592158217793522
2005-12-19,0.6805741871697661,0.29103530502741565,0.4839643426267338,0.3551023532945615,0.5394317229119832
2005-12-20,0.5873162997646727,-0.36373602021186674,0.6116009819834984,0.36412072320121724,0.018241452567908722
2005-12-21,0.6297442631267344,-0.2341116898781216,0.6498902318305195,0.41359335018656596,0.009782011765989241
2005-12-22,0.5339014395673276,-0.0868951398861312,0.45719886996271786,0.3220877100756371,0.05692676676054741
2005-12-23,0.6117259355953059,0.15901758173104907,0.5619741816374646,0.3738440881413043,0.027972082087233997
2005-12-27,0.7129966174808333,-0.10001600371062445,0.5743331735782746,0.43739753027140116,0.0654812466374403
2005-12-28,0.6391212610088807,0.19081870185294664,0.5142101823174862,0.41810434149403636,0.08682335868374631
2005-12-29,0.6547483335108848,0.1880832643520959,0.5574438868927647,0.25610583461200587,0.08610233172413397
2005-12-30,0.6716284148516088,-0.04033907409872606,0.5599916890695024,0.37303939377447354,0.08772014577578541
2006-01-03,0.6760249846026636,0.1401723985049073,0.5005992262798946,0.20770347596711386,0.027720165245988283
2006-01-04,0.6376226174517614,0.03906688337834256,0.5740071126437809,0.5412480771198946,0.07849803197878474
2006-01-05,0.6686244995457356,0.49580744551117456,0.5124967645215596,0.5076578186262082,0.018462608550200578
2006-01-06,0.7373427144244532,-0.3079581888370476,0.5545585926826126,0.32640339178966143,0.011518816043023473
2006-01-09,0.646411516108599,0.06420205602936395,0.6268020184413112,0.45836872885004554,0.015486912506061046
2006-01-10,0.7306149909483747,0.2989898700933104,0.5394656598823606,0.4778235003965176,0.026966639323923725
2006-01-11,0.7260601322683327,0.16269747597584636,0.7066130723256745,0.3265805207565524,0.004670077558082841
2006-01-12,0.6223686509238968,-0.3572891476471691,0.5975610332523223,0.3496853719756185,0.03584629132242811
2006-01-13,0.6483417882839507,-0.15569499562630257,0.5249904055469863,0.3564185135731723,0.06677811363842716
2006-01-17,0.6680924524714624,0.10215917795189788,0.5926452949275296,0.3620718822122635,0.09735188170230928
2006-01-18,0.7084195884647604,-0.29990101696706,0.5679276420089437,0.2998590962141656,0.03613659492905357
2006-01-19,0.6630556887419197,0.32099691520182605,0.6034093497606785,0.45694076393482164,0.0723948773798803
2006-01-20,0.6266318185252119,-0.29154396845668734,0.5725557348579207,0.3421998379993889,0.03931323407514486
2006-01-23,0.6908814734180022,-0.045259096743790764,0.527114098097553,0.28143733820549943,0.0473282693255659
2006-01-24,0.7760122893381558,-0.059359159171876036,0.6260770238636839,0.6247355974774722,0.0024300159197395478
2006-01-25,0.590017705585563,-0.1669819912883549,0.5282486705186947,0.5837503828048967,0.05834147625002021
2006-01-26,0.6397683632451096,-0.21936568354662508,0.6212065278605029,0.3254686372006062,0.0697621887507594
2006-01-27,0.6909228208158515,0.2921545505678393,0.6257160269768881,0.3973861727638011,0.03244172463558015
2006-01-30,0.6626386284798648,0.4064775753378063,0.5704769627049652,0.24467535021750325,0.0034635039344019015
2006-01-31,0.5875221147665718,-0.11369239338443318,0.6056544044173834,0.33554389715053035,0.042452941746756734
2006-02-01,0.7530087971240707,0.26561906916290184,0.5673161160086718,0.34037021847447174,0.041970899224490814
2006-02-02,0.6803967421813353,0.15233701688622642,0.5950752920787704,0.38864934673012297,0.059108031486605386
2006-02-03,0.7092590362714877,0.04398730458615394,0.45852309985844847,0.48555009238477154,0.06662405554720105
2006-02-06,0.681556140639899,0.31258410042747986,0.6644623530196205,0.3145417765373181,0.020334267251550055
2006-02-07,0.6203911066455452,0.13659044456864777,0.5612602202340837,0.33394257745784833,0.03434685806910872
2006-02-08,0.6318478925607719,0.08765561975894474,0.5465257765210799,0.47538735031950596,0.01196725005241236
2006-02-09,0.6406223256535651,-0.08542651877747798,0.5334659925809917,0.3363531917816068,0.0070098206395209145
2006-02-10,0.7321318443527284,-0.19668933687718637,0.5374164634860913,0.4917621938851914,0.02297658338468486
2006-02-13,0.6067721919803301,-0.31182435823986215,0.5181493966239519,0.46588764517768716,0.035164540159992035
2006-02-14,0.7639274713082935,-0.16229870547273703,0.6270439514813423,0.44809527876416594,0.08184286268999688
2006-02-15,0.6211025273954868,-0.015232552945674613,0.590004898255001,0.43197855876282576,0.05670879923291841
2006-02-16,0.6888766007698359,0.20783106851541766,0.5610468543433088,0.517421554414041,0.011540206834949185
2006-02-17,0.6141353595401498,-0.07501482787492192,0.6348950023384032,0.454013396402283,0.09866771530300897
2006-02-21,0.7591231493672714,-0.22145675200851458,0.5433062709325216,0.4282247697067,0.019974937559101846
2006-02-22,0.6779875014062802,-0.16530614515055214,0.6486736165719371,0.4321998826544303,0.043764551626333525
2006-02-23,0.5835157601138746,0.1072669273254945,0.5873019452316589,0.40238375704607904,0.05858394277051779
2006-02-24,0.6597249390928703,0.17380810193338483,0.5575093370587011,0.34764640656161816,0.0936966133294115
2006-02-27,0.7395595271861917,-0.11289103792839197,0.511486473395033,0.4312560147807428,0.04589564840600864
2006-02-28,0.7189340606868732,-0.26944265929387284,0.6230418244067486,0.2138072013650862,0.0515935404819463
2006-03-01,0.6420967558599997,-0.2375366213682169,0.6833769570093279,0.5430793800485884,0.09109273032019927
2006-03-02,0.6624084294971083,0.05779026195227532,0.6547589897541127,0.4577569297037356,0.027545299337759524
2006-03-03,0.794986123525042,0.3353547751818043,0.5627549702671824,0.5664695151836948,0.06681932239454867
2006-03-06,0.6834862478856671,0.15927762307716298,0.5466327206233216,0.4183055171022589,0.09312550910096237
2006-03-07,0.6109689485697483,0.10217434003254072,0.6014400130267494,0.31374620953160415,0.07807004545519433
2006-03-08,0.7117801053557216,-0.004499965183629263,0.6084490871102632,0.6853806112924292,0.06692711793055249
2006-03-09,0.6765191532680419,0.23166225641142468,0.5859363390711925,0.3674429494878246,0.08894735176231013
2006-03-10,0.6705971326401327,0.12379622211271249,0.5522566269474497,0.41489475648367813,0.08793028817314356
2006-03-13,0.5923882259966577,-0.04718865528726443,0.5232885975725292,0.45157720212550106,0.08133475994559476
2006-03-14,0.7032496379271258,-0.1572198868112989,0.5111383078838437,0.5186781961947065,0.04534849147627911
2006-03-15,0.6014857896013659,-0.22378857484812711,0.5833995164229662,0.30358442060029045,0.005089270322705242
2006-03-16,0.7088144470336816,0.19652025550091134,0.6097104008459254,0.41839070173343207,0.06449823979880731
2006-03-17,0.6665372039741818,-0.13058316814165538,0.5566861582536937,0.4421366812805124,0.03148540707692197
2006-03-20,0.6575311886812899,-0.0014339300406851201,0.5766954544354621,0.5266895485726013,0.09444274360522734
2006-03-21,0.6177780981347798,-0.21427336755344958,0.6320362775674626,0.3647360449353228,0.09769953022196151
2006-03-22,0.6617584985845325,0.18626447191074436,0.6346647336964084,0.2471263398033373,0.01520346292408098
2006-03-23,0.6927453105088086,-0.14055938459762365,0.5588848492212304,0.510489447902402,0.04015187539688336
2006-03-24,0.670298961068077,0.040890233074371986,0.6114678534154365,0.49779718261170935,0.046090205134451404
2006-03-27,0.6402471942410916,0.3264454024804332,0.6241685538997617,0.32429814056252426,0.06080466545899637
2006-03-28,0.6743200746850344,-0.057726885714353304,0.6195561869100203,0.5303789243900406,0.07033101776845394
2006-03-29,0.6922976567640897,-0.12035402907340648,0.6160176172244398,0.4783806811074522,0.060833860374853145
2006-03-30,0.6732133040913267,-0.2890314078168149,0.6288882445467295,0.22973513368063678,0.05221353397817281
2006-03-31,0.6601445931052233,-0.032495043840944836,0.5839953540988365,0.5608849990439736,0.07283000878559798
2006-04-03,0.7398508220564008,-0.0931176231500244,0.5404407558482479,0.37756682718739537,0.009452747119724915
2006-04-04,0.6495315182846649,-0.21718559435768567,0.5815793618610978,0.344852265632292,0.07951186424392594
2006-04-05,0.6740292109889471,-0.05315379206718121,0.6844033763929656,0.3850264694466174,0.05729153236047806
2006-04-06,0.7471113716032671,-0.21161577277708155,0.6753027842497309,0.42320680379755515,0.045232375570750286
2006-04-07,0.6444596262581637,0.2887429751732861,0.6344457801467777,0.3841892738541775,0.03450474057494727
2006-04-10,0.7190829088090099,0.028883960285267313,0.6110535526471516,0.4666021831239641,0.0277073105015346
2006-04-11,0.592689054120317,0.19819993806444847,0.7683034622339111,0.43711321370867,0.09050126792766998
2006-04-12,0.660177422394193,0.3888789775003262,0.6078334025308962,0.5991401739963815,0.050799875380965344
2006-04-13,0.7371604857377215,0.13079185989702,0.6215745886327516,0.3351858008955584,0.07832628821040455
2006-04-17,0.6179476257232397,0.13332925017298036,0.6930045404954467,0.4173622563443158,0.0999908017129078
2006-04-18,0.6664059471927256,-0.3458144471738822,0.6094383588713479,0.446640558696743,0.019338775182563675
2006-04-19,0.7046164907543567,-0.09879490087358121,0.5420636679473435,0.46182395825355455,0.02352512125241676
2006-04-20,0.6978124977790421,0.36394253095575285,0.5046873570894158,0.5627469348754481,0.015516554623137247
2006-04-21,0.7155186612023184,-0.12451808276612981,0.5820904027477372,0.37055992962006623,0.07186908702876814
2006-04-24,0.6961023966902926,-0.17211064945766608,0.5167136619110333,0.3925270774109487,0.05118935852384814
2006-04-25,0.7112280731229831,-0.10809304855401035,0.5218680309737737,0.3561227595346691,0.07382627529041387
2006-04-26,0.5862065572402755,0.08017133776975716,0.6522140445352366,0.40124837146732384,0.05737443425721355
2006-04-27,0.6495045129842488,-0.08671850736895866,0.6304955047048186,0.4543583517799332,0.06530745389715494
2006-04-28,0.589668749369728,0.02457455203620156,0.5618766067378723,0.24916474117316356,0.0862182302648212
2006-05-01,0.6390847982800957,-0.07986678892443524,0.5279029467993741,0.45599930149187734,0.05590799807608776
2006-05-02,0.6504633606201984,0.09001944755037572,0.6675514300330095,0.508844897501581,0.009794364107215847
2006-05-03,0.6021719345526856,-0.2963332159604416,0.5910194062498021,0.3145055072025976,0.08306697362505167
2006-05-04,0.6324036024986858,-0.08809720030831,0.5551283535068923,0.3128808327816883,0.06776058706256548
2006-05-05,0.6937316309442213,-0.3572399410898152,0.6298998965341341,0.3449410502132777,0.03395410582596529
2006-05-08,0.5856976361894981,-0.03523090575604453,0.5555709486110594,0.29246027684269776,0.024379787866162995
2006-05-09,0.6624451718438621,0.13235087927160652,0.563544433420663,0.34478491388894694,0.07356808187559061
2006-05-10,0.5845969346761146,-0.025225278175933133,0.5779246046171685,0.5293773829298337,0.022393134042483033
2006-05-11,0.687818940707927,0.03690043834742008,0.6668876505333335,0.3795391482725504,0.04590165456081774
2006-05-12,0.6521340806363082,-0.1982590160115474,0.6081017877204805,0.3151659378580059,0.042865700509381315
2006-05-15,0.61916839371087,0.0013284514221103471,0.5963763126942606,0.5351242398539618,0.06264344234473625
2006-05-16,0.7284421412559927,0.07518631713553764,0.5393311002481171,0.3259090297039545,0.07878268240659286
2006-05-17,0.7416421036929962,-0.11420995915601151,0.6416388719020678,0.48533666072446313,0.06236715071800295
2006-05-18,0.6273294749038866,-0.20201390301037692,0.45272184934469606,0.33690884698797585,0.016459303178566788
2006-05-19,0.7271492714777971,0.2129358566413107,0.5298382804507172,0.2689830616697958,0.06037073911255214
2006-05-22,0.750225012132181,-0.12127322783054428,0.585754141339859,0.3158403071886384,0.022549622061197972
2006-05-23,0.5795717975663326,0.18687507175162668,0.669536828496251,0.3299151156762788,0.011585461954608012
2006-05-24,0.5323277364181768,-0.18610524473120876,0.6830911380120466,0.30079295117647914,0.0390199390537396
2006-05-25,0.6816557805328965,-0.11817215286528795,0.5412529393305212,0.4346498798895353,0.07058418450858144
2006-05-26,0.5709883297244722,-0.19621779670124864,0.5622164685437645,0.5772250271444237,0.08178154550603062
2006-05-30,0.687141614987921,-0.025000447901409262,0.6473702877056182,0.35897933119367903,0.0024276167127446737
2006-05-31,0.6839516668147347,-0.45840616722748984,0.5662162804149736,0.4540084991768413,0.05812400368046741
2006-06-01,0.6577987960409671,-0.04244839354352537,0.6260775450364802,0.5003443215178017,0.081368862114667
2006-06-02,0.7135178130724569,-0.1413294316363357,0.6582515098881445,0.4361104095595281,0.022827613102232816
2006-06-05,0.6643416413192607,0.2369083862485596,0.5530588630649189,0.35220109406200983,0.008532587574846007
2006-06-06,0.6295858431049911,-0.08336232871236136,0.521445804519618,0.320459117978776,0.014089566686048882
2006-06-07,0.6450650918635443,-0.13203578193365,0.5236144472006388,0.5691446349926776,0.061800806838209855
2006-06-08,0.6968815676309561,-0.026802626184056356,0.6162807816825672,0.2947495096410634,0.007719815218979954
2006-06-09,0.6798175727709538,0.0021785225546496127,0.5790383742026861,0.5974215337223766,0.06748810546828432
2006-06-12,0.6391330784021272,0.02855456684376172,0.5556095296039812,0.48041952380521535,0.03483345287922817
2006-06-13,0.687495177297895,-0.1623765162235398,0.5676548272658696,0.30684475359240343,0.09409634795082863
2006-06-14,0.6945852473897473,0.1472798343151463,0.5757991631624432,0.45673594826403546,0.08690991058876553
2006-06-15,0.687299989835654,0.07063513706900143,0.48980245346722384,0.33653701442023065,0.057203592794130176
2006-06-16,0.6817580050560046,0.0022790159580290577,0.5502234649232823,0.4429352766436875,0.01866126155470448
2006-06-19,0.6221357951253862,-0.08402644096059875,0.5237483713758745,0.45872122116164754,0.09348344736642067
2006-06-20,0.7177519078891493,0.2117301803775997,0.5538293551554995,0.3858009002951948,0.08109253662235942
2006-06-21,0.6669561191078903,0.07946353637207254,0.6121400102426555,0.48515540582917593,0.06714393555348579
2006-06-22,0.5994639515936903,-0.11469189775200933,0.5783914548292428,0.5459487013931597,0.06258891096224414
2006-06-23,0.6478453246492454,0.004469483016654666,0.5886885118213876,0.34006676841747346,0.0943259332299188
2006-06-26,0.7070038406645822,0.0499312198008684,0.4507885658420603,0.27376036030596435,0.0477153404745374
2006-06-27,0.6182757224672155,0.20025474159851941,0.4939577876426754,0.4500672643474164,0.09025889604375402
2006-06-28,0.7408499162460963,-0.22974613972011804,0.4352468742346532,0.39413614796051644,0.04198712535030318
2006-06-29,0.6943999284320294,0.3448377058418812,0.5844177803900625,0.39051699769382014,0.029866729372021585
2006-06-30,0.779608651352154,-0.29236557792289164,0.5291538702923102,0.46130479681065595,0.032794960084561085
2006-07-03,0.7699689248467325,0.12774896653724152,0.5755294753242391,0.2956410707513234,0.04180088024126083
2006-07-05,0.6945170431878656,-0.25387398076104795,0.5896720290734291,0.49231111298798574,0.09043074023444148
2006-07-06,0.7155215422441719,0.04514142041491125,0.5647896363349815,0.48602166846988876,0.09581214009971112
2006-07-07,0.561987645556925,0.11931683849193167,0.547360641245389,0.4679403847944241,0.017059055129910128
2006-07-10,0.6528189129336102,0.15992770955099297,0.4597877300200969,0.3272581139792188,0.007541092482125322
2006-07-11,0.6526634649739433,-0.3994905860603153,0.5887588384738079,0.18113232164405602,0.09644517386979709
2006-07-12,0.6432724388590477,0.03563385303007606,0.5282211354264461,0.3441615767395011,0.08445720304206078
2006-07-13,0.6728849422974986,-0.06151173463197262,0.582457978287573,0.3035927707620247,0.019431526987569638
2006-07-14,0.6062245631996935,-0.3309319440250977,0.5347002276598873,0.48627357763308837,0.040059332570772314
2006-07-17,0.7010987838216345,0.20007392800437898,0.5401909202554722,0.6011421174473321,0.09618839557462638
2006-07-18,0.6743922078315924,0.1705000851962784,0.519257004129229,0.516215873763936,0.007439272120512097
2006-07-19,0.6900769047412462,0.491743299335587,0.5218923619131738,0.36530181504332265,0.07127822907197885
2006-07-20,0.6767018997550811,-0.014830898314382246,0.6303926033975294,0.4861203478775441,0.00844627055913404
2006-07-21,0.6606856565264573,-0.37751654246498695,0.5294184186008442,0.46174879867136875,0.028202345190135758
2006-07-24,0.6390515551230844,-0.18736054522984674,0.5668221309315485,0.3383997779747508,0.049956440035542816
2006-07-25,0.6251288017068687,0.28513292710375243,0.6332575425078616,0.5150293489469968,0.08543719999889504
2006-07-26,0.5908174909684886,-0.3112497396479674,0.514490235048352,0.37102734411248534,0.04599782473693118
2006-07-27,0.7012758805641373,-0.11589811617367507,0.5110648615090212,0.33991466366834555,0.042702525996996754
2006-07-28,0.5600207624318905,-0.181746624339581,0.48260013996334816,0.5344640834895991,0.029470089361659926
2006-07-31,0.733243578812937,-0.02221244519556232,0.5516586423763713,0.6019037197426582,0.08986431654267409
2006-08-01,0.5954710838389878,0.34308653660452765,0.5667966542531717,0.43898382009102827,0.08327416555797673
2006-08-02,0.6457673507170877,-0.022495340097797096,0.510984730847614,0.5981210504881296,0.07175546011337157
2006-08-03,0.6175385306322881,-0.03575016016546544,0.5450316736160153,0.26370378384328275,0.09760681782127208
2006-08-04,0.6793303846165603,-0.007463218175778371,0.5629979089739455,0.4354798232477987,0.02698520351628473
2006-08-07,0.6259260784296148,0.20407241174919438,0.4589736025673451,0.5313391522266531,0.08938852661235915
2006-08-08,0.7258055795975367,-0.5367529551912978,0.48441811923343786,0.3641849975050307,0.018311215986996632
2006-08-09,0.6217835630649474,-0.19984441869297193,0.5864737003817908,0.3696125249698576,0.03828214093533801
2006-08-10,0.6332285119503477,0.21301136305881807,0.514601845175235,0.2887860476121434,0.07810212559097292
2006-08-11,0.5964830004114056,0.16803484320947054,0.5771501867686203,0.5279244199316443,0.04361717961689691
2006-08-14,0.6243625607052579,-0.28011537372778167,0.4368374366871826,0.4121755572547928,0.005303758056349273
2006-08-15,0.659034289797129,-0.19866620628548037,0.42000034054380103,0.3285139572143204,0.02606949566929048
2006-08-16,0.5869034312648388,0.09715776455492599,0.4803877548126713,0.2511151451457152,0.06295097434525325
2006-08-17,0.6035609771229521,-0.05154269060765329,0.5148340244592776,0.3563578496620079,0.04674632675665651
2006-08-18,0.587258307356916,-0.08580569560917568,0.4813554402338499,0.378421122682955,0.045042198977799576
2006-08-21,0.6728242230881125,-0.0030419405427011765,0.5513761535999838,0.4478988473839395,0.08458071856769206
2006-08-22,0.5906980266663521,0.3531264576416887,0.5176164363398378,0.42687426461324185,0.09662634994970566
2006-08-23,0.6781393468255298,-0.13237436476172856,0.6199533494226334,0.4795335963788752,0.08433721419166183
2006-08-24,0.6264243279620966,-0.2753132939621151,0.4444366110409661,0.3216866282320337,0.03841629975721204
2006-08-25,0.6792377906316837,0.13028300057925013,0.5000391623058953,0.3103893732149259,0.03606644958737313
2006-08-28,0.7187496742863803,-0.08867459390024873,0.4645042831578139,0.27117207567146395,0.08314899112250664
2006-08-29,0.6163916538634907,0.34138866730555545,0.5648263554176969,0.4307100589549687,0.08638726539662436
2006-08-30,0.6847957223288862,-0.10613926766917176,0.4050097479422401,0.3928517550575059,0.0885505562605665
2006-08-31,0.6367404970096007,-0.07157381095300201,0.5962708673425716,0.36546737288072956,0.07088459793643848
2006-09-01,0.720117349729091,0.13404553915929535,0.4769671717676197,0.3623612081508635,0.05740427283249358
2006-09-05,0.6643316921940626,0.09173304231610464,0.5030471440746201,0.5136245755185977,0.0768859646833039
2006-09-06,0.6470857400950671,-0.09129248083130984,0.5444369798087538,0.3593500931108561,0.03612847426208402
2006-09-07,0.7020377312298517,0.09195347667973658,0.4992120121876766,0.2623476626745922,0.0777125924006985
2006-09-08,0.7266066811445565,0.002040935753956078,0.5944743138681157,0.4830668966948468,0.006772955943280101
2006-09-11,0.7037316420967733,0.13884133959922337,0.4899425613815795,0.32123635013325325,0.07643681973794351
2006-09-12,0.7389664773207799,0.014036597147787667,0.531196611599244,0.45179972490066206,0.07486674231233484
2006-09-13,0.6262630196088648,-0.16304092065264297,0.5238370650926939,0.4356611963134213,0.055681887033609906
2006-09-14,0.644668864049806,0.1451883845860988,0.531295135481058,0.4360428060463048,0.00019036856720151541
2006-09-15,0.6081940782870537,-0.17875182930755978,0.5419879933794125,0.39354690485677035,0.07992600319220174
2006-09-18,0.6044872647033716,0.16933613317871754,0.4908128585723408,0.2605570928972768,0.04411069146207375
2006-09-19,0.6892431688774076,0.1449843430256769,0.4338339462869402,0.5047672016388972,0.09548763901416779
2006-09-20,0.6767738084353433,-0.04621832987400816,0.5763301132770875,0.4263806954829613,0.00903842815688286
2006-09-21,0.6556715240877999,-0.4559293066648394,0.4836958109813442,0.3016467333150973,0.07389069733122088
2006-09-22,0.6960139433874889,0.15545732429968726,0.5339859600104251,0.43898044884928134,0.016849415422598924
2006-09-25,0.6642460216826923,0.22297432991535437,0.5489527748185088,0.3484332730560971,0.04090606729593205
2006-09-26,0.6517653132406674,-0.021597781071138786,0.6165442847859345,0.4509913545579754,0.06774919719883563
2006-09-27,0.5374144350640114,0.25450700628330697,0.4367163795710599,0.4032783574784112,0.08540896227887111
2006-09-28,0.6732160817430255,0.14530564917917063,0.45604072657967143,0.35626294744721876,0.05452139705081471
2006-09-29,0.6167024701388578,0.22111046735098455,0.5540459359974457,0.4328695352095182,0.039977878366153255
2006-10-02,0.6165005556715816,-0.03303460659609423,0.4955583508379799,0.4017008109977256,0.009004874352174142
2006-10-03,0.5585864560182763,-0.21685647370217126,0.44263717390581936,0.4574732343220646,0.018691644833823153
2006-10-04,0.583306041001131,0.20059025354272456,0.4306333340472826,0.34220672007767694,0.05781988414517787
2006-10-05,0.6325426613107685,-0.2707811086880277,0.518375816768643,0.7324369326158962,0.03304335969334652
2006-10-06,0.6965225114685811,-0.15998245212009707,0.4662236856526722,0.39271790628363296,0.009203697098854324
2006-10-09,0.6320820392520186,-0.13091259660859295,0.555594147587789,0.5052978612326735,0.06427413397250278
2006-10-10,0.6026035571107118,-0.27389237467886585,0.5154585175618474,0.521745068729174,0.08674113865505553
2006-10-11,0.6877358312242069,0.14544251895246688,0.5184573466429832,0.6218103495849234,0.020183288706874438
2006-10-12,0.7001277032167418,0.01760350349278705,0.57341732321157,0.40435913759869163,0.06959318455139987
2006-10-13,0.658855169992545,-0.3303127302476534,0.5502111484903337,0.5330724141720374,0.015332979049322959
2006-10-16,0.7116393315451751,0.01635822295464643,0.46264704374554744,0.17640575767688438,0.08972236280228976
2006-10-17,0.7289486988534715,0.023696787833214814,0.4902428305143675,0.47583252351875194,0.007363926827692813
2006-10-18,0.5882925124499249,-0.04703261072351853,0.5421636127568658,0.48400834957133415,0.08275026712657985
2006-10-19,0.6846750354953767,-0.021789132250192456,0.49413159489296055,0.5509593816327543,0.04215188048993133
2006-10-20,0.6591031080790696,-0.09198274555746161,0.4839939411989034,0.40820786822436067,0.09499261113101462
2006-10-23,0.7147729339237961,0.10770038265923398,0.51064807682895,0.35370616715745157,0.0535949643482323
2006-10-24,0.7038192343803937,0.025933547536741226,0.47610044112812006,0.4763733403584149,0.05357764718701324
2006-10-25,0.6711898979704144,-0.25817639387317437,0.6218778111838874,0.40770352405882054,0.09955888060840151
2006-10-26,0.6434482131380774,0.17711708065504272,0.44915214500752976,0.34175552446814056,0.09827012506050703
2006-10-27,0.6512695445898539,-0.14136989179449327,0.5194640490126041,0.4552118595778119,0.08383402837776055
2006-10-30,0.6903424531281313,-0.012696406666898395,0.5120248981294577,0.34572979602870696,0.08706843365732692
2006-10-31,0.6688539879244102,-0.19679677260949854,0.47498857550564333,0.43379330451837644,0.00763422346230821
2006-11-01,0.6155514420396917,0.20778662129538225,0.47397226754058613,0.31922303647711914,0.09941071183472666
2006-11-02,0.6626511876856405,-0.0789433083725727,0.570635473511655,0.4125477918446199,0.048477245200004807
2006-11-03,0.5522475971707449,0.20482311953613466,0.39090163273859807,0.29177488047215,0.0731879998817588
2006-11-06,0.7077591251519432,-0.3239409113144327,0.5121230075669514,0.5481277055082363,0.06056888873371095
2006-11-07,0.7303453811024955,0.033079198186672924,0.5191460870189211,0.41948329564936765,0.017562361747731903
2006-11-08,0.6841507124731241,0.06300424441302362,0.5199814319047422,0.38834029073248283,0.0016148295116472533
2006-11-09,0.6390815684297209,-0.09511362511513723,0.5261294684981741,0.34242817349197197,0.013892216106094835
2006-11-10,0.6139414647306294,0.10110761218734383,0.6114543169651745,0.1808340900216058,0.07747236303005062
2006-11-13,0.6306065618870003,0.5177526502102713,0.49784695212869867,0.40728840181358394,0.039856773473465626
2006-11-14,0.8100404961906749,-0.004775510110739759,0.4970678644923723,0.3558544848090387,0.09190243718569564
2006-11-15,0.6080400839188004,0.4925648611885774,0.49062234493351287,0.46048445068140603,0.048340074128927296
2006-11-16,0.6732440026361431,-0.13995349760044767,0.5738853365359518,0.33355731810294986,0.08015974294873075
2006-11-17,0.7083830655942185,0.14678786849242034,0.45648374452642376,0.3681899298945187,0.057876646525448716
2006-11-20,0.6594230729297744,-0.09778914340121914,0.4720808722151053,0.33172593394824407,0.09802165421301336
2006-11-21,0.6005826572963572,-0.03822432812296278,0.5378215035164893,0.45921162620816625,0.03126298576375448
2006-11-22,0.6214467377467572,-0.10268133825546366,0.6422694733339435,0.363786400389528,0.060325894526582206
2006-11-24,0.782889532575966,-0.05535856492861472,0.5327548601451908,0.4060906913088313,0.07170850563763372
2006-11-27,0.6170232363431772,0.09677699630946854,0.5181381744309863,0.39969484624295637,0.08116908641716146
2006-11-28,0.5755340094914083,-0.26177596161905403,0.54118381076213,0.3036127647211463,0.031432725998690014
2006-11-29,0.6701429893436551,-0.26634349770714216,0.44354286777528984,0.3820234102327803,0.07297268740339802
2006-11-30,0.6264876404528854,0.07197021304589284,0.5024713724777955,0.6491551401986051,0.0751771366501092
2006-12-01,0.6697824312370984,0.1322134391181012,0.4773000909378289,0.46412712001036305,0.03152562761980512
2006-12-04,0.6796990828808579,-0.36197386394296543,0.570260894839266,0.4355601730481843,0.025824051176700304
2006-12-05,0.6238154542889858,-0.13995574446643763,0.516409033788381,0.41235170843477265,0.06505440601329891
2006-12-06,0.6494138031400677,0.14418110175659313,0.6032727984985429,0.606073285275284,0.09250923276646306
2006-12-07,0.7143202907427514,0.1750649349179276,0.4853572882973973,0.37707566736386006,0.08236731282678991
2006-12-08,0.6016122496096876,-0.017611017520942983,0.47804507844703026,0.46050527641395156,0.07654198830670358
2006-12-11,0.6370007135356353,-0.1653948227897427,0.5386592016697622,0.3196747866694718,0.0901036026551461
2006-12-12,0.6665195647076183,0.4362629503747633,0.5402872525534377,0.4225318633612218,0.0022093850870893886
2006-12-13,0.7399002297197548,0.2605773418691611,0.5329945924926316,0.3040959318446444,0.011859783355903165
2006-12-14,0.6522963429597582,0.04795364560516987,0.5044518891392188,0.35472276103502254,0.013646475966447736
2006-12-15,0.6589251304880966,-0.012807374464579864,0.5069841195672581,0.3770025943446477,0.07236709643129935
2006-12-18,0.6860646127208246,0.5803099376547237,0.5283929595219726,0.3543010022183445,0.09200234001468255
2006-12-19,0.6877522991843282,-0.4739804340559487,0.5698654216809437,0.42946506312102223,0.026929883906885634
2006-12-20,0.6904753576035377,0.0016864535655181099,0.4996076837328639,0.36065000928844115,0.07806545687737798
2006-12-21,0.6799072241602491,-0.01763165277643594,0.5274336210267159,0.4474624596387464,0.06993518368388961
2006-12-22,0.6494346520326818,0.11494860715627826,0.5677462596829651,0.36786805737503453,0.03544464397377074
2006-12-26,0.6771011529411757,-0.41679896592315435,0.5272161621849611,0.3937432905509998,0.09086135375372917
2006-12-27,0.5861533970294909,-0.14207128167386965,0.5751987179393286,0.27242603958655687,0.040471041297626666
2006-12-28,0.5798530592055089,0.07622603279791262,0.5771530619008374,0.3025383393325408,0.06701959535366019
2006-12-29,0.6611906182502242,-0.21271966438301973,0.6241016659257863,0.44033572921381015,0.06284211995605743
2007-01-03,0.7604260240174867,0.42679841095223997,0.5355984296254637,0.3562867193407986,0.00771580219761402
2007-01-04,0.7315424925032679,0.12997272278897945,0.5560038429464681,0.5324397226241915,0.010342509958032221
2007-01-05,0.6485049880055986,0.23858645967560932,0.5658514343942945,0.5082006657497646,0.03222473014670373
2007-01-08,0.6272155374892269,-0.1102789601515804,0.4470092669833363,0.4214544100228105,0.04529532016182539
2007-01-09,0.6216373280040914,0.16287851589497193,0.4609219396307292,0.4345134511686969,0.05327114916534514
2007-01-10,0.6167966256444568,0.49885519822175567,0.552288113013691,0.45761058464464605,0.08147288018690173
2007-01-11,0.6332741875315018,-0.3736121880497308,0.5561742701002949,0.6136882471633041,0.06150349861702229
2007-01-12,0.5752282039240479,-0.03141338504356774,0.5287624041806196,0.5793593681388265,0.09065212037762979
2007-01-16,0.6708160682340393,-0.2009594033729957,0.5810892854975488,0.31037978168626906,0.07407113252777228
2007-01-17,0.7374323194796687,0.1323921853735189,0.5091471201782901,0.2803906144053784,0.08556662845538142
2007-01-18,0.7640608357597818,0.04203150371966337,0.5457636644409527,0.51542308264135,0.09372502181240544
2007-01-19,0.6228276468296116,-0.013015350963678028,0.6034164506348855,0.3298840130041005,0.09544698581631562
2007-01-22,0.6422069438179588,0.010655065703511078,0.5161568611422043,0.3738461916667233,0.07405400563831059
2007-01-23,0.7008546964407284,0.1789571363805438,0.5115079412846358,0.3282412623532062,0.09291184946311208
2007-01-24,0.7438949615343696,0.10166068321946636,0.5509200168776575,0.5557353262332574,0.09215039734322182
2007-01-25,0.5882569238519694,0.1383338410790363,0.5454577855521121,0.44437452877160877,0.013182063403349098
2007-01-26,0.77912609770975,-0.12621630970779452,0.5017628840478187,0.44194901823115085,0.008219110680787378
2007-01-29,0.7304603937883962,-0.04771524848710369,0.6578372115000688,0.4061303403360164,0.06552995341240055
2007-01-30,0.5986459518126954,0.07507343935086074,0.5395054411892747,0.29598531150767654,0.005280538494401932
2007-01-31,0.6705451771359925,-0.3517506880993038,0.6387402497419717,0.36850498899103035,0.07143073178555881
2007-02-01,0.7764712736130897,0.15916909870106272,0.6084647795647675,0.45467439914239133,0.0337071319383961
2007-02-02,0.7377803901804821,0.028046291414382925,0.6060489472317364,0.3821769594491001,0.012319981256400504
2007-02-05,0.7254194748869921,0.0019205460838027507,0.5397220932360386,0.5155399750216535,0.0698734085991449
2007-02-06,0.5786171363690471,0.058610320975320464,0.54764265668461,0.39199239586003437,0.06294696245540152
2007-02-07,0.6177896397817312,0.14877837265715851,0.534033031794143,0.29840995585481056,0.06852323991348538
2007-02-08,0.6951910068943972,-0.2049822445309195,0.6026223649851713,0.4860427768477115,0.025260151162559377
2007-02-09,0.6585405181639169,0.03970174009170171,0.605440081712912,0.42885268849785707,0.02217613384424907
2007-02-12,0.7775854256766617,0.2555999626121703,0.5436268523304061,0.2712421353140916,0.06398013470452975
2007-02-13,0.6097119652079158,0.021138704390725734,0.5900962908974643,0.4053424041037546,0.06944129639636723
2007-02-14,0.7110696972854398,-0.3987109861443181,0.49989730505727853,0.3414398820060027,0.0958900779059892
2007-02-15,0.5531893947951021,0.085630362621547,0.6168275769980257,0.41975530050837706,0.011393859678367858
2007-02-16,0.6677243099210921,0.10088763528698406,0.4583275295763483,0.4260320198593141,0.07002275347372319
2007-02-20,0.6723304081437099,-0.15155265529400358,0.5877015356860811,0.5482075736515635,0.01457221699644412
2007-02-21,0.6230433156085745,-0.004536627648513257,0.6108895316256904,0.19861027712454807,0.04771896231370285
2007-02-22,0.7206319717349736,0.3747981878839105,0.6301144921735337,0.24564342363502184,0.09328119631300684
2007-02-23,0.6946439231953974,0.10553191677579042,0.624328443128718,0.3568854876798007,0.013361906326603445
2007-02-26,0.7062299720144416,0.13626644429877396,0.6302274201882536,0.29003762322187476,0.03496236537100679
2007-02-27,0.715789848653867,-0.058598473460844416,0.5470975406196261,0.4177864128790502,0.0515986554109685
2007-02-28,0.7783673286860435,0.2103316751588551,0.556253688061191,0.5582969215615033,0.06553813711255473
2007-03-01,0.7143349212341109,0.20787009055104974,0.6377302223750088,0.4389338528579672,0.08651985759387888
2007-03-02,0.5370356576381994,0.3330697748108916,0.6002006259715811,0.40390216936282386,0.037311989290037484
2007-03-05,0.6799220624476288,0.4590903478718503,0.6180244242622047,0.42688249642625514,0.01834695020605085
2007-03-06,0.7174411484313242,-0.275912578492083,0.48154721736494926,0.38100750562011554,0.007526113325927031
2007-03-07,0.774232258506196,-0.0835844796802177,0.5997234179495918,0.565720484450656,0.036958093298089044
2007-03-08,0.6596042700086305,-0.5109729415937173,0.6321853373424526,0.309179347111941,0.046330537990095656
2007-03-09,0.6448114822825857,-0.16648706106827274,0.48989724926904543,0.39433828571653773,0.01149864630949411
2007-03-12,0.6718577061170149,0.44711147498623305,0.6087007967141614,0.4439322686183848,0.06672857140702153
2007-03-13,0.624439759997777,0.06334917514473802,0.6205441910413978,0.3923124192793854,0.015021618122694803
2007-03-14,0.6877996836335385,-0.07227939275622168,0.5181102205777178,0.5409979034275335,0.0765795252156406
2007-03-15,0.7109120685711866,-0.24655114816051757,0.6233482090495027,0.3292410726811012,0.029135331685449097
2007-03-16,0.640102795102313,-0.106426821498745,0.5787367750956246,0.3997601463983411,0.002991293578591281
2007-03-19,0.6145423844361364,0.1977231257344373,0.6200624636581369,0.2530654213490363,0.033068844068075
2007-03-20,0.6542475561055642,0.024717728556351366,0.6212420833824047,0.24345219152298808,0.02617891694336101
2007-03-21,0.7482632383882901,0.19445273583668207,0.559159884240192,0.31789236417711164,0.043226230348025585
2007-03-22,0.622938641467454,-0.16624685181777255,0.5222775074920146,0.12710625659639235,0.06708947668069684
2007-03-23,0.6640545384570592,0.3661839417809408,0.6279055389235189,0.597086526867405,0.0031735531526023934
2007-03-26,0.7118079590931764,0.3996281238200773,0.6004472055433545,0.24713129845315865,0.025665856801537212
2007-03-27,0.667910649186994,-0.09072554804951596,0.6240608836531081,0.2715048028053796,0.05240162768362732
2007-03-28,0.6163842288789453,-0.09347821128787238,0.6466319364950512,0.42902012178786575,0.00547478797907306
2007-03-29,0.6016838704634158,0.08651931053336047,0.6216343182543673,0.5294216470968768,0.08093859301899095
2007-03-30,0.7453844861553267,0.19874732897491038,0.6697210263210766,0.5403826670337519,0.06553428330507141
2007-04-02,0.6360979964248197,-0.19179979949288667,0.5986839041368718,0.41560830079469985,0.0781107854871041
2007-04-03,0.6706065219731491,-0.13917771561148704,0.6108469239127334,0.26686512778872273,0.002985325616149537
2007-04-04,0.5670560183562007,0.03958830340229524,0.5166218362094832,0.5093794920679859,0.06408330315155181
2007-04-05,0.7159330993873847,-0.11264612763846185,0.573992260416245,0.26814654565709284,0.027626150146010355
2007-04-09,0.5959904398251142,-0.1668141923672967,0.6019357392800149,0.5700343866132244,0.005670539614803294
2007-04-10,0.6006713840485064,-0.15794583546410987,0.6143636568047993,0.22909523582980915,0.038311512361975865
2007-04-11,0.725232410335516,-0.17291461701970845,0.6393706330410066,0.4835816445043972,0.05941704236266744
2007-04-12,0.7543753626985719,-0.25475958605795546,0.6625049219703492,0.5833210755843805,0.08646213660442617
2007-04-13,0.6714996778767105,-0.09034255236696723,0.6522782203789791,0.19953967525633046,0.07211396970564234
2007-04-16,0.7159654383314918,-0.3664548327441946,0.5802523900027197,0.5781245491095209,0.06391320003276059
2007-04-17,0.652768059657313,-0.026814643039110256,0.6130419904611878,0.19458147793392697,0.08411855378620851
2007-04-18,0.6068299467480451,-0.08975565582934335,0.560873435471594,0.32736845852805674,0.025652013259874852
2007-04-19,0.630591307280695,0.002155970165496942,0.6317741032378186,0.24010475705225837,0.07217314832226177
2007-04-20,0.6717123774195272,-0.24006633558747714,0.5978397029674718,0.4141321735107599,0.05870037388778215
2007-04-23,0.644120263453626,-0.11726828632537785,0.673761851701558,0.4915822777991797,0.07912663289615812
2007-04-24,0.5740994281865224,0.31010379212210204,0.6250631338920505,0.2806197873050028,0.054713763229198
2007-04-25,0.6627768902054223,-0.2149604588524614,0.5941398232088021,0.42949774613737124,0.05285560743444439
2007-04-26,0.685525778166197,-0.06328173895486715,0.6308760846386168,0.38750012728842625,0.010910431995552484
2007-04-27,0.6149503276162844,-0.0862108380931465,0.6180471412487314,0.30652860805960414,0.008837770417725588
2007-04-30,0.6844342230252864,0.0905755926869718,0.5637303970884546,0.4059889484251184,0.07623634977959706
2007-05-01,0.7442839275177004,0.14252239425544733,0.5847967311014522,0.14578324543511123,0.061270264251082174
2007-05-02,0.6502623443293801,0.2181921256187169,0.5868227884817516,0.10869738904723941,0.015685414826369416
2007-05-03,0.6686469419710886,0.23886926715753334,0.5836855424874315,0.3255585763436767,0.06883158443192092
2007-05-04,0.635994171650261,0.16122162543928847,0.618866816152292,0.6108211915487067,0.037906399913993416
2007-05-07,0.6578384192248302,0.01559009415412372,0.5890739462466532,0.4860739337932685,0.010080965980708312
2007-05-08,0.7669622881328974,0.24201571253074694,0.6222698388898398,0.4488964869160616,0.06746906940833024
2007-05-09,0.7362182618707153,-0.10965753863188621,0.6072682276574484,0.3767487439209043,0.08729966617818581
2007-05-10,0.6103662118657324,0.16631940347069063,0.5840492121065861,0.27858169201406335,0.0447546350177066
2007-05-11,0.7120958510008797,-0.2316647422848179,0.5713541610586663,0.3935152128803785,0.0423791933699185
2007-05-14,0.6414654140140957,-0.024969814733248562,0.6485773109775974,0.4584636934590618,0.022209780953078476
2007-05-15,0.6282024846632913,0.11221680009669639,0.5774010989299491,0.27154267461081927,0.06909422080583132
2007-05-16,0.6713786261096136,0.08080804270219889,0.5878192234491446,0.310184338136369,0.005934611966004633
2007-05-17,0.6649648711012318,-0.06677680468732794,0.5439450747090432,0.31062417505741635,0.09040080975349607
2007-05-18,0.7336398411029019,-0.37588368823084617,0.5233054682092249,0.16586822873193824,0.02643550718734189
2007-05-21,0.7907643442423449,-0.1476152267620612,0.5868867628168335,0.5201375637122166,0.055493457655041656
2007-05-22,0.6923681823930193,-0.018034847489134545,0.5299966117518623,0.4459556199773936,0.002171252546696634
2007-05-23,0.7536630131726297,-0.18386110829496605,0.570026234295466,0.420067019839281,0.09998282012865987
2007-05-24,0.689567747517271,-0.27046760268835546,0.5953002646820152,0.47811286802841846,0.04541762808761316
2007-05-25,0.6681388634475153,0.008555412628658363,0.593742905048385,0.4329506348021079,0.07972909322961698
2007-05-29,0.6595044356095988,0.3371561310798294,0.5842541752254954,0.2551761486128241,0.0551102108374864
2007-05-30,0.6972225610128899,-0.11232033827979171,0.5875873899142121,0.36853866419867853,0.022853462544541327
2007-05-31,0.682764064129967,-0.04719661358780912,0.50607524024469,0.5916215687397656,0.0781301546685372
2007-06-01,0.6749564608250325,0.13713769759180472,0.5533199954358474,0.44145370561697583,0.06027236182129733
2007-06-04,0.6585555165223,-0.21419496978193747,0.5596000208775633,0.3580156944502007,0.09924650173873459
2007-06-05,0.7284427629980624,0.027020240356957815,0.6280318015628692,0.5291955475694158,0.04797845917734406
2007-06-06,0.6917958326000478,-0.16891016970932696,0.5345477771915199,0.44237244182290786,0.03869588435647812
2007-06-07,0.7431031798892636,0.03508420200955684,0.6560618514516466,0.6063806108267598,0.08818238893687218
2007-06-08,0.6535444568952014,0.06356014080629001,0.5600458308878367,0.2946042008087226,0.028553968279742672
2007-06-11,0.6859948278159373,-0.07900115037451963,0.5513024672164084,0.41197017508683303,0.022620749573719123
2007-06-12,0.6069209059271842,-0.05625838903286491,0.46087113168426763,0.3915474018460178,0.045256996490143635
2007-06-13,0.6531726217169515,-0.03889448817852553,0.6068824400778955,0.42680942815779976,0.0742870506493258
2007-06-14,0.7577633015201647,0.008751152410186485,0.6470194987194118,0.533306388335915,0.03531456942277491
2007-06-15,0.7131546649331543,0.32074886187352636,0.5886144024811295,0.4011291228928828,0.0668627595467143
2007-06-18,0.7835682788577565,0.11906017941200962,0.5155408412871132,0.2816219648515294,0.01782625245674757
2007-06-19,0.7589958175539038,0.2576162702913415,0.571029305650315,0.407609242537365,0.09145457420803782
2007-06-20,0.6353870709961833,-0.217471136384227,0.5916839064186973,0.3100351592637211,0.07095106418380148
2007-06-21,0.6705499302081581,-0.08602533984084418,0.5503626356569165,0.4413675277525137,0.03644033197232971
2007-06-22,0.6691142397110887,-0.0002621600397032277,0.6371126163334214,0.3944293811533217,0.037609649216327604
2007-06-25,0.7081155636418981,0.04616250699479358,0.6022375570246666,0.5827867601342371,0.0494905345483105
2007-06-26,0.5548130607865343,-0.06004785920985104,0.6544970004485615,0.46703699156718587,0.06143063836901389
2007-06-27,0.63018030473786,0.16625729755459137,0.6397551931596116,0.30173693812392965,0.00909657485999289
2007-06-28,0.627285458296248,0.052294383900485034,0.5340928993904775,0.35474190909014586,0.0536013153861227
2007-06-29,0.761436448915723,-0.07194722554163636,0.581864185054759,0.44162905247273443,0.08128788509407611
2007-07-02,0.6574497657195574,-0.048447863730994446,0.5358243803544543,0.4692708662334744,0.05331849787531269
2007-07-03,0.6067977273785498,0.31893580051069603,0.6251069810378828,0.5133692643410883,0.03854878558591332
2007-07-05,0.6892714161606174,0.16384951138165788,0.5464915021364636,0.26750451759646543,0.04914146807963075
2007-07-06,0.5853242987789921,-0.3085411422379916,0.4960318577272555,0.4974918197592154,0.06035198101071211
2007-07-09,0.6058113007585283,0.26567009248088946,0.45683891461573,0.4743507209567219,0.03438399165677302
2007-07-10,0.713975431693302,-0.15401219514556486,0.4820639456367904,0.4719766520612879,0.07729991409542632
2007-07-11,0.5806663674285691,-0.19058109753445884,0.5919192722481903,0.36934816914002266,0.07174352284300527
2007-07-12,0.6748682510066937,0.14268050463458268,0.5887603271556405,0.513657751764722,0.050194042380928255
2007-07-13,0.6567200157722125,-0.1463659907186149,0.5413092696521199,0.4019729313219871,0.06447344119370721
2007-07-16,0.6281706265911291,0.1476622288557001,0.5538016554760764,0.3964026977262825,0.07446147195827048
2007-07-17,0.6698699844408159,0.20491361980977674,0.599337279101159,0.44751087028728237,0.06883111837465987
2007-07-18,0.6822425970306064,-0.23520818577553007,0.5038102223244719,0.30044262100335917,0.07067995463507647
2007-07-19,0.731374826180943,-0.1218643040106458,0.545742377514744,0.3075984486053418,0.07904340010118364
2007-07-20,0.5917767884421754,-0.2570520003024072,0.5140480098590277,0.6880326225363305,0.01811239346710385
2007-07-23,0.6721691847254737,-0.18491065479899788,0.5130602624008527,0.37011919318411407,0.05515238657724991
2007-07-24,0.696307365073705,0.2273723147309351,0.5802303876662818,0.21267634406311542,0.04922851254779801
2007-07-25,0.6016392374308412,0.008933351293061916,0.5084031899352135,0.36124462358468057,0.03096461437245586
2007-07-26,0.7031126218112379,-0.0712279857664168,0.5986541943859417,0.23811572578686024,0.0930804437059637
2007-07-27,0.728021130654493,-0.09490811129478162,0.5008020454631651,0.37193929909077694,0.04479882459829476
2007-07-30,0.6274996904234967,-0.3480097094724522,0.4807422790943386,0.4907687321581889,0.012749995130095872
2007-07-31,0.6641902478993753,0.40893353176050806,0.49752757234768136,0.42548144377872965,0.025274012104433387
2007-08-01,0.7328806128861023,-0.04772799884055681,0.4784696690087456,0.38333280893942606,0.024154099470457227
2007-08-02,0.7068353260701267,0.05970103811241981,0.5718141308234945,0.3471215578054397,0.009135502203454405
2007-08-03,0.6214981277847048,0.15158637177684806,0.5835286713802301,0.33899735118988206,0.02418667373744217
2007-08-06,0.7348375979142324,-0.08581443541042091,0.452643102902867,0.4641445640785225,0.07621282803559189
2007-08-07,0.6586712393083626,0.06780207314480831,0.4666859483276632,0.37976594188740515,0.034236274943280014
2007-08-08,0.5750156792809957,0.10640837552054119,0.4393190047011474,0.33165121687395915,0.01749736773124826
2007-08-09,0.7328486820860878,-0.2546114167596248,0.6331905665664033,0.3551375238125258,0.006682588490376651
2007-08-10,0.5916412858615767,-0.12235494553582937,0.5141012036392535,0.24651282453132786,0.058673113806176326
2007-08-13,0.7025678040942913,0.0592231918215404,0.5095390061318592,0.461003751805224,0.0011877636576792972
2007-08-14,0.5890726128175068,-0.25744015084189215,0.4775832692676303,0.23693252657695812,0.028597864824811504
2007-08-15,0.6680565426576373,0.06664821923915107,0.4686858938106202,0.4557181165881873,0.05056496203378628
2007-08-16,0.7370506294096082,-0.034577613682787944,0.5706061762138838,0.36179833757354324,0.06512323948533737
2007-08-17,0.6891480848852223,0.006574095171376857,0.5203167920949224,0.45787263110970755,0.06800499478809692
2007-08-20,0.6578534661713761,0.03642022957535197,0.5567654260659851,0.47385584221602184,0.04828450225805227
2007-08-21,0.6824705978754289,-0.03931290417459687,0.5056963507020709,0.3984221942662131,0.02349323649553795
2007-08-22,0.6818113729316523,0.16479756127992873,0.5602105364076895,0.4426918929949522,0.06421492535277677
2007-08-23,0.7228199727938062,-0.1800541125496268,0.4754661153038543,0.4882134255253851,0.07996155131878095
2007-08-24,0.6524679961643567,0.25173687213530926,0.42324339859309834,0.18712408139001752,0.021148757752704264
2007-08-27,0.6820573924471679,-0.20372555943638793,0.5051529185433365,0.41301809418845664,0.04025384867024784
2007-08-28,0.7348232542929779,0.06339368168316814,0.570867923156455,0.15750178664285783,0.035114531935251596
2007-08-29,0.6632826301565691,-0.44107405975943403,0.5563889868120543,0.33542306701437513,0.07390663598822243
2007-08-30,0.6352625453543631,-0.08410368924995108,0.48176655995516354,0.2839393204581904,0.0886255865855936
2007-08-31,0.662374040812145,-0.17808659796972204,0.48034237576722255,0.22107950843340754,0.09655353286142936
2007-09-04,0.6553930530473983,-0.1446918295655337,0.507780923258087,0.4295571309763299,0.07403499530571529
2007-09-05,0.6576923585746504,-0.06247121341665486,0.5418796935785561,0.37313567637734074,0.05522924463247623
2007-09-06,0.6798567592793813,0.13719080515671286,0.4607699860420596,0.4703691177945405,0.05588311150604957
2007-09-07,0.5872427667578332,0.09458009221833868,0.53359536676934,0.3233463473437441,0.04232244552720435
2007-09-10,0.6093938389851616,-0.16062566351542537,0.5910167850791401,0.3379938643217221,0.06591168502448295
2007-09-11,0.5849923082401428,0.1848772451560016,0.521370093439246,0.4133480209014783,0.0007005670612350468
2007-09-12,0.7053021503779094,0.3369164642538012,0.5385477059131899,0.4049257307196705,0.04924297929214802
2007-09-13,0.7434517313224379,0.2658538971561802,0.4912933323538839,0.39402656051036655,0.08898054085069074
2007-09-14,0.7130399457122321,0.08272534657891506,0.4660994420682859,0.3284279394095651,0.023993391817416488
2007-09-17,0.6811676265499031,-0.05047609390641115,0.5186687685625765,0.30338098609270214,0.00895703976940202
2007-09-18,0.6129210660529972,0.21544424246985183,0.591493430200168,0.44105798085907655,0.09851593689566318
2007-09-19,0.6795970417818916,0.01591696653294916,0.5170758954239472,0.4217879387313481,0.022732892270429086
2007-09-20,0.6326374380110763,0.06702160445249528,0.4732575786120705,0.5636940673171683,0.02362008962049571
2007-09-21,0.6262395900358154,-0.05068520271013493,0.5256740790045459,0.48873965568337285,0.0006698619990193278
2007-09-24,0.7012122330467762,-0.0017863729137834574,0.4563738596332909,0.6162918380001648,0.07811982665322792
2007-09-25,0.7091320300124857,-0.20594667041060355,0.46810895040590067,0.43806921101862645,0.00026629970216830446
2007-09-26,0.6572213183914783,0.009782602792943015,0.49120758813539883,0.4482192990719555,0.040468607055543976
2007-09-27,0.6961030850867448,0.34278139644490674,0.42695812420283163,0.4527672290702252,0.07994956429903494
2007-09-28,0.634695472202849,-0.03036879739204226,0.4919417989597633,0.4708969054076217,0.05587222937547033
2007-10-01,0.6615919411487804,0.22304247180596645,0.5678894016000321,0.5776992173568731,0.0028938827821010094
2007-10-02,0.6518517640207317,-0.024445683775096906,0.4980030260093658,0.42048121137579786,0.06713813377791587
2007-10-03,0.6699467149415915,0.04292415340285555,0.49579400323937756,0.48092594263607646,0.05374327767078527
2007-10-04,0.5999132695853648,-0.1706901503725824,0.5073253525144845,0.46987581741456685,0.07356719331377941
2007-10-05,0.6629034644924762,0.17403965303321525,0.5569392402879264,0.47436335859661005,0.04977134986219322
2007-10-08,0.691463137606172,-0.13081388600833907,0.5196029291850615,0.552433292904801,0.04373166005312865
2007-10-09,0.6967513512810325,-0.04632527774053799,0.5487839316301393,0.38648545178615057,0.014750503948045703
2007-10-10,0.6383673103227847,-0.058390052119219285,0.5008223422372954,0.4911963135080747,0.03128327773714741
2007-10-11,0.705690840858581,0.3317604562838006,0.5163315574581815,0.38971090083438975,0.03851943912930328
2007-10-12,0.6513865905761419,-0.033478564890656225,0.44943415637539086,0.2807457803736669,0.06081422352395134
2007-10-15,0.6935880937652565,0.3641342790521285,0.5062929130735829,0.4509444418584781,0.09937467966038638
2007-10-16,0.6452490313207742,-0.018105103587626348,0.5451693668420668,0.25172108101122515,0.045147311466668553
2007-10-17,0.6418860991475479,-0.09009276690525515,0.5313784088548018,0.3350806955387168,0.05089029751700056
2007-10-18,0.6452318191837693,0.26635993028406757,0.5846380375302445,0.3582367570514533,0.08525685522843245
2007-10-19,0.6715350407973838,-0.10699695960664238,0.5896104793610301,0.44796339714850286,0.05755015250134154
2007-10-22,0.715502914473874,0.16989784400461438,0.44412640571431516,0.2896795095142555,0.054165584229204436
2007-10-23,0.6561864251857656,0.09879967018081458,0.5127561964878807,0.4181135412728532,0.047455123529241194
2007-10-24,0.6451092641836829,-0.27385678665385865,0.5694618057735016,0.391963522843488,0.021278031284142386
2007-10-25,0.708335736199405,0.35886671043569,0.5626093059462784,0.4227341221705056,0.04451411408294764
2007-10-26,0.5774825509134974,0.019054501418946396,0.5729606153105726,0.2058841188239369,0.02163422186975711
2007-10-29,0.6886727834890621,0.19271240455234923,0.5297998861427139,0.535793681999925,0.03335773991004807
2007-10-30,0.7000432355608265,0.09341013085419839,0.5083567636355121,0.32614032609185956,0.051965057399936045
2007-10-31,0.6011765129229589,0.13031026986338587,0.6081981628149795,0.4209287153934876,0.05784509865043851
2007-11-01,0.649168021667032,0.042142138792562206,0.6123959595872747,0.3300379318730444,0.012636351643075628
2007-11-02,0.6915105672675249,-0.1270955252244438,0.5583667962595995,0.3961937370528779,0.07665129904196429
2007-11-05,0.5788232601812427,-0.2008092706663975,0.5187091964385312,0.2940227200087818,0.06304741289973383
2007-11-06,0.5870230996834962,-0.08083257502072483,0.5163610109410822,0.4116974493595943,0.045034739255912226
2007-11-07,0.6512537644127971,-0.25588190812714967,0.46043893100671096,0.6437877115720236,0.08483440545955404
2007-11-08,0.6268081648259992,-0.13403102198775826,0.4535366403726432,0.2399221369797044,0.02854825632847884
2007-11-09,0.7291804202057515,-0.07407421629862289,0.44068500213958844,0.19656850857860766,0.04406605659996075
2007-11-12,0.6631240444945654,0.21031733246114526,0.5406831215964218,0.47327183415065716,0.04565622563832855
2007-11-13,0.7036782878033411,-0.3435405613427642,0.43860537068722827,0.3702211935046803,0.03364027453784916
2007-11-14,0.7074609934162899,0.40782195397184495,0.5118774404827547,0.3956926938845919,0.006393506743897982
2007-11-15,0.6609101534422102,0.01856319656749963,0.5269357515344905,0.4768549517403478,0.01751013406749774
2007-11-16,0.7245610958521067,0.04478515541884984,0.44706882677354715,0.20738255156397362,0.8501164596143307
2007-11-19,0.6327584742680046,0.044591403329262154,0.4933063883495991,0.27479697342437515,0.053330293870061954
2007-11-20,0.6134690211093943,-0.2689746159969675,0.5337651405650665,0.4165500328356369,0.03004849284258361
2007-11-21,0.7118074157644305,0.44240722015117584,0.3993992494166449,0.31612822748990144,0.008539507412716718
2007-11-23,0.6198255680701651,0.09312104438585134,0.5263967160695968,0.17032852591489292,0.05978251363155809
2007-11-26,0.6640753020625423,-0.27723231258774217,0.43683725918297367,0.35892499397828526,0.07727998222639834
2007-11-27,0.6129522336052556,-0.19548111926609463,0.5679149150230891,0.3430741182518866,0.05618694653175206
2007-11-28,0.6522729020917101,-0.41144802869934094,0.46535466819676585,0.342271376513381,0.084688846338634
2007-11-29,0.6906900286803795,-0.07696228355229473,0.5599188700046025,0.6045857560906744,0.037306083551261464
2007-11-30,0.6618464031267042,0.15851303490394758,0.5083183206256924,0.5281103645655335,0.07837738663080991
2007-12-03,0.6617410518682648,-0.17118660022421786,0.49859618027898767,0.49178639168049476,0.04995184782045547
2007-12-04,0.7258174363525962,-0.007126510410848639,0.531994548285428,0.5645774863010674,0.004158117099741021
2007-12-05,0.6375208262535307,-0.13258974299122167,0.421552814626674,0.30088992800099423,0.06847010120632681
2007-12-06,0.707983437659317,-0.16292679018698467,0.5466425624810891,0.438118462804584,0.08043960289048137
2007-12-07,0.5771048623154023,0.048311278465724014,0.4609067171294311,0.4823632603735078,0.08769742997736282
2007-12-10,0.5866802459787965,0.056256380083090085,0.4857378438198925,0.5094483718786327,0.053879256110954545
2007-12-11,0.7091372895662011,-0.3146962441618366,0.4702856656364133,0.430012359657219,0.09632010354104875
2007-12-12,0.6444345413152511,-0.09133345852785375,0.5007320414039145,0.4552052164909405,0.027434601307611453
2007-12-13,0.6464243286490398,0.13361247772034235,0.5611235597400706,0.13749985312804575,0.006915372307620904
2007-12-14,0.5796524236472111,0.291108566873737,0.5304016876130102,0.5970152718746675,0.09743523708429624
2007-12-17,0.7043264858895183,0.02087543474860793,0.6071400001339564,0.3085752146587691,0.07089041807721118
2007-12-18,0.6233803961675498,0.07039300828073822,0.5038379264662247,0.47929040621217467,0.07462961930252525
2007-12-19,0.686802418255889,-0.19961448423385572,0.5602124179167235,0.2563883225268414,0.0630538329697248
2007-12-20,0.6787736218495259,0.2522862863490679,0.5301091318543227,0.28204382676860557,0.02124644316983785
2007-12-21,0.7017280327768936,0.10090065268315006,0.48796131461213543,0.3053545112343429,0.033768814018439564
2007-12-24,0.7193753916379336,0.12916806456143257,0.6512992999091657,0.4755336654280564,0.05928845025234171
2007-12-26,0.6240927819333515,0.23492494252506912,0.4874265374398839,0.3093263167655309,0.07093282339032075
2007-12-27,0.6203581077846522,-0.09618422084049366,0.4813329103015679,0.5205125218092943,0.08906361570841144
2007-12-28,0.6307096838240781,0.13544921165298845,0.5217183191174707,0.40773603066306335,0.020003626510602203
2007-12-31,0.6544700713762617,0.08949937338197736,0.5928125684491062,0.5386064437372772,0.008262133645693793
2008-01-02,0.6552787544138037,-0.18758203647961189,0.5515739063694644,0.442697247294644,0.07978070034628942
2008-01-03,0.6451138840954564,-0.3747796901715627,0.5762997348418399,0.3228042808469327,0.005065281149234957
2008-01-04,0.7192953064629947,0.13008607091677146,0.5953811476373162,0.35484695416360174,0.08107929242173344
2008-01-07,0.612994320943735,-0.16929188663794248,0.5686030350980358,0.4979711465036369,0.07252981295527597
2008-01-08,0.721155213861815,-0.062350175150441216,0.4835453073925622,0.3104069502293413,0.06412711409477816
2008-01-09,0.7024121320855587,-0.20839989704558098,0.5266689622522155,0.4553468822289992,0.008473310545877933
2008-01-10,0.6374236029315853,-0.11969324458814237,0.586330542891249,0.3308800120079628,0.05534842189796551
2008-01-11,0.6784688046429974,-0.03016659645090829,0.5844632008437048,0.3723852155944423,0.08413749047253781
2008-01-14,0.7848295041838769,0.26126965269878405,0.5871293660855406,0.4327747168952429,0.08327865742386942
2008-01-15,0.7690911066931795,0.34381885766878617,0.56943792695987,0.510005426807394,0.02023234875116611
2008-01-16,0.7320454372786357,0.029610160885182386,0.5533340317807313,0.46161160634962684,0.05179399306943777
2008-01-17,0.6387258498309727,-0.17233403878103856,0.5532912454876425,0.560272836171703,0.05814871963246213
2008-01-18,0.7006829200081186,0.03757937372409986,0.6148845753149357,0.486024755583506,0.014255447552515899
2008-01-22,0.6577319699236537,0.06208234977451515,0.6012528925532626,0.48429711176220896,0.011426096029443267
2008-01-23,0.7188516516176179,0.1222023412446629,0.4964752051136114,0.46505325461848657,0.07892446962205132
2008-01-24,0.6478423832402377,0.14773408306221839,0.5325501750768392,0.3600756327978904,0.03918890333373666
2008-01-25,0.5911759234238647,-0.1777841212673058,0.5321533086818475,0.32960129909232766,0.05086977199465598
2008-01-28,0.652032047338762,0.0698207355105338,0.5486358200278338,0.43771281398569367,0.07832527489048668
2008-01-29,0.8006367529185858,0.04653272625144079,0.5545639687997542,0.48921742829807047,0.031841058885455624
2008-01-30,0.7540261209386445,-0.01303575159348365,0.6031982147575334,0.4050253253784455,0.08037682546348084
2008-01-31,0.6987877448046156,-0.12270059619391148,0.6363009482681783,0.2589924893154675,0.024886579024192647
2008-02-01,0.6683220503205521,-0.32218616963975144,0.5205944177285218,0.4684099391833677,0.08372771957955466
2008-02-04,0.6343146025745883,0.08652889816512965,0.5537242045429529,0.304176829664777,0.03897719524832362
2008-02-05,0.6747649479624438,0.05258176153116715,0.5683160978724678,0.4450853146151722,0.05869878568308123
2008-02-06,0.654213304967967,-0.14802096307599308,0.5671757715422312,0.32286716171753754,0.054149753714408416
2008-02-07,0.6835754573876958,0.04810549980926662,0.5183895120058045,0.34488101466136034,0.007867156860303315
2008-02-08,0.7535772147042863,-0.03525559620793773,0.594815621933231,0.5707950238354105,0.013606115442743816
2008-02-11,0.6879571763522511,0.22417254400927164,0.6135411080302542,0.641650268190708,0.05271266409939998
2008-02-12,0.6380141805776697,0.06998980358674949,0.6249594103122726,0.3184183583106686,0.0008281261535129314
2008-02-13,0.7261197457716863,-0.2004585966660014,0.5835054820460934,0.36293998996977883,0.07441188725812024
2008-02-14,0.6718526874011012,-0.17439133466358578,0.506549463901909,0.41706243740879945,0.02142038661215813
2008-02-15,0.7098015565021224,0.0347508222946043,0.5861310809068032,0.39603400386314325,0.034422573813912095
2008-02-19,0.708590832202736,-0.11628616667985113,0.5248493008980103,0.3644680765138768,0.08121974211648963
2008-02-20,0.6344554225239294,-0.27224641208817196,0.5556713273227993,0.3948130284233869,0.03188569784274077
2008-02-21,0.5780177691530961,-0.05560668641371901,0.6275761419269796,0.3707366962941066,0.08481977206849696
2008-02-22,0.7791537315025682,0.2242338288029373,0.5506427008226151,0.303719719532294,0.09123630227416801
2008-02-25,0.6299183229240597,-0.2581083582892079,0.5365233190901225,0.4590255843504761,0.06273706137741869
2008-02-26,0.6741860517380216,-0.44148189576959,0.6063693103150581,0.3917764145541509,0.061846930485296596
2008-02-27,0.7080953202706173,-0.1889572680459989,0.6341115001577498,0.3423167632818579,0.0352221224320848
2008-02-28,0.575368371365155,0.18248714174134872,0.6124382246369594,0.31609827651539096,0.05842442436508904
2008-02-29,0.6675827157591305,0.04679621048649177,0.5593756369411808,0.3217253112074659,0.018481151533441154
2008-03-03,0.6455304134945302,-0.15200096519019984,0.5831590666039589,0.3317002798723282,0.07282682949526142
2008-03-04,0.650294289450859,0.505709974935097,0.5644708493500182,0.5344131175593281,0.08256690109645344
2008-03-05,0.6382570711554237,0.1282240404904844,0.6573029290754098,0.6313647404314449,0.05534258092399768
2008-03-06,0.6323145904181725,-0.39549494586686873,0.4928873527290967,0.3251735542355565,0.048025944203434714
2008-03-07,0.7131483204614942,0.30010885026957945,0.6282808465243415,0.29324588708954585,0.04343020880756553
2008-03-10,0.6700677771814815,0.029942651756117197,0.56545693230884,0.46672741848455485,0.0776335618523425
2008-03-11,0.6770808978766663,0.054920107431117915,0.6071164399504007,0.4592346358098973,0.026465565436881434
2008-03-12,0.6563945774193267,-0.1421877860772082,0.6085261343082154,0.1320764541404506,0.0040669626665076454
2008-03-13,0.6932403215708022,-0.1556470310425625,0.5391284400973072,0.47191099843763124,0.09554983289136246
2008-03-14,0.61936025125878,0.2212045456226897,0.65133650525396,0.3418725173601168,0.04349152352982007
2008-03-17,0.6585150598862989,0.08653417375727115,0.55844755862433,0.3344029275715437,0.04862494167608231
2008-03-18,0.6801890833627934,0.1624872143296854,0.6836654654742311,0.22549050700004847,0.04486792837526465
2008-03-19,0.6749247569516454,0.23279147773806025,0.5678809950545358,0.45611798819933036,0.08009459855904234
2008-03-20,0.6727052575336878,0.14063989794021978,0.6801113010358671,0.5072738120589236,0.04072357317455259
2008-03-24,0.699863227220621,-0.11245040156168812,0.5778181025007818,0.28076728943592894,0.08464566362207493
2008-03-25,0.6491025950196766,0.1228220160992938,0.5658049617037384,0.4457962476936166,0.008942049054580237
2008-03-26,0.7559407070814855,-0.04395535484510442,0.5640302796045463,0.29206315036728137,0.03355961227786454
2008-03-27,0.6760344848390196,-0.07652570836528745,0.6131645196463971,0.38512038837275,0.05392504451836973
2008-03-28,0.6831423022101806,0.22117951061165184,0.5531485832097365,0.30573014340769633,0.08883982433172023
2008-03-31,0.7278344656531819,-0.10473913132618205,0.613215089001312,0.3373151694726632,0.0554447769282906
2008-04-01,0.6386682495295761,-0.1803505911110736,0.6767172157894631,0.5819125611065267,0.01601027409786946
2008-04-02,0.6205381643422276,-0.22160145249189395,0.5109546490666572,0.33406476137544927,0.03302396113673794
2008-04-03,0.6645533279095791,-0.3499916088810065,0.5508436588094073,0.45039171085782387,0.07056742434053483
2008-04-04,0.61592722098939,0.01801206371004311,0.6543112294146342,0.39474548587908714,0.045049652936866906
2008-04-07,0.7505984496198963,0.08777144919612366,0.5754091652774197,0.3625561548238211,0.043750617940588245
2008-04-08,0.6139935845030483,-0.12049880138611394,0.7154061655998178,0.5368978307086832,0.0636449647679566
2008-04-09,0.5195127587481735,-0.0691037862872168,0.579426203396432,0.2858149762891597,0.031112573326425398
2008-04-10,0.7169773306274795,0.20278050250676782,0.6211478979508006,0.49139978572895754,0.061575549834813316
2008-04-11,0.6907976141981979,-0.10639495820827038,0.5678558824610126,0.3309829719193875,0.08289152011328363
2008-04-14,0.7563079745948225,0.012456461128743573,0.644643862933123,0.31505970741812206,0.05669044550932924
2008-04-15,0.6591269441540255,-0.026390558235347646,0.6579224851846114,0.4607173550146952,0.08649243390458428
2008-04-16,0.6872813816622719,0.05319255042189809,0.6146346809453501,0.38896896662454855,0.04714605683758393
2008-04-17,0.725793656620835,0.26464847108439543,0.5719519244877744,0.19926700245865542,0.027743425513740295
2008-04-18,0.6860667887664561,-0.2979347892372532,0.5907167410907079,0.3538144422136084,0.00569300842896624
2008-04-21,0.592395889347949,-0.1952069741752623,0.5688327163501553,0.44735849377550435,0.028892774976990134
2008-04-22,0.6844286060944451,0.40907788731257844,0.6477850928915858,0.13191022488387033,0.07211977676472996
2008-04-23,0.7191725072048467,-0.032221589122445014,0.6289986405234664,0.24434205695645167,0.0951772813957939
2008-04-24,0.6902025067179587,0.46897368044794324,0.7162005740088505,0.3514145255355291,0.07566213722149188
2008-04-25,0.6349802805133884,-0.08379912619060742,0.697164246403095,0.4109081117529704,0.08322911997144133
2008-04-28,0.6911733856490403,-0.2130041231163937,0.49968876532431566,0.3505651703911019,0.0055851730105054955
2008-04-29,0.756957690400995,0.43116053461292037,0.6669678930417429,0.4193467192260677,0.06872221851299692
2008-04-30,0.6861333132098245,-0.239046898885948,0.5721188385755085,0.3115401584319719,0.0319789819632613
2008-05-01,0.630631488233996,-0.025559908680047285,0.7264016682930042,0.5775079219559622,0.04472065267167002
2008-05-02,0.6825725417457439,0.10626310218029654,0.6204988648620003,0.3210878022850483,0.031512353924238734
2008-05-05,0.7122710669419822,-0.19601593655469396,0.5306283036644854,0.3263450816640634,0.06222609594917621
2008-05-06,0.6734560936097735,-0.15639646878011595,0.5013666514070098,0.23422912755388023,0.01258517349895081
2008-05-07,0.6347222693461955,0.1697304690693556,0.5416507881788007,0.33524243632563366,0.025098213923126046
2008-05-08,0.6968137659485406,0.08644913182666465,0.5644472216060911,0.41391030585593586,0.06852637355692463
2008-05-09,0.6312793238357084,0.11467480853883925,0.6312822746830721,0.24153408541614035,0.05511871756233218
2008-05-12,0.7182049941316596,-0.17727883009295478,0.5844966211348063,0.27779742795407025,0.03533090994049106
2008-05-13,0.6460075364931278,0.038939973328329866,0.6293900931273317,0.41120767813326337,0.0787148179885163
2008-05-14,0.6544907007528102,-0.25399386969025306,0.5792977691515515,0.3715786410695746,0.04775818861740716
2008-05-15,0.7070085876465472,-0.4705506966953101,0.5483151634163392,0.3708502881987538,0.0648876845510573
2008-05-16,0.7351990216383536,-0.04442665889592631,0.6074916302359832,0.2969027755610488,0.09292520753509977
2008-05-19,0.6843466684832696,-0.06803489335859923,0.5604905253451846,0.2951307369341881,0.06412907868375965
2008-05-20,0.6564614382014182,-0.011987695618668602,0.5663332353459252,0.5353551689546554,0.028881782954605906
2008-05-21,0.7211500595691851,-0.13847736107046313,0.5428437727025531,0.3271316680401194,0.016635794330711984
2008-05-22,0.6949791336718628,-0.04155984731690296,0.5373686925098239,0.25418910858099697,0.01364315472487724
2008-05-23,0.7643222522085608,-0.11872652662327704,0.5097088723278166,0.37242596844774783,0.06274358252433589
2008-05-27,0.6485629671346325,-0.1765702612928115,0.562314294316562,0.3050010619816063,0.06090829761245592
2008-05-28,0.751772220314274,-0.3062631700966626,0.6055718088619337,0.3289890321980706,0.013779364912435156
2008-05-29,0.6006397129275448,-0.12779829161253434,0.6192840907600163,0.4649802975163405,0.017224891050786718
2008-05-30,0.6712085686099947,-0.11159359563900216,0.5721850670599627,0.25247916889998456,0.024198135279317214
2008-06-02,0.6455644408719067,-0.1482641397989717,0.5750201766808017,0.5327190827865017,0.05664341184969203
2008-06-03,0.7054612939234036,0.013665743020170177,0.599571270184978,0.3570187668982846,0.09525373763301957
2008-06-04,0.7291803967883432,0.37663324746019705,0.656717484611648,0.27833926671162734,0.04028876621643556
2008-06-05,0.7218205395402467,-0.0015061942066796118,0.6035233902073533,0.6816650017388808,0.060572032855207694
2008-06-06,0.7239226279405855,0.2872308199856311,0.6343584313351327,0.3600133562820768,0.03104951660115405
2008-06-09,0.6890030867727658,-0.3950248511251149,0.5444481056051422,0.33700873899736017,0.09263443369594049
2008-06-10,0.751604818808087,-0.27188809120737256,0.5355925665606441,0.31412409689795334,0.04636794833532801
2008-06-11,0.6790595984069177,0.15732723553129957,0.46736500836174205,0.41712426413067816,0.0744343111909697
2008-06-12,0.6303010481949682,0.3580473134052093,0.5591248811653727,0.4535422866867104,0.08490963572211896
2008-06-13,0.7528070065621537,0.21147589488619098,0.5981785032276798,0.4157325989510923,0.06730028552481511
2008-06-16,0.6617263803559132,-0.09455184205977918,0.556629495799164,0.4609443886948752,0.039446864939062735
2008-06-17,0.6186969572220381,0.21896832182661063,0.6106118157849683,0.46667019427925727,0.0895471670902686
2008-06-18,0.7027416983088631,0.1103326832483894,0.5823665378452789,0.39397505302505564,0.0904283599944616
2008-06-19,0.6212028029626524,-0.1725979441978992,0.5988150491396043,0.40987863753056936,0.03203801615900814
2008-06-20,0.7248249209354725,0.20514242276300312,0.5700864858390775,0.3428264335490306,0.029173143998554488
2008-06-23,0.6861821962502105,0.3166587098095796,0.6206858485103287,0.30783673078266477,0.08842100726846672
2008-06-24,0.726744801704216,-0.0832470701030335,0.4505825682553525,0.31984252840372995,0.026913259056556282
2008-06-25,0.7186239190839088,-0.37814536019383266,0.5787367948588159,0.41029605252603557,0.027634464344843068
2008-06-26,0.7115241543049178,-0.037757091075592136,0.4354931121051347,0.2534484121534966,0.061298834189669964
2008-06-27,0.6890069535751825,0.055662763760325855,0.5675557842888297,0.45021630423629,0.011747180245797807
2008-06-30,0.6664474615325923,-0.5083948823491976,0.5304800063331432,0.353701060271786,0.009345111758945257
2008-07-01,0.7023168576730232,-0.019768844054669978,0.6217332658947317,0.2210251606240075,0.0991333742927259
2008-07-02,0.6310338347203623,-0.12092552201437873,0.4567794275675743,0.29627625587683953,0.011830366327165054
2008-07-03,0.7301476890502818,-0.05759234007859431,0.46800973864009404,0.4578747230719318,0.09580393012083332
2008-07-07,0.6960004593763618,0.3328137857744304,0.5515110972600221,0.4835910895135687,0.06748924520372021
2008-07-08,0.6926140454497711,-0.19048574353057177,0.4341111169674138,0.33391836985646917,0.05185290916289928
2008-07-09,0.6499061662314094,0.35327847818557667,0.5721081779682583,0.40639967032494434,0.02523321022575228
2008-07-10,0.7056999974151085,0.038960946019704026,0.5320042864358029,0.3472882280353204,0.05874287796731795
2008-07-11,0.6718342190590859,0.26564941483664833,0.5474064926353922,0.6520198101144478,0.0857698132699562
2008-07-14,0.7247101417716388,0.18314400470360684,0.5962437522435374,0.4007433771178171,0.02871345076499403
2008-07-15,0.6916531953670674,-0.24994504924312527,0.582047304938757,0.3539160447186606,0.018347012891875927
2008-07-16,0.6944056847610455,-0.07634211553842665,0.460745992441568,0.317304288244243,0.03354611381763011
2008-07-17,0.7036110048570758,-0.24962422776251392,0.521138408637079,0.48324208379471906,0.09375437543318495
2008-07-18,0.6926131620079419,0.041023353943287294,0.48268867100160096,0.4523775237903959,0.018893471687301336
2008-07-21,0.6841869802681453,-0.4391202100231765,0.4874745855212258,0.3361737773186854,0.06591197276466504
2008-07-22,0.5912695449135387,-0.025224810903481377,0.6052133576012693,0.4459988656520737,0.05785821949967423
2008-07-23,0.6620483120268135,0.3207099624650924,0.481200017929741,0.3832497560891697,0.06635197252810746
2008-07-24,0.651325913475335,0.1772978037659051,0.49404427448922456,0.09770631491765497,0.0125582994539719
2008-07-25,0.6747367545426135,-0.15754594069478292,0.5709944001581492,0.2864027424407903,0.07544687424432808
2008-07-28,0.5717121988256468,0.012477945450737422,0.5553653909577868,0.23179912093975813,0.03168114474016936
2008-07-29,0.6925189274488395,-0.2952478015180581,0.5645782475001847,0.3017150807364437,0.07106447889076016
2008-07-30,0.6400056667909166,-0.16894556077812947,0.4291115119633134,0.3713172740217263,0.06746125842936515
2008-07-31,0.6065086218635644,-0.20449618267141415,0.594750541651883,0.31426674897624784,0.04664940604120891
2008-08-01,0.6401434845158909,0.4600986309224845,0.6320340066933634,0.5139315520477988,0.06062864840953455
2008-08-04,0.7391662240165751,0.21233983817582203,0.4375898277348781,0.5446486166779605,0.024788950949391576
2008-08-05,0.663215341800679,-0.042368418155988324,0.6105226873314317,0.37447082608972365,0.07413253702977947
2008-08-06,0.6664385234395985,-0.0053468327839389755,0.45274367148519007,0.27427599589740526,0.0775098559693836
2008-08-07,0.6253465023500219,0.15189126092162614,0.5642717387223892,0.4508174999254456,0.0038549981798006953
2008-08-08,0.6518989023201766,0.08923970235864753,0.6295309632958634,0.5289134428076179,0.04906569795760022
2008-08-11,0.6672522438843643,0.12353510395333323,0.5276545219726868,0.27314878272671894,0.0825465169999482
2008-08-12,0.6113367089806341,-0.2608853608470666,0.537884737954746,0.3264345381792028,0.013400982547785734
2008-08-13,0.5911642217322133,0.010728291295202447,0.447968678047794,0.5235775564045034,0.08913376502379772
2008-08-14,0.5820073866144111,-0.08246821580388553,0.5125953032953928,0.31188016581513633,0.08645275796737506
2008-08-15,0.7529062938860445,0.2648929367241652,0.563229803704589,0.1899487340139633,0.040202380055223
2008-08-18,0.6682302971107702,-0.1614120926769251,0.5854974699807366,0.49677063449411674,0.0666188551804903
2008-08-19,0.6902574710271151,-0.08353556868880724,0.5147709918398025,0.47389988369455116,0.067371016083516
2008-08-20,0.6396459316244173,0.14818496752430824,0.46523642013695304,0.4007524650244994,0.033020075447406684
2008-08-21,0.769703546603887,-0.06723296680370827,0.5991926335121107,0.16000801423764416,0.08696839724910638
2008-08-22,0.6372785990565866,-0.26416760718512083,0.48100289663353757,0.2834534068018913,0.08338297153341329
2008-08-25,0.6430021771611577,0.04871419541911002,0.6096015854903606,0.47308898911581054,0.023985030916240838
2008-08-26,0.5898763004751448,-0.31238123848774546,0.4325282850204001,0.4177208598887373,0.02495080316896957
2008-08-27,0.6492185762674348,0.06780472382060608,0.49985505816209697,0.38033535460593937,0.06365911952823139
2008-08-28,0.6379817353082888,0.17274546877462063,0.4578122357980765,0.5541327242042448,0.0673083966040277
2008-08-29,0.7121683815613608,0.15910037141486022,0.4822612724532981,0.4967825422711851,0.015196671428083543
2008-09-02,0.6520210619056386,-0.1832666058376357,0.58043183286286,0.3329947075564421,0.039844135387015436
2008-09-03,0.6919659668478401,-0.11526940126719437,0.5512496670254087,0.35567046025454174,0.02227786546110666
2008-09-04,0.723918814847718,0.20836177788949023,0.3955919531160229,0.2979163076790834,0.010799448644452248
2008-09-05,0.6048516324956197,0.3800978710891158,0.4246217857869365,0.5220522332063094,0.08237109980229956
2008-09-08,0.6588487484585306,0.03780380687535345,0.4340660631490374,0.42043060855032605,0.02038678656925097
2008-09-09,0.6813370730467763,-0.13890896588042298,0.5136005783355747,0.36514233267068286,0.08856478754835595
2008-09-10,0.7301761705509491,0.042693350800021415,0.48723184746890186,0.3204904222846404,0.0700148819435693
2008-09-11,0.7185454591654977,0.14967562632275766,0.4737719120132272,0.36257517930339317,0.08233901291866401
2008-09-12,0.6992117985708804,0.23400313166049058,0.5207007591969779,0.567758067174247,0.07468421964649578
2008-09-15,0.709516285384415,-0.011399613701269976,0.41282794070097945,0.30445274194349614,0.08489911011476904
2008-09-16,0.7429041857567977,0.00310587120814961,0.4969638314648057,0.524552301111398,0.061820722726875825
2008-09-17,0.7289675034581369,-0.5008502207497039,0.5319434313625916,0.3043092536069225,0.07901531462253508
2008-09-18,0.6845213509606574,-0.0004652658784386654,0.509963515227367,0.23103589478818035,0.029103011137062675
2008-09-19,0.6538435607649064,-0.07021081390298749,0.4606766791844822,0.3575333732953715,0.04890529149126273
2008-09-22,0.6594961722590986,0.022235670538421758,0.5485804592029093,0.37792602674573694,0.09705763839319892
2008-09-23,0.6437764488700506,0.23679530815367467,0.5253103237889883,0.4075644030376796,0.07626814494586083
2008-09-24,0.6742979737141988,-0.04837159267552491,0.4859263912992548,0.3666236266504749,0.08228159266958857
2008-09-25,0.6468762429122077,-0.4018271227044366,0.5253193232687432,0.3659436256509514,0.0032668309750082726
2008-09-26,0.6513108636239194,0.2286441427886278,0.5127645166834216,0.5115595086699881,0.06059120686255243
2008-09-29,0.7153128656321359,0.2946659212395201,0.4986254898236129,0.4357166256797082,0.0652747315252641
2008-09-30,0.6392392197486465,0.030643548383920905,0.5400111980323669,0.531901070337696,0.0660479247396929
2008-10-01,0.6270446024884166,-0.5409004853920318,0.5494485639818598,0.5272608449118344,0.0889559345874076
2008-10-02,0.654412963356944,-0.03705744812890021,0.48293949550416376,0.40306466496103177,0.004090308830936218
2008-10-03,0.6576491243874703,-0.4446638574012758,0.3840994233689835,0.42435110503330925,0.09921614590382667
2008-10-06,0.6196306476081809,-0.35948347505594375,0.507379700387489,0.41152713104038213,0.05513740058150862
2008-10-07,0.6924058458976854,-0.220887687248512,0.4084329536759983,0.3284717964303083,0.048089087317901985
2008-10-08,0.7766719661576484,0.003342573483435714,0.42174656430394697,0.28308388972846166,0.051410127210453196
2008-10-09,0.7257130808762373,0.29326579720165286,0.5328500296651524,0.3164341522785519,0.024778218398407794
2008-10-10,0.7122251568071577,-0.11822664820412605,0.5124071353801243,0.6729756592098122,0.026111134988183207
2008-10-13,0.6199931588673959,-0.09640737801849249,0.512258642043794,0.34326542747190847,0.07843831307236539
2008-10-14,0.614721259400533,-0.024892642227685637,0.5278830228810346,0.43071871632884995,0.039497652271503585
2008-10-15,0.6018267828470127,-0.13056216001916424,0.5193804495035754,0.43066185680495284,0.032024865827462855
2008-10-16,0.6817388906151437,-0.3279203428873436,0.503865618765077,0.5588030087460377,0.015553780554327868
2008-10-17,0.6956099694921726,-0.1184771295305882,0.4861531459302182,0.28322538051208157,0.0009531417556966626
2008-10-20,0.7499342719677407,-0.024103052959454804,0.45532818068338415,0.2866123865883368,0.08591989566028208
2008-10-21,0.7058345147907354,-0.10182427428371273,0.5909308388641651,0.388482274867364,0.05793556740487302
2008-10-22,0.6628476402483187,-0.07124988398512247,0.39971771194112826,0.3234006164379062,0.09114436235988789
2008-10-23,0.5997981962851989,0.04120075369568985,0.5728618688191685,0.4630178351491592,0.03416731421595366
2008-10-24,0.6928102019971947,-0.01349678849421625,0.535257998459548,0.3649201839402434,0.016181605646260123
2008-10-27,0.6352399726868763,0.027316514055229602,0.4821128729497397,0.5922501208856279,0.08541343620094585
2008-10-28,0.6801235497717324,0.43350756770784954,0.5030005433752893,0.4628152029840212,0.07647868772573875
2008-10-29,0.6042433626005637,0.1075708373634752,0.568075243131737,0.39235044593069035,0.06173070111085808
2008-10-30,0.6875731602368685,0.1490302723478543,0.4637668853645515,0.5091997128784306,0.0404982285590462
2008-10-31,0.6959316418610293,0.039093756397513744,0.47761916449087616,0.4252251125843076,0.03867736782367451
2008-11-03,0.6634780522553232,-0.0906602226129463,0.4977663831559028,0.3395533212209367,0.05574063049118832
2008-11-04,0.6295130507596305,0.14359870157052346,0.571443711236719,0.5169721288131223,0.042390124510657406
2008-11-05,0.6240859604148115,-0.06752916674908192,0.5046175225443014,0.2904295466387683,0.08960353332916642
2008-11-06,0.6895989362465579,-0.10900921738278435,0.4891791187915925,0.5158436749177389,0.054846566198316266
2008-11-07,0.6650164799776015,-0.02497879853952464,0.558666536197698,0.4769852198868642,0.0011561961594384607
2008-11-10,0.7640062529614883,0.05780854065314255,0.5913198897003192,0.43300331831986755,0.026542876051380296
2008-11-11,0.6077922168969316,-0.22210587711517757,0.49861324154712106,0.3977468753756042,0.007020153339386936
2008-11-12,0.6364093484247761,-0.003393570575411479,0.49541898952712243,0.2498201063423722,0.08560597869058928
2008-11-13,0.5804253904071695,-0.05080466353053779,0.4578471909129157,0.3085183587642262,0.0313395246538693
2008-11-14,0.6212593952255812,0.17407879430287274,0.5353403171570158,0.47771966919589093,0.057641386177238324
2008-11-17,0.6866099025461769,-0.11944151933521319,0.4540364128074858,0.46563803072323423,0.04233783489428932
2008-11-18,0.5968399822421582,-0.004132633925411832,0.5929405410821083,0.5057174809106917,0.06676476246254341
2008-11-19,0.6923281721348555,0.18645187715196251,0.5182638583485316,0.5269353880998929,0.0550681276750232
2008-11-20,0.7444107931418746,0.10239500714304367,0.5009277368294425,0.5553486852883586,0.039434562365223226
2008-11-21,0.620473175259483,0.04942232111668836,0.539121406762856,0.44664856914912143,0.03534005885761976
2008-11-24,0.634838459479449,-0.4000877098697213,0.5094374483279245,0.20949484407947389,0.004358033538173533
2008-11-25,0.586217670436959,-0.17884010001659734,0.5669048197134365,0.5490178761313333,0.07735878355958575
2008-11-26,0.7211422291834734,0.17656190600079602,0.5597382962599526,0.393052102608933,0.0956931744347893
2008-11-28,0.7367158237941319,-0.41690497378460506,0.49179222618479945,0.39043000382165116,0.08384573593118433
2008-12-01,0.7462913112565634,0.15970923246053537,0.6521766501907698,0.32874365009343887,0.09247085526274362
2008-12-02,0.5892035851333972,0.039518378672112685,0.577799878819887,0.44203984197112867,0.05218009652170898
2008-12-03,0.6319096644244734,0.10806505910128916,0.5572123406447484,0.6316201589156043,0.06032882315457555
2008-12-04,0.6810673455200639,-0.27888627267970667,0.5441034651083617,0.1876049518163413,0.006145619877934438
2008-12-05,0.7207023331288541,0.17236008241529904,0.4876564513649244,0.42587602693026216,0.021820398867460757
2008-12-08,0.7591593064940345,0.08263322817596541,0.5511597339964169,0.48164364761621353,0.06336746984787693
2008-12-09,0.6800247392728556,0.1502457324870272,0.4417944443872792,0.3476611318486522,0.004758896862606144
2008-12-10,0.6789776352754393,0.10137548074924252,0.46876660859438524,0.5841396360864883,0.08347886617730226
2008-12-11,0.6627837566196634,0.053676709222946144,0.5420957044659958,0.3343097121475477,0.019204552922151088
2008-12-12,0.7118134934034195,-0.29235612079630074,0.5342228628846858,0.4300005805839323,0.06806700429888865
2008-12-15,0.7160148694798689,-0.23152361803422214,0.5517590940792343,0.506737421492628,0.048517813250262644
2008-12-16,0.6224792858521455,0.025455862484148984,0.48308535003841635,0.45436722251561007,0.08041997400419457
2008-12-17,0.6633416162396192,-0.15492772477118516,0.5437026554368476,0.44316204679218607,0.09732690942732726
2008-12-18,0.6080551721808375,-0.20128137505648547,0.5705799046347956,0.25492689395066337,0.053385216526317204
2008-12-19,0.675524337579043,0.24557709728504662,0.5296275755983941,0.40789659897031366,0.0034486999814780208
2008-12-22,0.7413334888683553,-0.10132864382891978,0.47560467665387046,0.4846275513223366,0.013791259893648489
2008-12-23,0.6329771936491683,0.059068383073011134,0.5046358515726685,0.3691075143777223,0.08619852622803767
2008-12-24,0.7248042806535925,0.044166614889059694,0.5911131381961633,0.3430980638173192,0.03668057772984564
2008-12-26,0.6842826832751114,-0.05370398006249593,0.547815429939308,0.2988949834719786,0.054108843630358894
2008-12-29,0.6718713594870345,0.08187908810499239,0.5679704202632567,0.5449253965159724,0.0825452886189281
2008-12-30,0.7215099209338555,0.11114048183806587,0.5576199713090968,0.2810121855024564,0.044504693656695404
2008-12-31,0.7014073267577013,0.11068761968388514,0.5213472559407968,0.43165312116166143,0.09696787586670157
2009-01-02,0.7847368912977711,0.018372667201257697,0.5054800646789035,0.5477835803235861,0.012315934103603566
2009-01-05,0.7431989335928842,0.22579651679195184,0.5419607879257987,0.3879196290969028,0.07831726179270733
2009-01-06,0.6510168059426786,0.2082282280976663,0.5648091760149602,0.19703711278999264,0.024925842580276514
2009-01-07,0.8008621629579271,0.027840547143241925,0.5804088822939697,0.25740924610835597,0.009316372269779206
2009-01-08,0.6214690109174248,0.38292744845115684,0.6062867308134222,0.43167183509798795,0.08032029543214157
2009-01-09,0.5919233519477113,-0.05276535953991573,0.528235763390645,0.27799772166268694,0.015513535089871668
2009-01-12,0.7093138404703344,-0.013597448148384745,0.4805054908454533,0.5149682077254026,0.05751226265687773
2009-01-13,0.7675743172279001,-0.36781472751693794,0.6513888209775326,0.3673040574771756,0.06981204254826949
2009-01-14,0.6924686101707462,-0.061819822827393456,0.5897344155895323,0.3903439110948711,0.021427986211969674
2009-01-15,0.7105583424090253,-0.33381685181278486,0.5467246289766418,0.3124943119931583,0.03680827576742877
2009-01-16,0.5958435185728946,-0.025115720642370054,0.5655993741119881,0.37243067877920355,0.0597798029884655
2009-01-20,0.7566598152746083,0.0673304496070723,0.603468907445995,0.3841524235750514,0.04541908009527562
2009-01-21,0.6816902836658906,-0.39819609959145563,0.5943136075487584,0.40639137699251243,0.0388162726829417
2009-01-22,0.6347227317461486,-0.0929633410333082,0.6399499726240272,0.3603077028631633,0.03026644722715434
2009-01-23,0.6731959004668415,-0.17808586613388744,0.5288240919027515,0.4724793872985339,0.007292912453571199
2009-01-26,0.6832736971457551,-0.2798462591620763,0.5589064018255069,0.36724486206410206,0.06680848585221581
2009-01-27,0.6639013092142281,0.12201024536337784,0.5778689252959853,0.38449646050624253,0.06518838724393748
2009-01-28,0.694946632503203,0.25939047363702966,0.5679072199809418,0.4267013484201444,0.04843974678221979
2009-01-29,0.7173784977650115,0.11208471606928319,0.5733823376546249,0.3142234474297769,0.05598442650042709
2009-01-30,0.7670700682287293,-0.2744899602420263,0.5915671481309166,0.3411998133239326,0.05138292599431058
2009-02-02,0.72898601682742,-0.060006033432896205,0.5319063223755763,0.332992703015906,0.0934708359917612
2009-02-03,0.7188819176256603,0.40528878437917926,0.5759650931020763,0.4623524198803524,0.04513116143441348
2009-02-04,0.6826345257580552,-0.5156201454295066,0.610461507982836,0.6413151146096151,0.06701084662198149
2009-02-05,0.6961097623348341,-0.2452409246044928,0.5276292177744957,0.32386469785941807,0.06281099594123342
2009-02-06,0.6863434682708686,0.14220672106191054,0.617923557927178,0.3129567951578389,0.022890622267384465
2009-02-09,0.6126994292158134,-0.26022017367655154,0.5735719144285172,0.3424215545128034,0.07365073939150847
2009-02-10,0.6956420068872445,-0.14900648756058113,0.5078999701732873,0.3374764839848459,0.04213524044350691
2009-02-11,0.711534564569264,0.051815250165510286,0.6327327868052702,0.5632344183294932,0.0919467937756859
2009-02-12,0.6899153956338963,0.3021935038786482,0.6281145154622698,0.4413925002663865,0.025250249037875528
2009-02-13,0.7002535205882258,0.13940822184157195,0.552646828654767,0.589236086331729,0.08767373967703176
2009-02-17,0.5983245171978604,0.15462296431119074,0.5179479583131245,0.25745472462343666,0.013723945021747331
2009-02-18,0.7515413219444638,0.2759985142721788,0.6537883558615444,0.5265800838684176,0.004945770653533865
2009-02-19,0.6271882733402565,-0.07765107112764114,0.5749241493871914,0.3096078401382175,0.05233789184335777
2009-02-20,0.6430811211286077,0.11220280957791491,0.6166141544641224,0.41050088043817873,0.027695770420648205
2009-02-23,0.6352883987973457,0.4058847773221335,0.4763217498287706,0.39122597221175825,0.045400256606186164
2009-02-24,0.6842209196449708,0.11021818690500813,0.5739540787317164,0.31020919651565204,0.026200282820908118
2009-02-25,0.7563779086286749,-0.08636895485326539,0.5611279934381079,0.4448921816228168,0.0971585157947859
2009-02-26,0.671047531380127,-0.1885173245271443,0.5768505191223482,0.4202053002418054,0.06444720534316359
2009-02-27,0.6352918735893908,-0.10115876253170336,0.6852697298255825,0.543843344490452,0.0990028958773559
2009-03-02,0.6519376507537906,-0.23726063754220894,0.6241242489471229,0.22361803791456827,0.023272446466388853
2009-03-03,0.6516071695345124,-0.07401201507753245,0.5518810352445148,0.4653137900668486,0.016220348880089875
2009-03-04,0.7150667989603726,-0.03279369408702735,0.5738916563108263,0.29614456502509523,0.0023328797614958984
2009-03-05,0.644663862146903,-0.23515223996453322,0.5418538940620483,0.3475185834524064,0.06564027027092632
2009-03-06,0.7130588874572765,0.2042044421866448,0.5656553510424016,0.3886871257242479,0.043272988642075454
2009-03-09,0.7884660965727373,-0.1378567115365568,0.628522590296307,0.3879163057514387,0.03155839550272166
2009-03-10,0.7012381538323819,0.05011250259368724,0.6705587908259184,0.4296638106403974,0.07869439668514255
2009-03-11,0.7251866037994329,0.22156193712565325,0.5529412581312084,0.3123909974406764,0.0577444606837093
2009-03-12,0.6136107251133391,-0.01447947017501914,0.5462326077452663,0.36577182079554615,0.016592529271022706
2009-03-13,0.8170451106377721,0.2740689522136859,0.6065778747134243,0.48068487762653606,0.08523512816738227
2009-03-16,0.7291147344890341,0.10367561382983022,0.6819304087471024,0.3359001360710108,0.008238199483062748
2009-03-17,0.7573428230444943,0.21034664276625148,0.6301305197270833,0.4609662438314901,0.043367850600352614
2009-03-18,0.5846066416010588,-0.012096644601805095,0.5951998873890374,0.2632245140887002,0.08161612531412551
2009-03-19,0.7091538573605723,0.23776740488140224,0.6566203494481947,0.35355004788323124,0.013968198143252387
2009-03-20,0.6377446135675467,0.1401523112540008,0.5857061326259003,0.25654304881453505,0.04741773407164451
2009-03-23,0.8286058631837626,-0.1988118150883812,0.6108507493432167,0.4476081881508307,0.005704557683835621
2009-03-24,0.6698259526276021,0.3897096409913333,0.5911076006900658,0.3742835893129141,0.011071472561278363
2009-03-25,0.7470373319755723,0.05255162740983349,0.6547495516430026,0.18336997041719255,0.03579497422272966
2009-03-26,0.6388763519568647,-0.25135400761116145,0.5713898926211886,0.21854939351128988,0.0497215543464557
2009-03-27,0.6646203578888134,0.06407982571365983,0.709104377977132,0.33238837300119123,0.0653781416107836
2009-03-30,0.7180311722794518,0.22167847326036086,0.5632611668051419,0.27502560680621113,0.05848253414533018
2009-03-31,0.6606507393954976,0.022323702788771264,0.5641419800643696,0.3852268352676981,0.09822522362583709
2009-04-01,0.7452549115665236,-0.000459189805626537,0.6083168934524729,0.3812327251280103,0.07418567984201477
2009-04-02,0.709785680415956,-0.19539084743000854,0.6927099177812623,0.5293992878165651,0.023984373419960292
2009-04-03,0.718396068411759,0.3260509647539831,0.6451759542523091,0.41228616175208804,0.01802886673083234
2009-04-06,0.6350033158401691,-0.018801764390246906,0.5971208996296613,0.32408458088931574,0.046966133043346216
2009-04-07,0.6038816858305248,0.12694038096127636,0.6533595518116155,0.3350057690577105,0.08945491704600955
2009-04-08,0.6910729775679647,0.10406675895738059,0.605863475816053,0.2986546040116921,0.030889112236481366
2009-04-09,0.7138171145323705,-0.12965561019328262,0.5423417588132532,0.2595772897285085,0.04985537677618839
2009-04-13,0.7646249158211621,0.20011232652808186,0.5601296755699888,0.4332248902699587,0.05402450377033152
2009-04-14,0.6726554528699311,-0.20176361977040191,0.5651969615440705,0.6493756759575235,0.05387135028097567
2009-04-15,0.6191528999038943,-0.005944604536042189,0.5994013977504054,0.32155282123240064,0.06125420024041844
2009-04-16,0.6342668643090854,-0.10265455875884255,0.6000772855989449,0.48207216345306886,0.02781654782437856
2009-04-17,0.7114716597103837,0.5143229634237917,0.6331087467372926,0.4877512755160438,0.09842166796390364
2009-04-20,0.6656153139634772,-0.3469456028584334,0.590980810395665,0.3830816830644101,0.09386956722363794
2009-04-21,0.7152801271655393,0.03888326411436363,0.6626839452594423,0.4108204644983035,0.02919160611056415
2009-04-22,0.5975586237425397,-0.021451042509970347,0.630540001028991,0.4940763483631243,0.09723266259566359
2009-04-23,0.648434438193745,0.13406081232042608,0.6348725385517627,0.43288227292058884,0.060714582512181606
2009-04-24,0.6419228165249025,0.1477863972076838,0.6808789464878597,0.3994486895437683,0.09984362276698246
2009-04-27,0.6858775332166959,0.009605839365906407,0.6474867671448206,0.1954416324545576,0.06669223636695121
2009-04-28,0.745407325865134,-0.14305396202024298,0.6181714716607286,0.24429934787512395,0.021975420151965498
2009-04-29,0.6815354617076794,0.03586506787850287,0.6484207620252931,0.2291731639365728,0.04996453029189303
2009-04-30,0.7736179820975586,-0.16456638981875335,0.6451057148762526,0.32110655286950784,0.06756522042365924
2009-05-01,0.7142045360127932,0.5822035216056364,0.6201188709732841,0.4073866758954194,0.04785245304714473
2009-05-04,0.6649547418345837,0.026588653222237465,0.5654493163882441,0.31672446429936496,0.02625463422800114
2009-05-05,0.6162469538761602,0.26170114457138605,0.607639341091586,0.3682927297384077,0.043617908688723166
2009-05-06,0.7170648199980937,0.01697263699641902,0.5470914673618404,0.45637556314532707,0.006297357185211738
2009-05-07,0.6844307133325528,-0.2836228367201696,0.6786088288562943,0.2447762005760087,0.05047622339810706
2009-05-08,0.7260634291792457,0.18105015840485167,0.6241811112249894,0.40442611793655886,0.08889190570201867
2009-05-11,0.699980046841027,-0.17737722098090106,0.5755802927715031,0.5551859485022909,0.04982345192889629
2009-05-12,0.7096217078263132,-0.04141834759782078,0.6319956254358126,0.40301234245775014,0.07359074626742501
2009-05-13,0.7121213476275003,-0.2721333532888094,0.6108882180658619,0.44882604868249243,0.02967176546626732
2009-05-14,0.7177270362299507,-0.09687294937284613,0.49914561234076865,0.5581654999142113,0.0822317142483191
2009-05-15,0.7984789769581608,-0.023713269685517263,0.5839031431961714,0.43893753492142296,0.03885706103880315
2009-05-18,0.6592295504234167,-0.0832621022090761,0.6284575214509873,0.33403411909812664,0.043005797473964616
2009-05-19,0.6475712737529037,-0.05684875503445555,0.5880030883853625,0.3106429835897044,0.010577774954390419
2009-05-20,0.6331727474803448,0.12591924327521595,0.5178771910360117,0.3072142432833952,0.0484269035838748
2009-05-21,0.6043131406267886,-0.03508440527189713,0.5492932963375111,0.3098567972339853,0.043893419553635564
2009-05-22,0.7012326626819001,0.13497389723725556,0.4166379814700153,0.3637932830522054,0.08144432583896571
2009-05-26,0.6512048901098173,0.35955472041948083,0.6187788523568818,0.2625824029969942,0.061061096987917035
2009-05-27,0.6619213497396537,0.24766020748117828,0.5832847262609681,0.42376799327845477,0.02309532144990193
2009-05-28,0.721826285943883,0.12064188181898863,0.5192340315130782,0.37388922582537343,0.09545522979740322
2009-05-29,0.6619044407102579,0.11031786839786006,0.5126677093499322,0.29983457047459944,0.022026425217804457
2009-06-01,0.5935875444603214,0.36354547887491445,0.5784942785535732,0.2874049316581948,0.08672642267122649
2009-06-02,0.7416238603527572,0.07601861308666842,0.5604516568739926,0.30806712795940616,0.07215483066895224
2009-06-03,0.7277434423335423,0.1876359619828717,0.5126315115350019,0.4606277317143881,0.04891587804303002
2009-06-04,0.646649694516666,-0.013878339514542435,0.6365710321961078,0.6275558475705411,0.06050055731476517
2009-06-05,0.730663284980109,-0.1566315404049262,0.5762465644201383,0.2872252155454303,0.06231392347346424
2009-06-08,0.7083473336405713,-0.15766203730214087,0.5476829329265291,0.3739656251335958,0.056638302091851715
2009-06-09,0.6506312285041556,0.32668361023089787,0.608840246415809,0.4220205074712519,0.03992075371815168
2009-06-10,0.6106516354081372,0.23846531689184391,0.6364402565783729,0.39563400796860737,0.0008050568331305797
2009-06-11,0.6811276376662438,0.07095917885703355,0.5373889245477137,0.24146229772573385,0.07990625230420981
2009-06-12,0.7607210302054233,0.14494819225985597,0.6035023281572167,0.3895533101488411,0.07220891803799012
2009-06-15,0.7773342946348947,0.2713337641031287,0.548397796819859,0.51078188388252,0.02576326100626011
2009-06-16,0.681311574176751,0.016282939695594984,0.6146575684291106,0.24774461533620318,0.0445548184007109
2009-06-17,0.6660984516454991,0.019277309352500452,0.6669675590965685,0.3719749136026599,0.08671630417552166
2009-06-18,0.7104865830129534,-0.07333181524080153,0.5539439387932648,0.3272125360302572,0.09098493281792683
2009-06-19,0.6157116775678655,0.05383998251472188,0.5897995805946302,0.33402782387231195,0.07174470314884597
2009-06-22,0.6784003897675999,0.08720981948837471,0.635588282318005,0.5662314813584403,0.04184659119596194
2009-06-23,0.7459270182675829,0.3322198577872054,0.5609678207699447,0.3487506917952374,0.0845566438108496
2009-06-24,0.7387428347051148,0.2101145206304718,0.6120902696496344,0.4358284980380751,0.06582507813210078
2009-06-25,0.6791493385085384,0.12126999649922361,0.5618725993477195,0.35943193225001235,0.05274432431345127
2009-06-26,0.6640418364874755,-0.30914188827225714,0.6576919778622519,0.5419425280246534,0.08099063238847923
2009-06-29,0.7306812566873644,0.1650591013668274,0.5812581165691036,0.5086668235876648,0.07692420263010882
2009-06-30,0.601744684573114,-0.10226050873500392,0.4931514079621062,0.4602632972808615,0.027648961958755228
2009-07-01,0.6610480810258144,0.13298666336554396,0.6097134035649479,0.24899832293126387,0.06960004440553093
2009-07-02,0.7664594688286938,0.23932740513690667,0.4692780665796339,0.34114862825354597,0.0853125952942041
2009-07-06,0.7190864608870137,0.004108904711821107,0.4927838864851375,0.29337041251931634,0.06162838967695845
2009-07-07,0.6541170409272596,0.10661272434641622,0.49726912962200814,0.4601006587055973,0.006569987592420723
2009-07-08,0.7160371494432752,-0.10126461837893577,0.5363741779025084,0.2872154225424788,0.04450475283610057
2009-07-09,0.7545679408998018,-0.047709061805638386,0.5537866469113909,0.43788900411811094,0.04406887295042603
2009-07-10,0.7987337111250636,-0.13278212033276232,0.5938735318937552,0.4029182047949032,0.07698195228632387
2009-07-13,0.6594223535538734,-0.04536779919785225,0.5228589735389122,0.46705243457408274,0.051580766456220443
2009-07-14,0.6518443248119554,0.028012418454942678,0.5089063829752976,0.5631083581035256,0.04319793620546343
2009-07-15,0.7213222126557888,-0.06491128726941202,0.504361665837177,0.39897136622399704,0.08666225820686028
2009-07-16,0.7197739733194196,-0.0462381062040518,0.42545367445992827,0.3860323897784106,0.05443647485954181
2009-07-17,0.7569438373326495,-0.1487332048107091,0.5985058653789967,0.382166605547645,0.0753642639229147
2009-07-20,0.6221167426317225,-0.2750599621767828,0.4854521721440216,0.509722010926074,0.020872384264242164
2009-07-21,0.706280208936389,-0.2830849103463802,0.4519990436141684,0.2722817851057888,0.05299666137100644
2009-07-22,0.6662937406827929,-0.09526137363084153,0.5304464460045188,0.2737620994645674,0.041206350565662145
2009-07-23,0.7401152720768255,-0.21989457920080377,0.39856757713890145,0.21132937715162337,0.03875441680189501
2009-07-24,0.7416446171017909,0.13685219488157835,0.48944802456479153,0.5080251012270526,0.005626185256927663
2009-07-27,0.6862412477172208,-0.1020021911806886,0.5174044584179531,0.30327076607156306,0.0566672007509235
2009-07-28,0.7358070058793679,-0.11405456853631404,0.4344267376702942,0.4021648646285972,0.011362375201796516
2009-07-29,0.7288943950713695,0.2877871851326307,0.5638400757588675,0.4947193808125605,0.06555371885585885
2009-07-30,0.65512836451395,-0.04870062141823194,0.5148239566673043,0.579230700252408,0.08087712787890489
2009-07-31,0.7261171771933281,-0.1587659539739994,0.5210074432565653,0.3927164859002427,0.04546606491255163
2009-08-03,0.5560251086779181,-0.09053864526044202,0.5554388822783354,0.24814165704483307,0.0012976056824022032
2009-08-04,0.6932850637385554,0.05652591473872897,0.5441610373952986,0.43187348129688186,0.09077644498064763
2009-08-05,0.7275040986629511,0.08179043887131315,0.4276340977455567,0.4453469786315521,0.018052680551967248
2009-08-06,0.6919680229768918,-0.26380995121262696,0.515562120916213,0.35654921534493633,0.08363920277651792
2009-08-07,0.6589261456796907,0.21275490345666728,0.511209880562886,0.31365840432264674,0.04683340997968003
2009-08-10,0.6889529028209194,0.1782163860815803,0.5571423444101882,0.31113190841506394,0.05984584630110023
2009-08-11,0.7459480266478544,-0.03922052438290808,0.5327081791086173,0.40069040719256055,0.07791812743051801
2009-08-12,0.687597029821514,-0.026861246271976405,0.5082674477814008,0.30208354499067647,0.010396787639066808
2009-08-13,0.8157042830291533,0.1570247815694059,0.5631941586166331,0.5334101477394075,0.06070208818909362
2009-08-14,0.6709608834729348,-0.14826514315887512,0.5277702465958037,0.4617386593877853,0.03625961637877081
2009-08-17,0.7207334092666141,0.08619836445464345,0.5271502735322712,0.359636472331773,0.09519933091493002
2009-08-18,0.6393246426767241,0.0470654564939717,0.5055052189010057,0.34064836501445817,0.06661055578242744
2009-08-19,0.770945037639373,0.024173783942202046,0.5482321893466303,0.585077640740829,0.04582526785077695
2009-08-20,0.6645413112919959,-0.0760847359653306,0.5033715313173058,0.5764210007325653,0.0741285257094245
2009-08-21,0.7669717509016439,0.058937075690221524,0.5429499849286763,0.4722524030406833,0.05764246822272737
2009-08-24,0.7269690468159492,0.15017999811457697,0.47962069860061435,0.22592320098112592,0.07966503398593144
2009-08-25,0.7465594641627865,0.021479938934707274,0.48252831705456256,0.5239403044344491,0.029573796107374074
2009-08-26,0.5893142184534685,-0.08907893268894834,0.5026358605981054,0.3740117611982015,0.041905163001693016
2009-08-27,0.8169395632903499,-0.35183229398195837,0.47899340134077856,0.4519161999774283,0.06214258420162649
2009-08-28,0.7673425884263243,-0.18598280195418615,0.4628867063136174,0.3943405096407257,0.06484313014117929
2009-08-31,0.6684374216766317,0.10393680914582892,0.5098252352465864,0.230974054763524,0.0905085268700859
2009-09-01,0.6751800126705196,0.011682661100926658,0.4795425853433415,0.45197252673529426,0.09548239444435076
2009-09-02,0.7662789838625073,0.24495142051931362,0.49601112413589926,0.2663223479492156,0.07189078166369114
2009-09-03,0.6018943815666643,-0.15806165020230964,0.5199597515886442,0.3220511217448121,0.02361701752340367
2009-09-04,0.6976668771691587,-0.13937591367917887,0.4792463532341061,0.3357350198231378,0.016287571036610937
2009-09-08,0.7367748184366952,-0.04657180309515391,0.5185883990385156,0.4509189036167242,0.09724860545390793
2009-09-09,0.6840793224308439,-0.29143099007747314,0.5022726087958345,0.4482905723715157,0.05183875769632486
2009-09-10,0.7554952670327696,-0.11332664431573743,0.43322354293663734,0.5134318482968891,0.05718902844415535
2009-09-11,0.6447109665223136,-0.12966842140618617,0.4047962713260166,0.3692139260750488,0.07151979282409889
2009-09-14,0.6958872643290632,-0.13508612130306039,0.38614773836207006,0.32963448072220236,0.07852737903763073
2009-09-15,0.7271449756977084,0.0328562344642725,0.5767652469314759,0.40342949158111274,0.059163019908332594
2009-09-16,0.8087254102797848,0.056492841554619526,0.48082604193279077,0.2526660670004096,0.00663584406751363
2009-09-17,0.6631222148065019,0.1459054252846744,0.5036478660113498,0.37244194991734814,0.050563680040440796
2009-09-18,0.6624185974713074,0.31907492952210614,0.4959672599190401,0.5704032113811309,0.075771570211186
2009-09-21,0.6700537226759283,-0.3314119483707391,0.5080915045093278,0.4138089856290732,0.028941660209147048
2009-09-22,0.6744403022326874,0.08195460280691387,0.5339652632234069,0.7291909269389325,0.011141539237636867
2009-09-23,0.7476308590113157,-0.11277088159425007,0.48030946758032483,0.4186529762387573,0.021227036390584354
2009-09-24,0.7525663397968431,0.10451784068825383,0.49547465450068684,0.4220930426767379,0.07608389161443044
2009-09-25,0.6492306669587672,0.2523689843153599,0.45857070693730995,0.47057082943880124,0.07294974166530886
2009-09-28,0.7404880919722899,0.01161106253557686,0.48481758577856343,0.4640991746909838,0.09763800097843608
2009-09-29,0.6173391222613812,-0.13171714965042094,0.5099889812799073,0.40522477154988606,0.046180937180183596
2009-09-30,0.6147416373797534,0.053285229274694104,0.5056132444817075,0.49576766109821074,0.004934262943193247
2009-10-01,0.7900783371602632,0.03807028935711099,0.42257477847298575,0.36920539895194354,0.030131202390759615
2009-10-02,0.7113105440499075,-0.11320971139240535,0.5285919428061597,0.0771377471558834,0.07711076841535193
2009-10-05,0.6199690706518436,0.10580459055805964,0.5006599537363605,0.4606886105097532,0.04608052891092208
2009-10-06,0.7112485750912055,-0.11441875391001724,0.4410438807649062,0.45223141447853177,0.06985383296810911
2009-10-07,0.6429356216180738,0.1320704649075987,0.5058035185271884,0.34044725381936086,0.03292879083520144
2009-10-08,0.6830922855622322,-0.027011237185875742,0.425028903344535,0.3690707106858761,0.022699343253000992
2009-10-09,0.6294777778995683,-0.2200812487512204,0.4704656453594908,0.4390086642090092,0.04335391461376469
2009-10-12,0.7743414955900031,-0.17641392742808032,0.49189865898995244,0.40381853834656545,0.024234692145373826
2009-10-13,0.7186373071014586,-0.03168294523486745,0.4604186858148134,0.27006253200818287,0.027985702043470763
2009-10-14,0.7922399600723563,-0.06974727687329552,0.5102542840513061,0.39530999902127223,0.09170291531370606
2009-10-15,0.8036260157448727,-0.07125662653125207,0.479771404308392,0.334496568355342,0.020875889602251254
2009-10-16,0.6918032409715136,-0.20152435392349421,0.5709528393564056,0.469113959252621,0.0512525098622762
2009-10-19,0.7059893451255852,0.07712331829932617,0.44096426630568986,0.31867845114037974,0.027134050079009844
2009-10-20,0.7225078964534184,0.19270763115523637,0.5318351732674459,0.4201438379620466,0.032376931021787035
2009-10-21,0.7585598201973347,-0.1759225071074366,0.4596173033803038,0.4026758129657337,0.09738766134886127
2009-10-22,0.71081648324801,-0.11692340814393126,0.5876938037995098,0.3655731248181725,0.0523518247082746
2009-10-23,0.7524442231353781,0.025041859679463097,0.532722085886524,0.3855684640591585,0.026985844064143363
2009-10-26,0.5860599561051663,-0.2721164273810284,0.5407330491591489,0.6137618456861216,0.07971467636217264
2009-10-27,0.7212085590983353,-0.00745787528740861,0.5093350992460242,0.36853919657260537,0.04895157255946208
2009-10-28,0.6363702666525471,0.33244974413628436,0.4879820850383939,0.41284662875570766,0.09516718323155941
2009-10-29,0.7262402642896234,-0.08901996379246266,0.4913273569122197,0.36443522781314724,0.04536236921553066
2009-10-30,0.6892392193444634,-0.27673535241037867,0.4939150127744839,0.38479009237383427,0.053643334959571555
2009-11-02,0.7305116137975793,-0.7070080939785001,0.49412561467355665,0.3096503341289582,0.07634923288250783
2009-11-03,0.6831490005821719,-0.24073834812941902,0.5560719271272743,0.5152593728411454,0.05666285153198234
2009-11-04,0.671419428980391,0.2050605562166069,0.476941755670669,0.48236627365138895,0.023645402438312414
2009-11-05,0.739446607556721,0.07917327225191448,0.6026791681973731,0.43046620662632396,0.014868012492538885
2009-11-06,0.7288589201526986,0.12688881559782889,0.5740692459785737,0.3644826499571155,0.034847959373894004
2009-11-09,0.6690391564181002,-0.07080840432154495,0.5242474262826978,0.3428414266373665,0.017629011929871454
2009-11-10,0.6474337719086498,-0.21678453899072997,0.5623824737930121,0.38368270699933904,0.0325898839972499
2009-11-11,0.7108318456667636,-0.021286726370822736,0.5443901531035187,0.32989120022486795,0.09751086032623563
2009-11-12,0.6899824110974523,-0.11129264830711605,0.467584919666916,0.4308346816580144,0.09841473476208341
2009-11-13,0.6954565966766558,0.10953733896459528,0.4901245496725907,0.28264029607242025,0.01643446035791255
2009-11-16,0.7241219208019514,0.11327745650502329,0.5257617557119699,0.3381993496666792,0.011462248354727112
2009-11-17,0.6627824937174768,0.3962362216804199,0.5233548341751313,0.42117753357794063,0.017491862178699868
2009-11-18,0.6550316037559538,-0.05918302859388047,0.4834945330140457,0.263592299550878,0.008995920930400636
2009-11-19,0.7115384109080647,-0.2802035150099004,0.4861158741655518,0.4087973671867303,0.05896864688794619
2009-11-20,0.7213705787962862,-0.12130664407385224,0.5311531135830697,0.15837096163992564,0.08850219879396666
2009-11-23,0.6729468024616901,-0.04070228103721865,0.5523893727181818,0.31782370618684747,0.06951160075208458
2009-11-24,0.6282734284443365,0.12171492687409652,0.49286938538058883,0.5403745552458641,0.07003563828577931
2009-11-25,0.7528429815327229,-0.34639818916164455,0.5487983820002299,0.39482522251191665,0.022030127177661764
2009-11-27,0.768223299860933,-0.08381861803571847,0.5408851967549713,0.3398588772040309,0.08564993161765877
2009-11-30,0.6901143136880763,0.12364270125197613,0.48751217702727623,0.4196087941062173,0.08539043826653826
2009-12-01,0.7278235583672336,0.32505904650383033,0.5676689833720896,0.31558923477540285,0.0778292243896525
2009-12-02,0.6948614711052546,-0.008856673193231215,0.5120914276234616,0.3148034824841506,0.08768082834866597
2009-12-03,0.6793793541641716,0.04146047148756893,0.5588969617360716,0.3131155926032708,0.026006673852337625
2009-12-04,0.7362081733517916,0.040276456985869506,0.41196171636602447,0.262067521611779,0.009950337605752403
2009-12-07,0.684816375306309,0.18172345178654045,0.5436705221999245,0.3051528663797337,0.00020948229463970682
2009-12-08,0.6490252438847975,-0.00016500319648012833,0.44842176948382473,0.39942902976611216,0.04954047450256856
2009-12-09,0.6247242203727131,0.14673302897989307,0.5134408061208082,0.4870685291925424,0.038496689740536875
2009-12-10,0.740288295533612,-0.07716303052217728,0.5119163149404503,0.5139038185631202,0.09510351778898399
2009-12-11,0.6779586110907003,-0.15779456238871173,0.430000078300355,0.46420092522322354,0.029149108251868807
2009-12-14,0.6280198834619308,0.1578310160062341,0.5300199941795106,0.4959191146282038,0.07908463903873796
2009-12-15,0.696816219581836,-0.2708249465098499,0.5465750833716793,0.3235925269781846,0.02660010578592961
2009-12-16,0.8503003957958124,-0.09490685605396366,0.5973722101344304,0.5545970695320723,0.07145145696923803
2009-12-17,0.6429313510654652,0.01817826152448203,0.5291392864887761,0.5147287312894806,0.030828922250509982
2009-12-18,0.5653867692815334,0.57555749494853,0.5870179012157869,0.3425624913852021,0.05744830217787777
2009-12-21,0.6520319586403431,0.30191525727024165,0.6324182067610804,0.5718695692529278,0.042933013920940136
2009-12-22,0.694158344507574,0.17333129569190772,0.5422508820702923,0.49379957901330157,0.09402614744960247
2009-12-23,0.6324402187729916,0.10545400980747371,0.5557630461592898,0.20626084286850402,0.05179236283085153
2009-12-24,0.6824974897710795,-0.17483957539372452,0.6629677705482863,0.33876422118178445,0.04779373792536021
2009-12-28,0.7565636936539688,-0.26603732373770933,0.5781131891773867,0.500773446732421,0.03475412799546903
2009-12-29,0.6797449209482251,-0.15968840086739944,0.6176238654734648,0.4898332736853287,0.01848132622287607
2009-12-30,0.6708768425794868,-0.2028044499081279,0.5142608518338057,0.36522903359441156,0.0465349412679599
2009-12-31,0.6218874180568054,0.24495752475467497,0.5584106992645337,0.37057154063479475,0.00602013754037275
2010-01-04,0.7451566251273539,0.20534029835884043,0.5446608641700895,0.4060177490035612,0.08387604065255128
2010-01-05,0.7148124825405724,-0.11184380716781442,0.520393248034204,0.3461188998232709,0.004595472625854047
2010-01-06,0.7474361972231016,-0.08757264177317184,0.6507377516053294,0.5712146292249837,0.017768519882628675
2010-01-07,0.7323506820781907,0.24829189812826002,0.5752428366939862,0.3619153688311438,0.07768123235231167
2010-01-08,0.6414197392280074,-0.034923375224558274,0.4997418316378203,0.3960919832330673,0.050210201566100614
2010-01-11,0.6914382732016832,-0.36970886550675613,0.45236575204766644,0.36246412288993585,0.07259474120257313
2010-01-12,0.5618740290872792,-0.049064683660213826,0.5461927797588186,0.28180119622959054,0.07812461871063504
2010-01-13,0.7354973058726986,0.19291290351794224,0.5012657230901478,0.38800591953469543,0.05096724589815828
2010-01-14,0.769256926275577,0.4652454774878443,0.6732569634957809,0.4553472556592188,0.07569148947650067
2010-01-15,0.662507001972601,0.12332884647826813,0.5653375178203175,0.45681296633571045,0.06998765389280176
2010-01-19,0.7019560417415788,-0.13664781688056546,0.585761317354327,0.33240489970082915,0.08942568833572968
2010-01-20,0.7147589124351468,0.027859584051482724,0.5532828101589999,0.41152117754871254,0.02335765601740506
2010-01-21,0.6298202273916869,-0.054873581875465385,0.5134546091315935,0.33287824601805616,0.0094860607328082
2010-01-22,0.6511035356121693,-0.22138328948392247,0.6543366402195329,0.4524539644924007,0.02271400698511962
2010-01-25,0.6403386717228227,0.017125274591685988,0.5464834037485662,0.33798709811174465,0.06990437692939508
2010-01-26,0.6283738317648502,0.13895034406632448,0.6252289775656753,0.3751510124391646,0.040468424130846115
2010-01-27,0.682264043430492,-0.20835454599784817,0.6558346837576924,0.3369213677814198,0.004672736760522034
2010-01-28,0.6978158902471183,0.1507219322838459,0.6008216227434425,0.42394200408698685,0.02257314720821804
2010-01-29,0.6682555605653336,0.3087107381177636,0.5024842335547547,0.4814419536609861,0.03825520393636769
2010-02-01,0.6285530453313142,-0.01792659337721062,0.48932961151375803,0.3150981421162291,0.03721678364755743
2010-02-02,0.6277579160973706,-0.17273518878444033,0.6075751373188053,0.432447185684096,0.0190566532016936
2010-02-03,0.6306784523323502,0.20184195980952158,0.6057558441873507,0.30753050743857285,0.05254205976277329
2010-02-04,0.6764432071540665,0.0754521704994309,0.5796395777373997,0.5207826922905066,0.035621807295456866
2010-02-05,0.7118324023337834,0.026883032092815375,0.5869433670260269,0.3039696301023207,0.07406372770400459
2010-02-08,0.7159095947838449,0.00039681821845018894,0.5836141514031289,0.32706527348467385,0.07857891534827444
2010-02-09,0.6818677020843812,-0.21208475688913128,0.5986246068420167,0.4179321711758905,0.07364049779991154
2010-02-10,0.774839432343434,0.08230084281647529,0.6073427193840206,0.45714373648429507,0.04272630928668067
2010-02-11,0.6719125776235585,0.008463567844501913,0.554707249878655,0.43103127801727115,0.059080595753594915
2010-02-12,0.6823592265619717,-0.20030547578815683,0.5457679161258627,0.3969994903425465,0.05235605929667319
2010-02-16,0.687268732415216,0.1915712941073779,0.5324556325168727,0.4781764836099488,0.015082231902203114
2010-02-17,0.7838644665990733,-0.31752837330298617,0.556152890135002,0.34880199628985453,0.01736142068719291
2010-02-18,0.7151341088799856,-0.32238433848563014,0.597157294054765,0.3731852857278988,0.09978573124914819
2010-02-19,0.7877468896799817,0.021591671080882297,0.5422549206996505,0.42483556471428485,0.07265684873684397
2010-02-22,0.7139590389275414,0.6490598557707374,0.5800867284932864,0.46813474525153054,0.0347646345989072
2010-02-23,0.6387948749962795,0.13696503898922816,0.5420945974300428,0.344923921524854,0.07809387390864765
2010-02-24,0.6576860970610563,0.16581806795183254,0.5517786027750216,0.3951057265697811,0.040197178530192106
2010-02-25,0.7671158303546056,0.1371529248649385,0.6629748776732022,0.5438807211194308,0.0072092905973786155
2010-02-26,0.7119608922397563,-0.06104264409431325,0.6673776474183304,0.48947437455452003,0.022918145929912617
2010-03-01,0.7135876910113804,0.31313533961158024,0.6826961657770084,0.2970738215802173,0.09401402787707998
2010-03-02,0.7677659502631476,0.20171417257503066,0.6555786239240226,0.36262124014191566,0.016550053132536803
2010-03-03,0.6522864494212814,0.21010666775490214,0.5419166704675502,0.3931606804431287,0.09097236956640571
2010-03-04,0.6767601287781801,0.28669621574223453,0.7003493588210923,0.6748312254762077,0.01573620519666259
2010-03-05,0.7068759504411806,0.01298451672351485,0.6705975111929339,0.3897539782195577,0.09953040597955624
2010-03-08,0.7195102218216763,-0.09894639147663814,0.6525785663581678,0.26708269891642156,0.02055814883527367
2010-03-09,0.7400537232997559,-0.04367783388009164,0.639594460996956,0.35194986648849896,0.08149721360819273
2010-03-10,0.8163573334540012,-0.20692753389978413,0.6251111270202495,0.4609843505270795,0.05444616688223043
2010-03-11,0.7283128009554426,-0.102548792623481,0.6070237808754625,0.40048856610334577,0.0011773865985325927
2010-03-12,0.7315234425593796,-0.09160842644087364,0.512651303217286,0.387148020112395,0.07025521490819985
2010-03-15,0.6822453541641147,0.038747835390575164,0.5950057818239501,0.40136818987694683,0.04348848325650863
2010-03-16,0.678659944330247,0.11861930659553044,0.5250044476568305,0.4441662380108282,0.09395398346564716
2010-03-17,0.7247297233962524,0.2919510371347355,0.6107559394707733,0.5630092645146245,0.08791371408319623
2010-03-18,0.7405290455062408,-0.11357356106657367,0.6647640844572685,0.31896667369108544,0.01103196012644414
2010-03-19,0.6610128397545393,-0.2728044846821886,0.5995421314114104,0.5217830848036882,0.06880406078418516
2010-03-22,0.7467968869642411,0.2084229926534345,0.6331697576635564,0.3924960346088745,0.02949922448913446
2010-03-23,0.7188793071371411,0.2955151426430407,0.5956480685944073,0.3181518426187733,0.07023913357965632
2010-03-24,0.6942454655285658,0.22449297283816813,0.6409315190836784,0.40354853385982714,0.09224428931399846
2010-03-25,0.7246700181912841,0.43473092386827156,0.6108552323713856,0.4959605079700483,0.06411099730389257
2010-03-26,0.6409335419480879,0.09670269895812082,0.6225667729155341,0.3113873344605165,0.0499076784500726
2010-03-29,0.638043481655687,0.18831831285853942,0.5840515187579508,0.3754279679480936,0.06303366311487772
2010-03-30,0.7884990343173325,0.08953486987243421,0.656916441682213,0.37197494338349074,0.08587589079699841
2010-03-31,0.7427619242307198,0.2662532090557525,0.5290373897788745,0.42894480033596416,0.046697999264154744
2010-04-01,0.6781013586260313,-0.2779337991588075,0.6669722959257979,0.37042142481441354,0.0635064356895082
2010-04-05,0.7239518968495482,0.5881236861437972,0.670476801943526,0.3407758522102075,0.092463511944108
2010-04-06,0.6324833916643933,0.38387477513225904,0.5423380717548167,0.2774337037500044,0.07345544103690485
2010-04-07,0.6242213108020551,-0.08866234600841906,0.6129403795100673,0.5016899083554589,0.01648794802535831
2010-04-08,0.6943219776871582,0.08744801614034077,0.5690432353074876,0.28978096703543854,0.09851581843526579
2010-04-09,0.7738758181979649,0.24931340295990598,0.5887105184454121,0.34718490772521354,0.060250786772748414
2010-04-12,0.7288227597976701,0.16161331571821197,0.5483304501934568,0.2758953853132773,0.016329918270157274
2010-04-13,0.713221430119499,0.2227873655657654,0.6519840603098976,0.3323186304156155,0.09550414121109548
2010-04-14,0.6951617994626229,-0.1277562294725779,0.5882978788733947,0.38701870835654445,0.03872703461943079
2010-04-15,0.643875657767689,0.11922100539048115,0.6986568317097024,0.3051485360769384,0.0790103992531998
2010-04-16,0.71563528474956,-0.21511394771723943,0.6423241887491427,0.3443743721317758,0.04726319522901701
2010-04-19,0.8169209375456687,0.14418960497311714,0.6140708922574524,0.4419142004498273,0.0007980741190978913
2010-04-20,0.7722415623126163,0.1501756710709214,0.562041893223435,0.439322937856138,0.09987667833711494
2010-04-21,0.6434433683297747,-0.1662823542601022,0.6295899860469549,0.38513323462934723,0.059998896663861725
2010-04-22,0.7127847122775159,-0.13070804802288574,0.6034289453926482,0.3739997721930258,0.05791668183113366
2010-04-23,0.700116283929566,0.06674050066550026,0.6479452757574213,0.315344992369036,0.09440537779277125
2010-04-26,0.6835957538871772,0.04524914110318183,0.6688231997398157,0.3909109945895257,0.03478716072977748
2010-04-27,0.7424833376097838,0.11614394482622369,0.6124173159438707,0.5530643200412295,0.06342486369226162
2010-04-28,0.6565392686675838,0.4421874481003129,0.6117036976551712,0.505156289382159,0.03897933292192603
2010-04-29,0.6294559243033505,0.0029188219346461576,0.5211130759896926,0.4291197946688871,0.02879432635167044
2010-04-30,0.6215540141365645,0.2770381177656504,0.5553714712354806,0.5399094846633357,0.058863534678097566
2010-05-03,0.6797930788758524,0.08127669144501887,0.581379790503063,0.43913993869150353,0.06827662369129274
2010-05-04,0.6144546513371396,0.07866902797982626,0.583003496416719,0.30550114395502204,0.03348964670746141
2010-05-05,0.7008303833420971,-0.05818378725113188,0.5641179377683975,0.18695930828513105,0.08438913213795077
2010-05-06,0.7011338676733148,-0.039014383857720575,0.574028532899698,0.4005297083693935,0.016134569723372173
2010-05-07,0.7402591312143935,-0.00588996011539376,0.6016645877804742,0.3607637810452471,0.04624064626008563
2010-05-10,0.6920498702986687,0.13363672712938157,0.6265225369711063,0.4264990814671018,0.01684845195764274
2010-05-11,0.742328238009124,0.003191097215270321,0.570677049163102,0.20548900534483172,0.040524186699954494
2010-05-12,0.7444544979555116,0.21680873309019622,0.565930923865878,0.3295943611337121,0.06322003483150933
2010-05-13,0.734495410240204,0.20333303377270023,0.5808941379292025,0.33847192316707075,0.09933108865728557
2010-05-14,0.7214853464595359,-0.13098723657039885,0.5434078331838553,0.3342239199335852,0.04256357257429382
2010-05-17,0.6880771137992878,0.2493783634739923,0.5713324636365434,0.47031599129411206,0.06489357743570028
2010-05-18,0.6576991875673912,0.3178922963544202,0.5921206356288184,0.36410794348449166,0.04851341286903552
2010-05-19,0.6790164240037571,0.016745202282036922,0.58254909784735,0.49313591226769005,0.05116741048848446
2010-05-20,0.6474981453682608,0.050751080008270194,0.6516457867112282,0.4439481288965847,0.053782777013158804
2010-05-21,0.713295515620286,-0.04673925246335204,0.6430016768324038,0.32014532268832707,0.0005047598064877757
2010-05-24,0.7220577341196869,-0.21594003138431625,0.60063023149506,0.4060590025795888,0.01976692966725282
2010-05-25,0.7493970052365647,-0.20237356391170308,0.5448545473183121,0.35685803479156814,0.08081419250774483
2010-05-26,0.627453035133946,-0.2199074441692691,0.6717229832450626,0.3414750617953615,0.041424019354491026
2010-05-27,0.6482373438684954,0.10326451243926851,0.6186174246976285,0.26896376009307615,0.07510091809291497
2010-05-28,0.5494718695730145,0.23183765566315107,0.639653063474199,0.40650951782639155,0.09826265309291221
2010-06-01,0.7055980160176162,-0.0820166953741929,0.5942024294284686,0.3040613089040363,0.0995036133690796
2010-06-02,0.6795219762378957,-0.14562193335888224,0.5500597793582207,0.5047080469223284,0.0017677380932738962
2010-06-03,0.7250035791582631,-0.20025901205574193,0.5982290747771649,0.3971805181425095,0.06441431861515222
2010-06-04,0.787396069700523,0.3916642238275518,0.6132030507747974,0.3758182470260512,0.07355432004912685
2010-06-07,0.6676250406122949,0.05364127766098954,0.5512564625555364,0.21353429730384985,0.08985065980106942
2010-06-08,0.6419401115098804,0.29741363121351916,0.6153476110543703,0.3540506290751161,0.05820649379667299
2010-06-09,0.7495951624506694,-0.026164959916018273,0.4579632846037859,0.44015837280689113,0.07404714081586704
2010-06-10,0.6991675322472967,-0.29045153023643117,0.6612882144064468,0.34023359155585275,0.03439804230130374
2010-06-11,0.6905629214470638,-0.05326420807542255,0.5917787918530446,0.343458767758161,0.07944666379597655
2010-06-14,0.6696333247522697,-0.060939314268600636,0.5320115948037781,0.34839007033435904,0.056945208850221564
2010-06-15,0.6833577560249813,0.0014066074256266683,0.551635670937311,0.40134284823537775,0.04579877681116171
2010-06-16,0.7598154117179047,0.38664183422371234,0.5365336489367661,0.500439757928575,0.01530922389228273
2010-06-17,0.6621484770527359,0.14126785096008512,0.5552499313641363,0.32588126636869036,0.031581940503427046
2010-06-18,0.6604932289311253,-0.15700591539292386,0.5767725347198485,0.3974760023714504,0.04329072131119998
2010-06-21,0.705337914908783,-0.1863251666179798,0.6181039991160546,0.39632730842052666,0.014922519357623988
2010-06-22,0.7881590625370221,-0.24432586881221102,0.5282705586795873,0.2951457264399491,0.051938558512998556
2010-06-23,0.6050363048856526,0.49910642459460947,0.5917453445897572,0.4299214881080626,0.08834922193562617
2010-06-24,0.6849202956986759,0.036418753647783124,0.5886982173795424,0.43170481643650516,0.07610438342928307
2010-06-25,0.7140859216868326,0.3016203330667869,0.5499766167218324,0.3217323725981435,0.04679600161539058
2010-06-28,0.7322089403194426,0.2653487272357367,0.5713180068883581,0.37839718994287114,0.07662103901283107
2010-06-29,0.7121999887333543,-0.02162928762869311,0.5330567508444283,0.47730168556314634,0.017724610909999917
2010-06-30,0.6757237568825876,-0.08379257587724914,0.539092494925439,0.271839257791489,0.006450838205849508
2010-07-01,0.6142971201753827,0.052679299550175064,0.4706706197535348,0.572005626797463,0.03859723229563011
2010-07-02,0.6891734948243817,0.05249693512738071,0.6139411099278888,0.4053663958076763,0.025252226366616327
2010-07-06,0.7330692026446237,0.20768098604358715,0.5823260571533506,0.46641432896357893,0.011741829366427836
2010-07-07,0.681321656487369,-0.2726449254568801,0.5989002102521521,0.501970521075761,0.00617135623743752
2010-07-08,0.7538067444437339,0.06631286089942853,0.47763183999864156,0.3842790331207272,0.07189466974992986
2010-07-09,0.7069849653368061,-0.29572264021568545,0.4751941117861982,0.24569228074344865,0.0019200015656219982
2010-07-12,0.7202977190908988,-0.0753021388009993,0.5618404105367629,0.40156537680369847,0.09344231247978178
2010-07-13,0.7125127277051836,-0.030772980868850996,0.5641242119104543,0.4159453775275215,0.022877397531442537
2010-07-14,0.6993198781926945,-0.03115820421905522,0.5684549169848035,0.46862936172743874,0.0847849050264949
2010-07-15,0.712890210410923,0.1468263465178937,0.5805701441453992,0.40135549753872046,0.08952091259450112
2010-07-16,0.6316363778334032,0.24119085610642138,0.5352580158666883,0.41709256170273606,0.03730218130031634
2010-07-19,0.7162407776874686,-0.1490019137798538,0.4786784521911353,0.42454546458178777,0.005377660264453699
2010-07-20,0.6994399872013587,0.22631366621258997,0.5410595997571823,0.29426655874593405,0.04100583225686492
2010-07-21,0.6992375728607225,0.31403797873947553,0.4081007578125574,0.39923165025876095,0.00999056418985046
2010-07-22,0.7230769302841769,0.17407696951792473,0.5350552642394049,0.4896157815510346,0.040986327127891034
2010-07-23,0.6854707854401919,-0.22341580937335245,0.4801038009854701,0.31314495585636337,0.09848587409628312
2010-07-26,0.6264909470849118,0.009231411959689455,0.5011629066825732,0.35598617808330546,0.01796183407186751
2010-07-27,0.723011073090036,0.11570706750907622,0.5259553622799181,0.5601065646797371,0.03567393700794309
2010-07-28,0.6759608857080239,0.25686982075577786,0.5045620076790669,0.5477184544604852,0.030188682776192678
2010-07-29,0.6666568905925438,0.027328552202981016,0.503544890921967,0.5136683477234735,0.08048939600925048
2010-07-30,0.6883747327190464,0.13682457243998666,0.49872764125822466,0.33907143088169395,0.027850487194015717
2010-08-02,0.6343876845273786,0.0653477883884324,0.510318609214817,0.3865360823153691,0.059290739958336704
2010-08-03,0.6913542838624789,-0.08048391071262061,0.5318343169557628,0.4182378390993907,0.06237983274194386
2010-08-04,0.7214352067253113,0.36793135993041554,0.5781150500240072,0.537394936099653,0.007931828849890644
2010-08-05,0.6958831396640047,0.14263616989473157,0.40671016939643806,0.32268920677495333,0.03826885443092798
2010-08-06,0.728179853170431,-0.38657986809155,0.5706513115746846,0.38917935763958406,0.04636688009892945
2010-08-09,0.6699472554164982,-0.3613465610791463,0.520697734626388,0.43360394821034676,0.04185686992320545
2010-08-10,0.7627203595973635,-0.09858113834937601,0.5365033623731501,0.31603773104896105,0.0706491508018209
2010-08-11,0.8350239083822593,-0.0182364166296515,0.4900210165502228,0.3670284667080571,0.060695866628107636
2010-08-12,0.7475686101177972,-0.23740770274917763,0.6233662921413078,0.3220390010583178,0.03156490045679992
2010-08-13,0.6711979636327509,0.06717077518285336,0.4731098065476761,0.4624550344680159,0.04394449685390161
2010-08-16,0.702298367212503,-0.18993148074298827,0.47084715725074466,0.4269726354192079,0.06795401888134027
2010-08-17,0.7093901304881726,0.18519388148080135,0.4335122142706335,0.2638726121708593,0.046533458918403686
2010-08-18,0.6230336082682171,-0.4757783303553671,0.5462332721753043,0.4278317713518317,0.0901762369165606
2010-08-19,0.7026058818672692,0.04914743081932535,0.49710263611927497,0.44368973455784827,0.046498795134013705
2010-08-20,0.7029702089923945,-0.22110199884804838,0.4688979390734325,0.3297303607117284,0.004881917297908767
2010-08-23,0.6746196059353639,-0.01312213546901677,0.47724240379369115,0.36784435049186354,0.06415651428647239
2010-08-24,0.6889746900416079,0.09029705832785918,0.4828643129584138,0.36086784728736776,0.08521429589521323
2010-08-25,0.814627013141078,0.15779022101812004,0.5356922080919861,0.2882652733943928,0.08075381623368819
2010-08-26,0.783621972395296,0.1904759863656843,0.523451321957894,0.37763228405065974,0.05781815771847224
2010-08-27,0.685492296254454,0.2035105942123633,0.5160258742433843,0.623753162713591,0.041531050766506074
2010-08-30,0.6666033225726645,0.2124634763053057,0.3472347396046622,0.38403143940802753,0.09716720060177207
2010-08-31,0.6922151732921136,0.3251936640960391,0.4016960075340584,0.5377712757072549,0.035561975197512564
2010-09-01,0.6120555136264922,-0.06243709674216025,0.45342170988811137,0.36686927205575337,0.04453605371761559
2010-09-02,0.6924214128170884,0.09915927538919399,0.5258627881331419,0.4065838955680765,0.08910017223410244
2010-09-03,0.679022037920226,-0.022908505857033287,0.5644355102229833,0.3969698346443658,0.08318492577158276
2010-09-07,0.6856679213401856,-0.1789850643637427,0.5340005035937165,0.35971066665365103,0.02281115313692167
2010-09-08,0.710654716682004,-0.22986739350360344,0.5703205041195121,0.5462882854823501,0.038693470832913496
2010-09-09,0.7481059483755759,-0.08133503013899361,0.47991407127415814,0.4539968042411978,0.09917761685482235
2010-09-10,0.7065617851109133,0.020947025776960334,0.5742490607543375,0.44625906348062505,0.09416049928513867
2010-09-13,0.7361322203465538,-0.13294224924392814,0.4902608361545658,0.5934271254475609,0.020467930580205775
2010-09-14,0.7090289393223361,0.04787722285744214,0.5039428844162028,0.4496862821622602,0.01510298356882619
2010-09-15,0.6545105467518142,-0.31321880693304527,0.4867897837501154,0.509792082751804,0.08904486497579761
2010-09-16,0.6930550717456426,0.2791651031728606,0.5175610742462433,0.15668102961082134,0.0218044169403393
2010-09-17,0.7273480130968107,0.4815974002686496,0.4485311754512222,0.4678036006353019,0.009309114244440432
2010-09-20,0.7451721194175238,0.27767852382922226,0.47381655856481325,0.5019014060535352,0.06166951939748638
2010-09-21,0.7062084050656011,0.4405727100090151,0.5346834151291691,0.6090980716442372,0.020104945261381537
2010-09-22,0.7696512847524133,-0.05946640575908944,0.5133351259021394,0.42434357041019655,0.05884132474818006
2010-09-23,0.6751802752260924,-0.015721655418115953,0.41051801775146035,0.4869095775434138,0.08976587273424798
2010-09-24,0.6652197859121548,-0.1917858858065883,0.46916359738639896,0.4027923032664215,0.07618834652711898
2010-09-27,0.7071527786225618,-0.0407747238958292,0.49998191403721154,0.4336172192931235,0.014593263789513145
2010-09-28,0.703101340606232,-0.2376868885800584,0.44039667881781297,0.27365758877164686,0.008536007012051528
2010-09-29,0.7508618408001159,0.044266982474673304,0.4891453308466949,0.4826747087867456,0.04551625864531142
2010-09-30,0.7334308140318914,0.2430097780856234,0.5823876820581516,0.40544534936961935,0.016517138757127594
2010-10-01,0.6571555816066944,0.025323046374467546,0.4302399273717506,0.552181447962544,0.06930999352595109
2010-10-04,0.6807040698921216,0.21016576138838328,0.5019304785338916,0.29403024906225805,0.0629886828068685
2010-10-05,0.7355006664426865,-0.19677140818558378,0.44134412080861235,0.2729178847352993,0.07596627740094841
2010-10-06,0.7010276167864729,-0.1365607647813267,0.5152002656950051,0.5709420997825537,0.04663441710313865
2010-10-07,0.754258443366008,-0.3413266471638856,0.5567597141177231,0.42656058184996115,0.033654208006676005
2010-10-08,0.7319254787003342,-0.14152864943980883,0.4878890070210918,0.3055357870720706,0.01621342343118174
2010-10-11,0.7660714354247251,-0.269412108446612,0.5482999177918306,0.40424359269809035,0.07098473234061438
2010-10-12,0.6872588257709614,-0.3337087181452688,0.5244773491889894,0.6564976614674986,0.07085072562903148
2010-10-13,0.7671668977666498,0.19850472233359623,0.5001058719917801,0.24952812850262449,0.07681728188918643
2010-10-14,0.6253766511885969,0.2607909264223013,0.4778032014377612,0.33411591004338076,0.00746967058056578
2010-10-15,0.757083770817069,-0.31567275698507924,0.5931064577966157,0.39787025754557165,0.05766114127474357
2010-10-18,0.6983836719469069,-0.20620947945556703,0.5282993735418264,0.25284744723358005,0.04117219592794992
2010-10-19,0.6617448818008197,-0.46048261034273824,0.5438635549362028,0.3339131819117291,0.046608900308692885
2010-10-20,0.7056176221243651,0.012878160196386532,0.5230279030913879,0.28427076946993757,0.09185937049390303
2010-10-21,0.7443228596766185,0.017339318120308214,0.5081074320006792,0.4557167135638874,0.022564014551552047
2010-10-22,0.751251842864725,0.1261662344893815,0.4335279409368911,0.4461505847984072,0.0022471761205397514
2010-10-25,0.6097537749235218,-0.11185512235560775,0.5097202610906632,0.34867014681799957,0.05711091337287132
2010-10-26,0.6826205917580916,0.344514565769676,0.430092937683835,0.5734812793362958,0.0803915525496829
2010-10-27,0.729135520009162,0.05135561977163177,0.49203176835056806,0.41893676715693995,0.01820950737119196
2010-10-28,0.7055470765383091,0.22038684597936176,0.5558668140926523,0.3818614203505474,0.012950001944975142
2010-10-29,0.6758905288890138,0.05166537348858912,0.4601199638167346,0.1938507827356576,0.09550228481611199
2010-11-01,0.7096484332619871,0.10917175367332849,0.4861433207934743,0.49543400569697515,0.061263290654467686
2010-11-02,0.6913312824842944,0.1381119433180936,0.4820264653651315,0.3927954873538766,0.004194963327695267
2010-11-03,0.6573894995029933,-0.324121501944624,0.485012351954563,0.2816058882439244,0.0651238903896229
2010-11-04,0.7094844665095432,0.07109375095233753,0.4728147229588543,0.24411988261914802,0.06910696690451751
2010-11-05,0.710819233964881,-0.14919061921491233,0.4512378185111568,0.42664988714899077,0.05499687807898238
2010-11-08,0.7940895909045687,-0.14681342314662246,0.5415474826128212,0.5727212309650626,0.012415840358482855
2010-11-09,0.7343072321320877,0.007511858618176898,0.36485808015768784,0.40073645187692014,0.09786692016798083
2010-11-10,0.7422643199152534,0.1770309156887835,0.5122043582805856,0.4186905202428548,0.05077301030995623
2010-11-11,0.731296316521949,0.18438098648748813,0.47741702046703716,0.4325035006366137,0.07585539635885094
2010-11-12,0.6932929949346269,-0.2949525835576245,0.5517722531321576,0.41541953593090947,0.04931629570807547
2010-11-15,0.7491104154180854,-0.1097461200875378,0.47125317613933826,0.5007398813202131,0.04326947634224265
2010-11-16,0.6876601321667802,0.3212461682720415,0.5565409570732952,0.3310252779795382,0.020292141738811123
2010-11-17,0.7297414789171993,-0.07186499385609008,0.5688685066893537,0.47716863086660055,0.02305804978519367
2010-11-18,0.690491297142513,0.16775276720748084,0.522862024058979,0.311321413770001,0.03260647762523814
2010-11-19,0.6527459748719087,-0.012058936175866565,0.47223294704882945,0.5774015966705978,0.05112983560866459
2010-11-22,0.6981026266063525,-0.026780541910235014,0.45186855027611544,0.17546469656320407,0.02041239409619069
2010-11-23,0.7081015081507855,0.29174324928158146,0.5136805924824137,0.28622082957581624,0.05110105075202801
2010-11-24,0.7776228942801989,-0.06024439854670044,0.4146102380292715,0.5471715041810163,0.042490871720463785
2010-11-26,0.795651411584249,-0.1044506364091869,0.485020454856565,0.49007056939954985,0.05870495261684264
2010-11-29,0.7327586470988535,-0.1581287864024234,0.5981284417843981,0.3247701772864706,0.05061006136152727
2010-11-30,0.6088150411171422,0.1319782924293085,0.5151341285353895,0.5571204109671035,0.09876184420160133
2010-12-01,0.6826579737229486,-0.35346717457000193,0.4997265669730844,0.2637950816585913,0.05167383658747319
2010-12-02,0.7170698813635104,-0.11089728319465118,0.5683305571574718,0.4004274716238845,0.0849452170622596
2010-12-03,0.625973469131949,0.12497325368172348,0.5127134582815449,0.6156606170478658,0.09293098412292768
2010-12-06,0.6769026693733678,0.11271788802789913,0.5290974577372217,0.5823510032105881,0.06333514855745269
2010-12-07,0.7239418267921233,-0.2661323315215014,0.535438256196334,0.46941547010587575,0.047240991618329724
2010-12-08,0.7482818802286284,-0.24639684364801517,0.5366791777706597,0.38154239614588414,0.08754406098294333
2010-12-09,0.6595966469985439,0.10697108484213202,0.5414369982553456,0.47884048953816033,0.020455863278229805
2010-12-10,0.6993229707714271,0.3387406623275689,0.5513469159596743,0.49432845350424026,0.02113945031763458
2010-12-13,0.6988423089029941,0.025340506886296518,0.4699773299203416,0.3812782380869962,0.05225637657006872
2010-12-14,0.7548207432666448,-0.11804731023112502,0.4985866701927631,0.4426168525697543,0.029229671263317037
2010-12-15,0.7633153367014145,-0.09767907848138194,0.5858949249811529,0.39507702579136006,0.06664332896653391
2010-12-16,0.7210048153477895,-0.07839785679899565,0.58849793207305,0.516775231690588,3.1087334694590574e-05
2010-12-17,0.669689836803694,0.06810309618774305,0.47691828734826813,0.3932544861308771,0.05768417705766195
2010-12-20,0.6890043825838634,-0.22509521190400852,0.5244984856889661,0.4703989133392747,0.02450276084832085
2010-12-21,0.7896704981830515,-0.2478553444726952,0.546061802432481,0.38960746848020383,0.08647855633685235
2010-12-22,0.7297885371263174,-0.11246563663057459,0.5821222578848929,0.5230784800474857,0.07389903404378266
2010-12-23,0.7025192101756541,-0.1791471167448941,0.5761485805329863,0.4755883288772953,0.05340021361837674
2010-12-27,0.6800100430988655,-0.0656967425721229,0.572932086414805,0.4852392508299892,0.05363420238951633
2010-12-28,0.7893422490241059,0.26102338360037625,0.49355807949883795,0.5566103466125094,0.005186506937970514
2010-12-29,0.7526735359389336,-0.21455530031721823,0.5437970163016325,0.5356968324725282,0.02483120779639314
2010-12-30,0.7392125287410551,-0.1357834443174901,0.6041714054095949,0.46084470153242746,0.08833932200777783
2010-12-31,0.6780055005967307,0.21306364485549611,0.5341310402798097,0.4398212367332915,0.08840279677005014
2011-01-03,0.7344052162775675,0.12897515701515355,0.5942283910965601,0.4366897857630444,0.04675637197384774
2011-01-04,0.7346264070935917,-0.0825200152692299,0.5379123635392711,0.28122259733042454,0.034844107913535975
2011-01-05,0.7152934452342697,0.2291579717042943,0.569034510271367,0.3189444462538612,0.07761452613383521
2011-01-06,0.7787279744828208,-0.11305894032864344,0.626693007976004,0.4892132419175572,0.0399235487270789
2011-01-07,0.681335961639997,0.3194824200788047,0.5761887938573055,0.4552150825292231,0.0016122247554789416
2011-01-10,0.6623010575807952,-0.13841726061537793,0.5508910188088563,0.5575457516284555,0.0007683994596586086
2011-01-11,0.6931417267962252,0.06908371079190873,0.5360367254977751,0.4686135531421549,0.05519984183127822
2011-01-12,0.6092966281471941,-0.10130721800126748,0.5528208718075082,0.5435685913932686,0.023281580148526184
2011-01-13,0.7615317663900133,0.005353669375722098,0.6104140027682262,0.5330617279030495,0.0865008033010875
2011-01-14,0.7019531957044781,0.22577073556585045,0.6882630891319815,0.323962879350882,0.07469983133681134
2011-01-18,0.7359155491526568,0.019839599262449496,0.5553968449112522,0.396282748918183,0.04784897360263027
2011-01-19,0.6916811776745874,0.09299990142705536,0.4875608955040382,0.5316737624248505,0.09518666446864141
2011-01-20,0.675243741242836,-0.08442960102343915,0.5078477748896346,0.6534547374545511,0.021114274860358207
2011-01-21,0.7679011373239074,-0.16546174955870516,0.6163299494562087,0.26418756069460575,0.03707315791006562
2011-01-24,0.6636116261218147,0.21483518548018773,0.5561781686865509,0.4856235998099397,0.07030642836329744
2011-01-25,0.72067171414253,-0.12373636509109256,0.5401133099393202,0.2660681193358473,0.017036441208131792
2011-01-26,0.7278007750843363,0.429608020810383,0.514272510053308,0.27246104854652176,0.07159097358313518
2011-01-27,0.733326773249986,0.3123636912464627,0.6508903660136559,0.2395136678066521,0.056462900666995164
2011-01-28,0.6679028126952223,-0.08463122656359122,0.6671432476138017,0.4426511467922939,0.04304263570273508
2011-01-31,0.7640241933052955,0.13881777755277783,0.5030645903810581,0.4054402129984127,0.0790668187230466
2011-02-01,0.6613935732609493,-0.016619571417727366,0.48757364133118924,0.3446842843119502,0.05135572601990897
2011-02-02,0.7605686824295421,0.05449836207845063,0.5941632866044525,0.49883886280126594,0.07265943939061391
2011-02-03,0.7555573405915008,0.6677473624516304,0.585243710626544,0.3263222965777096,0.08222308096262594
2011-02-04,0.7304916654842639,0.10011079313520282,0.6139306495453313,0.2527250931623022,0.04881326997377551
2011-02-07,0.6793873823153285,-0.012149021806116492,0.5555010560775004,0.31875012371802947,0.08520998569989768
2011-02-08,0.7340299008407803,-0.3566804000629267,0.5658545397919579,0.29079270043776645,0.06792153394272088
2011-02-09,0.7039742839366486,-0.27760811094109533,0.5173566612073649,0.5804899745435178,0.0959905801291752
2011-02-10,0.7260045862032871,-0.3733804835748328,0.5538480888241187,0.4610672283322359,0.08224502653633925
2011-02-11,0.6069692402652289,-0.354700523317072,0.5036176137698757,0.45215858852049684,0.009697032868553314
2011-02-14,0.67873517674735,-0.3145621909498425,0.5730640431460929,0.3092226389122966,0.06045875953899491
2011-02-15,0.6610164972879744,-0.34694615245402693,0.5936981882699832,0.24698735413279205,0.07903348574914061
2011-02-16,0.6457094898370447,0.33147097524663177,0.634966887780585,0.34049157955842535,0.016375592134449557
2011-02-17,0.7454808667655158,0.16835892448712053,0.5345912349462052,0.42300393261210817,0.05541024441874003
2011-02-18,0.7798336972032354,-0.18331023854129216,0.6151961491075332,0.3496568946155415,0.031054119635728107
2011-02-22,0.8279315950532353,0.381678911487119,0.5269429354980554,0.18396562946369263,0.03443923723083902
2011-02-23,0.7675644705578265,0.3135912949401021,0.6412875737012722,0.35554611902081257,0.09571830591407576
2011-02-24,0.7083565888390841,-0.10995914644980243,0.5167495482158028,0.42425456624259344,0.01843378135104451
2011-02-25,0.7091169374331403,0.3897259250005476,0.5967261734237616,0.28712940344291593,0.06307317998634347
2011-02-28,0.8076570612770833,0.2648670925377323,0.5717802943762819,0.3830339185284415,0.08943468717444664
2011-03-01,0.8277927985615882,0.0704564545155616,0.6113671449350927,0.42050654665001325,0.08066052429565548
2011-03-02,0.670507599489508,0.06459849532242688,0.6442751606057846,0.23943377400441634,0.002698122105996137
2011-03-03,0.7415959084872124,0.1841153964240104,0.5947734619452437,0.5007985137593853,0.032072013691378055
2011-03-04,0.7017473388946506,0.09507304679871548,0.5830309780318665,0.45029397789451864,0.003062751123817431
2011-03-07,0.6688003223873914,-0.0984422514906288,0.6428232880238325,0.25838032404399175,0.02836073295618873
2011-03-08,0.6363259992756196,-0.03551780713002572,0.5122794101264814,0.27314632913227455,0.040286144565578975
2011-03-09,0.619231620060109,-0.056937733657696554,0.4741889561561144,0.5320945036540519,0.09809848711740153
2011-03-10,0.7569594556361867,-0.5125136654941372,0.6408976758915768,0.5100127865592197,0.06854669829823357
2011-03-11,0.76051564803715,0.48241351290240797,0.5834005894719397,0.19326657453999987,0.04231097074401056
2011-03-14,0.7362120383499073,0.31481316463504644,0.6672392007618592,0.47378639770375436,0.001276321347622922
2011-03-15,0.7569572545010074,0.25647923469437084,0.6220877257786391,0.3215601192332274,0.06765014048640812
2011-03-16,0.6497689692399955,0.18664581548776948,0.5070989173536394,0.35578054270154147,0.09256305527127173
2011-03-17,0.7564469749829587,0.6111088681071889,0.6519227429762573,0.5491016715853636,0.030289200000539543
2011-03-18,0.7519086523722929,0.2109477148885568,0.5526689581595542,0.43658306287253046,0.061031087529834965
2011-03-21,0.6100426572243002,0.15665406872719112,0.4523209962912258,0.40335358475392596,0.014733799579370477
2011-03-22,0.6843421369772958,-0.05290233109833822,0.6652233879214984,0.447370397308759,0.01985727982273885
2011-03-23,0.6786348882492665,0.12515674511505068,0.6449572444096697,0.2854135598507629,0.05584483051830319
2011-03-24,0.8501686537431103,0.2674765078293729,0.6795345404864639,0.39759932986846824,0.041443882340938404
2011-03-25,0.7694491446812053,0.027699490815982993,0.6625732973419995,0.49000061772989745,0.016073846427182004
2011-03-28,0.6971972060308635,0.20551058650658485,0.6775145256290153,0.41268755912167776,0.0828752131360444
2011-03-29,0.685720171388299,-0.024299347514472058,0.5864525596973583,0.510765708804897,0.02951587079517485
2011-03-30,0.6861965549255333,0.1315113670748545,0.6219817543177524,0.27260794335588967,0.0755475808458756
2011-03-31,0.6955554811861051,0.30239072192143723,0.6256230913481795,0.5485014863131077,0.0946609638639566
2011-04-01,0.7016124041203994,-0.036105455277667446,0.5518149497897261,0.4302888698980688,0.02754220633544452
2011-04-04,0.7263461628977703,-0.2741037748555184,0.6081580772229807,0.44764019041001424,0.06939845267126597
2011-04-05,0.7568670177297886,-0.008591049202256238,0.6715562199776403,0.45694681900128903,0.0896836131091553
2011-04-06,0.6645002861644224,-0.3476704753409822,0.5487387437375487,0.3517423537720893,0.06423931331030353
2011-04-07,0.7208450701205495,0.485783854774124,0.6008534207945738,0.36845862413443503,0.09038400017349335
2011-04-08,0.7414604941141744,0.256494567651712,0.5891115193564903,0.4230542593137806,0.07142451233343859
2011-04-11,0.6964267987323751,-0.03917335981260613,0.4577669329273581,0.3487978478090402,0.054666197659569205
2011-04-12,0.75144339721485,0.2808647223754476,0.5068721649876888,0.358874959336542,0.0502859691583841
2011-04-13,0.6652194157782124,0.5258699715905882,0.5601172588780744,0.276548928568347,0.04285917651380779
2011-04-14,0.6786712280324164,0.0340107558198075,0.586363881468309,0.3803155996544805,0.02534794604277543
2011-04-15,0.6745073220050345,0.19465632555221699,0.5594362197097992,0.5181910764998748,0.0787016735345628
2011-04-18,0.7239117838917979,-0.0624857337304722,0.6270601423805487,0.3914596859279388,0.016971707293394377
2011-04-19,0.7763028745804483,0.2983992688255285,0.6724812091873946,0.2900520681013006,0.07183499540733175
2011-04-20,0.7196658909629862,0.024015550504293073,0.5727716691709676,0.39690863362288337,0.03937913779591164
2011-04-21,0.7354768031382006,-0.23387478035870313,0.60682665255292,0.4773375652959648,0.018772717634780903
2011-04-25,0.6616294135482073,-0.22699123185558806,0.6384799189589515,0.49265456608761216,0.0038662381142648863
2011-04-26,0.7810872555763455,-0.054690258100148784,0.5743564064227247,0.32521988120446915,0.0038283399372325277
2011-04-27,0.7295902672861195,-0.1702607204775168,0.6814574916910123,0.3429119273558424,0.0923184046599672
2011-04-28,0.6935632668435597,-0.2101756386943171,0.6447541010069295,0.2984849417929679,0.0873778568433872
2011-04-29,0.6991967008561214,-0.27255749982690464,0.5860948226993439,0.19602138620159174,0.059678919978449096
2011-05-02,0.7156480232127035,-0.20645713860603607,0.6467434550033777,0.4863901758031546,0.009602204088172273
2011-05-03,0.7248920865265573,0.46374889734332614,0.5456044421819121,0.37845217476027376,0.06331465982045786
2011-05-04,0.7698550207782885,0.10081902597679995,0.5556414011842323,0.3802337560304904,0.05973535409571225
2011-05-05,0.6895391356311497,0.25179331267432525,0.5943488620436622,0.3828081948876392,0.061110575390519076
2011-05-06,0.7168420776912175,-0.16285265503361315,0.5224310829149093,0.23430853819198771,0.06177704431216672
2011-05-09,0.7539663595442948,0.2718108770681087,0.5671741888199818,0.42877572354133153,0.061606287085007316
2011-05-10,0.7308446435216756,-0.19134290035458087,0.5781905153314271,0.27816074543101765,0.003955342234773707
2011-05-11,0.6812629006187072,0.09422943846854066,0.559423453188428,0.45996817083264013,0.009752290782976026
2011-05-12,0.7971736431833466,-0.02650361801161838,0.6308538665148686,0.43154777296162194,0.030252713566267922
2011-05-13,0.6860709636597613,-0.03761780505257447,0.570060602478049,0.4650470217326188,0.015715471514241353
2011-05-16,0.6098956890211972,0.04567360842593332,0.6034247287922558,0.308051490759533,0.0852850335237302
2011-05-17,0.7442243311114892,0.015069502332586755,0.5152917811313475,0.4093959865244145,0.040411429548753514
2011-05-18,0.7755662879042038,-0.17115097534159063,0.6412182197010088,0.325715571957914,0.08822187410305829
2011-05-19,0.6397054711042025,0.0420743885358169,0.6270619939566231,0.43311182090465256,0.07376705132321838
2011-05-20,0.755824319647191,0.3148232221738687,0.5328795713480586,0.41355274312833223,0.07799183829811504
2011-05-23,0.747817217670503,-0.038473472852882995,0.6657917533966148,0.4113005957570967,0.07503352077831842
2011-05-24,0.6694649117397492,-0.1879581933272475,0.6403787453285572,0.5286676453102458,0.030683587890222
2011-05-25,0.6903818959994072,-0.21001164897397448,0.5883564339533205,0.49679494655033823,0.03910503071128588
2011-05-26,0.7196809951846498,-0.12344097795618088,0.6825719737861573,0.3189108415663281,0.09025264687885268
2011-05-27,0.7352429532422335,-0.12768051505816236,0.5651138528377628,0.37203252463077763,0.005744125881255158
2011-05-31,0.6736004984842137,-0.014722454617325319,0.5436572280241224,0.36540566060033347,0.04966171381201449
2011-06-01,0.6340707131615988,-0.10036046965097899,0.5684617678030182,0.5479621428759518,0.05646625544915288
2011-06-02,0.6855821027552649,-0.014958982645347119,0.541382358373253,0.5884852671503522,0.03993943894679294
2011-06-03,0.7031723337853975,-0.27883974416899177,0.5258131966768601,0.4261060475176579,0.010903254368221083
2011-06-06,0.7167112467675263,-0.12877783150003574,0.5445441606838478,0.38941087284269005,0.059265709909127454
2011-06-07,0.60627047984376,0.08351926931386856,0.5154701666559989,0.39174182769880167,0.09913856600141474
2011-06-08,0.6639561147260902,0.2379734841229041,0.654412942226234,0.315124985139325,0.023828228058835346
2011-06-09,0.6620842786364171,-0.017048041549763724,0.5476814263715921,0.33109180387483395,0.02255364076177976
2011-06-10,0.7202276021589221,-0.11924888156661205,0.5673039497731821,0.3499168870521181,0.04270643582182443
2011-06-13,0.6315093914327417,-0.13575186559409744,0.5362968321873619,0.44306320206488253,0.02567152178124619
2011-06-14,0.7340725355773636,0.1743584243976393,0.6191220854011512,0.6837157428210756,0.06066806730190513
2011-06-15,0.6915406071933108,-0.0986305294997753,0.5806646359235121,0.4426362704497518,0.04972003102232003
2011-06-16,0.7118760632439634,-0.058951001480590494,0.5651810622561295,0.34307162326402685,0.016534069647116345
2011-06-17,0.7339904999746232,-0.20498499396895298,0.5222093749673061,0.38067119528671833,0.09212209022767893
2011-06-20,0.6811549389694598,-0.027242429708522344,0.5509038586705939,0.43804817283625863,0.0314952240476172
2011-06-21,0.7540010143263136,-0.08851870850777159,0.5217153675227325,0.5573690728308177,0.008190835381912032
2011-06-22,0.6304092259847387,0.2007318823240358,0.5164622746730811,0.3572984963543814,0.08039593846196237
2011-06-23,0.7778500706835474,-0.1034861056264853,0.5350994078530086,0.4319581254916577,0.03899789555574262
2011-06-24,0.7410777876942277,0.0378034971146201,0.6119247410777406,0.37062056404611576,0.0215329727218475
2011-06-27,0.6913547574800907,-0.1133934168115886,0.5249961904258531,0.3849529772357537,0.05457620489736595
2011-06-28,0.6416310249459982,-0.2375925019168529,0.5365806076642256,0.3066288421341993,0.07828058399711006
2011-06-29,0.6984684802372206,0.31750322554602467,0.6470404870108382,0.3861770013221799,0.0428177708049394
2011-06-30,0.7460642785660723,0.19559144887172572,0.5841983934656315,0.39561353883004186,0.046690429047482156
2011-07-01,0.7358279944650463,-0.1667432926481782,0.5110103565113391,0.23344699834803193,0.01322409708380733
2011-07-05,0.7527691198743633,0.06190636687978962,0.49189385810870534,0.240213557220414,0.0366885742286396
2011-07-06,0.7422348454547016,-0.24651206384582203,0.5642888295500024,0.6080933102325896,0.0720725144871338
2011-07-07,0.668279279420307,-0.1996467808588831,0.46245440569620094,0.31307787264183423,0.03177398394499172
2011-07-08,0.6361248812075765,0.08611154814861925,0.5486213078610036,0.32357355453006365,0.0704515667045094
2011-07-11,0.7089372606757461,-0.29784933362822746,0.5160501184937555,0.5015908761470534,0.02233396256092105
2011-07-12,0.7834079465419777,-0.2360853224297051,0.5750915086559955,0.21975612321046048,0.05919442823859722
2011-07-13,0.6294976602099461,0.03982788004478049,0.5870823657368875,0.5068224911203907,0.0207799534059699
2011-07-14,0.6412974968252654,-0.18091141654778944,0.5391640951294451,0.3696226741751647,0.08687865032980341
2011-07-15,0.7150094418156063,-0.2886600488658511,0.48159986831684964,0.5549468157561406,0.07076855280339582
2011-07-18,0.6103220520167967,0.2142508771477033,0.5518844589740302,0.3459254419865525,0.07353586923569665
2011-07-19,0.660846931929135,0.37347816706492376,0.6070038844973102,0.37973096274985974,0.09535601500639268
2011-07-20,0.7484011424045364,-0.1577520815666042,0.6084347856103871,0.5554855075368645,0.08193452362794162
2011-07-21,0.7081920438504173,-0.16674789972687198,0.5616598397716646,0.37234011192900324,0.08192201457557431
2011-07-22,0.7764334626066626,0.3100580326197817,0.5935987262352387,0.30717970818984797,0.06482829147428266
2011-07-25,0.7556165507568327,-0.07970188486075916,0.4973938291586086,0.3414721587211187,0.015514714125261553
2011-07-26,0.7512261399728107,0.0629624105302799,0.5911542769733944,0.4431440609641152,0.011935010349976172
2011-07-27,0.6655578509064489,0.17690909153046688,0.5708955083455418,0.2967095098992371,0.06467267210986156
2011-07-28,0.6916837299885324,0.06305293833501606,0.5232009763020423,0.3707410516600638,0.02037497866948488
2011-07-29,0.7504828339607289,-0.08659871381866086,0.45511042874712976,0.3602825396204057,0.026691056509606504
2011-08-01,0.7265281811277554,-0.012055692926614368,0.5592524541139331,0.23119138096175704,0.029368505733854078
2011-08-02,0.6809617467552955,0.020768673734077984,0.48168760222283524,0.4319810569626895,0.03218721337952546
2011-08-03,0.6316388471390925,-0.03374096779062156,0.49755876316505265,0.3705680982838093,0.03958977231594216
2011-08-04,0.7120296457827684,-0.12268222943945223,0.5519556790461049,0.6196779416834424,0.006789092741487391
2011-08-05,0.6166423108859403,-0.15859265239383477,0.5003404151103623,0.3974880120233184,0.01678218609742622
2011-08-08,0.7498360973615269,-0.29327640401390087,0.5248718632486299,0.29891417663065567,0.03973907960687145
2011-08-09,0.6928978893905021,-0.15425440188001668,0.4872947998153593,0.37884183744444333,0.008677436048502074
2011-08-10,0.7218421576813092,-0.16125164616481824,0.5049281915448729,0.4853825968241934,0.013701028126667725
2011-08-11,0.7591253139043181,-0.18915287870189235,0.5108019660854701,0.3898464779224433,0.09408574470773601
2011-08-12,0.7595934919434688,0.009495767551519938,0.5433187811624559,0.3186371096863144,0.014366451877868803
2011-08-15,0.7786905851362367,0.2533366729462318,0.46211295117570605,0.5701367350105104,0.0290865603861475
2011-08-16,0.71301686658966,0.16462907610363697,0.45394667723097804,0.49562071318329926,0.053061757248130226
2011-08-17,0.631551822020275,0.07986098253706009,0.5204917661384315,0.3049175598054408,0.05877228246407218
2011-08-18,0.8017656509827301,0.12410979617304752,0.49955462965935893,0.5460489885625248,0.043799887637637994
2011-08-19,0.7396243813146729,0.34799301444290365,0.6071749896461067,0.31187813635327644,0.04447792669197279
2011-08-22,0.7654436360647721,0.022414489448591042,0.48088685938052295,0.3455308522772449,0.09325590453743228
2011-08-23,0.7322776214256197,0.27992859767724587,0.5688311072103941,0.2938613731075429,0.022220733565813357
2011-08-24,0.7420182605082528,0.00444754446102699,0.6138176562957137,0.32036685823978817,0.007992312392931388
2011-08-25,0.6909796108948199,-0.41992200753694925,0.47594023022942994,0.23180451257396026,0.05439328114249384
2011-08-26,0.6457313672346265,0.13354198124648728,0.49120003951359176,0.6871623554162696,0.03811160293707964
2011-08-29,0.680035490501761,-0.23734130110998464,0.46424341999374863,0.3267213746808942,0.031245082790005176
2011-08-30,0.7970130820361081,0.19947138526204927,0.4475711035626708,0.41963377818442066,0.02187696548703846
2011-08-31,0.7064293816894067,0.26795297123566725,0.4900354768864681,0.5480885479502668,0.04562955365564772
2011-09-01,0.713396541411346,-0.06454341562566755,0.5740721957810493,0.5093357546423124,0.008023988495445734
2011-09-02,0.7176781324016885,-0.02571228048095416,0.501420856666911,0.47687656652624794,0.02015260600898877
2011-09-06,0.7186773394563446,-0.36629382329761606,0.5056306714173406,0.3428519766594781,0.032805156159615136
2011-09-07,0.7571186780545965,0.39440004666513784,0.425538198830425,0.406098229047321,0.009462962921797147
2011-09-08,0.7311312878413647,0.12155867731042774,0.5170028753696824,0.3985942947367463,0.03787982920803987
2011-09-09,0.7577855544818201,0.06497738896233136,0.48637400388395885,0.3299145919980099,0.0788746568571921
2011-09-12,0.6913789656141903,-0.07616059950190739,0.5347930701447091,0.4151843391050891,0.011243830340482798
2011-09-13,0.6709134882773133,-0.06107669779642766,0.4858799227587243,0.5603619807474491,0.04765395710289843
2011-09-14,0.7659091652029121,0.24675591914811337,0.4516450347742544,0.2962168928417329,0.018518321905795266
2011-09-15,0.7198553595834343,-0.10832481030196633,0.5062003883822618,0.486152500561123,0.05805873881374834
2011-09-16,0.6886820309874007,-0.09301370813477028,0.500563265950706,0.45495361908079024,0.04308374005646315
2011-09-19,0.635399496355202,-0.28740595147932185,0.4568762826362943,0.5562563855720866,0.05884677932292968
2011-09-20,0.7031538975934555,0.17051697253359474,0.5575414662073247,0.2740571568320423,0.07566289324431803
2011-09-21,0.7581952999229338,-0.004778106399105975,0.5084373012429119,0.2978781428788822,0.044565457503081385
2011-09-22,0.7917458591135492,0.08681090814409456,0.5292568070695792,0.48377525853438164,0.024672588866331148
2011-09-23,0.6549822830080572,-0.1924509075416737,0.4109840300849785,0.4777613183802215,0.01567239895651771
2011-09-26,0.7076027802446287,-0.016602289753677096,0.5357454008886219,0.4982261766300927,0.03252920700908205
2011-09-27,0.6222655969305768,0.25393439530516193,0.5603100351876995,0.5408972494641369,0.04308989835368089
2011-09-28,0.7204616947865957,-0.08805668089741812,0.543831555917494,0.40070215695476935,0.017109044051358102
2011-09-29,0.7265449818825671,0.009054334512519295,0.5286960019120864,0.36105980893615786,0.06894640373053577
2011-09-30,0.7355304597095652,-0.2562650411740994,0.506410654113025,0.5057169241843619,0.06867772137620537
2011-10-03,0.6589027288983941,-0.32015710708865297,0.4440857009040343,0.28491460806666213,0.06792916029962769
2011-10-04,0.6523873666148067,0.21880870576827985,0.5862885489942163,0.43154843752270483,0.04724805026895306
2011-10-05,0.7308165608133433,-0.014909646432235352,0.4324034926638373,0.4897625656443603,0.005185652260560381
2011-10-06,0.7587204563641095,0.09780630736390282,0.4586529219984576,0.288339405375896,0.07457442986501076
2011-10-07,0.7477366663635976,0.03134555128074204,0.45156093027379984,0.39008293879663725,0.09830862524430631
2011-10-10,0.6957431304455187,-0.019766638059508124,0.5844506398550227,0.28954579603615166,0.014160616993953101
2011-10-11,0.6880250807814964,0.056798830531783,0.5605387029064774,0.5296620851275303,0.039549397535046854
2011-10-12,0.6720777216867015,-0.24927731263921937,0.4668579181614476,0.23814885020026483,0.08926473677209601
2011-10-13,0.8265714993086761,0.02211761331430495,0.54351976464498,0.5175606273220711,0.03480369160329368
2011-10-14,0.7547507098277809,-0.19517624105631912,0.4690935054205199,0.2829371292879189,0.07857552201853807
2011-10-17,0.7882554695940093,0.14696779704317103,0.46329238612477913,0.38550732540232335,0.09257692928786546
2011-10-18,0.7425273271264801,0.18463516857253226,0.5057444695522516,0.45970360955209977,0.049412285013412265
2011-10-19,0.7434632702907596,-0.016287720962772863,0.5380344558065246,0.5730119529133937,0.09724606259790047
2011-10-20,0.6960364013004627,0.12231881986754543,0.46544577454755526,0.3137718616651446,0.021998817035383613
2011-10-21,0.6261162922734145,-0.221114589372301,0.47512400484671063,0.48958483736105896,0.09406431919141434
2011-10-24,0.7268928225677815,0.035761283095653504,0.5176997237023451,0.5893724012894576,0.039222730192162006
2011-10-25,0.7234163983566728,-0.1851327881877512,0.48926134544220395,0.3305466152161575,0.017219736739802382
2011-10-26,0.7059807069190945,0.10062533075133905,0.5157292155170983,0.3812271640460363,0.011275335964612599
2011-10-27,0.787204148388424,0.14032499695981768,0.5479405968748572,0.38844087100390623,0.014649963161725866
2011-10-28,0.6716190021576899,-0.19365405801974264,0.43876159784872926,0.4346715637705026,0.02846518273131673
2011-10-31,0.7503696219403617,-0.35560243087689164,0.4799410103125284,0.4818713038909892,0.0022123985576803728
2011-11-01,0.7269426238952174,0.0911193298398924,0.4268597621901858,0.5022804155985275,0.00819272461562529
2011-11-02,0.7155045160598903,0.13492027925209268,0.5156404259946487,0.45026009423064045,0.06525162690921825
2011-11-03,0.767756694652707,-0.13253569997760503,0.49282741846211453,0.41093873276508663,0.04496028784073095
2011-11-04,0.7095787035436814,0.06681218332799324,0.5531094024494406,0.3199120143905156,0.04160143660447825
2011-11-07,0.7623745575881472,0.14701230491666648,0.5102350843921093,0.36502320440441016,0.014307079675557
2011-11-08,0.7178041727978333,0.24220907593113156,0.5172608527336582,0.4337489770413542,0.03169132286800785
2011-11-09,0.749622817331272,0.3828782404846464,0.4830421197146464,0.36887068458609706,0.06820193982387683
2011-11-10,0.6529331435529229,0.04897129435611546,0.44258954262584943,0.4132956946309599,0.03537298137910825
2011-11-11,0.7321750460868036,0.17935448719410152,0.490122582837265,0.41911461787451293,0.009337905916364131
2011-11-14,0.7336463678853526,-0.24223910172993146,0.5219294701169601,0.3228556840240597,0.09896612694957413
2011-11-15,0.7166938549237334,0.02620952690891129,0.5076293620635951,0.43906081982348744,0.017944514658652846
2011-11-16,0.6760588675362774,-0.047966118429153826,0.558560342119653,0.4569466095550811,0.07872194132760806
2011-11-17,0.7313157037601609,0.19418112953721936,0.5268210273581362,0.34722827456388167,0.07076720158018596
2011-11-18,0.7147986070934215,0.0855234555809867,0.5493241524316966,0.3366511343119098,0.03641733944892883
2011-11-21,0.6888649850673328,-0.17892817986309378,0.45596623341233217,0.34982560754423975,0.08874087615155205
2011-11-22,0.6879156041466403,0.36614895057864794,0.4969710991422756,0.5165698388177635,0.0023589510895238087
2011-11-23,0.7313815208727246,0.09064714412650723,0.5451516733946323,0.3977375378198554,0.008419454157223172
2011-11-25,0.6814506643731856,0.6609363325779688,0.46851948037776525,0.429194653932338,0.0571180527519666
2011-11-28,0.6534126537484418,0.11299437152078469,0.516766765942314,0.3730737807682851,0.04312277037512651
2011-11-29,0.6700138736242754,0.16710752662459033,0.582190744658658,0.19891192559921902,0.07135177624706954
2011-11-30,0.7339284060104702,0.0835892414960978,0.47308092280761993,0.30544053150463985,0.09254416176439119
2011-12-01,0.6745222599786879,-0.2756576610493793,0.5218252737209723,0.31858358380859825,0.06869996738404656
2011-12-02,0.7535927017645629,0.04140968546984172,0.5909766240594421,0.3208417415414213,0.055632645043733976
2011-12-05,0.6348039214191685,-0.4645387222825017,0.5258532670116222,0.49873532427147593,0.07995830640866253
2011-12-06,0.6072692742391407,0.14369714826925523,0.553757257365264,0.647580672572482,0.09675358010774038
2011-12-07,0.6362518974343931,-0.005346059144057466,0.5258881410872279,0.5132633078459964,0.017774056977919273
2011-12-08,0.714696656109904,-0.13648966798683404,0.5424849602898961,0.34626401200235307,0.012843185156406235
2011-12-09,0.7759544015308972,-0.041609636077157945,0.5522299012596028,0.6166883909057582,0.09757030008658929
2011-12-12,0.667179023324094,-0.08324000231515681,0.5972284062682764,0.36345746005353585,0.041843675660476455
2011-12-13,0.7721391731386751,0.3031339561239466,0.47602546014138064,0.5099570458444687,0.04682807087600704
2011-12-14,0.754195186864038,0.12996335484214064,0.5397857315492536,0.3032810294042352,0.020283562297705116
2011-12-15,0.6848059149274948,-0.12111356867108121,0.48745306186994114,0.4271534129975091,0.07090385452340632
2011-12-16,0.6644486169567348,0.09276862678040193,0.6146111010435713,0.5900547755368304,0.08865944694311911
2011-12-19,0.6651870267820228,-0.22261862501942048,0.5419865722367986,0.4325205207933188,0.0621380351771135
2011-12-20,0.7802028584155627,0.1384750039432504,0.5357842739755186,0.37601818085452954,0.05067636626731631
2011-12-21,0.6428852517139758,-0.0469098589804995,0.5712445430297647,0.33887241847212385,0.060390493541690654
2011-12-22,0.7116724192358141,0.15560762362021144,0.5184082807187262,0.4755994013836186,0.0851742775182806
2011-12-23,0.8509927098169802,0.03703122694935256,0.46394166398698916,0.640458609053872,0.027676184494403566
2011-12-27,0.6775012375628093,-0.17062432422122226,0.5459985948244678,0.3767394790532976,0.08178378931831591
2011-12-28,0.6821764598299538,0.28490737163591157,0.5979865424117354,0.5480017082135133,0.034212996758533364
2011-12-29,0.748125784029688,-0.244122818478412,0.4277864875175254,0.43494420335345924,0.09461011087408527
2011-12-30,0.6988020463938719,0.13495031054560838,0.5369956465316212,0.44754465204989885,0.038647195077924835
2012-01-03,0.6340307579964225,0.05678950209667575,0.5053655555023396,0.47450151713937827,0.013996375427047526
2012-01-04,0.7298146612821116,0.1107075870592005,0.5935808311825652,0.22645320238454603,0.08318437673964352
2012-01-05,0.5980715782119415,0.23717698812582733,0.6123701000373899,0.3144897844667534,0.09202797791700713
2012-01-06,0.7394976536912251,0.037003788113679555,0.6038624952983574,0.36760862466423566,0.016151528551014593
2012-01-09,0.6974873602731253,-0.1915243678589136,0.6403727434905941,0.4508621004325741,0.006124058349471629
2012-01-10,0.6643976601359382,0.3583559260612291,0.5108575360814435,0.4094637256821773,0.06415734392049187
2012-01-11,0.7079115577862963,0.09609193630762602,0.5127164237206414,0.4218458367014032,0.06933161048948787
2012-01-12,0.7471063412192696,0.19849847176470017,0.5828709627301316,0.5317372216905566,0.007207122231806285
2012-01-13,0.7245398434768275,-0.17183259879472176,0.5570979161680644,0.22580801572686338,0.04670241541041066
2012-01-17,0.7021699143649005,0.0254579881553914,0.6218758827225306,0.38328557652834017,0.07959770320129461
2012-01-18,0.7166611754216026,-0.014618552188309687,0.503315329572521,0.38869654813986615,0.02130781340218546
2012-01-19,0.6904921367699555,-0.10596412066038785,0.6471110648484882,0.580084999833157,0.05657255547836727
2012-01-20,0.7131861109259676,0.03595988920977062,0.43126537392722064,0.46254675534014994,0.07386777162431378
2012-01-23,0.7504450895745757,-0.21574260735154077,0.5634457922407679,0.3553817375272018,0.09181684263618972
2012-01-24,0.7368641385397761,0.15737192082224905,0.4737633853899468,0.4082032879689317,0.06057633929407657
2012-01-25,0.7118228913026815,-0.13133496586953428,0.5709339864099126,0.4195608661409107,0.09268173314724502
2012-01-26,0.6483914809540138,-0.3940180727533876,0.6263718605278286,0.5714967043937669,0.009127502087179185
2012-01-27,0.7737456697026319,0.34091093085848523,0.5736612396186783,0.38954793152108647,0.08413327015725275
2012-01-30,0.7411851936028603,-0.2631743299482519,0.5750338667621439,0.5488616865228422,0.09170709109128938
2012-01-31,0.6589786176559383,-0.03330767846189902,0.5601623858078708,0.4484621785337469,0.05292755574122568
2012-02-01,0.7499786369406192,-0.35162467302444605,0.5703419986265167,0.3390484375626709,0.05163682813878421
2012-02-02,0.6067285266564668,-0.1976057281416597,0.46856297115328344,0.3733105381827919,0.06228078507044608
2012-02-03,0.7134223159655368,-0.52118914454734,0.5271259884820406,0.3182658247109831,0.022158383289887996
2012-02-06,0.6913024740693162,-0.23194535089837603,0.551361665304811,0.4765439029454643,0.07127260600760359
2012-02-07,0.7394064096568778,-0.12287782612434493,0.5614963951143768,0.606171933423203,0.03872771752174723
2012-02-08,0.8270730308576218,-0.29697080897152517,0.5386131785443159,0.22729881899059817,0.07432900306523345
2012-02-09,0.7139635310156096,0.11094316781270613,0.6082415317416883,0.3615329966286003,0.0762553705363955
2012-02-10,0.6768061064104576,-0.028576100299748386,0.6269972212763424,0.5882668437323936,0.08996662641766223
2012-02-13,0.7041653528894587,0.21720711813077226,0.6705970459091053,0.44958305045044455,0.01138139392175781
2012-02-14,0.7457594567417073,-0.04791461558827094,0.5418745642821413,0.4381087292039867,0.07182234257211506
2012-02-15,0.8216587579553195,-0.026536618385092237,0.5995461060481877,0.37064540745030566,0.08616863767149495
2012-02-16,0.7179713062345522,-0.10350449816285762,0.5729316966734699,0.4391627345939764,0.07425748446176564
2012-02-17,0.6223399211178916,-0.11147071369619746,0.6269892029768789,0.598118263134923,0.008130943438908078
2012-02-21,0.7375312590138113,-0.0629823419003197,0.650427510862785,0.4393956321333081,0.08853543300000632
2012-02-22,0.6565365195422462,-0.2259707153158113,0.6266630863241925,0.48105222571206174,0.08921356369420808
2012-02-23,0.798115498616384,-0.24863770313679467,0.5760062352771061,0.5512005100573312,0.04889020207033582
2012-02-24,0.7548582032617014,0.14808148292431542,0.6088237824110945,0.36283652644144765,0.056771779494626265
2012-02-27,0.7552501644621865,0.053529121971359395,0.6082112119233758,0.38707786287624457,0.059238356989743474
2012-02-28,0.8019156432076842,-0.2139857414846254,0.499618779107876,0.49741544205719185,0.08528517210736311
2012-02-29,0.7036764791459711,0.1914308884093997,0.6320375187539322,0.3265795959183937,0.09681343870020728
2012-03-01,0.6242824655287562,0.04867052764772989,0.6033997068088764,0.523630464615449,0.08438707305326887
2012-03-02,0.7794737050441566,-0.24112161495067133,0.5811656828814554,0.37548213244590867,0.07321917863442111
2012-03-05,0.6705928806795575,0.03457038639361159,0.6001846000262379,0.22026258557189388,0.06513492183067197
2012-03-06,0.7996158844686738,0.05784840951948366,0.5982567794425312,0.310108969179577,0.051448715230745616
2012-03-07,0.7041352684686024,0.43409650155812174,0.5421396580449492,0.467330397933761,0.024275784867515318
2012-03-08,0.6780859617382606,0.007477345159688564,0.5912602831322098,0.4992369548799752,0.09789992963627248
2012-03-09,0.7831391349208819,0.06125233403757216,0.6125672731738593,0.39133515187741374,0.044888103094258086
2012-03-12,0.7673232708755011,0.08906948786309893,0.5292788447349341,0.2429531732723119,0.07632713386002377
2012-03-13,0.7148196702183104,0.04364354531058754,0.5788556949775083,0.40235775109772143,0.06996736024704735
2012-03-14,0.6902096830818517,-0.20173822221539553,0.5802896441463735,0.478559281591011,0.05155351216799713
2012-03-15,0.6314123330850963,0.02888471801153908,0.5964312589769637,0.32170492100088016,0.013285975775429271
2012-03-16,0.6564582432796772,-0.35960607840532055,0.6265591949961614,0.3635896254033585,0.05689068807260919
2012-03-19,0.7622595460444102,0.20209520956244367,0.6789106987416932,0.47660416983586024,0.019053343199516095
2012-03-20,0.7570740459229628,0.06963066526105717,0.6052314697310248,0.23781115340394945,0.08787257998342766
2012-03-21,0.746093334780063,0.05214050045631566,0.6024020062176391,0.4911144707482512,0.04248308850586294
2012-03-22,0.6888692357221863,-0.004461178679828278,0.45114882628864994,0.30994899082322136,0.01269409385550866
2012-03-23,0.760790583592948,-0.016653068016186972,0.5497213826606288,0.2775493660403568,0.08086605464256812
2012-03-26,0.7723515519679247,0.10323044233234915,0.643963597271433,0.49977767769310233,0.005183513061730583
2012-03-27,0.7243143056523199,-0.05060504077403225,0.6029121070738526,0.4325906599382484,0.07568767746422435
2012-03-28,0.6940104572230923,0.42414291470069615,0.5573750339605765,0.44441134223892426,0.08337519690403425
2012-03-29,0.719193524618434,-0.03332981114019342,0.6246407655101083,0.22696602186978154,0.003492920858189519
2012-03-30,0.7106148773358725,0.05206913483487589,0.569453889652564,0.2728051646722773,0.0700159491690893
2012-04-02,0.7014536000286857,-0.20702009595626755,0.5179279376036611,0.5220956673993569,0.013306595639598085
2012-04-03,0.7487269384716372,0.05398242326386088,0.5916460913223842,0.40919836001676474,0.08033763728261831
2012-04-04,0.6912504966716388,-0.02896767948609142,0.5921773822193509,0.40387521819955835,0.07240918161242965
2012-04-05,0.7710428695908768,0.34538117124916834,0.6419158333972513,0.3879680159610953,0.08538549857690537
2012-04-09,0.6735245261490445,0.4768493690003145,0.5959820710834136,0.6258017433299086,0.08118137843426287
2012-04-10,0.675831510412624,0.06429763061531228,0.6618359214961431,0.2734294745134139,0.03363262516090716
2012-04-11,0.6917833773585772,0.2861260309514879,0.6231228723991579,0.5103077072959626,0.0039347318116272345
2012-04-12,0.6825159706201567,0.2584770402644166,0.5503293016586469,0.3254970204177,0.061768375298025015
2012-04-13,0.7435435415609767,-0.26742970888758916,0.5932310155634776,0.26079864940694086,0.06769329338872569
2012-04-16,0.8009391219390433,0.1695467495410761,0.5039097307085083,0.31954283739789896,0.041323971054280734
2012-04-17,0.7139350633363956,0.2707411403805502,0.625854952235955,0.41825121993871106,0.022690333454739687
2012-04-18,0.6546988885079804,-0.3804056904484624,0.6532438377607089,0.21807963986331041,0.05926080625705256
2012-04-19,0.7436259932762753,0.2948943643270591,0.5530374131990946,0.24337335132688773,0.08340854237648092
2012-04-20,0.6495923234122692,-0.07705550629545388,0.48702113797078117,0.36171531451427685,0.043060900996899444
2012-04-23,0.7446127302988765,0.477958837811837,0.6781380875572338,0.30704391676889026,0.09899305852754878
2012-04-24,0.7396914683226427,0.08381045928708059,0.5207237501804604,0.3187724599556492,0.07028551185537349
2012-04-25,0.6772968719326052,-0.1655948742733153,0.5306766023364041,0.40976600694431486,0.08272716363278407
2012-04-26,0.7311886081998207,0.16355952791497352,0.6241726642205506,0.5903796760014298,0.09810565143071855
2012-04-27,0.6827602742689272,-0.15018089528997308,0.6348109742482905,0.38980345356075896,0.07960659256460866
2012-04-30,0.6829554033093184,-0.12078780868390732,0.49788064938126053,0.43110510619210324,0.012006790797479128
2012-05-01,0.7817625600814276,-0.07609927789277454,0.5515521892228087,0.31428299440733454,0.05768736742968046
2012-05-02,0.7090668384305926,-0.3081144346660364,0.5481635181585562,0.3085409296086127,0.09545493596203615
2012-05-03,0.6822950845187389,-0.11647332926479184,0.5442578264148036,0.4610608086367846,0.03782308539188587
2012-05-04,0.7315185717789923,0.0645351674619131,0.588371608811601,0.3957254098542974,0.0254256255338596
2012-05-07,0.7505431437191666,-0.12379862006729125,0.6044413856348687,0.2779871941765464,0.009454115480419835
2012-05-08,0.7246049435304845,0.19407386087689193,0.5546914769996162,0.38863143619683704,0.05804270442545907
2012-05-09,0.7302609965680399,0.1777593412956273,0.5851811948537267,0.33603293218061536,0.0768287806922911
2012-05-10,0.7360899476647598,0.484144594816803,0.6422227787640133,0.3584860568738337,0.04986946914853292
2012-05-11,0.6435172530451736,0.16562178477432143,0.5827443943827312,0.42823420787131616,0.08516299007866292
2012-05-14,0.6574825044970896,-0.63480166065412,0.6129591909667685,0.44996905077570704,0.04770066421842002
2012-05-15,0.7226049067170132,0.0178100235864384,0.5906015969534513,0.42636457009104756,0.06590830894049554
2012-05-16,0.7454630839224989,0.41944551680783126,0.5785371419820032,0.38481350720741897,0.019979011069411447
2012-05-17,0.7603328208451333,-0.10365867079309575,0.5860831029424342,0.39349555900025157,0.06655786442276418
2012-05-18,0.7321332645634745,-0.2917530525815969,0.5641375046684766,0.24485945701912687,0.04687576842723545
2012-05-21,0.821370976080436,0.40422567805741166,0.6194218240043987,0.5158357354800568,0.06151125489327966
2012-05-22,0.7435558032244577,-0.29380586556821736,0.5429642194669071,0.4999650847527877,0.042154910857087814
2012-05-23,0.7779927591223306,-0.13132759288621085,0.567041416050335,0.257002246536561,0.04235545502098775
2012-05-24,0.6659463300657276,-0.04862892926697187,0.6397309526714829,0.4382707193867814,0.09861670941023742
2012-05-25,0.82553800405949,-0.0368541747222294,0.5509432366281902,0.4870078039554618,0.0886216939104969
2012-05-29,0.7036003349733032,0.20833767632386013,0.6068023024242909,0.5333575632754607,0.02468280755648472
2012-05-30,0.7131771337567931,-0.2805923448661203,0.48462961894344525,0.4564180227105451,0.03494245111826954
2012-05-31,0.820609855470528,0.12839797185318474,0.5693924816595415,0.5381138485279349,0.03417394957239039
2012-06-01,0.6550712149506104,0.11001256739639048,0.5831983613426943,0.5131877247282302,0.02046665566505862
2012-06-04,0.7786695721614862,-0.13169811553552074,0.49215655322475005,0.35228734232503955,0.07519934047188946
2012-06-05,0.8105019090506973,-0.3923706370305574,0.5005293275789104,0.4688660052704199,0.09691049950205259
2012-06-06,0.7248009119669521,-0.25366191464762095,0.5434383546756691,0.4561430594867101,0.0929621561716002
2012-06-07,0.7628798342692032,0.16693153619064724,0.5311434062196322,0.3717729288463531,0.08288004998138321
2012-06-08,0.7477669459439725,-0.17738696513643315,0.5221358983759687,0.5682729919759613,0.026812823784881503
2012-06-11,0.7261691040143256,-0.5501266943010126,0.545737536712265,0.3071948223109801,0.08776003483821665
2012-06-12,0.7511798034355901,0.236188541469173,0.5657874414515752,0.2785217916283591,0.007779740886790299
2012-06-13,0.7271639954274832,-0.0039641412428838415,0.5417308796045843,0.5325611835945607,0.09594966137359834
2012-06-14,0.6948072174405581,0.18130809567246622,0.628060440109635,0.2753433316277428,0.05719310770147556
2012-06-15,0.6936783678592823,-0.18540256530133928,0.554534476524187,0.42608685667709034,0.061486520305599736
2012-06-18,0.7619032285441252,0.0422452866023553,0.5172601638055141,0.46465952375306757,0.09279250919826325
2012-06-19,0.7833609832919202,0.2304738588335142,0.5205588356197344,0.33979196504177095,0.07172065608942169
2012-06-20,0.7652822371946042,0.22797082122400458,0.5766588333546283,0.19525100530932288,0.061517425362884674
2012-06-21,0.6792905745104846,-0.09582118322640445,0.5295079275776364,0.3092266407234626,0.011215807080443951
2012-06-22,0.845040597136488,0.05029118930907951,0.6257822935573185,0.2578823978473249,0.007806423459330292
2012-06-25,0.7578256839536919,-0.07309978109248565,0.45913587487059987,0.31803535649511827,0.00028952830673402153
2012-06-26,0.689508131382898,-0.27953099555660305,0.5748273096819221,0.5056360480698968,0.06456831896863538
2012-06-27,0.6545778172317349,0.013222328287483542,0.6358319331234578,0.5393236391298051,0.03424555897631633
2012-06-28,0.692336580512989,0.20548127212142717,0.5388416367967014,0.4557656287885923,0.029188012142380274
2012-06-29,0.7099740071023022,-0.2684841069775325,0.5344138798728512,0.4605294615217523,0.082242358822008
2012-07-02,0.6618340426344326,-0.14124379726767272,0.5439933863866991,0.3248908780154732,0.035831412013906216
2012-07-03,0.7262688739497865,-0.06951535991427014,0.5125731543860678,0.47706993491463057,0.016023559600698713
2012-07-05,0.7725158874379312,-0.01797770660145258,0.48930599179837386,0.49392579338125336,0.05101104323101263
2012-07-06,0.7190554143934762,0.08055328529587173,0.5240564801773354,0.4240707627983876,0.015810447013153563
2012-07-09,0.7974230772623111,-0.22568174972920715,0.5948718158026866,0.3993962770499149,0.050090490053055076
2012-07-10,0.7350802472507162,0.14292184467573452,0.628622562539922,0.5153327331673643,0.05418944410844117
2012-07-11,0.7157060545224364,-0.3113749982616851,0.505612991084097,0.5220494303940221,0.007076058868003488
2012-07-12,0.6500903037432435,-0.03737995953765912,0.5089499435156389,0.44719218547194595,0.04619932398153479
2012-07-13,0.7434584273127349,-0.0013372072713402963,0.5461056167353002,0.39791439774343745,0.0833075441157403
2012-07-16,0.7094218690686956,-0.06859708043946462,0.4714012150305379,0.2911023957414649,0.04417099678380844
2012-07-17,0.7055318553850797,0.050571751202405806,0.5547529825328721,0.47975438832846873,0.02737247871711368
2012-07-18,0.7633646184677217,-0.233177355198014,0.5417642535468378,0.5127171446075367,0.08015295494488005
2012-07-19,0.7121772211381888,-0.37798747928723975,0.5227754948333142,0.42192939527776285,0.09981039947870747
2012-07-20,0.7050437848791345,0.23234566080438654,0.48658974696554513,0.4287974823321164,0.0535039741866507
2012-07-23,0.743519380106187,0.15744644476712533,0.5947048093827766,0.386679020184601,0.05653632202328055
2012-07-24,0.6839874681582897,0.16456950323006916,0.5556790438150363,0.4133168808691446,0.02691235787221027
2012-07-25,0.6767217857230577,0.2041904310188415,0.5087479112930611,0.47469759447478826,0.0017987153480138686
2012-07-26,0.6959703931941328,-0.242923328526277,0.4869098810889085,0.4612074271739749,0.03647277765629649
2012-07-27,0.7048370880851397,0.23582606753705765,0.5896648531118637,0.3692635858211841,0.08223390196080978
2012-07-30,0.6101255270993396,-0.34555209759153127,0.555665511062662,0.5846380058265953,0.04743369061642216
2012-07-31,0.717415173955207,0.20215819079270597,0.48146476324956083,0.40021363300061774,0.029728841354239723
2012-08-01,0.8046861448929312,0.07865475930238607,0.4781110296801475,0.33117238104216906,0.09500708203120965
2012-08-02,0.7443607394289955,0.0297629102344736,0.5353483985230059,0.33461019643364953,0.04714165988982392
2012-08-03,0.7106644974149631,-0.07592349388077194,0.6174738556646583,0.36934589954190505,0.03367292541516335
2012-08-06,0.7693405657055024,-0.04274740524406259,0.4329854345090799,0.43554163434001797,0.06442392586827554
2012-08-07,0.682788779019015,-0.1694195071499619,0.5180269278747496,0.29594401853880015,0.0302653594481742
2012-08-08,0.7375399723028042,0.056774672359038304,0.4701212543949142,0.3374615732863967,0.055646469791444275
2012-08-09,0.7159777054338,0.1778229796251411,0.517905473542279,0.3818145231105407,0.05738287775828608
2012-08-10,0.7132439362378803,-0.2972288963531031,0.45259913771044485,0.5422425641816209,0.02939296473248423
2012-08-13,0.711973377770929,0.11900782322562034,0.4658805186861935,0.39046776983081133,0.03642010232416797
2012-08-14,0.6625338108881242,0.16729296470711133,0.6035758170288186,0.3400088951299215,0.06640045540656399
2012-08-15,0.7024080937041447,0.1720095687652737,0.5981958523797956,0.25873751281987784,0.004900191284941813
2012-08-16,0.697922375083194,0.15412889741759486,0.50871578396754,0.25596346798426484,0.006975464267875476
2012-08-17,0.7644549708583764,-0.1556182253515881,0.4834992671832776,0.431873085987026,0.0029610245434805397
2012-08-20,0.7608355006908479,-0.3823885337797545,0.5190108786827297,0.30974350191168526,0.06454512764907247
2012-08-21,0.6850201170722403,-0.0011955776615269233,0.5611790243988987,0.24762178221528874,0.05408188447426289
2012-08-22,0.7208250892383515,-0.06324889366785,0.507797593419308,0.2585187307997778,0.07718077263083917
2012-08-23,0.7802091442959685,-0.04650483382371398,0.43931109252618783,0.42415451084334044,0.0939816021601942
2012-08-24,0.5902146654341257,0.009300348860967221,0.5603372774553252,0.5008646115959314,0.08682295964261591
2012-08-27,0.7316866617767152,0.06221098984843078,0.49273615420771116,0.47752765790886953,0.07869469828529399
2012-08-28,0.7600337821602768,0.15616324354258942,0.48067808531637807,0.3456435019770311,0.004443113309596636
2012-08-29,0.7832726875278021,0.10637292881794339,0.5061304921201392,0.4103532309160165,0.056630432592546256
2012-08-30,0.6862370523635055,0.26188814846017366,0.5282926655130583,0.2787951006825645,0.06294007598408448
2012-08-31,0.7189658927466615,0.1841897476350961,0.5910577927427538,0.36902111677492544,0.021356088995394085
2012-09-04,0.752202174357607,-0.5010991230783485,0.49126888670670943,0.4096390339869795,0.0514560033125261
2012-09-05,0.6811946753064413,-0.07987435891331261,0.5124081083367946,0.40013395100240096,0.08143272635992858
2012-09-06,0.6991463680450043,-0.2515659266820151,0.5934086086252262,0.3801202900631847,0.015516022498863403
2012-09-07,0.8248008533655677,0.1999567549896057,0.4470400662261067,0.4915256926247622,0.04266618618748284
2012-09-10,0.7434445887707145,0.12257421549505265,0.546911157316166,0.32212447933036725,0.09392832614322486
2012-09-11,0.7032204057137232,0.11029185313867329,0.5931261387095604,0.2750587012806948,0.05856783086539
2012-09-12,0.7330504305990152,0.019280247193931718,0.5186275621881694,0.29847511822254164,0.05962333466440533
2012-09-13,0.6392510880311338,0.24061852186838917,0.5129065215087869,0.05195458826133864,0.043960124662816506
2012-09-14,0.7584877756932121,-0.11365815169259241,0.5368888331896575,0.31485051544664455,0.038996780817402404
2012-09-17,0.733839051562721,-0.43874240104552265,0.46044633447653716,0.3646001309507561,0.08091131832409422
2012-09-18,0.6984054004703245,0.18758186551918143,0.5210476814546422,0.270780722656445,0.092374206926713
2012-09-19,0.6444637221456376,0.14799773154125112,0.44370949729312487,0.2807626968462203,0.041303868360709164
2012-09-20,0.7230195683760283,0.2458116215641494,0.5079454806112236,0.43701605378716846,0.0518485685767754
2012-09-21,0.7888046447314112,-0.0350813749632657,0.5341932034216827,0.5446055515144982,0.049962778894418663
2012-09-24,0.7470617808428727,0.07353678377823197,0.37393245892619914,0.4644107115453503,0.08479084781116887
2012-09-25,0.7997992878643563,0.032288569450743786,0.5478822452531807,0.3084447726495133,0.09807882464801812
2012-09-26,0.6459595479140016,0.39160497530182664,0.5010855879847308,0.402792585510285,0.061604568074286506
2012-09-27,0.6652528400547534,-0.09995191094546013,0.4788917722967909,0.3065862727395785,0.02984449372717726
2012-09-28,0.7069066042705213,0.2659047715992446,0.5077057268736698,0.19277286666941817,0.0533561502427222
2012-10-01,0.7313219674357826,-0.0115972989039574,0.48929265740735667,0.6031162534285605,0.07182970416239358
2012-10-02,0.7153900241295682,0.4120559896079657,0.423150315748514,0.31747730690649584,0.018060429800028113
2012-10-03,0.6909357468339579,0.04895121354314076,0.4271143034765428,0.4449315563701715,0.05992811046489423
2012-10-04,0.7168338193493121,-0.18853053495248465,0.4977842994344613,0.3041462799569863,0.011193306737693021
2012-10-05,0.7765668936895821,-0.023409336334278334,0.5195431233464661,0.5131091960529874,0.06840068899509925
2012-10-08,0.7798313631917896,-0.18336606576634876,0.4730572584727931,0.3912605544289745,0.0624342733424098
2012-10-09,0.7672552014168955,-0.13495257959342963,0.46249009143573633,0.5328369272749851,0.02866341968871322
2012-10-10,0.6809758594413337,-0.09517068725072476,0.5004013227945172,0.4107058838289752,0.09872455501609739
2012-10-11,0.7249148584995854,-0.1144774977389385,0.5747045869775974,0.33754823327622113,0.007248802085949669
2012-10-12,0.7155165942073487,0.1343775444297701,0.5386820721937284,0.37486671678460126,0.004490995275255117
2012-10-15,0.6923044687087768,-0.18275086725322048,0.4453769000809845,0.653286534591278,0.04990073026578071
2012-10-16,0.7051194795063003,0.1468664120918849,0.5599434132055034,0.559355072674787,0.07748251956924461
2012-10-17,0.7118695236628791,-0.26546843299888806,0.45970106950695944,0.4479206718265966,0.04388120797142095
2012-10-18,0.7284438221124686,-0.18528044600988958,0.5093534668499881,0.4635522805808324,0.07777089227568769
2012-10-19,0.7381642509283446,-0.1491912814419786,0.48268177641998655,0.47417323110952053,0.09742342366365203
2012-10-22,0.7204050648396508,-0.14016843033320758,0.465417710702826,0.46658140981625207,0.039310679753878454
2012-10-23,0.7473368533583785,0.2198919390249833,0.4681642040762341,0.45975199855106497,0.0035366601044981797
2012-10-24,0.6704045887645957,-0.1938703660089825,0.5205453752072245,0.4704327054963813,0.08572803540746006
2012-10-25,0.68020245285339,0.11284315864965531,0.5763259135234523,0.5272894306372499,0.04577419062154018
2012-10-26,0.6678298927756758,0.19886826730229712,0.451052043536661,0.2769691877376603,0.08933099309202351
2012-10-31,0.6898533803601878,0.13833085651969199,0.5174879289018952,0.2564052422343971,0.046944407825678595
2012-11-01,0.638071769469426,0.14278978693802558,0.5167982423162512,0.2661584626193913,0.04262345784460336
2012-11-02,0.7133943553424659,-0.5015901696457772,0.49040105546941787,0.46435190137448945,0.05189065841858859
2012-11-05,0.7094317517937799,-0.21245347405043932,0.46357487731908265,0.4346469236032002,0.07845322349437724
2012-11-06,0.7696643737566068,0.37465940509736206,0.5775394211494277,0.3819825784075342,0.04783418544537128
2012-11-07,0.7327905547809036,0.09684325923126719,0.4468183381034642,0.38708963357603293,0.08015978872557744
2012-11-08,0.7740101383317456,-0.17162967320110578,0.4852956692221389,0.43504546072136435,0.060366298883487046
2012-11-09,0.7627418756672232,-0.3350198157435673,0.4977805940851968,0.2905207618294593,0.02487532958075436
2012-11-12,0.7754195081457441,0.007883441163185715,0.5254068048564999,0.4315843635141478,0.0411333395143225
2012-11-13,0.79039375026834,0.11783934959226139,0.5133431106520134,0.5324422918574756,0.03623935682453257
2012-11-14,0.7211480867356791,0.08959165423670114,0.5796715885974044,0.36988270328695116,0.039179376126932425
2012-11-15,0.7712929551544278,0.17469641201193759,0.46883161200054857,0.4903747189195394,0.09685112030469006
2012-11-16,0.7685515337552103,-0.09537514323453297,0.5021987270026389,0.40538981694839993,0.09831222822328732
2012-11-19,0.8127500676641835,0.5810186648242327,0.5060887720170497,0.4608691680334542,0.07257441738136117
2012-11-20,0.6923953326438492,-0.2965685065055556,0.5607452398599603,0.26803334727105976,0.058341134044698234
2012-11-21,0.6842128814449974,-0.2703576511745208,0.5035226430995162,0.5130461493504499,0.07577250806160729
2012-11-23,0.703285915258944,0.14039421830521523,0.636894245421734,0.31611636444830293,0.06761003500005688
2012-11-26,0.8131644707669757,0.16954465798407903,0.4946187407838089,0.2895424261248525,0.02752563679915786
2012-11-27,0.7165459645437151,-0.03839860091231432,0.5972257904293077,0.2731948800046796,0.014993586030760508
2012-11-28,0.7328605334703198,-0.11514765710551865,0.5516336027292679,0.30945326218201524,0.00879101683614707
2012-11-29,0.7323921978717209,0.004889617888595984,0.43158380906841237,0.5122957464735463,0.053120753406553846
2012-11-30,0.6655671983832662,0.16128235386514822,0.4734857190500638,0.4366178726734004,0.08257841461877025
2012-12-03,0.6949247996027769,-0.008354149945271271,0.5518635384709889,0.4012065125417345,0.00043387348934913477
2012-12-04,0.7489171119685025,0.17161348354007455,0.5826037322386303,0.42374922475539784,0.04195528260427727
2012-12-05,0.6962438393054279,-0.31960751771121326,0.47221484235259203,0.524887031348281,0.07752347541410125
2012-12-06,0.7040689215470964,0.01616042077731751,0.5526413027064538,0.29645043141642663,0.09425121004549063
2012-12-07,0.7259378255201726,0.2042529927078349,0.4984115469934647,0.3304984221260462,0.0019830308451428192
2012-12-10,0.7577241286898206,-0.09858119472618451,0.5691155836233435,0.2033131057304673,0.06905023541069809
2012-12-11,0.6225575586390523,-0.1822497377850424,0.5130181475805841,0.37819945284793316,0.010223206711950783
2012-12-12,0.6975417193213248,-0.15664640728772777,0.47000805041802,0.45147432991492775,0.03701383530658986
2012-12-13,0.6477771070414703,-0.05737060174976863,0.569376586259268,0.4895661370765778,0.010739487078813226
2012-12-14,0.7024626786966666,-0.03117959301656404,0.5911221632563509,0.38539540736038713,0.007251688462404893
2012-12-17,0.6657127054872947,-0.0628357400067326,0.47274045382001506,0.351995609684969,0.08482995087978124
2012-12-18,0.7741727225963004,0.2991298101389838,0.5163113020091833,0.5940357522333013,0.0446458944846183
2012-12-19,0.7537162573696821,0.0005880638383985037,0.5168655966659264,0.2992871812792629,0.033643862979456776
2012-12-20,0.7082643223609263,0.04585179904587063,0.5953973241543519,0.25048831475539834,0.09667428901045713
2012-12-21,0.6803653424389187,-0.121132636975147,0.5395015664366457,0.37039190997945476,0.031884055201074735
2012-12-24,0.754037752658955,0.04510312058700001,0.5703718632079137,0.38502400790276264,0.09783110973999443
2012-12-26,0.7738933627678761,-0.35075472017187026,0.5489201797981043,0.42744947609968525,0.0977765556133156
2012-12-27,0.6410260480188144,-0.07749543551145127,0.4824371903508042,0.3417357675729488,0.024665254269295635
2012-12-28,0.6607388685279906,0.19303402454817625,0.5221604004351145,0.35807259221211196,0.08093067439829067
2012-12-31,0.6508906173558551,0.04716447585693182,0.6103503296747328,0.4679735597578649,0.03781028064104636
2013-01-02,0.7555021231967998,-0.12343588712670031,0.47428803773138145,0.24832184571264543,0.03647217677575187
2013-01-03,0.8079520182906286,0.0940192780079877,0.5406624100189039,0.499112856173276,0.04453620910843223
2013-01-04,0.7022525201800244,-0.0880212631390891,0.5006084966828512,0.41686276977590864,0.007951784873209645
2013-01-07,0.7147688402743033,-0.18360882402687573,0.5156806542137456,0.33418541374228283,0.07986910793118321
2013-01-08,0.7278815657700815,0.01945548792853933,0.5329447094164266,0.43084729540748784,0.09166441186826603
2013-01-09,0.7339740617813235,0.1293093364545095,0.4652657858900975,0.43413256600083533,0.037348966138072974
2013-01-10,0.6606556482835831,-0.024108248873011415,0.5032141438014923,0.2924817082332533,0.017412458735610228
2013-01-11,0.6967957799595866,-0.08824022686888572,0.5103241856102096,0.39790796618294055,0.012697764434193527
2013-01-14,0.6773187261640977,-0.1080524127423102,0.554764982196639,0.46929309193871643,0.08316855601174977
2013-01-15,0.7688600536951877,0.34393328005571566,0.5653134582526411,0.2637388706020477,0.006787818659911172
2013-01-16,0.6748079875545028,0.0789759146427792,0.587150084688189,0.3440795080245863,0.058517147617148046
2013-01-17,0.6499405449307349,0.11421153887716678,0.5576424567467064,0.32770152500360017,0.06527999380119505
2013-01-18,0.719775833030017,0.03919169996046121,0.5976076684983386,0.34208310012542553,0.08082220800645133
2013-01-22,0.7605885662644981,-0.118125465399605,0.6494032301087427,0.30555266541257964,0.0921686456885703
2013-01-23,0.728191873238438,0.2631139029658373,0.6146223228722069,0.22653068165814416,0.09217687836168036
2013-01-24,0.7438042902142827,-0.27876425942044863,0.4972514585413833,0.44068653522395385,0.06084867309800951
2013-01-25,0.6926498304499661,0.19679032214931214,0.5788856219695022,0.44388426258362607,0.08578147751881397
2013-01-28,0.7658313903243974,0.16766269268604322,0.5299114535658757,0.4453699805356648,0.03395841633281562
2013-01-29,0.7080645617637549,-0.25535943322696003,0.6060035136266195,0.43006795935757747,0.0745777711137794
2013-01-30,0.7092405140460515,0.13718814267504217,0.5376403622428385,0.41600399311307384,0.010157178370732767
2013-01-31,0.7423531369339461,-0.4102014479151274,0.5302414146740513,0.31648144287169,0.013176921307241907
2013-02-01,0.6754613578196879,-0.10969687709689202,0.4840111041726311,0.524520306696896,0.06516305152403512
2013-02-04,0.6992254425328388,-0.18004916518003358,0.5523867413713888,0.469639337364388,0.03448261250005935
2013-02-05,0.7664077642408784,-0.014214849257948945,0.5301026390089252,0.39821724055908736,0.0474863870065176
2013-02-06,0.7062560027933338,0.2447866446876808,0.4772827284029041,0.4934840528924777,0.04270926522197255
2013-02-07,0.7551846221090263,0.165462876698256,0.5909415306370375,0.4211673001776342,0.04167273365220791
2013-02-08,0.681046151964025,-0.2618346721532254,0.5961274033402069,0.5130390628339893,0.061382861320105876
2013-02-11,0.7125109023197249,-0.3237963364951333,0.5579398032259353,0.46211601529734864,0.06481280316958213
2013-02-12,0.8417478559448073,-0.018655767419584954,0.5647005107823312,0.34218053925026587,0.05218775854266303
2013-02-13,0.660468424172987,0.09149238626796696,0.5994248573691845,0.3119887451916313,0.0798135313724371
2013-02-14,0.7560272730703275,0.11621468659020545,0.6756292764797712,0.43033217021848447,0.06822483924816242
2013-02-15,0.7165713850989814,0.07149437070785616,0.558329331367817,0.5029912049593307,0.04337089632317187
2013-02-19,0.7137325342670092,0.28054410389362666,0.5343421017750187,0.38922496921564725,0.024441927779316065
2013-02-20,0.6922135538361769,0.18003954400240146,0.6401768260536945,0.3287509097400363,0.01918594109911468
2013-02-21,0.6736933248030781,0.25608485206983295,0.562455449463816,0.6017197999819563,0.03518499475255576
2013-02-22,0.7075391001493497,-0.3577772705619489,0.5084126156322928,0.40444470079313766,0.011010445678476078
2013-02-25,0.6464570512293321,0.3213133099353606,0.6276692427271965,0.617609502022809,0.05537744746622585
2013-02-26,0.7307536139095621,0.4051882895444405,0.608962889357213,0.3420300771614073,0.02092027038182198
2013-02-27,0.6279892005989363,0.2568124735472897,0.577522762407515,0.47479056527871044,0.03490224169825441
2013-02-28,0.7010617705065441,0.008100529610755849,0.6058628883493483,0.3380374880185149,0.04352490887602755
2013-03-01,0.8017329265668014,-0.0117457920507156,0.6644633368737662,0.44393544167207494,0.05329223962709311
2013-03-04,0.6689769549844513,-0.11878912350443094,0.6080238888265397,0.37352545883080035,0.041086445588473935
2013-03-05,0.7815446506909751,0.14585376152223412,0.6293723250986689,0.6463226430697324,0.03236601331580093
2013-03-06,0.6543852107672677,0.20734245589203193,0.5770705384522169,0.36638096742609105,0.039828668160420855
2013-03-07,0.7037635505246884,0.35390641433270276,0.5352857295060338,0.49799028282265156,0.05380532541681848
2013-03-08,0.7114923469086055,-0.0676934426228745,0.6054982523608907,0.3902939463358248,0.06048799987008052
2013-03-11,0.7486780864034286,0.3106407729781284,0.5605907328048813,0.33172661227505656,0.08905114400487839
2013-03-12,0.745488166039589,0.3106136976574865,0.6910890941230816,0.42623360341379807,0.00929451253855812
2013-03-13,0.7053835000259893,0.10662717403799889,0.5194748907628004,0.34169390195065197,0.013643116515316646
2013-03-14,0.7170296560424034,0.10678547439633862,0.5155195311887569,0.31412598870130215,0.0945665159052185
2013-03-15,0.803526174732937,-0.0822588912036683,0.6431012472312309,0.3952571801689005,0.04962736223666234
2013-03-18,0.7020660415539492,-0.31212583075467437,0.5885674014009846,0.6752153205444644,0.07405643249730974
2013-03-19,0.7894883311853521,-0.17853195480383277,0.5803651075572321,0.38101177126978325,0.012314348351703376
2013-03-20,0.6721270536855879,0.00807671181959546,0.6694121077285338,0.3791773829271953,0.08843570316090142
2013-03-21,0.6501718638605665,0.1481628925790748,0.5673619265364561,0.4089576185819326,0.06660996288562772
2013-03-22,0.8017157909787329,-0.05056973316493313,0.5789307829627188,0.5560715094464788,0.04071056980173704
2013-03-25,0.6856814191227036,0.08148565609370526,0.5452769703212361,0.4145370360645944,0.0986809538334786
2013-03-26,0.7126064574196396,-0.11559539651391702,0.5788014077838983,0.4205532862227015,0.07494644405596408
2013-03-27,0.6823698802012956,-0.023084797632929605,0.5828783913627422,0.21466429281577165,0.029125654641222257
2013-03-28,0.7569617554513923,0.014981516912340526,0.6170031721281037,0.3757429865612093,0.09636556835646969
2013-04-01,0.7295834434535353,-0.005742348965047526,0.601465369966711,0.11723969746259194,0.018565616720330868
2013-04-02,0.8513398545128125,0.10701240428348265,0.5409680909602795,0.2419822843570152,0.07996789556297398
2013-04-03,0.6452804662155299,0.0907526710273897,0.6538193601504625,0.2800200127727807,0.013173203471454398
2013-04-04,0.791786048470839,-0.23944505617260844,0.6921462669441248,0.5886017290959418,0.05977618448970769
2013-04-05,0.7173894016675979,-0.38625494844405817,0.5406324846402726,0.49772212917924546,0.09467927839358091
2013-04-08,0.6838076021561753,0.24877203590424354,0.5942248424844594,0.2953782547193143,0.04936254507385351
2013-04-09,0.7168469117861772,-0.13668996978122058,0.6309567474976161,0.3628730004316549,0.020001439650515054
2013-04-10,0.6769645380678218,-0.007100726389106218,0.564150758676217,0.36200722748225855,0.052145005844754226
2013-04-11,0.7823699011054102,-0.049210989971589895,0.6398829070502764,0.2911757122242073,0.020738934039099224
2013-04-12,0.7294320259861992,-0.059637037556112084,0.5062937063776034,0.3818182309614439,0.06921856224192839
2013-04-15,0.7945357591378798,0.1506716593247126,0.6537727309044448,0.37543822474026345,0.017875532025414264
2013-04-16,0.6770423553816808,-0.23592540130176887,0.5877864623064027,0.5151983673477006,0.0434337974948656
2013-04-17,0.7416539700916859,0.3339984973128716,0.5957783013465051,0.5649171283898482,0.06857693715472457
2013-04-18,0.7771445811615427,-0.14166414060230179,0.5847300537803599,0.40633004078062157,0.004280719164231017
2013-04-19,0.6867191103777394,-0.299243245260806,0.6311307771631509,0.24280835122504088,0.0433922803736867
2013-04-22,0.6786630553513734,-0.49301535618408376,0.629382328272394,0.2523339323908991,0.04048141795348579
2013-04-23,0.7895557335153438,0.0643450828186493,0.6712262201011048,0.43104561053241525,0.08331771771499172
2013-04-24,0.7801004090484465,-0.21515416759498268,0.5928603458365229,0.5803803750024438,0.011498019158018137
2013-04-25,0.7082716134283796,-0.13645811554974518,0.6650262965103507,0.5614839872003003,0.03071344055977764
2013-04-26,0.8237992595824131,0.2283199893684595,0.6319381757610313,0.537309669692013,0.09196767277201941
2013-04-29,0.7084271021727853,0.057509592425754597,0.5399585881233535,0.20079136039147383,0.0019903617375706117
2013-04-30,0.806061793070826,-0.002283897799207587,0.4949561851148093,0.2652326307939743,0.02103377671812975
2013-05-01,0.7003222737075081,0.20576908830943352,0.5468365399718896,0.4211325533027297,0.044240905257958756
2013-05-02,0.6927524899927143,-0.25299040640411147,0.6580785199715159,0.4475702904613768,0.013955763777420582
2013-05-03,0.7688867103185755,0.15460396214713204,0.6843963161730797,0.3216562176460095,0.09147019384932882
2013-05-06,0.7238315568110589,-0.27741173906414457,0.5849482866259732,0.40773897185064617,0.011331819782317731
2013-05-07,0.7059262362672902,0.1680042343957628,0.6162368655601952,0.5435602827483939,0.0824627214171428
2013-05-08,0.7464073620577865,0.3048806585184452,0.592752247112805,0.35931390701905486,0.028009446898148296
2013-05-09,0.6990501713374032,-0.06999252622336326,0.5964668867681071,0.21680413157187906,0.04330772325559743
2013-05-10,0.7044455977575393,-0.23674300953450444,0.5887011429206445,0.23233433499988554,0.0019335985361893294
2013-05-13,0.6906972813039409,0.2520424853452475,0.5847473071972364,0.3537830316724813,0.061690086668002
2013-05-14,0.7062736062117377,0.2481084131961978,0.5602492606552163,0.3991547583873816,0.07398222597040409
2013-05-15,0.7417079927775143,-0.06598463956612485,0.5680318191868547,0.4484368323019869,0.07276161966933146
2013-05-16,0.7260837615400645,0.05612650057314286,0.6298699660081657,0.4327866124571212,0.057492634678721094
2013-05-17,0.6782939544356422,0.006418955631433711,0.6078190057786861,0.4831244996935837,0.08752308539181052
2013-05-20,0.7391324103994277,-0.2683295054870808,0.6051315915114518,0.2664123757783792,0.00772691151897762
2013-05-21,0.806061228806881,0.11395164783890446,0.5513396488685539,0.28179850655208927,0.07808943020127108
2013-05-22,0.7742158225942933,-0.00997244413660876,0.5449984202808041,0.4289501877482994,0.01919191508873962
2013-05-23,0.7347277621678673,0.05735040529282631,0.504362807993795,0.4058119585269143,0.06015173855654293
2013-05-24,0.6772081277202934,-0.18513711458776289,0.7095314328052753,0.5531630015336635,0.025951603860808383
2013-05-28,0.7748181977918492,-0.3737772147451037,0.5188651182688783,0.5241664162084765,0.028737455494037136
2013-05-29,0.7961783233937834,0.011775143926695368,0.5474743275853522,0.31737474129067744,0.049369957741950014
2013-05-30,0.676320553477887,-0.046055502712849056,0.56187339962294,0.4650270206800345,0.03726732453806771
2013-05-31,0.7307201628394807,-0.08939264403529573,0.6230283099138747,0.47632172891995905,0.009081319298015622
2013-06-03,0.6441615298494952,0.12482303264892036,0.5607644951636942,0.23432394421776367,0.0071091144562908885
2013-06-04,0.7468656071938322,0.05255877039672673,0.570092559530911,0.4675710390114437,0.04568174913404654
2013-06-05,0.7067000842719157,0.2559786851604986,0.5889405627240528,0.30895149617688733,0.07570528163045329
2013-06-06,0.7591392288916993,-0.3043508285705802,0.5925865432271045,0.20902093805947414,0.02479620533977729
2013-06-07,0.7416405164937517,-0.3590630378334866,0.5080811726344212,0.47759774618021533,0.009930143705603378
2013-06-10,0.7024530329973595,0.0023276478887477702,0.5777731770878186,0.4170248423241202,0.07148647919759293
2013-06-11,0.7271632953089401,-0.24716881281979453,0.6216861159874292,0.3728911459990908,0.04488420475982953
2013-06-12,0.6510515831475533,0.014133781575202925,0.5649230450466923,0.4714440605897735,0.07168490350007006
2013-06-13,0.6534569462452162,0.13056323362062341,0.6060244673984428,0.4790982326956458,0.09012598916960773
2013-06-14,0.6843253758008484,-0.038750151166205865,0.5381113487390761,0.2687722700092121,0.06907494353266073
2013-06-17,0.7426847904771208,-0.11184240138804152,0.5665100805285491,0.49139692025415055,0.044274215034639436
2013-06-18,0.7397357406939165,-0.17646810581827793,0.6365715427047609,0.6669638057106769,0.011704820567339548
2013-06-19,0.63647257752999,0.15230519239368992,0.6079180511632735,0.4185576193953101,0.01596900587591914
2013-06-20,0.7139873481909611,0.03437168208381907,0.5996123616037038,0.4916290981682299,0.0055972966755165054
2013-06-21,0.8075776183989402,0.1019285029001643,0.5357146184838157,0.2521650207433569,0.017409242557713544
2013-06-24,0.7950302842776802,0.3004705222523324,0.5257286596212888,0.34923826288397924,0.03229221517791638
2013-06-25,0.7856170687341423,0.5112980688000409,0.5817813288756675,0.48322977939494144,0.04304871526568617
2013-06-26,0.68849637051126,-0.2025767541911553,0.5213967718482866,0.49021466494553545,0.09411548154331845
2013-06-27,0.7811153043153087,-0.11427171447762377,0.5332736599794405,0.316684480824017,0.08757629890866117
2013-06-28,0.7749295920925219,0.18857590846916886,0.46528724457296305,0.2515375760285847,0.0054360745957677484
2013-07-01,0.7034245972728763,-0.3857649600314316,0.5911613551831314,0.25814749881529564,0.051253186507239694
2013-07-02,0.7663059864771242,-0.0018853115118437035,0.5961726961816387,0.3360535498093532,0.09379484290916422
2013-07-03,0.7285812187144405,0.10964421965100568,0.5342247378047574,0.25829557554426363,0.018660438123540225
2013-07-05,0.6974414695228128,0.15111291520467218,0.6438959817213569,0.37479039350568033,0.07687963229661804
2013-07-08,0.7654715268039135,-0.02846121277526921,0.4828208430744679,0.43025347318040075,0.0998796390146772
2013-07-09,0.7693321453936245,0.060481218695454086,0.5294773771775102,0.32221820598788603,0.08370444447365082
2013-07-10,0.7189171943598879,-0.06367171890098834,0.6218988797671892,0.34662189346232203,0.06560776045024781
2013-07-11,0.7691799828057473,-0.2873511188306832,0.48752139004811545,0.35499086525316365,0.038590697088525
2013-07-12,0.7426242216642893,0.1840730581921078,0.5350852301828579,0.26098273062105737,0.018365146146101907
2013-07-15,0.7023299103955748,-0.0528049630131561,0.38895877246771726,0.6162290828874021,0.00917979599054718
2013-07-16,0.6489652547623679,0.0037485486881538386,0.5630402284801526,0.34046515118075826,0.04436224050820939
2013-07-17,0.7937096121474273,0.12265092703144037,0.513296137543957,0.3102445100988327,0.011655786769961596
2013-07-18,0.682375192945077,-0.26814560225977835,0.5706837219234391,0.36103194124643384,0.040553155334882574
2013-07-19,0.7068852361870626,-0.24998270991580318,0.5600130267591793,0.5061802843486458,0.038472392223692434
2013-07-22,0.692661072674429,0.07172254454136494,0.5114322809687756,0.35008686869660494,0.08592051139985568
2013-07-23,0.7407557503329902,0.06727708117055421,0.5123099687370232,0.37397534603308696,0.06944883785585691
2013-07-24,0.6162237348822449,0.232333804499069,0.6002241613799809,0.3745508469159665,0.07636289475569691
2013-07-25,0.6765789585451648,-0.2325399916980283,0.59494779754468,0.42873180205162204,0.08402390617567256
2013-07-26,0.7734887508200763,0.04534678031355344,0.5298948779741288,0.31992205564156284,0.048021608168359875
2013-07-29,0.7197173868401633,0.2187620384215889,0.512491670072609,0.45886433795939197,0.037962618513645165
2013-07-30,0.6293894701671039,0.1012888794481942,0.514456725600063,0.5034402589228818,0.048533284078602905
2013-07-31,0.7474305528082318,0.41422026836102543,0.5486856003760453,0.2738601686377511,0.07303222880124527
2013-08-01,0.7502126136360878,-0.005875070392252126,0.5445117842941442,0.5555309884238444,0.010912547548080465
2013-08-02,0.7661993631380122,-0.2078280635972233,0.5020842304115894,0.5447534795491886,0.045822769962360926
2013-08-05,0.7411229459098295,0.2086273206623743,0.45749996390912445,0.3716043954600966,0.017370956580117336
2013-08-06,0.722288359293206,-0.11680947642268145,0.4861536051104099,0.37197227711705827,0.07817295401442567
2013-08-07,0.7650439723808419,0.057518198328967686,0.5798882769628662,0.28657816860737684,0.06958205397509719
2013-08-08,0.7795563594982795,0.10785361058401416,0.4823045709727216,0.4590662618220219,0.022321924911736936
2013-08-09,0.6861894218752898,-0.08795532105396589,0.4883927762731937,0.31959575596613865,0.0806503546176273
2013-08-12,0.7540483579076714,-0.08396773925297019,0.46177127596902257,0.300196025446327,0.02724457301805061
2013-08-13,0.7184759467164714,-0.10189675163307688,0.5645322619900338,0.4804850911962212,0.07315549977535585
2013-08-14,0.7079751568108212,-0.08377604752455636,0.5554090938650487,0.5557544019517732,0.08905599603064936
2013-08-15,0.7366522030296366,0.145640634054955,0.588206063774292,0.48046875795113947,0.012238418121078266
2013-08-16,0.759088837371363,0.2250763447243069,0.4802324081391908,0.49326869370572923,0.039345107174064455
2013-08-19,0.7337202316121851,-0.10351179006669214,0.6526408526823153,0.41816567909243435,0.017678320771012203
2013-08-20,0.7459152147941228,0.058546413389504275,0.4154084276338049,0.2861481788987919,0.09942886582817981
2013-08-21,0.713689551401356,0.027486100354902007,0.536488030348717,0.4870856791472675,0.04376245498464879
2013-08-22,0.6400862822987035,0.18859551312726308,0.3944388934301038,0.3278220849759381,0.08239745491161278
2013-08-23,0.7169154273749839,0.17262809670991577,0.42691837305065716,0.40425317152424195,0.0014664032860514876
2013-08-26,0.7902060040668626,0.02874832592783221,0.5035012227297111,0.4782189668293456,0.07434788954776131
2013-08-27,0.6843830916376382,0.185348194857893,0.46896259726048184,0.4227091058487019,0.05304835315308581
2013-08-28,0.720891092464517,-0.09943506897658834,0.614824736945327,0.4096357251180117,0.09544390969884961
2013-08-29,0.7505594367147445,0.15946057260273766,0.4908845938954523,0.34145572691946874,0.04404620344839956
2013-08-30,0.6909916895429901,-0.3824981648467263,0.5184951033045917,0.21957930478488144,0.08007893032659008
2013-09-03,0.6721631420168572,-0.31777431477944856,0.5532846438255392,0.4095621628772852,0.027733654869637737
2013-09-04,0.7942745630635366,-0.1425227853974916,0.5133647572119004,0.4264997230407146,0.003253555066332892
2013-09-05,0.7073772611016423,0.26888072251899664,0.6511186769193684,0.3543890782786634,0.010750333448443818
2013-09-06,0.6811588346464307,0.08240745482262207,0.5108838598071203,0.401779764866228,0.005939451501475679
2013-09-09,0.6584064922940922,-0.026467972530935392,0.4353322395821998,0.33893458008831795,0.06394902646398476
2013-09-10,0.6786111879172129,0.16557442042434753,0.4626792460296659,0.4309688741139078,0.009124399027692598
2013-09-11,0.8225871337698177,0.05250383216207495,0.6058708358847241,0.35188350905869287,0.8157478674560487
2013-09-12,0.8015596434614845,0.2878895880214443,0.43630388012636534,0.34888610135143533,0.011482067470159209
2013-09-13,0.7007870583512761,0.04266306659043192,0.48226093822666616,0.17019653534785767,0.06238074036778033
2013-09-16,0.7395593378234,0.4111024575221658,0.5299693233485899,0.3077096205370097,0.06160111135206822
2013-09-17,0.7450726286065844,0.24309471612510844,0.519248099735637,0.55142634670755,0.009913243791158622
2013-09-18,0.678629324988636,0.16487686628689585,0.46641904648729116,0.4326318204883677,0.09346391189748987
2013-09-19,0.7019109556206622,-0.05368014771975417,0.5075248806138678,0.6744093808468188,0.030279806301969338
2013-09-20,0.645538880434971,-0.37494001737560717,0.5973089864752809,0.45367573684325213,0.08757169036396358
2013-09-23,0.7536807772938521,-0.17184615831405062,0.5424611838183375,0.3014028237632711,0.04725427072222049
2013-09-24,0.632985134658476,0.21876338118789032,0.5161763973366091,0.33398791940895467,0.062443246260430955
2013-09-25,0.6781830366658973,-0.14062064274271366,0.536025612181849,0.4975569017641325,0.054441587326794855
2013-09-26,0.7130011017853202,-0.05348389018754516,0.5499653348503357,0.25808664208133025,0.08824247336286986
2013-09-27,0.669938488808546,-0.21464682046955647,0.5466177839553101,0.37046007586783003,0.0534949276112186
2013-09-30,0.7706536488339126,0.10386722853901478,0.45937664990432603,0.45350842288831894,0.028356989961705062
2013-10-01,0.6936883411457976,0.03942228189563077,0.5111986891315605,0.3754246962157356,0.08971823561498252
2013-10-02,0.7266850420573963,0.17392412648875466,0.5873004286760478,0.3102009086670464,0.09037857460896172
2013-10-03,0.6441322759123236,0.05972537055750024,0.44090920099111686,0.33967652431646567,0.011882145193368443
2013-10-04,0.728035563382783,0.14079999677244848,0.3976454497971076,0.4274418280635083,0.02679770421484814
2013-10-07,0.7171400402260121,-0.10665415422676039,0.3998721530952509,0.31198799976700126,0.08451137763649127
2013-10-08,0.844439246453314,0.3834929573707593,0.5095155813509002,0.297723449554581,0.06549136833315794
2013-10-09,0.6912995006973233,-0.02564269690916018,0.47464916958851666,0.35482168587064133,0.03282261157110918
2013-10-10,0.8147111061109018,-0.26150994199389843,0.4883738263622509,0.3034280216332007,0.0664580878398486
2013-10-11,0.6583160197185619,-0.2887333683338357,0.5048781068993864,0.4051331445905719,0.05307316879822033
2013-10-14,0.64514611872846,-0.2179645229459553,0.4494802363936383,0.3901136709289033,0.07591290510859919
2013-10-15,0.7396846249579984,0.18946693692252137,0.5633209451060428,0.12892154235495712,0.06361956918466458
2013-10-16,0.7575102008337611,0.07711152113386832,0.5523634369033302,0.35776308028284504,0.014217895119112867
2013-10-17,0.7039639691987709,0.028459428896497354,0.5650425691955858,0.3419707960585024,0.02419923154344952
2013-10-18,0.8117466583747965,0.2841909558874342,0.5655550236768244,0.29802151398901844,0.07080671024850974
2013-10-21,0.6965698507937775,-0.11839275613027961,0.5390043367833077,0.21356018137408417,0.0733149643943839
2013-10-22,0.7226256863248164,0.08135595898745887,0.40578778881826294,0.2902497800559469,0.06562163790514024
2013-10-23,0.7972938490792576,-0.05799263144013783,0.6311010962241405,0.23466184013630503,0.01090011783696564
2013-10-24,0.7727218656914749,-0.27816514376910634,0.4727617886994746,0.4393296826612103,0.0029973929595081498
2013-10-25,0.7198662025320745,-0.020623053587289702,0.48114906997786366,0.25826346407948253,0.07909478815191723
2013-10-28,0.7807696970825295,0.05152135138143224,0.5617679456804195,0.30345609020011144,0.08446551163352506
2013-10-29,0.7660318382879293,-0.2770823195359562,0.5030322463418063,0.30662850224919996,0.03893291613750919
2013-10-30,0.7244463161865989,0.1606315706210678,0.5758998078386254,0.2397347366682704,0.004193551912307458
2013-10-31,0.7009797628121328,0.2836913281211843,0.45797263620806994,0.3796376187997338,0.019308445411880516
2013-11-01,0.7031071786076514,0.16756890228707313,0.5191259202545794,0.3354449817213458,0.00023140796481231353
2013-11-04,0.7396446557640657,-0.089252994471371,0.5427758536018411,0.4044412769251886,0.05397034492662611
2013-11-05,0.7417642812930109,-0.14380929238691567,0.45202471463879534,0.43836307758029663,0.08265844834996226
2013-11-06,0.7461992824354235,0.16173714785682447,0.47111906304308404,0.521710601908416,0.08624329926974644
2013-11-07,0.7989518615824664,-0.2314376256979459,0.4845542994206268,0.4752359421621711,0.05219332761382481
2013-11-08,0.6910828410675496,0.12430191747164743,0.44264932610793134,0.2314045826095317,0.07224444900975682
2013-11-11,0.7269716048316447,0.005578062606519298,0.542516933697566,0.40362134852740456,0.008552915453510113
2013-11-12,0.664613890061194,-0.20850376661638467,0.5624138444047541,0.5324859479932472,0.052586697756854574
2013-11-13,0.7754000472080675,-0.4025801650847993,0.5703757392178852,0.5444606982660394,0.04773618242465874
2013-11-14,0.6343196825710914,-0.09098271952231259,0.49551485345407803,0.38115887039512536,0.01938175016190622
2013-11-15,0.6997927928399248,0.21141135484758078,0.548759175457912,0.46215738009680885,0.055189936731588424
2013-11-18,0.7306530588362574,0.16270187333366862,0.5709013586100111,0.4421216832336558,0.01762095175648123
2013-11-19,0.7270393391814303,-0.04061192968873648,0.5285920562668512,0.5256364622188823,0.03356649070964573
2013-11-20,0.7170742010857714,0.1608921660064253,0.4750224972015511,0.4026249043961761,0.0667168395651492
2013-11-21,0.6896711787275293,0.05697821985432703,0.5219809656091225,0.5635553235141814,0.03800282607180966
2013-11-22,0.7696928065763082,0.07905387743064723,0.5526405394788468,0.520314610416284,0.08757960605728397
2013-11-25,0.6340179163593123,-0.1397457420686907,0.5281454360383684,0.3091290015311058,0.01892320054282939
2013-11-26,0.7502567959929012,0.24412717087160452,0.6006028724707615,0.5808981150612694,0.028624973208249783
2013-11-27,0.6548980853257074,0.1889798023810116,0.5475377193255975,0.46051749130633757,0.07797382809213133
2013-11-29,0.8037671171943765,0.06409642262251738,0.49829116629729603,0.3788664472424108,0.07632030262139117
2013-12-02,0.6468838568415073,0.11026926123553707,0.534702872098098,0.4128076625314563,0.04630187715387635
2013-12-03,0.7353622069173386,-0.24835332174042657,0.5063382889715212,0.4586374947664814,0.08023049350122062
2013-12-04,0.6923611770389174,0.30147063413938124,0.6162554372104988,0.35099897244216927,0.04228506264922765
2013-12-05,0.7286289093123421,-0.3449860492133195,0.5316361491429734,0.498377965318762,0.003988788770209151
2013-12-06,0.7680458874772909,0.07648008518988925,0.45493381716472925,0.35999416921121985,0.029799985168394095
2013-12-09,0.7431953617726885,0.016752083693206524,0.5410849501574259,0.4778061439648805,0.0017925996667338406
2013-12-10,0.6545193246660155,-0.3059540908218356,0.5003951583095053,0.3786155490009591,0.011969974913592564
2013-12-11,0.7267127017827619,-0.313524212193212,0.5396678540893514,0.36400788091125735,0.026566051032691364
2013-12-12,0.7051932358068931,0.13446572255301603,0.5469628438019378,0.4022394942449342,0.005626622454641017
2013-12-13,0.6597668622704497,0.04605025505083735,0.5039827947947906,0.46015768336550467,0.052932842921933565
2013-12-16,0.7393031767323789,-0.007352046373856801,0.516561957077226,0.4360444215212823,0.013700565535207921
2013-12-17,0.7906394776124155,-0.2102912848646204,0.4939341841469386,0.2932691002569534,0.005628845832537754
2013-12-18,0.793255513168907,-0.09010908195826998,0.5301849066212541,0.5774298633535307,0.05437094268863183
2013-12-19,0.7089917195136877,-0.06865968041521069,0.4921821111860455,0.3196049034742757,0.062109222649361376
2013-12-20,0.7851848471995031,-0.018370328485201457,0.49807671425151223,0.41826369544464687,0.033318294311430297
2013-12-23,0.7451195839236869,-0.008526649628202808,0.530573277683604,0.43209331973618204,0.012572340489189827
2013-12-24,0.735626933169905,-0.25081970352099797,0.6340345513464115,0.5092695791334635,0.06817149709669895
2013-12-26,0.6995502041045908,-0.08606325203307982,0.4922392511368978,0.36618670526498437,0.02409283330598171
2013-12-27,0.6319612193728847,0.24351567998719556,0.5503103995181575,0.39642540699704604,0.06424041653629785
2013-12-30,0.7455423755958731,0.038884900110358604,0.6059696170651364,0.32160423458742066,0.030294543873963287
2013-12-31,0.7705950343605282,0.1546946369201826,0.5885246337310969,0.4053201480797488,0.06796861513394402
2014-01-02,0.8061132442624427,-0.28133861352015405,0.5717470478156995,0.56118552453437,0.051268981782453774
2014-01-03,0.8380812198597367,0.2573215800271193,0.6055791146418271,0.3578397923238808,0.013973571369276173
2014-01-06,0.7155121721468307,-0.05945826924716453,0.49357682611190834,0.28470417148656335,0.05524381943296376
2014-01-07,0.6398850675212653,0.13376349838609114,0.5453252634192214,0.4601453053663461,0.09736575673607456
2014-01-08,0.6447002773134312,0.10962041046917169,0.6105990410107833,0.6582288837843239,0.05826853843618254
2014-01-09,0.7121009498016391,-0.0396385275105018,0.5666393130763846,0.47348144150031235,0.0037142519552376243
2014-01-10,0.7450239794904621,-0.1730828041139784,0.5047356026629639,0.47168324274636947,0.06832861748238626
2014-01-13,0.7187102934017081,0.23591125871274407,0.5287526333220137,0.36565342616088536,0.09667568160587836
2014-01-14,0.6867295146089163,-0.14722256163367986,0.5134359912032886,0.44483257013621713,0.07782265156855997
2014-01-15,0.7824736379689828,0.035173961901687686,0.5250892915605307,0.32627214762963674,0.08027141827666767
2014-01-16,0.7334551378845507,0.272218506439138,0.43609323301871605,0.5059769004967402,0.08434796773117655
2014-01-17,0.7051946097013171,-0.03429344156539376,0.517981215873797,0.3417805555030219,0.09244388372823108
2014-01-21,0.7809507454900533,0.07523565756022184,0.49103271794419534,0.36540980496215275,0.06179129217371818
2014-01-22,0.7572611777921858,0.24424000713511324,0.5089444799015146,0.11311210403949595,0.09595095789145772
2014-01-23,0.7651983203199271,-0.21869113994436895,0.5621241889080403,0.30418546951396247,0.05748754390467258
2014-01-24,0.6285986604292497,-0.018560067227671395,0.5982108404105931,0.5221584142665489,0.03586730516533478
2014-01-27,0.7589657340382184,0.1381374352005096,0.5601093094015238,0.3420054349766625,0.09320100385657513
2014-01-28,0.6643217422018092,0.594687881944652,0.7175088084547189,0.39453818521954465,0.002930097944757193
2014-01-29,0.6846044102672844,0.02305042524005839,0.5731066857166052,0.36882589780601654,0.01112847764533086
2014-01-30,0.8290305133117828,0.07714768821090306,0.4968783868327966,0.2760667081332322,0.035842729220254936
2014-01-31,0.7047507273394805,0.18344219598071654,0.5358008417569997,0.136194158533136,0.05171976101751366
2014-02-03,0.7026689642291467,0.0012755730278338744,0.5302362850930493,0.44661875877008994,0.08233434250329613
2014-02-04,0.740034701544509,-0.29059121290168166,0.5713185773456795,0.5613361156579989,0.04939227954947495
2014-02-05,0.7221752116838134,0.012408465768169182,0.7183907986838676,0.3642981300519722,5.3540162196663577e-05
2014-02-06,0.751818585955499,0.03281761667811405,0.5668161620409556,0.5784225625078917,0.07088368612169144
2014-02-07,0.7769560690683736,0.19691060815397282,0.6120378624021169,0.5162711579641923,0.026488924668005922
2014-02-10,0.6727739919185953,0.22952063962109884,0.5667641551237217,0.22972339528364563,0.05290983944639965
2014-02-11,0.7253970305486188,-0.17432029403406685,0.5552049788240878,0.4173321457056351,0.049883804901497186
2014-02-12,0.7795577047111515,-0.07004399011529687,0.6172963569353115,0.5158678202384634,0.0636949858902507
2014-02-13,0.6926218066426845,0.4029194768166049,0.561359988243437,0.31346232628350335,0.01598935695792597
2014-02-14,0.6933306370313614,-0.088729242694857,0.5511283008336233,0.529227829824605,0.018173766445064046
2014-02-18,0.7001582496885834,-0.14355514863697877,0.6459120781396088,0.4631200119983184,0.09308048936366195
2014-02-19,0.7287261953666677,0.015287359655978714,0.48919027647406566,0.3992212385217669,0.045433257265282245
2014-02-20,0.7176603639348706,-0.36359324258832737,0.6560448381745142,0.45988667812925854,0.05047647501159777
2014-02-21,0.7063233178661582,-0.05698220004712922,0.5310287329827826,0.36111824327850195,0.059862396748010284
2014-02-24,0.6958562645342501,0.1543366854929692,0.4745646514768855,0.3090923468498483,0.06223553907897126
2014-02-25,0.7636614258728623,-0.006231721393432785,0.6075940316806562,0.39254945155009446,0.08058590912222208
2014-02-26,0.7447282469340759,0.10075724652206151,0.564292651405162,0.44980788528228466,0.03429485298135543
2014-02-27,0.7263521672739761,-0.13630202369004482,0.5406457148017245,0.2480457888820197,0.059052035573382546
2014-02-28,0.71070460432291,-0.3533061803150995,0.4747311791904464,0.4934346257298912,0.09851955676895466
2014-03-03,0.778646929614464,0.033763760577056615,0.5432756695078935,0.5335590423475824,0.010047656638475233
2014-03-04,0.7241427307459808,0.3798080068300876,0.5573069317341997,0.39794506043356254,0.05117240920304449
2014-03-05,0.8292871137196884,-0.11832196719156007,0.5929577232624176,0.25043526671358507,0.05128399522335036
2014-03-06,0.7864138111952472,-0.17083740493208383,0.6203418078795578,0.18784080406802814,0.0011304469697219766
2014-03-07,0.860246817818709,0.03962759258713627,0.6648154154285337,0.41109976724680813,0.04483452037529393
2014-03-10,0.7690104380478271,0.42031177878458376,0.6813148229689231,0.507776537725374,0.08499137288455025
2014-03-11,0.744912206056738,-0.006600885732744612,0.5384036260455259,0.4535654371305163,0.011485342707646673
2014-03-12,0.74329260189996,-0.01584324505379302,0.6657259891093268,0.49949837688268883,0.0733988617495575
2014-03-13,0.7151647040116282,0.4441291603882232,0.6047312548127165,0.4259542203730642,0.008542093060737744
2014-03-14,0.6622550455220976,-0.11931703733782582,0.6222713618165692,0.3930951119852064,0.03948131212218442
2014-03-17,0.6625045423807843,0.22186483904436285,0.5371763414847366,0.5061842876001761,0.022517862888907416
2014-03-18,0.7286150265042328,0.24742013048155842,0.536707376822656,0.4060717040545358,0.04930352907890431
2014-03-19,0.6981944276303242,0.17098097804185297,0.5564585865819337,0.529623930194319,0.0912992674269275
2014-03-20,0.7649304502472593,-0.07346686855823338,0.6638390915780219,0.2860133399508167,0.059818246560896515
2014-03-21,0.6879816345682624,-0.04481665989632109,0.6339881454012175,0.5025274247102275,0.09480029024301595
2014-03-24,0.7184245085230672,-0.02289324203209884,0.47726854382013517,0.551831550046462,0.08484736107851132
2014-03-25,0.7410284032610508,0.39144829453307256,0.6651737226181722,0.4332513827787856,0.07566092298671886
2014-03-26,0.7411238052240294,-0.18930870662914798,0.6404318568641268,0.5542358732593597,0.053733025780818594
2014-03-27,0.6788978413571921,-0.38453167935877663,0.6871949290307888,0.5809984055023467,0.055132337935667575
2014-03-28,0.8090676909872999,-0.14305301257336595,0.6223361053834714,0.3897375353308664,0.048468878805713905
2014-03-31,0.7352016899633732,0.20887707215678708,0.6020672639362611,0.5379528068286308,0.06743279874371332
2014-04-01,0.7288381903244148,-0.03733576977127515,0.6046231773909155,0.2593678100557657,0.03485132438124135
2014-04-02,0.7243541235662155,0.0515712163267721,0.5905877375875246,0.44612894049797036,0.021079588502307425
2014-04-03,0.7328682898486796,-0.012857099901965123,0.718221862452513,0.39190633265542035,0.04425494080457111
2014-04-04,0.8024502610582874,-0.09365636396025664,0.6500419271204476,0.29621405209476936,0.09127223573229189
2014-04-07,0.7342261044713367,-0.06268319875189673,0.6033003698394009,0.4457105224479649,0.021589458506535476
2014-04-08,0.7162155096278872,0.05162677160643108,0.6003538728222768,0.5853563628202545,0.02782214086974103
2014-04-09,0.652034057646693,0.04844868583780362,0.6244498613774547,0.2655215134445414,0.07518884405672249
2014-04-10,0.8107532119724666,-0.054525647917279964,0.533690083350948,0.42272511260036555,0.0331556617429964
2014-04-11,0.7636678879354643,0.1729524488072463,0.6033942030146371,0.2645221622680799,0.061787034568483536
2014-04-14,0.7215933047155877,-0.3060948249872182,0.7484217395665762,0.33214305970440927,0.015570350559548852
2014-04-15,0.7888947497540403,0.5034948101640006,0.5765890871799799,0.2948505279227817,0.08283268580992847
2014-04-16,0.7279184851446494,0.015494737828586517,0.5437089708495091,0.46353727982339205,0.05642686721679722
2014-04-17,0.7725140694229272,-0.13444678411998326,0.6512895716831016,0.38517530183025,0.08518085090542701
2014-04-21,0.7644100886576168,-0.2933293766532336,0.5535933386186154,0.5849839632646645,0.012617027724784236
2014-04-22,0.7618307149566648,0.07705062381754957,0.5425522128269713,0.42128460241588095,0.01223813796645814
2014-04-23,0.7442019776499187,0.12300967127533671,0.6098120984363515,0.3101875129017522,0.09783818512301172
2014-04-24,0.7420002793800196,-0.15731785394357847,0.6005951347395548,0.3831871483979313,0.09170919938578795
2014-04-25,0.7733165438044949,0.09179737561689018,0.5306237403883738,0.40736898113201764,0.08575600159811954
2014-04-28,0.7330265683713255,-0.14312468923298502,0.5838419317547582,0.3024310900809317,0.02119301415907996
2014-04-29,0.7160491751938213,0.1304625899665102,0.5995488403182079,0.44464217362570146,0.08079715186430958
2014-04-30,0.7509481104689643,0.13116241885738342,0.6262268059830206,0.30629650566741984,0.04349105585059559
2014-05-01,0.7323637429649515,0.20810413658615948,0.639680459550288,0.3619998461546482,0.06877185990077053
2014-05-02,0.7779220279553462,-0.12547129193732873,0.5980217156713368,0.37106717068124456,0.020577866874894782
2014-05-05,0.694162618430175,-0.006634206786109553,0.5294533095447395,0.6039799143404533,0.08837953635934637
2014-05-06,0.707046183825462,0.13814011630037276,0.5681719551402871,0.5424706506646556,0.08020169041468544
2014-05-07,0.7203409575996644,-0.10785696518112856,0.5863765580040876,0.551133974433626,0.08580806968972547
2014-05-08,0.7741420427702966,0.040698161142355714,0.5148408683599455,0.3000680846800476,0.07356812814858453
2014-05-09,0.7529324922814925,0.03888566865065349,0.5631458909506332,0.2272438530441009,0.023525232174066192
2014-05-12,0.792373285636255,-0.12410091650288885,0.6716470981381835,0.3472848287167088,0.09584678398610214
2014-05-13,0.7355019598591324,-0.3518773239432478,0.6034804475944299,0.324036157002914,0.08166493510279929
2014-05-14,0.6714635535371634,-0.2081853674347363,0.5777832412972891,0.4172419768221033,0.03224022334793413
2014-05-15,0.7691617738597322,0.010854573059279407,0.6279509316329274,0.44450871233357736,0.0736361997132166
2014-05-16,0.7804165612231817,-0.20841284727083603,0.5624761956052018,0.40969915577004706,0.06512046751854317
2014-05-19,0.6644081071766488,-0.15180711945547354,0.5604914607984569,0.27456042758781374,0.09359343273882692
2014-05-20,0.7540926511684208,-0.004753161930631001,0.5338221744319293,0.36103297423287106,0.0005099583782150696
2014-05-21,0.8119575044558979,-0.011046747020503594,0.5557152234730852,0.5394309394937314,0.026042679823732352
2014-05-22,0.7643964925720645,-0.1664194428304675,0.5661234397638718,0.2662838279216805,0.08941080867491294
2014-05-23,0.7506797310250698,-0.19402950617212272,0.5638716259548743,0.4511953507773091,0.028757045102403334
2014-05-27,0.7042516492713179,0.14497878027586217,0.5855538461967269,0.4360871175005181,0.0852404049947915
2014-05-28,0.7650205349742928,0.04297544498850657,0.6039175115600031,0.49164895891746097,0.09299823976701206
2014-05-29,0.6675008253986722,-0.10155088052387509,0.618623999809168,0.20148087213384347,0.06463757191374281
2014-05-30,0.7328824883852456,-0.07644056685338055,0.5590517661631035,0.4067896926561652,0.0849490349572999
2014-06-02,0.7521358656005559,0.1517066658598819,0.5341439949294096,0.47319735695198084,0.05687641652314988
2014-06-03,0.7345779935943209,0.07347024899841194,0.6956203034774858,0.4445648527162917,0.010752899098720514
2014-06-04,0.6762713038338733,0.15028978585539898,0.4842421395481913,0.497046109300195,0.08538674104995124
2014-06-05,0.7700238040924952,0.10521208430286509,0.5761033036295911,0.4072706906887017,0.09591292481241442
2014-06-06,0.8067069546919734,0.24813624379647503,0.5431084438521243,0.45223678184766736,0.09420577736641851
2014-06-09,0.7608977672034254,-0.3003907197734282,0.532684727230229,0.2213320661404865,0.0899854705445907
2014-06-10,0.7813197047251451,0.023974094101231816,0.6049387551628381,0.39417273461050206,0.037788156301752855
2014-06-11,0.7260254742546607,0.2729687048375485,0.5810051108184824,0.5087863957481273,0.09339045007391031
2014-06-12,0.7790739609960898,-0.08232256271170578,0.6055735998185303,0.43276234120690843,0.027016131537643207
2014-06-13,0.7501919062830661,-0.1089045256504976,0.5998207350172657,0.42783387785911714,0.09871514756311967
2014-06-16,0.6825330870427897,0.27988309142122214,0.6634111831060463,0.5495569957480869,0.07783955684694263
2014-06-17,0.7744423875387141,-0.4234225562019062,0.4801923459568547,0.43105834081631034,0.05906162737564126
2014-06-18,0.7385197304403612,-0.04233856719419617,0.5551742600015446,0.412817388613853,0.04834353816454976
2014-06-19,0.7426206469781975,-0.566416042616368,0.5087673393500425,0.5501575985128775,0.036757787355275
2014-06-20,0.7543631012553493,-0.19903750152547092,0.6234948515836435,0.3510487471861915,0.04369228225861871
2014-06-23,0.7969301391534463,0.2671143911363397,0.47211702988277154,0.2992614196520745,0.08178792641987452
2014-06-24,0.7688231609711524,-0.08844882150980415,0.6714061923167841,0.43034432729291794,0.07533745203511279
2014-06-25,0.7993863633556937,0.0971090616780367,0.5023355201527171,0.3006560664655403,0.0009701817539470525
2014-06-26,0.7141386942209798,0.03513250380577781,0.5418939574751865,0.3564231847061742,0.01415198401050245
2014-06-27,0.7044136367484313,-0.049048630735420234,0.48312791902555263,0.3028158607743042,0.02326539997870607
2014-06-30,0.7695501400136378,0.07306290671695184,0.5462042424330886,0.5834165065479925,0.09998979846286007
2014-07-01,0.7429554776544142,-0.34709795315592357,0.5417769576290177,0.3033698149096716,0.010911301599979929
2014-07-02,0.8016880432448722,-0.1578968518688727,0.5177841007879574,0.4353564987152889,0.00813968776673255
2014-07-03,0.7809537951207576,0.14920006979286443,0.5836922974927201,0.4845275466512938,0.02933654001813936
2014-07-07,0.595435501392558,-0.346028583755349,0.5945525157508438,0.26749405343821975,0.009441375062631742
2014-07-08,0.727996135866449,0.0032687636752370265,0.5270401665682277,0.39949687733429873,0.07161902301705614
2014-07-09,0.7490741931138605,0.21848364366074247,0.5747427393397788,0.3232880027306334,0.08573096578036891
2014-07-10,0.7058170434405089,0.18539368020922317,0.5553410841685281,0.40677787894336126,0.01133624854013151
2014-07-11,0.804216998734866,0.0802843787738588,0.589884203491251,0.4323720140385277,0.012082387177676469
2014-07-14,0.762743159891901,0.09223626605371854,0.5161271707890709,0.40910976651935105,0.01883340801253639
2014-07-15,0.7694569710337812,-0.012044802951752266,0.4031084424062191,0.5807884395909455,0.06707200303903715
2014-07-16,0.6945198904937873,0.13967307974434928,0.48764257409801437,0.47498859131673293,0.030247877672844394
2014-07-17,0.7430178591350303,0.3255964512086322,0.5706189571542688,0.4864534824103061,0.09126654588948536
2014-07-18,0.725933042472528,-0.21966619925343328,0.5583099518797975,0.28485337921906945,0.09151662699699604
2014-07-21,0.7967215834526131,0.08158730162007563,0.5466812445234035,0.7087820892425576,0.013863424530640933
2014-07-22,0.7488671721660751,0.09690746513647615,0.5640597774349552,0.47480884773664345,0.0177808213428057
2014-07-23,0.6879835675128875,-0.1530822776121134,0.46942982754579016,0.304043553502932,0.011654319398758883
2014-07-24,0.7319245847819961,-0.056122424517805906,0.44833243124395666,0.26870742694010263,0.0035163215583589816
2014-07-25,0.7718834235941076,0.01326813688680478,0.5206027168004826,0.25140000142832775,0.04166726574748442
2014-07-28,0.6973369957692733,-0.03500569541766476,0.47255820552311156,0.2736695033724709,0.07541507178942498
2014-07-29,0.7738229987371597,0.03775000048903983,0.545799571857108,0.25453743279182645,0.010258233449539734
2014-07-30,0.7785467755041302,-0.18832572664461106,0.4976179387476756,0.45359998466504325,0.001313044166532984
2014-07-31,0.7050804748554129,0.1081545024520052,0.5067289150169377,0.2837755850605033,0.09194279504299648
2014-08-01,0.6312832985660808,0.3194241996582847,0.4786958670942512,0.4772113149207832,0.011384544878008785
2014-08-04,0.7639221727767707,0.08127854053368677,0.5835593900917084,0.355255608083649,0.09632470669005115
2014-08-05,0.7640663826800214,0.4098323934895576,0.5145383381501348,0.4602451404005321,0.024638649022123052
2014-08-06,0.7480458800024457,-0.04513836623490292,0.4893085797650821,0.3938296778059798,0.08436834133043897
2014-08-07,0.6973857643873037,0.164377638257401,0.5675040654255904,0.36962194828959855,0.02567082475520186
2014-08-08,0.7593998260832946,0.16292807625425376,0.4425605180060331,0.4493896577795806,0.055615611898875185
2014-08-11,0.7091769289297023,0.07279000014558061,0.5436342580516144,0.23917853107923467,0.0907151792306711
2014-08-12,0.687684066967402,-0.3412775680980573,0.5343842084516144,0.3274089563396795,0.004078298068653919
2014-08-13,0.7316399748231659,0.1890229769207359,0.4731788630013992,0.37939078017023703,0.03960803660084675
2014-08-14,0.7385182223161072,-0.08201961496070653,0.4915045369722029,0.46542240370857824,0.017298990125092284
2014-08-15,0.6391744123153513,-0.0552503080368468,0.5413322587654701,0.3723999545222858,0.034044667222111406
2014-08-18,0.6937032343433516,0.03448200155682054,0.5631913901977321,0.37401039684617077,0.0671485296987404
2014-08-19,0.7398427229756445,0.03036138387155344,0.5043607825663694,0.2730263966833263,0.035481173856112706
2014-08-20,0.8385426077911583,-0.38709334078030855,0.43946481773743057,0.4388200596590638,0.043890308771217246
2014-08-21,0.7388166531193607,0.20347977122171992,0.515213004721579,0.34565024050027127,0.09038606923456628
2014-08-22,0.7222285966700595,-0.1734035605680912,0.5607325366893755,0.4378701101738684,0.07263117057854597
2014-08-25,0.7480940751874742,0.30306744264067764,0.4613261394164384,0.2629374074500321,0.0302349553465297
2014-08-26,0.7947608832155246,0.051834890730024986,0.5100056802783723,0.41879204410524684,0.060700642025833695
2014-08-27,0.7208187245058552,-0.19236556191525733,0.494825286945,0.32042602604173676,0.03857561712795876
2014-08-28,0.7462725720282255,-0.032150231287550554,0.5757719908494797,0.31988583995275277,0.003490772051311786
2014-08-29,0.6579392575263676,0.24947830168428517,0.5082415459346264,0.44301974682333495,0.033009193803409345
2014-09-02,0.6684801406775898,0.08339712065096216,0.556514259777122,0.4132820319329443,0.029230577132908244
2014-09-03,0.763532784212248,0.08387573265667703,0.5572929983337018,0.39708995901879335,0.04649140287529957
2014-09-04,0.7597312864775566,-0.2937494425339502,0.5635124631054624,0.4217151246449733,0.005439628476883118
2014-09-05,0.8288361385606098,-0.058320109043845096,0.5586324415536612,0.34629114736915423,0.06027355544842927
2014-09-08,0.6210099936825799,0.05310338627097231,0.44971970442682996,0.38350208957971,0.09624475241214608
2014-09-09,0.6916059994811397,0.3206629644537613,0.5573165913766255,0.33565941143377337,0.028076482533316616
2014-09-10,0.6901199291419927,-0.15647288181702224,0.501598120389474,0.5464659194877948,0.013979663468818971
2014-09-11,0.719618358720251,-0.006100709764159254,0.5265159585729855,0.4318358408528771,0.08917350499516236
2014-09-12,0.7510503728002738,-0.1009373772712816,0.5112948793586118,0.5117795945293233,0.0001694830379330048
2014-09-15,0.7373319507664163,0.028568373310718154,0.44460684416542046,0.388800110982769,0.0010149533915189135
2014-09-16,0.7316882281173516,-0.16625165570046274,0.4316833504665992,0.4975197840236112,0.032509636079763704
2014-09-17,0.7174978196883082,0.016149902788672035,0.6205144511646363,0.3648762333031142,0.05961006817814221
2014-09-18,0.8114062713279774,0.05573686057486267,0.4631651954852112,0.49184829588350193,0.02763898378955132
2014-09-19,0.7164912386039936,0.039035772600632235,0.5124713003083157,0.2675127714004082,0.03164187166071808
2014-09-22,0.7042553633963348,-0.08156240161392588,0.5576795157996076,0.4339555188143468,0.02880713767973342
2014-09-23,0.7110548209018364,-0.06067535522526305,0.5341536885115673,0.3238812798137287,0.027372747189127744
2014-09-24,0.6579734433485404,0.0610337694981002,0.5106074119881128,0.42713985153063894,0.07986528845756337
2014-09-25,0.8083818659245728,-0.3984709926147278,0.5193366837557869,0.542376267780987,0.0005906745362476041
2014-09-26,0.7204218667767444,-0.04006278924534675,0.46479301668186235,0.5848956426534679,0.053817567672052216
2014-09-29,0.7784700191701591,0.07934853544710478,0.5360168562239306,0.43098941242467154,0.00847148607995778
2014-09-30,0.7622696323598173,-0.056796199904378945,0.633213113642483,0.39088330615220734,0.015348420586552636
2014-10-01,0.7736991480466497,0.32768034098013543,0.4830921779809404,0.4637075858389893,0.02173950713255082
2014-10-02,0.7010257693811874,-0.12828836238890104,0.4411191927463879,0.5103543830285231,0.06271258693132735
2014-10-03,0.7864531732134173,0.09108690959519322,0.4489635777147428,0.6136424762519027,0.04074233334570834
2014-10-06,0.7432955566419571,0.06564075412009669,0.5880816137203272,0.6702177587149136,0.07705096445515357
2014-10-07,0.7069399657478513,-0.3626529388730775,0.4392300037512028,0.18037035883656452,0.008190696331797332
2014-10-08,0.771353394765,-0.41461362735770735,0.5072686658227556,0.2743224896141283,0.05169750854388259
2014-10-09,0.8122679487278904,0.18456543461991765,0.5126212430319771,0.28971856449458666,0.07847740522736635
2014-10-10,0.6555716108309214,-0.06255731027511204,0.4703872297876925,0.2574940088876808,0.0672504903313135
2014-10-13,0.7271835694202614,0.04549435151373498,0.4935746858891488,0.3985669142808091,0.057258087281890725
2014-10-14,0.7302591329134152,0.2336182925691259,0.47531992620580704,0.4051843221931921,0.06591649860375827
2014-10-15,0.7597915648171456,-0.11203613150290744,0.4568772438697397,0.1988309436058594,0.08032893341366387
2014-10-16,0.8348397481484033,0.051808077863668194,0.4828068643407895,0.4483681022851975,0.05308410845739134
2014-10-17,0.7042411204243871,0.13892134031229691,0.562459412744041,0.33033118807938644,0.05492783351107399
2014-10-20,0.7501006168348194,0.13872338784092061,0.5072795180625157,0.561589893697108,0.0784959420057646
2014-10-21,0.740079259069455,-0.06823814086170316,0.527501387270024,0.36818977190723734,0.026615853347522336
2014-10-22,0.6397529998005448,0.11242046511731325,0.46573171266667435,0.497379489315225,0.05011074625285496
2014-10-23,0.7373719416763528,0.2287223453647798,0.5104777886250107,0.4822821960374941,0.015995174603300213
2014-10-24,0.7696752502273774,0.11418038753785716,0.42599117094383226,0.34275620349512287,0.05914151889297408
2014-10-27,0.7624945318890036,-0.0876181297436871,0.5526602762584354,0.5124337316853789,0.07703882707718562
2014-10-28,0.7800504063652309,0.08521060029952168,0.4773909503851007,0.3857183155817681,0.014038787616932114
2014-10-29,0.6138271297832711,0.23696537991074107,0.4826014776649809,0.495138382251292,0.036225815217419445
2014-10-30,0.7870436302259869,-0.07268462077502567,0.5461449482852827,0.3636818833655969,0.052876242705904276
2014-10-31,0.7317294794450384,0.003969651063755064,0.47506744703004855,0.2517340297902616,0.028844301620138194
2014-11-03,0.7190630447866052,-0.09821578708922875,0.47343362478982265,0.5206070870246097,0.01721174442366722
2014-11-04,0.6820130375592304,-0.004985508313608115,0.5348670129369947,0.46039994159361863,0.05087306166886901
2014-11-05,0.6818568021134317,0.26894094614626823,0.5647392129024671,0.4552762019382903,0.01161750047485034
2014-11-06,0.68041470632162,0.12344279307073114,0.480749404261213,0.5165576303146856,0.013796050690683494
2014-11-07,0.6637764956977821,0.18667195159533184,0.4481221819704095,0.6349509963544934,0.04269412472626092
2014-11-10,0.7470053153253869,0.17864469414349649,0.3871613852296747,0.2582644109990655,0.01999863512516338
2014-11-11,0.7474051542319774,-0.25005148233311386,0.4648997090326006,0.12890170511334098,0.059558890771206976
2014-11-12,0.6662518324228587,0.1118703423207534,0.4905996066875505,0.4403199662713152,0.04032104636992696
2014-11-13,0.7404498566658904,0.011687663545910878,0.5227635616029503,0.49816513467196916,0.07108895577524131
2014-11-14,0.6793331826316408,-0.008757182009013527,0.38284227625237205,0.13602558155295236,0.011466633624224155
2014-11-17,0.7935480464240978,-0.12430001914531169,0.6094564200866077,0.3770913079697562,0.0762655460257336
2014-11-18,0.7800832397753708,-0.04622447713252048,0.47434497346222343,0.45662528451547746,0.0910475275667136
2014-11-19,0.6952890797254836,-0.12148181488914123,0.5094297367470135,0.44789317402636986,0.046407830708307264
2014-11-20,0.8175234994234443,0.009579363537615381,0.4734118997282082,0.47462256354252913,0.0412919549101605
2014-11-21,0.7184070075929053,-0.022564288862618197,0.48349778377814195,0.46533683089918526,0.06172576712343776
2014-11-24,0.7320174988132787,-0.19976504056176986,0.4920655860914247,0.42182661449429276,0.07285654097352452
2014-11-25,0.7098938785648773,0.17089943193651944,0.49906497094796687,0.37675188734706516,0.06339543844008176
2014-11-26,0.7240510949539455,-0.16196798937425783,0.5261833739238867,0.4277980886906067,0.0837352708300758
2014-11-28,0.6794202717669774,-0.2514641715830063,0.4856531872271307,0.46734942739227137,0.04234942119886951
2014-12-01,0.7084608359429182,-0.20675821283608453,0.5028109858524831,0.5108283776654483,0.051487780332011485
2014-12-02,0.6789815708246856,0.32732417314638834,0.5813102460244474,0.3822397482404183,0.01076333106677626
2014-12-03,0.7698912046645586,-0.038928224179697386,0.6233858402159539,0.45421942549117045,0.055054970768267625
2014-12-04,0.6619768502771052,-0.31751542125906607,0.5055612595515419,0.28549274170234956,0.05632112260771082
2014-12-05,0.686121227705509,-0.09290914029457495,0.5258364405317254,0.36682550773704203,0.08515719207737715
2014-12-08,0.8134431298741142,0.09347120071048474,0.5515108840657469,0.4270104553637724,0.07557395697385622
2014-12-09,0.7000575913186874,0.20576487877766794,0.5907473347724779,0.3513905749821304,0.09663963234394851
2014-12-10,0.6511225895633571,-0.2546693857092602,0.5313274581110955,0.2955647477187456,0.062488973332017396
2014-12-11,0.7358571645192598,-0.015722476867573693,0.5539899541854815,0.34642931638832675,0.0797675174333711
2014-12-12,0.6431926217589753,-0.4534792714651153,0.6011497018972151,0.45028273069056857,0.06802495879883404
2014-12-15,0.7389134722052533,-0.10056975039843824,0.5128203868209645,0.5971979541381267,0.04779068533409976
2014-12-16,0.8229788357494703,-0.5380237007814747,0.510269266943733,0.32079685487011594,0.0322489726070934
2014-12-17,0.8134979124957556,0.07118019057504225,0.5705599149308754,0.3607448671018403,0.015946976384743284
2014-12-18,0.6899595148798725,0.09807858055087577,0.5221711409962676,0.5457214642687033,0.09506082442171399
2014-12-19,0.8157882075546017,0.10614556014240031,0.5380929167854244,0.3667425875095235,0.006319755255278592
2014-12-22,0.6584121315916417,-0.5519731460310358,0.6000217814998755,0.18370239220169587,0.04581604040506509
2014-12-23,0.7610730014230782,0.031432899960631394,0.5327276300840645,0.39425055564684647,0.02219191274488862
2014-12-24,0.7176200863881237,-0.01938024452512413,0.5537154194285248,0.4602660782394273,0.005169544535770798
2014-12-26,0.7399628220118712,-0.16976070529889756,0.5939006345912251,0.5049359110266203,0.012170843534030208
2014-12-29,0.7575433575438588,-0.013019698589017501,0.6268360229644098,0.4374926285895782,0.0005880615037807347
2014-12-30,0.7788762905339196,0.0105065768507988,0.6226484768882949,0.3598327871300886,0.05478763665928277
2014-12-31,0.8050479164352703,-0.0010376808805414553,0.5463773242792053,0.5767471696330808,0.0887828655766229
2015-01-02,0.7463798692967915,0.035056266835223976,0.5616898247598698,0.6394333458124359,0.01423464196999389
2015-01-05,0.7823977975948408,-0.11155705070135005,0.5828816983829557,0.35533200242752405,0.013310197313884177
2015-01-06,0.8118658664334197,0.07460903909602397,0.5735431833034352,0.20566606281884905,0.052680114485846787
2015-01-07,0.7778347403575235,0.2662955704366653,0.5356366853595615,0.28793651476994103,0.02984913341701787
2015-01-08,0.6878194689278643,-0.1167752511606294,0.4686122912590301,0.20970370112026274,0.07072885062552146
2015-01-09,0.7856477189661664,0.08160722761168289,0.5306077757079286,0.29807984569593093,0.01387073781375915
2015-01-12,0.7808379124859499,-0.06274223853206709,0.43987646569345534,0.45652896295627143,0.01155644267789151
2015-01-13,0.6942921287302745,-0.11798969354357539,0.6207554940722279,0.26085596211321727,0.037706475045198744
2015-01-14,0.8102327332877015,0.11225080604019991,0.5490105576317397,0.586549204644385,0.042574282493477514
2015-01-15,0.8526511840542823,-0.2346189520221886,0.5404331634455628,0.47871696659331164,0.02375236507987928
2015-01-16,0.7291480768938206,-0.2772754452488166,0.549532560105696,0.6646256571468667,0.02883492355846893
2015-01-20,0.7097553199578333,-0.09097392375439164,0.5388102181921259,0.45528065226364545,0.006243814315123631
2015-01-21,0.7818228111998864,0.3496367875404286,0.5842222794180054,0.26181644982012997,0.008195213044860917
2015-01-22,0.7484398815590656,0.1551382776901015,0.5855556014380203,0.5133343245806542,0.0539253823975796
2015-01-23,0.8064865894511454,-0.056396406622777596,0.48874842681862873,0.5118120043741959,0.035041488477171846
2015-01-26,0.7520338570699263,0.01749576188054483,0.5786972795720282,0.3869896030430405,0.07448385192282073
2015-01-27,0.7802290200314707,0.06363376851839313,0.5639732527290663,0.5185746832191276,0.028129981780759407
2015-01-28,0.8033589029484111,-0.15470697449668436,0.4010723645563048,0.3793600534379247,0.03875651666024687
2015-01-29,0.7509269767916618,-0.20173294044873524,0.5885378197089716,0.44124579559261656,0.01679622654489511
2015-01-30,0.7366794762214391,-0.03734368178220856,0.6079608161423448,0.4405243515311277,0.056295542353438394
2015-02-02,0.7489639534482386,0.13753607990432612,0.5545314138476525,0.4219213519936593,0.04724792708602617
2015-02-03,0.8128405873585978,0.17999767693527502,0.62303409540955,0.48778310696893795,0.05529603188323239
2015-02-04,0.7813246920256428,0.38923340986456834,0.6388989951114059,0.5983400606065219,0.06721705573608111
2015-02-05,0.7903790268502625,-0.030341948103775735,0.5633419299983968,0.296178714761303,0.04101719985779217
2015-02-06,0.7480661075972428,-0.24583606666407298,0.5632141481028751,0.6467771906988878,0.031343972153154466
2015-02-09,0.747405633876672,0.4601011935851987,0.5454046378655485,0.2225510684100792,0.03821727434461119
2015-02-10,0.7057541344812815,0.38782711138499987,0.5980872494318255,0.4789624512811003,0.04303295969483342
2015-02-11,0.7833778235833928,0.20367894869622427,0.5059746933722605,0.36785692406205966,0.0769665142554537
2015-02-12,0.7773327923094446,-0.12925345307017938,0.6105186410662247,0.3830017627739042,0.06071480309714601
2015-02-13,0.7811995085509484,0.08975711484827191,0.5847467893110633,0.4096923446475395,0.07620230309775738
2015-02-17,0.7341910488039981,-0.10193124069557691,0.4365694366163312,0.3751173495755331,0.04102206024309657
2015-02-18,0.7230471356931644,0.187621485041477,0.6013900634990212,0.20365159856341977,0.07643035134201182
2015-02-19,0.7831572926528682,0.059279083761102996,0.5709743633547486,0.3841151754649138,0.08817274165672283
2015-02-20,0.7603010187031854,-0.05147083407189909,0.5391555656549955,0.46011833212101866,0.00399242529898729
2015-02-23,0.7593601273083457,-0.14928470206794317,0.6288965650143206,0.28084633266612496,0.05149170453908156
2015-02-24,0.7719122581186993,-0.007042482616290676,0.6062750602525275,0.4648086492612391,0.09119874382396465
2015-02-25,0.7696903625119144,0.12597577656963127,0.5962041654758979,0.47022221664977504,0.004593838013727214
2015-02-26,0.8124432958860803,-0.21791198437948267,0.5344450523074407,0.39799997315693697,0.0854737160462299
2015-02-27,0.6426995259042515,0.08188089626908106,0.5544278336324259,0.41837251565184247,0.017195979300859233
2015-03-02,0.702129730910833,-0.0747624918728102,0.5170464178721169,0.39775883664934647,0.07495448666975056
2015-03-03,0.8814800856008147,-0.17205497383121937,0.5710908361491619,0.43873287904505576,0.02798611551863045
2015-03-04,0.6691429887715761,-0.04114387885189594,0.5901769674140213,0.5457456504864,0.011486658420912278
2015-03-05,0.7888205955227816,-0.32687342501863087,0.5975903771663252,0.5012959417933985,0.021934368156105055
2015-03-06,0.7608786568737017,-0.09652116066686406,0.6166348494388844,0.32689321423355244,0.0033992981713790063
2015-03-09,0.7950524570274243,0.4665433208317524,0.4977544092738546,0.49837293103067665,0.010447293035116623
2015-03-10,0.7338064308042688,0.135801164344853,0.4909061280208639,0.3112512696100632,0.08196602898863403
2015-03-11,0.7295328508534041,-0.5451683424320045,0.6112433815240362,0.586883113419324,0.028635890575292578
2015-03-12,0.7972808900166577,-0.017876529651898464,0.6998732986460978,0.3131609439098248,0.023810150565505152
2015-03-13,0.803928751723968,-0.06073476788278648,0.6625466842091291,0.4663701648555239,0.05467073380065343
2015-03-16,0.7043385585106567,-0.14314914530256262,0.5499989917830792,0.27597252096481895,0.08778406311295316
2015-03-17,0.8080222601879793,0.22296081083830133,0.5779912127198654,0.5471238505457671,0.060311935060999716
2015-03-18,0.8077173674213505,0.0428533368112913,0.5962203645632294,0.47421796110824577,0.001411589264038149
2015-03-19,0.7291790503203539,-0.11890122774629056,0.6367619931642775,0.5334005595567962,0.045777488858616405
2015-03-20,0.8070236342498761,-0.2361655143215583,0.5864751118688769,0.27432399714798195,0.04975870842694026
2015-03-23,0.7030364348369129,-0.09993232088518501,0.5723975760257273,0.3227288675828739,0.052085961741852586
2015-03-24,0.7928928115636263,0.13252436510414634,0.5824292238783297,0.5163916734832735,0.013763248331346723
2015-03-25,0.7881064409609724,0.0760732233993817,0.6327493192654654,0.5436701897126273,0.027470198808737512
2015-03-26,0.7926891737560351,-0.16833279584804117,0.6289036802362493,0.45862845460978663,0.07235988409173723
2015-03-27,0.7129210945952732,0.24219027691391812,0.5543199283977254,0.27722564697279994,0.07820866507469111
2015-03-30,0.7719971676382054,0.03401844743329989,0.5653208758517464,0.3773118054866394,0.024536605802881164
2015-03-31,0.7444964846441449,0.14647007015628907,0.6223677712062401,0.2766531078224703,0.015346594334738162
2015-04-01,0.807189223029212,-0.35035429613156865,0.5654660690432154,0.45310244032613545,0.08299888274968761
2015-04-02,0.710226321214611,0.34478989607720667,0.6259600805852734,0.4166954914803783,0.04557597574691222
2015-04-06,0.7473088060926535,0.03155460049209799,0.6402223135895891,0.3472222166441299,0.037026253018893285
2015-04-07,0.695694495870021,0.35230888945840666,0.5443828439244521,0.3259705926397778,0.08434788459653933
2015-04-08,0.7549374670232648,-0.05015351417118355,0.6156415023166714,0.4205532914660349,0.03059279449537682
2015-04-09,0.7638251573656272,0.032530255934486225,0.6285878148872527,0.4022671520695802,0.022433686701844126
2015-04-10,0.7667648428718759,0.06742926844897232,0.591137886576593,0.41552175844343603,0.07110665835898237
2015-04-13,0.7202764151915768,-0.39603124088396163,0.5928848511410164,0.43292587542962246,0.06676531461235417
2015-04-14,0.7354806796700165,-0.1975155983638102,0.5860658302259251,0.18925619248179132,0.009859772182291428
2015-04-15,0.7088767571313316,0.11711196246954965,0.6371786474695975,0.3788506826148729,0.007773221621931082
2015-04-16,0.8213414067699795,-0.4850564180953891,0.5925053422068115,0.41246427491738186,0.001995845936695151
2015-04-17,0.7406186315734724,0.017371961841618187,0.6039881776432935,0.4051037718691213,0.07001079771731296
2015-04-20,0.8114871878620663,0.06244091571431542,0.614196506990423,0.47139208702176694,0.03476990242405276
2015-04-21,0.8484621451808271,-0.028466380286687576,0.5227229424334078,0.5244893196218902,0.035638570733615184
2015-04-22,0.7564892321949376,-0.23503076142216447,0.6185161583288676,0.25840177986200774,0.05975121753634819
2015-04-23,0.8090807209493877,-0.1742371191721659,0.6598599836612562,0.4959966647797831,0.04737972678105911
2015-04-24,0.6485246780754595,-0.16905357780771654,0.5893482476514522,0.47602496088107593,0.09839679205704198
2015-04-27,0.6819568140729427,-0.06629195185449939,0.6560732784871994,0.34481195658359415,0.024689368651457988
2015-04-28,0.7182217586231991,-0.05491893601509021,0.6121804515501733,0.4444221888049257,0.08419638575206834
2015-04-29,0.7696761460150531,0.03508619177329406,0.5539551451009199,0.3659496662548276,0.094197450503464
2015-04-30,0.8513776420099852,-0.029184039459913897,0.6040229765826899,0.30323651897271703,0.01955259636121054
2015-05-01,0.7759056691124245,0.01952850608794285,0.5894552638071405,0.5571222759187859,0.08258305747936971
2015-05-04,0.6859223872268393,0.2174469189589417,0.6364950842155067,0.6259216425716111,0.03788677393783503
2015-05-05,0.6925965798356162,-0.4215202897546495,0.5737508976167337,0.4364978773479135,0.08917280248125292
2015-05-06,0.7693469703042672,-0.2016376242871024,0.593828957432992,0.3327051700081965,0.05970475007863929
2015-05-07,0.7699044116028038,0.23142127661666345,0.5907629361918673,0.34033071586611796,0.025434655613261692
2015-05-08,0.6952141245732867,-0.09346265947588255,0.6520744268553981,0.5556834249712335,0.09490737191343711
2015-05-11,0.7704783071491297,0.11927898886233068,0.531144527745415,0.2994416387030539,0.08227657488042323
2015-05-12,0.7665462159908403,0.0674659415085248,0.542236896298881,0.41332962081797725,0.028866458648820315
2015-05-13,0.712169687714576,-0.19156555175721415,0.5170487776750079,0.4374328042332881,0.06229557562093349
2015-05-14,0.7039622768781483,0.15071927908449573,0.6298449749145285,0.2133365067936559,0.04025301135870157
2015-05-15,0.7182983555442037,-0.1488476299041397,0.6039122408685484,0.299988058867744,0.03254270037375935
2015-05-18,0.723307458237197,-0.09178575895778887,0.5395199067767693,0.30416014472192754,0.08873231379463081
2015-05-19,0.8015806693175276,0.17570285729298873,0.5694677225461429,0.42827691275361474,0.09510377856205465
2015-05-20,0.7672777208100067,-0.18307542400487165,0.521508683503045,0.3055307007965419,0.04195046074697915
2015-05-21,0.7890289063558795,0.12027610967839007,0.5210502957271951,0.42756662741258106,0.045715348168746964
2015-05-22,0.8048769596616099,-0.5107995777724966,0.6108589128626549,0.41739176197725947,0.020991971239066556
2015-05-26,0.6368332701171279,-0.5408852629435444,0.5800111449571197,0.28683449217159507,0.011355178845560178
2015-05-27,0.728581010005431,-0.07775295330010736,0.6061538078542756,0.36511935533430895,0.07972507622705766
2015-05-28,0.7368803247569327,-0.11741219615382203,0.6454809756159507,0.48655986774657295,0.09076785604176824
2015-05-29,0.7898486279753933,0.16904338657004814,0.6254854676938496,0.3352278382548659,0.05977302199563281
2015-06-01,0.7526369445281944,-0.18605031173568712,0.6560429994480459,0.4025467571607076,0.02935940998554212
2015-06-02,0.7392244815443417,0.08233550640045541,0.5782621161088857,0.5754912995139301,0.03243198883785915
2015-06-03,0.7599482375177389,0.15223834842042783,0.6161183696294695,0.35332217104098795,0.05585095760119405
2015-06-04,0.7493348196901779,-0.09367303834148666,0.6486972761253069,0.468729379580486,0.08214332764785542
2015-06-05,0.6473393532841702,-0.19366684119501948,0.5309175811161825,0.4519820669586631,0.022212221100490183
2015-06-08,0.6389452169147817,0.2720054105849065,0.5440953884156525,0.27275968836831865,0.0032786328493183193
2015-06-09,0.8003682030244309,-0.1710591788546656,0.650402019094966,0.3524972882093181,0.0851635403006528
2015-06-10,0.794197319773122,-0.14674107775716738,0.5438283119614498,0.19681554385751443,0.012953172444466587
2015-06-11,0.7021162602945245,-0.06376022755296211,0.5927708129701514,0.26136600065180354,0.09539429927803095
2015-06-12,0.7968719224842974,0.005821518206974278,0.6076311674924043,0.3788234635089317,0.09926925373437
2015-06-15,0.7920588714396042,-0.026158933875001983,0.5217146226746828,0.40958522666111064,0.00814868188421607
2015-06-16,0.7154938324291344,-0.22909345776138612,0.6085021772808962,0.4091894579647608,0.025540978534804172
2015-06-17,0.7005838079654416,-0.12498620460096946,0.651209039022378,0.5382047920118486,0.06749123053024007
2015-06-18,0.6340535038576658,-0.42736361317483196,0.5248740592929062,0.45783873675898096,0.01562269297826462
2015-06-19,0.8649108953819741,-0.0016706391878168123,0.5749933781424326,0.5202501812278892,0.09386413014834682
2015-06-22,0.730063518817345,-0.24130912794234272,0.5906350240364812,0.2844763822443612,0.056610260527460446
2015-06-23,0.8083005193571215,0.238005281328245,0.5415680769901563,0.4404650499936198,0.007490515997862435
2015-06-24,0.7304605201049859,0.21611952816901947,0.529011976853973,0.2874260519227769,0.09675433198004643
2015-06-25,0.7028274063983508,0.26775719825167266,0.5628879450946043,0.38442517676424615,0.021708691200084864
2015-06-26,0.7231173595075406,0.3871708748360502,0.567450956408578,0.3388438897692267,0.021954802073156865
2015-06-29,0.8108534133077855,-0.09752108199478379,0.4567928834519068,0.37428745795023627,0.08180431821689238
2015-06-30,0.8582632323345629,-0.14718022434647102,0.5358415946987382,0.31398153336508794,0.0038510076121480497
2015-07-01,0.7610004674694885,0.0032165737726674937,0.5141611250795977,0.3222012041809653,0.022536486665143397
2015-07-02,0.7380969690262402,-0.09991803072766947,0.5234876362452047,0.34180612737364513,0.008453657657979563
2015-07-06,0.6843567567595261,-0.08731388569504664,0.5496268277229052,0.3815229262116676,0.06037368735494533
2015-07-07,0.6764154920595498,0.2501536463103346,0.5819881570646271,0.44217696073793394,0.014504752046414916
2015-07-08,0.7396285867990336,0.1508846843186188,0.493552115519745,0.39613237832026904,0.09361530069057641
2015-07-09,0.8129119590595068,0.011394843116108189,0.40777602489763837,0.4014972214932739,0.0987462893476429
2015-07-10,0.8325163425542794,-0.5831002296158493,0.6314697889344363,0.39101846781406924,0.07764959387720315
2015-07-13,0.7434008364195749,-0.18660549435831156,0.4782620625650641,0.3698197415129842,0.0032307185061663302
2015-07-14,0.7886149037565355,-0.4152108968845206,0.5739389284099397,0.6220685165999641,0.08782285336214478
2015-07-15,0.7865258625315917,0.03344703488285391,0.4809341190922136,0.39731659429381827,0.020768463104351986
2015-07-16,0.7287922040419328,0.02916565848086702,0.519980712715204,0.4208550107277293,0.024214786577861847
2015-07-17,0.7305336452509722,-0.023486956728952117,0.5644157429923236,0.28998147490730375,0.016235730884630508
2015-07-20,0.7259292851567034,0.031155099795632298,0.4490856286932159,0.46538128295696524,0.0876315695062639
2015-07-21,0.6285860950546389,0.051742160568513385,0.48869411918844086,0.2590880003307747,0.025836815294547955
2015-07-22,0.7887460330342702,-0.011517384346317446,0.49274136795512763,0.5449956412554992,0.043978590764330056
2015-07-23,0.7163572660555957,0.19049006847705166,0.543730797569589,0.4010788240868406,0.020411004760068786
2015-07-24,0.7893130158357553,-0.17719827891705436,0.6454625631727187,0.4699372846092728,0.06229220473697437
2015-07-27,0.7211845568351629,0.012091291799066805,0.5114465494038415,0.5890531264347998,0.08393774184086077
2015-07-28,0.715593035738463,-0.11250796209404255,0.5229653572989243,0.38021893720657635,0.04462744943516383
2015-07-29,0.7443763429111117,0.13281968885138742,0.49293332248912813,0.5892236912188054,0.06316018018587102
2015-07-30,0.701898075918079,0.171149001122349,0.5151017508448641,0.37799208841521365,0.06387499053854093
2015-07-31,0.7187581736164651,0.4574639053210665,0.6137074431504385,0.40174393928365854,0.07080761670846035
2015-08-03,0.7234509263109976,0.06159410526599304,0.6220693851452026,0.3907266763988724,0.005209477853814138
2015-08-04,0.7567409675768999,0.1647233893584693,0.5369224131837695,0.4208018757707521,0.08785413803441719
2015-08-05,0.7107648013374933,-0.2748819180109366,0.564242143305397,0.4761264822708538,0.07301452227960052
2015-08-06,0.6976590584192668,0.01681536468389463,0.5264141127952965,0.3714174214011707,0.02555604386780629
2015-08-07,0.7730251984388721,-0.4430770992518066,0.5168495263842025,0.28884655323762093,0.021422850951329977
2015-08-10,0.7070263502004384,0.02550829483941999,0.5218863303951612,0.25981997086425007,0.08786276282367037
2015-08-11,0.7914285614350054,0.02086800105321902,0.4944926345308243,0.48430266628680735,0.09773579506880392
2015-08-12,0.7956163856398333,-0.11778639548659336,0.4167180960252883,0.32517501306118274,0.01756187935638227
2015-08-13,0.7115192495415792,0.5271501593566569,0.4604729244216247,0.398247968536405,0.007051204002290779
2015-08-14,0.7274242986605524,0.377667050694002,0.42453832332058283,0.4277662306868016,0.06689325921310489
2015-08-17,0.7373299461310544,-0.1611808914272846,0.6341527585173032,0.5086629394796554,0.08209620474765233
2015-08-18,0.7152201509193072,-0.07529968081980035,0.5277699546204129,0.2858564059083123,0.0471877032934009
2015-08-19,0.6059798857188292,-0.14696184094469736,0.4551680022706969,0.31931937814016914,0.0732906815917858
2015-08-20,0.649021614148551,-0.08185659434503223,0.5869134118323998,0.4939245422942802,0.06301146833075076
2015-08-21,0.7066212487299239,-0.08973966908767725,0.5870412637028892,0.27035510724630396,0.0837341226072803
2015-08-24,0.8037657137515539,-0.2774885020372456,0.48965153024553487,0.5203111110718357,0.09223852253286281
2015-08-25,0.8450381033262911,0.19583935198977967,0.5180717706674639,0.33438370446642274,0.08810414241669935
2015-08-26,0.7371325633529711,0.06565090759149378,0.5250399789318493,0.44430303353419776,0.060973968132802994
2015-08-27,0.8476934257956747,-0.06278357560991053,0.49106488261760917,0.2112411552197548,0.0796437609276176
2015-08-28,0.7420999432678901,-0.24147714145178967,0.4708051514529659,0.5751138345213929,0.024972741207632446
2015-08-31,0.8472344030144605,0.017642991710108885,0.49138632805433824,0.48081678083121754,0.015507252683362505
2015-09-01,0.698130872867575,0.05611188807697788,0.5380129741280972,0.32662774322150867,0.048438496638789956
2015-09-02,0.7550047513967223,-0.0011903878813300049,0.5137024632210685,0.49463546476628373,0.0851032913447299
2015-09-03,0.7817080628934887,-0.1314879875293132,0.5463484961446097,0.23996727617639482,0.0254533838148038
2015-09-04,0.7061390222120925,-0.013468053194955799,0.4776599900207615,0.4747960310229903,0.0753511407806669
2015-09-08,0.7444783493022189,0.21045076268388088,0.5473051327823906,0.4225692540624028,0.03741079416382061
2015-09-09,0.757716259132564,-0.019947996288838737,0.5163317242653975,0.586784345599398,0.04865185529148508
2015-09-10,0.8171872002825216,-0.030703399258760197,0.46286757375650234,0.48591138130035727,0.05389297984681948
2015-09-11,0.78457117647102,0.16614224073829917,0.5022683598006641,0.4066531593599075,0.002353854213765161
2015-09-14,0.7778485559336232,0.06480463062819274,0.5617368515996964,0.3859714666470721,0.09333234965945757
2015-09-15,0.8292212331913171,0.16474953541276594,0.5507746540305579,0.41412226541910163,0.057329702700757025
2015-09-16,0.8113287278294666,0.07310527260845692,0.5137337470884693,0.5568626757088272,0.007336463721707831
2015-09-17,0.8331347738345494,-0.053772154178054844,0.4066910817852577,0.5616598014986459,0.0459510614182354
2015-09-18,0.7715519196686418,0.04812565585562998,0.59839775900702,0.37194023288287387,0.0018414113781302088
2015-09-21,0.762529255256074,-0.1642530228255743,0.4919054051099562,0.4722587550441447,0.09956699767968974
2015-09-22,0.6765977049991525,0.021350063500047013,0.5341921971448634,0.46811138498854615,0.08126356810891866
2015-09-23,0.6874816556716095,-0.04714197872887684,0.5309784312575982,0.21775106079560907,0.024681739342458143
2015-09-24,0.772575518445718,0.08723562715766504,0.4822850125112635,0.21913426259835303,0.08348614809127497
2015-09-25,0.8486509998459421,0.015219727945906751,0.5530240418729049,0.5104833684618749,0.08510554305391793
2015-09-28,0.7623780835370411,0.10658892194691197,0.589404507640872,0.5161367610190791,0.06043341010736043
2015-09-29,0.8287212716468131,0.2623964652082335,0.45803724391257317,0.4476471821036959,0.05359445112449112
2015-09-30,0.7595663165935103,0.36597150164663805,0.3946290343007172,0.29263106564986446,0.07628733915750166
2015-10-01,0.7184756134644348,0.0754435920554253,0.47702886936242167,0.3945448882037791,0.03461369900495679
2015-10-02,0.7566202914431972,0.02470035061499165,0.5605836537598005,0.49144617230573284,0.04843071533989776
2015-10-05,0.7682678842089024,-0.24987283518618414,0.48907987052216634,0.4117410311611346,0.006649559687553042
2015-10-06,0.6896675620029175,-0.16930612349635776,0.43202124185158464,0.5283791265015274,0.010625979423275457
2015-10-07,0.782617630232613,-0.3428603352525164,0.45322343095429496,0.4394954168947208,0.08749188508433897
2015-10-08,0.7520791756857615,-0.04810938277351364,0.44625817253164246,0.3226586496903342,0.08833093280538931
2015-10-09,0.6934349593364703,-0.2903879272942137,0.44174740040333044,0.5258050313327868,0.018261936651547295
2015-10-12,0.6546141143136369,0.04089826189550762,0.4850418930306184,0.6955676792331438,0.0894104725076548
2015-10-13,0.7605234271538414,-0.1450281646684575,0.48422727676199784,0.5572223369045356,0.06547832071749893
2015-10-14,0.7387598442923581,-0.3077409715643712,0.3581773914090155,0.5990422481523735,0.023175075948847948
2015-10-15,0.8061259352344136,0.16536999167361777,0.47674889168057427,0.41282466875032986,0.004507543890844556
2015-10-16,0.6685190351538475,-0.08458467583297215,0.47945621468663857,0.572196948945639,0.0692808065633189
2015-10-19,0.7226659647018653,0.022798868645752517,0.34639166400171106,0.37586529922034895,0.06702500720794408
2015-10-20,0.7287355322955499,0.042331582630398705,0.46357252897735945,0.5439933757945392,0.0412760765873853
2015-10-21,0.835922661298436,-0.029250586663472102,0.5211976561424919,0.4219982978814585,0.06108391777513477
2015-10-22,0.7971596759427857,0.03762099232404076,0.46689974615467056,0.4335294559625021,0.029508328110800033
2015-10-23,0.6881419338063802,0.0815788386094341,0.439665112552283,0.3555264508158297,0.07385908416238157
2015-10-26,0.7080925695540166,0.0269056770619811,0.4986392577754631,0.617405715931201,0.07100803885246539
2015-10-27,0.7211137230381242,-0.05019536556160995,0.539034600848045,0.37091186273116034,0.05139867333426246
2015-10-28,0.7229294831684654,0.055107621399152706,0.446965841764562,0.3579201903853134,0.062199147208910316
2015-10-29,0.7361766968369579,0.06827388009942388,0.4465937584874666,0.4973175416274104,0.0702069396784025
2015-10-30,0.7474549245166265,-0.22249140194661754,0.5299049638550952,0.45950822974679717,0.002360151810018396
2015-11-02,0.7534630848884761,0.16741045307722446,0.47224126841660674,0.40027694891758553,0.04850399122330652
2015-11-03,0.7932104488043977,-0.10368605351350423,0.5212567579640488,0.42630305808093294,0.0002812637518058936
2015-11-04,0.809778837577807,-0.03428133613135087,0.5210882405262841,0.4471561403796118,0.014697199572443554
2015-11-05,0.697332506875749,0.09516916350261598,0.5069413291473017,0.28630381482687917,0.006898052077496531
2015-11-06,0.7995630321302247,0.18777086487854056,0.5356494361268149,0.20998966440747377,0.07221831313925185
2015-11-09,0.6813409080360722,0.3284765521984352,0.4546446838245629,0.3587401908589204,0.0031617354632646477
2015-11-10,0.8024126381506465,0.07405515438823145,0.5780180229667075,0.4406514594010714,0.07833799298328158
2015-11-11,0.796171634124049,-0.09598688244166932,0.4710174779856196,0.3562428303491468,0.05144756132791302
2015-11-12,0.7484016691843381,0.023188920246970095,0.5706737971618017,0.24873894439419209,0.04429045261361175
2015-11-13,0.7457876730737711,-0.3062035737466114,0.5307001628469878,0.3728317316061776,0.07542687533956842
2015-11-16,0.7785918353619278,0.06671204926924322,0.5050201386302128,0.4088518457190096,0.06217780804393626
2015-11-17,0.7645151617832966,-0.08361414104843098,0.45956148285764575,0.31359399870360805,0.03073177660878015
2015-11-18,0.7035503034603192,-0.11884597034234418,0.5861141639669859,0.35903934245449737,0.04810186159827774
2015-11-19,0.8021028441905647,0.15069732115599166,0.4980161945755443,0.5171513493808235,0.0685354559579879
2015-11-20,0.8168727474147404,-0.17474548562090925,0.4816539020114422,0.2665581764896827,0.05965345596208722
2015-11-23,0.8595038534975378,0.08448194778263068,0.5033749044052113,0.6482409450456819,0.05811235557051822
2015-11-24,0.7485642789903173,0.29343509646914523,0.4785990016842251,0.36738147251031233,0.04997963364450132
2015-11-25,0.7434842528544013,-0.022829507137823047,0.5233003204600754,0.5328277410403341,0.07269518768166035
2015-11-27,0.7310625008610433,-0.10795227666521977,0.5340526272930771,0.33773220715563707,0.0940124527650554
2015-11-30,0.7073915087914346,0.013020970857156634,0.47465920084963814,0.3902887017999268,0.08150168831963095
2015-12-01,0.8123061464000457,0.26570831462958755,0.4195837698311833,0.3082934858650691,0.035134033990907955
2015-12-02,0.7154546832645344,0.07679915520633485,0.5226557346462216,0.4104905499324812,0.043989456941031846
2015-12-03,0.8715228000292843,-0.1242641216748061,0.5433191457686282,0.6931572555455934,0.023358913344091015
2015-12-04,0.7179268896996494,0.20249028999011945,0.571014317204745,0.371160645253697,0.027120650579155872
2015-12-07,0.7574600661963656,-0.1715622662185885,0.46163117693957056,0.4225966985301202,0.029298018483191746
2015-12-08,0.7024759779999309,0.022048575799710285,0.57712373351537,0.37993162399561775,0.0841403721668355
2015-12-09,0.7771193502886681,0.012742188870915334,0.5554743970503933,0.3803344463232994,0.08570205059455907
2015-12-10,0.7247574821358684,-0.08004409172768308,0.5183825828307018,0.5110445885248439,0.05739566116361905
2015-12-11,0.7116055444109571,0.10584797260886583,0.5464926051952975,0.4520633711259444,0.0403094649286482
2015-12-14,0.665579562780579,0.2822912340961174,0.5077899685980792,0.41508222707136855,0.04287669202794005
2015-12-15,0.6643724743336684,0.14949516468549207,0.6336762678849114,0.25042978887819334,0.07284989247432158
2015-12-16,0.7513497031046116,-0.1895828554189659,0.6349140142658742,0.6073353420932088,0.012910455201934257
2015-12-17,0.624915514813831,0.16696120085155852,0.5680855631146009,0.4391896423026255,0.023908774200979113
2015-12-18,0.7228907852057272,-0.10812611899399174,0.518731631984207,0.30711101505833005,0.09491224621999791
2015-12-21,0.7009049841485422,-0.05547840077091305,0.5660650309394822,0.4286019717588665,0.05110963226950088
2015-12-22,0.7762425452484196,0.08250077303067206,0.6540682561601696,0.520675103518742,0.03781720585493788
2015-12-23,0.7748797292649097,-0.2175906359975783,0.5011667894444681,0.47301637205107255,0.07077845255763507
2015-12-24,0.6272503699262366,0.12031848532714749,0.45938728402041085,0.5298528985246346,0.08074306393316849
2015-12-28,0.7205229626191689,-0.49465877059113866,0.575204416763999,0.3836594572370407,0.025168651770456442
2015-12-29,0.6847706055511114,0.04102304804319749,0.6025995956009659,0.505785996631226,0.07308148156440303
2015-12-30,0.7919274743431514,-0.19658575711710638,0.49343479227803,0.4915372722746611,0.04547014262604691
2015-12-31,0.7643587065272707,-0.4845568342169056,0.44775775107718674,0.21692684145769542,0.036115207962431596
2016-01-04,0.7181033219288142,-0.17426786641972342,0.5276365852937646,0.27260966472733944,0.03852764424015642
2016-01-05,0.7604858803686952,0.15714761878761074,0.5065663061548158,0.1767522671414241,0.0943338262776639
2016-01-06,0.7849490072477288,0.1364477914738013,0.4981703565869742,0.3904201978327443,0.07954953204571891
2016-01-07,0.7328718281959671,0.15476074107327226,0.5619254237110123,0.3614788498943997,0.027458420959593
2016-01-08,0.7102934039214195,0.37276869717005184,0.5499019716825206,0.5361457476183407,0.053494197145238315
2016-01-11,0.696267088746616,0.021014361099487622,0.5864660072958048,0.3840559938408593,0.016204456125726806
2016-01-12,0.7329065252969719,0.09915985222280622,0.6581910476521753,0.2573018848998123,0.08325905870570048
2016-01-13,0.7729792725600213,0.11070541092115137,0.6719896308590922,0.3191989817247123,0.005683701546650244
2016-01-14,0.6743591017737518,0.15971399050007873,0.5738931703659421,0.6131866942146107,0.08788174405707885
2016-01-15,0.7060057262146711,-0.042455712626516214,0.5970987095485532,0.3636331227588629,0.020036871985700422
2016-01-19,0.7340510501342025,0.06198030569949892,0.5129740057483568,0.447703341796307,0.04826713535626337
2016-01-20,0.7109329736908613,-0.32048835209552373,0.565027680253915,0.2543469464004774,0.06665840093646912
2016-01-21,0.8084789255330269,-0.0029194988959516835,0.5529125603632933,0.22652941443340313,0.0645319199337285
2016-01-22,0.7970760863079058,0.2949319713053448,0.5484697217834248,0.37834167530298835,0.01135381686280984
2016-01-25,0.7710722520412707,0.22088053364778526,0.5752359533110583,0.502250353099664,0.04385101136716986
2016-01-26,0.7486369759205795,0.1651426900778096,0.6002475941678402,0.2844549996392617,0.04435871205882644
2016-01-27,0.7580512158897111,0.13713668061632334,0.5856385132518475,0.4191576669240478,0.08493061846196408
2016-01-28,0.7930983976540408,-0.03102081929091008,0.5748157550135854,0.3142892805924984,0.01662460248372616
2016-01-29,0.7395673852963,0.4726857899581327,0.5398029631457331,0.4115741544310726,0.08460499433442843
2016-02-01,0.6904541516988713,0.1311221679168896,0.5876986642625108,0.4439217047829077,0.009980387899017208
2016-02-02,0.7714489781206586,0.1222089880342026,0.5651064083305245,0.4698546182916379,0.02245058777274016
2016-02-03,0.7799666801671478,-0.10811934368240204,0.626627927512881,0.3813734191689496,0.05632033792857283
2016-02-04,0.8183664606986232,-0.38040272779822626,0.5356034551510963,0.378691292113961,0.07401392590676385
2016-02-05,0.7830823031478886,0.33315100607610404,0.5345231684615761,0.251395103869872,0.0019625430253757624
2016-02-08,0.7758154395784753,0.4253432299446009,0.615214246161504,0.37552120510005904,0.0572237861948186
2016-02-09,0.7422228585411311,-0.2974124118918627,0.5858484498712815,0.3723954175984926,0.0359814784455465
2016-02-10,0.8041258859582263,-0.22777718309747752,0.5633682854740215,0.66102180180843,0.06593098948236978
2016-02-11,0.7403459500808989,-0.34247564118326435,0.4908452855880348,0.39268564397430716,0.010966926144089707
2016-02-12,0.6557611476648448,0.23277068789893185,0.5582141579630585,0.36499180957156196,0.012595934342256566
2016-02-16,0.7978007216029327,0.0205916317025623,0.6077360980984389,0.49236829073544525,0.0911042321466567
2016-02-17,0.7069229471075317,-0.050316277192749406,0.5489151110349804,0.6055269291833163,0.004318762896240636
2016-02-18,0.6045558597615681,-0.2723717050715843,0.5288981524795301,0.5692030371427768,0.006016525723860833
2016-02-19,0.736062681915146,0.10682223985271805,0.5736759427286723,0.39293808847160905,0.09335589492419866
2016-02-22,0.7608622172555296,0.21223415035131007,0.5598093187023594,0.4991488672983852,0.09056713415563332
2016-02-23,0.7259422266477571,-0.4652153364748907,0.6002259794164142,0.27635822103130514,0.0181097078195513
2016-02-24,0.7398413745297231,0.1535175990993303,0.6078448063385017,0.38064572025090726,0.07452776758257006
2016-02-25,0.7252107433298698,-0.3441678266468453,0.6239167657278766,0.32798193154166566,0.08428759645508521
2016-02-26,0.7076424928255809,0.18884352962114825,0.5988489660701866,0.46485762194843755,0.014697746680231605
2016-02-29,0.7089727102890477,0.34188139246975024,0.585186573196223,0.34223350571622224,0.001080540298217414
2016-03-01,0.786919133578122,-0.1386945368426443,0.6068709621079897,0.30991279871784566,0.03590867076385595
2016-03-02,0.7608677118991786,-0.06093370602632051,0.6591604293792883,0.34125117645996894,0.07419662262057135
2016-03-03,0.7475941194434088,-0.11565096346718491,0.6580189648246626,0.3764367651863432,0.038437759888200064
2016-03-04,0.7366693129315319,0.010436937877842297,0.6497607874916889,0.32909130671956377,0.08579149540545332
2016-03-07,0.7419337594659873,0.2099785388268591,0.4221302508764104,0.4994515869881668,0.08554745490059286
2016-03-08,0.6092876518355234,0.05479093528018998,0.5742859659535656,0.5593730434367201,0.01593429023924633
2016-03-09,0.7324195031410067,0.11611920458183454,0.6464694588756431,0.46614246174247725,0.09860818264470024
2016-03-10,0.7054360543830616,0.04206667440060416,0.5306997034333498,0.39351541083229863,0.035267930640074
2016-03-11,0.7646818381307363,-0.10046486701274038,0.5973136762904666,0.28404212534973794,0.0589898779478869
2016-03-14,0.770773855766688,-0.15684385328650516,0.5751463911543503,0.39406275005739566,0.08032397189767086
2016-03-15,0.7735564259579594,-0.38484913201513304,0.6317728065654894,0.5784663269500038,0.09813614208953886
2016-03-16,0.7661095107176998,0.17646204543775892,0.5947338871089605,0.41950313349810125,0.05244584865516891
2016-03-17,0.7925341594906262,0.25360415967554467,0.6692264416738879,0.3893707721627242,0.042966419434852056
2016-03-18,0.684213033117933,0.11243989936899051,0.5210692997333902,0.22221447763250882,0.06038258423837709
2016-03-21,0.789731015168349,-0.13332595257037685,0.5592010198025076,0.38252042870303316,0.07874361266202869
2016-03-22,0.7321910430480448,-0.07636763390119092,0.5340945602917962,0.3717437564739338,0.06342424873130964
2016-03-23,0.8265176042835224,0.07885446501299939,0.5376844267182268,0.21026165587456477,0.034733917045450924
2016-03-24,0.7567208740604989,-0.05240077212322625,0.6770342043465133,0.2834618389949739,0.045552806321864384
2016-03-28,0.7095704824138924,-0.09007916451320733,0.6321664792245796,0.44162420957317905,0.07482999758315888
2016-03-29,0.7346988036463261,0.27933467406779994,0.552749512655197,0.4485535182811026,0.07094765419132285
2016-03-30,0.72907800607126,0.33797791361347873,0.6187787935298091,0.6478448958320213,0.05471744954855243
2016-03-31,0.6487689552226328,-0.38534049458863634,0.6242030520636649,0.3042917037501639,0.0007283719845764925
2016-04-01,0.8387092524813899,-0.437977585803091,0.5959595655718027,0.27764953183049706,0.012136290166335106
2016-04-04,0.6411192434142914,-0.13825945232829398,0.606443767921354,0.23435984812518254,0.0573792931596444
2016-04-05,0.7947672131488859,0.2957529182870088,0.5549382266265517,0.1990623987836683,0.01281964674691486
2016-04-06,0.7336111162019576,0.07239378511361604,0.6440630821043687,0.4124696422585748,0.03139171536053612
2016-04-07,0.6878010863780102,0.0050796099135976235,0.511804635242728,0.48334693191982175,0.05799112082280056
2016-04-08,0.8311377086635545,0.13168256989425123,0.5622862724941109,0.350091077918434,0.03390947336567162
2016-04-11,0.639308704492423,-0.03006300014242861,0.5764573987587625,0.5078739090608488,0.034834776543799066
2016-04-12,0.7303497705918773,0.18867396155735627,0.5027667016595877,0.4989163783032423,0.07381834896177673
2016-04-13,0.734195033052022,-0.10968566668147553,0.666447265967606,0.43895380232503467,0.00843755220587894
2016-04-14,0.7994390716670556,0.14403979823554164,0.48999337760487555,0.3510623516384328,0.03320615389988716
2016-04-15,0.7312635414171825,0.1388184127952828,0.5495858335205207,0.4603882362095607,0.0604408353180563
2016-04-18,0.7286764711167141,-0.03379797068826835,0.5420087791991045,0.5275516298071597,0.04568617923170605
2016-04-19,0.6655942912929874,0.11938248303006115,0.5379638636517369,0.5324403220173235,0.05702677489942515
2016-04-20,0.7289943989509964,-0.003125459044599852,0.5022264138387906,0.29900308392033087,0.057985919230556564
2016-04-21,0.7775120018486535,-0.19140085466374562,0.6420281648194365,0.5447928412902043,0.08555226077486983
2016-04-22,0.7528952284977122,0.08084059074146305,0.6295776541585001,0.5094864010949256,0.0497999573155706
2016-04-25,0.7439101091051532,0.12032087695640536,0.6018290069391036,0.6209161264173594,0.010424911145440408
2016-04-26,0.7547654223579948,-0.11918066488836909,0.6334074467991464,0.36610152509961863,0.02010235745284258
2016-04-27,0.6825101738767123,-0.1678984253627983,0.547367836812865,0.4558582563075816,0.03746724087633846
2016-04-28,0.7793729983049918,-0.020062396536214545,0.5739266320339976,0.29493780144236353,0.015907130457386145
2016-04-29,0.6709673131806656,-0.027922884225512385,0.59126032800623,0.43501174129107445,0.015962339257091517
2016-05-02,0.7509291625721405,0.1461424357771472,0.583880899324609,0.34937892206903887,0.030865767732417483
2016-05-03,0.8243211269736689,-0.18421047114884054,0.5970629545173264,0.5064400608897797,0.00671202617662724
2016-05-04,0.7753661690553437,0.06871859716302947,0.6226145826071113,0.567768759543434,0.07622052802747045
2016-05-05,0.764155135873465,-0.007254647245959839,0.616939454667269,0.41877614552904774,0.07090944651009452
2016-05-06,0.7852926886747326,-0.073027849016853,0.5754926390151038,0.24140041683587732,0.0010238604106088901
2016-05-09,0.8041884105785134,-0.3275996973224333,0.7487553291885968,0.31770998093131114,0.037455394486854234
2016-05-10,0.7787671347802569,-0.04434976746204591,0.5695688887442097,0.5202635487560228,0.07894472690523857
2016-05-11,0.7605414704726694,0.09190659631964976,0.5012892694919455,0.18339072170039153,0.09594133323501841
2016-05-12,0.7794079164197187,0.1729077246443213,0.5878238055973591,0.46725076367480334,0.07625490459244243
2016-05-13,0.7637076414441017,-0.2203865380742952,0.5800728755048826,0.4094939378728342,0.0183297987552026
2016-05-16,0.7755132007334506,-0.21640203796923388,0.5550412192853381,0.5116981698093527,0.04203514527747681
2016-05-17,0.7492453521471966,-0.09545006753042334,0.5713805751486256,0.4002997718155674,0.047103005092020894
2016-05-18,0.725178311848843,0.0910520016601884,0.517128175428883,0.3372510139525791,0.0025348618518839963
2016-05-19,0.8238868711047004,0.3258212042294501,0.5586104265116496,0.4471171720713728,0.06993528610212771
2016-05-20,0.7511012264309974,0.04213631635932827,0.5880818633785555,0.374288674351999,0.05393249684858094
2016-05-23,0.809672817927442,0.11071225790755211,0.6377362791936259,0.4302885455470995,0.08316466270466852
2016-05-24,0.7936641800320788,0.4516923129891297,0.6106185988192839,0.44443907056643966,0.054262035259213574
2016-05-25,0.768786782043114,0.1282284082308708,0.6108047175296301,0.4462114193308075,0.06643768062620892
2016-05-26,0.8206402194486084,0.18791672476293947,0.5898761028594969,0.5083896736952764,0.08698201305952376
2016-05-27,0.7328654557694858,0.47610316535303876,0.5841242124814366,0.31885781989791834,0.04408295276388097
2016-05-31,0.7061651034513252,0.28843916709676043,0.645497036362598,0.31648030593530874,0.023658673163001534
2016-06-01,0.7665714968408036,-0.2874398663347086,0.5583558280908048,0.36310496468923087,0.0690788208204449
2016-06-02,0.8005878850188726,0.07572133491626334,0.5522197113469319,0.3035227002935683,0.029769176359729935
2016-06-03,0.861993327519856,-0.07386796282834159,0.6192823184350509,0.48337740334158613,0.07459588512796908
2016-06-06,0.8137359170775258,-0.06463856709135116,0.6307478295774555,0.36258893730266717,0.0056922273119918935
2016-06-07,0.6912087596125938,-0.03766553436694081,0.5857660781238371,0.42422670186467165,0.0003974377323228695
2016-06-08,0.7860990388436134,0.12300700127839688,0.512931432487638,0.42014250435659745,0.03242362728118147
2016-06-09,0.7273507505730923,-0.2075607133260835,0.6074797113192845,0.4309441789341174,0.007625980317373493
2016-06-10,0.7825534086015303,0.20244083967896312,0.5529252439229201,0.38724501947229256,0.09551887474312959
2016-06-13,0.7577656426333056,0.0956012219726142,0.5314207032324856,0.2559462883046524,0.009840760432174946
2016-06-14,0.8152297623814881,-0.2883809503196257,0.4942087823568336,0.3779268837028428,0.05059408421475921
2016-06-15,0.700909833348127,0.14031083555534102,0.6179341272486075,0.47996112198703456,0.020598881958697704
2016-06-16,0.778455600965696,-0.11410237137090702,0.5619315842884707,0.3533917443114504,0.09693010341586256
2016-06-17,0.7594682575006011,-0.13566481343367384,0.621136552978103,0.3028170773285656,0.00019406982478213932
2016-06-20,0.8600134496936072,-0.023243077007601056,0.5021586003631135,0.3915780356071916,0.012848110340193675
2016-06-21,0.7595765531507812,0.035290558061584036,0.5732234575816195,0.18834266074946715,0.09436303200967473
2016-06-22,0.7739313494415931,-0.2928566972353538,0.46571324128446173,0.3230482801026399,0.0009891066417095586
2016-06-23,0.831133066796605,0.17796740422816906,0.5122523463468683,0.34796312273454144,0.05159922658125818
2016-06-24,0.7660496253519767,0.3200722365267055,0.5418123137933262,0.4621016558790226,0.02879460373350723
2016-06-27,0.7124144738894688,-0.07185237846533102,0.5895582798591753,0.44285561307510546,0.052077944081632514
2016-06-28,0.7950215170544848,0.03774819754766538,0.5820182785358133,0.40960912524902016,0.07158265722359994
2016-06-29,0.7776745514698763,0.06839781159297045,0.5549285796938297,0.3022697829229378,0.0020222382175559494
2016-06-30,0.7687128391204296,-0.2172004565538578,0.5348542974077706,0.2774406047818959,0.015446984064753966
2016-07-01,0.7522994965522798,-0.008785868342686826,0.5670169347029388,0.36197620014459303,0.0918563613804329
2016-07-05,0.8217146403777782,-0.42407710548681465,0.5612450873816056,0.4626601850662591,0.009012982479820698
2016-07-06,0.6995416499242862,-0.03745682512081898,0.45446495974978346,0.39986547345722845,0.010880111203230826
2016-07-07,0.801902697280369,-0.22529014063505462,0.5616549016836088,0.38751916143639753,0.02747559401945493
2016-07-08,0.7728822379617998,0.015178790192493286,0.6028912488574674,0.5162734156082947,0.026663760322271537
2016-07-11,0.732950229328068,-0.17552253796962153,0.525031285974752,0.4959100030311137,0.04097663301544239
2016-07-12,0.8474782748999082,0.29010875574069794,0.6018901404996089,0.42587425445571464,0.07132854885284563
2016-07-13,0.7478760080809762,-0.14328297931667075,0.5444987884394482,0.5258913847117974,0.008034128059822199
2016-07-14,0.752414241297918,0.08771741265764789,0.4756516842960654,0.30994766195314893,0.06432887338849436
2016-07-15,0.7613926202117458,0.2920935168474063,0.4943278837747329,0.4006491952070668,0.09590965610241718
2016-07-18,0.771604264416592,0.20326642036206863,0.5520876601953812,0.17982635346197956,0.029560997293827797
2016-07-19,0.7174359235167803,0.13741594387965922,0.47788391355425197,0.4325551192591101,0.01499275297782028
2016-07-20,0.7593179994135779,0.13743037373817144,0.49921153711690625,0.3679706737417969,0.07227646096797515
2016-07-21,0.7687483138963996,-0.1215465530472448,0.5588368720745243,0.34662310766536725,0.07384666789605947
2016-07-22,0.7210644518084139,-0.15801635395329547,0.5300029012017465,0.23721344217135173,0.015185925250127897
2016-07-25,0.6780664177690269,0.0025950053164480445,0.49336789409773724,0.3937635336137867,0.07364417857068377
2016-07-26,0.7823908199550226,-0.008790581043028909,0.5296091253658721,0.3944862189294707,0.05125855674630589
2016-07-27,0.6498736899305741,-0.26751664376509304,0.5490230180496685,0.26966047586216646,0.08926705269600933
2016-07-28,0.7915215277991297,-0.1162862822597681,0.4644660400483428,0.5080601558933807,0.08989921008744046
2016-07-29,0.783178226791043,-0.10669812120258926,0.5065448197814031,0.46649941758317504,0.09876366216519677
2016-08-01,0.845770198536995,-0.13973560195780194,0.5282908362024195,0.3273214188834939,0.004320700842204028
2016-08-02,0.7809817337119107,0.048464679475518684,0.4970998611735954,0.5627494458167583,0.03632251880878912
2016-08-03,0.7030234717855237,0.16102869227309133,0.5466825403238906,0.4285275126873577,0.01405933879281831
2016-08-04,0.7802197646329883,-0.012681895638849406,0.5604519159517621,0.34745300881757935,0.0452543439464578
2016-08-05,0.6611985465934107,0.1606766853492036,0.4725056303858277,0.2655820092038691,0.04800684155031796
2016-08-08,0.7934125238525811,-0.005072962030247395,0.45791351353483695,0.49104649412111656,0.08663288204328479
2016-08-09,0.7518778055359067,-0.035007130233012926,0.5037765103298498,0.3731710495706788,0.09149844139095503
2016-08-10,0.7759942567048098,-0.0700068011198969,0.5002326139072858,0.2914160615407738,0.07041842364782101
2016-08-11,0.8238668626825965,0.12068280664353946,0.41842146031384575,0.4049727241555104,0.07003993308479144
2016-08-12,0.7044010574025188,-0.31701902582620267,0.46437118759509144,0.3815312371443956,0.06419815968673329
2016-08-15,0.7100683661826436,0.05218614795560614,0.5354102830397588,0.4355155990938778,0.04935698425142391
2016-08-16,0.7580631578734465,0.2984726960049477,0.438325424112668,0.4695527569796373,0.003655427988911131
2016-08-17,0.773801399753455,0.2087507986588103,0.47272451184740927,0.31055960120123677,0.0028081954328196494
2016-08-18,0.7762336625546274,-0.011997089679522725,0.5625226751888327,0.4052938787917834,0.0749863166539622
2016-08-19,0.7707248438334384,-0.03687144032234714,0.515679711831938,0.3652953997727861,0.08511899746063173
2016-08-22,0.8081474692353833,0.09969797894219207,0.37602484516115064,0.4204602308100959,0.03159884990764197
2016-08-23,0.7349980478482793,-0.268951879628184,0.48376611833213473,0.41641294470038176,0.0509918511414158
2016-08-24,0.6926836815245473,0.0016011485445911176,0.5628152084536652,0.6296238919792096,0.03717449995117496
2016-08-25,0.6924711182040848,-0.10286337283609846,0.536904760526229,0.4225034112653525,0.05541309948960752
2016-08-26,0.7494900800365674,0.35392084361819587,0.44662331206006467,0.519795168915986,0.04732659027250448
2016-08-29,0.731120111494234,0.06460320830952303,0.4665115979676938,0.5585576365709772,0.09821606551373283
2016-08-30,0.7157112824817307,-0.38401270617351674,0.5227768446364629,0.3255876450138272,0.008805730168961245
2016-08-31,0.720077459040195,-0.016503688250123227,0.4080624861474253,0.5236824334831899,0.03687081465997442
2016-09-01,0.7818568486264083,-0.037909749816512496,0.4763340812845616,0.3437120507493786,0.06825164051003794
2016-09-02,0.7148410985008271,-0.13534361725002364,0.4953009967340575,0.39288879958700323,0.05864641535618606
2016-09-06,0.6845881798949478,0.10217401285551425,0.500939306418929,0.34997390358270425,0.09754352041164299
2016-09-07,0.7378573045071625,0.39405252800788565,0.5602910988707908,0.25839630604200603,0.033492408847232126
2016-09-08,0.7964688648391663,0.31083968145643154,0.5398622000721245,0.20436777131716974,0.03852566714294136
2016-09-09,0.827011040944405,-0.16798339756426797,0.4310068752678203,0.28052372316273494,0.06453157168888171
2016-09-12,0.7113258116671003,0.21364982011905603,0.450889170090431,0.3443000738265447,0.04006492052791345
2016-09-13,0.7558675062961827,-0.004387074543477223,0.4806868063254039,0.284919683786251,0.09890142199501986
2016-09-14,0.8548449801545884,0.2774065440470874,0.5523908939882314,0.5001001613886955,0.02087789263259328
2016-09-15,0.7761719701365751,-0.29524224016147793,0.5090939803980842,0.4170150780050763,0.021288352037754088
2016-09-16,0.772967341691673,0.015675610897940007,0.5560771837956018,0.5575434359731222,0.0901847026568453
2016-09-19,0.7920955234123301,0.5063796099405138,0.506061067352299,0.592586097852481,0.004380108179724929
2016-09-20,0.7988824453407507,-0.24096645452621257,0.5195339733929126,0.49736999218226785,0.009783705823811896
2016-09-21,0.7139682791683877,0.23678955461807197,0.5985414326847186,0.42226358814995774,0.018729580592788987
2016-09-22,0.7902141904145098,0.09099945345029786,0.42795159084423556,0.647745787880681,0.011408104233673423
2016-09-23,0.829463639270188,0.32428650158656525,0.4777993605856823,0.47107383359823085,0.08382147925568724
2016-09-26,0.7403187414710813,-0.0703842089692472,0.5134054940182297,0.5163059956278526,0.08628336528271847
2016-09-27,0.7980073486875601,-0.15159568896419887,0.5516809822468834,0.5741680418444226,0.05525437152303955
2016-09-28,0.7492934820999537,0.23141414633154078,0.5308959167246177,0.26229377665621195,0.052045048909614415
2016-09-29,0.7660983273142556,-0.47699854848437306,0.501621085538731,0.5301113117034238,0.048116478246481124
2016-09-30,0.7212401922662058,0.18924872060596087,0.5124755946221774,0.4674201344141037,0.03641818466646558
2016-10-03,0.7792614388864283,0.14983210667453015,0.4363561123955714,0.3557236735079538,0.031043867453774812
2016-10-04,0.7807901514394714,-0.40920488050401993,0.48211996870948104,0.37193161554389864,0.0651386017050007
2016-10-05,0.7796006078973988,-0.41300867015517134,0.4519647973306912,0.4498420060119212,0.029473557461448387
2016-10-06,0.806868099755938,0.14303161341105228,0.49428220496775244,0.13530634771262562,0.0970748723550007
2016-10-07,0.735471208351384,0.11450643278722539,0.4577858128641069,0.2871705840898715,0.02676139182675166
2016-10-10,0.8028860639271882,-0.14075923894128647,0.35764748981095273,0.5444908342176836,0.08287431161485026
2016-10-11,0.9135189302990754,0.05815918965172589,0.5734672517927111,0.22647778399200302,0.0769134184865129
2016-10-12,0.7609455984116047,-0.39718285636632217,0.4725280931356025,0.39616274623455694,0.09569211924374095
2016-10-13,0.6907343833396615,0.11341078492984423,0.5021685816659966,0.5718031963209913,0.043738867200541855
2016-10-14,0.7856511770266278,-0.03740017426696506,0.6039795015320418,0.35579159266612603,0.036804688645484966
2016-10-17,0.7157026533682825,0.14465741910777077,0.4509177033912891,0.5931508424086793,0.007351236922491034
2016-10-18,0.6992371285520784,0.020326635486385698,0.5559047731744279,0.3799371893761595,0.027636403959305413
2016-10-19,0.7176049940980632,-0.43551700507151825,0.554439102939179,0.3611737730080832,0.0449545834873213
2016-10-20,0.7871946214120171,0.18251731878989053,0.49157406211857224,0.29368596438258726,0.04674622226847178
2016-10-21,0.7424469667216883,-0.04319578681806573,0.4925092245295865,0.2666364319135702,0.06780513690506033
2016-10-24,0.6249538209078318,0.10309659523595804,0.5664329892613873,0.33999367342276626,0.02840297626250682
2016-10-25,0.7468737114412556,-0.31612867141243733,0.4167467006681977,0.4359917904532405,0.03787597223208766
2016-10-26,0.8090094596525282,-0.03594295520090799,0.4887329287365389,0.32947142006909336,0.021503904593882697
2016-10-27,0.7278775966731191,-0.04477010250733654,0.49404762306432204,0.40012598489866563,0.08032600692441087
2016-10-28,0.7704248728348765,-0.22810136036338285,0.430135259126384,0.2581471844995186,0.04562151407405873
2016-10-31,0.7263590621353937,0.10659194486360844,0.4927665752097708,0.37052392738127604,0.003954542344199197
2016-11-01,0.7846565555913048,-0.016345716990987854,0.45967796640894243,0.31567410480241576,0.06278465736855234
2016-11-02,0.7715624921482104,0.048006774798696146,0.4920335791936217,0.604474735400522,0.07869103082997662
2016-11-03,0.7316295759531359,0.12538866094230178,0.5520955418209496,0.39982062177243993,0.04672412524108991
2016-11-04,0.7731671524402342,-0.0001814761002032696,0.5520401074446164,0.31789595403974685,0.03125592744093283
2016-11-07,0.7161813571746811,0.014495627754699515,0.48204185822795764,0.3849233883881769,0.0745808672664706
2016-11-08,0.8504844791047931,0.15438022223639405,0.43881528127745456,0.37670126413398414,0.032881684984731145
2016-11-09,0.8009719808469045,-0.0013842750490084524,0.6381877253915086,0.5187497064716186,0.057119104174231966
2016-11-10,0.73715229969766,0.1084891989305137,0.5972268593821216,0.28201859597550294,0.05437283320942903
2016-11-11,0.8362036827967774,-0.28251016227418707,0.5620755387065289,0.3887016266398648,0.08545798057357794
2016-11-14,0.7664410479156403,0.38167771998584266,0.45733636638187936,0.4330492228586139,0.03519726098851135
2016-11-15,0.6610891169424484,-0.12665058056028863,0.5751969337404496,0.41739737345940553,0.09162428682130079
2016-11-16,0.727857957718601,-0.07063635848206697,0.5134844306971069,0.6032042108510578,0.09580789653143523
2016-11-17,0.7372558824100444,0.48543024127926115,0.6332145487098931,0.3354514415929145,0.03812740646757337
2016-11-18,0.8183763516464297,-0.13187091131225767,0.5404257843742136,0.2604999088386082,0.00600810068033334
2016-11-21,0.8159429171351495,-0.09063457981330662,0.5088209092803055,0.4915209055516334,0.05996201461207117
2016-11-22,0.8080629838950368,-0.460455433776522,0.5142578912486466,0.5708570331975358,0.029638640560876107
2016-11-23,0.754433314548647,-0.1434711756860579,0.5139722751245259,0.5791239963872862,0.076124388564598
2016-11-25,0.7945179400625778,0.26493160090725376,0.5508670919629235,0.40942261432817745,0.004484298554081368
2016-11-28,0.8372710773938274,-0.05839005409793634,0.49790087632418606,0.29367760450470587,0.01666560364473171
2016-11-29,0.7046847057778151,-0.02897778622428701,0.4906214031037802,0.4641921575084366,0.09485790141783684
2016-11-30,0.8172576798151387,-0.14114674078153608,0.5636145418651887,0.3190064036072955,0.09800318226603622
2016-12-01,0.7221363268214771,-0.11464801454490092,0.5048989980254018,0.19183966822051365,0.023417654256288247
2016-12-02,0.6429085750543475,-0.026284731493220276,0.4585988204711058,0.38618371969838605,0.05167478819697957
2016-12-05,0.7999414442415159,0.3192758775141268,0.5865227676704451,0.4842721312361776,0.016646222167746926
2016-12-06,0.8209428913325661,-0.06555935239489934,0.6087106998491836,0.5120895760300295,0.043053824561084655
2016-12-07,0.7732050118594123,-0.03698831050584021,0.4987659635492158,0.5874228902013547,0.08514606472682305
2016-12-08,0.7379508971846694,-0.06682165459469634,0.6018442718034216,0.4332300540449415,0.07685433945417416
2016-12-09,0.7998905931876837,0.03221589150382161,0.584688630080947,0.35951362195374403,0.012205261335750929
2016-12-12,0.8403511733207757,-0.15234636492839748,0.4975237956695312,0.4950091797316906,0.013640362473891289
2016-12-13,0.7846613581387294,-0.013595242668508931,0.46955411322825663,0.406809735271425,0.026402695778638588
2016-12-14,0.7613014287037854,-0.10109842124918203,0.5555345525653197,0.4137911970862264,0.08180516703222693
2016-12-15,0.8012653928356148,-0.11250507119592651,0.5387694455681967,0.2659916728638568,0.029465612998683458
2016-12-16,0.7941373441753927,-0.07114140124894172,0.5370548760224256,0.19950519104690645,0.08360297101464231
2016-12-19,0.7348839956204732,0.26930944666427814,0.4869188499176201,0.4466519644859587,0.006246221787298623
2016-12-20,0.7874758850304647,-0.23727044368527497,0.5825290125017899,0.4213940857039802,0.059967833512939245
2016-12-21,0.7144321498868046,0.2710609237231072,0.4812459713558193,0.5502289398518423,0.08027126020401892
2016-12-22,0.7870870276496343,0.15537657405517338,0.5604617664198877,0.25624379279371234,0.012320158858272257
2016-12-23,0.7508723850544737,-0.024418138508447915,0.6017428956445365,0.3348414709998156,0.01202564474898401
2016-12-27,0.7392919958816717,-0.09040427463256673,0.5326417006373647,0.23003729942189285,0.04019561740048061
2016-12-28,0.7958807662455762,0.16536878240266537,0.4947779129223428,0.30761520137285014,0.03558182005709709
2016-12-29,0.716559509645382,-0.0295893743571227,0.5518345074230304,0.40344305600427804,0.03329583331686611
2016-12-30,0.8234242286684073,0.0431032741171113,0.5480099417657498,0.41676848367360264,0.054580949671723084
2017-01-03,0.7559970499981469,-0.12170483868943312,0.5917895175659832,0.4385536459235972,0.07022664690439133
2017-01-04,0.8174644288614427,0.07742371794709942,0.5341601647693411,0.5346607542404354,0.0205109905927086
2017-01-05,0.7886860257347659,-0.18212681981805837,0.5710950797622641,0.5191248667764262,0.02574480254055288
2017-01-06,0.7190093736502351,0.2324121478639668,0.5772990757723273,0.49683228222053255,0.09404658745088518
2017-01-09,0.8060483848340715,0.15784132528030267,0.5654023951285465,0.3377160649460118,0.08145222484010733
2017-01-10,0.8523863984172524,-0.023227789218140355,0.5184693970027866,0.38194634369272645,0.0647541499343949
2017-01-11,0.758605934795419,0.2659837679776751,0.6300746091109846,0.37718588371734674,0.09454186756275296
2017-01-12,0.7946725152459626,-0.18689416715272292,0.5985086135888322,0.16041736758273353,0.0339099483960036
2017-01-13,0.8017224795917216,-0.2924314760670778,0.6510672411772116,0.2665244405102833,0.07248821217043207
2017-01-17,0.7167195487215292,-0.3390708953235654,0.4950759380625477,0.20043233062894392,0.008078547044919827
2017-01-18,0.8368680256031689,-0.22062385339027576,0.6431862747995627,0.46914452811850516,0.05546245089632704
2017-01-19,0.7218273396120386,-0.011559313846692008,0.5793777271945517,0.4599969986583829,0.004505807183441335
2017-01-20,0.7664638254142183,0.264798195124612,0.5703401624163628,0.4103161111669717,0.009988458998079975
2017-01-23,0.847042822518228,0.12710234534204232,0.5181556885185036,0.21262344099154684,0.032129122209750026
2017-01-24,0.7219620693196069,0.15757216772548124,0.6211185518491373,0.3197367010690393,0.06883044688474009
2017-01-25,0.6560241988851441,-0.24198972984992811,0.6553973461191861,0.42983005914730676,0.08975300055844593
2017-01-26,0.7893916479973969,0.5603751628050646,0.6535766552270252,0.35856842815466583,0.06295599823418012
2017-01-27,0.6763515399932487,0.14360007274118358,0.5657584034943812,0.42758865006717484,0.016998766590621762
2017-01-30,0.8003141557967383,-0.05370781100559529,0.5420199522068238,0.5457244667509427,0.08330882010066046
2017-01-31,0.7786729837866427,-0.16255561874963428,0.5849225136381632,0.5103516663171499,0.06342169555672846
2017-02-01,0.7755835168467591,0.07528631888383831,0.5779451675469294,0.41989740936478726,0.06537905864999022
2017-02-02,0.7788364987450539,0.13833230295111007,0.6307753297820156,0.22089172660611922,0.03449830923712377
2017-02-03,0.7390169772928055,-0.21100046861050958,0.5500626445309196,0.43036756896099826,0.02997155067698214
2017-02-06,0.7658898453510177,0.2659385060540683,0.637991024957199,0.39361907932743584,0.027286837140865508
2017-02-07,0.8416453000773998,-0.05285975605594412,0.575978172109881,0.4846724253096949,0.07042656748951855
2017-02-08,0.838017241239933,-0.6132669115688155,0.5496220303070162,0.40213383991565227,0.026164105624400514
2017-02-09,0.651070259918799,-0.3598200131497191,0.5497405261010886,0.3096416015546034,0.0004955117858579938
2017-02-10,0.7171434755622811,0.2991089152146029,0.5377407547465053,0.24729827203859786,0.012509581210420662
2017-02-13,0.7953370502151321,0.1534258387823273,0.6189700516274184,0.38135120753579516,0.07748916456430473
2017-02-14,0.7324650043317813,0.06385319722700937,0.6370354623508915,0.45810137377830346,0.05466318343454146
2017-02-15,0.8491178034455588,-0.17517110409488146,0.582279617565804,0.46252813483411037,0.0845917586093932
2017-02-16,0.8235065882510529,-0.048420174570418105,0.6693655269484756,0.369950336892432,0.031707573523560864
2017-02-17,0.7561138761458404,0.38170863425003704,0.5636173292861745,0.45190340518781147,0.046199339601566705
2017-02-21,0.755183880923926,-0.17791029494847566,0.6947013198479476,0.42832159679723497,0.04930092745203353
2017-02-22,0.8190523723714475,0.1025119164378614,0.6091174347038921,0.3025208857883228,0.07175509374546543
2017-02-23,0.8313366003863776,-0.039406263687426064,0.664632909565269,0.2984888851757912,0.00029932944420822953
2017-02-24,0.7074461447573342,0.3554476817204937,0.6665824747241104,0.4118716924763445,0.00224897160650146
2017-02-27,0.7803147154785018,0.22036126903453215,0.5735614702489403,0.3188400697729312,0.015784707768126606
2017-02-28,0.7466368614808399,0.028500682485782355,0.5119249007986085,0.38531567341805706,0.025775567172001523
2017-03-01,0.8125545546374078,0.06647834540843332,0.5020024576066827,0.39992792466338684,0.028888181775137446
2017-03-02,0.7906457775753847,0.1695990974839582,0.6382812018227916,0.5081682990889265,0.05836404929532112
2017-03-03,0.8323769895525918,0.20378524983378574,0.6241957850338143,0.31488333761603093,0.07545584785086529
2017-03-06,0.8256406810640307,-0.19737597968234244,0.6264563241902084,0.2386708523131346,0.05302763193216462
2017-03-07,0.8004886771860205,-0.3898252113095667,0.6149695732508441,0.261576347550156,0.05799671001319411
2017-03-08,0.7960170013636448,0.22070986999556938,0.5765646075191826,0.48686070528917325,0.07539776655547274
2017-03-09,0.7383375371207959,-0.013649510720576971,0.5769200994636637,0.4683608830400287,0.03175006769808171
2017-03-10,0.8032878083385525,0.3274232641443109,0.5669707373653622,0.40745099792018835,0.020718683301895524
2017-03-13,0.8215338204239921,0.037104487592794604,0.6065406853961627,0.5477942098735828,0.09529635499348252
2017-03-14,0.77166962930672,-0.14231357729246566,0.572382339697363,0.42130917654500444,0.04019502481310399
2017-03-15,0.7977093567371831,-0.5340411079788762,0.6773262266823104,0.29229631296777703,0.051631760650080606
2017-03-16,0.7724592739427283,-0.1731144531258996,0.5627672172807507,0.46333214709194126,0.033359896152182565
2017-03-17,0.7470573669190751,-0.006448735421133129,0.5876097132665973,0.2894149163251663,0.052066934206110395
2017-03-20,0.7754086956386244,-0.19824113549008665,0.5803793086184338,0.366407816619702,0.03051523744579512
2017-03-21,0.767050563870173,0.21488036306055683,0.6105782482375538,0.36154455848492373,0.07416652338250217
2017-03-22,0.751462875631536,-0.0014911151520693349,0.685822449687776,0.4750362401342631,0.052055250930775745
2017-03-23,0.6698473637593663,0.05635340330323482,0.5654396903009942,0.48543924949062034,0.09071049736439078
2017-03-24,0.7299773633130224,-0.14672721885419557,0.5673808124021346,0.4507717694180201,0.02310037299645559
2017-03-27,0.7612662356037234,-0.08253960368483512,0.6556839100921434,0.3432513761893741,0.04795777252464827
2017-03-28,0.6643279484686331,0.0880556789224668,0.5426328604499194,0.31209255803498226,0.00853012343345122
2017-03-29,0.7582271063287612,-0.28403919220324114,0.6153495063226206,0.36420639220043666,0.012273179429404835
2017-03-30,0.7772365895715554,-0.32639365916886093,0.5713887848451569,0.4778861011208566,0.08847183628699651
2017-03-31,0.7894998508960505,0.2555067094513079,0.6589636895394861,0.4929068281279516,0.06230295394739164
2017-04-03,0.8496279973675153,-0.02651416141316247,0.6601644437817009,0.45922121089803275,0.08285999521776215
2017-04-04,0.8253747175496376,0.20939435527513914,0.5579180491028547,0.5211541185194375,0.016669021878302628
2017-04-05,0.7880649520351597,0.27801370279145565,0.6061153150131806,0.6190137723590197,0.024570690283708896
2017-04-06,0.6769435576932492,0.04370853200702254,0.5168230833168445,0.4981566187985573,0.08605517672447727
2017-04-07,0.7828778477685616,-0.16236378035610421,0.592603149400966,0.4135468992295855,0.010963406779862085
2017-04-10,0.7466096769944575,-0.1639057361375997,0.6169553616982784,0.4475293347608585,0.044787635858468317
2017-04-11,0.8200042244048955,-0.05253083597794859,0.5977050645934723,0.32700965075370114,0.015040233129429826
2017-04-12,0.7634950968850038,0.14071026501407483,0.5645602406834248,0.30245779354111524,0.06683417376263438
2017-04-13,0.7403595484623401,-0.1519757051299763,0.49455747106661657,0.46909676056528354,0.022843218007773426
2017-04-17,0.7570356814334784,0.3711421111903251,0.6282820880950719,0.49678579061380357,0.0915087431731944
2017-04-18,0.7484480550452025,0.07026923645938167,0.5782052892641248,0.37595230150555514,0.018341356537712582
2017-04-19,0.6235216867550568,0.21173460075492964,0.685723806457501,0.2793381993346951,0.038654995276598436
2017-04-20,0.8316502141274287,0.24345563196721887,0.6251545966766795,0.3424054684889362,0.0014217253853398338
2017-04-21,0.7979895309554247,-0.1330522519416387,0.5255820546403038,0.35894461841717146,0.013199196552304705
2017-04-24,0.7473879545083438,0.12027818865814453,0.6437516857229066,0.34950309687955794,0.08713523373446518
2017-04-25,0.641945320052045,0.4144894825992631,0.5496001113143602,0.31690292540305626,0.08224341877333693
2017-04-26,0.786722333787731,0.24924365649232305,0.5206996602344575,0.5151599434451551,0.07069973337039279
2017-04-27,0.7090701137242197,-0.011817418857434793,0.6468534601050592,0.4525311850950198,0.09551841115779497
2017-04-28,0.8078521804491403,0.09215075190755934,0.5737673750946634,0.43245406729250296,0.09743938757662662
2017-05-01,0.741717462346956,0.6656994146110722,0.6028319577577728,0.3512020826201496,0.04149387146238931
2017-05-02,0.8275430827132394,-0.08731622132172068,0.6835731934961634,0.49040607159360233,0.08358104214865861
2017-05-03,0.7557344605777316,-0.09921438377877567,0.5902288470363503,0.3773816303560415,0.09952589577657324
2017-05-04,0.6956728751336944,0.19902484021198397,0.6478258384981411,0.4703764211144081,0.06716157951318867
2017-05-05,0.8510579955348319,-0.2315530555395019,0.5991328705442134,0.40624857884406285,0.004663974513972125
2017-05-08,0.8567702689563531,0.3241859845696249,0.5944434668286994,0.24869539383163666,0.08660695959826563
2017-05-09,0.7152045586443057,-0.009181726439949866,0.6207479725121468,0.5496023839649826,0.08434837620989873
2017-05-10,0.6419676433520584,-0.21665432237972415,0.6013590705670416,0.4119432181326878,0.05294255946664894
2017-05-11,0.730736400635396,-0.09649896686812433,0.5410182483767332,0.538092099367052,0.057405228210065176
2017-05-12,0.7761288900583324,-0.10829500337648289,0.6028385151521438,0.5186583916830514,0.011717720889160843
2017-05-15,0.7525025635850046,-0.07260735750595555,0.6019798897346665,0.34398484464525875,0.030776465143915435
2017-05-16,0.7395325068306091,-0.0857337672325012,0.5478239978329885,0.5005764482955692,0.04329257502451839
2017-05-17,0.7659258711939151,0.19371087460291558,0.5493296316063703,0.5500651665929353,0.08215963706445033
2017-05-18,0.7296966285315631,-0.26745102089250106,0.5654442768017656,0.4449960987181477,0.00698863203141189
2017-05-19,0.9474263308392177,0.08843300030390056,0.5364317518246892,0.3046109206009136,0.00931315761546283
2017-05-22,0.7251382394718987,-0.04035261160144566,0.5684795568414854,0.39073339932040113,0.02447872800105837
2017-05-23,0.8870043998193518,-0.3576928610529252,0.5747331970246725,0.271851039568058,0.08609974148238875
2017-05-24,0.6929472630364488,0.17918969367529558,0.5850779995398998,0.46514968372443855,0.07880171610233885
2017-05-25,0.7608382643033386,0.1303944903424829,0.5757333394309183,0.28658497155359053,0.006528407713245355
2017-05-26,0.8081350132633416,0.3986451237483097,0.5859808820186054,0.34262077465908714,0.03950330588896467
2017-05-30,0.8425475373070082,0.0880621927718576,0.5256889093982691,0.4160701901063626,0.06617390895058481
2017-05-31,0.729965410341216,0.10290478776174608,0.5240235024769341,0.3337597793690551,0.018857585170493407
2017-06-01,0.6903610612864439,0.19944622154258698,0.5522810856240427,0.6192001661471163,0.04214384295110112
2017-06-02,0.7103392323432909,0.12048207674531253,0.5276549998704342,0.38770876556177336,0.06961599202617882
2017-06-05,0.6953022164961529,-0.1211085882946122,0.5451966567209443,0.43695516718929567,0.005454961889515087
2017-06-06,0.8139738571261156,-0.08678202497555079,0.5414044617523359,0.5473732842377729,0.054813036020664334
2017-06-07,0.7407190855394129,-0.2621784185655835,0.6062788442683005,0.3999120334876057,0.028530108307966484
2017-06-08,0.8450697743116472,-0.022423061401352508,0.6106827291522314,0.38203885866522747,0.06512190750354148
2017-06-09,0.707238122337542,-0.00872344526552496,0.6665350229117073,0.34505033548412334,0.06870295240964065
2017-06-12,0.7439230807467603,-0.12823164325676292,0.5388126135488743,0.35460454372524874,0.06008664325917831
2017-06-13,0.7561308983464569,-0.054471354389304755,0.5414540048206381,0.3543685269856455,0.029438947925085404
2017-06-14,0.743250896736853,0.0764719621365425,0.7017146112151442,0.5297159443759617,0.008982939573939742
2017-06-15,0.7518611904927764,0.19556820654912888,0.6151273497673982,0.2869095609388297,0.023060553526947802
2017-06-16,0.8173205482659676,0.14012394317929308,0.5481620607349027,0.4973324683685675,0.020134408336351342
2017-06-19,0.7650619650896625,-0.20450753593172333,0.47567116075281574,0.5347363007883513,0.09389921547900935
2017-06-20,0.836724908976743,-0.035813316396535226,0.4936199387583817,0.40109336477243723,0.025367086465612733
2017-06-21,0.7826121452948454,0.22322044053012574,0.5249720805662655,0.29650570176343405,0.0939225720690221
2017-06-22,0.7712406173490928,-0.1667185468666283,0.5726786922274052,0.2712703127741275,0.07646392446368007
2017-06-23,0.7835436889092159,-0.045622102573930706,0.5776298940185904,0.39520092033338694,0.02693238928263897
2017-06-26,0.845033728200008,0.11229229554632379,0.5438750474588062,0.25556981983832516,0.030670229845899066
2017-06-27,0.8202029413653517,0.19601483404086492,0.5914955035696615,0.5423807930195993,0.07938437150509414
2017-06-28,0.7893723071505832,0.2579803086407902,0.599517925567822,0.29379409642968324,0.059782158566005855
2017-06-29,0.7334634267677828,0.48752566996486896,0.5331417313667416,0.2671127905691548,0.09973291703003878
2017-06-30,0.7226723522702994,-0.3203747656713445,0.654185994095106,0.4432142830548361,0.003457050036713805
2017-07-03,0.7095105189955051,0.13455138576154718,0.5500732572944173,0.43936725793928133,0.05849424653643179
2017-07-05,0.7658882525725578,0.06694101425959488,0.5002726986822035,0.2568651440594756,0.08495251174901348
2017-07-06,0.6961039568624364,-0.05932109520516621,0.5498303027401046,0.44802797088680496,0.09519450304545973
2017-07-07,0.6746492393550712,0.3552677934441823,0.5162838877200648,0.5819452924311469,0.0604526860786459
2017-07-10,0.8072237109841177,-0.025422399669214932,0.5188527510480743,0.48434899273666254,0.0848642329249714
2017-07-11,0.7796085570341225,0.0815782562407974,0.5121336889968784,0.3346679411199055,0.030883317214354722
2017-07-12,0.7161533811347017,-0.18617272473817786,0.5284868641167262,0.3927452208604412,0.09482181525075871
2017-07-13,0.7137428699677199,0.2590951763548164,0.5172294074421943,0.22770561882827717,0.07923054383892514
2017-07-14,0.7833738913812738,-0.19401289760999935,0.5555061771535817,0.3478646711300821,0.052151431399850845
2017-07-17,0.8549905690004982,-0.19260322736096716,0.46568896060988574,0.5011995802645038,0.09456169408790917
2017-07-18,0.7547445323512305,0.3644624917693453,0.5345042857738767,0.3266852044510459,0.07019997402914845
2017-07-19,0.7190526773653055,-0.018790589735770885,0.5239586263425751,0.29375844122768996,0.0800145777095815
2017-07-20,0.808578894070997,-0.3725633424658844,0.5047626329808952,0.4370333338091988,0.047530295388491385
2017-07-21,0.7650483218276067,-0.04055452444604271,0.4773588630216241,0.41085346056109406,0.08041800139908847
2017-07-24,0.7855653474028259,-0.19739060477423576,0.5596082940400479,0.27624734809331386,0.07870358903411379
2017-07-25,0.7532406629462826,-0.2684473389020031,0.5820749623121614,0.3356445041511438,0.04131739591428031
2017-07-26,0.6766912231672296,0.1519792583016413,0.40154074710137266,0.34316445801663775,0.09721745072752135
2017-07-27,0.7565725546791405,-0.0053552723013757,0.4521223909781945,0.6097486052555411,0.015573048235312727
2017-07-28,0.7976333006085389,-0.27162214498185144,0.5652434584433096,0.2147394246184862,0.03577395639922789
2017-07-31,0.8063578645709315,-0.17671582135430086,0.5508227853614265,0.36840285544422585,0.04983475281616803
2017-08-01,0.8576038632887018,0.12343780752139506,0.5583540901814447,0.4234428334612835,0.027190727160557916
2017-08-02,0.7270873278142483,0.15064645318216927,0.5124050130129624,0.555744875123115,0.012492222943054167
2017-08-03,0.8070793879871833,0.018582682759701135,0.5367140576872452,0.37460944783941685,0.09717675509996689
2017-08-04,0.7630133032019668,0.03312943530833657,0.48200734927128874,0.6794288621083564,0.06594654223144723
2017-08-07,0.704745009280628,0.0517671934367872,0.519306228127304,0.4659589356674627,0.09495927981847782
2017-08-08,0.7986689241965161,0.17754637761195827,0.4905514637608336,0.29954099583548527,0.03164531615330897
2017-08-09,0.7372007437250553,-0.13097252401785608,0.5362564174409975,0.3862527831592876,0.07578245995889893
2017-08-10,0.7082325724579003,-0.3476572219039702,0.4403875783494232,0.30958119942738943,0.027198356140014115
2017-08-11,0.7673929288295266,-0.05719582879040554,0.5718850296907919,0.38564195165461457,0.006876036097841865
2017-08-14,0.747481196219588,0.323816993482414,0.4544343989316973,0.3979691055882145,0.07173600596424627
2017-08-15,0.7269188997092225,0.02912425627165814,0.48856240832713543,0.4353409631782844,0.06461316193076098
2017-08-16,0.8527203392362975,-0.24415564314921878,0.5278529820472497,0.31790186441181467,0.07279495053526201
2017-08-17,0.7730672764342659,-0.20477694876744798,0.5331998163330763,0.4982028016144438,0.07849967788652376
2017-08-18,0.8205295159629465,0.06124147482907097,0.43400525602454587,0.47468557261229927,0.059552437928611396
2017-08-21,0.750133036649216,0.062387473844483635,0.46630437776714234,0.41847878769536484,0.039951636411091396
2017-08-22,0.7374465472058024,-0.07490103894655611,0.5136329718001854,0.5188233143464943,0.05917550323626644
2017-08-23,0.7692920390632891,0.3527117637897562,0.4713681366229133,0.3829524991969154,0.06908140633341489
2017-08-24,0.7188593559051866,0.2745871867771031,0.46435955732716966,0.452610704171335,0.0185023254664222
2017-08-25,0.8445841546750689,0.10512707014082215,0.5177531483062225,0.3526245491743471,0.05084508842927561
2017-08-28,0.7459463992872531,-0.35639304983837505,0.532862781344425,0.3991847937012795,0.09191117376183312
2017-08-29,0.7593445459491991,0.2700019223244772,0.38204349953396033,0.31611899817139216,0.071856618845115
2017-08-30,0.7035533621024416,-0.131943616509355,0.4800808706861147,0.37598710670063934,0.08828038581861322
2017-08-31,0.7308625894932572,0.1864147376153156,0.5020828598060775,0.33685969774882857,0.04092611451179842
2017-09-01,0.7477155072602298,-0.008955192263066514,0.4782570242068136,0.49431701998903543,0.05367864284848944
2017-09-05,0.7044251748221084,-0.10017878938233522,0.5078315253849465,0.37441508377124666,0.025247429315731484
2017-09-06,0.8196042642977727,-0.15939816884015542,0.5717041450325254,0.3549640052842379,0.02238122660535027
2017-09-07,0.8305870462375226,0.18663176651952837,0.572305314797887,0.3089612380699194,0.03278767944035207
2017-09-08,0.7932098921272708,-0.027051878118371564,0.530089124700339,0.37646032752066744,0.0879575153964557
2017-09-11,0.7058609297642255,-0.06801067043589618,0.5789125929561585,0.5927051686236131,0.09801871185815426
2017-09-12,0.801680988196565,-0.30707956090134503,0.49419377960025396,0.1289182338566347,0.010459172877434654
2017-09-13,0.6792152831387825,0.0680319581324554,0.5734700131982409,0.217874064243632,0.021842893911699114
2017-09-14,0.5853637576906033,0.04168422669643718,0.42020811418905507,0.45434386042275543,0.018764706608398064
2017-09-15,0.7652889692281419,0.006800564691128242,0.5164125568076731,0.35814521280375455,0.011349215618888998
2017-09-18,0.740819206861245,0.09100148807171803,0.5272549175722764,0.2819708274870476,0.07022329691525607
2017-09-19,0.730435610191399,-0.05656469033581141,0.5729333739985356,0.4785922567463971,0.024171845882099776
2017-09-20,0.8022672633856467,-0.27719840848920485,0.49486506991676826,0.4328582917945454,0.006261425883653526
2017-09-21,0.7705227690433699,-0.3338235991491382,0.5113315861751564,0.32006608523344693,0.011927180401448502
2017-09-22,0.8102336828981608,-0.31994494735345225,0.445373092491136,0.5930018203981074,0.04800597880414231
2017-09-25,0.8264579343708867,-0.2071207719752719,0.5466884101548883,0.5432348865950745,0.036160481875087545
2017-09-26,0.7629044589937178,0.10498902827944459,0.49412624367641456,0.5359187352273955,0.0924610145102129
2017-09-27,0.7759687626127262,-0.10749313475119862,0.4485925109048977,0.21820794922403114,0.0604107808309485
2017-09-28,0.8458308959170101,0.10697615098013127,0.48529158866600197,0.3743465947615858,0.07527156897299342
2017-09-29,0.7270651532179715,-0.1523319420348037,0.509190598494751,0.45266916238297994,0.06302846841113668
2017-10-02,0.7801578869137333,-0.11714392524751714,0.4497799657373364,0.33126854849872867,0.0994516695945511
2017-10-03,0.7425070124711356,-0.07872119945154157,0.5075321484118906,0.27856190682885223,0.0841853681265396
2017-10-04,0.7930217182716622,0.3478620603647055,0.3799742700296225,0.41684158822305517,0.02918259797157311
2017-10-05,0.8136638362389993,-0.1280643628116013,0.41539375372025433,0.26592183388627855,0.09093271295002227
2017-10-06,0.7436154832136427,0.09209438870029495,0.5442718887852237,0.4130301023346412,0.07732054938894266
2017-10-09,0.8022157732731329,-0.0007695001248579653,0.5641907149460995,0.3580135160354668,0.06230331336794853
2017-10-10,0.8238270367245458,0.1693635437272498,0.5133020582863148,0.48388802465095615,0.02738420216347265
2017-10-11,0.7167650193911337,-0.20231756537493972,0.4877569967179803,0.27136527820158185,0.07247640834195633
2017-10-12,0.8276234861870263,-0.1551570124529688,0.4788172037241335,0.5332342597014668,0.009043718113805345
2017-10-13,0.8000869022233806,0.45944091954267097,0.5703085171078939,0.4202255201609428,0.08474115795064342
2017-10-16,0.6775887226610229,-0.2905254202530267,0.5776584902435594,0.13728071609635706,0.051712434953624556
2017-10-17,0.8183980078483364,0.007705721175322497,0.4179254291654489,0.3507515944058374,0.08124157493070981
2017-10-18,0.8165053194782306,0.04367508052476388,0.3667333575714129,0.5462256471789464,0.0003341782960668227
2017-10-19,0.8038353218270138,-0.03972219115239259,0.4519223869425837,0.3601088425212209,0.039810478263451854
2017-10-20,0.8264425981393895,0.0748035179000229,0.5520319396625469,0.4454373765952556,0.047927389261880886
2017-10-23,0.8864955908083083,-0.27361961392110395,0.5154686988182522,0.5078332522652385,0.026188821831168264
2017-10-24,0.780501661731188,-0.24049833400544818,0.5390417040480604,0.45892755475833863,0.06289323460185145
2017-10-25,0.7119814017024049,-0.25891765048430543,0.42267801556871465,0.40351910191783846,0.09002640655996047
2017-10-26,0.7258779864248547,-0.32306387868344233,0.5118010050290235,0.42227151426748644,0.08836647423643097
2017-10-27,0.7689646399243695,0.056428034816984975,0.5736861627500807,0.414365293904582,0.05774914704898452
2017-10-30,0.7688886405446809,0.02318294507467153,0.43278830579180444,0.39885867131847225,0.07029767444458823
2017-10-31,0.8208304156703399,-0.008628025224461277,0.4800827145694688,0.4905734508593823,0.09680679697270696
2017-11-01,0.7075355116285663,0.006400489859890785,0.501552692221344,0.46781980516589455,0.0209865247368903
2017-11-02,0.8149821398885687,0.14460637879189764,0.6028407894421486,0.2849741034256044,0.06865319628726618
2017-11-03,0.7993356031147038,-0.4916635631507175,0.47263117032185653,0.5912145264887536,0.0015702527430703662
2017-11-06,0.7953497024204752,0.13486611656309078,0.5010045740524459,0.2908398562048962,0.014647091187327023
2017-11-07,0.7594113594140428,-0.2814298980523536,0.6063311222913009,0.33169040646927983,0.0518634724228939
2017-11-08,0.7894176656039475,0.13175794287563136,0.43424987741753723,0.3938389762259215,0.0018010829434037313
2017-11-09,0.7459047481827291,0.10093471996749562,0.42283729466733444,0.36021732321543987,0.03143597069961238
2017-11-10,0.680772458853754,-0.011863297220509295,0.5475541628098375,0.20049186797470142,0.04120118162553646
2017-11-13,0.735220757531636,0.23288132849190377,0.5762554411369671,0.3878589620252641,0.025399211362286234
2017-11-14,0.8052449938773416,-0.15865614281712218,0.4648542435763442,0.26973177998060166,0.07859761231793119
2017-11-15,0.694811571049751,0.2599419932316342,0.493893210433045,0.37522234635107166,0.03491832023973659
2017-11-16,0.7678539145947793,0.1698202169681663,0.5484933764576292,0.32521265137406286,0.05170326027196087
2017-11-17,0.6470085511505064,0.32019330793170225,0.5270581659151953,0.42792332429451696,0.05061285410622207
2017-11-20,0.7739006536017781,0.04136259886887454,0.5083815793960416,0.2973427941829705,0.08678173834081088
2017-11-21,0.7199413513430999,0.048562025486651374,0.5075111268333201,0.4369772932659264,0.0897350234595418
2017-11-22,0.7645142990706144,0.14857134126852015,0.5715895563668248,0.3906154829004427,0.05510991719172442
2017-11-24,0.8409201786192324,-0.23224773528805964,0.5257881755432614,0.5098420228141612,0.010416028186346982
2017-11-27,0.8276083089327851,0.03412791034471046,0.5486190290939599,0.5176249315607389,0.020157502533733686
2017-11-28,0.7615605579154898,0.041390880123876206,0.5255099697862827,0.38473075989788746,0.01886702391113636
2017-11-29,0.8341631602156308,-0.07463709194479783,0.48039364607200924,0.5975593824384329,0.07226469462678578
2017-11-30,0.7118851999947492,-0.0507159554422422,0.3843823433974955,0.2905478840437571,0.056997693703176006
2017-12-01,0.7956956270366147,0.1529101926185246,0.5467451443096498,0.3114020853292538,0.026749549675813267
2017-12-04,0.722200813033642,0.2209194770449583,0.5172835672605376,0.45197970207942895,0.06149045960706037
2017-12-05,0.7767354740994225,-0.22280634158167453,0.5774006148291193,0.47471497885015324,0.0628110419410901
2017-12-06,0.8243402197040098,0.16775028865957664,0.5185987040526231,0.4702637994477584,0.03839748326769781
2017-12-07,0.7947891347168513,0.05035513787464451,0.5989787430334438,0.29923887055221565,0.08501428363955732
2017-12-08,0.743393212531252,0.30709249770878033,0.5349501479883663,0.3730527746769336,0.044105469946013054
2017-12-11,0.7858093362397888,0.48536229326042535,0.6569019242241975,0.2713936672650894,0.0384196196998186
2017-12-12,0.702831965445767,-0.3280945556425445,0.4926096543109356,0.42363830780858824,0.038976585924118956
2017-12-13,0.7369627467598887,0.2097161749330828,0.5014536407667328,0.20364079476269561,0.05717763966062287
2017-12-14,0.7303142823623728,0.012966326399440554,0.557990742175832,0.4525006756087426,0.005849021235709651
2017-12-15,0.782513162381552,-0.16563887887759618,0.5647563440249065,0.4282656791384936,0.006734340976150499
2017-12-18,0.8393923862459243,-0.2250000262737325,0.4670906049554586,0.15888684006283166,0.0308358567774807
2017-12-19,0.8169139413145844,-0.1863360491360351,0.49474377168797734,0.4048519217692836,0.020716253784730944
2017-12-20,0.7063665166605041,-0.15173185904797934,0.5265087699215085,0.33360846578710546,0.015201078344762687
2017-12-21,0.7984558745768352,-0.20985083453814501,0.5268271901756816,0.4324229366308209,0.06962390634803874
2017-12-22,0.7832633165758953,0.0461611190695019,0.5691179694253438,0.3799822278003324,0.0970692114213861
2017-12-26,0.7788265794556974,-0.023442439980593727,0.44657129427488473,0.45898186320705747,0.007239782347828572
2017-12-27,0.7514321676082754,-0.026260401530403505,0.5588291764148438,0.35423696360695556,0.0416127823922406
2017-12-28,0.8314626965586449,0.18077428623470862,0.5476031359344445,0.45436167721512305,0.07005808505886885
2017-12-29,0.8331258607544152,0.06739460436186971,0.5685028547686592,0.22175883320845058,0.08651136055140168
2018-01-02,0.7243283441833634,-0.08347964795539724,0.5575718613821905,0.4769021866465531,0.026994500871440563
2018-01-03,0.8558760561619919,-0.08936200285600725,0.6064117298735862,0.2490701725611406,0.07801715395831504
2018-01-04,0.793395606327187,-0.24837364753468605,0.58252053753383,0.25364455946699005,0.042800395401790176
2018-01-05,0.8022870529998877,-0.06756607953688698,0.5640418097645818,0.36016368983159475,0.0019381189081329464
2018-01-08,0.7399385417526566,0.04306964162025553,0.48049422107712125,0.40553235701656803,0.016481467520755546
2018-01-09,0.7907420086943308,0.23928476543711202,0.6570456538467044,0.47921288359412245,0.07158054524688028
2018-01-10,0.7202257486556369,0.0764131153299461,0.49220235646915056,0.5673950732456303,0.03518947041351824
2018-01-11,0.7846448345975328,-0.006872897524600967,0.5868960989722478,0.3557713127822177,0.022548969288995847
2018-01-12,0.8450368966364143,-0.35055941166997706,0.6173526252216285,0.27697119274360055,0.03293934554147301
2018-01-16,0.7447729406339498,0.24523951870849406,0.5336831817427533,0.358435099591343,0.07524209222464061
2018-01-17,0.7775281913027877,-0.2643537747823007,0.4952044284115874,0.3138224132370317,0.05967921930549788
2018-01-18,0.8420152950886733,-0.2601716211875973,0.6156743873241668,0.49933629097534715,0.09733883753596234
2018-01-19,0.809611002270894,-0.2133452582608627,0.49373156839732424,0.18110489403375088,0.04460393356145116
2018-01-22,0.7135474676775683,0.31096140106701897,0.5488377042338161,0.37901661108616924,0.039944450403828914
2018-01-23,0.7470779613907237,-0.0692547978898788,0.5897863815327931,0.2609989594276127,0.02352228536756895
2018-01-24,0.7399518019629324,-0.05570547858665852,0.6041452730811071,0.5361495139067828,0.07661220618620142
2018-01-25,0.8804439974795168,-0.35584260316026906,0.5807581216668883,0.3265473450627062,0.06237337236437112
2018-01-26,0.7988910179351252,-0.05224307875265897,0.5616769507830908,0.3886379292577379,0.05428191168246216
2018-01-29,0.6901589049446477,0.12487834478020306,0.5535672360115861,0.3016325805949785,0.055533895705855256
2018-01-30,0.8355780520308842,-0.16005715778474297,0.6310360453124061,0.3218326448087207,0.018123723145198323
2018-01-31,0.8401124490503323,0.0516881260552506,0.5871488369273883,0.5156393421394889,0.005112150585425513
2018-02-01,0.7768366196855715,0.24009478076902357,0.6262341926341906,0.3572325818784923,0.06032007169890096
2018-02-02,0.7960007072977023,0.2767657604368272,0.5545902582648531,0.4723058931250111,0.08511752724429004
2018-02-05,0.8806779419144003,0.2727957585191902,0.5557771442314136,0.3758661786086146,0.09065047186038754
2018-02-06,0.9134253844573781,0.056275837027548695,0.5843850870949518,0.5217156356773536,0.08589068121359239
2018-02-07,0.7646429665091241,-0.08002008093374541,0.6364487259250261,0.3439945655698589,0.009319364290531552
2018-02-08,0.7780143241627806,-0.03328910504283955,0.6958982470032874,0.38249685404599393,0.031576453450207036
2018-02-09,0.7297055384805324,0.12715388888017887,0.7426601715436019,0.39195683726461605,0.01266401317185294
2018-02-12,0.7076740511065203,0.01105095636346879,0.5695885134998697,0.46726153078632865,0.032742396379572415
2018-02-13,0.7495573314850572,-0.09404109035184878,0.5910054588045665,0.43424732842872477,0.01190415931627571
2018-02-14,0.7637183204100308,-0.39232203784243835,0.5995392413482994,0.32643279947912374,0.014304759800939017
2018-02-15,0.8086952537853913,0.025805533346268922,0.6049775099029315,0.466767520008409,0.04994078893079498
2018-02-16,0.8090503945974444,-0.017739620908055448,0.6145764887715858,0.4818728859024431,0.07678710401132793
2018-02-20,0.7097868226338944,-0.02310884771404524,0.5974707587301886,0.40622788869628673,0.009517225300211585
2018-02-21,0.7269978478214658,0.022179912721294198,0.5795489520715299,0.41479291765700926,0.05250364336046668
2018-02-22,0.7310174765906341,0.2585566417374789,0.5854384967477823,0.34335317051381,0.07059147287410915
2018-02-23,0.73896800735524,0.09961829304045433,0.5882129871701302,0.3270532166678168,0.04556130980628245
2018-02-26,0.7234231696653026,-0.2097422886678263,0.6185258998268258,0.590585190226935,0.09407577103759282
2018-02-27,0.7659859160226744,0.121258585838378,0.5816356280933374,0.2023099232285457,0.026461721778990602
2018-02-28,0.8167751899769982,-0.13131241059022833,0.6412290197674367,0.30710691554804626,0.09814172322095827
2018-03-01,0.7937765132384099,0.07335093577367018,0.6158841489696434,0.43346402414626023,0.09936086542769576
2018-03-02,0.7627628570014608,0.08450363192004921,0.5452981762808604,0.4032313245337491,0.09233639657761517
2018-03-05,0.7122068303537898,-0.09126271517700764,0.5079117289446803,0.3451012310562619,0.025905516377843652
2018-03-06,0.8390630882191584,0.2587787453592587,0.5910842097274481,0.440863357819525,0.05508838188581297
2018-03-07,0.874839819305137,-0.4772945009903504,0.5675479826692185,0.38292177105432906,0.07741415590772881
2018-03-08,0.8250213037079441,-0.09969341545993704,0.5724364769695057,0.5273126370933408,0.08687537574581922
2018-03-09,0.718629483253712,-0.02031579000061549,0.598971561392052,0.4801973960029972,0.0782293990835365
2018-03-12,0.7326609813842173,-0.16427443457722915,0.588656385048617,0.3269208958832197,0.09466622284339998
2018-03-13,0.796038975751732,-0.0549713475444335,0.596887864544907,0.6673070373796324,0.05859380806092406
2018-03-14,0.8041955911440449,0.0068088664854418016,0.5431656760026146,0.4844132885354312,0.012156380673746525
2018-03-15,0.7990194215337901,0.192029493298029,0.5881819942367857,0.3029882014168733,0.06795216707020128
2018-03-16,0.7885213926985717,-0.11011262745194153,0.49428992579009606,0.1928320110394004,0.0813157286822026
2018-03-19,0.8133015665660853,-0.10360690899560121,0.4967552625057469,0.3700934956942938,0.07347031277242615
2018-03-20,0.7039093350110374,0.13098213003247702,0.6384553384237331,0.14972848910613923,0.087286159600091
2018-03-21,0.8245910917451736,-0.2191459304575945,0.6546819017565576,0.19115518442285473,0.019737148986076616
2018-03-22,0.9165903485065267,0.008811426242813895,0.5779605019720663,0.17353104756256532,0.01952812468841164
2018-03-23,0.8212908006435254,-0.010292868125999902,0.7010652248618842,0.4161847702239825,0.007652876909958939
2018-03-26,0.7508358167735819,-0.0947111476580545,0.5972725787795652,0.2518562558006869,0.01927007192860042
2018-03-27,0.8323066036854176,0.13758745539778888,0.5986231834249031,0.4758663876745351,0.04355943370175328
2018-03-28,0.7648070627050948,-0.132603983601207,0.6298044468606783,0.4085199321758127,0.04718799093392659
2018-03-29,0.7408843695721272,-0.05129737983945857,0.6073359723783819,0.48149836199684126,0.08306504146979621
2018-04-02,0.775871544978086,-0.0128165590219373,0.584129486996093,0.4767332903882022,0.04672520997261617
2018-04-03,0.7998030409588416,-0.3923183353719098,0.561023340615385,0.4570344162865375,0.09340619955130933
2018-04-04,0.8049241511489905,-0.2425317229819688,0.586735251439745,0.22928253290707398,0.009739913886360042
2018-04-05,0.890642702208781,0.21672874279627036,0.5533797443122834,0.46011362950783086,0.021286934337999455
2018-04-06,0.8106411653242884,0.08211850645315255,0.5812971098570286,0.3876833948151374,0.06547663003722866
2018-04-09,0.8157849588635424,-0.24816408799588024,0.5328193594047912,0.2538778605542725,0.04889175678504712
2018-04-10,0.7363011507890129,0.02690530469427735,0.687787231821471,0.5201667295802445,0.03737196268612878
2018-04-11,0.7350391982502608,0.24746103211225035,0.5484732312019952,0.40837723700303463,0.008168785364771114
2018-04-12,0.7725986202244628,-0.295429186903803,0.5039162865276035,0.4247037084079358,0.06321425667217866
2018-04-13,0.8386131694005806,0.188238237201092,0.6255879452845206,0.48479007552578324,0.01165054707098171
2018-04-16,0.6921929985642622,0.22619477112027067,0.5871490983699769,0.3951397597716985,0.0653481264061949
2018-04-17,0.6738428129225441,-0.4084482490275644,0.753383899867588,0.44246918112057254,0.06831023052656401
2018-04-18,0.7919795271686759,-0.3289440097398296,0.6721235225021276,0.47527760795935986,0.021096133787721807
2018-04-19,0.7699067630042794,-0.004605565167545243,0.6209475688844661,0.5918922935112828,0.020913742849565223
2018-04-20,0.7340260193896765,-0.1015849011912901,0.5801141529356243,0.5220234225171752,0.07503986492417189
2018-04-23,0.7406173301662435,-0.03633839455710346,0.6406865532642104,0.41030386078691344,0.06358582024356868
2018-04-24,0.7503582143053674,-0.13291458283342314,0.5533453230516853,0.38616796925385216,0.055866554598113766
2018-04-25,0.671735512827453,0.007785085930689397,0.5656823080817195,0.314063431744068,0.04585451113261914
2018-04-26,0.8109231947970443,0.03782127963769028,0.524028730347784,0.19116059053772447,0.04392640435609201
2018-04-27,0.8078643228143719,-0.2082905474322217,0.6297650213517725,0.14344022977938148,0.07445846180640477
2018-04-30,0.8026837273910917,0.020413051163136,0.6486566403582537,0.3517152551909816,0.05016717766263926
2018-05-01,0.786925832984204,0.41183853232179457,0.598956752581976,0.34604904316424184,0.03859417378274781
2018-05-02,0.7939694139570068,0.07931838333884404,0.4808932511623649,0.3601795412527923,0.059144198062058784
2018-05-03,0.8369149353619016,0.07511318439564468,0.5071872739009387,0.46667707170206724,0.0713666242769561
2018-05-04,0.8766202932538613,-0.3285529141225344,0.6499713274239508,0.275896955504889,0.06462316303545895
2018-05-07,0.8220758834623079,-0.14639682501421827,0.6076190666709891,0.4418701034358409,0.023121824208924793
2018-05-08,0.824776260227292,0.029705561287581242,0.5614778838023833,0.3271413708918554,0.02943190381920996
2018-05-09,0.7853666181856273,0.06360502671780692,0.6086507015145518,0.5030694755587205,0.04197046765137054
2018-05-10,0.7545219647548115,0.017414503448466675,0.6010635943969,0.25856789597520835,0.009753984861204823
2018-05-11,0.7373904751961144,-0.11665133521245688,0.584154756477965,0.30744276464364406,0.0044423246177562326
2018-05-14,0.8121000112965386,-0.40637839500298567,0.5432668841031242,0.16560280335401947,0.055409716835786396
2018-05-15,0.7108409616352068,0.09529870712965659,0.5851555906641474,0.5725439755037367,0.07179814313325326
2018-05-16,0.6821762135202364,-0.22172715205347618,0.5347405577344091,0.3603794564957028,0.007731425367112188
2018-05-17,0.6397583717318741,-0.08686018697921728,0.6291126794643839,0.38753544831206593,0.0474008027172878
2018-05-18,0.8099491382331859,0.24645442227801204,0.5288554965433593,0.3233569026642438,0.0016791085689972119
2018-05-21,0.8498518036010227,-0.07777309272361559,0.5713750123330298,0.3012127897026319,0.08454033995130186
2018-05-22,0.8106517822031255,0.1430094653485346,0.6049504724988506,0.31565504270356515,0.07405095461875344
2018-05-23,0.8033386372562049,-0.27891640015074554,0.6642168062967112,0.3069312251318621,0.08522350281825886
2018-05-24,0.8117754972543083,0.25043773735335256,0.602303622261698,0.04007314288377162,0.012797623806155324
2018-05-25,0.7349922030380355,-0.06844136941884353,0.6375685893193481,0.46630951060505477,0.08231980886358548
2018-05-29,0.7850619239917599,0.1087174055227973,0.5604449006885455,0.2654741551420492,0.06779932321653115
2018-05-30,0.8532693254539621,-0.006275443789905262,0.5957124159675298,0.3355367546268933,0.07206366414844638
2018-05-31,0.7495793532236174,0.17540982956828077,0.6060018975228053,0.37486105782984974,0.04535812635751513
2018-06-01,0.7258515129829854,-0.19937921024034755,0.5305782727269767,0.4335841505738656,0.08613261003803664
2018-06-04,0.7685564549996226,-0.15310152412568537,0.5791521069292358,0.30146160945308187,0.007734947970755857
2018-06-05,0.7610087672055577,-0.3186119418796746,0.6120095181994487,0.6103681548313356,0.07405424991389746
2018-06-06,0.7649413489171806,-0.04490643161564622,0.5987872672022756,0.46106101336343447,0.028013094199361134
2018-06-07,0.8334372429025363,0.036036561096752004,0.6715105464196504,0.32466247765937933,0.09890048919008276
2018-06-08,0.8415418264955433,0.08857736398792602,0.5612784656485135,0.30628174742493874,0.0496483954044209
2018-06-11,0.7287298633094259,-0.06601038017415899,0.5538128363503878,0.314470063279069,0.04977930572009143
2018-06-12,0.7171818008252663,0.16063489347334325,0.5927201222505492,0.4525162706753505,0.07728971898922386
2018-06-13,0.8730561357364018,-0.1322951664814744,0.5800597069317073,0.44741562577247007,0.09913825678029466
2018-06-14,0.8238221514856735,0.08964137767378083,0.44804420163114816,0.5323583140906241,0.0251718161658557
2018-06-15,0.7800453478271613,0.13924508224782656,0.5218587061902483,0.5160774191203457,0.06164403677999822
2018-06-18,0.7326131534081118,0.14141781574876516,0.5962589966241372,0.35828475075428556,0.010321327077353249
2018-06-19,0.7415470267561883,-0.04116268541515789,0.5884146838279847,0.6548674863434834,0.0908426132890681
2018-06-20,0.8124433743655965,-0.21709492317749182,0.6445160764810272,0.32845531433700204,0.03971629775523178
2018-06-21,0.77952660624617,0.39785822382524605,0.5052505218668112,0.21276296728435445,0.007267411612297381
2018-06-22,0.739287114273169,0.10668405792150171,0.5666292800988159,0.3936225109259175,0.048636225473594766
2018-06-25,0.805246129966404,-0.004049444977872657,0.5624986350349537,0.37058192024005043,0.03536014451656546
2018-06-26,0.7751621090607221,0.1699137797787203,0.6159806118210726,0.611611301169666,0.0005375107174331429
2018-06-27,0.8173657192202465,0.173967656706512,0.49818822167498233,0.2945012301546148,0.07195552993281178
2018-06-28,0.7263955058985251,0.029902241705094253,0.528082658021148,0.41101067597620594,0.058062831197708865
2018-06-29,0.8345790656809005,0.17487969513192692,0.6239267023146696,0.3435153193561458,0.02093234168107502
2018-07-02,0.7853336290052547,-0.18960464197384122,0.5521062954948626,0.29158501214657695,0.07093851650241055
2018-07-03,0.8026746568043095,-0.11526207221646295,0.5589195723886579,0.598585430195052,0.0014081829531203073
2018-07-05,0.7794923215253307,0.09179339907305567,0.5444100018533511,0.37591828975614344,0.06723771996072399
2018-07-06,0.760216923365194,-0.33461581611067603,0.6403987014107303,0.4392001638878312,0.08847959848736262
2018-07-09,0.8496029559719476,0.01660224769155073,0.5424741134502314,0.45260585269581144,0.0007647489694346254
2018-07-10,0.7627699015666615,-0.04158257213693142,0.5873337907783291,0.452488300633741,0.027894750789660097
2018-07-11,0.8703457263094064,-0.046810549910670164,0.6566154724091442,0.3968939814458172,0.0931942146526719
2018-07-12,0.8389800605525016,-0.08973716364364469,0.49923238090692507,0.4707549116815989,0.06658093553101534
2018-07-13,0.8595661130016309,0.19689312245756632,0.47681586163395,0.48565687654966644,0.06264579520136572
2018-07-16,0.7268867184448529,0.393923326003729,0.6410732557162271,0.43177862411721357,0.09318229677094289
2018-07-17,0.6653031373095706,0.22589079666209322,0.5112599533485592,0.4520503037318159,0.09846789312120435
2018-07-18,0.7724224375498795,-0.2585305705407392,0.5411200357400959,0.47191564477453024,0.022119047427400562
2018-07-19,0.7280584541471622,-0.1742658428087171,0.44595510022107915,0.4420353948118397,0.05334401206116284
2018-07-20,0.7872394749245437,0.027487702833914242,0.4666177089287475,0.46047026099739563,0.024797951378212627
2018-07-23,0.7999242512755644,-0.1255997921948578,0.4971164366412651,0.3523927713138614,0.09465893278379764
2018-07-24,0.7946811508263882,-0.18784547063369916,0.6628312122717692,0.318837285796432,0.07426598831795732
2018-07-25,0.7458982714642598,0.21855431716126603,0.5103282918932517,0.26270170818035493,0.08768335911422567
2018-07-26,0.6670412639447951,0.17870016702600444,0.495864203614004,0.23715443785641305,0.057197153822454584
2018-07-27,0.7077541523885602,0.2883456187959931,0.6374336666449912,0.5021504616078682,0.01288215517492728
2018-07-30,0.8343157611607087,-0.19426541005349693,0.5245196300423981,0.24793863553687823,0.00644398209045376
2018-07-31,0.823409129189162,-0.050662848990938814,0.4715562324356183,0.3565879773030937,0.07305546325576924
2018-08-01,0.7879511132071638,0.05644302366598736,0.5249012570124042,0.3485036983507084,0.011768536237315176
2018-08-02,0.7418954102722015,-0.20774279474629354,0.5531388722710511,0.25081809738117217,0.07232617067997642
2018-08-03,0.7468953999209665,-0.30337552737477086,0.48711611855510284,0.3907573793888651,0.002438538013230751
2018-08-06,0.8849996567509907,0.11230503053067378,0.5780212057020917,0.3550728387763269,0.09244887986098316
2018-08-07,0.861170881482779,0.035598967561171965,0.5625247375461377,0.29251332309267775,0.037965279865920035
2018-08-08,0.7482081276264018,0.15385355436938308,0.5382550091933094,0.31915965644131516,0.059313754854513304
2018-08-09,0.7653341607146505,0.12712964484295397,0.48849461157571683,0.51172590950723,0.007000069275058075
2018-08-10,0.7506773273082656,-0.06207154342791709,0.5573166625644369,0.5495928900447649,0.01924703130121032
2018-08-13,0.783982238675673,0.11871889909982342,0.5295973702695055,0.3974052188387456,0.043840029374284474
2018-08-14,0.7822844465020956,0.026689458873071805,0.4250370791694669,0.4244111816268278,0.09559873839386207
2018-08-15,0.7824099340493884,-0.2143278259767426,0.512897953280599,0.3912730624251895,0.0682458018984992
2018-08-16,0.7776135068954773,-0.011478080987001388,0.5097790997559525,0.509149965447133,0.02912535647254018
2018-08-17,0.7281246907804511,-0.18477697830698347,0.5111518663510736,0.36868110878817856,0.011566982904013014
2018-08-20,0.7889889998652022,0.03043217142919435,0.5107041136754208,0.3059447037256477,0.016758366827283943
2018-08-21,0.766433479874724,0.17782362503113924,0.45094390805637297,0.205312735056566,0.04370767998084403
2018-08-22,0.7558533003071823,0.08205459547847899,0.5017466073270536,0.5370365452389664,0.03651167474340107
2018-08-23,0.7005996338038442,0.2506541426382668,0.48896246423182715,0.2659046819922274,0.07209249162369717
2018-08-24,0.7753118197081067,-0.09964143664990986,0.5592471562859773,0.44148665295381884,0.033355523719170145
2018-08-27,0.743610379973358,0.04495190139690328,0.4508892340185215,0.5450623252086801,0.06109109739510537
2018-08-28,0.8281447791214673,0.10257525750988661,0.48213512207915044,0.295818651673887,0.09900492263371413
2018-08-29,0.774002749479644,0.025790283362573586,0.5502611914609681,0.45197967964041497,0.018493363765556593
2018-08-30,0.7175276464213622,0.14364809718827543,0.5741872012233034,0.4925061895355015,0.005097629204645427
2018-08-31,0.6582257122898771,0.022325313494259383,0.5785922428335564,0.43921179767966084,0.04835469999639385
2018-09-04,0.8809038079235352,0.08410245426836586,0.5110183464364008,0.3113454087286809,0.020242112618524447
2018-09-05,0.7648770441963798,0.0008613129206828777,0.4603571988854931,0.19399614214661454,0.058283753959270684
2018-09-06,0.8437635116649469,0.42177757090245693,0.47523650391139427,0.3856762094790484,0.02668809581993388
2018-09-07,0.7832337386613121,-0.144557639832228,0.503981317339066,0.4147477804731607,0.001437888765069162
2018-09-10,0.6748130716153651,-0.12755028407361646,0.533195939759229,0.41051632784488545,0.055587021544419
2018-09-11,0.7222104368892432,-0.37570097855764795,0.5577416602669512,0.49492151380819965,0.03395008272654763
2018-09-12,0.826621641831249,0.18324271406730258,0.5159435491220385,0.3973994085823857,0.07058788783785068
2018-09-13,0.8210582744480838,0.002426125413232946,0.5721519181444971,0.3521787387238194,0.01940571645736895
2018-09-14,0.758401724751094,-0.2641034944428881,0.5309668671340795,0.4589574299352335,0.04700034641134028
2018-09-17,0.8626788815032567,0.0142147555556115,0.5015416792115995,0.4124288771721788,0.0005949697748040439
2018-09-18,0.7409913127370182,-0.45591504508810266,0.44344639353713455,0.31490460887632576,0.049229438958159705
2018-09-19,0.7384237740449788,0.18776842162732363,0.5371694172691305,0.4833957129104256,0.09141005557150146
2018-09-20,0.7804646394372183,0.043944082598325114,0.5062299133249979,0.5974754554140644,0.07503108342470466
2018-09-21,0.7554399343046727,0.0040980350938583715,0.4744069107588981,0.35001479884944464,0.04873891995396043
2018-09-24,0.7344199108273892,-0.09869499874014298,0.5279828830243894,0.37455185855407774,0.058863099611497584
2018-09-25,0.7598538110233889,-0.117284438334699,0.5348025444680791,0.43323691757374155,0.08693385260247516
2018-09-26,0.7960329967469265,0.01945154138999129,0.5014195551539763,0.4092650294470277,0.059664160634703894
2018-09-27,0.7534138757290778,0.25122907454372334,0.37329331710672364,0.4703703828112302,0.09635059482969915
2018-09-28,0.6925470216840337,0.17259015834010516,0.5510490642522898,0.2454458671474785,0.02736558072368317
2018-10-01,0.8178657131782074,0.045501216326246804,0.4640790405642815,0.592754125002231,0.04551275697855816
2018-10-02,0.7297423937297349,-0.24032182226175047,0.4789042686664292,0.6020690379767152,0.07859474840739471
2018-10-03,0.8050100752492212,0.1500546445124305,0.4795409487553699,0.38524121388521954,0.005504291150687846
2018-10-04,0.8295344581648135,-0.41516466565969434,0.3934830250391216,0.5966909741908053,0.09065218527061775
2018-10-05,0.7906675943165379,-0.11024874294989125,0.5023856604018936,0.5349885105487298,0.004853113531746634
2018-10-08,0.7853797384997184,0.13716834656190582,0.5197203079995466,0.5494103759477968,0.0004553610988519696
2018-10-09,0.6727124565384864,0.35433576978838727,0.4252052241839253,0.5513711545252113,0.08370820014090886
2018-10-10,0.8012769453822277,-0.24548721527051254,0.4814232979140772,0.36769250494306316,0.03674252039050672
2018-10-11,0.7958664105618841,-0.023917863971790305,0.5500259148986644,0.3859515083610233,0.09449775918736421
2018-10-12,0.7511017997600588,-0.004668645204646954,0.5061615645736339,0.45440225724888655,0.0011620631148525629
2018-10-15,0.759830329134663,-0.23963784746012504,0.504225455904764,0.40027910473003336,0.08468360431733998
2018-10-16,0.8196941013629259,0.13814093378441322,0.45380933523788103,0.5227929073938429,0.09752883309817678
2018-10-17,0.7498721673065774,2.144790227640975e-05,0.5584163527030724,0.5014990925906525,0.02270208471111823
2018-10-18,0.7484819024526341,-0.08493645493941505,0.4684639765757977,0.44951135362640415,0.06954458710749649
2018-10-19,0.8571792765467683,-0.10628429562864375,0.47650405789951206,0.5181025355334822,0.023908100637140085
2018-10-22,0.8141553861132095,-0.026677510064633023,0.5649413021082397,0.3890668965785932,0.06351819500915103
2018-10-23,0.7915241015440961,-0.15518915872292766,0.5109490660109777,0.4441354986135661,0.026258857218332567
2018-10-24,0.8612924614874035,0.029029841761984428,0.4782661351929734,0.3851582443327558,0.009016313654703878
2018-10-25,0.7916556386844492,-0.016084050857072027,0.5191638589987465,0.2557207671321157,0.04537019177509456
2018-10-26,0.7706153412263695,-0.509809731850285,0.5527610470461579,0.5064306298469284,0.03411349792963273
2018-10-29,0.7526352540594275,0.16309504850782827,0.4480592378366282,0.3365226252558036,0.030175717228950696
2018-10-30,0.8648581344132509,-0.0288235033603585,0.5365298607432897,0.43237072874040783,0.0187068452375169
2018-10-31,0.6653406755810276,-0.14552898752150692,0.4718252553682194,0.47207377177897525,0.03898285430132893
2018-11-01,0.7219275103635081,0.3192930889807173,0.5524589241582974,0.3971409707328262,0.031361872329384435
2018-11-02,0.8481985843158295,0.04622071652631717,0.5163020204128589,0.3651975710895924,0.05453208203959982
2018-11-05,0.7570454096466984,0.2234066098724192,0.5158117540501842,0.23096219010644725,0.07769998261425226
2018-11-06,0.7841814144228866,0.2608231155383102,0.5961835959800399,0.45185144189712945,0.006329507703785409
2018-11-07,0.7244117647917415,-0.5078566979655281,0.45158034061655977,0.2591875328206774,0.06103406878890283
2018-11-08,0.6960988793451972,0.10678644307544645,0.4750918990274119,0.45960329765399455,0.018977522946286865
2018-11-09,0.8861403129676966,-0.37427427598899066,0.5146735438647895,0.4053399179165976,0.023939449009830097
2018-11-12,0.8663891226749922,0.06514873722593813,0.482608300054784,0.4968007812240103,0.0844669670479779
2018-11-13,0.7447676391669902,0.4740652790766786,0.5388682419614326,0.4157852526822383,0.06615754638406222
2018-11-14,0.8096463178456251,0.38899609129930135,0.3982727814319954,0.37266561362981643,0.022228184936251616
2018-11-15,0.7598481048827057,-0.12855971423723958,0.524904926952202,0.6796920827475343,0.0005321219570956104
2018-11-16,0.6682623512784036,0.09175288766584173,0.4830101509586039,0.4843596869205192,0.07275513580629021
2018-11-19,0.677532196780436,-0.006377750398901982,0.5108874334763439,0.3367275742292175,0.07023126887286549
2018-11-20,0.7637679246773946,0.028052355580761315,0.4804129696940832,0.3756265024607489,0.07247304076043669
2018-11-21,0.7381610611779831,-0.38603811703588625,0.4912550677520903,0.5253811602745321,0.017150737401268403
2018-11-23,0.7632612689912467,-0.31862731885074247,0.5161663913568478,0.31304995372140626,0.07366913040051773
2018-11-26,0.7685894187424274,0.3719437633979889,0.47242546092811877,0.41884287403709125,0.09603245178616068
2018-11-27,0.7958008954243263,0.02722376507112044,0.5590115244692246,0.457592342419608,0.0508638467586896
2018-11-28,0.7304829733689628,0.0963713852463891,0.5488009540314077,0.4227479749121579,0.003813742496330619
2018-11-29,0.7967722568467671,-0.09150931245751316,0.5707617654564598,0.5106880895424093,0.04292245570105061
2018-11-30,0.7700509546994335,-0.3030329192830652,0.5422362829364978,0.4249384844709873,0.03403346732631029
2018-12-03,0.7528874189167095,0.03639898583600028,0.46731845877666195,0.24363733237841384,0.05502454713964261
2018-12-04,0.771304175502985,-0.3687412913241878,0.548622571913374,0.4088960340101846,0.09174813547639836
2018-12-06,0.815066910252866,0.46419495733086197,0.5637395075845167,0.6150734504160009,0.061582564172181324
2018-12-07,0.7945312908924289,0.32750188428749466,0.4627688005913391,0.44929296943727326,0.010233038724563616
2018-12-10,0.721159896875888,-0.5974805229084744,0.5503588321426036,0.47713445326168163,0.07693454277084259
2018-12-11,0.8315012837417046,-0.03262496436791598,0.5058177570434335,0.44248374818632075,0.012090763812446437
2018-12-12,0.807827343832297,0.09434733775868528,0.5528290657716616,0.3675944177733844,0.061201219851369996
2018-12-13,0.7969248152509968,-0.20466852722937376,0.6044878060159964,0.44790204769255143,0.08365850142011644
2018-12-14,0.9062941378480305,-0.19115155091391878,0.540115700225188,0.4494513878464304,0.03308630215804755
2018-12-17,0.762793770857438,-0.17757471026613977,0.5315038472282727,0.40835042042255915,0.08213194567770613
2018-12-18,0.766114475432495,-0.24921409171978712,0.6171737898202945,0.439382531019677,0.022498190196455325
2018-12-19,0.7462291862154387,-0.19582930355948733,0.5088683458978192,0.32689338929049133,0.05780052486168084
2018-12-20,0.804620014204191,0.3361177077016451,0.47485719445700175,0.4062858456919129,0.07428071754871772
2018-12-21,0.7921934225629866,0.08379132214819107,0.4992710538268914,0.40175817072026027,0.01423282990194259
2018-12-24,0.664884219339311,-0.013163054297999889,0.5770163176757294,0.5343458205133557,0.035723166188307114
2018-12-26,0.7361274024603554,0.19006875635865605,0.490812269434704,0.5960954436770793,0.08906972118763033
2018-12-27,0.7612909401079468,0.18777897414268954,0.46567515702697404,0.34655690077156354,0.02371233280211095
2018-12-28,0.811968561447062,-0.1041256017727848,0.5135965025691105,0.4985375209025543,0.07095610579816661
2018-12-31,0.7372911790011549,-0.1986519292693184,0.4552956332654503,0.37567151973893526,0.03662635044058395
2019-01-02,0.8212733961580102,0.38275122091408076,0.5740269690125341,0.4467517028906446,0.007769062727433985
2019-01-03,0.7730812670526275,-0.11374616464449556,0.5575556380053946,0.2754407233529182,0.03954354916501234
2019-01-04,0.7742302757598302,0.10228626612348851,0.589259077321324,0.49228790168261677,0.08927396290363136
2019-01-07,0.7906866740904603,-0.25745114539741204,0.55703958493565,0.44558039062920685,0.07198500165586182
2019-01-08,0.823582218127651,-0.09290967973103197,0.5098926625349713,0.5234401064020919,0.08762201557402104
2019-01-09,0.7814733444503639,-0.00966844370181567,0.5515378932885389,0.5632072960900268,0.03781858682405253
2019-01-10,0.7913302766259145,0.29262460494910153,0.5249370514816968,0.5233300092008628,0.04636804387281619
2019-01-11,0.8216187553822653,0.027069270437764123,0.6025397665540698,0.2938694112027822,0.05460302702226029
2019-01-14,0.8273517355629427,-0.1357759524735858,0.5750641071402341,0.3124949425472715,0.07697337990458233
2019-01-15,0.7939642748985261,-0.381438338201535,0.6484077645003463,0.5917814418704631,0.06545587237282602
2019-01-16,0.7740770654544739,-0.0251514417864532,0.5337698997084724,0.4334759896391316,0.04723018407443789
2019-01-17,0.8122924089311735,0.1418491630276226,0.534316753785464,0.32631386940051155,0.06067915889725605
2019-01-18,0.7612041944083341,-0.13049163496939478,0.5931017151979034,0.32270062116931747,0.059162367224421246
2019-01-22,0.8408714823749218,0.11495465901561985,0.5514985474167015,0.5078204668030722,0.01864732398799881
2019-01-23,0.7761271098351363,0.10731131949990991,0.5357111422857753,0.22018046868071073,0.039969649329715806
2019-01-24,0.8122729555393504,0.2920085952387387,0.5836707791031582,0.36029458121437036,0.022786892307595775
2019-01-25,0.7852415500085728,0.14137672677908783,0.6148587169964574,0.3104023272780994,0.07475380944624703
2019-01-28,0.8644966989010839,-0.08653930950284812,0.5933258571393074,0.4272694321280672,0.06062889903011123
2019-01-29,0.7875957549071189,0.03149883221819802,0.5342802276071139,0.43205982248814656,0.027014717978274205
2019-01-30,0.8028649894263074,0.05019132158315638,0.5684176318150372,0.32810773053225817,0.038343098950834986
2019-01-31,0.7059174882826547,-0.37850306075700235,0.4853947987272896,0.5107392012754303,0.08297506663265197
2019-02-01,0.8221796676986488,0.050385897520328266,0.5965154898025945,0.45127872697766247,0.011890008259990426
2019-02-04,0.7547260104916538,-0.09082646516408331,0.6020622849994763,0.45357436147276076,0.01877764182745517
2019-02-05,0.7147650663279244,0.390692348585304,0.6441099050395829,0.4189962761386614,0.018610567633957353
2019-02-06,0.829411335538972,0.030939194116775266,0.5756878770398295,0.39681058377077605,0.033194026011866364
2019-02-07,0.8507006135357276,-0.013338725331141908,0.5896092610637218,0.3414670799482553,0.09314809681326318
2019-02-08,0.7649241555161794,-0.0010097593839708129,0.5261129798173757,0.44522510410480165,0.06145293579592705
2019-02-11,0.8036366493637097,0.06913615331302644,0.6088933083064874,0.3635721465127485,0.0685134035896378
2019-02-12,0.8101408796799501,0.22005380212524206,0.5705855559387456,0.2554071478929692,0.08822045052379139
2019-02-13,0.7773025491646256,-0.2975418134967621,0.5784467611742805,0.3002862488581347,0.03699439081675162
2019-02-14,0.810307985896174,-0.11766181767169373,0.6647485235365356,0.40582654786848066,0.034104887247194286
2019-02-15,0.7299343710744833,0.21808621306246365,0.5668404133275542,0.3654126908342623,0.048596863926212486
2019-02-19,0.8890274689497175,-0.31031202153468074,0.619593945603025,0.47446415299428785,0.0322205737136125
2019-02-20,0.7164256778307698,0.09817712662696958,0.5235511189491135,0.2579797180270179,0.016391873578657744
2019-02-21,0.731503777600565,0.015531794427067919,0.5338321516267386,0.6073121311291554,0.08299793384418974
2019-02-22,0.7031227607685228,-0.23837388379365243,0.585859496957448,0.1862813988253056,0.019116299895710988
2019-02-25,0.7792858185226136,0.40370236889007666,0.5620715875886807,0.4890598746425189,0.020737719392847544
2019-02-26,0.7372938417413645,-0.15937063822908865,0.5862672827974572,0.5895743777948945,0.030338929225085257
2019-02-27,0.7478106570282078,0.3748064545350087,0.6826459180352045,0.400807857320359,0.06371899886230437
2019-02-28,0.7574819409306197,0.048606306873852104,0.65622675787543,0.30261182049941193,0.06557131250241431
2019-03-01,0.7267485323735725,-0.0921433979506206,0.5848509872280643,0.4647965280783517,0.07295213270147587
2019-03-04,0.7836294507439474,-0.021684078819944344,0.5248066606543598,0.3598502028828673,0.09520528764334207
2019-03-05,0.7262279708651758,-0.23238725673369154,0.5647557784828781,0.4802313657162866,0.031994500463281915
2019-03-06,0.7932167894230674,0.13922993718250015,0.6092449751889477,0.37858616020665503,0.06105875571204558
2019-03-07,0.7265397404053661,-0.09916654458399689,0.5803787974952204,0.2939772084936727,0.004079435878664384
2019-03-08,0.7355853701085501,0.03531284281952173,0.5614223780568743,0.5548016974320732,0.016499327133326514
2019-03-11,0.7044970191058937,-0.12999109122983393,0.5723527431279379,0.5087979546102535,0.03787351575931907
2019-03-12,0.7688362877541741,0.1931071789573345,0.6126125148367274,0.3086549109826633,0.05912340271418799
2019-03-13,0.8232133988884942,0.2161424429237919,0.674161321719435,0.48359786265628024,0.012464187578153896
2019-03-14,0.7535265565840116,-0.13856418573604412,0.6204778848786973,0.27991229814391705,0.09404518168099278
2019-03-15,0.8648942052516382,-0.285025414166804,0.6283174203557451,0.2944314343052637,0.012616911946800136
2019-03-18,0.7646770920138891,0.44836001778562473,0.6397472672034159,0.5230749460624692,0.034373884132129655
2019-03-19,0.7490743545025481,0.11860065518594234,0.5713520869852973,0.23073922502373997,0.03395698856434614
2019-03-20,0.6907766985279133,-0.2293633551022547,0.5998831977550504,0.36576644724697677,0.010713944326371051
2019-03-21,0.7634191661383114,-0.3376933963107538,0.6806994907401466,0.38932664150232954,0.01494036863158489
2019-03-22,0.724193952259977,0.4649863406028728,0.5917534193514531,0.19155463122797034,0.07966459457523785
2019-03-25,0.7328071079977592,-0.031918866198210244,0.6340620873452948,0.270260196158945,0.06884716842439279
2019-03-26,0.7630791951408361,0.2517242615327129,0.6690081073756184,0.49557255046695536,0.009638028322146552
2019-03-27,0.8047569461702613,-0.16147228168036076,0.6208060532591205,0.3834344934972804,0.030575384591921818
2019-03-28,0.7081573421064933,0.07653031459788562,0.5098330785357229,0.4395532766268348,0.04520277289727506
2019-03-29,0.739307224091623,0.034418057969470776,0.5957205837224663,0.25353289310086635,0.08581895499652706
2019-04-01,0.8324996842350093,-0.07532599022118959,0.503122366654113,0.35712959813452,0.017975902868688998
2019-04-02,0.7004281146928282,0.027332989831823543,0.6722576289692641,0.23967283938199435,0.06709010566636923
2019-04-03,0.8359847934674041,0.17312614582636887,0.6857519277428985,0.4237877640124525,0.018478767357681624
2019-04-04,0.7731170368518842,-0.07739494699357657,0.5814680152928366,0.4497721931163467,0.02089766186982045
2019-04-05,0.802721723368303,-0.06727143083066926,0.5773756598021834,0.3262895711309618,0.09030088773441854
2019-04-08,0.6855575469504567,-0.013575600311141411,0.5170853033163912,0.5953642547753168,0.06387798240629582
2019-04-09,0.8168715006991543,-0.22181494092712986,0.6536864869737474,0.5347105489823132,0.06286115978348385
2019-04-10,0.7989199820612367,0.05166406650866067,0.64156385065056,0.5689683870404703,0.015326372676471545
2019-04-11,0.775688495463288,0.20879372290637785,0.6372906064724295,0.45374477677760316,0.04199725398896122
2019-04-12,0.8027339863174778,-0.1983753251213204,0.564360233540704,0.22315477997042876,0.013989461790171076
2019-04-15,0.6799743340471177,-0.25120205255308486,0.6103142506540137,0.3434920272542044,0.02245237300043538
2019-04-16,0.7430715503662935,-0.40273306238366335,0.5565326202645476,0.3526690249851657,0.012603267829550747
2019-04-17,0.8094551947910218,0.22757645506927335,0.5931636502217622,0.3383927001038399,0.04299199697245784
2019-04-18,0.6716276349712333,-0.26165777390735334,0.6211270578643013,0.4582410225038893,0.08076005256849272
2019-04-22,0.7114506757525227,0.1229159863455877,0.627036055699059,0.46007639297363917,0.09670450113799987
2019-04-23,0.7855980971029852,0.039634562988002955,0.696531947451687,0.3906318822724584,0.05632545641434366
2019-04-24,0.7872958165135655,-0.35275132718982416,0.6432277764311587,0.47888509325795614,0.0928950566606962
2019-04-25,0.7528017033479099,0.13007125157491764,0.5682451820796848,0.22769334617436732,0.05832142553968328
2019-04-26,0.7722184107215996,-0.003945494776677646,0.5769563911122315,0.43484927075441704,0.02505843286901005
2019-04-29,0.87245061441425,-0.09112613419735033,0.5739694624327569,0.43537201025728706,0.042018532081140314
2019-04-30,0.7058129324787809,0.4155043528684479,0.6631906144655498,0.41774584037640644,0.09596554663171107
2019-05-01,0.7892556257994179,-0.030895770072708245,0.5849120611161144,0.3637679803512203,0.08161353025799745
2019-05-02,0.8022417530189405,-0.0791288479743183,0.6217429038910502,0.26540685868569747,0.035839742120649276
2019-05-03,0.7928091835390048,0.2911301270766049,0.6161738232815668,0.4637351110427058,0.08013716200357966
2019-05-06,0.692341578266578,0.03805799974019613,0.5288940415129512,0.3620430909662444,0.044829783129083846
2019-05-07,0.7601000984786122,-0.11272522817162933,0.6186435748875884,0.5380632704268982,0.056402867762241696
2019-05-08,0.710359688681959,-0.18057683304362188,0.6293759503361329,0.4848163852272133,0.014485092590537119
2019-05-09,0.8268135177092998,-0.1315177923468331,0.5505271807797171,0.3286757665675357,0.010767966214637893
2019-05-10,0.7756992208936723,0.07623862341982796,0.688274818714615,0.3679355939565639,0.0009684062928251192
2019-05-13,0.7342268284705179,-0.11649000177191426,0.5748796637118804,0.3237347078093341,0.013245089798802456
2019-05-14,0.8218907502392069,-0.29932593957215314,0.5577651449671477,0.4505880452134904,0.09466195679370684
2019-05-15,0.7633379802789534,0.3403444863590579,0.5634256462912526,0.5249627318648373,0.008974963209396293
2019-05-16,0.829079686287272,-0.2412112932289353,0.5719062384100366,0.36544480660815415,0.09401624149574597
2019-05-17,0.8595438357156108,0.19952557188734818,0.6057450069523085,0.34607538936427346,0.09242015980711488
2019-05-20,0.7476291392989468,0.03279991269503909,0.5452706331276036,0.4559941651232624,0.01420492106754222
2019-05-21,0.7770510046226504,0.25448009323432386,0.5935094913696064,0.5117529066441013,0.02733491632778251
2019-05-22,0.7689280259473126,0.08400783975281353,0.4704373461388261,0.4943192204131396,0.0721485384939901
2019-05-23,0.7716057305574588,0.2692682556661011,0.595897112679195,0.4828254310329807,0.01343730599197146
2019-05-24,0.7395816829108979,0.2813795671023355,0.4963370675933514,0.4347005442246278,0.057117941057697186
2019-05-28,0.7481513854006032,0.2742470437449378,0.5737600735243754,0.21549955736871854,0.07858243841286155
2019-05-29,0.7274250453399741,0.2733539282642848,0.6041353256964156,0.5247640380301474,0.061010716546497534
2019-05-30,0.7218194525251134,0.3134605723671457,0.5165823937722541,0.2356611986949263,0.022580928363839715
2019-05-31,0.7662059067961923,0.014574825969103755,0.6122987524431582,0.22830585345850218,0.05488437709629804
2019-06-03,0.7078494682764647,0.42263166334014945,0.6439227412406584,0.34454120097735075,0.06996051787884827
2019-06-04,0.7754799050529717,-0.5613109050563458,0.558683666014904,0.548933752454809,0.04558887828744267
2019-06-05,0.7581243925781761,-0.031439121939620195,0.5734739220302231,0.5572990147858592,0.0633662133529973
2019-06-06,0.8503433952760434,0.23139246916965353,0.5523848254580137,0.430210437730385,0.004720368067978532
2019-06-07,0.7136454237174126,0.13628697387986585,0.5976080368860257,0.3930968975899973,0.09683506546321849
2019-06-10,0.7373943474500178,-0.22047968924978664,0.5787945807462516,0.29042439317660645,0.013846955616719548
2019-06-11,0.817603335429799,0.02382240342979168,0.5856032223972438,0.38117062740702556,0.08567190667916025
2019-06-12,0.7842625743209912,0.5283225401673771,0.5764416277846398,0.3280987073835983,0.031067406701527925
2019-06-13,0.7490394486755756,0.07609980124897296,0.5489173555043535,0.35439203108334194,0.0202697284506269
2019-06-14,0.7923647220477921,0.07812877238611658,0.5245267461897809,0.29464523448886715,0.009764269011284533
2019-06-17,0.7932475619394355,0.35860333364827834,0.5328242199093871,0.33040971825046567,0.07813816616613145
2019-06-18,0.7122856170205597,-0.3488358666105319,0.4809236592707926,0.38217098744100486,0.0309966603585613
2019-06-19,0.7393630099931157,0.13997386064228168,0.5988477792933485,0.405061993321747,0.06612286318054154
2019-06-20,0.8465780353616563,0.4734238228571333,0.6244633307956846,0.3233021322013111,0.03949854367401195
2019-06-21,0.7771419581235826,0.16314689371699045,0.5929917112925944,0.4011309116287852,0.04927345939806959
2019-06-24,0.7627613751414865,0.328692707818385,0.5871254448962591,0.41892500332868615,0.052674708431388745
2019-06-25,0.7255790654377879,-0.10983571881568961,0.5898363253344602,0.34194340823651237,0.033712040534062127
2019-06-26,0.714860624545912,-0.01934301500027287,0.50097865863275,0.5126876558646893,0.06127174257488565
2019-06-27,0.7165783077376111,-0.2489286210698854,0.48565250557529666,0.3552578836628495,0.021680323318444696
2019-06-28,0.8138512769012881,0.3205745678299989,0.5202342956657634,0.44777173779947843,0.03247952956743468
2019-07-01,0.7997766809862561,0.0018265706904990041,0.5312810741495363,0.33462352282749086,0.05911042813961648
2019-07-02,0.7715419968074797,0.0013385920018596654,0.532424474873534,0.5306582832606229,0.07134472716622041
2019-07-03,0.7596389332792919,-0.22485351607377846,0.546020373301091,0.2412219519185359,0.06869611415004323
2019-07-05,0.7703530837920347,0.13719729318192028,0.5118100424512814,0.31779964882575423,0.0501233067479437
2019-07-08,0.8023394514815346,-0.07762281673135563,0.5901386168012902,0.5375964846463686,0.045370642712887446
2019-07-09,0.7813687187016045,-0.06368668167956941,0.5871171604392439,0.4093490283862853,0.0949900715789727
2019-07-10,0.8248142875513425,-0.1655482144603314,0.5009954234909552,0.3236575298555078,0.0489164058636138
2019-07-11,0.7389746115621695,-0.32487692626956977,0.5044124446557788,0.34840800072832795,0.018937031070339262
2019-07-12,0.7854798228379849,0.04735580083423118,0.5470702230380565,0.5003922154400351,0.09432578138635349
2019-07-15,0.8210693951195258,0.021566003146469184,0.6079885441124178,0.2936232475247953,0.09422373447858919
2019-07-16,0.676669397187025,0.2925741187683594,0.5992756389854634,0.47075557088484954,0.03379931964231129
2019-07-17,0.8999789520344672,-0.22898489379687648,0.5569280475615211,0.3406198733075571,0.08175904217675534
2019-07-18,0.8424918174217919,-0.09107809057087524,0.5894328550819775,0.42321683363403373,0.09034399029835218
2019-07-19,0.8130435190320464,0.3488483569769307,0.611812776146539,0.39815159647913817,0.013073454139133479
2019-07-22,0.8358197921104872,-0.3287028010419464,0.6188313443806168,0.4237988099544026,0.0772360610755118
2019-07-23,0.8324992107791682,-0.12769105231097277,0.5924028662585445,0.2822289864988934,0.0997800461651238
2019-07-24,0.7297486481604444,0.10307100796137124,0.5656721419186672,0.2650995533070894,0.02905693253444516
2019-07-25,0.8145057921850318,0.0047342697360743015,0.5127749271552395,0.44594066023587065,0.02930493489968432
2019-07-26,0.8362437858510002,0.22777470198422703,0.5542597155948813,0.3248274280094237,0.036743156493255096
2019-07-29,0.7777546989059205,0.11907139719356691,0.5685876395605396,0.454166150582485,0.03905817446045537
2019-07-30,0.7921813116067314,0.014852632671520292,0.4452216958084518,0.20739123504307577,0.076128935468696
2019-07-31,0.7860646567766627,-0.4826480604641016,0.5578079314416202,0.37243381689679733,0.04756374750723367
2019-08-01,0.8361749494311361,0.32841101378859344,0.4950313677730682,0.44258897358359395,0.049019822362643184
2019-08-02,0.7284100872195345,-0.0053160298326451454,0.47681824392363553,0.366099897767528,0.014764988606430864
2019-08-05,0.762383098158657,0.14565984359279333,0.5322040209470678,0.35977491132043815,0.0846486592650982
2019-08-06,0.7591528045634902,-0.055882696092098706,0.5898779075431175,0.3340631365467127,0.09416340218398807
2019-08-07,0.8133474129660474,-0.06809260567462642,0.5098480816285212,0.44651128429031606,0.09008532793677357
2019-08-08,0.8008435292755463,0.45180207006568174,0.507709472385106,0.2625433042695213,0.08054249034108316
2019-08-09,0.849695148071737,0.17169564502668586,0.5793751189432009,0.5536668435468571,0.04260937325075834
2019-08-12,0.8483374137199907,0.2923401969595563,0.4794158476165532,0.4382885274760714,0.06224108785180658
2019-08-13,0.7943374078321652,-0.1578785876995701,0.436167786443266,0.5553470592266903,0.09697168248735685
2019-08-14,0.814731792185949,-0.054952076959650265,0.4529705891052583,0.5078377670368216,0.05558348478742932
2019-08-15,0.742237678564966,-0.10696633022493068,0.5585599320007927,0.3297179974979158,0.07805524893656483
2019-08-16,0.7006757105498793,0.04126863295822838,0.5403643023834415,0.23957058384958246,0.09624784855067438
2019-08-19,0.7572011632195073,0.1870842197942784,0.5065853461438966,0.25545395164408413,0.06164910104315703
2019-08-20,0.7545772423055208,0.0751233917850883,0.5164867768544984,0.3491454575549751,0.04943358486048092
2019-08-21,0.7903579156231615,-0.028825184331964515,0.5371284892665099,0.6008016767811591,0.09661222655950313
2019-08-22,0.7816561267658951,-0.07465786399406442,0.5488888481904652,0.4149093597162602,0.08068500856164215
2019-08-23,0.8425201319103417,-0.13242908156727726,0.4983388071711042,0.3454816913590684,0.020193090680137138
2019-08-26,0.8271482458396693,0.11017634251799796,0.4913422424330352,0.2915557920661637,0.034689072451315806
2019-08-27,0.7617152913333403,-0.09474284864449754,0.4523947886835434,0.44882025550021043,0.0852915176371462
2019-08-28,0.8256372142465419,-0.3163844744374582,0.41867486221168165,0.24159968238817095,0.057478054225488906
2019-08-29,0.8320432053644959,-0.022121162953576117,0.5063268959404466,0.4439615586494575,0.07161410565711582
2019-08-30,0.7524290668690679,-0.10082106548295298,0.5417893399565521,0.44638961020769086,0.07923208773518547
2019-09-03,0.7541757713298904,0.029484759795760276,0.5290561674851828,0.4502255505078652,0.0961411569080291
2019-09-04,0.7796644955476314,-0.20752495374434368,0.5855444238457078,0.2577991633096314,0.0766856372275515
2019-09-05,0.780512957056609,-0.21266760172750906,0.47646018900972986,0.36169338147078395,0.07181893312756038
2019-09-06,0.8595585750482396,-0.2612672516723275,0.47828152255287043,0.41789881500965936,0.07574582658809038
2019-09-09,0.8317347434851943,0.13720151835019637,0.5469147508936563,0.48860787956641927,0.055718708695172384
2019-09-10,0.7915913941897615,-0.677693756932365,0.4862891319973991,0.3703731973673594,0.008054800405247076
2019-09-11,0.8066800575061941,0.22302315353579086,0.49801929628,0.37864484073757504,0.009579108841488548
2019-09-12,0.8272908089303143,-0.015938977401548995,0.4458445198850557,0.34488357913824397,0.0010047494227811372
2019-09-13,0.8636990995819208,-0.0936602901600308,0.49835409521966273,0.39078424792099453,0.07956316253267699
2019-09-16,0.7568670643645975,0.25674628298490326,0.5315663022702695,0.2976438550573833,0.02699214945469397
2019-09-17,0.7727991756086919,-0.15921352201749506,0.4409290804200572,0.41172626751425606,0.0032349019423578485
2019-09-18,0.7953598857462806,0.3331834063774071,0.5015226947547836,0.3108902450041956,0.03809219503639362
2019-09-19,0.7550022077537035,0.21440553230444093,0.45126184517047063,0.5745248004234776,0.06420209994841869
2019-09-20,0.8275208060460222,0.03904633160469045,0.589726071844306,0.3896204392258792,0.01609919529463244
2019-09-23,0.8772007374742259,0.07654513423374919,0.4807407762396981,0.19681269242538432,0.06604877064707243
2019-09-24,0.8254039322273505,0.017010593246720322,0.47430821892896236,0.4200441327571205,0.08560596758487624
2019-09-25,0.7137285271441867,0.5347208771083557,0.5407456345092001,0.12208206192876586,0.04052888014789527
2019-09-26,0.8245421529614374,0.2089651475443442,0.5094031834451012,0.4209774735912808,0.04054471958656162
2019-09-27,0.8120157973309026,0.05079120762847126,0.4967008291236515,0.628367240029241,0.07130907653526831
2019-09-30,0.8409175833113987,-0.2945419910068589,0.5337767870980094,0.4217861936519589,0.0479805593213764
2019-10-01,0.8437523654573473,0.06668475608006676,0.5662244199062179,0.3940149105248746,0.06336641220265585
2019-10-02,0.8122919867015067,-0.1526418538308482,0.5157793575767184,0.29689651197629585,0.024899938645147758
2019-10-03,0.8148028210358718,-0.11975961349861011,0.5285334431784809,0.41299420893099653,0.04359741322763791
2019-10-04,0.7445686351223912,0.017456844677865024,0.5296261520245223,0.4510832804966868,0.06055346894967883
2019-10-07,0.7990576610124072,0.07970583678182029,0.4619249000630193,0.3137274644895196,0.033884227964136475
2019-10-08,0.773679990123098,0.3150422364993083,0.6499677215911862,0.2764060375898132,0.020250262799467303
2019-10-09,0.7839347220099615,-0.25499183360769556,0.4467006556922167,0.4224047664673428,0.016286408173570587
2019-10-10,0.7780267215842047,0.1247175958870913,0.4498095000923762,0.3167277333121698,0.06826158470934972
2019-10-11,0.8542862379690319,-0.27419935683430685,0.4943785460177672,0.5190916655899396,0.03420491269573336
2019-10-14,0.7413402667794015,0.07194138058948117,0.5706601133562588,0.32488366752816583,0.0010968874811359108
2019-10-15,0.7949811085930915,-0.037520054563038224,0.5202178750404796,0.27570348512987153,0.03798818090170021
2019-10-16,0.7104251867470703,-0.2341550260704863,0.5001474160223347,0.4713382043969623,0.03997861783676755
2019-10-17,0.7888546894804319,-0.005224650264391789,0.45706472651302055,0.4266874661617519,0.014519218481956565
2019-10-18,0.698443686795549,0.07844948357641862,0.48876829500178265,0.30230258516385855,0.09345875782436097
2019-10-21,0.8414873452353612,0.040347617331096576,0.5067767493691108,0.3043520745201896,0.01716681994988638
2019-10-22,0.7684401866729594,-0.051581599548268124,0.49457272118793144,0.43596369723835626,0.01658449308151936
2019-10-23,0.7810637210121141,0.09926391474468536,0.5160916715592841,0.3546554765866418,0.05547787571004345
2019-10-24,0.7823464903655093,-0.21327283466486513,0.5446379414220717,0.4021746143850858,0.06670400483090036
2019-10-25,0.8209635324069308,0.12305456024997391,0.5091034259980755,0.25213163445320663,0.06252251151101117
2019-10-28,0.7197596004192927,0.15790579761949936,0.5082308574524176,0.4025667972338251,0.03390988261844389
2019-10-29,0.8142539724015186,0.09519479943980957,0.5943359566990992,0.31496217304370355,0.04373073961083608
2019-10-30,0.8059080870054968,0.10525435203741927,0.44130592629860577,0.4352339231360198,0.08891081378034571
2019-10-31,0.7714297979370764,0.13343172616177829,0.5442769782878677,0.44449198125755235,0.08555186273387792
2019-11-01,0.7749399037097877,0.38316509034340857,0.44349080033670324,0.48697894369932526,0.056002308565695574
2019-11-04,0.7419368655381959,-0.26925533928961504,0.46698697039314196,0.43755366573947563,0.07496878995556211
2019-11-05,0.8002994388441228,0.21922543115308338,0.44957700030493575,0.5190189252313209,0.04787082728094107
2019-11-06,0.7371112884390963,0.3223716075886485,0.5008536922964604,0.5222800811783989,0.08775997736085606
2019-11-07,0.8127822075216382,-0.347933790448693,0.5312095151940862,0.32700252456082624,0.059517003053532774
2019-11-08,0.6799640705607617,0.10612409457197776,0.42115621169423306,0.4436242732011303,0.08717083469828647
2019-11-11,0.7855865192738318,-0.0663962940559462,0.504464732744251,0.4730019087474004,0.0049453085291925715
2019-11-12,0.8307228268239275,0.1422631757481,0.5538755853666373,0.4260258079121245,0.03156457635353617
2019-11-13,0.8734973278284822,0.2671346725555527,0.4977012700487245,0.2636628145909293,0.09173576336941713
2019-11-14,0.8287217717305647,0.07547291592162159,0.5430338881969339,0.24638848518531561,0.05876083683810285
2019-11-15,0.6716363114731579,-0.31241188160225186,0.6245329214495108,0.37227002013350124,0.08984607482552999
2019-11-18,0.8097052677716435,-0.339371610926378,0.5599691028359591,0.3963097316084209,0.00097944665178632
2019-11-19,0.8375075089936472,0.2432672273595542,0.5333944354391199,0.4142380457703326,0.0024551332619284884
2019-11-20,0.7724644860802347,-0.41038740806140644,0.5243291979588321,0.40177324216797905,0.08506096416422752
2019-11-21,0.8587118021761605,0.08299426096209322,0.5311070024021204,0.29893209382529573,0.04936268087061677
2019-11-22,0.7342682776133206,-0.2453495086395527,0.5420115466306232,0.31075962293427917,0.07409563570965466
2019-11-25,0.8025952847536382,-0.16233622407072,0.49620331460510575,0.34140457530219437,0.08459538640089963
2019-11-26,0.6930653346321989,0.1518880432350084,0.538952735624573,0.44621430066951384,0.08121469064529434
2019-11-27,0.7609688999029036,-0.1576516343352721,0.49325527619724463,0.382747153994219,0.012657562561367276
2019-11-29,0.8307937456003204,-0.23509848390628016,0.5010114301124985,0.3531428846881701,0.060925933155415724
2019-12-02,0.8134836022407322,-0.2520092533659697,0.49217565446352446,0.4518672967627132,0.07176258928564631
2019-12-03,0.8924838302652093,0.004130508282973166,0.5748761458605147,0.34665128209867285,0.08365073528063412
2019-12-04,0.7700404516416706,0.327128944595972,0.5884796982114129,0.5586359817508348,0.04206120956403532
2019-12-05,0.8109769229065192,-0.04327046844789464,0.518355253935413,0.3982304194949797,0.06443741786671209
2019-12-06,0.7939718824005506,-0.06905586610549419,0.4929830904351171,0.4334595320802534,0.008418197869598664
2019-12-09,0.8600974708742684,0.24987765086804148,0.5054936785394452,0.28934220543494266,0.03772587934707024
2019-12-10,0.7057535570789459,-0.09106975654625207,0.6248932625252822,0.4029306600956565,0.01520459180546997
2019-12-11,0.829689354861649,0.12092115235497461,0.5229438791913658,0.23280021629195827,0.06304210023052141
2019-12-12,0.7617883750744681,-0.024471936917102144,0.5182050007689482,0.6364836094396132,0.06812285343257256
2019-12-13,0.8060337288145593,-0.11901712510846328,0.48372879914766576,0.3868234820388434,0.001993743647920965
2019-12-16,0.7860753924069281,-0.0248472441661685,0.5010332535122456,0.6869481782841544,0.09570636866776722
2019-12-17,0.7729041467405199,0.35507604190844844,0.512686736311664,0.4654094832943287,0.05776502700380968
2019-12-18,0.8009504499629904,-0.5361110500168792,0.5531873710650366,0.4214970756952697,0.05637003820353464
2019-12-19,0.8797602996999845,0.3104479917381959,0.6275539603420305,0.5816780380775854,0.06610971891929428
2019-12-20,0.8389667935297728,0.05177326573285789,0.6603903161793258,0.29856790056282634,0.04800113097459702
2019-12-23,0.7773609438281718,0.32035097820959135,0.5162018891781559,0.5151530015156139,0.045081336982029145
2019-12-24,0.7464061168397688,0.4410742259110314,0.47974238284576015,0.5800427616016262,0.025906559113382056
2019-12-26,0.7756174817126033,-0.034674177447673385,0.556560607022148,0.4338301417824466,0.08815773957030935
2019-12-27,0.8318354210024365,-0.18840657101630665,0.549030894278006,0.40531329925336784,0.0970036613530274
2019-12-30,0.7441533652548763,-0.007450563830377398,0.5192389114701527,0.5846875885002617,0.02070165465261732
2019-12-31,0.7626134942261038,0.17744572614513862,0.517056056662951,0.3116675188524858,0.07221340326140356
2020-01-02,0.7554336300500545,-0.2966484309676146,0.55104176256211,0.3882997803865673,0.05609820015536038
2020-01-03,0.8607743063043818,0.1271113677639319,0.47781298886383683,0.3870873085943821,0.08303028788327196
2020-01-06,0.8317612048077492,0.2932292359864109,0.5858620119567268,0.43834894695780385,0.007962743860069722
2020-01-07,0.8264120318058057,-0.2220825339254695,0.504055061294728,0.5171872428846788,0.09022117696309478
2020-01-08,0.9084172259324448,-0.08556798761914089,0.6542666527644058,0.29958488558262053,0.001468058898595348
2020-01-09,0.8140652817105714,-0.2331739768985404,0.5697260884919783,0.26493737948187035,0.038723546035488
2020-01-10,0.8401102515339602,0.18829179480578068,0.654621803616491,0.4503889086240751,0.07739486252280822
2020-01-13,0.7983277975839104,0.10102329649529217,0.5191005302119658,0.3676262008896668,0.008838743129360593
2020-01-14,0.8663133119910335,-0.4505279506883282,0.6543788586481605,0.5015773917087203,0.06905841192751469
2020-01-15,0.8315791927238798,-0.09271285530148587,0.566280185447586,0.3485416572913038,0.07554047460245263
2020-01-16,0.7638416460638977,0.005956843839080449,0.5072279828022697,0.28252778909762655,0.07384503575553607
2020-01-17,0.8386919729859591,-0.0575105635175322,0.573128855089646,0.46808329599458215,0.08699404307020189
2020-01-21,0.8052158731677111,0.070238911849616,0.4935509028139713,0.3978392003568093,0.021106903689668145
2020-01-22,0.7294889764794836,-0.12009000396625338,0.5485641733108357,0.5234132699030405,0.036135332351267944
2020-01-23,0.8085875898678547,0.0994487506823729,0.6096734758783013,0.32884246100011627,0.015178656288091875
2020-01-24,0.8092850320185094,0.00913422726209359,0.5598793514488231,0.4432283461062871,0.08297890793771764
2020-01-27,0.8528707005380156,0.30590237673934373,0.5485094458006551,0.34096966261579537,0.042222293000772015
2020-01-28,0.7583906145590182,0.20265625350492178,0.5975251019679927,0.5981125782448476,0.03338991778029837
2020-01-29,0.7249730202035151,0.045038987885593844,0.6002375823487938,0.34994510929839784,0.038070771129911085
2020-01-30,0.7634360806279877,-0.05409696853628873,0.5321611529974245,0.3599377046218606,0.04516913733847207
2020-01-31,0.7860428804832728,-0.17040682136209517,0.5663254623255692,0.5570890035122131,0.05828520931400915
2020-02-03,0.8031766897849842,0.43116114045667475,0.6702889586555842,0.29134229136341894,0.006597668791546119
2020-02-04,0.7526573155785503,0.14541522767436474,0.5876741338209809,0.29920807011612477,0.045077581097698396
2020-02-05,0.764711870634065,0.03385664575013728,0.46407022981633067,0.36258696379691235,0.06212239394606252
2020-02-06,0.8163515824951828,0.01675395657080319,0.5234634069706684,0.2571231345793371,0.047800401242225204
2020-02-07,0.774187231050719,0.02155851938173147,0.5762493997649871,0.5053723431611052,0.0027568776850554035
2020-02-10,0.7718954405450084,-0.1876714283624631,0.564241646569496,0.2887106110947414,0.011051316397151269
2020-02-11,0.7815272336225395,-0.1689040734428673,0.6018442341189797,0.38126304608568695,0.08032948940504203
2020-02-12,0.8146542013230833,0.08646377451425595,0.5983170226657964,0.19014153694052816,0.033919436024403275
2020-02-13,0.8338349741958289,0.17941598039087106,0.5832580015433583,0.5179471229863192,0.08732378641476207
2020-02-14,0.7428942843342375,0.06600210324878125,0.6164226389569583,0.47625334861915836,0.06163183831063504
2020-02-18,0.8195654620781749,0.37065207057185534,0.6195515118207879,0.45319058265878587,0.008785996374257055
2020-02-19,0.7473716550558166,-0.011803179182508988,0.5808868630222747,0.47556702217344665,0.05585795493057142
2020-02-20,0.679091144673741,0.20067038464012232,0.6221457983821672,0.17345852018158914,0.014692774343885263
2020-02-21,0.8076614598634855,-0.029528412874794005,0.5590934789641437,0.2744322277465523,0.07704519305279028
2020-02-24,0.8518875820259019,0.15317562885200878,0.5473329324007404,0.31255157256591276,0.09011761683465416
2020-02-25,0.8447934474669672,-0.034829587216406055,0.6459548650225553,0.2770399967886805,0.038311292553622034
2020-02-26,0.8275050563903793,-0.14767265828465007,0.6229787435948183,0.6068152733164008,0.0957759407524435
2020-02-27,0.796532485184635,-0.02761692279335431,0.5795428893957716,0.4232433556563155,0.09357725710803785
2020-02-28,0.7016064692221553,-0.28160687947490887,0.557484145928025,0.3528423189151384,0.06564376804983012
2020-03-02,0.8045878659307648,0.1539589560912772,0.623728569211237,0.4061314071811526,0.08488678396354751
2020-03-03,0.7389502240927056,0.04559672606916971,0.6527130996257253,0.2386266171168656,0.06900345834233527
2020-03-04,0.7699805377641331,-0.14758035126207159,0.626278550154976,0.377570303567648,0.0174048814252468
2020-03-05,0.7484384126902837,0.14813742272072022,0.6015788509278961,0.4009798843350319,0.09533973209942986
2020-03-06,0.8165041213624717,0.04873015640791456,0.6019369262782949,0.3521233906165788,0.032678294357088356
2020-03-09,0.8772226547300173,-0.06790262907332106,0.6478944738369815,0.279998473026341,0.01899154620124245
2020-03-10,0.7255905747009217,0.19318610454402219,0.621493999163816,0.3462177336641836,0.03296319332762315
2020-03-11,0.817780564703426,0.2295210646837135,0.5744580218724744,0.5379487955606215,0.00558640026519337
2020-03-12,0.8278906612126296,-0.22803803889960636,0.4711517391256115,0.3495670489948457,0.07852023093134518
2020-03-13,0.821655012860967,0.22564497302351427,0.5752926364228581,0.4804295915738659,0.04906333220390392
2020-03-16,0.8068205605300258,-0.2608749308188941,0.6497931063840092,0.4573642809283695,0.02143429477028741
2020-03-17,0.8190582784920891,-0.11813987376864994,0.6127639397968133,0.5207181322558633,0.008670371834392444
2020-03-18,0.8083769891665492,0.288643551145246,0.489668666479834,0.27749787795887926,0.024495662623897775
2020-03-19,0.6976747373714546,-0.08586579794900179,0.65590726954898,0.42538256317344875,0.09510269549642063
2020-03-20,0.761150936555687,0.04141479933971023,0.5442526314195192,0.35059396189003333,0.09722238600732512
2020-03-23,0.8084012392916136,0.22119208113339472,0.5915477439649962,0.3566750752517548,0.018610777315620965
2020-03-24,0.8098855501037426,0.17017670324355424,0.6453070111762058,0.33443727734399875,0.04553724232015421
2020-03-25,0.8011533583096268,0.1007835227327721,0.6857175368924153,0.40292386081179266,0.00824255676066793
2020-03-26,0.7891117719280248,0.16302746552103398,0.6511761285074465,0.50068619155737,0.07543483009840368
2020-03-27,0.7593309420194325,0.023769698977466034,0.6086594768988897,0.23048541550261512,0.032771875030122834
2020-03-30,0.7982151644653797,-0.2803623632187673,0.4768696012737379,0.49359127489956256,0.061726826288235837
2020-03-31,0.7657367782910581,0.03945315163858504,0.5198523021074903,0.4095800328628364,0.09227739307276907
2020-04-01,0.9020402698681438,-0.021776694572746502,0.5701892491440889,0.4550648067894445,0.007846938794315373
2020-04-02,0.7225926564985108,0.3392805377121204,0.6954726979263833,0.2914895176108435,0.06966177465730783
2020-04-03,0.7359050115147825,-0.26261740797978084,0.688333777284001,0.36472673769876474,0.04265488138272542
2020-04-06,0.7303824471860345,0.07072376148265754,0.6646866459318016,0.5271775624105608,0.06712386880408687
2020-04-07,0.7797286235692311,0.05008032856581002,0.5105518986287846,0.6255508823321387,0.012699796812269615
2020-04-08,0.7666881198325651,-0.010558703840652425,0.5391409081633775,0.2876298088569358,0.04147668179934753
2020-04-09,0.7215474605100983,0.428201426159337,0.5400715489062405,0.5131844382960989,0.09016845770896262
2020-04-13,0.8290247081719688,0.20806644783101338,0.58633216139597,0.5011998851475369,0.07786552784284363
2020-04-14,0.749916376992779,-0.18406266295681875,0.5511287494308847,0.6053892257548761,0.023203227392158646
2020-04-15,0.7731821862410854,0.12683881403964792,0.5537599199556649,0.46268414476075276,0.09726578491335702
2020-04-16,0.887487147695857,-0.07524188676171885,0.574608980977794,0.35753695966854354,0.0821668625970592
2020-04-17,0.8823338891004998,-0.044434491125509096,0.6566319302971434,0.41176353939832677,0.011698969046100594
2020-04-20,0.8044751282328385,-0.09704905930267685,0.6836687592764501,0.29120941445536747,0.05162550337231778
2020-04-21,0.8188027080080834,-0.15820238357495553,0.6508638945688084,0.39430631984659503,0.0712758070910247
2020-04-22,0.747391919512768,-0.000506061493671941,0.6005128488089784,0.34032240046349593,0.01968167265168951
2020-04-23,0.8119522052015443,-0.06791060623533315,0.628995469048551,0.32531053296399953,0.00937863655101935
2020-04-24,0.7844766441681067,0.09220750553349082,0.5800396454825895,0.3385919436675943,0.07481225290783634
2020-04-27,0.7341381942378957,-0.03502864649123546,0.5335219403688393,0.19922498599186375,0.08302570876013443
2020-04-28,0.7766977542283955,0.2971732802376015,0.602492969971204,0.4847396131639241,0.09450655849755192
2020-04-29,0.8451954359952469,-0.38532930526822834,0.5511817965010017,0.4276855837672851,0.07141682677971777
2020-04-30,0.7876360195729527,0.22530553672403708,0.5381962007351521,0.34242859811536064,0.06976088953189774
2020-05-01,0.9130601353109512,-0.17783458524102136,0.6287840017674141,0.49074235663899596,0.07135494300397602
2020-05-04,0.7481784708041824,-0.12695408672391523,0.5695021253249419,0.32792544426369785,0.09305094675850845
2020-05-05,0.8441224158436762,0.49944353909802913,0.5774715513694455,0.33695993641330796,0.03831894522731288
2020-05-06,0.717001942136585,-0.13362520505326683,0.6579459120857453,0.15733090455329776,0.004205696475560616
2020-05-07,0.7713873541958737,0.09738399516077423,0.6557122261681608,0.4345945501786566,0.025642517635984376
2020-05-08,0.8370756685018051,-0.15043734871922668,0.5810887370822453,0.4570684375260647,0.026162248846805947
2020-05-11,0.7796776548960739,-0.0004954688219994241,0.48885815473324346,0.28469425204985177,0.09801274362991119
2020-05-12,0.7492299234608664,0.3697778995234814,0.5840875879758864,0.33852167365755054,0.09086962340551163
2020-05-13,0.9037969776020954,0.06443283583139418,0.544657853162569,0.3908255875420879,0.0038200889270262
2020-05-14,0.8633176884347388,0.0509631468404985,0.5860812612263809,0.3096053532813732,0.021518316349241576
2020-05-15,0.7551940199135779,0.24171623242299467,0.6646895230736567,0.43446270683499777,0.09661773327170242
2020-05-18,0.7751735312792501,-0.16447871300101619,0.5908244606970617,0.43457350856644006,0.06984769074972684
2020-05-19,0.7941443245520914,0.07836717609299437,0.5979067381163261,0.39300540841823145,0.04137075626548551
2020-05-20,0.8026099056377651,0.153218549153251,0.5559991679221269,0.49739784740999116,0.08626020682517893
2020-05-21,0.847778912492853,-0.16413973885736158,0.5728961747907555,0.25077964229185473,0.0983227583265084
2020-05-22,0.8221336004276816,-0.47107565927104567,0.5318102275433674,0.40307580908371243,0.01190872682211084
2020-05-26,0.7458537979013298,0.14082871591047283,0.5720403537586518,0.3826371700786399,0.06502038345592896
2020-05-27,0.7899689608102037,0.04421169999915814,0.5950131809395971,0.5341359044936687,0.028035318659827137
2020-05-28,0.7585948832011035,-0.06756088542740708,0.5076992940531274,0.21285308446333998,0.0008968185084507474
2020-05-29,0.7194708851459475,-0.31715925052215854,0.512778497714874,0.29048928142034874,0.0976729300771465
2020-06-01,0.8144786489477649,0.07071836277465392,0.6653727764975641,0.3832462723199796,0.044482177133910145
2020-06-02,0.7581659284784317,-0.3751729600738186,0.5921950959114347,0.3148503987942356,0.08603061310641551
2020-06-03,0.8436488741032435,0.022997228143111996,0.6694068028357828,0.3665075157098564,0.04863924094950198
2020-06-04,0.8382017742753355,0.024341844289176177,0.5872199555855364,0.21436787453305822,0.03097093400327259
2020-06-05,0.8167616005597039,0.4393471823126202,0.4918701050085197,0.3306512660866744,0.0018832658301299544
2020-06-08,0.7239663298241962,-0.006013049279772659,0.528781661740236,0.4909336854105622,0.0988615228567107
2020-06-09,0.7699498415172001,0.15982790765795904,0.5582631302327934,0.43646154956293776,0.007685269331752309
2020-06-10,0.7263124705597142,-0.280410796625583,0.6217785973892659,0.4157060949465918,0.08654063489114423
2020-06-11,0.6920755231582164,-0.09426223197676582,0.5930679331592716,0.45866752559231955,0.018048769631525696
2020-06-12,0.890444986497861,0.06300274386306623,0.5204676673265736,0.44642927282871614,0.05249890343067906
2020-06-15,0.7694035668695979,-0.039519159110665905,0.5383753758352348,0.324339033667233,0.0023111788328267213
2020-06-16,0.7634858549656174,0.07450144140781621,0.5026454844082242,0.40410886724629147,0.04271548780679844
2020-06-17,0.8497286024958428,0.03319820687052422,0.6270087370271208,0.27397899506335743,0.09114694465958675
2020-06-18,0.7462587725469042,-0.15740993571058715,0.5780554561645204,0.3367210974865714,0.07682906552103203
2020-06-19,0.8065390760775605,-0.2559954244127473,0.6314932949316849,0.33459152529648634,0.020822864766386086
2020-06-22,0.7556769446280193,0.05757542551960455,0.5257466665813494,0.42289629604857537,0.09762596390098287
2020-06-23,0.800717953736247,-0.02745696108984308,0.6202601773138762,0.2659342683023557,0.07132607733816441
2020-06-24,0.9009386546982323,-0.00656150686338532,0.5677453404997648,0.4359290768561897,0.022749081994845734
2020-06-25,0.8322411263586941,-0.5550348938631998,0.5406843799145715,0.38255252495911257,0.027438223946286634
2020-06-26,0.7352069105859572,0.17360515869065682,0.5450801586837198,0.47330282021325226,0.05651817500971325
2020-06-29,0.854042211493808,0.26305490886374294,0.491741845047405,0.5512174187639014,0.00880723548090292
2020-06-30,0.8007818274842411,0.08471715541368718,0.46584232767624967,0.486832067482305,0.07605374279615318
2020-07-01,0.8225455408071007,0.284716297043644,0.5813376777390251,0.4389026482497621,0.026657516928964776
2020-07-02,0.7714978420151382,0.031598309161432546,0.5736862965985915,0.45098430790003113,0.06489571933113202
2020-07-06,0.7894431352017375,-0.25075573968858256,0.5354606994930656,0.4730757690487851,0.049357882436260415
2020-07-07,0.805118264331034,0.2880209641233819,0.54458718008187,0.349098649053739,0.029553096053783548
2020-07-08,0.8017151592943903,-0.18768667572360012,0.5614622608429073,0.4651304569487507,0.020299099276084188
2020-07-09,0.8103751071742621,-0.0691014022072124,0.572652101806551,0.4499383844391437,0.01804655496201244
2020-07-10,0.7684112644310244,0.2933482612661838,0.5132498396751937,0.3757633207594658,0.0941859860677161
2020-07-13,0.8413134394854448,0.07331163534212638,0.5527164580280213,0.5043108766810023,0.062388974740428774
2020-07-14,0.7639167564780652,-0.10209670449960716,0.5988350663226684,0.44767801045182654,0.057053892545503374
2020-07-15,0.8770880610422062,-0.030483961337666433,0.5582906270144559,0.34756758376163166,0.0665290956749416
2020-07-16,0.8293403999428125,0.29571030181411256,0.557408159755803,0.4803197582669725,0.09130641198014218
2020-07-17,0.8351627367871618,0.3553563549113795,0.608562052329259,0.32427415204562227,0.08726128438600927
2020-07-20,0.7506183679996519,0.1252324478697862,0.5430819526247346,0.5732629009615449,0.022575910879922424
2020-07-21,0.7331491761128999,-0.15444664089742982,0.5829887619501892,0.5068984047737956,0.06144020007440986
2020-07-22,0.8044769228688886,0.04904574803255071,0.48040043228161566,0.2962877489018698,0.032935880432897614
2020-07-23,0.7204752150588094,-0.04762389391316316,0.5679338634881763,0.5622393326653803,0.0691837457880124
2020-07-24,0.7682434685715489,-0.1790329439607772,0.6007300895300076,0.3264886656624624,0.09170893685490489
2020-07-27,0.8151094731548036,0.07190985749060248,0.534924839637462,0.6411073230431986,0.053035124043252106
2020-07-28,0.782745683845738,0.07742172619491842,0.5963163369191563,0.31404052653114584,0.02466722249871217
2020-07-29,0.7825006595518029,0.1338294408385788,0.5366115841862877,0.4698256228440518,0.0909651165909469
2020-07-30,0.8000392069532826,0.38283862478187514,0.5575694854282729,0.5757801482408407,0.01740050676482805
2020-07-31,0.8014101942200159,0.03473886943733761,0.5488504055514231,0.2454523859207298,0.05728748258021763
2020-08-03,0.7842177850997406,0.17623252998048575,0.5673422978611179,0.41023477750665216,0.009117357999946707
2020-08-04,0.8033857246215562,-0.2679570834371043,0.5856192303729428,0.5522198353576864,0.0555975719715473
2020-08-05,0.7765675423570233,0.03685273572376523,0.5634462260006534,0.46625913988547135,0.04068361159667203
2020-08-06,0.8263336729206009,-0.006692535209591496,0.5524997525180497,0.5203398329411022,0.005825942487571978
2020-08-07,0.8087117634528092,0.05141066543091878,0.5254198873950741,0.6033037732232887,0.008741069385121382
2020-08-10,0.7435192146245578,0.2541310390218922,0.505745766972906,0.5536741149652555,0.05976595391079847
2020-08-11,0.8126477888643883,0.15293187157686336,0.42198620032076595,0.1897213640537367,0.014462289020971431
2020-08-12,0.8464559203822928,0.05722871813674557,0.5441211127997722,0.25111067641595564,0.03480881979906282
2020-08-13,0.7934406625792336,-0.12878226717652952,0.4655317249868933,0.5010860846374597,0.03181495098878894
2020-08-14,0.7403005871469923,0.2515458895845733,0.47597575864190633,0.3341539028098313,0.03697631171477588
2020-08-17,0.7945889381576324,-0.10555325602739218,0.5473840998085034,0.3831688450536519,0.08969162554524897
2020-08-18,0.8387160071488062,0.3219182263942957,0.5027446168246629,0.2566944758812503,0.059155819059525355
2020-08-19,0.8309632747782946,0.08459306223988032,0.5579711736438284,0.43080708458782374,0.09409522375529367
2020-08-20,0.8066590985270076,0.16059383607920782,0.48959258769273517,0.3891744536093679,0.02948073642315795
2020-08-21,0.8238765546722256,0.0002813524438968594,0.4564989665049909,0.4501832586887565,0.03713929471972554
2020-08-24,0.7633597129745264,0.07944773561353687,0.4401464262649114,0.28486887459095156,0.0751518389342809
2020-08-25,0.7648606774428518,-0.051466090104437416,0.4949918050902431,0.2889693920743667,0.09763001115150698
2020-08-26,0.7388731297236529,0.09270858605386029,0.5192217523455253,0.36806585575788664,0.06201274576360538
2020-08-27,0.8360109397606599,-0.19821545317651962,0.473230111105026,0.2824690186502118,0.07350899826545781
2020-08-28,0.8069729323627004,-0.03866250930138333,0.49199164989496363,0.398484638994056,0.026532275410874596
2020-08-31,0.8372382285323668,0.004482398685403708,0.4755269482418925,0.3981831922599184,0.06890142006109753
2020-09-01,0.771061050003825,-0.14169919632810066,0.3929930520556086,0.22394076853255046,0.004973182466332738
2020-09-02,0.8012134381101963,0.02803872920688287,0.5334167211351835,0.27170197685965314,0.08538981539508068
2020-09-03,0.8234993653268065,-0.1431882126254087,0.5065761238283215,0.34930543177489803,0.09735860443354544
2020-09-04,0.7449396638089157,0.044023642280802994,0.42993138620501337,0.44318875567627347,0.012888943924439056
2020-09-08,0.8600970562824751,-0.06997340045349806,0.5060675626354659,0.341533113075825,0.02181781076833437
2020-09-09,0.7790786802939812,0.02333533947908212,0.43390007086168414,0.6001362659261631,0.0009928368640657382
2020-09-10,0.8305800331403996,0.724487433793152,0.5205652778470831,0.42192348435242616,0.051872110247836604
2020-09-11,0.8098829462347954,-0.10282988877180761,0.5600703779781712,0.4745346209867885,0.043094202924260354
2020-09-14,0.8402929909639577,0.055690128286434375,0.4861464891692513,0.5329037382310009,0.04546922663543849
2020-09-15,0.7791330868198904,-0.18978837420330574,0.5343131276935904,0.38282547342940465,0.051875381284337885
2020-09-16,0.7616998492462849,0.10246201849028186,0.4133623513756199,0.37304473642712366,0.07574045115844935
2020-09-17,0.8294916616861137,0.23724019310325517,0.5487858091049529,0.31892425099472144,0.0718826817099224
2020-09-18,0.8880619498587687,-0.05679611324390102,0.49021942650122113,0.4191957231801777,0.015832843645415484
2020-09-21,0.785707122088017,0.40526051522710366,0.5784102965080314,0.3583883624261045,0.024003176453274922
2020-09-22,0.800358382247057,-0.0677312747407877,0.47416789325826675,0.6529247201669357,0.07475419599811663
2020-09-23,0.7775902822341497,0.39843891080460003,0.5037924065499139,0.3913914753576069,0.08616243133537521
2020-09-24,0.7396491334976314,0.1742451518530275,0.49401314160627735,0.38429084146751097,0.08836598482086507
2020-09-25,0.8466987855530408,0.35924076219965,0.45431331194957897,0.37793827867103014,0.0939818550217914
2020-09-28,0.7810971155147052,0.09436284575908807,0.5629481678579401,0.43899960202501787,0.08470485718369089
2020-09-29,0.8525590719895195,-0.544220246829363,0.508266224692758,0.33411567758416155,0.0139873895780122
2020-09-30,0.8319876021858947,0.12128838864362149,0.4769988247606056,0.5451058207572037,0.005245220769918069
2020-10-01,0.7164279870061101,-0.25260268246981477,0.42580271677463827,0.4264880373839418,0.09459994566325529
2020-10-02,0.8545591542154657,0.013290219036799195,0.46062341167749077,0.3155045529023602,0.03038727699964451
2020-10-05,0.7485555818008282,-0.12877912603795857,0.36795123671549146,0.4285992124738906,0.08184760942318368
2020-10-06,0.7847781293358715,0.04654953909616485,0.5094941688304783,0.3287180906322263,0.024176672229902586
2020-10-07,0.8099745156002178,-0.09165741440541555,0.524645045592092,0.40845075302361494,0.06371218320129311
2020-10-08,0.799271890869827,-0.20850358551539638,0.5662677342686835,0.3330656418338034,0.07094344537710662
2020-10-09,0.7555712900106102,0.09988323957757861,0.44891856672910624,0.35588918008659376,0.02060696834592425
2020-10-12,0.7335859580704603,0.03336148168892757,0.5326734067827511,0.45048697772225355,0.05011101992231518
2020-10-13,0.7425634649236803,0.1636553787107,0.5445469449164513,0.29671931479982105,0.03239069013494935
2020-10-14,0.8761672040872404,0.17662095788069007,0.5585042118833042,0.23312373503336284,0.0727994354244764
2020-10-15,0.8141267014362431,0.0785842481990994,0.46183828888047057,0.4293240249523057,0.0025227368504546544
2020-10-16,0.781254368107628,-0.04209891085419378,0.5105561923310925,0.4301311438524046,0.09181363646690838
2020-10-19,0.877207429193148,-0.0030354872881949574,0.48208272845068306,0.3334909679421077,0.09263954704310028
2020-10-20,0.8386458610125561,0.04872201995693512,0.5155850767800706,0.3237477069245555,0.03443155246986326
2020-10-21,0.821571507903879,-0.024239002084775474,0.6153715168902114,0.44933763196578896,0.05551231519437098
2020-10-22,0.8442262981530063,-0.2203901844786719,0.465132457372211,0.32829586887396306,0.07455802248251954
2020-10-23,0.7145261746373999,0.2094360790290833,0.4241109236994014,0.3719898860008017,0.023774045815243908
2020-10-26,0.8590100965942272,0.12637571064014377,0.5612953861576824,0.41214180178954446,0.009197901872170955
2020-10-27,0.8161200335230442,0.09623771728566775,0.5792333547950784,0.3661170017956463,0.08926089497311399
2020-10-28,0.8089838584388931,0.1384093858820303,0.5191752289504523,0.45226391992361137,0.028032237284557827
2020-10-29,0.7784683289228352,-0.24993252025147142,0.534552832245583,0.25019385722211424,0.08419215249770945
2020-10-30,0.6876331201929873,-0.24409438671867303,0.5887843744681938,0.48921097919946815,0.0954615449118208
2020-11-02,0.798392023856747,0.0038997211832850747,0.44923312586858427,0.5760586628934783,0.06250114561810191
2020-11-03,0.8267714552528804,0.0893000241749195,0.5667579406723746,0.3769583739916594,0.03952544931819733
2020-11-04,0.8298749820136873,-0.27989074496351946,0.5479132035594857,0.3585448645788143,0.005515623219933253
2020-11-05,0.782415739190187,0.31474063822543535,0.5489078455299881,0.42591581682573604,0.016748743365027987
2020-11-06,0.8237292456958459,0.04459698097461437,0.6065493173819173,0.4049232331076318,0.0033170025773364255
2020-11-09,0.8065364378985024,0.33971760921976646,0.4644904845933379,0.3952147619352753,0.010849939375578288
2020-11-10,0.7151060657975571,0.16924058826535848,0.4930688917978807,0.41058962199103627,0.06963788037341215
2020-11-11,0.6872636234914079,-0.010088380773342577,0.5700716286169152,0.24404993162976274,0.0784913327170823
2020-11-12,0.7716545696660567,0.15569800437084805,0.52917310793271,0.3385716730554848,0.030131605602220602
2020-11-13,0.7931047050180327,-0.017343595512822323,0.4471851782854159,0.4036564598391218,0.016915080840437392
2020-11-16,0.8138515109331119,-0.10506701689856793,0.3908812462919249,0.4942444030111141,0.05458281024155847
2020-11-17,0.8576386595854043,-0.35631608634739154,0.5348341847473468,0.45587121474783004,0.04400466585470789
2020-11-18,0.7735867908023994,-0.25411063460535793,0.5095862901921159,0.47025526212453306,0.048119102962496565
2020-11-19,0.8254152956299581,-0.19179403325221303,0.46601749919335306,0.33948661964083976,0.009006961587028706
2020-11-20,0.8745194880091285,-0.116982129195114,0.4736339663629954,0.23816427454736333,0.042248831531154545
2020-11-23,0.8105426541722343,-0.04526006436984737,0.5903737961834467,0.4867556412165955,0.029700358987497778
2020-11-24,0.8717990371362845,-0.04772410274905269,0.47405933453592414,0.28685176793664124,0.022103014116508557
2020-11-25,0.7332082500158487,-0.10187160388133024,0.5597352514085616,0.43464304253209546,0.014646739807502996
2020-11-27,0.8122485019228273,0.026346986622709873,0.5267695871171214,0.2536519842668156,0.06998264488109873
2020-11-30,0.849253815228923,-0.06455397260792664,0.4957836998320768,0.35423747592272015,0.019178207100883193
2020-12-01,0.7293681723900513,-0.06595212731647553,0.5232058360392512,0.26681074638746427,0.05723572025739489
2020-12-02,0.788000219886209,0.47489338477856224,0.525527344964157,0.46566293862726527,0.07447816725599533
2020-12-03,0.8335190249803158,-0.1598623467811717,0.5704705695681895,0.32348513997267425,0.05284761249003997
2020-12-04,0.8351834895978425,-0.07189137208514318,0.5614056217473437,0.4058537741978937,0.06924772118348252
2020-12-07,0.7956629851723873,-0.1809328887046376,0.6010448533161866,0.42210003914199223,0.0783330564430778
2020-12-08,0.7876168413659702,-0.08593421555268699,0.5392704104803071,0.4537204494341509,0.09922843779475798
2020-12-09,0.8370362857066702,0.17452098551216122,0.523990861554424,0.4509411508653077,0.02225491192880761
2020-12-10,0.7775769897393409,0.15021666464343708,0.5249701899506719,0.403380352587511,0.04769795032812189
2020-12-11,0.8766875399024963,0.20372316704471471,0.5673999430937883,0.544697799474174,0.011443442418175477
2020-12-14,0.8000130658262982,-0.11296496282944107,0.552861145363117,0.5726581740847154,0.011491415761736757
2020-12-15,0.6868974159142064,0.027566498350334857,0.525740633456026,0.3805235103855117,0.06223630393064148
2020-12-16,0.8015674001565777,-0.3618572165991134,0.48140243862253496,0.2995715647112252,0.049796794891250384
2020-12-17,0.7861120160697989,-0.19269879882310037,0.5591669657568835,0.21687053521762645,0.019288873353379046
2020-12-18,0.8757363388857017,0.023280278457945617,0.6401253537560123,0.35862030800533007,0.0017575168042829326
2020-12-21,0.7594452418449081,0.1332322708007951,0.610104178818099,0.413215951792717,0.07425931023277686
2020-12-22,0.7473783303124981,0.11875927043834543,0.5465132553700746,0.6328581904640005,0.09264189257766046
2020-12-23,0.8197216150620157,-0.20951569958842417,0.5552759771193653,0.531476260961371,0.08181090098767024
2020-12-24,0.8339591953679941,-0.3180743949537319,0.5168025730186335,0.3058005745616964,0.010572662405752798
2020-12-28,0.7996802312795633,0.05051467253713805,0.46519104363348096,0.4736611775788466,0.04315954303268393
2020-12-29,0.7590580867212473,0.1438509144482579,0.5267351439255508,0.3678445999486403,0.020456856730482777
2020-12-30,0.8886257501892774,0.07774526960759975,0.5632355809468822,0.5124079554773969,0.05516287199027523
2020-12-31,0.8734715294155666,0.16285470467024235,0.5222317239127906,0.3989586536591205,0.061355734954475244
2021-01-04,0.8767859104856238,0.1862535295784126,0.513564364216357,0.5316221719649957,0.08162028171417901
2021-01-05,0.8612269796950669,0.17433141937009822,0.5025467088487701,0.40630647768687733,0.03641633110940732
2021-01-06,0.8262527392667677,0.16901701839089134,0.5269200447822185,0.5118497604913037,0.05476495603235803
2021-01-07,0.7533781223701664,0.4689473562430484,0.5501699908085476,0.6166059074042227,0.04720493388603602
2021-01-08,0.8419476033073043,0.4853693849678541,0.5676765286592341,0.42867960219365303,0.09254821933512042
2021-01-11,0.8858755228875704,0.14716545709852566,0.5850086452866352,0.35136840749204457,0.07825768847536535
2021-01-12,0.6973273593423239,-0.10808432614993808,0.5821199901857034,0.4597062580382305,0.020169962084309524
2021-01-13,0.6740903770603289,0.17604741140890662,0.5819802961204419,0.3503618597159743,0.045573227452343906
2021-01-14,0.8321646737698488,0.10526154956871653,0.6005461415522718,0.26359198140435414,0.021727643343718184
2021-01-15,0.8522904664522195,-0.0069546686349388825,0.5800172463432908,0.49952589674483255,0.05779329014596272
2021-01-19,0.7502707243899702,0.28475992212000095,0.5716721130283198,0.45594357349819414,0.020095448981343623
2021-01-20,0.831358751412032,0.029697536312072184,0.5824980816047945,0.32060731470947207,0.0638831382477105
2021-01-21,0.8383747793698255,-0.034594634829576455,0.6072105019920071,0.40817629312141085,0.05018449670637385
2021-01-22,0.8816415519844605,0.16191904205890117,0.6997013924221017,0.3892841995916806,0.01751905753736658
2021-01-25,0.8637339509755525,-0.319475560657212,0.567503437127432,0.4926315891912644,0.08144759822895695
2021-01-26,0.7720179727882408,-0.5518742093641655,0.6270546618098888,0.33948455697188923,0.06551318597206324
2021-01-27,0.9096747918461882,-0.06698939608597054,0.5809619279416754,0.44288676044110226,0.022190335010796182
2021-01-28,0.8122212044136401,-0.006562498709227701,0.6016879704350477,0.43362283007988417,0.07716865754192706
2021-01-29,0.8364140445857594,-0.2260308322915001,0.5935294081650282,0.33524937646301944,0.03979492244937132
2021-02-01,0.7982865647641717,-0.2100570689542107,0.5795692324121101,0.2939647313586403,0.09359824390840538
2021-02-02,0.8092280675730839,0.22820040022193827,0.578716554659332,0.31879953072922396,0.004260366503742619
2021-02-03,0.8901661662669715,0.0965990163160437,0.6108519708406043,0.32793865445720727,0.003000709365309806
2021-02-04,0.8082440155137013,-0.18706968971772708,0.533136813124447,0.31244952730531306,0.04337149235405374
2021-02-05,0.7742794782203557,0.04185569659927949,0.6850189157929426,0.48292421042239536,0.08469696838688906
2021-02-08,0.8124107143220799,-0.24094233294222578,0.5639045017468385,0.486307480531827,1.4716653916824197e-05
2021-02-09,0.8737422666528254,-0.34945697439256923,0.49358783768053316,0.33698125173656024,0.08472487829748411
2021-02-10,0.8589739503028102,-0.1693465387513742,0.6571653134467522,0.5108641619309837,0.0603308806253923
2021-02-11,0.7861141514900791,0.39215032933124117,0.6154015799435698,0.43966813155741963,0.033514167095541315
2021-02-12,0.8312724521345131,-0.07757479147692353,0.5449071729865816,0.4610298181037171,0.02334261609865017
2021-02-16,0.7826172690580525,-0.0838957479784189,0.478680446480896,0.35093361970375364,0.041320123245868236
2021-02-17,0.8334461959038222,-0.3251406867170766,0.5283628357220949,0.46678077794343775,0.016754047275852346
2021-02-18,0.8050017162613027,-0.1747117602173442,0.5432699613586844,0.3226674294693973,0.09361350604898551
2021-02-19,0.6722754022500215,-0.003198194910214995,0.5679854916451003,0.33164826128945224,0.013173812078359071
2021-02-22,0.8536440151313416,0.25338107051456144,0.6465617174712789,0.45270395637878524,0.04673622926933166
2021-02-23,0.7764153578492303,-0.10881316470805731,0.5975589334372459,0.48312810624014857,0.07993665510812209
2021-02-24,0.8627316826991415,0.02828845990668388,0.5764457136180801,0.33904413445224835,0.09703106345473662
2021-02-25,0.72449376411326,-0.23978934636682922,0.6122539740786513,0.3715480206625079,0.0571656444121095
2021-02-26,0.8907807279487983,0.34487657065287136,0.595873332076753,0.21327715967700656,0.06109962009465371
2021-03-01,0.8477510065270052,0.17521950296022495,0.6032267937870089,0.4367362432313547,0.013280989288295976
2021-03-02,0.9033177371103231,0.12616362194880848,0.596410562043911,0.44491401344195564,0.06617583495775892
2021-03-03,0.8559175403709178,-0.26111442726975115,0.5961800135131615,0.43507399936069724,0.06674951836395986
2021-03-04,0.8985922640031081,-0.08126665166073865,0.5903835132179504,0.22305631100753642,0.0745393562513531
2021-03-05,0.8274279504710251,0.2663703641347934,0.612527328811197,0.38109826332961444,0.08477088690348165
2021-03-08,0.7614609810917471,0.2037851843392403,0.6456083961396621,0.3187696490641425,0.023520854693569872
2021-03-09,0.8292511194729267,0.05122377914072462,0.616457914768725,0.25213428099634494,0.024993668442993156
2021-03-10,0.7717606976901572,0.08453461238169725,0.6371910933943827,0.5244880954073751,0.019624448390030816
2021-03-11,0.8544947218725318,-9.022935257774123e-05,0.6384112744216641,0.343076234875783,0.07066103326904503
2021-03-12,0.7901732311810554,0.06687236157594592,0.5691522313613857,0.3062019477459244,0.03410057025975296
2021-03-15,0.8391845167267271,0.21393199205628535,0.6638887738529489,0.41836142458313114,0.05389052853240111
2021-03-16,0.8630862965344357,0.011023421106863966,0.5854910728293927,0.2905313786098352,0.017731330220867238
2021-03-17,0.7282834109146523,-0.08694199793442936,0.6039350657059223,0.43893217084479,0.01770443639696694
2021-03-18,0.7646220746709128,-0.17860235828045787,0.6199517048344935,0.4870912233814122,0.08314243535185911
2021-03-19,0.7947358447805447,0.051838946506561595,0.5630440069920143,0.36257566200499725,0.03644598607280541
2021-03-22,0.7764105263413238,0.07813740228108984,0.6174993519864829,0.40121484652385375,0.034152700108957434
2021-03-23,0.8745442580051569,-0.2709895799401773,0.6322820487144973,0.4338390810922476,0.05283983054316069
2021-03-24,0.840575144944045,-0.08926783420468255,0.6662442381772437,0.6122596912703516,0.09823027964837477
2021-03-25,0.7787644056020031,-0.21455930971494022,0.5037859223055714,0.36655034367297323,0.08590068970137747
2021-03-26,0.7841298685499878,0.1480839958355612,0.6003692515954974,0.37667415817456357,0.03433937396689351
2021-03-29,0.7835213110975268,0.05232764606939077,0.5722008342153012,0.37138583553447224,0.039289208759695694
2021-03-30,0.8072346928705786,-0.2189350564071654,0.5699735900589311,0.22985506973325875,0.0594399638265819
2021-03-31,0.7046588106048917,-0.3708125584664661,0.583284737540452,0.5560512828748101,0.03481417042492451
2021-04-01,0.8867720627291731,-0.040927997544098385,0.6075151973851657,0.4386385124521386,0.03052970144127698
2021-04-05,0.7359028047442445,-0.14454389593411834,0.6483835108743673,0.42075939751065805,0.09569330305082649
2021-04-06,0.8157087154621994,0.17881620082604568,0.6148636481251525,0.3210369542437271,0.006493645594621867
2021-04-07,0.7382111906260977,-0.0522571229313925,0.6720205107985269,0.4384989173901043,0.05611387804362773
2021-04-08,0.784086954956849,-0.025365710061123783,0.6009534796348507,0.3378626371608655,0.049934328104211806
2021-04-09,0.8443905141895323,0.12428003825153576,0.5758583881402672,0.4114673521723316,0.08340486708234235
2021-04-12,0.8465148128703603,0.07121871039126286,0.5500209248323248,0.4095096154198383,0.017117069478260583
2021-04-13,0.721095176798707,0.31254945583038274,0.6061685721699249,0.38773389260232005,0.07906276961755465
2021-04-14,0.791182420248481,-0.2882005826465933,0.6154178849201689,0.629919177340246,0.06998019389729408
2021-04-15,0.8112377318419679,0.003336851482898118,0.5524201904324747,0.4910677452185108,0.047012257734582466
2021-04-16,0.8082485486822506,-0.12863744701530258,0.6259992722798042,0.48882758678545035,0.07971040744558884
2021-04-19,0.8102904499758808,-0.039638510611880486,0.5873799708795124,0.19937191247742747,0.03633968109580734
2021-04-20,0.7826697862181359,0.20567957605988407,0.5750171829428643,0.5214210676405515,0.03660828579082189
2021-04-21,0.761422083875898,0.3772831508183857,0.6159943194503331,0.2280437935459142,0.07894753095369696
2021-04-22,0.8216748146602842,-0.33946085124834713,0.590159715248131,0.24647323029051194,0.013420926558231561
2021-04-23,0.8632240399406859,0.1253396416632234,0.6665508468901633,0.3365346978731177,0.03431834259621175
2021-04-26,0.8757351542094957,0.13462097354157637,0.4777932586326977,0.5666242893254758,0.05192993758620648
2021-04-27,0.752132792136491,0.062339481247530096,0.4946421486384699,0.2621117503424297,0.080505552689158
2021-04-28,0.7031425783464261,0.3269688242670669,0.5433630394879012,0.29851552160360717,0.02897134058123825
2021-04-29,0.8723328549503239,-0.44936856595042163,0.6424954519704145,0.4114064606035002,0.030667441015394627
2021-04-30,0.7533790778155396,-0.19504183629587235,0.6327207764642577,0.3573290832024727,0.0026824609858884354
2021-05-03,0.859627573021128,-0.23269499533407575,0.644870878080292,0.5615158764151967,0.05622172375824241
2021-05-04,0.7529647388461886,-0.3039218876627902,0.6119291482952919,0.3218642351844013,0.051130603743377204
2021-05-05,0.7830126415211072,-0.20164767670031347,0.6384499818979844,0.2809153578789393,0.04869834788993915
2021-05-06,0.8524091029312088,0.06356861759473326,0.6567797629187304,0.3319083529023666,0.0968275822555877
2021-05-07,0.7612000672836617,0.1639908246137174,0.6710435884820689,0.3891165300567502,0.01487493693991372
2021-05-10,0.8344522074156813,0.19531294958245762,0.6403470609016984,0.40648423307698184,0.054605877480177735
2021-05-11,0.7251787770660735,0.2848003821443558,0.5331000144721432,0.36738003635756755,0.062181494483724765
2021-05-12,0.8272565919488372,0.04773128429325116,0.5912310483313861,0.4033926151242418,0.05081683055317598
2021-05-13,0.7869209697553737,-0.0529440004185493,0.6300333291526536,0.30825475885715903,0.049391262350024834
2021-05-14,0.7395962717360289,-0.0366005061772884,0.5861762407594837,0.4560140591589373,0.05643781405565758
2021-05-17,0.9099855751559534,0.021917818594706116,0.5772810971740476,0.39176924552348147,0.009315029941602571
2021-05-18,0.8380717301312871,0.05622696159845392,0.6374464625448696,0.5042159404974236,0.07651709336048418
2021-05-19,0.8121725564281776,0.2677315412879089,0.561445965912408,0.2932138464969063,0.0002937989710835698
2021-05-20,0.7777761845790379,-0.4959573043090897,0.5855366256406862,0.3964131817931127,0.02455511066831615
2021-05-21,0.7823531886640589,-0.19370270250238947,0.5669413148428118,0.5129040476752863,0.042091378266167205
2021-05-24,0.798673710351857,-0.09816314718473146,0.639434340574307,0.5348065769252236,0.008549624593060889
2021-05-25,0.7909120467339869,0.18462243309448825,0.6079792139386982,0.43671654303343255,0.0639606431993362
2021-05-26,0.7656409399734291,0.2953216874181614,0.5950066551395997,0.43139908836214985,0.09956847500749672
2021-05-27,0.8289515688062286,0.2552844119132039,0.6598789117098772,0.20563441592065093,0.004094193365489141
2021-05-28,0.8082860211881621,0.20697333457619038,0.5728538506377143,0.5197613169197404,0.021644533617593876
2021-06-01,0.8022551220995813,0.31441973556149644,0.695691389672981,0.32902664358747874,0.02641102044430046
2021-06-02,0.7930707169250047,-0.19483280354483812,0.6039091814533083,0.30907502447442303,0.013926634417328922
2021-06-03,0.8751177175264402,0.16784613580187147,0.5511621947472236,0.409017307696298,0.027526799681666426
2021-06-04,0.8810975003862926,0.15107585115134287,0.5037608138687748,0.4703790901030348,0.009163226058617946
2021-06-07,0.7260349021683052,0.06110984610703486,0.6558989932562043,0.4787836417011404,0.08117887624644197
2021-06-08,0.7571452112699802,-0.19954282559919764,0.5349797136347635,0.20878909858419759,0.019580496721602336
2021-06-09,0.7732483199301876,0.20534185915279735,0.5915050390653647,0.27551452123477355,0.09475104587689838
2021-06-10,0.7951236281510111,0.13255641117304542,0.5465085524664103,0.5104177374489962,0.06756654835949172
2021-06-11,0.8873333979938716,-0.08213104856214275,0.6079535450449955,0.37035052835708665,0.06479507090502772
2021-06-14,0.7547888193793298,0.2240955499179118,0.549856255142164,0.4423491887227663,0.02368723105774656
2021-06-15,0.7759431016518739,-0.12134967360859415,0.5935960753293527,0.3940687585309345,0.06746845410762865
2021-06-16,0.7965488625017658,-0.0142634108639287,0.5602911954621861,0.4374874721486455,0.08017121813052099
2021-06-17,0.8409244066960008,0.18856451213442066,0.6217860894254954,0.47724928537411415,0.07981353186016626
2021-06-18,0.7103171909792494,-0.2155879838762611,0.6237353932166841,0.2658470202417189,0.008172376932513237
2021-06-21,0.8127018438303086,-0.13139111670188405,0.5868999877843198,0.5509967718654717,0.07081987373860947
2021-06-22,0.9653521187619087,-0.025051840216657153,0.5507443561792367,0.37852533381902365,0.09618683936003913
2021-06-23,0.752004450836095,-0.1254955343309821,0.5534282101585496,0.44667926745531444,0.05516125661073469
2021-06-24,0.8751274567679815,-0.1646782980910384,0.6713528673302394,0.4055358382466639,0.021884314583333477
2021-06-25,0.8592588549325575,0.1111956565394938,0.5313768036664059,0.4066825522723052,0.08070473230631399
2021-06-28,0.8434835491744538,-0.06604631728683656,0.5288477534687986,0.32935656763235055,0.039880499882597634
2021-06-29,0.8077424472705136,-0.10170689856578925,0.5669971222775451,0.3530502297943545,0.05704906206841477
2021-06-30,0.894789139366665,-0.11431645790944878,0.4744148810591661,0.5499616582194099,0.07510591334352641
2021-07-01,0.7881428642027585,-0.26179493524084446,0.5485436690456219,0.48464323894523964,0.06684805037730533
2021-07-02,0.741039158320377,0.011086422952737865,0.5788954469526227,0.3986460078265404,0.05597375224478353
2021-07-06,0.8546275232470395,0.08949651660080649,0.6012092100382601,0.43254853904253254,0.039173532892087505
2021-07-07,0.8701891157923372,-0.35110644589581735,0.5597755779452188,0.36483371259894953,0.05247743316563728
2021-07-08,0.8361705128085415,-0.08136208363348853,0.5158953629682044,0.4372673593085366,0.061830106034186684
2021-07-09,0.8081560306425752,0.11180685369093335,0.5664804233509724,0.6260031787599962,0.04390902712790893
2021-07-12,0.8561172001142965,0.07036129984634946,0.559622110364343,0.24829290402662063,0.018865180750040046
2021-07-13,0.8018479712173802,-0.3759283986376083,0.5392463796177094,0.5013009358622946,0.08343825587501291
2021-07-14,0.8878417460150624,0.4379018993113011,0.6050188426146654,0.385653974731554,0.07678304645466161
2021-07-15,0.9016237249327478,0.1761199471104054,0.5584233636860624,0.5250333353628889,0.037828096294278836
2021-07-16,0.876173015316329,0.062101640874135736,0.6320766331355485,0.3900648725834732,0.07442508971706865
2021-07-19,0.7698280542273629,-0.26912183077870366,0.5249728974058756,0.23388939512069362,0.025352020947551325
2021-07-20,0.7971361628128525,-0.3959180976980642,0.5235341568246275,0.42135349431800645,0.028649629303830294
2021-07-21,0.6885533909890459,-0.19447640739862515,0.400208346928175,0.19267885456216632,0.09636158847244315
2021-07-22,0.7823540617146397,-0.18662090476524618,0.5234887976966538,0.48948303780731095,0.0854288902396366
2021-07-23,0.9051315302309294,-0.2521477223014286,0.5782078871798053,0.4553879144457771,0.07752693732096858
2021-07-26,0.8386867991514774,0.20069094668804865,0.5311522652806031,0.3590265229998696,0.019115763455699167
2021-07-27,0.8089547499674284,-0.030909570613772593,0.46976552288126505,0.46308530965232053,0.06976969094345357
2021-07-28,0.75113898378141,-0.05236444245908807,0.4804094308915585,0.20025877572850193,0.006881283716679721
2021-07-29,0.8197315619638974,0.21542417190220042,0.48708129594386584,0.37772158556033864,0.004667620229545533
2021-07-30,0.8263467831969217,-0.30889348409020206,0.5725073592531994,0.33648711254725383,0.05077574026180087
2021-08-02,0.7286816059380714,0.09611709781945467,0.5844274701790633,0.4304340771413587,0.05532489481479075
2021-08-03,0.7543845548255601,-0.20992883041868549,0.488927617491293,0.2649681802988931,0.05463772555600356
2021-08-04,0.8459711821596958,-0.23268685570699646,0.4951769164156297,0.461306296413686,0.016147814977383126
2021-08-05,0.7688355124075397,-0.31961083143551916,0.5759222315116241,0.4429861860790647,0.02039962706844911
2021-08-06,0.8022184067765132,-0.41775671530526415,0.5234039759252107,0.5214975048310002,0.020946262554856755
2021-08-09,0.8469068705324058,-0.05416863620716831,0.6002505614226757,0.2833688063778114,0.03559238423483829
2021-08-10,0.8106191788230793,0.22594129865392484,0.4861588398443728,0.5298221613211355,0.07263332698464971
2021-08-11,0.8393950579441344,-0.06189868986434799,0.524302454176901,0.40113271121561067,0.060739487074141174
2021-08-12,0.7254967992924491,-0.22172736524205044,0.4634818989450471,0.4407767755975909,0.09305813925965317
2021-08-13,0.7796065963438235,0.11576446504422733,0.5409814162512971,0.5223938943787788,0.0013507552916722676
2021-08-16,0.7832274035669338,0.0061588962886670335,0.5207098358426762,0.3628818503649765,0.09708881810357868
2021-08-17,0.7891289969055634,0.05950798249680031,0.6083490921342891,0.33918801659620246,0.0038470098058238644
2021-08-18,0.7305199352409046,0.06173797451202356,0.38426891324010715,0.3393431395308302,0.08403953771247301
2021-08-19,0.8027273802269979,-0.1700571968239331,0.48909410176529194,0.4448336808915728,0.047039276304906674
2021-08-20,0.8321030676565869,0.0519370673309788,0.4582024752064339,0.369105275504927,0.006540001698032316
2021-08-23,0.8238581530362136,0.12276606449597707,0.47931738428140913,0.3838662319447149,0.026505735213514448
2021-08-24,0.7710459596939765,-0.29377799843513597,0.5046595813297532,0.2605182780264692,0.007841598882864887
2021-08-25,0.7559319866733134,0.5804538241072574,0.48453672610282955,0.3092797008825782,0.00038107858764281356
2021-08-26,0.8822149533012001,0.23238587391106252,0.47504756305581536,0.3496528156131843,0.025384691500642112
2021-08-27,0.7728633475589844,-0.32173531840248804,0.4343545350299169,0.36485167691371895,0.07458932395512496
2021-08-30,0.7719684166623838,-0.00673732250508921,0.5710092263517622,0.35507715357051234,0.09047663700224536
2021-08-31,0.7593514340146735,-0.19284428486354932,0.5902175955246275,0.4875130236992898,0.028252588710399887
2021-09-01,0.9255290936630043,0.0071695574673574574,0.4408623712554838,0.3766718486428714,0.03406668526717234
2021-09-02,0.8259252701086728,0.11617275601614924,0.5487824049656965,0.3472834834636055,0.08058805857165065
2021-09-03,0.8210141021007418,-0.057233430612030955,0.5409190818806547,0.3334762909667598,0.02878160521747919
2021-09-07,0.8174783693557005,-0.4578529433744625,0.5198042173215398,0.6054159330101214,0.031140125593233415
2021-09-08,0.8385426984991535,0.449670302209932,0.46744829781875674,0.28392839579611695,0.01065742659696305
2021-09-09,0.8398573386675315,-0.1542845492251934,0.556095712053388,0.44802271068564453,0.08351814224103438
2021-09-10,0.7682334832982638,0.0011071079422182472,0.5181704864926925,0.29351845625314277,0.011427318674081434
2021-09-13,0.8284181865939668,-0.014884361813621266,0.4987316379638129,0.40284491766746394,0.05162713762830137
2021-09-14,0.7281350827233067,-0.14852957404557537,0.5205774095730872,0.4914868621981775,0.09390126690958227
2021-09-15,0.8627246835369726,0.1295569644770783,0.446954145049226,0.4643542308510075,0.032801898955922816
2021-09-16,0.7589917724905911,-0.03476262719624773,0.5074594203058768,0.2508088970461355,0.0015691551496938795
2021-09-17,0.8052238715392247,0.18084688577677074,0.5254322344224385,0.41546589526586475,0.02504464987928903
2021-09-20,0.7974040378479507,0.5064056788445155,0.47899824708038585,0.35353117026364433,0.026250433613238224
2021-09-21,0.7827685840937667,0.11516100789105624,0.49799644672533094,0.40846707905141644,0.05609289891994751
2021-09-22,0.8159469206702011,-0.020660337882925678,0.4313700305725213,0.4123560420824773,0.086482863497076
2021-09-23,0.7646028413478809,-0.05081427419928667,0.5066003461077114,0.29278412050887265,0.09955843751361666
2021-09-24,0.896266286530385,0.12878420538050017,0.5230604174101577,0.3696889672288925,0.03957146987946794
2021-09-27,0.8548690491264849,-0.10069575195092342,0.4051497660295758,0.4555562880967892,0.030784614258210764
2021-09-28,0.8368306713727074,-0.08717035344719182,0.5682429378276344,0.28568045461507224,0.01797831744238918
2021-09-29,0.8726234129398116,0.31480760926846885,0.4799131342768346,0.22127570385595888,0.08120827430129257
2021-09-30,0.8067866597299362,-0.03915894404043586,0.38569550295743504,0.5862604075213992,0.0864984135884139
2021-10-01,0.7711440929384954,0.31850459998320774,0.4739038852932581,0.37409535012568473,0.07073597788790881
2021-10-04,0.8377813504249947,-0.006092958700049539,0.4976294090363314,0.3254128945103714,0.03479020093222259
2021-10-05,0.8084339047689273,-0.05886378445141197,0.46084255462267126,0.4412654600687428,0.09506352910987331
2021-10-06,0.7835192845858101,-0.10261417270696958,0.5316431733868411,0.3614717985739583,0.08832679851701879
2021-10-07,0.862807440601116,-0.38620296180890074,0.5452392397949011,0.3374818569898106,0.02138814359890985
2021-10-08,0.8374702053647617,0.13808454787233113,0.555477115372018,0.37572224964448137,0.03358600975058751
2021-10-11,0.8751274586721105,0.32819312275605705,0.49021434134235353,0.418660203009289,0.06853212684970791
2021-10-12,0.7470824240043481,0.09987797253371555,0.5178301477840556,0.3786864143789958,0.08474403649084869
2021-10-13,0.8114808172788266,0.03855607828762381,0.5558926871789261,0.509633390665928,0.02608153904165005
2021-10-14,0.8052744293217601,-0.07064697801213256,0.4892565768009406,0.305225873766154,0.042524513626037146
2021-10-15,0.7775795034163453,0.08864646236771266,0.5931907764477475,0.41148061871653974,0.04934462273904903
2021-10-18,0.8188521989693565,0.14636870630978335,0.5491123550918551,0.33659056638593426,0.06618994542502031
2021-10-19,0.8389772661870278,0.1838646208837813,0.5313600159577105,0.31228178617800967,0.06971038778103804
2021-10-20,0.7652739946500032,-0.3393378423692601,0.5013967626680488,0.44766573775629825,0.09842651142047659
2021-10-21,0.6451806967855129,-0.02872005542340594,0.6611368785926144,0.4396899335180794,0.0908276454508986
2021-10-22,0.8760254825263616,-0.02558737808931158,0.47204517180152444,0.45550836670417716,0.049901603014383136
2021-10-25,0.7521822268164176,-0.09632195270639798,0.43675711942929796,0.35440868097618583,0.04708073607993185
2021-10-26,0.7811926768206875,0.019119210342264045,0.4492320788021405,0.3753932762635632,0.003972666807354264
2021-10-27,0.8336682332838914,0.03678729101413101,0.35655947843372743,0.4692209498777483,0.0820194764926874
2021-10-28,0.7794125384617515,0.16773596777916747,0.5459166902759399,0.229197824404379,0.031764280857627426
2021-10-29,0.7950865938759041,-0.12811480618925022,0.509661526940909,0.40647186585162176,0.08730950282894492
2021-11-01,0.8101962289663246,-0.3945223658197414,0.5301800992982516,0.38443011094062957,0.08287992786314935
2021-11-02,0.7196164810982659,-0.0538624085965826,0.5150383977850184,0.4177990649454454,0.025642683223428653
2021-11-03,0.8197168632739908,0.07745199905511584,0.46175209644494636,0.45763403915199974,0.047203096548582485
2021-11-04,0.8562307091341196,-0.26779971912529227,0.5128778883637392,0.5656334280393818,0.03564468960644356
2021-11-05,0.7580521960819624,0.012347604116554821,0.5202515662595439,0.5120844668849949,0.02228238755897949
2021-11-08,0.7286071183567336,0.4063277745392257,0.5626674045340708,0.5090827137266566,0.08976894572430771
2021-11-09,0.8395659730460997,0.11708369506806025,0.5569547601887666,0.3733145180440796,0.04145294341110966
2021-11-10,0.8150286067071769,-0.3147475296760611,0.5151112470837155,0.48990227636132444,0.01197537565113861
2021-11-11,0.812828896140608,0.29861148231176776,0.38854866394020876,0.3052823674483952,0.029911717962783024
2021-11-12,0.8163386148334829,0.0034878035995594848,0.5407164806991266,0.5196944075796006,0.013544918998839073
2021-11-15,0.7885223268055959,0.26566660669533965,0.5404857410699545,0.1998057620293241,0.06112126906356065
2021-11-16,0.8719524389867461,0.15024431142039793,0.5182061063269356,0.4926416982390723,0.08866408839651574
2021-11-17,0.8453906525127929,-0.02219685475410528,0.5544972040147362,0.5021004586714095,0.011679947705001793
2021-11-18,0.8527059247694125,0.3912399394420684,0.4670841717414614,0.3848498651816146,0.08381740131799068
2021-11-19,0.8349853355486925,-0.005067961358527673,0.5126210888150784,0.3592921548524933,0.003427855451814521
2021-11-22,0.7841603941706075,0.04970936624078609,0.5534248808031333,0.6263729154845901,0.02321054410245296
2021-11-23,0.9341741168266859,-0.003549778597518591,0.5046136211687581,0.2850415570430658,0.01708849055242344
2021-11-24,0.8342184217143859,-0.2227474824269499,0.5390885690899164,0.4439507516401038,0.09657794901299571
2021-11-26,0.7535741464695828,0.22910077516912333,0.5304070701666053,0.4053449734915696,0.07205216744736305
2021-11-29,0.7429482034815161,-0.18468616371855653,0.5672210131345379,0.26387034501292617,0.09393193537435596
2021-11-30,0.690161602204528,0.33980497034994883,0.5427159443198281,0.2232817822078857,0.08761521205558774
2021-12-01,0.8320363311365024,0.18569098906284248,0.5621064903814615,0.3094933618813564,0.02143371281325797
2021-12-02,0.8323533585057384,-0.14409021340087388,0.5103729000538894,0.5935244063397211,0.06298011096980492
2021-12-03,0.8057199300232293,0.12508735397353263,0.5381636538089148,0.3619522481201876,0.022579250180601064
2021-12-06,0.7906280089954677,-0.17269886144814983,0.5089621239113314,0.40898855827252856,0.06319073833595562
2021-12-07,0.8339675096110953,-0.4630515175417263,0.5383266609707414,0.39529091673182015,0.019311266859524945
2021-12-08,0.7723021772258196,0.1542152464150251,0.6591533305944544,0.2953320073353056,0.029390114925518986
2021-12-09,0.8371956379956581,-0.012790233144010633,0.5661878298046984,0.39061855628360753,0.02126387642955742
2021-12-10,0.7738155957939172,-0.21871508713093324,0.5679508182915565,0.3590290622409963,0.04995346490225965
2021-12-13,0.799000967328031,-0.3822512742135424,0.5051144518694477,0.32290690760972773,0.036305581713205214
2021-12-14,0.8226230279975276,-0.01620677203181661,0.5471439384478137,0.366076830493158,0.02928852960491859
2021-12-15,0.7914968115951211,-0.13896248148462656,0.5772312491462819,0.376237587044117,0.09003317797743378
2021-12-16,0.7803419376603238,-0.34439580607250864,0.5496538481605794,0.20446750171329606,0.061163085932756836
2021-12-17,0.7584968017669763,-0.024489411140796478,0.47964636334980437,0.5248470481619915,0.09682531838662713
2021-12-20,0.7708492237301302,0.0564551486389326,0.4496674995668021,0.4198996041104159,0.0564977347347585
2021-12-21,0.9117926137573874,0.2599848806315341,0.5337511864920247,0.6153719592623896,0.017931266974885784
2021-12-22,0.7693785349958744,-0.2160450876016265,0.5675671739733427,0.5493616233094075,0.08227002356254269
2021-12-23,0.7248308778914563,0.34059489069352544,0.5327992591774571,0.5702937986437016,0.08974050662679167
2021-12-27,0.7744914831405665,-0.011342567748384677,0.5901536347736285,0.4679016775387929,0.004570067835134295
2021-12-28,0.8123121719421957,0.19130836545240476,0.49350045185187946,0.3175927640374037,0.09507577211982686
2021-12-29,0.754626385376172,-0.4664841644732627,0.4809561502081625,0.3292126000293151,0.06314759533708142
2021-12-30,0.8454238428239675,-0.23152597194965627,0.5119478080714858,0.20317296808265903,0.08870425892680665
2021-12-31,0.8701962447101861,0.1820301668622492,0.49839864664111694,0.3989346644132403,0.03150542779375707
2022-01-03,0.809762560358592,0.237295201662079,0.5752701142127645,0.4537648286704948,0.039014500735400005
2022-01-04,0.8592990349794352,0.2012825384272056,0.5748637606102696,0.24542391327331733,0.028735431692908354
2022-01-05,0.8327928891944093,0.11779110396327389,0.6115169851561236,0.32139548906032717,0.06715357381885755
2022-01-06,0.7657880057715156,-0.2715907560373367,0.5423282914519573,0.5330337323034188,0.07577850779317008
2022-01-07,0.943521183028818,0.08732910409401957,0.5475522750747359,0.2619778157111484,0.008164602743967764
2022-01-10,0.7675167060447168,0.13851749418536838,0.5830949293228097,0.5805124233605141,0.05976685359569439
2022-01-11,0.7418539504899159,0.3868668089736842,0.5714770053122303,0.5314003153120065,0.0515833062184182
2022-01-12,0.8369995905273294,0.14810517669397194,0.6253071662182983,0.3871903054282539,0.004217072112777909
2022-01-13,0.8160792928843461,0.10456783321547583,0.5414538316915714,0.5652886407604225,0.02970682698082394
2022-01-14,0.8165095411191967,-0.07632282622525888,0.5138646024407351,0.4685394926290736,0.07999871023217459
2022-01-18,0.8647291961755598,-0.20276128008128724,0.6347776595248339,0.3954056534399028,0.04015740753934334
2022-01-19,0.836854256395188,0.24014795625570767,0.5017857926350238,0.45064658837428767,0.08423221422361944
2022-01-20,0.8258504233314476,0.08814477365063939,0.5866862114091903,0.34286430690761105,0.07789409100971867
2022-01-21,0.8438855850483615,-0.05327862175222273,0.5802036609821393,0.44871712821031,0.07612295943353502
2022-01-24,0.9162551635415477,0.1691449729590932,0.6229822640948637,0.3542451134384613,0.09884782931911157
2022-01-25,0.7990371191256055,-0.19967800406057876,0.5416291141685504,0.416916102691464,0.045128032002267775
2022-01-26,0.8794809132305481,-0.3989570039571975,0.4991840645345132,0.4596487738341076,0.06375158900687128
2022-01-27,0.736226827433863,0.16580935248880999,0.5843939459119281,0.28116894593652964,0.036004944004498364
2022-01-28,0.7586258361542869,0.17114632703872912,0.5825534165776596,0.5353390288932274,0.04194594045787742
2022-01-31,0.8466745750064126,0.1310277278971898,0.6053871156721831,0.22790465105486435,0.09452063890510137
2022-02-01,0.8646768119401492,0.12650362279945118,0.5612014411539601,0.41170863641913175,0.05284412813740145
2022-02-02,0.7117395344524602,-0.2437194560911781,0.5446001264284486,0.41710485245576484,0.011081430908949431
2022-02-03,0.8338886105783144,-0.13392798389772065,0.6416915380446272,0.4740168213989694,0.06900142272913928
2022-02-04,0.820532907118941,-0.2160722763533417,0.5115783170545934,0.48630856026332336,0.0521012727070455
2022-02-07,0.7507138893541017,0.07294329728335364,0.6885449932017574,0.31496785381698955,0.038242949951496324
2022-02-08,0.8145427314708836,0.3830038100317376,0.6494427083213593,0.4557084991111866,0.020798243044775303
2022-02-09,0.8649505772693435,0.40533417481940237,0.5748369849733349,0.4878613234002273,0.04173676974087011
2022-02-10,0.7560013171574282,-0.14422189102245989,0.5628688033503715,0.36984784351313255,0.03714391499388441
2022-02-11,0.7892861367314941,0.10603316585861829,0.7285891399390872,0.577080031060009,0.05306988180722481
2022-02-14,0.8538033160952468,-0.26059652766776126,0.5609652516327326,0.3213196794131432,0.08113799790226547
2022-02-15,0.8557195053935472,0.17901705559889192,0.5840346672699512,0.21460995326028287,0.09173038164929317
2022-02-16,0.7822814905537051,0.11968319813247351,0.6272519964227105,0.5250698396514037,0.07217185838914836
2022-02-17,0.9059741266147063,0.2719676431085873,0.5315654120939741,0.44079553877128225,0.07538566863956725
2022-02-18,0.7922386577870517,-0.19145469460281136,0.578783327637225,0.4327103102727137,0.012274232017097132
2022-02-22,0.8040678480629663,0.28890611487378964,0.5557855484535384,0.4755659137254091,0.017461818670987818
2022-02-23,0.7978598047418487,0.013421712223946607,0.5328290090615962,0.4453008357226846,0.0527393544669994
2022-02-24,0.7872727481923015,-0.0960865289135619,0.5346238668717396,0.3687481994397851,0.05173980287729434
2022-02-25,0.8560362697448569,0.36886617892586254,0.614959193105273,0.3974691445704375,0.07684309041534793
2022-02-28,0.7924749223791527,0.2484888124190243,0.588828490481776,0.32927820489322024,0.012757937788698215
2022-03-01,0.7722987044920562,-0.00011433715680030227,0.598442016288762,0.27286897733539506,0.012989289375454561
2022-03-02,0.8161885186957235,-0.024688905486399817,0.4380406015019461,0.4070855002552259,0.06013341806036632
2022-03-03,0.865914608660402,-0.19597238319432272,0.6013807300113116,0.4583093547233644,0.07471752617187859
2022-03-04,0.8578401730980969,0.07331186881137113,0.5925925057588134,0.4091501430082276,0.07669941243180227
2022-03-07,0.7951099483288316,-0.28507157079415135,0.5757751846526636,0.4882884994299054,0.08241997074854415
2022-03-08,0.7698871803773369,0.006088550913446785,0.5419630709275618,0.4862714334542424,0.048279330770995735
2022-03-09,0.7770421144614453,-0.1679584513480373,0.6502608023382647,0.3194345759379644,0.030379151830417197
2022-03-10,0.7912006849251857,0.40512491273339823,0.5620430226942663,0.38449089263146996,0.07820335406083107
2022-03-11,0.772258086182715,-0.04169364211069937,0.5590342090532157,0.5756414518890476,0.0803486428003558
2022-03-14,0.8171979882864219,-0.035884648634388464,0.5602189064865659,0.3005605879248052,0.0575238234092266
2022-03-15,0.7795448818414221,0.22098241427065837,0.5743285681421774,0.3590555395255607,0.05362645423455033
2022-03-16,0.7728093691262481,-0.40079986140114016,0.6142235078191819,0.36979564879377064,0.04934576573618071
2022-03-17,0.8090729892328413,0.1625849412559653,0.6254800837985941,0.5560366656274942,0.007915256390011916
2022-03-18,0.825153609966127,0.017358022067341675,0.6650769440326036,0.424868449151654,0.06745245557607517
2022-03-21,0.8861607647682469,0.12167278651306718,0.6160925547023317,0.5718281282882104,0.007830314995546817
2022-03-22,0.8203744502434089,0.18183728163232077,0.487981196081517,0.3899805643543864,0.09695626976097244
2022-03-23,0.7590398204898094,-0.20115114349414853,0.6667247712547992,0.4924756438061265,0.07375515989950218
2022-03-24,0.7751650892445476,0.11059005012681802,0.5215987138709861,0.29987062104078677,0.08657483508173017
2022-03-25,0.846491122057501,-0.0646870481835141,0.6867786554129078,0.28160599410382225,0.006128519799026433
2022-03-28,0.8595613163954356,-0.2979259737669275,0.6036624393973499,0.4710925806738826,0.06313309617657276
2022-03-29,0.8797562257274177,0.06978110034887074,0.5332774313458996,0.44663069843859987,0.08303861827932807
2022-03-30,0.8648783198815537,-0.05547802327809342,0.5683061583757553,0.3730183769147326,0.018152215460471754
2022-03-31,0.8386531560717778,-0.04149906256030522,0.5620852302376002,0.5339008400961245,0.09304739751170961
2022-04-01,0.8261453260879194,0.07185223323654985,0.5989425764131531,0.4894492086374037,0.09292342801246832
2022-04-04,0.7715097882139504,0.07633624895938851,0.5980694701888316,0.32684802729989926,0.04098762431549156
2022-04-05,0.7681700936569719,-0.25072946868989376,0.5735836903607678,0.4085720677981606,0.05935238242207752
2022-04-06,0.7965937211000289,-0.04338031891255384,0.46278738255224133,0.6508397052616377,0.02151229760598865
2022-04-07,0.8866802295859503,0.011955452141123833,0.5953040991596896,0.4602493673662175,0.0595350679738393
2022-04-08,0.8132997397705461,-0.2079176490415712,0.5865024884039711,0.43905911001228304,0.08180435486491927
2022-04-11,0.811972129804176,-0.05175040858497089,0.5574218601107375,0.3162308793725126,0.05873183826910564
2022-04-12,0.8186503541199797,0.303634276642011,0.6846606616303605,0.5634100681903385,0.05520255273774993
2022-04-13,0.7355496326401166,-0.3030357447952486,0.578451641996147,0.1407619047876224,0.06069314068208326
2022-04-14,0.7950401975510406,0.10570875891437487,0.6299186080594887,0.22216823859232065,0.06577771467650383
2022-04-18,0.788566754879898,0.3091893501230138,0.5545164223285155,0.4933631654362116,0.0021777618441197522
2022-04-19,0.8496072939640128,0.013628406453591025,0.6814967466975167,0.3544989533580817,0.08990607739350402
2022-04-20,0.8616829392352536,-0.08244154060180321,0.5858213899259228,0.2611243004540983,0.04034570614333858
2022-04-21,0.8943996611531898,-0.003775159735700993,0.6967482343608202,0.3871311444537158,0.03178187902010894
2022-04-22,0.8840066398312225,0.304339978571047,0.5494627866409417,0.35552929971634234,0.032355170768381784
2022-04-25,0.7978035304027102,0.06406809902319936,0.594206330155261,0.3617744602114224,0.056170083380858486
2022-04-26,0.8645350227844179,-0.07871779724887402,0.5938647986243789,0.21784521114447142,0.03700721829438153
2022-04-27,0.8427486024683079,-0.04582188585741398,0.6156016269131739,0.4362758156808034,0.080930086571589
2022-04-28,0.8477652063449188,0.15298940396282731,0.6046600435454528,0.33042979940698075,0.0627002023658226
2022-04-29,0.790760267361076,0.09933195185293274,0.6531397176424542,0.4192360664919383,0.014701725305935654
2022-05-02,0.8068830446315229,-0.04256269675110412,0.667952282413689,0.25405805189149755,0.044305392531860256
2022-05-03,0.8433392691148962,0.11434396424077456,0.6213456184704396,0.4766865038559073,0.0959203700817598
2022-05-04,0.8418922640418595,0.07769730556343613,0.5677809788297523,0.46614134854963685,0.07611918910514531
2022-05-05,0.7410919248011676,0.0038428508333987876,0.6079472592284639,0.459366045997269,0.08693542076956262
2022-05-06,0.8418582507925306,-0.07045877563476531,0.6158906321859887,0.31454125432061125,0.028055396727844618
2022-05-09,0.7966603445766128,-0.2664874875459714,0.5848719446798755,0.4263077484044751,0.07114764041176207
2022-05-10,0.8915495774231412,-0.05775881573583574,0.6483345625462203,0.40847315029752773,0.06564649954447371
2022-05-11,0.8240070779630694,-0.12648408837745725,0.5625855432093688,0.22558649431734934,0.028840210260577783
2022-05-12,0.8308967616823906,0.2961349999743986,0.5786680212444097,0.40975943786102537,0.05647779364353737
2022-05-13,0.778642323871706,-0.11047505154412698,0.5570294711979126,0.33529537328515674,0.07199761827697805
2022-05-16,0.7781443664660704,0.10036533939134412,0.6542010307983263,0.40406927914975566,0.09932210905843568
2022-05-17,0.7841913669177379,0.13043686988181477,0.6529799672994877,0.44149403193256714,0.09894867017415103
2022-05-18,0.8396221286846045,-0.15896954224800497,0.569958914613523,0.2550827316585693,0.06697386758336527
2022-05-19,0.8617359254101367,-0.03099478023706716,0.5311387893457533,0.4473955793533123,0.013705155135899517
2022-05-20,0.7411719391063876,-0.02332970638712445,0.6238703975555695,0.3360303566349817,0.06796274663540453
2022-05-23,0.914426744744091,-0.0008282511611526814,0.6578339065151493,0.4329994366144799,0.0463626985606001
2022-05-24,0.8371991958254151,0.0070791296674180305,0.5446696674450208,0.3802167986609305,0.06309079746403491
2022-05-25,0.8124389956757171,0.2796234417412752,0.5901324681418609,0.4822476193769048,0.03590066571043397
2022-05-26,0.7465768043381666,0.015173398116350807,0.60141077028746,0.6152987441491372,0.06832819305180594
2022-05-27,0.7357130118106664,-0.10831846740947455,0.5961716754936962,0.5139497874590894,0.0631183753831764
2022-05-31,0.8495951558364686,0.2493785326122626,0.590247951332173,0.4078457501818401,0.05201710574948788
2022-06-01,0.8597519053991812,-0.20488107048870546,0.5774404047673121,0.508531436980513,0.035675188376304255
2022-06-02,0.8400831263050719,-0.10183896422039118,0.5397645075917864,0.4156998046395787,0.026035836588360717
2022-06-03,0.7949829097098067,0.10626269910960258,0.6458183748950825,0.3077022494801143,0.05049424551940225
2022-06-06,0.8230956097271711,0.1602832674885417,0.5861411408544884,0.5423455927125815,0.09303502729621085
2022-06-07,0.7663808117294074,0.02043491906007909,0.6087035494558856,0.28999548305042755,0.06682539108224712
2022-06-08,0.8760096774162448,0.18773227725791075,0.47181622227935355,0.47739758295897755,0.08081505611506565
2022-06-09,0.7675621947212216,-0.18529272956920548,0.6199899752859953,0.2596712775300831,0.02077612573853457
2022-06-10,0.8230662485253374,0.09832461112030405,0.5770881040568128,0.36626156615940836,0.08380857863156915
2022-06-13,0.8177155137881799,0.0738721902956709,0.6082067331831624,0.3849017208125181,0.021861641922095477
2022-06-14,0.788591327787834,-0.09543041701517317,0.5860080792449089,0.6455280042330201,0.08136863515390114
2022-06-15,0.822435267452241,-0.32939578183034707,0.5384716303532405,0.4460031664824011,0.009554356617247906
2022-06-16,0.7716396100079045,0.42221277126841494,0.5543192846156927,0.36445517686647666,0.07798362825280614
2022-06-17,0.807002786171989,0.3350874426634,0.5940303439328266,0.3107021172563833,0.08912086905242325
2022-06-21,0.8568180193862328,-0.08737514568579213,0.49978377931623474,0.4830354259134946,0.0010686111059010962
2022-06-22,0.7246480365731969,0.004945644666836144,0.5324874903714899,0.3571577175813149,0.08770833260349727
2022-06-23,0.8019590409475663,-0.015160785243842326,0.5371582961718294,0.3133279995381271,0.04392728615088209
2022-06-24,0.8782068556560066,-0.26104105160478025,0.5409894986024534,0.41856622599259113,0.04519919359623429
2022-06-27,0.7171636352304418,-0.17848229712476693,0.603902956745089,0.5933534032140411,0.06713174303740208
2022-06-28,0.7961358250271547,-0.1410076515614209,0.5525225458156607,0.3246791178655579,0.04539724734886324
2022-06-29,0.791622265974766,-0.011265241677172647,0.517945111073405,0.20917875213388512,0.07172445184220909
2022-06-30,0.7948414020116661,0.14782426950539984,0.5394983301464561,0.5322551091576295,0.01910969172874092
2022-07-01,0.7895285865507116,-0.11105621154093342,0.5324085641454169,0.30603674211273635,0.040705097824767646
2022-07-05,0.8664353557445137,0.03493129930713234,0.5784577385804811,0.6051291180286584,0.08347132616284142
2022-07-06,0.7826135134776585,-0.3277836878635512,0.4574466307281225,0.2957105192337458,0.09972906673729864
2022-07-07,0.737337219289624,0.09311192470185733,0.5490653975237657,0.4138280935622251,0.09007374858436425
2022-07-08,0.8723278247481724,-0.2342525853987188,0.4942322935622347,0.25737553909709554,0.029107629514119493
2022-07-11,0.8421530284785046,0.1014666302991262,0.542512546863952,0.4582464786039253,0.0006001848301998903
2022-07-12,0.8399901373711189,0.23112500141617176,0.5686310473633758,0.42325553935061827,0.00860392379647772
2022-07-13,0.7999036418862444,0.11248323023933116,0.5153806417970794,0.2780743918443434,0.028744906876875833
2022-07-14,0.7304394382423884,0.12439386742421919,0.43284785275842086,0.4747249666947002,0.024337357259912585
2022-07-15,0.8381432263484397,-0.20878591074840447,0.6281080639612354,0.33634990772345263,0.03274473268394307
2022-07-18,0.8268277285384497,0.037593994059106746,0.627023824220283,0.4431896264042625,0.09759341893973429
2022-07-19,0.8040196356397956,0.008752451944012694,0.6167741270899506,0.26292008809189515,0.07663592339775782
2022-07-20,0.8255368022997366,0.17652571928545516,0.4751440300309301,0.22248919942699638,0.03730662040565507
2022-07-21,0.8284722137586998,0.31706924818177673,0.6040296265055078,0.361321307328148,0.047740430935269466
2022-07-22,0.7984466379220391,0.2350870507736659,0.5869814923192287,0.3924148915122042,0.03360705165030577
2022-07-25,0.8929357994296286,0.24611878251170505,0.45253345235461595,0.36118033366309843,0.03083808860977514
2022-07-26,0.8716063193386973,0.2669880526497129,0.5112300699510162,0.45501574452315974,0.006018649367114004
2022-07-27,0.776151245893713,-0.10756525322984266,0.5665318875144952,0.43445600328470346,0.010436638196538117
2022-07-28,0.8954491676605824,-0.17774683782545517,0.5290288537848432,0.5412558694224283,0.09022404449411493
2022-07-29,0.7928617455215592,0.11118447865134917,0.5305570311136807,0.3922202323381204,0.06144392971282808
2022-08-01,0.9203186309424496,0.10554763945010313,0.6279294251796591,0.3717092204411783,0.05272392356895789
2022-08-02,0.7264299914177235,-0.15328157007567808,0.42614287958244207,0.24423671961711646,0.043920171486548865
2022-08-03,0.8343094946958323,0.1746314621851526,0.5305772259879112,0.1911857818887831,0.01043946951327458
2022-08-04,0.7693428487969386,-0.03067395998424005,0.6675198968199445,0.34424954459639,0.09922046674327012
2022-08-05,0.8456317250250528,0.06081078668492429,0.5898540646317263,0.3477629351027177,0.049854303983754844
2022-08-08,0.8444191892289533,-0.2582731813340888,0.6117638108435208,0.36423414819186706,0.01742629571233133
2022-08-09,0.8480444020383799,-0.2093676451535613,0.4885052211215659,0.3596733123264847,0.09142613011284632
2022-08-10,0.8789838975475751,-0.04620598866705175,0.4868485494804026,0.45699697336622414,0.054264811230742206
2022-08-11,0.9168421741991513,-0.4189973036849063,0.5536840727194002,0.5899820832130421,0.06835910351324176
2022-08-12,0.8206618537901392,0.2567381542639258,0.40940124012750095,0.39352681489958674,0.046254277385663824
2022-08-15,0.8285032043578009,0.23043511608308054,0.4087744258815967,0.45950631070720577,0.06554213450367816
2022-08-16,0.7905860015862111,0.25743539167037877,0.5303987802252671,0.3164520526569534,0.07040289474367668
2022-08-17,0.8593530968304323,-0.21690326117051875,0.4758985731047008,0.3126778334054777,0.01760859188620332
2022-08-18,0.828110566980401,-0.29602950135653394,0.5037904541389533,0.3206237351947871,0.09628201589465363
2022-08-19,0.7693281126705617,-0.12832127026589896,0.5399535526746361,0.3441302495007664,0.046964180912802626
2022-08-22,0.8331647172406594,0.04240937670971426,0.510057780733668,0.34971910285087204,0.016604492530218173
2022-08-23,0.8274797176879224,-0.10844263087307063,0.5219679081535894,0.3760241604689094,0.03183660768314204
2022-08-24,0.7839782964310245,0.400612523472868,0.5043458650543756,0.38721430946865704,0.04058124033090796
2022-08-25,0.7541033391939005,0.07976880675895043,0.450435210006911,0.3559431953108059,0.055076190384323424
2022-08-26,0.8007871757040923,-0.32974169162602895,0.4818164716527318,0.44082610267811767,0.010665898021581445
2022-08-29,0.7786679187482569,0.5701579333671107,0.46529072795559945,0.18439585084943866,0.0488508382032259
2022-08-30,0.8547473742308689,0.1089512843700533,0.5706804643983794,0.29756222913022096,0.06361836922933399
2022-08-31,0.7349069936406742,-0.025929285883676118,0.581288227479621,0.3125793073014139,0.036822920377086635
2022-09-01,0.8186725959709011,0.21831484258478495,0.5312712908493635,0.4763616858120073,0.06989968306354875
2022-09-02,0.823548686514164,-0.08856209034955986,0.5798677578812692,0.515411965890647,0.021771787651110708
2022-09-06,0.788096186078114,0.11485989712315024,0.5581511694673232,0.529959414643983,0.033856964009046364
2022-09-07,0.803933073468343,0.16528794590629092,0.5407118090968027,0.27907185386388866,0.05050122058920217
2022-09-08,0.84779530444503,0.2620834316342758,0.4759622542637708,0.3383948215343059,0.04073860904437652
2022-09-09,0.8639260085380497,0.17643882116360787,0.5363658984395001,0.45952260625716457,0.08027359982472053
2022-09-12,0.8788304641723622,-0.23276927687335586,0.5349286422938889,0.4951055944815904,0.00383181510266758
2022-09-13,0.831583485591876,-0.08971931366294487,0.5444353038888841,0.5533302301808531,0.01820336429927848
2022-09-14,0.9083268436573146,-0.004577891763430168,0.5408560795125634,0.4284955908611024,0.015247347014912616
2022-09-15,0.8695489916923054,0.3091767542125387,0.5094247473181313,0.4639074648146052,0.08644806008957868
2022-09-16,0.8866741260361128,0.22917464546677913,0.4637460366719752,0.39328182403640316,0.0959484213407326
2022-09-19,0.8331905483784863,0.20010224754714723,0.4919417272100559,0.4528707492988854,0.014917911013985109
2022-09-20,0.9015385303191079,0.3720959495647536,0.4552599752901275,0.4814680464016872,0.011524447003317319
2022-09-21,0.8006237567138578,-0.3149728499018942,0.4985235490454589,0.35987495340663156,0.038059642950124345
2022-09-22,0.8616415087726159,-0.326289469331722,0.5390826547131495,0.3817972272829718,0.0943420539596679
2022-09-23,0.8292604837367147,-0.2073183548803039,0.45702560829993,0.3471376118761584,0.0549900593939896
2022-09-26,0.8171860987654169,0.18846886932408702,0.5012822642199835,0.349190871558928,0.09329111813173878
2022-09-27,0.8966196166745986,0.08012762677227438,0.4610303979175017,0.4953912422516942,0.00692123648813775
2022-09-28,0.8847521013950859,-0.08773699209230085,0.48773185940078595,0.3629290506392424,0.09483504457314751
2022-09-29,0.7725076473938934,0.4629482628480978,0.5581700711725773,0.2314591940111686,0.009075021399290817
2022-09-30,0.8777256196790678,0.10091108661352428,0.5168772242546927,0.4183805921214661,0.09957770731682158
2022-10-03,0.8427264662386426,-0.09483136396347788,0.5751094065672248,0.36184856617038386,0.08210169752370478
2022-10-04,0.7916188255669779,-0.2207760953980119,0.5383086369244824,0.371793638455136,0.07892962770366849
2022-10-05,0.8247037105068025,-0.019158208803436,0.41928675926398096,0.4488347689723773,0.09587416048166279
2022-10-06,0.8433628722064541,0.23956338353101958,0.5156249622068931,0.3416804135098133,0.027567778076421492
2022-10-07,0.7787165659439113,0.07793004850945495,0.42999942508279854,0.29210597070373684,0.07732016313815215
2022-10-10,0.8010373331800377,0.04168504518530935,0.48607631960439396,0.4101966730838264,0.03770936715384257
2022-10-11,0.6960962705712685,0.3160273629630917,0.44971424250235736,0.6018409766337157,0.0006523963186888748
2022-10-12,0.8216092625324957,-0.1286027109849022,0.5626261898735063,0.3036102105284849,0.0027706744254271443
2022-10-13,0.8704571117575896,-0.13925688740104372,0.580521902978952,0.3766256634082699,0.06493556614960304
2022-10-14,0.8495426320181775,-0.015418320604364317,0.58416166563567,0.3741756406419256,0.02714801884396334
2022-10-17,0.8039114048313835,-0.2200191377367267,0.4254883527720337,0.4247151427782038,0.06289481847617992
2022-10-18,0.7734776887142532,-0.03901393883569928,0.42306522594359725,0.25498752652841083,0.08342379713475716
2022-10-19,0.8639692634359305,0.3051235867112438,0.5320145953333587,0.36915911310018784,0.024837722760960957
2022-10-20,0.8814271061050041,0.3114608921849243,0.41413004008867005,0.457949632724469,0.01415521866450169
2022-10-21,0.8745726712465614,-0.001041016555485803,0.5577063852610754,0.5766204689396286,0.02008583274409478
2022-10-24,0.8150003928537979,-0.16301310890113696,0.45927471567938943,0.5537805640294828,0.00021323942824638122
2022-10-25,0.8656022218065987,-0.08794588317856561,0.43747340763865583,0.40640922649801375,0.02771421515518332
2022-10-26,0.8787637626240931,0.010215552141350885,0.49278475863068155,0.4524227757678454,0.019069942304190648
2022-10-27,0.8118509069543296,-0.15263422712737415,0.4776542541315665,0.4038728104420472,0.02191936514549161
2022-10-28,0.7835706559440485,-0.05064624825653996,0.4675100805651394,0.3986800891997332,0.07898259563688835
2022-10-31,0.7284171198285014,0.13287841884429857,0.5484441504671957,0.394145008703411,0.016959345396338654
2022-11-01,0.8598364131509025,-0.2508636705890961,0.40620561863335347,0.34659865462300543,0.08650571658710322
2022-11-02,0.8938936360890164,-0.09728607930713967,0.5569560060793929,0.34944318454716716,0.09228793489809115
2022-11-03,0.8089146868451691,-0.17232976923089888,0.5661371259840383,0.24859553871229256,0.08084763481871764
2022-11-04,0.8127660388082618,0.1955578866896721,0.45129981767401955,0.41228032599746667,0.03259581680700837
2022-11-07,0.7357815294236366,0.2795786145827311,0.5792088482704866,0.4559626095177688,0.0836195298865717
2022-11-08,0.8720492490875672,-0.23858676443902113,0.4152561414716058,0.3929304387135997,0.04424540380556047
2022-11-09,0.803405441152428,-0.35395526794470006,0.5164374059816218,0.5078286309843384,0.038394881653655656
2022-11-10,0.9151447631655614,0.1824090672637728,0.6028030008519737,0.4468151521764893,0.013942228944216706
2022-11-11,0.8376001813151053,0.15253852799300266,0.4978388505450635,0.5017512900697925,0.09874778468836776
2022-11-14,0.8292295707916515,-0.038327476623611266,0.46476874156648224,0.4528362191371117,0.05919906496441549
2022-11-15,0.7966107753933556,0.19388512489130788,0.5158201907491929,0.5319983337547706,0.047398487179911936
2022-11-16,0.7959511162555875,0.17025485881222244,0.5722143495877663,0.46587876670462114,0.014868126542936833
2022-11-17,0.8573287469357878,0.04927566633204269,0.5376465571152742,0.3970890303060867,0.024096472997872168
2022-11-18,0.8095170519197756,-0.056817362738545575,0.4634811467480601,0.21359808062891333,0.06518297423047137
2022-11-21,0.9368384188925443,-0.1458860739548139,0.5202181181073366,0.40274342377423383,0.041052215592587316
2022-11-22,0.8987834120065508,0.09361367478936815,0.5255196727982032,0.6417088609304455,0.048406343146055665
2022-11-23,0.8021059457123332,0.23288809936979207,0.4766771218156205,0.16126048921851976,0.07320648427138786
2022-11-25,0.7950401214383053,-0.30637200721929425,0.5560050652624547,0.46686365983124434,0.03677090431105098
2022-11-28,0.8840164092965679,-0.0003274025376569747,0.5312175098054652,0.45205415256420767,0.09409931513236115
2022-11-29,0.8862618866299591,-0.1723423939850304,0.4470880311068557,0.3941594135769235,0.08363250767038766
2022-11-30,0.767991426926636,0.280796028807576,0.5148507734481635,0.5444953746684245,0.038408029818791094
2022-12-01,0.81524340799562,0.12190613367593364,0.5823186963903813,0.3443852789628065,0.0008006540523917361
2022-12-02,0.8298085409043202,-0.24307205680324617,0.506317576745879,0.2618872391512178,0.011255606513784811
2022-12-05,0.8304340591752322,-0.2521174613613964,0.6001954659717935,0.4307800087626533,0.06576558351428535
2022-12-06,0.7803161243563767,0.3827302437029127,0.6137699108155829,0.5863126394595302,0.09611546895167074
2022-12-07,0.7798982231507455,-0.31039027176422723,0.534385281928497,0.47675656653662246,0.07667723233321307
2022-12-08,0.7457755249601421,0.29058977495718896,0.5879469813478283,0.46617689042354216,0.035977147408758514
2022-12-09,0.7381292541484377,-0.19195675628974454,0.5236238495896605,0.21636135132512485,0.03411575630334215
2022-12-12,0.8157491264785935,0.24771862582827878,0.544080836019098,0.24379597541354198,0.06275268366030559
2022-12-13,0.7999517774125229,-0.04815109502558282,0.4618096966982237,0.33684529189996865,0.026415141144972943
2022-12-14,0.7730415051889756,0.3416617354064128,0.5732437245883851,0.3462263820148851,0.02811635858260382
2022-12-15,0.80261490362454,0.14392516100401329,0.5198803297915597,0.28376216858027054,0.07736595646022382
2022-12-16,0.7640609261517105,0.11637593237670751,0.5684078335995092,0.5030175099409929,0.09163689180781065
2022-12-19,0.7456953689115688,0.08614189717858484,0.5530689380819622,0.3640799303233052,0.0763089127783783
2022-12-20,0.8339672572150525,-0.03795363837456488,0.4849231964193661,0.4538216697803202,0.02646461270394057
2022-12-21,0.9378788722819196,-0.221276314653108,0.5270871699002516,0.35091069516817114,0.07690128561163188
2022-12-22,0.8088486025467918,0.010564412106052091,0.5443673165301494,0.4384461827783275,0.012093975239016931
2022-12-23,0.8684010285726577,-0.11700083366454682,0.5281375393775731,0.31035811370838745,0.06663598337755926
2022-12-27,0.737729571150711,-0.00119410050355875,0.6344746438484158,0.3379861322836213,0.02726840304131364
2022-12-28,0.9005726455000344,0.22600421646289776,0.550657310308411,0.44365743644184136,0.006119172406666551
2022-12-29,0.8084266178771481,-0.015988727167400876,0.48166870457252225,0.47443062236796246,0.07683375548655809
2022-12-30,0.8229216592025494,-0.015181134313469761,0.4947809963833733,0.3952698887848317,0.030562618317773762
2023-01-03,0.80861446596523,0.1495577081301252,0.571516482591353,0.3155079606739868,0.08879944332320494
2023-01-04,0.7264858155468691,-0.0785928961190104,0.4798843084485821,0.3604642600900412,0.033899283930785507
2023-01-05,0.8780548668914815,-0.567573781077059,0.5153642345211706,0.4599934797607239,0.028794554300098044
2023-01-06,0.828825158146006,-0.03224652983141626,0.5507037306962432,0.4109779999764243,0.07147098986289684
2023-01-09,0.8138110298875453,0.10104928948233433,0.5670971962793057,0.42957332435157414,0.019624377895962032
2023-01-10,0.8394264900524914,0.0434064089962416,0.5365346386861064,0.4656338717526728,0.08104186091402477
2023-01-11,0.8040370601284019,0.3356923153081132,0.5179810900188563,0.37506743834723577,0.08308800509552433
2023-01-12,0.742568875363832,0.01693063794523442,0.5292905702802579,0.18383561936265755,0.04942340012064004
2023-01-13,0.848671419834435,-0.27182441025158033,0.534144121130733,0.40517492679812833,0.016747665430141657
2023-01-17,0.8368579381886752,0.2971510768459795,0.6076184922118759,0.3302070519593814,0.0776913457520947
2023-01-18,0.8220605047747046,0.031087208912178976,0.5822820135686279,0.4556211087765205,0.03155941979730905
2023-01-19,0.8482534647585858,-0.10775834035358285,0.6751268985365879,0.3504654262080201,0.06233953307129878
2023-01-20,0.8496800298846416,-0.24919929591443812,0.5551352085429935,0.372203113946102,0.08967919094577757
2023-01-23,0.8304300873969939,-0.22978970632994913,0.6022910893883443,0.36679767409447417,0.008179837970774118
2023-01-24,0.9009393469462528,0.06193552191210985,0.5342908651636524,0.6155849918094765,0.015139749567253736
2023-01-25,0.8383671631162278,-0.4073219534590255,0.641650733605921,0.3139275926538091,0.01601187168994769
2023-01-26,0.9417209361243124,0.010244418317896865,0.5784436596448888,0.32588680130791486,0.008508784603937293
2023-01-27,0.9685095850828609,-0.2177969878381546,0.5989725722942956,0.23555846557676913,0.03413926224043864
2023-01-30,0.8529865120184243,-0.4423914122783634,0.5211480571725946,0.41288105244962703,0.046051514150512576
2023-01-31,0.8848666941183867,-0.011934562752646507,0.5212146172576305,0.38629956862484877,0.06781246015051227
2023-02-01,0.828119434677224,0.40585149653550573,0.519659922875065,0.5367688086093263,0.043602781978428776
2023-02-02,0.9391211747046799,0.19413556092405213,0.676557356883998,0.5193833780279982,0.08251016004384384
2023-02-03,0.7428579806323006,0.0823784478665065,0.5737926211617141,0.46117943903880343,0.09708464850214801
2023-02-06,0.7937471869281649,-0.19130378751053345,0.5734851211365023,0.42018634746153444,0.007290961477663638
2023-02-07,0.8332266383598271,-0.07322554890569836,0.4865432817025962,0.3095236951667501,0.09341297665948717
2023-02-08,0.8233837351889992,-0.2434229457699134,0.6273425091283105,0.2872308536380682,0.04844141193246675
2023-02-09,0.7991105328373928,0.2331920084798405,0.7135786641918396,0.36253981174118205,0.009525614426797224
2023-02-10,0.8583331981474024,-0.058126240126660095,0.5328565342212971,0.37014817765154473,0.04738974842163368
2023-02-13,0.8298243782119599,-0.01723923022991545,0.4967843989542031,0.25407081643052065,0.0034791513906897056
2023-02-14,0.826747216806422,0.074127509953975,0.546953958181455,0.38790541613936097,0.05034901289814306
2023-02-15,0.8268228790159253,-0.05903014232207371,0.5685652204334045,0.3495276335830557,0.002838917031931532
2023-02-16,0.9006961873160311,0.2618715088012077,0.6226871414846398,0.3423996425969887,0.08399046946083538
2023-02-17,0.8050499742042065,-0.1423932192303968,0.618123181771757,0.3499500261373134,0.06237842960480916
2023-02-21,0.6715463724645176,-0.007557644830863907,0.6595264315663962,0.3872457034157025,0.03966465094625733
2023-02-22,0.8806330074054152,0.24278578466750358,0.5962305089049371,0.4887729023731049,0.07655539655436333
2023-02-23,0.7870112610104287,0.2281188993463511,0.6306306073380622,0.3976187979995314,0.08837043400616126
2023-02-24,0.80956220561527,-0.07599080710432557,0.5085641816629604,0.5490398192106515,0.07429593586082821
2023-02-27,0.7541501671568843,-0.05675808676328064,0.6325472169020517,0.46362283660294235,0.024117350244700488
2023-02-28,0.8430188915599204,0.046982720200525414,0.6137066520132926,0.2970616208570129,0.008989697166388833
2023-03-01,0.8267858165959483,0.030055598293477117,0.6140147028219686,0.16285288621691146,0.028494280585272282
2023-03-02,0.8301013378977269,0.413082468556374,0.6373031644433015,0.31419845820245396,0.0760266691547692
2023-03-03,0.877197039179029,-0.1347125634175532,0.5220140129915023,0.4220253164854448,0.09127160708691291
2023-03-06,0.8200470958736696,-0.13919751326153637,0.5684690490470945,0.4284494721524465,0.03567803191742787
2023-03-07,0.7930471755437979,-0.35865867148642155,0.611130882882838,0.30261986507208855,0.07770373039020274
2023-03-08,0.794328558920048,-0.30704431532527515,0.6198023062126128,0.2564926137296859,0.030885792645440703
2023-03-09,0.7416933205785043,0.01525980711971752,0.572323079284049,0.3668909199174001,0.0853585593512595
2023-03-10,0.7592637852622746,-0.28586678277565597,0.4618432212909075,0.4727420879953378,0.001289893912006579
2023-03-13,0.7665662002096243,0.15103564628678773,0.5864803866804449,0.3490190330372376,0.07548999403399531
2023-03-14,0.7730578439780236,-0.015588439532117354,0.6830979591947142,0.44340855958122166,0.039752767064821795
2023-03-15,0.8085732749739227,-0.1596939352499364,0.6404400475807452,0.44782041019295216,0.04758122185951102
2023-03-16,0.9190449487624115,0.024887066494581084,0.5688269533144477,0.3934052609435845,0.0046837146030375585
2023-03-17,0.7274043920530632,-0.07299380761255723,0.5912974006272103,0.3545684535840884,0.020412414380563727
2023-03-20,0.7639733556829101,-0.2242019891134624,0.5316258182235135,0.4546460586591921,0.058307698579612016
2023-03-21,0.8583050011825507,-0.11525206432355786,0.6243428404760263,0.3250101086225954,0.07319703813176913
2023-03-22,0.8559905748347227,0.21962680708803345,0.6306074602887063,0.29070738461406,0.0371591487015254
2023-03-23,0.8934656084917955,-0.032202280997060614,0.6407223405556124,0.525301581475407,0.05464224872007888
2023-03-24,0.8373919752475761,0.4291138294443444,0.5500356585976933,0.3463093187461007,0.03284801820768727
2023-03-27,0.808713275788,0.07200464130973941,0.623603337315503,0.37404397796325517,0.02530040094302981
2023-03-28,0.7482988354436921,0.17866741856669463,0.6097306505750856,0.4272216765082909,0.02374101711196447
2023-03-29,0.7699984413814619,0.002524992403050007,0.6379708311133869,0.1255835907196335,0.07355706338178755
2023-03-30,0.8040307871540512,-0.2170035777992387,0.691923170934521,0.5961513715201345,0.05899728557430792
2023-03-31,0.8258119699587041,0.021994243550859063,0.6370950924957698,0.35241248692441823,0.018241493298032253
2023-04-03,0.8068205914537958,0.07841667963628465,0.5413568128992375,0.3684532507212274,0.08664039757302786
2023-04-04,0.8472837668453428,0.2586218187205162,0.5869780987319203,0.3483710842400975,0.07310971080273293
2023-04-05,0.8104987138468621,-0.19441599198381637,0.5405849637525216,0.2151110503956805,0.05486105498486671
2023-04-06,0.8560199105913714,-0.021136714389979827,0.577494083891642,0.4870079110769244,0.0033485889566416405
2023-04-10,0.8467948803225196,0.3587841259152891,0.6098033340498655,0.46520616785306695,0.07878898218796987
2023-04-11,0.7443059320486096,0.08735138180729124,0.6016633001563618,0.4396936654665481,0.0495087677197919
2023-04-12,0.7803209263868792,-0.06614260184058268,0.5174537148455727,0.38953664457716086,0.05089507659702949
2023-04-13,0.8080379086612324,-0.33629394889640263,0.666448427287239,0.3056395701269701,0.005031697187281326
2023-04-14,0.8160200470903873,-0.08901794486783456,0.6381331002145442,0.409204258719216,0.005331282583385422
2023-04-17,0.8144787776571264,-0.13197357054292844,0.591442454651263,0.34865345242009965,0.055437714864380865
2023-04-18,0.8083582252122913,-0.190043216055382,0.5941417640525628,0.38433432497376246,0.03624173880983788
2023-04-19,0.8866753947031916,0.3460328330800786,0.6830825235544059,0.3983831627252375,0.07463092217144579
2023-04-20,0.8544254406507544,0.38647395552487973,0.5359344861072032,0.40172791532788477,0.08096940219776455
2023-04-21,0.77310707161242,-0.13583285887071309,0.5582362827290042,0.4497791600373089,0.07567410232010206
2023-04-24,0.8445365979519426,0.13479166601819867,0.6659130520230626,0.4429925655199948,0.0817559508328094
2023-04-25,0.8499906110699124,-0.13952935890877277,0.5425923292585998,0.49906188977971205,0.09820557521759843
2023-04-26,0.7748811870994581,-0.03336132219874057,0.647657376549911,0.3966911634784533,0.05724946801012535
2023-04-27,0.7876367023984161,-0.48459444914054695,0.6191540366856456,0.3898064180013614,0.057832071523064556
2023-04-28,0.7496953467291966,0.1571879469579105,0.6127538405771933,0.4756320277162779,0.03503395566265186
2023-05-01,0.7279616199707681,-0.18354446758301338,0.6146008543419035,0.3603251080587307,0.015375647466077037
2023-05-02,0.8961876061465932,-0.22706929625294717,0.6052960803914095,0.37354885343244815,0.03401759350329372
2023-05-03,0.7666951517962929,-0.4620878003363174,0.5600877647323097,0.3651463142000117,0.021720263074986226
2023-05-04,0.8044223936222039,-0.140543627718946,0.6381109966839787,0.19046122128470133,0.058024585931188546
2023-05-05,0.8257870889194157,-0.1971356725740221,0.5354350638370028,0.32971785681321153,0.08304483563233837
2023-05-08,0.805455350736406,-0.15246290630537235,0.6036733622747451,0.14740206860831767,0.09851807696165812
2023-05-09,0.7701076051528182,-0.16824150827501894,0.6422362041800155,0.541061543834235,0.04219055486476358
2023-05-10,0.7937950789191632,0.3088575544892625,0.6310778543927259,0.2762688236302623,0.02617525025447133
2023-05-11,0.7295306227330501,0.011535298698870246,0.6640818311050347,0.511126563554731,0.05748058420040866
2023-05-12,0.846328147921485,0.1215523532880995,0.6429416727164187,0.2727535323500082,0.07129070069611147
2023-05-15,0.8680149559768924,0.06383343429089228,0.6075252701669336,0.2742908156571551,0.016804474763411115
2023-05-16,0.8687332160278622,0.012427521608879274,0.6500292770847612,0.36143489628753,0.013483834170890142
2023-05-17,0.8522472692207231,-0.17623050051484912,0.6924291284897022,0.3910089669338621,0.014852860352276754
2023-05-18,0.7792231335566219,-0.07068797641375214,0.5933801832821148,0.4137833983993463,0.08487174517537176
2023-05-19,0.9221809547170446,-0.09481987556693361,0.6319848873908522,0.31924155930697784,0.05457546812209423
2023-05-22,0.8127356650607204,0.18005337712571684,0.5294484109039486,0.5178844772770558,0.06313061627751385
2023-05-23,0.8221205303809144,0.06558283149591185,0.6041935304719034,0.37938151931209096,0.061541919219386426
2023-05-24,0.9155166636754795,-0.30061691552517933,0.6322196798307181,0.32843684305388704,0.007304663047859639
2023-05-25,0.8043028241866863,0.19409945244764681,0.5624799112443478,0.4073305491758483,0.013007305064013886
2023-05-26,0.8300711517349131,0.08525365339832486,0.6341361390456448,0.26567065050776806,0.04092382805188641
2023-05-30,0.7275311017810081,-0.02374749879085683,0.5584409125901081,0.2821168719818082,0.07613747750020422
2023-05-31,0.7821171090005301,0.1146362390834566,0.6297208972513065,0.37045419125133305,0.07539982473797696
2023-06-01,0.8103960896305933,-0.12550773698566994,0.5078223763991634,0.20996976589383753,0.05471641658568313
2023-06-02,0.745693008933129,0.307072805690945,0.4999871236027402,0.25697037671423206,0.026437065895474145
2023-06-05,0.8712333716402895,0.071576410282016,0.6249096111667802,0.2805681270668641,0.047590209242164894
2023-06-06,0.8627442733010984,-0.09594758308916294,0.5353752169438444,0.2529445488297649,0.05655465817774294
2023-06-07,0.8149219560887352,0.22588221115514867,0.5579475937460536,0.22994456053314608,0.08516350468045114
2023-06-08,0.8092017609571204,-0.10864318928301059,0.5260498589446432,0.5661392468558097,0.038129373069205885
2023-06-09,0.7819979497578015,-0.08646220337008337,0.551569406129744,0.43878685354593366,0.06803437767444023
2023-06-12,0.893503819304153,0.23580631787486556,0.6161519774370325,0.488511224660942,0.06562934423449801
2023-06-13,0.8428011128820002,0.3946987019479395,0.6139231539895897,0.5473321857943836,0.038961778655898054
2023-06-14,0.837846104351589,0.28097162104212575,0.6749034955760951,0.4616993267111929,0.016692734462929414
2023-06-15,0.8184308353524202,0.23305475310951704,0.5326667988721001,0.4790291383902961,0.002919108944541904
2023-06-16,0.8397493429124382,-0.006731779002102334,0.6344314154445969,0.30694445991086683,0.041436402871347915
2023-06-20,0.8202684314668587,-0.11266213737968958,0.550790151478464,0.33277321455707454,0.026740506660579245
2023-06-21,0.8837380129541031,0.16824926120091457,0.5426248352721608,0.024164596489341883,0.03878549555519596
2023-06-22,0.7325557680716213,0.01705749274099738,0.5397781127129491,0.3543075880882629,0.06214676446075648
2023-06-23,0.6954227342980949,0.14454533647487905,0.6662226871033927,0.287894121198053,0.09611483619996952
2023-06-26,0.7931763368794384,-0.03557063711333034,0.5070959179795884,0.43058329379211163,0.09802402782180797
2023-06-27,0.865952887459955,0.04397977282168411,0.5695126717256346,0.36147932494796586,0.09338544474015857
2023-06-28,0.8564707946143985,0.025676911488611384,0.5260866199468212,0.47261641794549164,0.007084826384577059
2023-06-29,0.823683959553799,0.19236282143316194,0.5444480556039168,0.43649436828669635,0.047854358536962543
2023-06-30,0.8354203511168699,-0.1439707666155324,0.4331699725942656,0.23531457398899724,0.07629922964687806
2023-07-03,0.792756034791213,0.060762113980363755,0.526489872026959,0.3207176956514175,0.06623425848023533
2023-07-05,0.7879257784085103,-0.17475876956755235,0.47058233782824804,0.284498729748489,0.015695401456568593
2023-07-06,0.8632829120110227,-0.016914981845386187,0.5858948619814675,0.4345874332102516,0.008303694014102336
2023-07-07,0.7977076047758814,0.11008946910530798,0.5315462944099378,0.32894293702702304,0.0672997162415389
2023-07-10,0.8287656260805093,0.014593016436349047,0.5726242835417545,0.5230072229455348,0.06629819605682413
2023-07-11,0.7993993694297032,-0.1286789261897307,0.5633097720984115,0.5836017272079691,0.05466833324493632
2023-07-12,0.9233421231508975,-0.1767676887647281,0.44060565111777034,0.4574955157772247,0.07321563044519015
2023-07-13,0.8214182216670313,-0.18449830847077753,0.6157862001047294,0.3524567107450626,0.04660963836804212
2023-07-14,0.7984089997121468,0.12117861823442067,0.49843449562715697,0.28643058966223134,0.00454706297651758
2023-07-17,0.8260205417262045,-0.21088609951781662,0.5416788088721569,0.39960286239287585,0.0483830340159076
2023-07-18,0.8288463682734394,-0.20327161043015562,0.51273887928874,0.3697508598003712,0.0793459379360559
2023-07-19,0.8904702444165288,0.21923721653415584,0.5567956759994048,0.3191130988668611,0.09741767770251165
2023-07-20,0.814363412110119,0.06324026595211306,0.40127299608928146,0.3192788683952897,0.09449369368462615
2023-07-21,0.818402414231831,-0.07929851686204935,0.587988979477787,0.6117659424571305,0.0774949006528716
2023-07-24,0.7447646025661212,0.016495383879413995,0.5047121029050943,0.31857136689881,0.05651807466286456
2023-07-25,0.7681032246358752,0.0620428205898273,0.5168638414900424,0.4594641189372287,0.030784157562718597
2023-07-26,0.8882230410901919,0.035933973476845765,0.5559885198895148,0.5078195121316975,0.013873658381982991
2023-07-27,0.8905798522871134,-0.010445225847731464,0.42800220390624544,0.3546564551740245,0.09853831373677474
2023-07-28,0.8373429431625502,0.06930938786574391,0.5487942884827645,0.36579540793030296,0.09519304823225498
2023-07-31,0.8783109793622189,-0.10994831322537324,0.5730083070972992,0.5221981566198153,0.01484127622842818
2023-08-01,0.829346988189088,-0.19392380027384393,0.47547934754779086,0.43005697382684593,0.021354431586187373
2023-08-02,0.7972913698258401,0.0016953798531297824,0.4654215078111654,0.5659537420772175,0.0038962563269735575
2023-08-03,0.8251652772511132,0.05920594883786245,0.5324744970980494,0.5455446060504751,0.021745661139293104
2023-08-04,0.8790798839419842,0.03188078895777725,0.4593995401001539,0.41164824027803,0.04288706635771128
2023-08-07,0.8060369733130657,-0.29754985704303116,0.47782826927648403,0.23837206955384485,0.08201367331934753
2023-08-08,0.8075942976196235,-0.2706496566681638,0.5708383122139038,0.34700912887136104,0.06799168799246418
2023-08-09,0.9114930823252476,0.023017430882964447,0.6004828863947804,0.482612772363833,0.0004091653483636715
2023-08-10,0.7905960298359701,0.16889548670843801,0.5795443074128191,0.4151599204928965,0.08744871159109775
2023-08-11,0.7452369791066591,-0.031633376402731145,0.5041881408778273,0.42572535042642445,0.006182221355674156
2023-08-14,0.9021969656088871,0.017910458313398648,0.5662646239581188,0.438017276808194,0.0712354585690728
2023-08-15,0.8759622453648573,0.17622461659360708,0.4554799862093731,0.5158633318252441,0.06267119945447254
2023-08-16,0.7860267597550534,-0.21215105569389886,0.5109917385381235,0.22364708762045837,0.07495799501714771
2023-08-17,0.8403467734919643,0.11436037219674287,0.550731940582907,0.5277530288010456,0.01522588977971916
2023-08-18,0.8408908481374696,0.1373305314938653,0.40397301179813927,0.517527507240677,0.05339083967550362
2023-08-21,0.8681603150641002,-0.004626177194911994,0.3916124950221958,0.4552312502742168,0.07450005985307781
2023-08-22,0.7584495456622473,0.15401074561375416,0.43973725758395116,0.5156758571110361,0.06395298839225388
2023-08-23,0.8606534649486847,0.4129962574939554,0.4476931921399074,0.47619297024605617,0.0348815763481514
2023-08-24,0.8990248113299537,0.32206690987143755,0.5208298579100307,0.4092411590989621,0.08007477153814252
2023-08-25,0.8795922544168009,0.06071797704247206,0.48126539664042567,0.4886990447054125,0.020125914479307117
2023-08-28,0.8351207285950151,-0.02363808922778924,0.47245533441778387,0.2847185265219494,0.07882840665727767
2023-08-29,0.9283226855514183,0.04176806998331801,0.5206875127039208,0.38423429375580875,0.06535752136980505
2023-08-30,0.8928675744128373,-0.06259924600086719,0.5563385157159357,0.4834027725158534,0.024217313142274346
2023-08-31,0.8877704937891201,0.0004004508886482638,0.5250679072480666,0.4117069076964629,0.026843056440045268
2023-09-01,0.850743805412041,0.05570462581672869,0.6125535977391102,0.39952595660762313,0.05366708259327833
2023-09-05,0.8889017528162834,-0.14970188378408192,0.43017396406927977,0.37326299447694894,0.08360599832294882
2023-09-06,0.874843097701716,0.10875490282371945,0.4531462877721754,0.46202781816727406,0.09582565711637313
2023-09-07,0.7994683987461899,0.04151549625856843,0.6038332494800989,0.4711067137101039,0.07810583118298456
2023-09-08,0.8174320244146999,-0.5949254688938697,0.5625936996022548,0.620280350187847,0.09857064122072623
2023-09-11,0.8747563243693659,0.17514849484395342,0.5187719640020192,0.4071268561121269,0.06032902703955222
2023-09-12,0.951060627817251,0.2297973188457959,0.5399687280917748,0.38531780562693063,0.03488680566951268
2023-09-13,0.8129883462657521,-0.0678111341300299,0.5393392024047734,0.37697155782696046,0.011149785475798792
2023-09-14,0.8988236102032814,0.09695707310738479,0.5233766231566004,0.3150018628149553,0.027998947095406537
2023-09-15,0.8485718509452821,0.06659251020342419,0.5210335497709697,0.31635586354215706,0.02323600751741861
2023-09-18,0.8261216380045056,-0.05785560463293942,0.510508482980043,0.35705163363477677,0.083338181965583
2023-09-19,0.8519197116608349,0.28325734345813824,0.5268198927060974,0.4145799082608737,0.06694601046185943
2023-09-20,0.7796153259158703,0.19650135858230475,0.543118027257613,0.35218801498535734,0.020419175520047017
2023-09-21,0.8487946341285237,-0.12372428300128913,0.449727802890409,0.3305409562548951,0.06804374114159494
2023-09-22,0.8002429863820343,-0.18955771421558737,0.36404359742145376,0.25384847641454056,0.002595534815107814
2023-09-25,0.8202094715743822,-0.23708430717953674,0.5469755289758155,0.36570313322145603,0.08700040716975788
2023-09-26,0.8894334390699536,-0.07899195834426596,0.4545152662338686,0.35548970729088447,0.0013016581812773877
2023-09-27,0.9283360124604642,-0.33006717269210534,0.5663880607079864,0.42711382015039706,0.04774106194306619
2023-09-28,0.8759010053607525,-0.014584334057600743,0.5130204003606824,0.36271598273947564,0.05107790304600082
2023-09-29,0.7987629795093764,0.2024400686717428,0.5662674166563713,0.4423282870392911,0.024542163088542502
2023-10-02,0.9071181162890056,0.09365356279707976,0.5618749726675785,0.5491616452718326,0.06700003749089702
2023-10-03,0.7757291922568335,0.014224683061667685,0.5191092241871512,0.4859975706519377,0.01523363794169983
2023-10-04,0.8159046734804212,-0.02254672663429222,0.4743734352449827,0.4138156006946334,0.030049875300694154
2023-10-05,0.8772659726906369,0.00038280795909606237,0.5956070922525359,0.3680298591305538,0.011308067109159626
2023-10-06,0.816727839172054,0.1431879420526055,0.4522589257255573,0.5283566739354764,0.0936235781510492
2023-10-09,0.8510529341146875,-0.1166948168476776,0.460325486119883,0.4691671558370164,0.06689915578940053
2023-10-10,0.798532221905139,0.058859029132979274,0.5311005715784126,0.4754336844887165,0.0727945791737375
2023-10-11,0.8807214516882427,-0.19543531645724993,0.4784847227335793,0.23556086098179452,0.044311673991166194
2023-10-12,0.887201085436216,0.018687809222776266,0.4650188601414513,0.45173786637995944,0.061986004302769064
2023-10-13,0.8719334916981709,0.17707534321864066,0.5136580574106812,0.3414620984291481,0.0388699584781648
2023-10-16,0.8566825861629646,0.1633186071816534,0.4676325319105328,0.4688288139145442,0.022445268221947513
2023-10-17,0.8426161234007412,0.3057306646003117,0.5863127401366768,0.42310527127560527,0.08923280466551464
2023-10-18,0.8671700570883067,0.020569095363343254,0.4392392629790253,0.3082643101564109,0.07604767714765981
2023-10-19,0.8246765316180562,-0.11179933340372326,0.5829211595475211,0.43679062542070773,0.001985725120671389
2023-10-20,0.8065790954440164,0.34362570946936943,0.41043804465402617,0.32105365764685345,0.0409865660696377
2023-10-23,0.8404117032575095,0.6457020099392595,0.6226937351694577,0.523159750276377,0.044504206763234515
2023-10-24,0.8563499411804293,-0.27513714441194254,0.4917759688535029,0.5052081388134757,0.04251840431701229
2023-10-25,0.9199257339027154,0.13101947536322914,0.47049792392150086,0.41790342932688224,0.02119289794195638
2023-10-26,0.8117518087523148,0.12726153259432646,0.4533974692830998,0.49845002115885445,0.06033978153890616
2023-10-27,0.7481960888981688,-0.015023697001187714,0.5990157128011051,0.38843007077728847,0.06282546869332858
2023-10-30,0.7885667824231356,-0.18813022619861153,0.5315826622328601,0.21920429062137942,0.0313404761552923
2023-10-31,0.7860851478951459,-0.09589709121396382,0.4485025866639316,0.4427561532796795,0.033304880285408865
2023-11-01,0.7582109301466787,0.28926476808292123,0.42152762582480985,0.29156445100785183,0.06077256589981056
2023-11-02,0.9032875202349429,-0.1927985264001011,0.5202243747635189,0.44344105777252824,0.04051060511378162
2023-11-03,0.8305455739978375,0.19574931655659733,0.476088965741434,0.28716039896341694,0.08529817728126936
2023-11-06,0.9360637839102397,0.03437474195674475,0.5883868739893119,0.366018961214614,0.048541885054417505
2023-11-07,0.8586836578055951,-0.14770764761965183,0.49846616196926136,0.4449035456556608,0.07134836047216814
2023-11-08,0.7873560968057349,0.2787915112363987,0.544866199603337,0.49941289918414766,0.042186110977232086
2023-11-09,0.8174315535100126,0.3575728095380888,0.5206112051951142,0.33746991350387323,0.06273860656878975
2023-11-10,0.7965563095341647,-0.17107049324302764,0.44001863956820153,0.47663354858414514,0.088480167170709
2023-11-13,0.8861557627062935,0.034637285921028514,0.4824971939036307,0.40334941758093407,0.075312739940821
2023-11-14,0.8827357024900087,-0.006221326674954741,0.48866002479516646,0.4728319164915545,0.08817506599107074
2023-11-15,0.7838657156399553,-0.3029542432637775,0.499746278969609,0.44697382477292735,0.012648476581995138
2023-11-16,0.9043196251676652,0.17583269453819675,0.4652999501035346,0.37049508847570156,0.018601765160354646
2023-11-17,0.8112121557685245,0.09717513943054806,0.49217374863993923,0.2527435628239708,0.07141970327837945
2023-11-20,0.8443682351650037,0.07637298067893522,0.42991491862170705,0.6163008345806441,0.0772661697750855
2023-11-21,0.8850491605538895,0.12755745189071885,0.560879851438637,0.19234652040999958,0.0037645500371650932
2023-11-22,0.864674470026349,0.29436786920952174,0.5677998916065289,0.60353877777333,0.011736496693632303
2023-11-24,0.8622459973208294,-0.32299408447545186,0.4896704371259667,0.32183508869378086,0.02335686242051076
2023-11-27,0.7842021083592989,0.13886109120137702,0.4768386577240707,0.31893354247822536,0.0756938059055661
2023-11-28,0.7517912136399841,-0.46229166690194545,0.6425758162980211,0.2695924739367562,0.03657658468822438
2023-11-29,0.8837767829389162,-0.24390303371488364,0.40789086555488435,0.5482639162789594,0.013627862466955298
2023-11-30,0.8407138593584569,0.21373707465249017,0.5298239599670301,0.1572443845081217,0.025145366121400517
2023-12-01,0.9445589467587705,0.12137071808213824,0.45806278129456934,0.34192378312565536,0.07697985342734925
2023-12-04,0.879444284957981,0.07964580656410943,0.4818167499287088,0.5874485545584222,0.0918955149169354
2023-12-05,0.8861639283870656,-0.3623120701742843,0.5460242390559683,0.38246762520415384,0.07003645584110568
2023-12-06,0.7986078311407686,0.39155586065521125,0.49551776234967976,0.4231512715972283,0.021379003138358457
2023-12-07,0.7970955975738202,-0.16721707301424227,0.49843318738194814,0.388020305778751,0.02529969886606961
2023-12-08,0.7910944299665533,0.3083162732458623,0.5409419413583236,0.4773362472929308,0.025451825465078515
2023-12-11,0.7800432780838059,-0.09802253564920316,0.5361157522790735,0.47227484695522004,0.03154160281524778
2023-12-12,0.8588283414759956,0.4136728505979543,0.5393635665514035,0.3621792987754805,0.024490323947772855
2023-12-13,0.8261506898477758,0.08181657007923464,0.568248356040035,0.5179860321881786,0.07661676397433742
2023-12-14,0.8346197630283078,-0.301075206284249,0.5441766423098168,0.3551659639679782,0.04123599334107389
2023-12-15,0.853688253249052,-0.203794866396417,0.4996951242962322,0.3312088521227242,0.08015692944394659
2023-12-18,0.8655106220622202,-0.10288633818710456,0.624515746794619,0.524103337543614,0.01585800558632633
2023-12-19,0.8030904038742024,0.4636900646723017,0.47973683125787797,0.45128237640305163,0.09449874591683112
2023-12-20,0.7963625108114958,-0.21358869820323043,0.5313361131409609,0.3365265754376452,0.07597795762828725
2023-12-21,0.8179288680701547,-0.15884335068601438,0.6159111307008039,0.33483710004501,0.04266813514295869
2023-12-22,0.8560390734151708,0.04981577807925518,0.5274951698625132,0.24806069017473742,0.03814773808609624
2023-12-26,0.7972674807274918,-0.027802059178418406,0.5275986809824512,0.45294067697784,0.09566697716331034
2023-12-27,0.8755410315639102,-0.24129785517333083,0.5891039708267244,0.38420321202946695,0.010143978600998183
2023-12-28,0.8498088904037312,-0.060841709834053785,0.5657318042181163,0.17662317432944064,0.07760255340905127
2023-12-29,0.6961412582640126,-0.04294101997824063,0.4994422705980545,0.13441673866202225,0.016234565826599323
2024-01-02,0.8846725280747381,-0.19308432579203905,0.5545490757763398,0.42987712174216597,0.07858340188718024
2024-01-03,0.8267611216249584,-0.27181509529477477,0.5706108834904532,0.33383880990026304,0.08334911854628028
2024-01-04,0.8676677732565139,0.4123150903262636,0.5514907817778455,0.25491338126853413,0.06355303844166003
2024-01-05,0.7447443160903351,0.15804170819450808,0.6254591417215163,0.2951248347570632,0.0913537388453275
2024-01-08,0.887124764768148,-0.025166586740834197,0.5298735664462585,0.40536245177358987,0.06289273050122123
2024-01-09,0.9009486281704525,0.09067968014021792,0.49992870672486955,0.3874366619903741,0.059010479511054925
2024-01-10,0.8272515343193119,-0.5080769061129345,0.46925434593816695,0.3556806437743303,0.005306880463831632
2024-01-11,0.8137657106007928,-0.33266877562772135,0.6428966611493958,0.5017962666614277,0.027770010797333114
2024-01-12,0.8929263294698422,-0.23658209756945636,0.5322361068897853,0.5312921742153718,0.05703205198427069
2024-01-16,0.8073386086631091,-0.21985255217572408,0.578184045568194,0.2924682906807241,0.05973404634866247
2024-01-17,0.9730592433742509,-0.0533470701776737,0.5026999882302949,0.2892670935225022,0.04380280529385569
2024-01-18,0.8546123869125981,-0.08147252307891978,0.5145296316442907,0.2799848500345698,0.02417278746300766
2024-01-19,0.8514973760665902,0.32491221337641807,0.5885795384024505,0.43754666875251136,0.08671821810749826
2024-01-22,0.8613595321650994,0.028848057364826176,0.5776718990671003,0.47729028637950954,0.026986585672976793
2024-01-23,0.8676134074916328,-0.08898932875834964,0.5864712303871666,0.32040346058501695,0.09674848172931516
2024-01-24,0.9525936968085196,0.20579169923436158,0.5498032763681938,0.40891442338444794,0.022692677009953144
2024-01-25,0.8802812910958534,-0.2485744955571089,0.4899432200654924,0.419497512478728,0.09529585008846102
2024-01-26,0.8341283710674411,-0.044593158089627744,0.6653026090618257,0.5482509887176259,0.06654064496748806
2024-01-29,0.830661379560813,0.34814497371913267,0.48101941664974535,0.5718711129381362,0.010812641404345347
2024-01-30,0.8744903009930194,-0.12059701715286786,0.5890331250637093,0.3459690647430522,0.020081477375682666
2024-01-31,0.87402734698489,-0.21787053722718236,0.5197399587294262,0.48757897672764183,0.04428505476235859
2024-02-01,0.8241762722400623,-0.17994759481327377,0.5052427385276563,0.39760230876228225,0.04711222867461178
2024-02-02,0.7967023148926118,0.03381356972724808,0.5897450760009958,0.5633495760449483,0.0326343144420362
2024-02-05,0.9300410992931918,0.10736351825819873,0.5502856196809156,0.32027006190780116,0.04147305008713031
2024-02-06,0.9053592007824371,-0.15335526039773184,0.5367396670552425,0.5224700915027884,0.0300926719126277
2024-02-07,0.917757869073385,0.10576893328108448,0.5369335466470716,0.45598908438822294,0.03582464353075981
2024-02-08,0.7780027448655863,-0.1007311605974307,0.5542104416465874,0.37612672715910245,0.08003749299503443
2024-02-09,0.7766860725037834,-0.49197700474659894,0.5626602909017718,0.4666898609551173,0.04924576532372754
2024-02-12,0.8186878413584313,-0.09468908052572031,0.6480819543102763,0.42858694756016646,0.020309792509281013
2024-02-13,0.8142732512915172,-0.10490298042618679,0.5159872638384863,0.3630870565020147,0.02591338239733424
2024-02-14,0.799083521041345,0.06796514730089763,0.5795429252667471,0.2788900278703583,0.06666717721478001
2024-02-15,0.8777749072307607,-0.02114060343936773,0.6255243806200644,0.367128027304814,0.08979187667202075
2024-02-16,0.8832678173384256,-0.010624004540747564,0.5947523063534709,0.2610940737862565,0.008985642777413205
2024-02-20,0.8370829666627874,0.08160589820300992,0.7318616487691089,0.5460654681993081,0.046435599564787655
2024-02-21,0.8548083572283459,-0.04632130113577748,0.6174219785674201,0.3384575896754575,0.08088977837395694
2024-02-22,0.8076373253837774,0.15594536396213224,0.688429863725463,0.3767164516493412,0.08006508504606388
2024-02-23,0.7931792424796728,-0.13813230767055334,0.553511104540717,0.3157569189171454,0.027383352895037016
2024-02-26,0.8622196117473926,0.1087838202993742,0.47233937155319394,0.4149855613068893,0.04984512428031455
2024-02-27,0.8123035864736574,0.19051472860192775,0.5819984193156399,0.500595912584261,0.06282677453738304
2024-02-28,0.8219684737830698,-0.1891435705194811,0.6462458528569608,0.3421868726847659,0.07272439641423342
2024-02-29,0.9052712454143851,-0.17623188332727427,0.5319490307343794,0.5069328793106391,0.02668010051533949
2024-03-01,0.8065625711082496,0.17715758839244206,0.5273497241503451,0.47214725449215567,0.09199575012774712
2024-03-04,0.8184725513654316,-0.15982139026030495,0.5767796864698087,0.46293219200497154,0.06570244790050521
2024-03-05,0.7158910580660087,0.14366251589146894,0.525544120587849,0.31940676458994766,0.07918966512949203
2024-03-06,0.7338683965280436,-0.47378596841847254,0.5075466623710028,0.4133435506025688,0.03412950140854365
2024-03-07,0.8435896792024687,-0.04857907381261058,0.6066936882711358,0.37417827324618,0.05219876310543153
2024-03-08,0.9410077483505207,0.2938524874212576,0.551681635592481,0.3340076674147117,0.08822957290754607
2024-03-11,0.8486411236203589,-0.19895642465745156,0.5994710411394727,0.5107176082664755,0.0028520152811508993
2024-03-12,0.8917808180370023,0.3367993967367241,0.6071868568154435,0.41910686570002903,0.02828842224600804
2024-03-13,0.7737491317057714,0.22022871841091562,0.6266451127472388,0.570516832410925,0.0023559964454057726
2024-03-14,0.8107705116344212,0.0061446352139882575,0.6919267485050397,0.5925745200398641,0.016434605604910325
2024-03-15,0.8501930921667651,0.13092540535261626,0.5841498809091853,0.3849951938824309,0.03540368679066769
2024-03-18,0.7713614616228534,-0.22513414253368602,0.5769841706550789,0.19545725725221874,0.0526962359305935
2024-03-19,0.9109217023259465,0.07278897484575113,0.6070715473377107,0.31450310192402964,0.0918256655211124
2024-03-20,0.8074964156366442,-0.4128448274522164,0.5702562520715964,0.45469974127223345,0.044172429201535184
2024-03-21,0.8184707210274257,-0.15071693297385502,0.5821399500624902,0.358330496042113,0.057784932834648764
2024-03-22,0.8215754375739152,-0.5452805205714918,0.6581153052730802,0.2787738985730174,0.009614754312422293
2024-03-25,0.8564291965349476,-0.06409055299621155,0.6434771434991511,0.44957633300190936,0.07518116978863486
2024-03-26,0.9525854174814459,0.1513342024773157,0.5577160458098955,0.38510190409284834,0.06975672878034865
2024-03-27,0.8483113522152272,-0.22995895887402576,0.5740162728966762,0.39368469887202595,0.0007737899602302313
2024-03-28,0.8622599294675124,-0.055676405823007535,0.5954474194267422,0.44614644915325347,0.01161326033249851
2024-04-01,0.8062343447574696,0.014953330756193001,0.5929182303995824,0.3342960774661159,0.053377080308305715
2024-04-02,0.8297378094846917,-0.3649847548337241,0.6509530567288755,0.1959051676401723,0.06504811099020484
2024-04-03,0.7845255347241602,0.08856013927585542,0.6052849240975191,0.5680252003192009,0.004298005427005236
2024-04-04,0.9693282797998226,-0.11392776671045175,0.699884660753327,0.4833041000979951,0.0809204136172381
2024-04-05,0.8654458644458256,0.1619177915228721,0.6135934974110969,0.36289208018818225,0.08912745334343954
2024-04-08,0.83793864954873,-0.00043218002305234703,0.661680492118777,0.36031660791844156,0.04494140648043578
2024-04-09,0.8422981885804723,0.0314905508910781,0.5847267130907918,0.2419396502948643,0.03309467913451049
2024-04-10,0.9025409419613635,-0.08602273873747009,0.5891066592636892,0.3747889041908844,0.024608744154126873
2024-04-11,0.7920599998071934,-0.1494254197060543,0.5617452991780842,0.2454223992280272,0.006800557914782801
2024-04-12,0.8057659524206879,0.1392958185151386,0.5511803544425712,0.33620155023700404,0.08117853203822203
2024-04-15,0.8651734957810823,0.25210778111502596,0.5789760068075606,0.4189927836737182,0.030246519980551213
2024-04-16,0.8445322971148943,0.19296900576230916,0.6000708940671534,0.2488615236208499,0.06329518073530929
2024-04-17,0.8096845636253831,0.29558514201173713,0.58443513678937,0.3772701597330596,0.058408122464750835
2024-04-18,0.7607472001602962,0.11314323596544212,0.44799833185128357,0.3208490992376841,0.08730641374608673
2024-04-19,0.8007302999612249,0.05337399627479722,0.5828773017978535,0.3616235210640973,0.09195729505468736
2024-04-22,0.7617964461144957,0.03787329797065883,0.5834938218143655,0.5113043738082939,0.014552580258694704
2024-04-23,0.804709114910357,-0.006236006069464283,0.5358678042604903,0.38080015467719003,0.09974638418885734
2024-04-24,0.8417613054083934,-0.07411891097788958,0.7012045107990947,0.26796358908356,0.08448884392199245
2024-04-25,0.9295973960219914,0.057534047745306044,0.6367885705856536,0.3589392108808773,0.055496878247820285
2024-04-26,0.8213090105033737,0.014871323660063883,0.5678161958221799,0.3861000074420327,0.028672297185356077
2024-04-29,0.9261077212053505,0.010956458809670198,0.6254522028486468,0.22563718921003528,0.013495123359808193
2024-04-30,0.7482733359679744,0.07310724341350819,0.5405065547427574,0.30289739598299475,0.04539984211670664
2024-05-01,0.845968888412668,-0.2323407424732091,0.6222322955070139,0.3921075877475501,0.013847319524960933
2024-05-02,0.7613667591058315,0.052269643332282324,0.6949319628838139,0.32394606234019796,0.016087447879428764
2024-05-03,0.7740490763908184,0.030643405024196848,0.6181834089354747,0.5151725326627967,0.049479641115546015
2024-05-06,0.7638534994866168,-0.03446475741601076,0.5852089743917257,0.464996052478924,0.04709135464538509
2024-05-07,0.8611297588419687,0.02960226834811441,0.5068910770797739,0.3155876635691451,0.05859297681928974
2024-05-08,0.7982143883671916,0.17955570567589685,0.5303387855494571,0.40631714400033225,0.03501836591105274
2024-05-09,0.7704220835592364,0.19526262049260767,0.6236599254880479,0.402715601456614,0.01634643769094619
2024-05-10,0.868485750833184,-0.1049049798044591,0.6004916386217826,0.503796840579467,0.07441721420643428
2024-05-13,0.8632078495014894,0.022392830089713992,0.6031473354597858,0.3225202454723677,0.009842955398321307
2024-05-14,0.9032980139617557,-0.04414443603557621,0.7203607826277478,0.40984564943972734,0.09089192019948693
2024-05-15,0.866294546025887,-0.08399257511806546,0.5905523596065979,0.47330148805077676,0.019088535659802397
2024-05-16,0.8200747836024153,-0.20823209838508042,0.6021736722040201,0.5717964451275261,0.07116685883107739
2024-05-17,0.8555099278840463,-0.1801181207247139,0.5714432620861941,0.5729872692300799,0.07508245703174089
2024-05-20,0.8258784744401806,0.0776917018782808,0.545192571208964,0.4219376035410562,0.023593849837201777
2024-05-21,0.8308901952042741,0.08783146871704224,0.5782411885970076,0.288126578533337,0.07657552260978825
2024-05-22,0.8305325574289172,-0.27983999951852473,0.5644582157623861,0.4170835753716263,0.0871580542211249
2024-05-23,0.9040708503192774,-0.04079915039703787,0.5286614682620405,0.3411962879638692,0.089514891994987
2024-05-24,0.8199827557156691,-0.3003126405650536,0.47080870459166113,0.2724285311169329,0.018285567854823038
2024-05-28,0.7722504938443235,0.014632498802594396,0.5263524593906668,0.43622585496392846,0.06642333684398743
2024-05-29,0.9279103054996042,-0.01319819341456277,0.5873058745760456,0.3654743135919008,0.004474356361566012
2024-05-30,0.7926175206124203,0.2981433946790793,0.5462694282170942,0.3653325368365951,0.03057348794476146
2024-05-31,0.8031996575636311,-0.4855001611792731,0.5942792898180371,0.4020086590621834,0.09458712075846237
2024-06-03,0.854415522751689,-0.15879489507031389,0.642768651191261,0.2753085988572393,0.06843851564386892
2024-06-04,0.8098692722363792,0.20922306507991523,0.5941185058467492,0.4675017998334511,0.011631448056056183
2024-06-05,0.7805881912791612,-0.018353989488577176,0.5146230834805967,0.30420019413732735,0.008843921394759013
2024-06-06,0.7995373696572509,-0.18802407457102147,0.5865587210491763,0.45539725813646537,0.0983123160949833
2024-06-07,0.8925144410687708,0.07664513830877692,0.6049210975365296,0.48117922789822315,0.05339975847980704
2024-06-10,0.9870551962182171,-0.24802246111750656,0.6123097203632053,0.2767208125889784,0.010342223086851943
2024-06-11,0.8102652151807582,-0.0740097915218931,0.5874230144261905,0.47829265845656943,0.011836545496597895
2024-06-12,0.7907508002792886,-0.12718623135414941,0.5108043750184789,0.45550746977965995,0.049170060416805286
2024-06-13,0.8466093957456253,0.49254168390861947,0.5125254790698857,0.3958876164444127,0.07028376579193334
2024-06-14,0.8140047849014979,-0.220128180206824,0.5630126719567264,0.31448393038152406,0.07707044277983147
2024-06-17,0.883653493575639,-0.1781814325032572,0.6181098378181135,0.37127046890086474,0.06880507857478273
2024-06-18,0.9023645732794721,0.34128636662278633,0.5746567956007986,0.41336746869817553,0.04085856521784812
2024-06-20,0.8809249741917166,0.0916136256317823,0.6198972998307899,0.5432507776723686,0.03169969732832102
2024-06-21,0.8725842902524803,-0.006130212519153499,0.5636825928206016,0.3869854338194215,0.015962820487882622
2024-06-24,0.7801388110960683,0.12046794264151053,0.4943734835320683,0.5062996805226097,0.013022608843129557
2024-06-25,0.7887328904684858,0.1593027724762886,0.5185902058191744,0.4580271704089386,0.052446344410534224
2024-06-26,0.817335019633589,-0.34840748743101685,0.5707560341404165,0.6095382111931006,0.06008960390132343
2024-06-27,0.8662754269778465,0.10805035594107895,0.49001603666469984,0.3070445089712941,0.09442768291468462
2024-06-28,0.8679608482426768,0.2868471199441185,0.5943203755806147,0.33616364781663,0.04600595410865415
2024-07-01,0.7923624114296604,0.04641473862607394,0.5325582451627273,0.3607550359629479,0.0774807397369872
2024-07-02,0.9415785020252838,-0.2160536560651053,0.5769369207109232,0.31937989323022464,0.03806716121121715
2024-07-03,0.8971022152712725,0.2657669690826124,0.5127109315032912,0.2438615072773322,0.09618184510663275
2024-07-05,0.8934783473653595,-0.13347201514259605,0.5359293660909732,0.2459836421155861,0.007042558652771147
2024-07-08,0.7995184852038163,-0.1598354304573521,0.5203194132497242,0.4165681535532928,0.008681660737434427
2024-07-09,0.9413868235259095,0.20143845769851212,0.5203224539619913,0.39757834647470897,0.052269122577988804
2024-07-10,0.8172002853382277,0.03233183756683799,0.496505166467205,0.4824088471007426,0.06208092716238631
2024-07-11,0.7498600912627713,-0.2018344646524337,0.5731460627606955,0.3611909153979739,0.022671110476248625
2024-07-12,0.9138421842110162,-0.05062762767384754,0.551125586273022,0.2792613259683533,0.005487452901184964
2024-07-15,0.8589761124799192,0.27270346140844776,0.5720505645972699,0.3399974928019315,0.019419421296293128
2024-07-16,0.8322703157902901,0.10349170727863029,0.5980202854069598,0.5096823256004093,0.09405756361245482
2024-07-17,0.7838032737736322,0.19850368739838087,0.5863440892518674,0.3173684483328638,0.020561558856546015
2024-07-18,0.9444555401288253,-0.17624200751695074,0.5981574800978845,0.4246663509618258,0.027204905859166375
2024-07-19,0.7743809435927865,0.24900269671567893,0.5605813388385921,0.578492477302102,0.09863522834476586
2024-07-22,0.794635052542854,-0.10848249372865551,0.568461542091768,0.4224193272513882,0.04742667869871108
2024-07-23,0.8069583725233088,-0.2853218923175057,0.6030472253858911,0.3429003486986366,0.045291121121092286
2024-07-24,0.8338875308135583,-0.10083748087502326,0.5637401463044999,0.3813882699568054,0.05604850859797348
2024-07-25,0.8536974876535501,-0.3009736616198724,0.549055446942509,0.41209824351412055,0.031327436112469464
2024-07-26,0.865172704997977,-0.2922945260425921,0.5114304711414226,0.3012790585313219,0.06113762907324802
2024-07-29,0.8525583389103425,-0.10170714900556058,0.5344503879709164,0.35650763219179415,0.020445037999740824
2024-07-30,0.8654314735532747,0.1343007544152235,0.5213469945454324,0.5819864715652837,0.0804187555691483
2024-07-31,0.8417801510791374,-0.2616319098263089,0.4125720480476071,0.4710662409372213,0.07634281397875226
2024-08-01,0.8289850839237394,-0.3239043771849801,0.5869967561675408,0.41201926436095127,0.07029734913624354
2024-08-02,0.8799155644588347,0.09214132724641283,0.5144559001010205,0.11922979322467037,0.018671820703749897
2024-08-05,0.8064127561130562,-0.07696112925601796,0.5381502934494584,0.4539593944914091,0.037389687790749485
2024-08-06,0.8072247175948686,-0.1045122292668274,0.4763156645613661,0.37967552632456647,0.029030327925540313
2024-08-07,0.9034350805200969,0.0755104140603804,0.638371230696567,0.49923779102872423,0.08761723157870474
2024-08-08,0.8457955306221281,-0.19558373798081366,0.5280609815450764,0.1646680418375731,0.04639819970577215
2024-08-09,0.8216468168769507,-0.14481523500039392,0.43588305452230314,0.4461525589228861,0.0021838043809042306
2024-08-12,0.8140047870003595,0.1038199144639088,0.4991218225521559,0.26600372082675333,0.014781235796210691
2024-08-13,0.8142656814422581,0.10814623714268323,0.5218197974699156,0.2851045439976995,0.045249327983607104
2024-08-14,0.8558514039206881,-0.36813693626526944,0.5589718126784773,0.5516871734820252,0.09231454038069288
2024-08-15,0.9526000833232231,-0.0925165794399791,0.49114070076779975,0.5021823910612014,0.08750763297295304
2024-08-16,0.855181962569152,-0.033446599228953544,0.5309030833448526,0.299912617724783,0.006313863208422699
2024-08-19,0.8490707816741435,0.18525832362529351,0.5138033588289297,0.2824444384344407,0.059135236714313234
2024-08-20,0.9141211748185831,-0.1596978697989619,0.4996897141600395,0.16852274427575656,0.06355080517609704
2024-08-21,0.8837251142294297,0.10095209598611046,0.5297973818497482,0.26077299161398665,0.08736766306488317
2024-08-22,0.8531196658977265,-0.3418050583724052,0.4579185396496877,0.3581944766280355,0.009155276759917553
2024-08-23,0.9055662074914039,0.25470687353677673,0.5614558774133384,0.2266220715346445,0.04709708130336089
2024-08-26,0.8461835141767224,0.08511968395177844,0.504488214477139,0.35616599205220945,0.032982454441604137
2024-08-27,0.8143264230113901,0.07616175149281304,0.5118594589602733,0.373921206982023,0.0360690908382845
2024-08-28,0.7727812853938111,0.1765904436712619,0.4621006326243789,0.42775573799869576,0.042642008061351114
2024-08-29,0.9368158319796386,-0.18608575230173688,0.4573804473952613,0.504669275098348,0.028897353527401515
2024-08-30,0.8478820885129441,-0.1584453454725894,0.5543480973670952,0.41354675025314663,0.03282506034668782
2024-09-03,0.8867086064713248,0.13169300507220355,0.49594555037294075,0.3961641619902728,0.032072694478153564
2024-09-04,0.7192715554352128,-0.11107437339485965,0.42838228712626325,0.468774257703755,0.008409901192216141
2024-09-05,0.8090041280513433,0.06981476498810701,0.52881855071898,0.3049187702110558,0.07113607659510426
2024-09-06,0.8275970992766962,-0.18297632028130856,0.446353230947252,0.1666175102494811,0.013822960959064169
2024-09-09,0.7394964996471179,-0.3341517609162121,0.5421083393311932,0.46152953746918446,0.07752666119246153
2024-09-10,0.8720374304313413,-0.03307727889620967,0.4801057749647059,0.37162913585915897,0.05110359638039283
2024-09-11,0.7528136587829406,-0.2675160167242842,0.4985083635727421,0.19676948021494178,0.03143506193810223
2024-09-12,0.7875457315343279,0.20518119584166405,0.4952128834165862,0.24772194537852532,0.06608776619972899
2024-09-13,0.89451251180482,0.30819428074927896,0.5575431067769082,0.3957722353734696,0.07336482990511163
2024-09-16,0.8344093808422722,-0.025964922805045688,0.5354762916909592,0.5849681618417742,0.07532431720563432
2024-09-17,0.806746972619716,-0.12345985117349352,0.48835918793846944,0.44411043748071466,0.04126154605171148
2024-09-18,0.8713210012498924,-0.182682215301783,0.6104547854630354,0.3081123434685523,0.005203332115667159
2024-09-19,0.8441046422067456,-0.09966344713107904,0.5076374869782445,0.5061767602277778,0.03150405097342104
2024-09-20,0.8065330983049044,-0.08593177675102076,0.5193808786651684,0.4681064494287263,0.07583964338715188
2024-09-23,0.7841960740845595,0.1678647145884613,0.6505567174964663,0.4453429470020247,0.025497145180701876
2024-09-24,0.8029660089055529,-0.19674890685539015,0.523875515550511,0.5019220026865797,0.04797879399887067
2024-09-25,0.857462966997659,-0.10482470492132397,0.4724049846188902,0.5728847989576115,0.07729396911193841
2024-09-26,0.9038827273411268,0.1990059978736689,0.4849619480598219,0.1755960210496808,0.04713619805513084
2024-09-27,0.8358355063973594,0.1878986154717759,0.5336269605776148,0.41670841418979676,0.007410336848723176
2024-09-30,0.8780350952397279,-0.1579827387459865,0.5742611194850119,0.4346473150132343,0.03349855260153696
2024-10-01,0.8440029668514443,-0.14054769323376912,0.5023205112569247,0.39314166666428196,0.013868324454734583
2024-10-02,0.8002966056864986,-0.3390351997225073,0.5471220767314715,0.37932747292475905,0.07980702593706007
2024-10-03,0.9400513397557231,0.09674673398918564,0.5618042607878311,0.28588788478753924,0.014693504019136161
2024-10-04,0.8776012762378729,0.18871231422202783,0.46927573068379325,0.225559745706898,0.07519285419949819
2024-10-07,0.8121177610328976,-0.12630554130802885,0.44702590929684316,0.4161363073038219,0.013588042177628868
2024-10-08,0.9215502386101645,-0.29602159355416185,0.47356184101839593,0.3258437009821951,0.07864041055971852
2024-10-09,0.8632958421400254,0.24815125866925689,0.534339621865657,0.3591837213562476,0.0043668886998949
2024-10-10,0.93648692657021,-0.2935329070136582,0.5351778100011279,0.40102825472122466,0.06710606368021106
2024-10-11,0.8635843027416488,-0.03925801379800067,0.5654531196008472,0.3693395905562705,0.003547414428466689
2024-10-14,0.8763720295791015,0.20199490130426512,0.5056208215430551,0.5845947346302651,0.017539172849990414
2024-10-15,0.7585255935155076,-0.10438213165327562,0.5304330113217954,0.4600547578181684,0.049149129538324426
2024-10-16,0.8556995157523712,0.18993286798117015,0.4774292655998056,0.4725702494159523,0.09213347437942908
2024-10-17,0.8152391493896387,-0.06658697527244666,0.5280006361493041,0.5265350034503704,0.010810808106526716
2024-10-18,0.7962632962231789,-0.40312371534209934,0.48937176253253384,0.3126468618634374,0.044200424750344816
2024-10-21,0.8275060733206823,0.2956070938695206,0.5084568525239208,0.3524413746461247,0.09690807360129611
2024-10-22,0.7735325344677061,0.21200109446442394,0.47428298027918137,0.41247469501404793,0.02458794313338668
2024-10-23,0.8160238928119429,-0.13505579549304714,0.5449895079010827,0.4731175513687153,0.06201156368883998
2024-10-24,0.8362408297928756,-0.1835025651897576,0.5284468807595046,0.22524370030563717,0.03567681773225086
2024-10-25,0.8691364578875377,-0.09339013831080338,0.46880903775209976,0.3490432536496656,0.03225765489500265
2024-10-28,0.9272085312825089,-0.13020573862776547,0.41390756741427437,0.45312609907835677,0.09960661099469179
2024-10-29,0.8464074123560443,0.14321160330890667,0.46611358540884457,0.45690795500455966,0.030367075858369553
2024-10-30,0.8695662069783702,0.21665658562546444,0.542873024203219,0.3034836807574342,0.09880531631492029
2024-10-31,0.865095906779075,0.2270259851967924,0.49614351886843727,0.4944813977896118,0.08822352393037987
2024-11-01,0.7707736305994866,0.019538682459639488,0.5152176294486938,0.47420228839822925,0.07625284108768915
2024-11-04,0.8676913490370073,0.3042132969866801,0.4866133944777327,0.2928352514847975,0.031057173342889377
2024-11-05,0.7651275361736183,-0.07876655685690553,0.523739741308281,0.37071343820384994,0.0785266373979911
2024-11-06,0.8535116689140011,-0.1542116043171614,0.5410255957226523,0.29823235233349316,0.0043596672753744015
2024-11-07,0.809568881304217,0.13022715129055293,0.5592023400200917,0.24611056746919158,0.03283661227389267
2024-11-08,0.8774030874004889,-0.06812577441702843,0.583061253564864,0.5069286655501593,0.07934340993717544
2024-11-11,0.8342780585022117,0.13182520940191986,0.4975823326218521,0.3819315990276898,0.03763089760298415
2024-11-12,0.8336004739902846,-0.18888995457364438,0.6048035615693608,0.5103579022660976,0.05235718689186311
2024-11-13,0.7995755917720703,0.061164740485761676,0.5397316101248392,0.3792728247574081,0.0716039508554278
2024-11-14,0.820444009656915,-0.13081009588233905,0.48491934618222726,0.5174417894671459,0.08121182480837824
2024-11-15,0.8505547698035723,-0.2749257077499749,0.47321443400435476,0.383598027200353,0.027252191940211102
2024-11-18,0.7079927568757436,0.13182862625236313,0.4912000500789614,0.5562487421496803,0.04550721860436067
2024-11-19,0.8454563125173825,-0.2019377764593513,0.5764231427929114,0.4725827749969389,0.030818450084971985
2024-11-20,0.7792344386209644,-0.1123737059348729,0.49085387270912045,0.562125163173309,0.031037465430345048
2024-11-21,0.8111294483103604,-0.30057671692339494,0.5489605246150983,0.14629887564556054,0.017483939216121316
2024-11-22,0.8363588349815009,-0.0021411875930985075,0.5677528659286563,0.4526969881825222,0.04291806431192422
2024-11-25,0.7365468338522536,-0.47931886928018896,0.518042886721068,0.4494257645916343,0.06684127899578614
2024-11-26,0.8937720545364084,-0.17751886576474607,0.5330896716812515,0.39463017896822117,0.014463488110377754
2024-11-27,0.8380118233511897,-0.055314060357519984,0.5136340140870927,0.28409477140510053,0.03601169018505895
2024-11-29,0.8048323707186166,0.4294897979412702,0.510373875277258,0.4714093338827032,0.07899830762758812
2024-12-02,0.8366281291606674,0.12425066326634156,0.5684185883733515,0.4726939310378925,0.02088076545566119
2024-12-03,0.8727890586934356,0.026691934983369605,0.45962575952494994,0.3943862261885517,0.09072055322198325
2024-12-04,0.7532702533080006,-0.12881803528660543,0.5920430361015406,0.33047659215383307,0.020503214270849814
2024-12-05,0.8346634927020917,-0.2535841846781694,0.514106154437567,0.4173771806014577,0.06975932358347735
2024-12-06,0.8287632655224874,-0.0653869335535232,0.4801457345725786,0.2794307310962979,0.015697450375797662
2024-12-09,0.8306031346412073,-0.12062926680732154,0.5746346129755106,0.48903587245229013,0.011992502377358239
2024-12-10,0.8501410555854795,-0.027977439471818882,0.5220651870684939,0.42646829150819665,0.04280882832893476
2024-12-11,0.8554759430899608,-0.2599072627739942,0.5217362843852709,0.2123609714550041,0.08484530998717951
2024-12-12,0.8125213145544089,0.37867534638373773,0.5367616972078157,0.28471029036937257,0.044433745085509006
2024-12-13,0.8550273533452267,-0.37521046419110277,0.5822304705499615,0.55346055302283,0.0017214106176217992
2024-12-16,0.778396184012229,0.5664014480130838,0.4960745302284738,0.3757863239033214,0.04947321045652812
2024-12-17,0.8670864655067076,0.06378617315400674,0.5864225894600573,0.4736230257241445,0.08435010448366571
2024-12-18,0.8480492561906471,-0.4903276653747405,0.5174157241389415,0.36561454445671043,0.017422541811650195
2024-12-19,0.8456173130978318,-0.4088301091074418,0.48823155743656166,0.4545421684941163,0.09305689499029327
2024-12-20,0.8477493633239951,-0.18336031999567143,0.4632740691347635,0.5378844400088307,0.09397968374372295
2024-12-23,0.881855243150245,-0.21878472238471935,0.5245349039867504,0.2780560912460589,0.0966059511089234
2024-12-24,0.7614190436591988,-0.025081772812040062,0.5685274061747997,0.39855940026740966,0.009799040481758914
2024-12-26,0.8287944357168482,0.5256510060895206,0.5474964886227655,0.390976636699673,0.09590769521843787
2024-12-27,0.9325847963689857,0.19284994653846646,0.5513475672770032,0.25797848419148894,0.018596959480066278
2024-12-30,0.799135180376886,-0.03443088465357191,0.5823208313727568,0.31020795800641104,0.0037072312683287924
2024-12-31,0.8445910063644767,-0.20233444420386879,0.4808826851732677,0.5551277019076895,0.0602559005330554
2025-01-02,0.8162183971347752,-0.40761784497483555,0.5349544179703308,0.3901755368809424,0.09672432757060204
2025-01-03,0.8500242411161752,-0.1285443643408573,0.6895543010944986,0.3372643218850482,0.06513989199138996
2025-01-06,0.8218352827839336,0.060426501538816624,0.615015335942527,0.4649079163688489,0.048232270224964596
2025-01-07,0.7493017323085838,0.022527909285666767,0.55739067312123,0.727195913678062,0.02545261295422312
2025-01-08,0.8809315201630472,-0.04727402674869061,0.6322338582449138,0.43966859394109925,0.0371252930719679
2025-01-10,0.8360519982555626,-0.0971222458624408,0.5421333230474675,0.5383728282332806,0.020737850087044065
2025-01-13,0.9089014350058691,-0.1264333883864835,0.5398423778687885,0.4663055752549578,0.09725160853363621
2025-01-14,0.8750853617347596,0.007996385531141141,0.4846962297524608,0.4244582952866546,0.07838383408207879
2025-01-15,0.8436453560617646,-0.07985077485346699,0.5631581681681768,0.5039051528875159,0.09845633564307109
2025-01-16,0.82713276222762,0.09496159451752087,0.5835888055345733,0.4692518584936285,0.031048102583960825
2025-01-17,0.7974926086964951,0.20325405579639866,0.5759608697070965,0.27962224073201997,0.0897223640171314
2025-01-21,0.8808049584695756,0.0075390637843071595,0.5868480414078872,0.3585578164842851,0.07216443983680913
2025-01-22,0.7780396810439997,0.2428179771652532,0.5625759432493084,0.45213310595446216,0.09537912472236093
2025-01-23,0.8204110548620648,0.285586000010505,0.48000690844017835,0.44387347861536985,0.04959153630012643
2025-01-24,0.9183555443871634,-0.17619533435862014,0.5227317182259873,0.26925990873096417,0.005688458877455738
2025-01-27,0.8838327087662623,0.6109025842161725,0.5508450521756775,0.3352940041650315,0.0638827103027536
2025-01-28,0.688896582689927,-0.33427088859799514,0.5886070424701019,0.5941442648633163,0.0404543325074736
2025-01-29,0.860290822453496,-0.4287871275789223,0.5615063904348434,0.41551049895085135,0.01345791938237393
2025-01-30,0.6900747648075641,0.03559800796334449,0.6294085688413866,0.3338381981318074,0.02952775351377165
2025-01-31,0.9158142587672456,0.35340214009928383,0.6014119343462606,0.31421804248949975,0.09727446984823816
2025-02-03,0.8840144019443781,0.1437123393413925,0.5746918691279737,0.5147576805059022,0.011286723377205578
2025-02-04,0.7929066741899784,-0.17091958276838717,0.5711445983727235,0.4026589727706532,0.07758940702022929
2025-02-05,0.912556515431036,-0.06053282241999415,0.5126183831836048,0.6681631104128534,0.0061997429390868615
2025-02-06,0.7994680570137472,-0.31788859510535566,0.5721991093031162,0.4679144116762791,0.027232716892983778
2025-02-07,0.8948889337126532,-0.1846601779049676,0.5909816376547482,0.41333744083574586,0.01932205039966326
2025-02-10,0.8636636985414752,-0.21603723684905615,0.5674181677579122,0.5193791792422042,0.031739137556590614
2025-02-11,0.8420254747032134,-0.07575056977238413,0.5467464487431153,0.42508388267237773,0.08750274837427134
2025-02-12,0.8876432927070177,0.14875425686352345,0.5689188414255575,0.510386458346948,0.003600893065389266
2025-02-13,0.8924544861509662,0.18092665038075204,0.6524084649477915,0.47711858784579836,0.02130991501319327
2025-02-14,0.8280962676417704,0.10017118831559275,0.6084649518716221,0.3380790319980229,0.0750306787830574
2025-02-18,0.8345104989732705,0.24827138200594498,0.6659032489419068,0.42161902414512564,0.07661653058528352
2025-02-19,0.8410195647687905,-0.020676736261015585,0.5944363475475356,0.44267400370737153,0.003056960658229635
2025-02-20,0.9092282058433558,0.18555732445640855,0.5489594403102153,0.4834790708434717,0.03777885465255765
2025-02-21,0.8665112432527895,0.33499312499546813,0.585794656941835,0.25971487404222937,0.07150268502982073
2025-02-24,0.9002956542636039,0.3805979090428888,0.6431598508909686,0.3804134650827029,0.09664567568472757
2025-02-25,0.8450795672181096,-0.3045539015936526,0.629679135294974,0.4752723704907226,0.08684953373142576
2025-02-26,0.8845503123444688,0.2668956419905348,0.5895279380771843,0.5058996763899345,0.05710272445837877
2025-02-27,0.7711096908736772,0.4132276337996681,0.6869459296201615,0.4024648216282075,0.07499087946099588
2025-02-28,0.8535510679437198,-0.0509971654045581,0.6479451474657534,0.2778117447410423,0.025310563518662888
2025-03-03,0.7780180474351364,-0.08509655689738056,0.5055674067631065,0.35865184565863056,0.05990645167556402
2025-03-04,0.8254216074533363,-0.18744073897619148,0.6123606291847503,0.325775245012484,0.058614736944389206
2025-03-05,0.9480367780493487,0.2664368421396086,0.6486073441970681,0.43927537396989935,0.028325163747967997
2025-03-06,0.860516297718906,0.2578206844620002,0.6163867447843591,0.2911553173967506,0.0063223733301350895
2025-03-07,0.8874594756646202,-0.13021084328667623,0.6140710002452345,0.35675316003162155,0.07884690542768691
2025-03-10,0.7883335938584656,0.006181682136036583,0.6175598627088004,0.24987132529659314,0.014530075694932887
2025-03-11,0.8938766714050981,-0.21547472736177198,0.6505191445397398,0.3570136768087726,0.004073067584838219
2025-03-12,0.8256109114990041,0.08106414598233941,0.5878850705173749,0.2620506110380068,0.051300763691676965
2025-03-13,0.7968995871020321,-0.05899247335512508,0.5849417491265922,0.3897906806064816,0.04107398256488115
2025-03-14,0.9790105166731223,0.16410601230433042,0.6407070103322151,0.3954907267727211,0.07015035784607775
2025-03-17,0.8883096408676251,-0.13075916492616274,0.6504859135506675,0.5195194616960412,0.05910883107717999
2025-03-18,0.8962272132634312,0.10694823023424732,0.559245847436849,0.29686796829714035,0.09674062335964913
2025-03-19,0.8509815575954539,0.2291121034077238,0.5760651489532514,0.29303163427839213,0.007509849437267313
2025-03-20,0.8575049790726499,0.08708409640016601,0.5664793894182064,0.3283782199697041,0.018233405708292138
2025-03-21,0.8622115557724498,0.23905651912608913,0.5055295734688996,0.5255160076382431,0.04990596251524502
2025-03-24,0.9559312105618224,0.06614749966656383,0.5655801216585721,0.42151257918826907,0.08243258611081439
2025-03-25,0.8054961729122467,0.1319868969336864,0.5636960809912539,0.503643264729712,0.04820603459087741
2025-03-26,0.8286864588147853,0.13363569040109,0.6376317268475461,0.5087174245245057,0.03114895591195407
2025-03-27,0.9410316570508943,-0.01951867961684537,0.6503717409631932,0.27557333385667804,0.06644504987472731
2025-03-28,0.8328447305596703,0.08037384221582633,0.7305492315975094,0.629258417294223,0.022240289392995428
2025-03-31,0.855708621882542,-0.314496772337502,0.5947591232535886,0.4514760636757396,0.010568639238735189
2025-04-01,0.8158309779251735,-0.24022604041767362,0.6118920347316551,0.46600974025507486,0.015287378883866498
2025-04-02,0.8604224616506649,0.13160101400831134,0.5508029063804832,0.3573220793264455,0.0439399857328485
2025-04-03,0.9685951442250871,-0.2535920609235777,0.5979839021193002,0.34306332994193006,0.019459791635377133
2025-04-04,0.9022646327634659,0.015982711445840386,0.655688648858734,0.34514605004243976,0.04866737286976006
2025-04-07,0.9129491415706368,0.06219259124258493,0.6225429572734444,0.39409406121109947,0.043723484635528845
2025-04-08,0.8772544437103619,0.009249550741352513,0.6650387538230259,0.45375524296390224,0.02608630208243955
2025-04-09,0.8117339775818164,0.4756790053849847,0.6671880375946476,0.2536599909727391,0.0679234776160142
2025-04-10,0.8155958240616608,0.025911813429976394,0.6373612053562813,0.37244002365113194,0.08764870090605476
2025-04-11,0.887901936610992,-0.30797462622557714,0.5411247841488913,0.3942873883553005,0.061194810115198645
2025-04-14,0.7491359160566096,0.1783712135285791,0.6652897532517263,0.32642019054827554,0.011561322874711767
2025-04-15,0.797019538873142,0.24085190662032407,0.5329327367863184,0.5034245433309001,0.0692113316040912
2025-04-16,0.8426330676525936,0.32076834870351845,0.5719804563750838,0.41255267274717633,0.04335486617728717
2025-04-17,0.8167677886736208,0.22044729245140615,0.608394867936046,0.4112643256416763,0.0891221933236067
2025-04-21,0.8898405251269962,-0.02478721331987503,0.602602930380689,0.3388196684097804,0.07787578328394765
2025-04-22,0.9178663764491738,-0.029087526463091408,0.6692284446013063,0.31585246016651947,0.06483223055914086
2025-04-23,0.8559632552099978,0.3193496070714749,0.6540790922320796,0.26095403534732636,0.07141570331309324
2025-04-24,0.9002954413300158,-0.3418775125981673,0.564340250600757,0.4096435772550759,0.08757266395454633
2025-04-25,0.8367381595307808,0.2805633930016815,0.5909975775608668,0.39096233123380514,0.0540702462994261
2025-04-28,0.8690208252260795,-0.20688108226986848,0.6197142721202983,0.5283212770296359,0.026799901834882234
2025-04-29,0.8362132033544338,-0.02132578875423003,0.5053375054890311,0.47725724429062316,0.070483845595642
2025-04-30,0.8576756437011277,-0.11523094098381839,0.6338242210114953,0.4292120675029003,0.04805247179970973
2025-05-01,0.8691729683749801,0.24350062950999496,0.5444362756941511,0.3238325841033397,0.0340644969961672
2025-05-02,0.8750185077534389,-0.15250189132892628,0.5630596787286871,0.334660967460056,0.00199387501439412
2025-05-05,0.9052493558148461,-0.12021712467529094,0.5607861672038966,0.3349969099479416,0.03734264425401823
2025-05-06,0.929639541396751,-0.08567438085525184,0.5716695823683275,0.2809325107183342,0.0035488561736286453
2025-05-07,0.9233637246843662,-0.08410717394293954,0.5550061189734331,0.28259333545738485,0.052470247728330956
2025-05-08,0.8441619310484404,-0.2519906776279197,0.6636253716608744,0.3657112899185362,0.08535058317646227
2025-05-09,0.907420640994421,0.21452011669662113,0.6500760523741428,0.5045260019884572,0.09997594131287563
2025-05-12,0.8628592587272825,-0.001492060473983903,0.621028848299514,0.5179586678638687,0.08702198918941313
2025-05-13,0.8289475719285622,-0.13779890044838558,0.5730196137300388,0.44478691462105524,0.05047184320880593
2025-05-14,0.9356143440044468,-0.330586641445283,0.5805251292889129,0.262238039335428,0.019605497440488607
2025-05-15,0.9049035940610333,-0.057973147353818526,0.5275350787438604,0.24134287841231875,0.023071689569157408
2025-05-16,0.8174452726009348,0.06497154522993957,0.6656355035691967,0.49954121502365956,0.05893278284655321
2025-05-19,0.9217842073206505,-0.001862398837754799,0.5360234466905263,0.3620934033687528,0.059730555006381164
2025-05-20,0.8548526524216252,-0.11129598006001928,0.5005352422176959,0.28049018543999443,0.0012241809877983512
2025-05-21,0.7753397315786195,0.018334398299855937,0.6071091315598013,0.4169092767551021,0.017745165012311548
2025-05-22,0.9011960096763566,-0.13933844013838495,0.6185284158213317,0.43844907744512923,0.030546458736739127
2025-05-23,0.7918402915764272,0.023180800565699974,0.5194302374658728,0.47713127983669207,0.050784698310362725
2025-05-27,0.7869873477060902,0.11727060196536804,0.6613808933187191,0.3212193186792345,0.051922000810005337
2025-05-28,0.9273877005402849,-0.11763751573604478,0.5680757201996863,0.3685418563941894,0.06579504203689211
2025-05-29,0.9239616635136689,0.1304824363007556,0.6144791124014807,0.5777666216777327,0.09996390192994815
2025-05-30,0.8318410529893968,-0.08619576510837913,0.5386517243137577,0.3755547109431569,0.01030591480783314
2025-06-02,0.8774374986833434,-0.11217091194266804,0.5554960113688144,0.4360439999566618,0.009386935610334868
2025-06-03,0.7774675882327766,-0.005477858055394859,0.6621358825505074,0.3382323078261716,0.053810258256741655
2025-06-04,0.8689336183073224,0.13194553719500487,0.6142538594647116,0.42612184638810346,0.08131127168739474
2025-06-05,0.9427322791106474,-0.02136782676706562,0.613399110528428,0.3678588532629401,0.06011776326376549
2025-06-06,0.7915432353493898,0.019553366311230863,0.5269853243701706,0.3895348100260336,0.09981931276927834
2025-06-09,0.8958691668249834,-0.027645797027761862,0.6585136704476194,0.359374446140581,0.040084256452204106
2025-06-10,0.8496837961757617,0.3525712546074014,0.6344897476383256,0.23498408794228426,0.03767144876407963
2025-06-11,0.9102838452314148,0.2639410816946128,0.5837653883493268,0.42592835711233445,0.02311913768337667
2025-06-12,0.7811589311144371,-0.2751567316175351,0.6673476429325584,0.4072170321839438,0.03176962315100471
2025-06-13,0.822756919117555,0.1490455857259054,0.5667695192260245,0.5685196132079962,0.08513169226421424
2025-06-16,0.867793798958505,-0.0009567942777928764,0.5605421213118383,0.3499808030874172,0.011626017222940278
2025-06-17,0.9304303074050558,-0.045340597222242374,0.5991604521761918,0.42679833462935723,0.011756019838484278
2025-06-18,0.775077613376474,-0.3101674961591661,0.5233947630981595,0.26656296631698917,0.002600518557101217
2025-06-20,0.8273148240356001,-0.2117643212548603,0.5616889079279989,0.28133320813583623,0.04016335443135269
2025-06-23,0.7883377225348357,0.11786119982748972,0.6017754338579953,0.5481035142711714,0.042453878113314504
2025-06-24,0.8755776459622978,-0.18176445214923725,0.6196850918290294,0.4525647788330589,0.05530387612384592
2025-06-25,0.898459787078443,0.003677563867918365,0.5756845914306066,0.44716064888938034,0.02087733401117119
2025-06-26,0.8535193847845813,-0.21013421985652406,0.6242515120439893,0.356679517597289,0.09421686601108462
2025-06-27,0.9257379371501036,0.02627928237887018,0.5347324702953539,0.3065193936113184,0.058574323316084115
2025-06-30,0.8422897991814471,0.2234837435664795,0.5854161545254623,0.24446924377318213,0.0531147904822908
