Date,fundamental_score,sentiment_score,industry_trend_score,market_risk_factor,black_swan_risk
2000-01-04,0.4086,0.0064,0.5188,0.6657,0.0592
2000-01-05,0.4371,-0.139,0.5299,0.6357,0.0539
2000-01-06,0.4451,-0.1313,0.5165,0.6341,0.039
2000-01-07,0.5152,-0.0305,0.5129,0.6806,0.0426
2000-01-10,0.4853,-0.1149,0.6669,0.6691,0.0492
2000-01-11,0.4534,-0.1959,0.6718,0.6545,0.0374
2000-01-12,0.4619,-0.0203,0.6936,0.6566,0.042
2000-01-13,0.4273,-0.0746,0.7291,0.5677,0.0324
2000-01-14,0.4388,0.0331,0.7696,0.5851,0.0257
2000-01-17,0.4445,-0.0521,0.7505,0.6179,0.0426
2000-01-18,0.4551,-0.1611,0.7551,0.674,0.0438
2000-01-19,0.4701,0.0871,0.7656,0.7181,0.0375
2000-01-20,0.4782,0.1889,0.7494,0.7229,0.0486
2000-01-21,0.521,0.1114,0.779,0.5748,0.0611
2000-01-24,0.5265,0.0485,0.7829,0.6988,0.0429
2000-01-25,0.5264,-0.088,0.7627,0.613,0.0306
2000-01-26,0.5271,-0.081,0.7157,0.7888,0.0447
2000-01-27,0.5405,0.0947,0.6844,0.7583,0.0591
2000-01-28,0.5373,0.2398,0.6257,0.5436,0.0663
2000-01-31,0.5175,0.1096,0.6666,0.7326,0.05
2000-02-01,0.5331,0.1704,0.6519,0.7418,0.0602
2000-02-02,0.5999,0.0823,0.6767,0.6972,0.0511
2000-02-03,0.5733,-0.0499,0.6523,0.5739,0.0639
2000-02-04,0.6,-0.1121,0.6625,0.6276,0.0733
2000-02-07,0.5695,0.0392,0.6506,0.7574,0.0726
2000-02-08,0.5325,-0.0634,0.5934,0.8902,0.079
2000-02-09,0.522,-0.1826,0.5989,0.7455,0.0772
2000-02-10,0.4779,-0.2944,0.6656,0.6591,0.0635
2000-02-11,0.4172,-0.1139,0.6649,0.6802,0.069
2000-02-14,0.3758,-0.2597,0.6869,0.7267,0.0528
2000-02-15,0.3463,-0.158,0.7031,0.743,0.0572
2000-02-16,0.3328,-0.2753,0.7148,0.6836,0.0529
2000-02-17,0.3619,-0.3696,0.7879,0.7719,0.0483
2000-02-18,0.4201,-0.3165,0.7338,0.6943,0.05
2000-02-21,0.4016,-0.1026,0.7748,0.6694,0.0559
2000-02-22,0.3782,-0.0223,0.825,0.7431,0.0412
2000-02-23,0.4119,-0.0411,0.7898,0.6708,0.0577
2000-02-24,0.3626,-0.0642,0.8793,0.712,0.0503
2000-02-25,0.3743,-0.2116,0.8552,0.5703,0.0372
2000-02-28,0.4443,-0.1302,0.8273,0.6098,0.0499
2000-02-29,0.4616,-0.0103,0.9032,0.4554,0.0557
2000-03-01,0.474,0.0938,0.9023,0.4691,0.0537
2000-03-02,0.5052,-0.0571,0.9382,0.4786,0.0648
2000-03-03,0.5073,0.1117,0.9257,0.2881,0.0574
2000-03-06,0.5045,0.037,0.9146,0.4127,0.0545
2000-03-07,0.5766,0.0186,0.9804,0.4227,0.0529
2000-03-08,0.5384,-0.1033,1.0,0.4035,0.0401
2000-03-09,0.5261,-0.072,1.0,0.4671,0.0447
2000-03-10,0.5047,-0.1731,0.9857,0.3849,0.0506
2000-03-13,0.4852,-0.1497,0.9346,0.4583,0.0576
2000-03-14,0.5082,-0.1591,0.9701,0.5315,0.0658
2000-03-15,0.556,0.0713,0.9338,0.5844,0.0562
2000-03-16,0.5904,0.0091,0.8833,0.5351,0.059
2000-03-17,0.5901,0.0173,0.8898,0.4584,0.0615
2000-03-20,0.5543,-0.0857,0.9455,0.3791,0.044
2000-03-21,0.5569,-0.1222,0.9236,0.4679,0.0422
2000-03-22,0.537,-0.1195,0.8897,0.7024,0.0438
2000-03-23,0.526,-0.0441,0.8362,0.6922,0.0522
2000-03-24,0.5347,0.0043,0.8638,0.7467,0.0609
2000-03-27,0.5158,0.1079,0.8601,0.6263,0.0495
2000-03-28,0.5256,0.0412,0.8445,0.6769,0.0407
2000-03-29,0.526,-0.0282,0.8846,0.7401,0.0358
2000-03-30,0.569,-0.0537,0.9045,0.7949,0.0366
2000-03-31,0.5633,-0.0812,0.8753,0.8149,0.0271
2000-04-03,0.5569,-0.0619,0.9113,0.8509,0.0406
2000-04-04,0.5869,-0.0427,0.8933,1.0,0.0443
2000-04-05,0.6154,0.0014,0.9716,1.0,0.0541
2000-04-06,0.611,-0.0535,0.9783,1.0,0.0563
2000-04-07,0.6461,-0.0707,0.9509,0.8881,0.0591
2000-04-10,0.6726,-0.0853,0.9897,0.8012,0.0612
2000-04-11,0.6558,0.0724,0.9771,0.7716,0.0695
2000-04-12,0.6631,0.0442,0.9334,0.7165,0.0754
2000-04-13,0.6574,-0.0498,0.9276,0.8046,0.0818
2000-04-14,0.6967,-0.0385,0.8455,0.6775,0.0837
2000-04-17,0.7487,-0.0056,0.8414,0.8241,0.0693
2000-04-18,0.77,0.0426,0.8849,0.6965,0.0769
2000-04-19,0.7366,0.0654,0.8628,0.6076,0.0631
2000-04-20,0.7553,-0.0136,0.9365,0.4643,0.0518
2000-04-21,0.7611,-0.1074,0.9472,0.5506,0.0363
2000-04-24,0.7614,0.0618,0.9939,0.5121,0.0286
2000-04-25,0.7592,-0.0425,0.9806,0.4965,0.0254
2000-04-26,0.7589,0.2619,0.9918,0.3222,0.0238
2000-04-27,0.7579,0.1915,0.936,0.4211,0.0446
2000-04-28,0.754,0.2282,0.9697,0.3793,0.0572
2000-05-01,0.7409,0.0044,0.9551,0.5686,0.0488
2000-05-02,0.6914,0.0823,0.9593,0.3682,0.0525
2000-05-03,0.6987,-0.0715,0.9961,0.3239,0.0413
2000-05-04,0.6632,-0.2173,0.9754,0.2772,0.0429
2000-05-05,0.655,-0.1614,0.9563,0.3533,0.0551
2000-05-08,0.6614,-0.1614,0.951,0.4152,0.0545
2000-05-09,0.7198,-0.162,0.957,0.422,0.0555
2000-05-10,0.7188,-0.2688,0.9683,0.4402,0.0484
2000-05-11,0.7195,-0.3364,0.9234,0.5342,0.0542
2000-05-12,0.6852,-0.4122,0.9465,0.4564,0.0409
2000-05-15,0.7104,-0.3546,0.8945,0.4574,0.0428
2000-05-16,0.7713,-0.1363,0.9127,0.6309,0.0568
2000-05-17,0.683,-0.0863,0.8882,0.7413,0.0485
2000-05-18,0.6949,-0.0019,0.8982,0.9412,0.0534
2000-05-19,0.7371,0.0884,0.954,0.9866,0.0648
2000-05-22,0.734,0.2138,1.0,1.0,0.0751
2000-05-23,0.7445,0.2204,0.9662,0.9597,0.0587
2000-05-24,0.7867,0.2893,0.9671,1.0,0.0478
2000-05-25,0.8089,0.2592,0.9475,1.0,0.0438
2000-05-26,0.7939,0.1296,0.9258,1.0,0.0461
2000-05-29,0.7577,0.1707,0.9253,1.0,0.0564
2000-05-30,0.7793,0.1089,1.0,0.9235,0.0648
2000-05-31,0.7376,0.1396,1.0,1.0,0.0604
2000-06-01,0.7521,0.2503,0.9959,1.0,0.0658
2000-06-02,0.8024,0.1199,0.9224,0.9657,0.0601
2000-06-05,0.785,0.1151,0.9627,0.7472,0.0704
2000-06-06,0.8613,-0.1113,0.9954,0.7013,0.0576
2000-06-07,0.9127,-0.2095,1.0,0.7723,0.0429
2000-06-08,0.8952,-0.2606,0.9775,0.7995,0.0506
2000-06-09,0.8558,-0.3017,0.9605,0.9336,0.0498
2000-06-12,0.8284,-0.3023,0.924,0.8327,0.0465
2000-06-13,0.8151,-0.1476,0.9067,0.7106,0.0555
2000-06-14,0.8341,-0.2312,0.9211,0.5342,0.0402
2000-06-15,0.7735,-0.167,0.8998,0.6913,0.0422
2000-06-16,0.8168,-0.3321,0.8883,0.5476,0.0552
2000-06-19,0.8563,-0.2524,0.8705,0.6439,0.0543
2000-06-20,0.8335,-0.2917,0.9145,0.6019,0.055
2000-06-21,0.7703,-0.1783,0.9681,0.6086,0.0472
2000-06-22,0.7517,-0.1671,1.0,0.655,0.061
2000-06-23,0.7387,-0.0786,0.9492,0.7244,0.0581
2000-06-26,0.7509,-0.0261,0.94,0.5376,0.052
2000-06-27,0.7463,-0.2138,0.8886,0.649,0.0432
2000-06-28,0.7172,-0.2342,0.8683,0.4764,0.06
2000-06-29,0.7402,-0.1562,0.9275,0.4529,0.0648
2000-06-30,0.6713,-0.371,0.8758,0.435,0.0493
2000-07-03,0.6845,-0.2422,0.8675,0.4232,0.0401
2000-07-04,0.7535,-0.2897,0.8379,0.4827,0.0416
2000-07-05,0.8019,-0.1857,0.8913,0.5956,0.0472
2000-07-06,0.7839,-0.2183,0.8999,0.4809,0.0409
2000-07-07,0.8443,-0.1288,0.8563,0.4079,0.0342
2000-07-10,0.8358,-0.094,0.8671,0.4012,0.0254
2000-07-11,0.8802,-0.0938,0.7501,0.3551,0.0439
2000-07-12,0.8107,-0.0713,0.7633,0.4869,0.0469
2000-07-13,0.7708,-0.1598,0.7395,0.4316,0.0474
2000-07-14,0.7413,0.014,0.7982,0.3581,0.0558
2000-07-17,0.7015,0.0159,0.7775,0.2201,0.0556
2000-07-18,0.7482,-0.0195,0.7952,0.1658,0.066
2000-07-19,0.7397,-0.1105,0.8248,0.233,0.0662
2000-07-20,0.7042,-0.0148,0.8253,0.2373,0.0714
2000-07-21,0.6762,-0.0579,0.8089,0.2613,0.051
2000-07-24,0.614,0.0703,0.8133,0.3407,0.0538
2000-07-25,0.6279,0.0146,0.8226,0.3457,0.0438
2000-07-26,0.61,0.1579,0.7728,0.1751,0.0529
2000-07-27,0.6305,0.1949,0.7592,0.0454,0.0373
2000-07-28,0.6061,0.1534,0.7922,0.1469,0.0481
2000-07-31,0.5786,0.0389,0.8228,0.1539,0.0477
2000-08-01,0.5858,-0.0051,0.8614,0.2236,0.0572
2000-08-02,0.5284,0.0189,0.9262,0.1962,0.0485
2000-08-03,0.589,-0.1754,0.9795,0.1703,0.0569
2000-08-04,0.6031,-0.2468,0.9482,0.0849,0.0645
2000-08-07,0.6072,-0.191,0.9499,0.0638,0.0508
2000-08-08,0.6217,-0.2698,0.9495,0.0782,0.0548
2000-08-09,0.6812,-0.3601,0.8625,0.0863,0.0558
2000-08-10,0.6741,-0.4576,0.8022,0.2318,0.0572
2000-08-11,0.6954,-0.3614,0.7655,0.2993,0.0434
2000-08-14,0.7269,-0.3661,0.7932,0.1944,0.057
2000-08-15,0.7344,-0.4024,0.8294,0.2042,0.0542
2000-08-16,0.7464,-0.3666,0.8785,0.3875,0.0386
2000-08-17,0.7558,-0.3102,0.8383,0.4593,0.048
2000-08-18,0.7488,-0.2426,0.862,0.5298,0.0457
2000-08-21,0.6851,-0.2908,0.8726,0.4919,0.0617
2000-08-22,0.6977,-0.5008,0.8478,0.5593,0.0679
2000-08-23,0.6696,-0.5296,0.7994,0.5621,0.0602
2000-08-24,0.6328,-0.3132,0.7459,0.6808,0.0477
2000-08-25,0.6816,-0.1174,0.7568,0.4308,0.0545
2000-08-28,0.6666,-0.2401,0.8237,0.4172,0.0663
2000-08-29,0.6528,-0.0674,0.7941,0.4337,0.0651
2000-08-30,0.6343,-0.2582,0.7563,0.5557,0.0646
2000-08-31,0.6058,-0.3543,0.8126,0.543,0.0479
2000-09-01,0.6612,-0.3391,0.782,0.6542,0.0449
2000-09-04,0.6649,-0.2036,0.7698,0.5405,0.0488
2000-09-05,0.6715,-0.1571,0.7426,0.4969,0.0422
2000-09-06,0.6216,-0.1282,0.7406,0.5757,0.0556
2000-09-07,0.5688,-0.0448,0.6355,0.5745,0.0556
2000-09-08,0.5258,-0.0414,0.6318,0.4683,0.066
2000-09-11,0.5263,0.1296,0.6113,0.4092,0.0627
2000-09-12,0.5049,0.1255,0.4989,0.3891,0.0572
2000-09-13,0.5483,0.0061,0.4946,0.3493,0.0452
2000-09-14,0.5661,-0.1184,0.4772,0.413,0.0525
2000-09-15,0.5256,-0.0935,0.4916,0.5209,0.0513
2000-09-18,0.5331,0.0598,0.5107,0.3757,0.0649
2000-09-19,0.5563,0.1467,0.5257,0.3177,0.048
2000-09-20,0.5334,0.0036,0.5538,0.3554,0.0537
2000-09-21,0.5037,-0.1157,0.5416,0.455,0.0644
2000-09-22,0.51,-0.1953,0.5193,0.5883,0.0533
2000-09-25,0.4975,-0.013,0.5171,0.457,0.0673
2000-09-26,0.5609,0.0515,0.4394,0.6157,0.0705
2000-09-27,0.5341,0.0639,0.488,0.726,0.0715
2000-09-28,0.5844,0.0693,0.3982,0.7331,0.0789
2000-09-29,0.5392,0.2079,0.3597,0.8116,0.0637
2000-10-02,0.5372,0.324,0.2779,0.909,0.0532
2000-10-03,0.5723,0.3621,0.2985,0.7345,0.0547
2000-10-04,0.6176,0.1373,0.3046,0.8722,0.0506
2000-10-05,0.6315,0.0773,0.2474,0.7337,0.0428
2000-10-06,0.5817,-0.045,0.2341,0.6204,0.0412
2000-10-09,0.5673,0.0774,0.2101,0.7485,0.0582
2000-10-10,0.5436,0.1617,0.1751,0.7727,0.0517
2000-10-11,0.5476,0.1445,0.1218,0.7632,0.0554
2000-10-12,0.5386,0.108,0.1316,0.7365,0.0671
2000-10-13,0.5177,0.1691,0.1958,0.7653,0.0542
2000-10-16,0.4898,0.0232,0.0732,0.6094,0.0472
2000-10-17,0.5161,0.0391,0.0388,0.6983,0.0465
2000-10-18,0.4716,0.1937,0.0086,0.6382,0.0598
2000-10-19,0.5148,0.1189,0.0347,0.5561,0.0658
2000-10-20,0.5885,0.0747,0.0,0.3549,0.0666
2000-10-23,0.6083,0.1272,0.0496,0.286,0.055
2000-10-24,0.6358,0.234,0.0559,0.3597,0.0657
2000-10-25,0.5986,0.1537,0.0547,0.3455,0.0686
2000-10-26,0.6017,0.1212,0.0068,0.475,0.0773
2000-10-27,0.6024,0.0519,0.0196,0.4666,0.082
2000-10-30,0.5963,-0.0663,0.0175,0.3932,0.0839
2000-10-31,0.6018,0.0302,0.0209,0.4388,0.0863
2000-11-01,0.5945,-0.0351,0.0132,0.3989,0.0645
2000-11-02,0.5729,0.0655,0.0244,0.4498,0.071
2000-11-03,0.6075,-0.1268,0.0051,0.6803,0.0778
2000-11-06,0.6032,-0.2941,0.0,0.7016,0.0829
2000-11-07,0.6116,-0.112,0.0,0.5708,0.0808
2000-11-08,0.5993,-0.2865,0.0,0.5004,0.076
2000-11-09,0.5957,-0.0946,0.0273,0.3887,0.0601
2000-11-10,0.5693,-0.1185,0.0909,0.4553,0.0649
2000-11-13,0.5604,-0.0789,0.0743,0.434,0.0658
2000-11-14,0.5896,-0.1483,0.034,0.5679,0.0514
2000-11-15,0.5562,-0.105,0.029,0.826,0.041
2000-11-16,0.5708,-0.0581,0.0852,0.9883,0.0323
2000-11-17,0.583,-0.0096,0.0692,0.9749,0.04
2000-11-20,0.5686,-0.0406,0.1424,0.781,0.0343
2000-11-21,0.5815,0.0502,0.1741,0.6175,0.0297
2000-11-22,0.541,0.1523,0.1734,0.5817,0.0435
2000-11-23,0.5415,0.036,0.1363,0.4989,0.0442
2000-11-24,0.5723,-0.0737,0.1672,0.5754,0.0475
2000-11-27,0.5729,0.2012,0.2175,0.5289,0.0393
2000-11-28,0.6287,0.2434,0.1795,0.5278,0.0371
2000-11-29,0.6759,0.0702,0.196,0.4529,0.0476
2000-11-30,0.756,0.0526,0.1879,0.4709,0.0338
2000-12-01,0.754,-0.0858,0.168,0.4962,0.044
2000-12-04,0.7115,-0.0111,0.1218,0.619,0.0588
2000-12-05,0.6517,0.0708,0.0844,0.5757,0.0648
2000-12-06,0.6493,0.1069,0.0727,0.4037,0.0746
2000-12-07,0.607,-0.0938,0.0073,0.4609,0.065
2000-12-08,0.5636,-0.1468,0.075,0.5434,0.0605
2000-12-11,0.5809,-0.1793,0.0827,0.5217,0.0509
2000-12-12,0.5603,-0.2648,0.1384,0.4884,0.0539
2000-12-13,0.6103,-0.2747,0.1577,0.4862,0.0644
2000-12-14,0.6273,-0.2222,0.1389,0.4861,0.0505
2000-12-15,0.626,-0.1537,0.1201,0.536,0.0481
2000-12-18,0.6555,-0.1105,0.1021,0.5776,0.0554
2000-12-19,0.6282,-0.0994,0.0665,0.4974,0.0551
2000-12-20,0.6063,0.0397,0.0,0.4647,0.0679
2000-12-21,0.581,-0.0318,0.0,0.4271,0.0642
2000-12-22,0.5598,-0.2226,0.0,0.5127,0.0605
2000-12-25,0.5518,-0.0498,0.0043,0.4741,0.0668
2000-12-26,0.5258,-0.0594,0.0218,0.4501,0.0703
2000-12-27,0.5383,-0.0448,0.0095,0.578,0.0493
2000-12-28,0.5292,-0.1711,0.0255,0.5456,0.0582
2000-12-29,0.5539,-0.3364,0.0,0.6785,0.0482
2001-01-01,0.6205,-0.2566,0.1235,0.6507,0.0503
2001-01-02,0.6024,-0.2575,0.1566,0.5967,0.0636
2001-01-03,0.6263,-0.1268,0.1773,0.5751,0.0583
2001-01-04,0.5917,-0.1941,0.1185,0.5022,0.0457
2001-01-05,0.6193,-0.1539,0.0863,0.2557,0.0352
2001-01-08,0.6467,-0.0423,0.1133,0.1405,0.0521
2001-01-09,0.5866,-0.0261,0.1174,0.2902,0.0563
2001-01-10,0.6066,-0.1186,0.0545,0.3025,0.0462
2001-01-11,0.5888,-0.0334,0.0411,0.2908,0.0336
2001-01-12,0.6158,-0.1213,0.0,0.2254,0.036
2001-01-15,0.6279,-0.2697,0.0724,0.3976,0.0482
2001-01-16,0.6639,-0.2562,0.0845,0.4987,0.044
2001-01-17,0.6575,-0.1203,0.0829,0.6409,0.0425
2001-01-18,0.6828,-0.1267,0.0743,0.5923,0.0551
2001-01-19,0.6693,-0.1066,0.0908,0.6952,0.047
2001-01-22,0.7101,0.0194,0.0591,0.8277,0.058
2001-01-23,0.6837,-0.0308,0.0355,0.7875,0.0555
2001-01-24,0.6722,0.1211,0.0409,0.851,0.0544
2001-01-25,0.7,-0.0218,0.0488,0.8649,0.0661
2001-01-26,0.7404,0.0272,0.0653,0.8757,0.0698
2001-01-29,0.7594,0.0465,0.0849,0.7312,0.0624
2001-01-30,0.7312,0.0687,0.0,0.6785,0.0583
2001-01-31,0.7736,0.2502,0.0089,0.6926,0.0668
2001-02-01,0.7959,0.2108,0.0,0.8076,0.0551
2001-02-02,0.8443,-0.041,0.0,0.7202,0.0537
2001-02-05,0.8682,0.0665,0.0881,0.6919,0.0661
2001-02-06,0.9365,-0.0324,0.1521,0.7067,0.0475
2001-02-07,0.9325,-0.2603,0.1753,0.7526,0.0442
2001-02-08,0.936,-0.153,0.1183,0.6336,0.0515
2001-02-09,0.9497,-0.1253,0.1168,0.4609,0.0369
2001-02-12,0.9491,-0.0072,0.0655,0.5574,0.0358
2001-02-13,0.8993,-0.0201,0.1128,0.568,0.0457
2001-02-14,0.8717,-0.0925,0.1633,0.6995,0.0554
2001-02-15,0.8262,-0.1919,0.1962,0.755,0.0484
2001-02-16,0.835,-0.2247,0.1422,0.7862,0.0514
2001-02-19,0.8615,-0.1791,0.1337,0.6972,0.0539
2001-02-20,0.8607,-0.1364,0.1586,0.5762,0.0621
2001-02-21,0.8358,-0.045,0.2228,0.5384,0.0532
2001-02-22,0.7716,-0.208,0.2586,0.391,0.0517
2001-02-23,0.7939,-0.1492,0.3196,0.5084,0.0383
2001-02-26,0.7856,-0.1977,0.3405,0.4049,0.0524
2001-02-27,0.7865,-0.1098,0.4014,0.4583,0.0506
2001-02-28,0.7701,0.0126,0.4103,0.5286,0.0515
2001-03-01,0.7876,0.0008,0.3894,0.5405,0.0487
2001-03-02,0.7765,0.0519,0.3328,0.5053,0.0557
2001-03-05,0.7951,0.0057,0.3006,0.5472,0.0592
2001-03-06,0.8512,0.1768,0.3329,0.6302,0.0491
2001-03-07,0.8926,0.2309,0.3337,0.6216,0.0524
2001-03-08,0.8925,0.2818,0.3185,0.6583,0.0642
2001-03-09,0.8903,0.1435,0.3632,0.5262,0.0682
2001-03-12,0.9214,0.1505,0.4296,0.5276,0.0525
2001-03-13,0.8808,0.1172,0.399,0.5894,0.064
2001-03-14,0.8951,0.1359,0.4236,0.6178,0.0537
2001-03-15,0.9326,-0.1551,0.4532,0.5269,0.0468
2001-03-16,0.9525,-0.0839,0.55,0.4048,0.0355
2001-03-19,0.9387,-0.2183,0.5766,0.2164,0.0269
2001-03-20,0.9654,-0.2892,0.6307,0.1295,0.0381
2001-03-21,0.9843,-0.4043,0.625,0.0523,0.0272
2001-03-22,0.9079,-0.1566,0.6275,0.1129,0.0443
2001-03-23,0.8977,-0.1326,0.6062,0.0783,0.0503
2001-03-26,0.888,-0.1559,0.6228,0.1129,0.0559
2001-03-27,0.9313,-0.1432,0.6408,0.0,0.045
2001-03-28,0.8923,0.0712,0.6398,0.0336,0.061
2001-03-29,0.9071,0.0534,0.659,0.0844,0.0683
2001-03-30,0.934,0.0906,0.6682,0.086,0.0586
2001-04-02,0.9765,0.0964,0.6955,0.2524,0.0541
2001-04-03,0.9669,-0.005,0.7245,0.2174,0.0614
2001-04-04,0.9556,-0.0641,0.7874,0.2158,0.0657
2001-04-05,0.9544,0.011,0.7533,0.4649,0.0564
2001-04-06,0.9967,0.1914,0.7276,0.6082,0.0593
2001-04-09,0.9837,0.0885,0.7817,0.6434,0.0461
2001-04-10,0.9763,0.2409,0.768,0.7152,0.0619
2001-04-11,0.9479,0.2108,0.7416,0.5849,0.0697
2001-04-12,0.9528,0.0916,0.7791,0.4426,0.0502
2001-04-13,0.9559,0.0912,0.7572,0.3886,0.0442
2001-04-16,0.912,0.0724,0.7542,0.5174,0.0403
2001-04-17,0.8839,0.0307,0.7431,0.5188,0.0306
2001-04-18,0.9315,-0.071,0.7735,0.6054,0.0374
2001-04-19,0.889,-0.0115,0.7744,0.5867,0.0404
2001-04-20,0.8809,0.0629,0.8276,0.5375,0.0357
2001-04-23,0.8969,0.0221,0.8451,0.6189,0.0361
2001-04-24,0.8827,-0.0257,0.8317,0.6374,0.0309
2001-04-25,0.8679,0.003,0.8332,0.7903,0.0506
2001-04-26,0.8592,-0.0032,0.8473,0.8881,0.0475
2001-04-27,0.8732,-0.1697,0.8391,0.7094,0.0453
2001-04-30,0.8669,-0.3424,0.8366,0.696,0.0446
2001-05-01,0.8627,-0.4356,0.8479,0.4621,0.0595
2001-05-02,0.878,-0.2845,0.819,0.4508,0.0453
2001-05-03,0.8556,-0.3953,0.7822,0.4285,0.0555
2001-05-04,0.8301,-0.0692,0.7702,0.2432,0.0654
2001-05-07,0.8729,-0.0117,0.7664,0.1704,0.0504
2001-05-08,0.8813,-0.0686,0.7871,0.196,0.0545
2001-05-09,0.8715,-0.2003,0.8282,0.0,0.0584
2001-05-10,0.9017,-0.2985,0.7925,0.0,0.05
2001-05-11,0.8568,-0.3984,0.7408,0.0352,0.0629
2001-05-14,0.8245,-0.3634,0.7137,0.0746,0.0559
2001-05-15,0.794,-0.171,0.74,0.1275,0.0579
2001-05-16,0.8245,-0.2004,0.7865,0.3885,0.0425
2001-05-17,0.8475,0.0094,0.8057,0.3806,0.0429
2001-05-18,0.878,0.1704,0.7584,0.2028,0.0389
2001-05-21,0.9237,-0.0172,0.7633,0.2759,0.0511
2001-05-22,0.8969,-0.0653,0.7843,0.2624,0.0566
2001-05-23,0.917,0.0083,0.7656,0.375,0.0636
2001-05-24,0.9286,0.0251,0.7953,0.2797,0.0566
2001-05-25,0.9181,0.19,0.7382,0.2226,0.0625
2001-05-28,0.9062,0.2687,0.8132,0.3535,0.0652
2001-05-29,0.934,0.2604,0.7546,0.126,0.0538
2001-05-30,0.9662,0.2517,0.7777,0.2565,0.0654
2001-05-31,0.9261,-0.0223,0.8037,0.1933,0.0652
2001-06-01,0.8753,-0.091,0.88,0.4545,0.0537
2001-06-04,0.8855,0.1206,0.8837,0.5319,0.064
2001-06-05,0.8756,0.1902,0.9244,0.5558,0.0468
2001-06-06,0.8461,0.1751,0.9011,0.5105,0.0503
2001-06-07,0.8662,0.1547,0.8853,0.5953,0.0355
2001-06-08,0.8613,-0.0043,0.9941,0.7163,0.0504
2001-06-11,0.8889,-0.0077,0.9568,0.7599,0.0362
2001-06-12,0.8975,-0.117,0.9759,1.0,0.0364
2001-06-13,0.9027,-0.0004,0.9588,0.8797,0.0539
2001-06-14,0.8623,0.0914,0.9704,0.8306,0.0386
2001-06-15,0.8775,0.111,0.9602,0.7069,0.0498
2001-06-18,0.8408,0.1416,0.9687,0.6299,0.0565
2001-06-19,0.8492,0.1428,1.0,0.7004,0.0514
2001-06-20,0.8135,0.1121,1.0,0.7052,0.0535
2001-06-21,0.8189,0.3753,0.9344,0.7265,0.0531
2001-06-22,0.7958,0.3407,0.98,0.6934,0.0462
2001-06-25,0.7568,0.1444,1.0,0.7074,0.0588
2001-06-26,0.7183,-0.0511,0.9684,0.4329,0.049
2001-06-27,0.6904,-0.2053,0.9495,0.3319,0.0399
2001-06-28,0.6409,-0.0317,0.9509,0.3948,0.0523
2001-06-29,0.6257,-0.1282,1.0,0.4562,0.0372
2001-07-02,0.628,-0.0017,0.9771,0.3711,0.0465
2001-07-03,0.5982,0.0854,0.9189,0.4051,0.0379
2001-07-04,0.6003,0.0237,0.966,0.3931,0.0271
2001-07-05,0.5923,0.1116,0.939,0.4175,0.0347
2001-07-06,0.6326,0.0476,0.9009,0.4665,0.0436
2001-07-09,0.6701,-0.0083,0.9445,0.5773,0.0327
2001-07-10,0.6617,0.17,0.9663,0.4973,0.0403
2001-07-11,0.6595,0.1482,1.0,0.5863,0.0473
2001-07-12,0.6511,0.1296,1.0,0.5984,0.0612
2001-07-13,0.6106,0.1883,1.0,0.5906,0.063
2001-07-16,0.5439,0.2408,0.9997,0.501,0.0724
2001-07-17,0.567,0.1332,1.0,0.553,0.0791
2001-07-18,0.5549,-0.0632,0.9881,0.5815,0.0554
2001-07-19,0.5501,0.0857,1.0,0.533,0.0417
2001-07-20,0.5481,0.0688,1.0,0.4784,0.0421
2001-07-23,0.5284,-0.009,0.9404,0.3392,0.0549
2001-07-24,0.496,0.0858,0.8634,0.3656,0.0633
2001-07-25,0.5274,0.2155,0.8719,0.4374,0.0694
2001-07-26,0.5387,0.0839,0.8863,0.3563,0.0497
2001-07-27,0.5126,0.15,0.8165,0.3291,0.0584
2001-07-30,0.5363,0.1814,0.7672,0.2519,0.0476
2001-07-31,0.5144,0.2713,0.7921,0.224,0.0524
2001-08-01,0.5383,0.2219,0.7953,0.1999,0.0575
2001-08-02,0.5125,0.1634,0.8482,0.4511,0.057
2001-08-03,0.5191,0.2205,0.869,0.5851,0.0434
2001-08-06,0.4859,0.1189,0.8745,0.6666,0.8624
2001-08-07,0.5096,0.0867,0.8903,0.69,0.1
2001-08-08,0.5207,0.1392,0.946,0.628,0.0925
2001-08-09,0.4838,0.1461,0.9372,0.8095,0.076
2001-08-10,0.5536,0.0456,0.9008,0.6692,0.075
2001-08-13,0.549,0.0644,0.8884,0.6005,0.0824
2001-08-14,0.5566,0.1418,0.8893,0.5176,0.0711
2001-08-15,0.5699,0.217,0.8678,0.5666,0.0618
2001-08-16,0.5988,0.0983,0.7547,0.5193,0.0636
2001-08-17,0.6028,0.0144,0.7286,0.3964,0.0484
2001-08-20,0.5532,-0.2242,0.7444,0.62,0.0569
2001-08-21,0.5761,-0.2234,0.7108,0.4896,0.0628
2001-08-22,0.5187,-0.1228,0.6717,0.5534,0.0672
2001-08-23,0.4925,-0.0508,0.661,0.5199,0.077
2001-08-24,0.5471,-0.1515,0.7287,0.5312,0.0635
2001-08-27,0.525,-0.1989,0.7864,0.4335,0.047
2001-08-28,0.5648,-0.0233,0.7603,0.3487,0.0524
2001-08-29,0.5947,-0.0683,0.7259,0.5446,0.0617
2001-08-30,0.551,-0.1237,0.657,0.6066,0.0471
2001-08-31,0.5455,-0.1537,0.5576,0.8434,0.0497
2001-09-03,0.5653,-0.0397,0.6313,0.995,0.0433
2001-09-04,0.546,-0.015,0.6069,1.0,0.039
2001-09-05,0.5707,0.0522,0.5177,0.8123,0.046
2001-09-06,0.5919,0.0487,0.4866,0.7173,0.0469
2001-09-07,0.6028,0.0536,0.5072,0.5352,0.0462
2001-09-10,0.618,0.0403,0.503,0.3271,0.0506
2001-09-11,0.6312,0.0882,0.4896,0.3039,0.0614
2001-09-12,0.6467,0.0491,0.4809,0.4099,0.0519
2001-09-13,0.6371,0.0095,0.4696,0.3664,0.0457
2001-09-14,0.6638,0.1663,0.4998,0.4973,0.0461
2001-09-17,0.6422,0.0988,0.4869,0.4561,0.0517
2001-09-18,0.5945,0.053,0.4464,0.3898,0.0458
2001-09-19,0.5877,0.0309,0.4652,0.3404,0.0379
2001-09-20,0.593,0.1439,0.4467,0.4574,0.0313
2001-09-21,0.6121,0.1736,0.4126,0.3735,0.037
2001-09-24,0.6325,0.2046,0.4298,0.5385,0.0384
2001-09-25,0.643,0.254,0.3936,0.578,0.0351
2001-09-26,0.6667,0.3622,0.3452,0.6672,0.0343
2001-09-27,0.6369,0.4737,0.312,0.564,0.0355
2001-09-28,0.5938,0.403,0.3837,0.4943,0.0542
2001-10-01,0.6541,0.297,0.3887,0.5952,0.0627
2001-10-02,0.6579,0.3361,0.3741,0.6964,0.0693
2001-10-03,0.6245,0.3485,0.3555,0.7421,0.0775
2001-10-04,0.5907,0.6114,0.3649,0.697,0.0581
2001-10-05,0.4602,0.3819,0.3532,0.4955,0.0476
2001-10-08,0.4453,0.4201,0.3234,0.6658,0.06
2001-10-09,0.4866,0.2235,0.2921,0.7927,0.0509
2001-10-10,0.4976,0.1422,0.2757,0.6906,0.049
2001-10-11,0.4697,0.0684,0.2462,0.6666,0.0536
2001-10-12,0.4329,-0.0299,0.2872,0.7214,0.0566
2001-10-15,0.4461,-0.2439,0.3013,0.6442,0.0589
2001-10-16,0.4687,-0.2598,0.322,0.7568,0.066
2001-10-17,0.4668,-0.3436,0.3309,0.7067,0.0524
2001-10-18,0.4791,-0.2456,0.3042,0.63,0.0529
2001-10-19,0.4274,-0.1557,0.241,0.4285,0.0598
2001-10-22,0.4851,0.0305,0.1801,0.4991,0.0613
2001-10-23,0.493,-0.0647,0.2011,0.5887,0.0573
2001-10-24,0.538,-0.2173,0.2682,0.7244,0.051
2001-10-25,0.5422,-0.2601,0.2967,0.7492,0.0637
2001-10-26,0.5555,-0.2065,0.1962,0.7804,0.0542
2001-10-29,0.5989,-0.0214,0.1829,0.9778,0.0457
2001-10-30,0.5674,0.0124,0.1335,0.9813,0.0544
2001-10-31,0.5384,-0.1222,0.1884,0.853,0.0414
2001-11-01,0.549,0.137,0.1755,0.7079,0.0474
2001-11-02,0.6096,-0.0303,0.1648,0.4656,0.0576
2001-11-05,0.6232,0.0131,0.1699,0.5599,0.0554
2001-11-06,0.6401,-0.0145,0.1409,0.5532,0.0442
2001-11-07,0.6031,-0.0561,0.1513,0.5914,0.051
2001-11-08,0.6065,0.0974,0.1393,0.4541,0.055
2001-11-09,0.5559,0.0279,0.2273,0.451,0.0457
2001-11-12,0.5882,0.0688,0.225,0.5884,0.0543
2001-11-13,0.6461,-0.0812,0.2741,0.7181,0.0665
2001-11-14,0.6742,-0.1751,0.3113,0.828,0.0515
2001-11-15,0.6953,-0.0116,0.264,0.6926,0.0575
2001-11-16,0.7256,-0.1038,0.2295,0.7372,0.0486
2001-11-19,0.7802,-0.1396,0.2444,0.5784,0.0505
2001-11-20,0.8148,-0.1347,0.1997,0.6541,0.0533
2001-11-21,0.8463,0.003,0.1624,0.4962,0.0609
2001-11-22,0.8244,-0.1685,0.2164,0.4258,0.0617
2001-11-23,0.8553,-0.17,0.1634,0.5399,0.0604
2001-11-26,0.8811,-0.2183,0.2422,0.5671,0.0436
2001-11-27,0.9227,-0.1755,0.2718,0.6432,0.042
2001-11-28,0.9255,-0.1754,0.2956,0.665,0.0533
2001-11-29,0.933,-0.1562,0.2484,0.6444,0.0579
2001-11-30,0.9761,-0.2586,0.2107,0.642,0.057
2001-12-03,1.0,-0.4096,0.2251,0.6685,0.0657
2001-12-04,1.0,-0.2491,0.222,0.7085,0.0653
2001-12-05,0.9636,-0.0282,0.2281,0.4511,0.0618
2001-12-06,0.9918,0.0912,0.2388,0.5832,0.0544
2001-12-07,1.0,0.0798,0.2494,0.6327,0.0482
2001-12-10,0.9931,0.1684,0.215,0.6009,0.047
2001-12-11,0.9795,0.1864,0.1954,0.5768,0.0382
2001-12-12,0.9501,0.1684,0.2426,0.5326,0.0519
2001-12-13,0.9148,0.0921,0.2187,0.6876,0.0374
2001-12-14,0.927,0.1613,0.1837,0.6376,0.0472
2001-12-17,0.9658,0.1128,0.1975,0.555,0.0629
2001-12-18,0.9448,0.1431,0.1835,0.6352,0.0491
2001-12-19,0.9844,0.2041,0.2361,0.6002,0.0606
2001-12-20,1.0,0.124,0.2071,0.6415,0.046
2001-12-21,1.0,0.0149,0.2121,0.7129,0.0597
2001-12-24,1.0,-0.0112,0.1871,0.8076,0.0664
2001-12-25,0.9856,0.037,0.2371,0.7924,0.0709
2001-12-26,1.0,0.0501,0.1761,0.8504,0.0628
2001-12-27,1.0,0.1078,0.2295,0.7415,0.0645
2001-12-28,0.9881,-0.0407,0.2421,0.8229,0.0462
2001-12-31,0.9431,-0.1773,0.2548,0.718,0.0399
2002-01-01,0.9421,-0.0471,0.2214,0.7858,0.0475
2002-01-02,0.9117,-0.1659,0.215,0.8214,0.0465
2002-01-03,0.9055,-0.0783,0.1453,0.8653,0.0529
2002-01-04,0.9303,-0.1497,0.183,0.9417,0.0488
2002-01-07,0.9579,-0.1952,0.1766,0.7745,0.0365
2002-01-08,0.9118,-0.2328,0.1941,0.8038,0.0403
2002-01-09,0.8649,-0.2469,0.181,0.6641,0.034
2002-01-10,0.8896,-0.1696,0.2119,0.7265,0.0293
2002-01-11,0.812,-0.0783,0.2466,0.5598,0.0358
2002-01-14,0.8464,-0.08,0.2306,0.6509,0.0424
2002-01-15,0.8961,-0.0201,0.2295,0.4906,0.0326
2002-01-16,0.8855,0.0075,0.1994,0.5335,0.0299
2002-01-17,0.9176,-0.0901,0.2145,0.4425,0.0416
2002-01-18,0.8396,0.0092,0.2264,0.1478,0.0439
2002-01-21,0.8482,-0.1546,0.1945,0.3132,0.0412
2002-01-22,0.8448,-0.1177,0.2032,0.3829,0.0327
2002-01-23,0.854,-0.0787,0.19,0.3834,0.0502
2002-01-24,0.876,0.0171,0.2655,0.4738,0.0452
2002-01-25,0.8728,0.1606,0.2625,0.4653,0.0593
2002-01-28,0.9112,0.0257,0.2869,0.334,0.0688
2002-01-29,0.8843,0.0011,0.299,0.3412,0.0484
2002-01-30,0.8798,0.0568,0.3536,0.47,0.0577
2002-01-31,0.8794,0.1841,0.3823,0.4578,0.0599
2002-02-01,0.8446,0.0803,0.3868,0.3842,0.0584
2002-02-04,0.8425,-0.0934,0.4584,0.2531,0.0625
2002-02-05,0.8311,-0.0059,0.4738,0.4807,0.0439
2002-02-06,0.8368,-0.0232,0.4392,0.4879,0.0577
2002-02-07,0.8014,-0.061,0.4548,0.5587,0.0492
2002-02-08,0.7748,-0.0733,0.4823,0.4523,0.0561
2002-02-11,0.7741,0.0801,0.5101,0.3263,0.0478
2002-02-12,0.8115,-0.121,0.4418,0.4301,0.0535
2002-02-13,0.8122,-0.0589,0.4083,0.5394,0.0471
2002-02-14,0.8038,-0.0636,0.4449,0.6813,0.0432
2002-02-15,0.8381,-0.1811,0.4182,0.6474,0.0438
2002-02-18,0.857,-0.095,0.4511,0.7882,0.0551
2002-02-19,0.8752,0.0244,0.4605,0.9767,0.0609
2002-02-20,0.9375,-0.0592,0.4634,0.8672,0.0577
2002-02-21,1.0,-0.1728,0.4999,0.8733,0.0628
2002-02-22,0.9312,-0.1904,0.4662,0.9315,0.0545
2002-02-25,0.909,-0.2012,0.46,0.8622,0.0534
2002-02-26,0.9259,-0.273,0.4011,0.9514,0.0668
2002-02-27,0.9464,-0.1656,0.4224,1.0,0.0494
2002-02-28,0.9444,-0.0085,0.4799,1.0,0.0556
2002-03-01,1.0,-0.0673,0.4793,0.9563,0.0612
2002-03-04,1.0,0.0063,0.4369,0.7294,0.0662
2002-03-05,1.0,-0.1261,0.4847,0.5741,0.0532
2002-03-06,0.958,-0.1176,0.4914,0.6506,0.0663
2002-03-07,0.9547,-0.0873,0.4862,0.7745,0.0736
2002-03-08,0.9545,-0.2766,0.45,0.9017,0.0624
2002-03-11,0.954,-0.3504,0.4288,0.9286,0.0525
2002-03-12,0.959,-0.1792,0.4063,0.9892,0.041
2002-03-13,0.9367,-0.0661,0.4436,0.9986,0.0297
2002-03-14,0.9385,0.0921,0.4895,0.9325,0.0357
2002-03-15,0.9307,0.0385,0.535,0.8161,0.0397
2002-03-18,0.922,-0.0772,0.6097,0.8695,0.0348
2002-03-19,0.968,0.0779,0.6521,0.6047,0.0459
2002-03-20,0.9451,0.0506,0.6879,0.7415,0.0557
2002-03-21,0.9592,0.2763,0.6565,0.8488,0.0516
2002-03-22,0.9748,0.0129,0.6534,0.9699,0.057
2002-03-25,1.0,0.0362,0.7678,0.9777,0.0608
2002-03-26,0.9775,0.1572,0.7778,1.0,0.0651
2002-03-27,0.9678,0.2239,0.8075,1.0,0.0594
2002-03-28,1.0,0.0828,0.7899,0.8389,0.0675
2002-03-29,0.9787,0.1488,0.8042,0.7591,0.0736
2002-04-01,1.0,0.1558,0.8522,0.8738,0.0531
2002-04-02,0.9648,0.1349,0.884,0.93,0.0403
2002-04-03,0.9602,0.0135,0.8997,0.7986,0.0433
2002-04-04,0.9248,-0.028,0.8057,0.6028,0.0308
2002-04-05,0.9095,-0.0653,0.7263,0.61,0.047
2002-04-08,0.8705,-0.0908,0.715,0.5501,0.0514
2002-04-09,0.9134,-0.0525,0.6954,0.5533,0.0574
2002-04-10,0.9358,0.1241,0.7502,0.6191,0.0651
2002-04-11,0.9735,-0.0133,0.8176,0.5325,0.0608
2002-04-12,0.9457,-0.16,0.8255,0.6267,0.0545
2002-04-15,0.9646,-0.2894,0.8636,0.6417,0.0569
2002-04-16,0.9601,-0.1893,0.8622,0.6653,0.0456
2002-04-17,0.9538,-0.165,0.9052,0.5542,0.0593
2002-04-18,0.9793,-0.2043,0.8703,0.6569,0.0559
2002-04-19,0.979,-0.176,0.8744,0.858,0.0591
2002-04-22,0.9805,-0.354,0.96,0.7812,0.0699
2002-04-23,1.0,-0.3012,0.9443,0.9554,0.049
2002-04-24,0.9937,-0.3245,0.9424,0.7229,0.0544
2002-04-25,1.0,-0.3817,0.9134,0.8673,0.0587
2002-04-26,0.983,-0.2174,0.9002,0.899,0.0503
2002-04-29,1.0,-0.4041,0.9307,0.933,0.0375
2002-04-30,0.9657,-0.275,0.9318,0.7476,0.049
2002-05-01,0.9763,-0.2646,0.9026,0.5881,0.0403
2002-05-02,0.9814,-0.314,0.9065,0.7952,0.0448
2002-05-03,0.9592,-0.1157,0.9517,0.7523,0.0404
2002-05-06,0.9438,0.0274,1.0,0.9603,0.0484
2002-05-07,0.9061,-0.0581,1.0,1.0,0.0579
2002-05-08,0.893,-0.1482,1.0,1.0,0.0701
2002-05-09,0.8704,-0.1583,1.0,0.9212,0.0609
2002-05-10,0.8313,-0.1987,0.9749,0.9033,0.0611
2002-05-13,0.8356,-0.1391,0.9279,0.9244,0.0521
2002-05-14,0.8429,0.1312,0.9975,0.9179,0.0427
2002-05-15,0.8338,-0.0031,0.9603,0.9533,0.0559
2002-05-16,0.8669,0.1162,0.9746,0.9711,0.0439
2002-05-17,0.863,0.2167,1.0,1.0,0.051
2002-05-20,0.8768,0.1121,0.9706,0.8741,0.0579
2002-05-21,0.8583,0.0114,1.0,0.7639,0.0509
2002-05-22,0.8485,0.0581,0.9743,0.8568,0.0514
2002-05-23,0.8487,-0.1018,0.9421,1.0,0.047
2002-05-24,0.8191,-0.2643,0.9018,0.9605,0.0392
2002-05-27,0.8107,-0.1215,0.8625,0.7856,0.0538
2002-05-28,0.8307,0.0619,0.8377,0.8767,0.0519
2002-05-29,0.8826,0.0434,0.8535,0.7792,0.0618
2002-05-30,0.8796,-0.0411,0.9189,0.8459,0.0587
2002-05-31,0.8327,-0.1339,0.8947,0.7368,0.0632
2002-06-03,0.8736,-0.3344,0.8941,0.7221,0.0716
2002-06-04,0.8546,-0.3563,0.8836,0.5985,0.0534
2002-06-05,0.885,-0.2289,0.9133,0.5528,0.0672
2002-06-06,0.9319,-0.0856,0.9566,0.4436,0.0526
2002-06-07,0.8879,0.2025,0.9589,0.4031,0.0482
2002-06-10,0.8524,-0.0404,0.9929,0.329,0.0604
2002-06-11,0.8286,-0.0414,1.0,0.475,0.0457
2002-06-12,0.8052,-0.0283,0.9838,0.2464,0.0596
2002-06-13,0.8685,0.0032,1.0,0.266,0.0452
2002-06-14,0.8533,0.0405,0.9507,0.4323,0.0504
2002-06-17,0.8317,0.009,0.9599,0.3841,0.0629
2002-06-18,0.8891,-0.0029,0.9335,0.5201,0.0478
2002-06-19,0.9302,-0.0521,0.9518,0.6296,0.0579
2002-06-20,0.9347,0.1123,0.8682,0.7266,0.058
2002-06-21,0.8894,0.1244,0.7967,0.6172,0.0521
2002-06-24,0.9143,0.0212,0.8086,0.4245,0.0615
2002-06-25,0.8815,0.1125,0.7943,0.4377,0.065
2002-06-26,0.8924,0.1242,0.7985,0.6302,0.0507
2002-06-27,0.9166,0.1017,0.8173,0.6269,0.0463
2002-06-28,0.8946,0.0707,0.8479,0.6567,0.04
2002-07-01,0.9485,0.0985,0.8468,0.495,0.0398
2002-07-02,0.936,-0.0458,0.8612,0.4404,0.0303
2002-07-03,0.9647,-0.0918,0.9199,0.586,0.0463
2002-07-04,0.9813,-0.1555,0.9026,0.6428,0.0546
2002-07-05,0.9404,-0.0932,0.9134,0.6431,0.0515
2002-07-08,0.8891,0.0806,0.8711,0.4923,0.0472
2002-07-09,0.8861,-0.0241,0.8583,0.5286,0.0549
2002-07-10,0.899,0.0166,0.8241,0.5933,0.0402
2002-07-11,0.9209,-0.0098,0.8622,0.6281,0.0378
2002-07-12,0.9748,0.0674,0.9104,0.6353,0.0563
2002-07-15,0.9805,0.0496,0.9648,0.7095,0.0552
2002-07-16,0.9774,-0.1276,0.9722,0.8318,0.0425
2002-07-17,0.9528,-0.0094,0.9788,0.9538,0.0469
2002-07-18,0.9619,-0.1247,0.9456,0.7272,0.0493
2002-07-19,0.97,-0.1503,0.9618,0.7603,0.0576
2002-07-22,0.968,-0.3252,0.9303,0.6859,0.0693
2002-07-23,1.0,-0.375,0.9126,0.7756,0.0734
2002-07-24,1.0,-0.3027,0.945,0.6118,0.0568
2002-07-25,0.9686,-0.2815,0.9609,0.7096,0.0657
2002-07-26,0.9538,-0.1981,0.9513,0.6295,0.0678
2002-07-29,0.9581,-0.0938,1.0,0.6163,0.069
2002-07-30,0.95,-0.0516,0.9911,0.516,0.057
2002-07-31,0.9568,-0.1391,1.0,0.393,0.0482
2002-08-01,0.9555,-0.1133,0.9886,0.2752,0.0389
2002-08-02,1.0,-0.2076,1.0,0.2982,0.0529
2002-08-05,0.9239,-0.3238,0.9873,0.1459,0.063
2002-08-06,0.9233,-0.4544,0.9819,0.385,0.0553
2002-08-07,0.9164,-0.4901,0.9916,0.3943,0.0562
2002-08-08,0.902,-0.4462,0.8968,0.3702,0.0534
2002-08-09,0.8755,-0.4279,0.8835,0.4455,0.0516
2002-08-12,0.8734,-0.5304,0.8274,0.38,0.0427
2002-08-13,0.8423,-0.4746,0.7593,0.3705,0.0404
2002-08-14,0.8424,-0.5398,0.7883,0.3926,0.0284
2002-08-15,0.8347,-0.6175,0.7965,0.2634,0.04
2002-08-16,0.8123,-0.3173,0.7811,0.4852,0.0367
2002-08-19,0.8338,-0.1286,0.7532,0.3119,0.0518
2002-08-20,0.8164,-0.165,0.7203,0.2665,0.0622
2002-08-21,0.789,-0.2754,0.7384,0.1665,0.0708
2002-08-22,0.791,-0.1377,0.7074,0.3336,0.0517
2002-08-23,0.7632,-0.0959,0.7351,0.4438,0.0583
2002-08-26,0.7454,0.0584,0.7406,0.5496,0.0421
2002-08-27,0.7813,0.0149,0.7553,0.5539,0.0419
2002-08-28,0.8338,-0.0065,0.8286,0.3888,0.0512
2002-08-29,0.7834,0.0811,0.8695,0.5459,0.0464
2002-08-30,0.7946,0.085,0.9211,0.4812,0.0557
2002-09-02,0.7101,0.1312,0.8767,0.4496,0.0554
2002-09-03,0.6652,0.093,0.8093,0.3859,0.0656
2002-09-04,0.6356,0.0319,0.7418,0.4262,0.0686
2002-09-05,0.574,-0.0712,0.7741,0.371,0.0483
2002-09-06,0.641,0.0573,0.764,0.2319,0.0579
2002-09-09,0.6259,0.0417,0.7054,0.3428,0.044
2002-09-10,0.6129,0.0499,0.6345,0.4831,0.0588
2002-09-11,0.5883,0.1879,0.6613,0.4188,0.0706
2002-09-12,0.5937,-0.0382,0.6823,0.4343,0.07
2002-09-13,0.5865,0.0707,0.594,0.4535,0.0553
2002-09-16,0.6247,0.1108,0.5514,0.2674,0.0495
2002-09-17,0.6411,-0.081,0.5924,0.2044,0.0456
2002-09-18,0.633,-0.1827,0.6223,0.1283,0.0341
2002-09-19,0.6261,-0.0942,0.5747,0.0,0.0524
2002-09-20,0.6306,-0.0974,0.6448,0.1251,0.0626
2002-09-23,0.6847,-0.073,0.6191,0.1645,0.0689
2002-09-24,0.6525,0.0088,0.6099,0.2025,0.0774
2002-09-25,0.6798,0.0672,0.5583,0.144,0.0739
2002-09-26,0.7056,0.0071,0.4888,0.1787,0.0727
2002-09-27,0.7233,-0.2721,0.458,0.1392,0.0634
2002-09-30,0.73,-0.3835,0.4501,0.2208,0.0666
2002-10-01,0.7463,-0.2784,0.4514,0.3116,0.0469
2002-10-02,0.7606,-0.0807,0.4196,0.2297,0.0469
2002-10-03,0.7205,-0.0452,0.3741,0.2364,0.0511
2002-10-04,0.7357,-0.0885,0.3799,0.0518,0.0598
2002-10-07,0.7119,-0.0854,0.3849,0.0273,0.0718
2002-10-08,0.7116,0.1408,0.319,0.1194,0.0565
2002-10-09,0.6819,0.2167,0.3306,0.1239,0.0677
2002-10-10,0.7163,0.2629,0.2635,0.2152,0.0749
2002-10-11,0.7038,0.3319,0.2629,0.3408,0.0778
2002-10-14,0.7109,0.3321,0.2799,0.4586,0.0774
2002-10-15,0.7155,0.3592,0.2044,0.3429,0.0606
2002-10-16,0.6865,0.182,0.1724,0.2927,0.0533
2002-10-17,0.6747,0.2695,0.1319,0.3896,0.0602
2002-10-18,0.6895,0.3843,0.1369,0.3913,0.0672
2002-10-21,0.6624,0.3285,0.0899,0.372,0.0706
2002-10-22,0.6869,0.1626,0.0836,0.3852,0.0727
2002-10-23,0.7161,-0.0074,0.0575,0.5904,0.0665
2002-10-24,0.7714,0.0157,0.0533,0.4921,0.0725
2002-10-25,0.8079,0.1631,0.02,0.5908,0.0679
2002-10-28,0.8113,0.2138,0.0138,0.5601,0.0486
2002-10-29,0.7852,0.1753,0.0195,0.4282,0.0584
2002-10-30,0.7873,0.1149,0.0082,0.5662,0.0661
2002-10-31,0.829,0.1902,0.0086,0.5795,0.0604
2002-11-01,0.8399,0.1231,0.0169,0.6083,0.0524
2002-11-04,0.8976,0.1811,0.0229,0.539,0.0607
2002-11-05,0.8936,0.0539,0.0117,0.6569,0.0722
2002-11-06,0.9227,-0.0274,0.0233,0.5874,0.07
2002-11-07,0.9042,-0.0688,0.0375,0.4659,0.0596
2002-11-08,0.9133,-0.1351,0.034,0.5049,0.0591
2002-11-11,0.9952,-0.0707,0.0107,0.689,0.0649
2002-11-12,0.9812,-0.1117,0.0307,0.7484,0.0622
2002-11-13,0.9229,-0.2515,0.0115,0.6366,0.0569
2002-11-14,0.9913,-0.1203,0.0147,0.5423,0.066
2002-11-15,0.9843,-0.1238,0.0103,0.6414,0.0563
2002-11-18,1.0,-0.1111,0.0283,0.7882,0.0694
2002-11-19,1.0,-0.1261,0.0067,0.7536,0.0512
2002-11-20,1.0,-0.1497,0.0,0.6635,0.0644
2002-11-21,0.9827,-0.0913,0.0152,0.6415,0.0494
2002-11-22,1.0,-0.0741,0.0708,0.7731,0.0627
2002-11-25,1.0,-0.1206,0.0514,0.6805,0.0527
2002-11-26,0.9549,-0.1715,0.0818,0.8782,0.0437
2002-11-27,0.9016,-0.0119,0.0221,0.836,0.0382
2002-11-28,0.8674,0.0268,0.0,0.8087,0.0447
2002-11-29,0.9558,-0.0437,0.0598,0.7568,0.0369
2002-12-02,1.0,-0.0225,0.0473,0.7144,0.0388
2002-12-03,0.9864,-0.0157,0.0833,0.7376,0.0344
2002-12-04,0.9473,0.1665,0.101,0.7827,0.0301
2002-12-05,0.8973,0.0251,0.0758,0.6276,0.0487
2002-12-06,0.926,-0.0019,0.0751,0.617,0.055
2002-12-09,0.926,-0.2409,0.0998,0.7893,0.0576
2002-12-10,0.9372,-0.2101,0.0805,0.7994,0.0455
2002-12-11,0.9033,-0.2893,0.1197,0.8534,0.0383
2002-12-12,0.9242,-0.2914,0.1104,0.9157,0.0306
2002-12-13,0.9823,-0.288,0.0876,0.8071,0.0494
2002-12-16,0.9501,-0.2142,0.187,0.9586,0.0462
2002-12-17,0.9542,-0.3703,0.2055,0.8247,0.0554
2002-12-18,0.9509,-0.3139,0.2351,0.6941,0.0602
2002-12-19,0.911,-0.2764,0.2736,0.5914,0.0561
2002-12-20,0.9276,-0.1909,0.3401,0.5095,0.0581
2002-12-23,0.931,-0.1667,0.3264,0.5008,0.0512
2002-12-24,0.9013,-0.0949,0.3339,0.6231,0.0565
2002-12-25,0.9304,-0.1657,0.3942,0.7519,0.0468
2002-12-26,0.9212,-0.1883,0.4046,0.883,0.0351
2002-12-27,0.9256,-0.2527,0.4577,0.9477,0.0491
2002-12-30,0.9607,-0.1569,0.502,0.8077,0.0394
2002-12-31,0.9956,-0.0678,0.5042,0.7768,0.0402
2003-01-01,0.973,-0.064,0.5462,0.7487,0.0568
2003-01-02,0.9661,0.0248,0.5894,0.5076,0.0622
2003-01-03,0.9486,0.0233,0.6538,0.5437,0.0543
2003-01-06,0.941,-0.0147,0.6448,0.615,0.0608
2003-01-07,0.9901,-0.0481,0.6503,0.5662,0.0691
2003-01-08,0.981,0.1191,0.6156,0.7044,0.0632
2003-01-09,0.9743,-0.0071,0.6124,0.6252,0.0563
2003-01-10,0.9065,-0.0219,0.6557,0.5026,0.0578
2003-01-13,0.8878,-0.0248,0.6574,0.4316,0.0676
2003-01-14,0.8623,0.0822,0.6329,0.4763,0.0721
2003-01-15,0.8966,0.2243,0.6418,0.515,0.0655
2003-01-16,0.873,0.2434,0.6081,0.3409,0.0535
2003-01-17,0.8482,0.1951,0.6603,0.3938,0.0664
2003-01-20,0.8057,0.3752,0.6754,0.2408,0.053
2003-01-21,0.823,0.307,0.6394,0.1856,0.0613
2003-01-22,0.7907,0.3521,0.6109,0.2926,0.0509
2003-01-23,0.8234,0.2307,0.6738,0.3393,0.0598
2003-01-24,0.7987,0.1762,0.7569,0.428,0.0538
2003-01-27,0.82,0.1296,0.668,0.1929,0.0674
2003-01-28,0.7333,0.0788,0.6105,0.1716,0.0646
2003-01-29,0.6977,0.315,0.6829,0.3236,0.0599
2003-01-30,0.7441,0.1434,0.7266,0.153,0.0665
2003-01-31,0.7106,0.1339,0.6628,0.176,0.0475
2003-02-03,0.8059,0.1428,0.6316,0.1572,0.0367
2003-02-04,0.8236,0.0422,0.6666,0.0605,0.0333
2003-02-05,0.8547,0.1431,0.6518,0.0,0.0524
2003-02-06,0.8449,0.1633,0.6384,0.0091,0.0448
2003-02-07,0.8,0.1058,0.6439,0.1545,0.0358
2003-02-10,0.8121,0.0567,0.6907,0.0024,0.0284
2003-02-11,0.806,0.2177,0.6253,0.1717,0.0307
2003-02-12,0.8005,0.1043,0.625,0.2632,0.0359
2003-02-13,0.8334,0.1109,0.6355,0.1373,0.0253
2003-02-14,0.7952,0.277,0.6878,0.0,0.0186
2003-02-17,0.792,0.1583,0.6901,0.0,0.0391
2003-02-18,0.8189,-0.0041,0.6909,0.1238,0.0556
2003-02-19,0.8398,-0.0254,0.7765,0.0738,0.0688
2003-02-20,0.7741,-0.1628,0.7446,0.2604,0.0488
2003-02-21,0.7565,-0.1827,0.7015,0.4728,0.0507
2003-02-24,0.7298,-0.0457,0.7217,0.4934,0.0627
2003-02-25,0.7335,0.0718,0.7458,0.6107,0.0654
2003-02-26,0.7717,0.1233,0.7715,0.5718,0.0689
2003-02-27,0.7569,0.0893,0.7875,0.4399,0.0486
2003-02-28,0.7193,0.0551,0.7863,0.2591,0.0509
2003-03-03,0.7435,0.1207,0.7973,0.1266,0.0577
2003-03-04,0.7592,0.0528,0.7812,0.1372,0.048
2003-03-05,0.7377,0.0906,0.7943,0.1066,0.0613
2003-03-06,0.7325,0.0437,0.8446,0.0277,0.0478
2003-03-07,0.7093,-0.0306,0.8414,0.1161,0.0449
2003-03-10,0.6948,0.0562,0.8434,0.03,0.0354
2003-03-11,0.7009,-0.0527,0.8202,0.2504,0.0506
2003-03-12,0.6823,-0.1096,0.8484,0.2714,0.0509
2003-03-13,0.704,-0.0441,0.8745,0.2264,0.0593
2003-03-14,0.6684,-0.1305,0.9069,0.411,0.0543
2003-03-17,0.6157,-0.0284,0.904,0.4519,0.0672
2003-03-18,0.6563,-0.1518,0.8844,0.5733,0.0768
2003-03-19,0.6347,-0.2744,0.9448,0.4827,0.0547
2003-03-20,0.6162,-0.4567,0.9352,0.4583,0.0404
2003-03-21,0.5954,-0.3453,1.0,0.4083,0.0558
2003-03-24,0.6074,-0.194,1.0,0.5341,0.0632
2003-03-25,0.6312,-0.1825,1.0,0.5634,0.0529
2003-03-26,0.6235,-0.1174,1.0,0.6601,0.0456
2003-03-27,0.6024,-0.0342,0.985,0.402,0.0404
2003-03-28,0.5892,-0.2438,1.0,0.327,0.0574
2003-03-31,0.5875,-0.0768,0.9737,0.1793,0.0475
2003-04-01,0.5949,-0.029,0.9882,0.0012,0.0622
2003-04-02,0.6019,-0.0074,0.9325,0.0209,0.0472
2003-04-03,0.5737,-0.2132,0.9366,0.1427,0.0598
2003-04-04,0.558,0.0971,0.9053,0.1136,0.0469
2003-04-07,0.5943,0.2543,0.903,0.3257,0.0476
2003-04-08,0.6229,0.1312,0.9422,0.3569,0.0528
2003-04-09,0.6477,0.0998,1.0,0.5884,0.0487
2003-04-10,0.6374,0.0295,0.9779,0.5082,0.0406
2003-04-11,0.6543,0.1291,1.0,0.5236,0.0387
2003-04-14,0.6129,0.0782,1.0,0.5062,0.0525
2003-04-15,0.6061,0.0641,0.9921,0.6925,0.0616
2003-04-16,0.5757,0.1356,0.9428,0.8559,0.0432
2003-04-17,0.6571,0.0269,1.0,0.8347,0.0302
2003-04-18,0.6723,-0.0282,0.9865,0.7875,0.0349
2003-04-21,0.6862,-0.0255,0.9191,0.703,0.0272
2003-04-22,0.7485,0.007,0.989,0.6981,0.0463
2003-04-23,0.811,0.0723,1.0,0.5853,0.0543
2003-04-24,0.7925,-0.0453,0.9934,0.6636,0.041
2003-04-25,0.8684,-0.0467,1.0,0.7303,0.0317
2003-04-28,0.8472,-0.0552,0.9709,0.6849,0.0353
2003-04-29,0.8825,-0.079,0.9468,0.663,0.0468
2003-04-30,0.9294,-0.2853,0.9388,0.8114,0.0427
2003-05-01,0.8797,-0.1016,0.9597,0.943,0.0351
2003-05-02,0.8503,0.1006,1.0,0.8749,0.0339
2003-05-05,0.8317,0.0775,0.9875,0.7996,0.0292
2003-05-06,0.8601,0.0483,0.9795,0.7014,0.0415
2003-05-07,0.9152,0.1782,1.0,0.7395,0.0382
2003-05-08,0.8923,0.2692,0.9814,0.7111,0.0466
2003-05-09,0.93,0.3499,0.9684,0.8381,0.0625
2003-05-12,0.9279,0.1895,0.9873,0.9182,0.0705
2003-05-13,0.9613,0.139,0.9935,0.9816,0.0641
2003-05-14,1.0,0.0289,0.9665,0.8723,0.0608
2003-05-15,0.8998,-0.1037,1.0,0.981,0.0723
2003-05-16,0.9446,-0.0617,0.9814,0.9595,0.0731
2003-05-19,0.9391,0.0512,0.9675,0.8824,0.0582
2003-05-20,0.9147,-0.0795,0.9277,0.5946,0.0534
2003-05-21,0.9086,-0.1951,0.8567,0.4819,0.038
2003-05-22,0.9418,-0.1208,0.8529,0.6438,0.0385
2003-05-23,0.9001,0.0095,0.8728,0.7918,0.0538
2003-05-26,0.8291,0.1841,0.8599,0.6523,0.0466
2003-05-27,0.829,0.2554,0.9115,0.757,0.0445
2003-05-28,0.8307,0.1826,0.893,0.6794,0.0536
2003-05-29,0.7697,0.1009,0.9048,0.7946,0.0609
2003-05-30,0.7994,0.0808,0.9394,0.5936,0.0543
2003-06-02,0.8259,0.0385,0.9053,0.6711,0.0467
2003-06-03,0.8501,-0.1181,0.907,0.6138,0.0424
2003-06-04,0.8884,-0.1815,0.856,0.7347,0.0354
2003-06-05,0.9464,-0.1859,0.8498,0.6635,0.0285
2003-06-06,1.0,-0.3126,0.8551,0.5487,0.0241
2003-06-09,0.9933,-0.3454,0.9246,0.7036,0.0389
2003-06-10,0.9653,-0.2489,0.9055,0.671,0.0395
2003-06-11,0.9211,-0.1656,0.8585,0.7464,0.0437
2003-06-12,0.919,-0.0726,0.9057,0.6513,0.0509
2003-06-13,0.9176,-0.1974,0.8443,0.6908,0.0363
2003-06-16,0.9669,0.0958,0.9101,0.7573,0.0531
2003-06-17,0.921,0.0802,0.8969,0.7985,0.0574
2003-06-18,0.9724,0.2403,0.9243,0.632,0.062
2003-06-19,0.9963,0.3436,0.9646,0.743,0.0466
2003-06-20,0.9508,0.2996,0.9573,0.7544,0.0417
2003-06-23,0.9789,0.2096,0.9083,0.7916,0.0353
2003-06-24,0.9761,0.0938,0.9707,0.8086,0.0352
2003-06-25,0.9595,0.2119,1.0,0.7574,0.0393
2003-06-26,0.8919,0.2887,1.0,0.9704,0.0492
2003-06-27,0.9219,0.1932,0.9831,0.8403,0.0414
2003-06-30,0.9179,0.2964,0.9957,0.878,0.0362
2003-07-01,0.9194,0.3549,0.965,0.7894,0.034
2003-07-02,0.9145,0.2923,0.9759,0.6947,0.0244
2003-07-03,0.9282,0.208,1.0,0.678,0.0381
2003-07-04,0.9922,0.1267,0.9796,0.7037,0.0439
2003-07-07,1.0,0.2844,0.9321,0.6189,0.057
2003-07-08,1.0,0.1886,0.9194,0.5722,0.0682
2003-07-09,1.0,0.1324,0.83,0.6794,0.0711
2003-07-10,0.9895,0.1411,0.8901,0.8752,0.068
2003-07-11,0.9722,0.0376,0.9054,0.887,0.0517
2003-07-14,0.9819,-0.0669,0.8691,0.5398,0.062
2003-07-15,0.9216,-0.0679,0.9281,0.5185,0.057
2003-07-16,0.9044,-0.2397,0.8188,0.5883,0.0563
2003-07-17,0.8786,-0.1687,0.8432,0.7288,0.0507
2003-07-18,0.8486,-0.2033,0.8028,0.7261,0.0401
2003-07-21,0.8308,-0.1708,0.7841,0.8113,0.0419
2003-07-22,0.7791,-0.3418,0.7854,0.7141,0.044
2003-07-23,0.8116,-0.2182,0.8397,0.5497,0.0479
2003-07-24,0.8406,-0.1578,0.8174,0.5445,0.053
2003-07-25,0.8578,-0.04,0.7686,0.6192,0.0512
2003-07-28,0.9203,0.0834,0.6771,0.5928,0.0569
2003-07-29,0.9273,0.0671,0.6868,0.3072,0.0417
2003-07-30,0.9645,-0.0588,0.7124,0.2413,0.0377
2003-07-31,1.0,0.0042,0.7368,0.2553,0.0433
2003-08-01,0.9992,-0.1911,0.7721,0.373,0.0576
2003-08-04,1.0,-0.0357,0.8108,0.5025,0.0621
2003-08-05,1.0,0.1351,0.7784,0.5727,0.0659
2003-08-06,0.9788,0.1404,0.8166,0.7296,0.0748
2003-08-07,1.0,0.0421,0.8599,0.7558,0.0717
2003-08-08,0.9854,0.1477,0.8733,0.7428,0.0703
2003-08-11,0.9507,0.1575,0.7909,0.7195,0.0558
2003-08-12,0.8822,0.2484,0.8155,0.7854,0.0673
2003-08-13,0.9021,0.3022,0.7879,0.6715,0.0529
2003-08-14,0.8928,0.3214,0.797,0.6193,0.0455
2003-08-15,0.9264,0.1916,0.7493,0.5255,0.0415
2003-08-18,0.9216,0.2817,0.7504,0.6463,0.0501
2003-08-19,0.9929,0.3685,0.738,0.5431,0.0458
2003-08-20,0.9822,0.344,0.7545,0.4711,0.0424
2003-08-21,0.966,0.3525,0.7711,0.4809,0.0299
2003-08-22,0.9451,0.0893,0.7906,0.5094,0.0356
2003-08-25,0.9421,0.0809,0.7992,0.3628,0.0331
2003-08-26,0.9352,-0.0479,0.811,0.3355,0.0333
2003-08-27,0.9114,0.027,0.8178,0.0,0.0502
2003-08-28,0.8311,0.0041,0.7835,0.0,0.0465
2003-08-29,0.7996,0.1157,0.755,0.1219,0.0519
2003-09-01,0.8513,0.0702,0.7217,0.2029,0.0392
2003-09-02,0.8442,-0.0471,0.6667,0.2254,0.0507
2003-09-03,0.8531,-0.0932,0.6565,0.381,0.0543
2003-09-04,0.8885,0.0523,0.6408,0.3076,0.0419
2003-09-05,0.8772,0.1071,0.5891,0.3164,0.0497
2003-09-08,0.8801,0.1022,0.5883,0.4245,0.0636
2003-09-09,0.9542,0.0133,0.6317,0.3424,0.063
2003-09-10,0.9771,0.0076,0.5836,0.5122,0.0609
2003-09-11,0.9718,0.1042,0.5762,0.6603,0.072
2003-09-12,0.9492,-0.0158,0.5479,0.6461,0.0637
2003-09-15,0.9911,-0.2239,0.6036,0.6101,0.0641
2003-09-16,0.9829,-0.1265,0.5811,0.7847,0.0572
2003-09-17,0.9245,-0.0867,0.6376,0.8359,0.043
2003-09-18,0.9102,-0.1236,0.6918,0.8472,0.0595
2003-09-19,0.9071,-0.0578,0.6494,0.6465,0.0716
2003-09-22,0.8875,-0.0394,0.6475,0.5632,0.0762
2003-09-23,0.965,0.0296,0.7046,0.5118,0.0644
2003-09-24,0.9729,0.0797,0.6245,0.6115,0.0591
2003-09-25,1.0,-0.0353,0.6143,0.4771,0.053
2003-09-26,1.0,-0.1016,0.5808,0.6214,0.0653
2003-09-29,0.9757,-0.2561,0.563,0.5099,0.0753
2003-09-30,1.0,-0.1842,0.5525,0.3759,0.0693
2003-10-01,1.0,-0.2142,0.5629,0.312,0.065
2003-10-02,0.9807,-0.0122,0.5804,0.21,0.0459
2003-10-03,1.0,0.0076,0.5245,0.215,0.0428
2003-10-06,1.0,-0.0966,0.5055,0.0986,0.0526
2003-10-07,1.0,0.0363,0.3967,0.2262,0.0568
2003-10-08,0.9451,0.0108,0.3902,0.3055,0.0635
2003-10-09,0.9306,0.0628,0.3559,0.325,0.0651
2003-10-10,0.9007,0.0926,0.3476,0.3226,0.0464
2003-10-13,0.9583,0.0647,0.3945,0.461,0.0478
2003-10-14,0.9646,0.0123,0.4137,0.3933,0.0466
2003-10-15,0.9254,0.1604,0.3707,0.4448,0.039
2003-10-16,0.9389,0.1958,0.348,0.3408,0.0277
2003-10-17,0.9195,0.1036,0.2965,0.4298,0.0437
2003-10-20,0.89,0.1369,0.327,0.3415,0.049
2003-10-21,0.9136,0.112,0.2725,0.3605,0.0398
2003-10-22,0.9111,0.2173,0.2327,0.3852,0.0378
2003-10-23,0.9104,0.0814,0.2114,0.3492,0.0488
2003-10-24,0.9027,0.0361,0.223,0.2241,0.0542
2003-10-27,0.907,-0.0455,0.2293,0.1575,0.0471
2003-10-28,0.8933,-0.0851,0.2574,0.2289,0.0525
2003-10-29,0.8764,-0.2844,0.2291,0.3422,0.0536
2003-10-30,0.8993,-0.2069,0.2306,0.2546,0.0469
2003-10-31,0.9081,-0.0666,0.2745,0.2945,0.0618
2003-11-03,0.8872,-0.1924,0.2264,0.4302,0.055
2003-11-04,0.957,-0.2205,0.2308,0.4537,0.0547
2003-11-05,0.97,-0.1756,0.1759,0.2805,0.0519
2003-11-06,0.9476,-0.1195,0.0854,0.0661,0.0635
2003-11-07,0.9352,-0.0994,0.0555,0.1677,0.0576
2003-11-10,0.9258,-0.0145,0.1009,0.2831,0.0558
2003-11-11,0.9277,-0.0989,0.1154,0.4428,0.0401
2003-11-12,0.8784,0.0946,0.0689,0.3825,0.0488
2003-11-13,0.86,0.1805,0.0201,0.3859,0.0552
2003-11-14,0.8161,0.1944,0.0,0.3204,0.0639
2003-11-17,0.8733,0.1525,0.0049,0.3982,0.0501
2003-11-18,0.8915,0.1064,0.0,0.316,0.0621
2003-11-19,0.9455,0.0989,0.0,0.4084,0.0619
2003-11-20,0.95,0.0718,0.0015,0.3218,0.0445
2003-11-21,0.9923,0.2869,0.0,0.3951,0.041
2003-11-24,0.9647,0.241,0.0,0.3553,0.0419
2003-11-25,0.9944,0.224,0.0,0.521,0.0319
2003-11-26,0.9664,0.3302,0.0175,0.4209,0.0288
2003-11-27,0.9847,0.277,0.0,0.4632,0.0289
2003-11-28,1.0,0.2105,0.045,0.3221,0.0369
2003-12-01,0.9929,0.1182,0.1286,0.3104,0.0415
2003-12-02,0.993,-0.0035,0.092,0.4174,0.0448
2003-12-03,0.9786,-0.0795,0.0921,0.3749,0.0476
2003-12-04,0.9163,-0.1399,0.0203,0.4713,0.0487
2003-12-05,0.895,-0.0069,0.0152,0.4893,0.0344
2003-12-08,0.9279,-0.0214,0.0,0.4842,0.0501
2003-12-09,0.9663,-0.0237,0.0215,0.5091,0.0404
2003-12-10,0.9533,-0.1387,0.0643,0.5031,0.0501
2003-12-11,0.9191,-0.0604,0.0643,0.5261,0.0362
2003-12-12,0.9163,-0.032,0.0905,0.6348,0.0474
2003-12-15,0.9054,-0.1521,0.0691,0.6036,0.0458
2003-12-16,0.8382,-0.2442,0.1035,0.5559,0.0575
2003-12-17,0.7815,-0.1488,0.084,0.572,0.0642
2003-12-18,0.7792,-0.0333,0.0539,0.7516,0.0745
2003-12-19,0.7227,0.0533,0.101,0.6121,0.064
2003-12-22,0.7456,-0.0779,0.1006,0.647,0.0614
2003-12-23,0.7943,0.0585,0.1031,0.5637,0.0693
2003-12-24,0.7957,0.0328,0.0581,0.4741,0.0674
2003-12-25,0.7904,-0.0283,0.0767,0.4571,0.066
2003-12-26,0.7748,0.0207,0.0429,0.5462,0.0734
2003-12-29,0.7838,-0.0074,0.0863,0.5622,0.0566
2003-12-30,0.7963,-0.1559,0.1113,0.615,0.0424
2003-12-31,0.798,-0.2464,0.1291,0.5958,0.0328
2004-01-01,0.7558,-0.3018,0.1514,0.7477,0.028
2004-01-02,0.7996,-0.2706,0.1771,0.7224,0.0296
2004-01-05,0.7613,-0.1279,0.1356,0.7922,0.0326
2004-01-06,0.7509,-0.0053,0.1486,0.768,0.0467
2004-01-07,0.8221,-0.0216,0.0945,0.8865,0.0471
2004-01-08,0.8492,-0.0277,0.1156,0.7687,0.0421
2004-01-09,0.847,0.1257,0.0859,0.6937,0.0515
2004-01-12,0.8294,0.0243,0.1461,0.5372,0.04
2004-01-13,0.8633,-0.0452,0.1223,0.4735,0.0465
2004-01-14,0.847,-0.0356,0.1665,0.394,0.0406
2004-01-15,0.8504,-0.1475,0.2111,0.4889,0.0411
2004-01-16,0.8284,-0.0239,0.1951,0.4295,0.0509
2004-01-19,0.7961,-0.0145,0.2317,0.4871,0.052
2004-01-20,0.7581,-0.1732,0.2312,0.5114,0.0599
2004-01-21,0.7375,-0.1745,0.2934,0.5354,0.0473
2004-01-22,0.7445,-0.153,0.2684,0.4037,0.0395
2004-01-23,0.76,-0.27,0.2584,0.4244,0.0562
2004-01-26,0.7617,-0.2149,0.2712,0.6716,0.0659
2004-01-27,0.7834,-0.2928,0.3051,0.6401,0.0529
2004-01-28,0.7751,-0.2071,0.3054,0.5943,0.0398
2004-01-29,0.7987,-0.2239,0.3116,0.5438,0.039
2004-01-30,0.791,-0.2993,0.2763,0.4371,0.0437
2004-02-02,0.7669,-0.3451,0.3294,0.3575,0.0494
2004-02-03,0.7116,-0.3078,0.4165,0.3923,0.0477
2004-02-04,0.7078,-0.1738,0.4192,0.4946,0.0473
2004-02-05,0.7333,-0.1093,0.3858,0.4991,0.0365
2004-02-06,0.7091,-0.0243,0.4087,0.4855,0.0555
2004-02-09,0.7011,0.0158,0.4518,0.3521,0.0575
2004-02-10,0.7177,-0.14,0.5317,0.435,0.0599
2004-02-11,0.7306,-0.3079,0.4788,0.429,0.0605
2004-02-12,0.6983,-0.2904,0.4352,0.4269,0.0706
2004-02-13,0.7274,-0.1773,0.4424,0.3742,0.0569
2004-02-16,0.6744,-0.2089,0.4686,0.4626,0.0537
2004-02-17,0.6275,-0.1886,0.5204,0.6361,0.0431
2004-02-18,0.6219,-0.1147,0.5361,0.6634,0.0489
2004-02-19,0.6037,-0.099,0.5978,0.8936,0.0491
2004-02-20,0.5822,-0.0811,0.6215,0.9291,0.055
2004-02-23,0.6397,-0.0036,0.6472,0.9651,0.0625
2004-02-24,0.6513,-0.1357,0.6443,1.0,0.0642
2004-02-25,0.6844,-0.139,0.7159,0.9555,0.0538
2004-02-26,0.6905,-0.0705,0.7386,0.7971,0.0448
2004-02-27,0.6543,0.0284,0.7026,0.8432,0.0505
2004-03-01,0.6259,0.171,0.7129,0.8895,0.0464
2004-03-02,0.6325,0.1808,0.7249,0.781,0.0583
2004-03-03,0.6492,-0.0466,0.6914,0.6781,0.0476
2004-03-04,0.651,-0.1654,0.7095,0.5261,0.0482
2004-03-05,0.7095,-0.2045,0.7847,0.4197,0.0421
2004-03-08,0.7178,-0.2121,0.8032,0.4816,0.0434
2004-03-09,0.7109,-0.2688,0.7751,0.407,0.0371
2004-03-10,0.7547,-0.1961,0.7599,0.3621,0.0301
2004-03-11,0.7697,-0.2972,0.754,0.3702,0.0348
2004-03-12,0.7512,-0.2908,0.8086,0.4864,0.0423
2004-03-15,0.7518,-0.2239,0.7831,0.6225,0.0378
2004-03-16,0.7109,-0.0521,0.7877,0.6891,0.0343
2004-03-17,0.6697,-0.1273,0.7614,0.7232,0.046
2004-03-18,0.6994,-0.15,0.7636,0.8789,0.0566
2004-03-19,0.6838,-0.2587,0.8105,0.7081,0.0576
2004-03-22,0.7215,-0.2255,0.8058,0.6128,0.0643
2004-03-23,0.6755,-0.0746,0.7741,0.629,0.0452
2004-03-24,0.7007,0.0128,0.7679,0.6155,0.0545
2004-03-25,0.6882,0.0443,0.7033,0.618,0.0477
2004-03-26,0.6629,-0.1228,0.7611,0.7626,0.0473
2004-03-29,0.7005,-0.0297,0.7402,0.7283,0.0589
2004-03-30,0.6835,-0.0657,0.8158,0.6564,0.063
2004-03-31,0.6771,-0.021,0.813,0.6959,0.0484
2004-04-01,0.6795,-0.0126,0.8481,0.5934,0.0362
2004-04-02,0.6727,-0.0503,0.8926,0.6675,0.0489
2004-04-05,0.6831,-0.0117,0.8308,0.7856,0.0363
2004-04-06,0.6392,-0.0627,0.8017,0.6975,0.0486
2004-04-07,0.6846,0.1846,0.8128,0.5315,0.0358
2004-04-08,0.6582,0.0006,0.8077,0.4052,0.0349
2004-04-09,0.6643,-0.0317,0.7428,0.3534,0.0378
2004-04-12,0.7034,-0.0885,0.7418,0.2399,0.0281
2004-04-13,0.6814,-0.0121,0.7257,0.4984,0.0468
2004-04-14,0.6635,0.0082,0.6772,0.649,0.037
2004-04-15,0.6549,-0.0215,0.6678,0.6842,0.0364
2004-04-16,0.6831,-0.036,0.679,0.6663,0.0369
2004-04-19,0.6667,0.1024,0.6699,0.7939,0.05
2004-04-20,0.734,0.0535,0.6994,0.7029,0.0546
2004-04-21,0.7471,-0.0043,0.6618,0.7381,0.042
2004-04-22,0.7566,0.0749,0.658,0.6467,0.0463
2004-04-23,0.7262,0.087,0.6146,0.6844,0.0403
2004-04-26,0.7659,-0.0326,0.5856,0.6623,0.0521
2004-04-27,0.7073,-0.0809,0.6019,0.7222,0.0512
2004-04-28,0.7196,-0.0606,0.5776,0.7279,0.0543
2004-04-29,0.7384,-0.0752,0.5647,0.7018,0.052
2004-04-30,0.7636,0.0407,0.5977,0.7647,0.0449
2004-05-03,0.7537,0.0647,0.6129,0.655,0.0315
2004-05-04,0.7766,-0.0536,0.6483,0.6957,0.0391
2004-05-05,0.7468,-0.0545,0.6775,0.6785,0.0328
2004-05-06,0.7666,-0.055,0.6395,0.6704,0.0286
2004-05-07,0.7764,0.1386,0.6004,0.6103,0.0237
2004-05-10,0.8396,0.197,0.6006,0.4634,0.0192
2004-05-11,0.8476,0.2527,0.5523,0.3589,0.0357
2004-05-12,0.857,0.2753,0.4962,0.3521,0.0482
2004-05-13,0.8489,0.143,0.4697,0.2516,0.0387
2004-05-14,0.8442,0.0639,0.4689,0.2,0.057
2004-05-17,0.8354,0.0656,0.4519,0.2742,0.0501
2004-05-18,0.82,0.1159,0.4778,0.3484,0.0588
2004-05-19,0.7507,0.15,0.4553,0.2802,0.0521
2004-05-20,0.7255,-0.0235,0.4268,0.4008,0.047
2004-05-21,0.6704,0.0668,0.5287,0.3622,0.0458
2004-05-24,0.7005,0.0842,0.5043,0.3133,0.0519
2004-05-25,0.7008,-0.0486,0.4606,0.3935,0.0497
2004-05-26,0.6805,-0.0019,0.488,0.3366,0.0363
2004-05-27,0.7325,0.0167,0.522,0.1274,0.0495
2004-05-28,0.7327,-0.0275,0.4971,0.2076,0.0367
2004-05-31,0.7411,-0.0519,0.5258,0.5069,0.0455
2004-06-01,0.7796,-0.0383,0.5618,0.5403,0.0601
2004-06-02,0.7971,-0.0555,0.5503,0.6062,0.0456
2004-06-03,0.815,-0.0156,0.5798,0.4918,0.038
2004-06-04,0.7323,0.2208,0.6427,0.467,0.0518
2004-06-07,0.7348,0.1763,0.7016,0.3729,0.0544
2004-06-08,0.7562,0.2054,0.7345,0.5323,0.0538
2004-06-09,0.7448,0.1647,0.7957,0.589,0.0668
2004-06-10,0.7013,0.1797,0.8458,0.5613,0.0662
2004-06-11,0.7481,0.0411,0.8422,0.537,0.059
2004-06-14,0.7591,0.0535,0.8611,0.6047,0.0657
2004-06-15,0.7465,0.0239,0.9447,0.5976,0.0602
2004-06-16,0.7895,0.0272,0.9425,0.7198,0.0429
2004-06-17,0.7229,0.0409,0.9039,0.6241,0.0501
2004-06-18,0.7106,0.1092,0.9667,0.5911,0.0482
2004-06-21,0.7179,-0.052,0.9837,0.6422,0.0379
2004-06-22,0.7295,-0.0178,1.0,0.7297,0.0282
2004-06-23,0.7276,0.0761,0.9746,0.6492,0.0258
2004-06-24,0.7751,-0.0458,1.0,0.6662,0.0307
2004-06-25,0.752,-0.0958,0.9522,0.5817,0.0216
2004-06-28,0.759,-0.0629,0.9419,0.6039,0.0404
2004-06-29,0.7679,-0.0003,0.9078,0.6756,0.0365
2004-06-30,0.7305,0.1321,0.9368,0.6824,0.0271
2004-07-01,0.711,0.3416,0.9424,0.6297,0.0355
2004-07-02,0.6988,0.3272,0.947,0.4411,0.045
2004-07-05,0.6967,0.2225,0.9355,0.4973,0.0489
2004-07-06,0.6621,0.114,0.9378,0.4682,0.0417
2004-07-07,0.6836,0.1538,0.9023,0.4114,0.0449
2004-07-08,0.6522,-0.0977,1.0,0.3734,0.0531
2004-07-09,0.6141,-0.1683,0.945,0.2895,0.0466
2004-07-12,0.6079,0.0347,0.8902,0.3708,0.0483
2004-07-13,0.6271,-0.0397,0.937,0.4332,0.0514
2004-07-14,0.6593,-0.1303,0.9029,0.5945,0.0549
2004-07-15,0.6912,-0.2488,0.9695,0.571,0.065
2004-07-16,0.7553,-0.3284,0.91,0.6019,0.0748
2004-07-19,0.7767,-0.1462,0.9679,0.4537,0.0716
2004-07-20,0.7288,-0.1981,0.995,0.5063,0.0599
2004-07-21,0.7376,-0.2989,1.0,0.4079,0.0576
2004-07-22,0.7536,-0.1638,0.9789,0.2402,0.0591
2004-07-23,0.7276,-0.1117,0.9696,0.1311,0.0712
2004-07-26,0.7366,0.0736,0.9216,0.138,0.0646
2004-07-27,0.6915,0.2397,0.8816,0.3684,0.053
2004-07-28,0.7245,0.2129,0.8855,0.4432,0.0563
2004-07-29,0.7439,0.2629,0.9204,0.5652,0.0607
2004-07-30,0.7279,0.3279,0.9105,0.4743,0.0509
2004-08-02,0.7575,0.356,0.8492,0.4111,0.0569
2004-08-03,0.7686,0.5883,0.7847,0.2476,0.0557
2004-08-04,0.7318,0.4831,0.8012,0.1542,0.0645
2004-08-05,0.7046,0.373,0.7799,0.2726,0.0648
2004-08-06,0.7164,0.1867,0.8772,0.2852,0.0575
2004-08-09,0.6939,-0.0041,0.8743,0.1332,0.0625
2004-08-10,0.6925,-0.123,0.8346,0.2205,0.0473
2004-08-11,0.6685,-0.0506,0.8309,0.3059,0.0546
2004-08-12,0.6842,0.0914,0.7209,0.2172,0.0397
2004-08-13,0.7074,-0.0641,0.716,0.1564,0.0508
2004-08-16,0.7159,-0.0473,0.6814,0.271,0.0606
2004-08-17,0.7135,0.0091,0.684,0.0686,0.0497
2004-08-18,0.6773,0.045,0.7521,0.1814,0.0361
2004-08-19,0.6585,0.01,0.7709,0.2735,0.0534
2004-08-20,0.6376,-0.018,0.7943,0.3272,0.0473
2004-08-23,0.6056,-0.1173,0.7847,0.5132,0.0597
2004-08-24,0.6288,-0.2373,0.8359,0.3989,0.0596
2004-08-25,0.6861,-0.228,0.7695,0.5029,0.0712
2004-08-26,0.6898,-0.206,0.7306,0.5989,0.0756
2004-08-27,0.7086,-0.1997,0.6841,0.6108,0.0657
2004-08-30,0.6823,-0.0955,0.6635,0.6906,0.0692
2004-08-31,0.6885,-0.1158,0.6222,0.816,0.0675
2004-09-01,0.7117,-0.0722,0.619,0.8544,0.0622
2004-09-02,0.6642,0.1295,0.5733,0.6315,0.0681
2004-09-03,0.6355,0.0704,0.554,0.5538,0.0712
2004-09-06,0.6537,0.0611,0.5582,0.7111,0.0568
2004-09-07,0.6313,-0.0574,0.5343,0.6659,0.0638
2004-09-08,0.6343,-0.1939,0.5367,0.7332,0.0724
2004-09-09,0.6426,-0.0084,0.5145,0.7713,0.0722
2004-09-10,0.6428,0.0405,0.5302,0.7404,0.0577
2004-09-13,0.7019,0.0265,0.4728,0.8274,0.0479
2004-09-14,0.7226,0.0056,0.4339,0.726,0.0439
2004-09-15,0.7062,0.0341,0.4703,0.7188,0.0594
2004-09-16,0.6523,0.0823,0.4844,0.6636,0.0464
2004-09-17,0.6415,0.0518,0.4918,0.677,0.0366
2004-09-20,0.6279,0.0105,0.5339,0.6188,0.0453
2004-09-21,0.6791,0.0187,0.4988,0.4295,0.053
2004-09-22,0.7457,-0.0389,0.5077,0.3676,0.046
2004-09-23,0.6758,-0.0852,0.438,0.2215,0.0611
2004-09-24,0.6421,-0.1919,0.4722,0.2667,0.0483
2004-09-27,0.6735,-0.084,0.4064,0.3267,0.057
2004-09-28,0.6184,0.1161,0.4111,0.3843,0.0679
2004-09-29,0.6193,0.0954,0.3733,0.2653,0.0607
2004-09-30,0.6597,0.172,0.3777,0.299,0.0432
2004-10-01,0.6521,0.1214,0.2685,0.37,0.0319
2004-10-04,0.6333,0.126,0.2213,0.3191,0.0458
2004-10-05,0.6775,0.2037,0.1874,0.3111,0.0336
2004-10-06,0.6872,0.1286,0.1673,0.3454,0.0387
2004-10-07,0.6749,-0.0009,0.1726,0.4927,0.0429
2004-10-08,0.6968,0.0572,0.1225,0.6522,0.0468
2004-10-11,0.6904,0.1562,0.1293,0.6761,0.0361
2004-10-12,0.6636,0.0247,0.1032,0.65,0.0439
2004-10-13,0.6533,0.1601,0.0221,0.717,0.0467
2004-10-14,0.623,0.1858,0.0019,0.8426,0.0627
2004-10-15,0.6865,0.2483,0.0,1.0,0.0442
2004-10-18,0.6796,0.1816,0.0277,1.0,0.0594
2004-10-19,0.629,0.0322,0.0832,0.9968,0.0561
2004-10-20,0.6313,0.0562,0.0764,0.9948,0.0543
2004-10-21,0.6164,0.1692,0.0295,1.0,0.0557
2004-10-22,0.6634,0.2624,0.0347,0.9221,0.0568
2004-10-25,0.6626,0.2675,0.0738,1.0,0.0526
2004-10-26,0.6565,0.099,0.1268,0.9731,0.0401
2004-10-27,0.6277,0.0759,0.1397,0.8781,0.0348
2004-10-28,0.5795,0.234,0.1191,0.839,0.0324
2004-10-29,0.6008,0.2207,0.0997,0.7473,0.0414
2004-11-01,0.6375,0.0473,0.0615,0.7915,0.0373
2004-11-02,0.716,0.0068,0.0847,0.6814,0.0468
2004-11-03,0.7356,-0.0022,0.0484,0.646,0.0341
2004-11-04,0.7498,0.0607,0.0784,0.8202,0.0539
2004-11-05,0.6977,0.1947,0.1157,0.8271,0.0551
2004-11-08,0.7344,0.0197,0.1506,0.8915,0.0605
2004-11-09,0.7283,0.0972,0.1243,0.7362,0.0649
2004-11-10,0.7101,0.0912,0.0877,0.732,0.0518
2004-11-11,0.7463,-0.1118,0.0516,0.63,0.0596
2004-11-12,0.7571,0.0685,0.067,0.6765,0.0596
2004-11-15,0.715,0.1785,0.0756,0.5842,0.0657
2004-11-16,0.7239,0.2378,0.0332,0.5036,0.0673
2004-11-17,0.7054,0.0824,0.0323,0.4993,0.0513
2004-11-18,0.65,-0.0829,0.061,0.4247,0.0623
2004-11-19,0.6448,0.0667,0.0267,0.4673,0.0662
2004-11-22,0.6688,-0.017,0.0615,0.5328,0.0668
2004-11-23,0.7184,-0.2243,0.0353,0.7327,0.0506
2004-11-24,0.679,-0.2782,0.0628,0.6277,0.0631
2004-11-25,0.6467,-0.2473,0.0169,0.7928,0.0509
2004-11-26,0.6416,-0.1747,0.0,0.6522,0.0546
2004-11-29,0.6505,-0.2311,0.0,0.9833,0.0594
2004-11-30,0.6606,-0.2595,0.0169,0.9057,0.0581
2004-12-01,0.7007,-0.2941,0.0034,0.924,0.0454
2004-12-02,0.688,-0.1575,0.0123,0.7706,0.0491
2004-12-03,0.6835,-0.0138,0.0378,0.6587,0.0621
2004-12-06,0.6911,0.1171,0.0118,0.7499,0.0615
2004-12-07,0.7111,0.1402,0.0144,0.7433,0.0479
2004-12-08,0.6878,0.139,0.0191,0.6004,0.0517
2004-12-09,0.6848,0.086,0.0338,0.7243,0.0392
2004-12-10,0.6884,0.0018,0.0,0.7354,0.0504
2004-12-13,0.6727,-0.1589,0.0121,0.735,0.052
2004-12-14,0.6623,-0.0895,0.0171,0.6907,0.0483
2004-12-15,0.6542,0.0097,0.006,0.8548,0.0421
2004-12-16,0.6251,-0.0677,0.0732,0.7784,0.0435
2004-12-17,0.596,-0.0864,0.0928,0.7134,0.0353
2004-12-20,0.5663,-0.1636,0.0705,0.6803,0.0286
2004-12-21,0.5595,-0.487,0.1237,0.7146,0.0348
2004-12-22,0.5511,-0.3589,0.1623,0.7545,0.035
2004-12-23,0.5901,-0.3129,0.2511,0.7859,0.0513
2004-12-24,0.6135,-0.261,0.2747,0.8003,0.0468
2004-12-27,0.59,-0.0299,0.276,0.8102,0.0524
2004-12-28,0.6029,-0.1294,0.3064,0.6153,0.0376
2004-12-29,0.587,-0.0864,0.3103,0.4874,0.0272
2004-12-30,0.5259,0.0018,0.3418,0.4343,0.0324
2004-12-31,0.5715,0.1457,0.411,0.5084,0.0419
2005-01-03,0.5306,0.0155,0.3763,0.429,0.03
2005-01-04,0.5327,-0.0456,0.3909,0.4787,0.0415
2005-01-05,0.564,-0.0311,0.4618,0.3722,0.0351
2005-01-06,0.539,0.0402,0.4008,0.1208,0.0353
2005-01-07,0.5618,-0.0243,0.3841,0.1547,0.0406
2005-01-10,0.5602,0.084,0.4246,0.2517,0.0329
2005-01-11,0.5916,0.1689,0.4997,0.2538,0.0461
2005-01-12,0.6567,0.2315,0.4465,0.1711,0.0621
2005-01-13,0.7124,0.1497,0.5062,0.3516,0.0646
2005-01-14,0.72,0.1004,0.4708,0.3612,0.0488
2005-01-17,0.7302,0.0483,0.4459,0.411,0.0403
2005-01-18,0.7133,0.1501,0.3978,0.307,0.0463
2005-01-19,0.7585,0.0406,0.3311,0.1897,0.0403
2005-01-20,0.7912,0.2173,0.2939,0.2666,0.0511
2005-01-21,0.7794,0.1917,0.3037,0.1987,0.0418
2005-01-24,0.7435,0.052,0.3145,0.2851,0.056
2005-01-25,0.825,0.0875,0.3948,0.3546,0.0688
2005-01-26,0.8403,0.0515,0.4427,0.3894,0.0578
2005-01-27,0.822,0.1164,0.4528,0.4737,0.0476
2005-01-28,0.8221,-0.0859,0.4775,0.6743,0.0594
2005-01-31,0.8208,-0.0563,0.452,0.7246,0.0638
2005-02-01,0.845,0.0643,0.4357,0.6183,0.065
2005-02-02,0.8264,0.1316,0.4704,0.6029,0.0638
2005-02-03,0.7868,0.0797,0.4562,0.6059,0.046
2005-02-04,0.7553,0.1069,0.4667,0.6118,0.0325
2005-02-07,0.7218,0.1756,0.4483,0.4833,0.0521
2005-02-08,0.7357,0.0822,0.4621,0.5664,0.0515
2005-02-09,0.7531,0.1417,0.4293,0.6291,0.0654
2005-02-10,0.7645,0.2808,0.5207,0.6032,0.065
2005-02-11,0.784,-0.0085,0.5414,0.5721,0.0667
2005-02-14,0.7783,0.0164,0.5358,0.4777,0.0477
2005-02-15,0.7762,-0.1348,0.5046,0.461,0.0383
2005-02-16,0.7485,-0.0428,0.5443,0.468,0.0402
2005-02-17,0.6965,0.1203,0.4708,0.3203,0.0394
2005-02-18,0.7111,0.199,0.4966,0.5304,0.055
2005-02-21,0.7429,0.257,0.4593,0.5061,0.0604
2005-02-22,0.7483,0.0053,0.5042,0.708,0.0689
2005-02-23,0.7672,0.0279,0.4665,0.6086,0.0688
2005-02-24,0.7615,0.0938,0.486,0.6542,0.0523
2005-02-25,0.7189,0.2498,0.4813,0.8283,0.0388
2005-02-28,0.735,0.0316,0.4919,0.7743,0.0348
2005-03-01,0.8192,0.0617,0.5105,0.634,0.0371
2005-03-02,0.8471,0.086,0.4891,0.7609,0.0486
2005-03-03,0.8476,0.0138,0.5045,0.6782,0.0434
2005-03-04,0.8358,0.0681,0.5377,0.6485,0.0417
2005-03-07,0.8305,0.062,0.549,0.681,0.0515
2005-03-08,0.8561,0.1656,0.5399,0.5203,0.0519
2005-03-09,0.8044,0.2066,0.5575,0.4319,0.0658
2005-03-10,0.8232,0.062,0.5604,0.4716,0.0701
2005-03-11,0.8365,0.1558,0.558,0.3274,0.0721
2005-03-14,0.8751,0.1489,0.585,0.2119,0.0676
2005-03-15,0.9357,0.0095,0.6485,0.2843,0.0528
2005-03-16,0.9606,-0.039,0.6335,0.2615,0.0489
2005-03-17,0.9425,-0.0797,0.6627,0.232,0.0583
2005-03-18,0.9779,-0.0234,0.6441,0.3015,0.0422
2005-03-21,0.9608,0.1177,0.5772,0.3806,0.0314
2005-03-22,0.9639,0.3018,0.5929,0.4451,0.0289
2005-03-23,0.9367,0.0751,0.5996,0.2902,0.0498
2005-03-24,1.0,-0.0458,0.5637,0.068,0.0531
2005-03-25,0.9911,-0.039,0.6195,0.0,0.0487
2005-03-28,0.9919,-0.0352,0.6421,0.0323,0.0542
2005-03-29,0.9958,-0.0122,0.6704,0.0,0.0388
2005-03-30,0.9841,0.0239,0.6991,0.0,0.0318
2005-03-31,1.0,-0.0007,0.7735,0.1968,0.0331
2005-04-01,1.0,0.0391,0.759,0.2234,0.0465
2005-04-04,0.9814,0.0111,0.6989,0.4294,0.0477
2005-04-05,0.9955,-0.0427,0.7826,0.3812,0.0383
2005-04-06,0.9817,0.0074,0.8206,0.323,0.0538
2005-04-07,0.9762,0.0276,0.873,0.305,0.0397
2005-04-08,0.961,-0.2279,0.8602,0.255,0.0381
2005-04-11,0.9756,-0.2038,0.7788,0.2485,0.0346
2005-04-12,0.9257,-0.1939,0.7885,0.2791,0.0307
2005-04-13,0.9179,-0.2948,0.7729,0.3139,0.0401
2005-04-14,0.9557,-0.4129,0.8234,0.5251,0.0529
2005-04-15,0.9696,-0.3452,0.8377,0.6274,0.0623
2005-04-18,0.9581,-0.2792,0.8686,0.7817,0.0569
2005-04-19,0.9641,-0.2846,0.9339,0.7891,0.0537
2005-04-20,0.9088,-0.3998,0.8691,0.8547,0.0464
2005-04-21,0.8631,-0.3704,0.8906,0.7491,0.0565
2005-04-22,0.8593,-0.1799,0.9441,0.6911,0.0613
2005-04-25,0.8083,-0.1479,0.9254,0.6486,0.0614
2005-04-26,0.8382,-0.2863,0.8767,0.5262,0.0546
2005-04-27,0.8169,-0.3282,0.8872,0.5011,0.0608
2005-04-28,0.7989,-0.1878,0.9205,0.4765,0.0586
2005-04-29,0.8584,-0.0899,0.925,0.5152,0.0546
2005-05-02,0.875,-0.0193,0.9487,0.4673,0.0475
2005-05-03,0.8962,0.0074,0.9513,0.3518,0.0621
2005-05-04,0.9308,0.0944,0.9317,0.372,0.0704
2005-05-05,0.9985,0.0928,0.9738,0.4261,0.0672
2005-05-06,0.9582,0.0177,0.9808,0.4711,0.0494
2005-05-09,0.9802,0.1526,0.9542,0.392,0.0522
2005-05-10,0.976,0.2173,0.9372,0.6377,0.0431
2005-05-11,0.9786,0.1172,0.9708,0.7431,0.0317
2005-05-12,0.9302,0.0617,0.9952,0.8274,0.0446
2005-05-13,0.9367,0.0943,0.9868,0.657,0.0597
2005-05-16,0.9694,-0.0121,0.9578,0.7108,0.0446
2005-05-17,1.0,0.1112,0.9335,0.6039,0.0415
2005-05-18,0.9775,0.1683,0.9737,0.5573,0.0486
2005-05-19,0.9471,0.1821,1.0,0.571,0.0388
2005-05-20,0.8951,0.1552,0.9827,0.6233,0.0398
2005-05-23,0.8899,0.1495,0.9774,0.6118,0.0516
2005-05-24,0.8859,0.0318,0.8847,0.7016,0.0655
2005-05-25,0.8668,-0.1078,0.8876,0.7813,0.0531
2005-05-26,0.86,-0.0076,0.9052,0.7987,0.0657
2005-05-27,0.8214,-0.0913,0.9624,0.5588,0.0537
2005-05-30,0.7919,-0.1217,0.94,0.4395,0.0446
2005-05-31,0.7973,0.0022,0.9559,0.4434,0.0381
2005-06-01,0.8144,-0.0418,1.0,0.4136,0.0424
2005-06-02,0.8323,0.1008,0.9584,0.4601,0.0571
2005-06-03,0.8005,0.2012,0.9656,0.6018,0.0509
2005-06-06,0.8335,0.2311,0.9475,0.5875,0.0563
2005-06-07,0.814,0.3566,0.9901,0.5496,0.0619
2005-06-08,0.7595,0.3074,0.9362,0.5654,0.047
2005-06-09,0.7886,0.3976,0.934,0.3937,0.0574
2005-06-10,0.7582,0.4119,0.875,0.4815,0.0486
2005-06-13,0.7962,0.3104,0.911,0.6032,0.041
2005-06-14,0.8226,0.2255,0.8455,0.6049,0.0352
2005-06-15,0.8474,0.2352,0.8493,0.5793,0.0366
2005-06-16,0.8736,-0.0171,0.8099,0.6802,0.0552
2005-06-17,0.8959,-0.1509,0.8052,0.7127,0.0504
2005-06-20,0.8418,-0.0538,0.849,0.5594,0.0455
2005-06-21,0.8493,-0.0175,0.8472,0.6165,0.0504
2005-06-22,0.862,-0.1224,0.856,0.7027,0.0519
2005-06-23,0.7864,-0.0395,0.8224,0.7417,0.0617
2005-06-24,0.7602,-0.0928,0.832,0.6605,0.0672
2005-06-27,0.7411,-0.0173,0.771,0.4644,0.0696
2005-06-28,0.7183,0.0273,0.7455,0.3668,0.0773
2005-06-29,0.7072,0.0234,0.7739,0.3999,0.0617
2005-06-30,0.7264,0.1048,0.813,0.5264,0.0575
2005-07-01,0.7474,0.0758,0.821,0.6243,0.0651
2005-07-04,0.7785,0.0098,0.8396,0.6625,0.0645
2005-07-05,0.8029,0.1382,0.8426,0.662,0.0564
2005-07-06,0.7896,0.212,0.8225,0.6749,0.0624
2005-07-07,0.7563,-0.113,0.8086,0.565,0.0489
2005-07-08,0.7494,-0.2951,0.793,0.6578,0.0553
2005-07-11,0.7776,-0.3095,0.7902,0.6342,0.0604
2005-07-12,0.7754,-0.2284,0.7778,0.7694,0.0624
2005-07-13,0.7256,-0.2135,0.7718,0.7274,0.0524
2005-07-14,0.7215,-0.1461,0.7914,0.5615,0.0666
2005-07-15,0.7735,-0.0458,0.8072,0.6297,0.076
2005-07-18,0.7796,-0.0589,0.7979,0.8833,0.0605
2005-07-19,0.7417,0.0585,0.7853,0.8175,0.0674
2005-07-20,0.7066,-0.0169,0.7613,0.7599,0.0498
2005-07-21,0.6892,-0.0888,0.7805,0.7427,0.0408
2005-07-22,0.6276,0.0121,0.7903,0.6487,0.057
2005-07-25,0.6541,0.1165,0.8086,0.6163,0.06
2005-07-26,0.6701,0.1469,0.8194,0.7165,0.0468
2005-07-27,0.6658,0.1004,0.7631,0.8408,0.0431
2005-07-28,0.6462,-0.1917,0.7392,0.8009,0.0561
2005-07-29,0.6344,-0.0846,0.7238,0.7936,0.0628
2005-08-01,0.6458,-0.3075,0.6799,0.8242,0.0526
2005-08-02,0.6154,-0.2369,0.6917,0.8245,0.0573
2005-08-03,0.5874,-0.2478,0.6542,0.6089,0.0439
2005-08-04,0.5926,-0.0581,0.6604,0.5086,0.0321
2005-08-05,0.6105,-0.0128,0.6627,0.5029,0.038
2005-08-08,0.6014,0.0731,0.5588,0.5835,0.0449
2005-08-09,0.6222,0.1572,0.5176,0.5426,0.0604
2005-08-10,0.58,-0.0681,0.5519,0.5726,0.062
2005-08-11,0.5517,-0.073,0.5452,0.601,0.052
2005-08-12,0.5366,0.0066,0.4656,0.5657,0.0366
2005-08-15,0.5429,-0.0111,0.4778,0.4814,0.0339
2005-08-16,0.5312,0.0666,0.4307,0.6579,0.0308
2005-08-17,0.5078,0.1374,0.4347,0.7748,0.0396
2005-08-18,0.5203,0.0312,0.3546,0.8427,0.0556
2005-08-19,0.5214,0.0728,0.3767,0.7377,0.0594
2005-08-22,0.5591,0.2092,0.3822,0.6807,0.0488
2005-08-23,0.5164,0.2438,0.3757,0.8911,0.0545
2005-08-24,0.547,0.0786,0.3982,0.7636,0.066
2005-08-25,0.5418,0.0249,0.435,0.5305,0.0612
2005-08-26,0.51,0.0786,0.4838,0.5235,0.0431
2005-08-29,0.435,0.1657,0.467,0.4726,0.0452
2005-08-30,0.4537,0.1348,0.4666,0.3139,0.0343
2005-08-31,0.4433,0.114,0.5619,0.5591,0.0509
2005-09-01,0.3836,0.1092,0.6163,0.5915,0.0492
2005-09-02,0.3859,0.2977,0.5752,0.6357,0.0409
2005-09-05,0.4044,0.2007,0.5062,0.634,0.0525
2005-09-06,0.394,0.2593,0.522,0.5303,0.0576
2005-09-07,0.3709,0.2269,0.4597,0.4723,0.0692
2005-09-08,0.4038,0.1893,0.459,0.5122,0.0592
2005-09-09,0.3446,0.2081,0.4349,0.578,0.0611
2005-09-12,0.3329,0.2222,0.3822,0.6039,0.0648
2005-09-13,0.3139,0.0924,0.3999,0.6873,0.0502
2005-09-14,0.3538,0.1531,0.4008,0.4996,0.0427
2005-09-15,0.3472,0.0195,0.3459,0.4132,0.0333
2005-09-16,0.2922,-0.1334,0.2547,0.5867,0.0303
2005-09-19,0.311,-0.1786,0.2233,0.4727,0.0451
2005-09-20,0.3896,-0.1974,0.2379,0.5045,0.0506
2005-09-21,0.3335,-0.1969,0.2233,0.4302,0.0631
2005-09-22,0.3138,-0.1113,0.1936,0.5699,0.0628
2005-09-23,0.3161,-0.0776,0.1748,0.3981,0.0561
2005-09-26,0.3247,0.0214,0.1514,0.3833,0.0482
2005-09-27,0.2782,-0.0136,0.1669,0.471,0.0608
2005-09-28,0.2357,0.0277,0.1518,0.4253,0.0713
2005-09-29,0.1951,0.0246,0.1904,0.4775,0.0593
2005-09-30,0.1813,-0.0507,0.1948,0.4955,0.0432
2005-10-03,0.157,-0.2588,0.218,0.478,0.0336
2005-10-04,0.1467,-0.2338,0.2184,0.5524,0.0337
2005-10-05,0.1584,-0.0507,0.2747,0.5685,0.0474
2005-10-06,0.1598,-0.0682,0.2697,0.5686,0.0628
2005-10-07,0.1307,-0.094,0.2086,0.7498,0.0727
2005-10-10,0.1672,-0.027,0.2217,0.8348,0.059
2005-10-11,0.1444,-0.0636,0.2309,0.8269,0.0436
2005-10-12,0.1651,0.0884,0.1899,0.8534,0.0596
2005-10-13,0.1798,0.0485,0.177,0.8426,0.0693
2005-10-14,0.2029,0.059,0.0768,0.8537,0.0676
2005-10-17,0.2201,0.0622,0.0007,0.8998,0.0604
2005-10-18,0.3034,0.0108,0.0034,0.8467,0.0479
2005-10-19,0.3682,-0.1719,0.0,0.6828,0.0465
2005-10-20,0.3476,-0.2981,0.0571,0.4248,0.0349
2005-10-21,0.3544,-0.2692,0.0122,0.3428,0.025
2005-10-24,0.3404,-0.3722,0.0,0.4384,0.0474
2005-10-25,0.3394,-0.285,0.0433,0.3603,0.0349
2005-10-26,0.3308,-0.2486,0.0116,0.4039,0.0527
2005-10-27,0.3608,-0.2497,0.1514,0.4543,0.0381
2005-10-28,0.3515,-0.2281,0.1215,0.5464,0.0378
2005-10-31,0.3785,-0.1969,0.1068,0.5453,0.0472
2005-11-01,0.4306,-0.1237,0.0873,0.4776,0.0544
2005-11-02,0.3606,-0.2511,0.0072,0.4415,0.0627
2005-11-03,0.3574,-0.1394,0.0,0.2782,0.0686
2005-11-04,0.3357,-0.1117,0.0,0.4184,0.065
2005-11-07,0.3229,-0.0183,0.0789,0.3244,0.0581
2005-11-08,0.274,-0.1402,0.0854,0.0,0.0477
2005-11-09,0.2702,-0.0098,0.0271,0.0,0.0567
2005-11-10,0.2927,-0.0959,0.0749,0.0,0.0572
2005-11-11,0.2928,-0.0501,0.0891,0.157,0.0636
2005-11-14,0.259,-0.0328,0.0863,0.2341,0.0714
2005-11-15,0.2442,-0.1276,0.1028,0.2051,0.0521
2005-11-16,0.294,0.1174,0.0894,0.0553,0.0374
2005-11-17,0.2576,-0.0161,0.0568,0.1149,0.0409
2005-11-18,0.1922,-0.0175,0.0402,0.2205,0.0583
2005-11-21,0.1884,0.0201,0.0309,0.1212,0.0659
2005-11-22,0.2131,-0.0529,0.0543,0.1618,0.0701
2005-11-23,0.2045,0.0433,0.0271,0.1547,0.0711
2005-11-24,0.236,0.0172,0.0,0.2996,0.0648
2005-11-25,0.2655,0.0948,0.0,0.3912,0.0608
2005-11-28,0.2541,0.106,0.0198,0.401,0.0679
2005-11-29,0.266,0.0622,0.0654,0.393,0.0744
2005-11-30,0.2482,0.0432,0.0034,0.4387,0.0577
2005-12-01,0.2521,0.1152,0.0828,0.5268,0.0677
2005-12-02,0.2429,0.1814,0.0379,0.4237,0.0691
2005-12-05,0.2011,0.2534,0.0034,0.393,0.0729
2005-12-06,0.2589,0.2149,0.0254,0.2764,0.0736
2005-12-07,0.213,0.2678,0.0051,0.5197,0.0526
2005-12-08,0.2007,0.217,0.0191,0.6641,0.0524
2005-12-09,0.1602,-0.044,0.0,0.6569,0.0457
2005-12-12,0.1462,-0.1165,0.0174,0.6166,0.0321
2005-12-13,0.1199,-0.0027,0.028,0.7292,0.0302
2005-12-14,0.0924,-0.0987,0.0774,0.6792,0.0404
2005-12-15,0.0711,0.0851,0.0768,0.636,0.0565
2005-12-16,0.0857,0.281,0.0582,0.5516,0.0577
2005-12-19,0.1321,0.2112,0.0274,0.5209,0.0536
2005-12-20,0.181,0.1872,0.0668,0.6039,0.0525
2005-12-21,0.2429,0.1074,0.1605,0.6141,0.0607
2005-12-22,0.2655,-0.0491,0.1879,0.4907,0.0641
2005-12-23,0.2449,-0.0073,0.1427,0.5642,0.0556
2005-12-26,0.2103,0.0855,0.1838,0.5783,0.0516
2005-12-27,0.1771,0.1281,0.1432,0.474,0.0482
2005-12-28,0.1695,-0.11,0.1138,0.487,0.0632
2005-12-29,0.1971,-0.1909,0.1299,0.7411,0.0676
2005-12-30,0.1319,0.011,0.129,0.5763,0.0638
2006-01-02,0.1474,0.1208,0.1221,0.7086,0.0533
2006-01-03,0.196,0.0182,0.1825,0.6776,0.0565
2006-01-04,0.1914,0.1451,0.2034,0.6527,0.0419
2006-01-05,0.1278,0.2419,0.2055,0.5496,0.0337
2006-01-06,0.1539,0.2094,0.2055,0.411,0.0405
2006-01-09,0.154,0.3257,0.2111,0.4949,0.0455
2006-01-10,0.1063,0.252,0.207,0.5799,0.0493
2006-01-11,0.103,0.2547,0.2134,0.8286,0.0407
2006-01-12,0.1157,0.2356,0.2286,0.8148,0.0392
2006-01-13,0.1884,0.0161,0.171,0.86,0.0413
2006-01-16,0.1548,0.1224,0.1043,0.9063,0.0387
2006-01-17,0.1577,0.1091,0.1042,0.7066,0.0352
2006-01-18,0.2132,-0.0001,0.1332,0.9351,0.0361
2006-01-19,0.1922,-0.0678,0.1786,0.755,0.0361
2006-01-20,0.208,0.0138,0.1332,0.6405,0.0347
2006-01-23,0.2123,0.0341,0.0859,0.9263,0.05
2006-01-24,0.2396,0.0061,0.0808,0.8149,0.0421
2006-01-25,0.2444,0.02,0.0481,0.8971,0.043
2006-02-03,0.2074,-0.005,0.0869,1.0,0.0397
2006-02-06,0.1944,-0.0543,0.0849,0.7065,0.0434
2006-02-07,0.2225,0.0114,0.0936,0.7363,0.0439
2006-02-08,0.1953,0.1599,0.1069,0.5123,0.0338
2006-02-09,0.2243,0.1493,0.1657,0.5594,0.041
2006-02-10,0.2638,-0.0015,0.1986,0.5655,0.0356
2006-02-13,0.3145,-0.2756,0.187,0.4312,0.0325
2006-02-14,0.2645,-0.2439,0.1554,0.3796,0.0297
2006-02-15,0.2905,-0.0459,0.1853,0.5072,0.0417
2006-02-16,0.2617,0.1338,0.1793,0.6653,0.0472
2006-02-17,0.3443,0.096,0.1794,0.6961,0.0513
2006-02-20,0.2619,0.1307,0.2323,0.5048,0.0367
2006-02-21,0.1836,0.1578,0.2911,0.5479,0.0277
2006-02-22,0.1854,-0.019,0.2798,0.6136,0.0278
2006-02-23,0.1426,0.0707,0.3535,0.78,0.0278
2006-02-24,0.1593,0.1287,0.3578,0.7308,0.0415
2006-02-27,0.1327,0.2271,0.3053,0.7944,0.0359
2006-03-01,0.1722,0.376,0.3477,0.7766,0.0328
2006-03-02,0.2045,0.2595,0.384,0.7727,0.0513
2006-03-03,0.2111,0.3318,0.3924,0.6305,0.0475
2006-03-06,0.1851,0.322,0.4064,0.5341,0.0601
2006-03-07,0.2704,0.3628,0.3881,0.5796,0.0428
2006-03-08,0.2552,0.2676,0.3864,0.6593,0.0309
2006-03-09,0.2527,0.1963,0.4015,0.6571,0.0416
2006-03-10,0.2761,0.211,0.3682,0.6004,0.0517
2006-03-13,0.2748,0.0608,0.371,0.4552,0.0529
2006-03-14,0.3395,-0.102,0.3841,0.6527,0.0654
2006-03-15,0.3024,-0.1132,0.3983,0.5862,0.0691
2006-03-16,0.3028,-0.0828,0.4495,0.5865,0.0581
2006-03-17,0.3364,-0.0401,0.4317,0.6456,0.0481
2006-03-20,0.3839,0.0544,0.4551,0.654,0.0623
2006-03-21,0.4318,-0.0238,0.4305,0.6455,0.0607
2006-03-22,0.458,0.0147,0.4682,0.8877,0.0434
2006-03-23,0.4599,0.0982,0.5063,0.6936,0.0314
2006-03-24,0.4635,0.0323,0.563,0.5038,0.0271
2006-03-27,0.4169,0.0491,0.5889,0.1894,0.0358
2006-03-28,0.4519,0.0779,0.5893,0.0599,0.034
2006-03-29,0.4396,0.1579,0.6308,0.0797,0.0263
2006-03-30,0.5155,0.285,0.6669,0.2202,0.0431
2006-03-31,0.4859,0.0035,0.6472,0.2246,0.0527
2006-04-03,0.477,-0.0743,0.6198,0.1458,0.0401
2006-04-04,0.4775,-0.0845,0.6534,0.1288,0.037
2006-04-06,0.4786,0.0091,0.6896,0.1599,0.0369
2006-04-07,0.4781,-0.1507,0.7807,0.09,0.0466
2006-04-10,0.4272,-0.2697,0.8155,0.0,0.05
2006-04-11,0.4023,-0.3318,0.8749,0.1341,0.0541
2006-04-12,0.4319,-0.3407,0.8843,0.2118,0.0625
2006-04-13,0.4522,-0.3725,0.8896,0.3574,0.058
2006-04-14,0.4499,-0.4445,0.8787,0.3268,0.0622
2006-04-17,0.4383,-0.2894,0.841,0.3291,0.0666
2006-04-18,0.4319,-0.113,0.8701,0.3898,0.0702
2006-04-19,0.4947,-0.0939,0.8557,0.316,0.0502
2006-04-20,0.5168,-0.1095,0.8426,0.4107,0.0352
2006-04-21,0.5342,-0.01,0.8006,0.3289,0.0527
2006-04-24,0.5025,-0.1058,0.7946,0.2601,0.0408
2006-04-25,0.5483,-0.1271,0.7672,0.2918,0.0516
2006-04-26,0.5568,-0.2418,0.7708,0.1402,0.0573
2006-04-27,0.5864,-0.1853,0.826,0.0906,0.0409
2006-04-28,0.5856,-0.1615,0.8365,0.0706,0.0567
2006-05-02,0.6229,-0.0273,0.7859,0.1817,0.0634
2006-05-03,0.6703,-0.0363,0.8109,0.502,0.0533
2006-05-04,0.6077,-0.0395,0.7645,0.4738,0.0485
2006-05-05,0.5251,-0.1212,0.7419,0.3891,0.0398
2006-05-08,0.5441,-0.0796,0.8067,0.2208,0.0567
2006-05-09,0.5917,-0.1573,0.7885,0.1297,0.044
2006-05-10,0.5413,-0.306,0.7329,0.0339,0.0514
2006-05-11,0.47,-0.2458,0.6685,0.161,0.0609
2006-05-12,0.4254,-0.0756,0.6768,0.012,0.0541
2006-05-15,0.4131,0.0029,0.6784,0.0,0.041
2006-05-16,0.4369,-0.0751,0.6404,0.0953,0.0443
2006-05-17,0.4273,0.0195,0.6538,0.3233,0.0461
2006-05-18,0.4124,0.139,0.641,0.2534,0.0336
2006-05-19,0.3933,0.2907,0.6287,0.2718,0.0272
2006-05-22,0.414,0.2033,0.6066,0.2638,0.0394
2006-05-23,0.429,0.1909,0.582,0.2616,0.0509
2006-05-24,0.4453,0.0816,0.5947,0.0994,0.0472
2006-05-25,0.4261,0.0241,0.5838,0.2409,0.0407
2006-05-26,0.4246,0.008,0.607,0.2307,0.0374
2006-05-29,0.4478,0.1235,0.5818,0.2262,0.0477
2006-05-30,0.4168,0.1921,0.6117,0.2178,0.0557
2006-06-01,0.4128,0.1188,0.5843,0.3294,0.0673
2006-06-02,0.362,-0.0049,0.607,0.1019,0.0688
2006-06-05,0.4172,0.065,0.6283,0.3796,0.0645
2006-06-06,0.4502,0.2218,0.6421,0.4319,0.0497
2006-06-07,0.3992,0.1372,0.6585,0.591,0.0449
2006-06-08,0.4459,0.2125,0.6502,0.4803,0.0327
2006-06-09,0.4549,0.1773,0.7329,0.4092,0.0379
2006-06-12,0.4701,0.2704,0.7551,0.4282,0.0534
2006-06-13,0.4918,0.1953,0.7459,0.4636,0.0655
2006-06-14,0.4997,0.173,0.7558,0.3378,0.0501
2006-06-15,0.5,0.1949,0.7064,0.2516,0.0587
2006-06-16,0.5261,0.146,0.7193,0.276,0.054
2006-06-19,0.5686,0.2277,0.7863,0.3017,0.0538
2006-06-20,0.5559,0.145,0.8425,0.1819,0.0664
2006-06-21,0.5779,-0.0024,0.8822,0.1804,0.064
2006-06-22,0.5213,-0.0602,0.8976,0.258,0.0562
2006-06-23,0.4956,0.1984,0.8625,0.1314,0.0692
2006-06-26,0.4361,0.1251,0.8647,0.1264,0.061
2006-06-27,0.4095,0.0978,0.8314,0.3262,0.0485
2006-06-28,0.4157,0.0877,0.7657,0.2654,0.0565
2006-06-29,0.4247,0.0299,0.7691,0.2487,0.0452
2006-06-30,0.402,-0.0183,0.7948,0.1426,0.0522
2006-07-03,0.4247,0.0977,0.8271,0.3034,0.0456
2006-07-04,0.4672,-0.0505,0.8853,0.1764,0.0442
2006-07-05,0.4597,0.0051,0.8691,0.1377,0.0468
2006-07-06,0.4612,-0.0408,0.8613,0.1561,0.0484
2006-07-07,0.4735,-0.0654,0.8473,0.3379,0.0391
2006-07-10,0.476,-0.2147,0.8632,0.4055,0.0476
2006-07-11,0.4831,-0.1355,0.9036,0.3625,0.0467
2006-07-12,0.4519,-0.1026,0.8807,0.2936,0.0329
2006-07-13,0.4045,-0.1053,0.87,0.3682,0.0466
2006-07-14,0.4293,-0.077,0.8497,0.3008,0.0378
2006-07-17,0.4367,-0.2604,0.8148,0.3337,0.0447
2006-07-18,0.4255,-0.147,0.8159,0.4093,0.0523
2006-07-19,0.4172,0.106,0.7762,0.5443,0.0442
2006-07-20,0.4168,0.0811,0.883,0.5105,0.0428
2006-07-21,0.4449,0.0443,0.9352,0.3945,0.0569
2006-07-24,0.4358,0.0404,0.8535,0.3246,0.0611
2006-07-25,0.4661,0.0328,0.8918,0.3858,0.0589
2006-07-26,0.4852,0.0693,0.89,0.4774,0.0678
2006-07-27,0.4503,0.0898,0.8313,0.3608,0.0663
2006-07-28,0.3946,-0.0077,0.8475,0.2931,0.052
2006-07-31,0.4124,-0.065,0.8566,0.3109,0.043
2006-08-01,0.3873,-0.0212,0.8369,0.2519,0.0542
2006-08-02,0.3904,-0.01,0.8366,0.1925,0.0449
2006-08-03,0.365,0.0129,0.8018,0.0185,0.0573
2006-08-04,0.3524,0.1444,0.804,0.0,0.0691
2006-08-07,0.3758,0.042,0.7909,0.1452,0.0518
2006-08-08,0.3566,0.028,0.8009,0.1051,0.0472
2006-08-09,0.3795,0.0662,0.7847,0.16,0.04
2006-08-10,0.3916,0.1865,0.787,0.1299,0.0372
2006-08-11,0.3885,0.315,0.7933,0.1373,0.0427
2006-08-14,0.3788,0.2155,0.817,0.2731,0.0397
2006-08-15,0.3998,0.2361,0.7863,0.2326,0.0527
2006-08-16,0.4551,0.1091,0.7633,0.1657,0.0469
2006-08-17,0.4366,0.1364,0.784,0.1505,0.0424
2006-08-18,0.4191,0.1555,0.773,0.2345,0.0549
2006-08-21,0.4798,0.3022,0.6661,0.3523,0.0659
2006-08-22,0.4931,0.3603,0.7025,0.2423,0.0497
2006-08-23,0.4878,0.3382,0.7227,0.2351,0.0434
2006-08-24,0.5128,0.2212,0.6644,0.2805,0.0397
2006-08-25,0.5402,0.1367,0.6968,0.4499,0.0301
2006-08-28,0.5001,0.1552,0.6413,0.4748,0.0303
2006-08-29,0.4985,0.15,0.6436,0.4155,0.035
2006-08-30,0.5154,0.1878,0.6419,0.435,0.0316
2006-08-31,0.5467,0.3267,0.6437,0.4086,0.031
2006-09-01,0.4606,0.3399,0.6502,0.3108,0.0356
2006-09-04,0.4096,0.236,0.6354,0.2563,0.0371
2006-09-05,0.3796,0.2265,0.5674,0.2314,0.0466
2006-09-06,0.4121,0.1234,0.5173,0.3376,0.0362
2006-09-07,0.4128,0.1582,0.4937,0.3894,0.0466
2006-09-08,0.4657,0.0834,0.4792,0.3116,0.044
2006-09-11,0.4125,0.0871,0.4535,0.2477,0.0564
2006-09-12,0.4158,0.0549,0.468,0.3808,0.0523
2006-09-13,0.4177,0.0372,0.4256,0.4256,0.0403
2006-09-14,0.4204,-0.009,0.4526,0.3807,0.0495
2006-09-15,0.4618,0.0941,0.4035,0.6856,0.0488
2006-09-18,0.401,0.1679,0.4153,0.74,0.0577
2006-09-19,0.3436,0.0269,0.4078,0.8091,0.06
2006-09-20,0.369,-0.0954,0.4065,0.7744,0.0481
2006-09-21,0.3876,-0.0719,0.3636,1.0,0.0622
2006-09-22,0.4117,0.0643,0.3222,0.8459,0.0724
2006-09-25,0.4792,0.1221,0.3209,0.7456,0.0559
2006-09-26,0.4956,0.0191,0.3211,0.8264,0.0405
2006-09-27,0.4622,0.0973,0.2675,0.8109,0.0498
2006-09-28,0.4556,0.1376,0.2656,0.6991,0.0468
2006-09-29,0.4057,0.0706,0.2783,0.6933,0.0467
2006-10-02,0.397,-0.0379,0.224,0.7397,0.0517
2006-10-03,0.3728,0.067,0.1587,0.7441,0.0445
2006-10-04,0.3891,0.0171,0.1704,0.754,0.0485
2006-10-05,0.35,-0.1018,0.1681,0.7328,0.0428
2006-10-09,0.2721,-0.0648,0.1538,0.6506,0.0469
2006-10-11,0.2777,0.0136,0.1463,0.7352,0.0428
2006-10-12,0.268,0.1295,0.0851,0.721,0.0436
2006-10-13,0.3099,0.0759,0.0737,0.7594,0.059
2006-10-16,0.3314,0.1061,0.0442,0.7541,0.0592
2006-10-17,0.324,0.0417,0.0107,0.5883,0.0677
2006-10-18,0.298,0.0618,0.0449,0.5425,0.0549
2006-10-19,0.3183,0.1651,0.0366,0.5772,0.0631
2006-10-20,0.3648,0.0321,0.0262,0.6638,0.0489
2006-10-23,0.3281,0.1467,0.0198,0.5584,0.0553
2006-10-24,0.294,0.0019,0.0,0.5156,0.0434
2006-10-25,0.2733,0.1002,0.0,0.4466,0.056
2006-10-26,0.2948,0.2476,0.0338,0.2978,0.055
2006-10-27,0.337,0.3644,0.0,0.3844,0.0495
2006-10-30,0.3436,0.3263,0.059,0.237,0.0464
2006-10-31,0.3309,0.1885,0.0922,0.3201,0.0448
2006-11-01,0.3012,0.0834,0.1101,0.3627,0.0405
2006-11-02,0.3226,0.1135,0.0405,0.3044,0.0571
2006-11-03,0.3337,0.1074,0.0,0.4159,0.0658
2006-11-06,0.3124,0.098,0.013,0.5084,0.0688
2006-11-07,0.3769,0.0952,0.0351,0.5874,0.0676
2006-11-08,0.3818,0.0213,0.0473,0.5812,0.0754
2006-11-09,0.4016,-0.0105,0.106,0.6413,0.077
2006-11-10,0.4188,0.0586,0.0463,0.7053,0.0701
2006-11-13,0.3961,-0.0829,0.0,0.6024,0.0592
2006-11-14,0.4052,-0.0703,0.0199,0.6362,0.0631
2006-11-15,0.3637,-0.054,0.0,0.6028,0.0577
2006-11-16,0.3309,-0.022,0.013,0.6812,0.042
2006-11-17,0.2702,-0.1992,0.0,0.8772,0.0579
2006-11-20,0.2873,-0.1313,0.0,0.7988,0.0446
2006-11-21,0.2268,-0.1477,0.026,0.7536,0.0548
2006-11-22,0.2264,-0.0005,0.0417,0.6559,0.0524
2006-11-23,0.1694,0.1491,0.0227,0.5418,0.0552
2006-11-24,0.1893,0.0939,0.0341,0.5395,0.0553
2006-11-27,0.1919,-0.017,0.1036,0.4567,0.0626
2006-11-28,0.228,-0.0406,0.0652,0.6636,0.0698
2006-11-29,0.2635,0.0625,0.0314,0.7282,0.068
2006-11-30,0.2763,-0.0143,0.0635,0.7388,0.0604
2006-12-01,0.2864,0.0374,0.0626,0.7312,0.0427
2006-12-04,0.2287,0.0621,0.0952,0.6083,0.0387
2006-12-05,0.252,0.0502,0.0986,0.5763,0.0462
2006-12-06,0.2282,-0.0195,0.0487,0.6647,0.0599
2006-12-07,0.2367,0.0505,0.1034,0.808,0.0695
2006-12-08,0.1684,-0.0205,0.0926,0.6818,0.0573
2006-12-11,0.1945,-0.1321,0.1184,0.6439,0.0541
2006-12-12,0.1853,0.0454,0.0986,0.6404,0.0671
2006-12-13,0.1882,-0.0514,0.0433,0.8158,0.0481
2006-12-14,0.1838,-0.1139,0.0892,0.7872,0.0594
2006-12-15,0.2221,-0.0059,0.0576,0.9,0.0668
2006-12-18,0.2464,-0.0629,0.0479,0.7384,0.0606
2006-12-19,0.2628,-0.0787,0.0,0.7247,0.064
2006-12-20,0.2087,0.005,0.0327,0.6678,0.048
2006-12-21,0.2506,0.0034,0.056,0.7169,0.0517
2006-12-22,0.2376,-0.0725,0.0667,0.8721,0.0394
2006-12-25,0.2471,-0.1635,0.1141,0.7949,0.0573
2006-12-26,0.2307,-0.0265,0.1624,0.7733,0.0588
2006-12-27,0.2151,-0.0002,0.1727,0.7994,0.0699
2006-12-28,0.2238,0.1198,0.1733,0.7038,0.0751
2006-12-29,0.2376,0.1589,0.1446,0.5854,0.0554
2007-01-02,0.25,0.1025,0.1589,0.5991,0.0586
2007-01-03,0.2442,-0.1322,0.2338,0.8107,0.053
2007-01-04,0.2569,-0.1241,0.2074,0.7934,0.0489
2007-01-05,0.257,0.0098,0.2172,0.913,0.0551
2007-01-08,0.2324,0.0949,0.2606,0.8337,0.0406
2007-01-09,0.2373,-0.0226,0.2694,0.8043,0.037
2007-01-10,0.2907,-0.007,0.2156,0.8648,0.026
2007-01-11,0.2539,-0.0769,0.245,0.8104,0.0468
2007-01-12,0.2367,0.0989,0.1946,0.7893,0.04
2007-01-15,0.2406,0.0086,0.1818,0.8524,0.0286
2007-01-16,0.2212,0.0699,0.1449,1.0,0.0456
2007-01-17,0.2259,-0.1056,0.1731,0.9597,0.0488
2007-01-18,0.2215,-0.119,0.1889,0.7829,0.0378
2007-01-19,0.1792,0.0629,0.2844,0.8377,0.0525
2007-01-22,0.2073,0.06,0.2951,0.6748,0.0371
2007-01-23,0.2097,0.0365,0.3304,0.6862,0.0534
2007-01-24,0.1794,0.0767,0.3432,0.5017,0.0542
2007-01-25,0.1553,0.1257,0.3904,0.4841,0.0602
2007-01-26,0.1188,0.075,0.3274,0.5615,0.0633
2007-01-29,0.0785,-0.0129,0.3223,0.562,0.0527
2007-01-30,0.1154,0.1458,0.3272,0.5172,0.0468
2007-01-31,0.1281,0.0242,0.327,0.4535,0.0335
2007-02-01,0.1514,0.0394,0.3113,0.5339,0.0434
2007-02-02,0.2004,-0.1419,0.3327,0.4656,0.0368
2007-02-05,0.1583,-0.2052,0.3201,0.4257,0.0537
2007-02-06,0.1323,-0.3548,0.341,0.3874,0.0444
2007-02-07,0.1401,-0.0857,0.3411,0.3231,0.046
2007-02-08,0.1365,-0.1132,0.3682,0.3104,0.0551
2007-02-09,0.1448,0.0469,0.3608,0.3595,0.0544
2007-02-12,0.1415,-0.0798,0.3998,0.6293,0.0405
2007-02-13,0.1271,0.0006,0.3511,0.6042,0.0346
2007-02-14,0.1119,0.0854,0.357,0.4529,0.0529
2007-02-26,0.1641,0.2483,0.3731,0.4631,0.0563
2007-02-27,0.1763,0.1474,0.372,0.4369,0.041
2007-03-01,0.142,0.2641,0.3705,0.5331,0.0306
2007-03-02,0.1677,0.1178,0.3672,0.4143,0.0291
2007-03-05,0.1933,-0.0541,0.3697,0.564,0.0479
2007-03-06,0.2148,0.0497,0.3865,0.6959,0.0548
2007-03-07,0.1944,0.0129,0.3829,0.8946,0.0548
2007-03-08,0.1835,-0.1507,0.424,0.8306,0.0463
2007-03-09,0.2433,-0.2496,0.4512,0.6334,0.0527
2007-03-12,0.2251,-0.1096,0.436,0.7297,0.0377
2007-03-13,0.2456,-0.0104,0.4735,0.7567,0.0447
2007-03-14,0.2292,0.0477,0.4832,0.9458,0.06
2007-03-15,0.1853,0.0143,0.5181,0.9833,0.0616
2007-03-16,0.1484,0.1614,0.5888,0.9054,0.0629
2007-03-19,0.1631,0.4236,0.5673,0.6799,0.0724
2007-03-20,0.191,0.2824,0.5298,0.5784,0.071
2007-03-21,0.2054,0.259,0.5161,0.6168,0.0617
2007-03-22,0.2565,0.2283,0.5979,0.5965,0.0579
2007-03-23,0.2921,0.1794,0.7117,0.7256,0.0687
2007-03-26,0.244,0.1173,0.774,0.5833,0.0613
2007-03-27,0.2359,0.0558,0.8101,0.3384,0.051
2007-03-28,0.2203,-0.0036,0.7318,0.4428,0.0585
2007-03-29,0.2255,0.1025,0.7348,0.4207,0.0586
2007-03-30,0.2239,0.1647,0.6712,0.3803,0.0463
2007-04-02,0.1747,-0.0756,0.6639,0.3471,0.0448
2007-04-03,0.1336,0.0564,0.6895,0.4237,0.0441
2007-04-04,0.1489,-0.0011,0.7244,0.5294,0.0603
2007-04-09,0.0983,0.1131,0.7643,0.4106,0.0486
2007-04-10,0.191,0.0909,0.7572,0.2795,0.0408
2007-04-11,0.1855,-0.0809,0.746,0.2762,0.0349
2007-04-12,0.1783,0.0412,0.694,0.2816,0.0485
2007-04-13,0.1716,0.1142,0.737,0.281,0.0483
2007-04-16,0.1399,0.2155,0.6978,0.3454,0.0387
2007-04-17,0.1725,0.19,0.6892,0.3707,0.0447
2007-04-18,0.1688,0.028,0.6258,0.5002,0.0422
2007-04-19,0.2628,0.0616,0.6635,0.3434,0.042
2007-04-20,0.265,0.0589,0.708,0.406,0.0349
2007-04-23,0.2681,0.0209,0.6864,0.3842,0.0486
2007-04-24,0.1859,0.0131,0.6764,0.4413,0.0549
2007-04-25,0.1784,-0.1012,0.6049,0.3752,0.0682
2007-04-26,0.1665,-0.1868,0.5879,0.3306,0.0529
2007-04-27,0.214,-0.2996,0.6083,0.1912,0.0575
2007-04-30,0.1361,-0.1723,0.6274,0.2608,0.0648
2007-05-02,0.18,-0.159,0.64,0.2824,0.0614
2007-05-03,0.1397,-0.0461,0.6415,0.2469,0.0566
2007-05-04,0.1594,-0.0564,0.6018,0.2087,0.0471
2007-05-07,0.1123,-0.0281,0.6461,0.3084,0.0461
2007-05-08,0.0965,0.1823,0.6665,0.3486,0.046
2007-05-09,0.1183,0.0549,0.6636,0.3442,0.0359
2007-05-10,0.1127,0.093,0.7346,0.3934,0.0375
2007-05-11,0.1283,0.0152,0.754,0.419,0.0531
2007-05-14,0.1608,0.1226,0.7334,0.3826,0.0532
2007-05-15,0.2387,0.3054,0.7325,0.5752,0.066
2007-05-16,0.2232,0.2322,0.7337,0.5496,0.0634
2007-05-17,0.2645,0.3252,0.7843,0.519,0.0705
2007-05-18,0.2158,0.3008,0.8036,0.5107,0.0649
2007-05-21,0.1998,0.3256,0.7973,0.4102,0.047
2007-05-22,0.1903,0.3936,0.8235,0.2491,0.0584
2007-05-23,0.2253,0.294,0.7678,0.1737,0.0452
2007-05-24,0.1967,0.3438,0.7265,0.1835,0.0521
2007-05-25,0.1865,0.4225,0.7575,0.1999,0.0543
2007-05-28,0.1213,0.4846,0.7595,0.0935,0.0508
2007-05-29,0.1171,0.4867,0.7611,0.195,0.0506
2007-05-30,0.069,0.4197,0.7847,0.2202,0.0638
2007-05-31,0.0292,0.3363,0.7789,0.243,0.0567
2007-06-01,0.0,0.3022,0.7846,0.2243,0.0423
2007-06-04,0.0,0.2403,0.8335,0.0731,0.0553
2007-06-05,0.0154,0.144,0.8306,0.1525,0.0505
2007-06-06,0.0259,0.2837,0.8615,0.0394,0.0376
2007-06-07,0.0579,0.3183,0.8617,0.0263,0.0366
2007-06-08,0.084,0.3984,0.9373,0.3052,0.0298
2007-06-11,0.0745,0.5029,0.9362,0.2239,0.0412
2007-06-12,0.0659,0.4419,0.9534,0.3072,0.0321
2007-06-13,0.1075,0.3651,0.9134,0.3442,0.0331
2007-06-14,0.1164,0.3962,0.9111,0.3029,0.0377
2007-06-15,0.0922,0.3765,0.8606,0.343,0.0498
2007-06-20,0.0972,0.4127,0.8582,0.4049,0.0587
2007-06-21,0.1499,0.419,0.8821,0.2917,0.0517
2007-06-22,0.1338,0.3883,0.803,0.4519,0.0566
2007-06-25,0.2087,0.324,0.842,0.3689,0.0623
2007-06-26,0.2271,0.2631,0.8514,0.4997,0.0674
2007-06-27,0.1723,0.1972,0.7372,0.5829,0.0528
2007-06-28,0.1621,0.211,0.7166,0.4711,0.0526
2007-06-29,0.1896,0.2635,0.7314,0.5357,0.0659
2007-07-02,0.171,0.3215,0.7309,0.3796,0.0539
2007-07-03,0.1714,0.2137,0.6434,0.4926,0.0383
2007-07-04,0.1641,0.37,0.6661,0.4538,0.0371
2007-07-05,0.1494,0.2832,0.6345,0.3712,0.033
2007-07-06,0.168,0.1746,0.6136,0.2519,0.0389
2007-07-09,0.2465,0.1522,0.5585,0.234,0.05
2007-07-10,0.2726,0.1919,0.6038,0.2978,0.0599
2007-07-11,0.3191,0.168,0.6208,0.2322,0.0554
2007-07-12,0.3142,0.1206,0.6065,0.2142,0.0561
2007-07-13,0.3221,0.0299,0.5728,0.0,0.0612
2007-07-16,0.3074,0.0597,0.5067,0.0,0.0653
2007-07-17,0.263,-0.1444,0.5134,0.1962,0.0729
2007-07-18,0.2492,-0.2472,0.5114,0.3819,0.0622
2007-07-19,0.2523,-0.4481,0.4664,0.5439,0.065
2007-07-20,0.19,-0.3003,0.4086,0.4115,0.069
2007-07-23,0.2156,-0.0678,0.4105,0.6122,0.0618
2007-07-24,0.1721,-0.0255,0.3925,0.4949,0.0728
2007-07-25,0.1217,-0.1265,0.4561,0.5381,0.0628
2007-07-26,0.0931,-0.0166,0.4933,0.3946,0.0522
2007-07-27,0.073,-0.1283,0.5281,0.4226,0.0617
2007-07-30,0.079,-0.2035,0.5418,0.4705,0.046
2007-07-31,0.0579,-0.2357,0.5458,0.4008,0.0615
2007-08-01,0.0352,-0.2015,0.5817,0.4282,0.048
2007-08-02,0.0342,-0.2066,0.643,0.5359,0.0625
2007-08-03,0.0509,-0.0198,0.692,0.6265,0.0625
2007-08-06,0.0673,-0.1248,0.7361,0.5802,0.0566
2007-08-07,0.0425,-0.2966,0.7253,0.4315,0.0461
2007-08-08,0.0291,-0.2994,0.6956,0.3969,0.0579
2007-08-09,0.0181,-0.1998,0.8183,0.437,0.0629
2007-08-10,0.0517,-0.1966,0.7275,0.4848,0.0664
2007-08-13,0.0471,-0.2384,0.7285,0.5156,0.0575
2007-08-14,0.0529,-0.15,0.7652,0.3849,0.0461
2007-08-15,0.0134,0.089,0.7755,0.3957,0.0429
2007-08-16,0.0,0.1633,0.7271,0.4307,0.042
2007-08-17,0.0183,-0.0716,0.7209,0.4772,0.0528
2007-08-20,0.0,-0.2669,0.7166,0.3911,0.0621
2007-08-21,0.0,-0.1211,0.7196,0.5053,0.0711
2007-08-22,0.0,0.0379,0.7867,0.4852,0.0706
2007-08-23,0.0,-0.1125,0.8117,0.4322,0.0554
2007-08-24,0.0079,-0.19,0.7629,0.6327,0.0654
2007-08-27,0.0027,-0.1533,0.8395,0.6167,0.0621
2007-08-28,0.0583,-0.0908,0.8682,0.5505,0.0695
2007-08-29,0.0224,-0.0636,0.9702,0.5458,0.0585
2007-08-30,0.0273,-0.0424,1.0,0.6106,0.0506
2007-08-31,0.0296,-0.109,0.9452,0.6651,0.0483
2007-09-03,0.0342,-0.0011,0.9561,0.7426,0.0531
2007-09-04,0.011,-0.0027,0.9185,0.6,0.0549
2007-09-05,0.0104,-0.0869,0.9522,0.482,0.0573
2007-09-06,0.0651,-0.0515,0.8992,0.5112,0.0407
2007-09-07,0.014,-0.1354,0.9565,0.4078,0.0298
2007-09-10,0.0,-0.1451,0.9939,0.3363,0.0381
2007-09-11,0.0088,-0.0909,0.9535,0.315,0.0439
2007-09-12,0.0268,-0.0563,0.957,0.214,0.0557
2007-09-13,0.1012,-0.0227,0.9113,0.2888,0.0522
2007-09-14,0.0755,0.1984,0.9221,0.3199,0.0652
2007-09-17,0.0278,0.0992,0.824,0.3161,0.0525
2007-09-18,0.0327,0.0166,0.801,0.3973,0.061
2007-09-19,0.0035,-0.0713,0.7781,0.4585,0.0613
2007-09-20,0.014,-0.1149,0.6986,0.4074,0.0656
2007-09-21,0.0,-0.032,0.7053,0.5209,0.0659
2007-09-26,0.0,0.0438,0.5843,0.5485,0.0758
2007-09-27,0.0,-0.0028,0.5933,0.4332,0.0758
2007-09-28,0.0382,0.0891,0.5899,0.4866,0.0747
2007-10-01,0.0,0.0298,0.5985,0.5162,0.0555
2007-10-02,0.0,0.2072,0.5147,0.5341,0.046
2007-10-03,0.0009,0.0246,0.4976,0.4317,0.06
2007-10-04,0.0,0.0748,0.5029,0.4207,0.0605
2007-10-05,0.0057,0.0204,0.4818,0.4449,0.053
2007-10-08,0.0301,0.088,0.4616,0.5064,0.0577
2007-10-09,0.016,0.007,0.4569,0.4376,0.0598
2007-10-11,0.0,-0.158,0.4355,0.5179,0.0644
2007-10-12,0.0266,-0.1338,0.4773,0.5878,0.0562
2007-10-15,0.0281,-0.0626,0.561,0.6024,0.0624
2007-10-16,0.053,-0.1494,0.576,0.7164,0.05
2007-10-17,0.0693,-0.2202,0.6476,0.7105,0.0507
2007-10-18,0.0658,-0.1531,0.6718,0.742,0.056
2007-10-19,0.0527,-0.0839,0.6536,0.8389,0.0453
2007-10-22,0.0727,-0.2131,0.6533,0.7405,0.0373
2007-10-23,0.1098,-0.2699,0.6625,0.6034,0.039
2007-10-24,0.1071,-0.0462,0.6247,0.6115,0.0336
2007-10-25,0.147,0.0744,0.5779,0.5947,0.0507
2007-10-26,0.1396,0.0646,0.6298,0.6428,0.0611
2007-10-29,0.092,0.0831,0.6524,0.4886,0.0628
2007-10-30,0.0901,0.0055,0.6674,0.3947,0.0538
2007-10-31,0.118,-0.3052,0.5991,0.3757,0.0471
2007-11-01,0.1543,-0.3478,0.6346,0.5556,0.054
2007-11-02,0.1399,-0.2743,0.597,0.5443,0.0475
2007-11-05,0.0998,-0.2638,0.5905,0.7487,0.0508
2007-11-06,0.1363,-0.0643,0.5791,0.7423,0.0537
2007-11-07,0.1159,-0.0592,0.5515,0.8043,0.0568
2007-11-08,0.0737,-0.2393,0.5384,0.8431,0.0404
2007-11-09,0.0952,-0.3437,0.5243,0.8262,0.046
2007-11-12,0.0917,-0.19,0.6217,0.9072,0.0424
2007-11-13,0.1239,-0.2207,0.6863,0.7943,0.0541
2007-11-14,0.1171,-0.117,0.7131,0.8733,0.0595
2007-11-15,0.1101,-0.0236,0.7226,0.8,0.0493
2007-11-16,0.1208,0.014,0.7741,0.8388,0.0518
2007-11-19,0.1232,0.0985,0.7513,0.7441,0.0363
2007-11-20,0.1443,0.1038,0.6713,0.8862,0.0425
2007-11-21,0.1933,0.2101,0.6813,0.9927,0.0425
2007-11-22,0.209,0.3119,0.7104,1.0,0.0556
2007-11-23,0.1879,0.2533,0.6534,0.9085,0.0404
2007-11-26,0.1654,0.2223,0.6793,0.7892,0.0538
2007-11-27,0.1763,0.252,0.6229,0.8323,0.0445
2007-11-28,0.1915,0.1185,0.6608,0.8181,0.0458
2007-11-29,0.2035,0.1666,0.6734,0.8085,0.061
2007-11-30,0.2181,0.0328,0.6623,0.7387,0.05
2007-12-03,0.2609,0.0485,0.6142,0.7855,0.0599
2007-12-04,0.3496,0.0831,0.665,0.5651,0.0567
2007-12-05,0.3115,0.1242,0.6675,0.6819,0.0446
2007-12-06,0.3708,0.1487,0.6927,0.8045,0.0347
2007-12-07,0.3742,0.4578,0.7238,0.6734,0.0367
2007-12-10,0.3698,0.3666,0.743,0.4616,0.0535
2007-12-11,0.3444,0.3931,0.6095,0.7009,0.0438
2007-12-12,0.3515,0.3532,0.5884,0.6764,0.0335
2007-12-13,0.3194,0.326,0.687,0.7417,0.0303
2007-12-14,0.3399,0.1733,0.6316,0.6997,0.0424
2007-12-17,0.3868,0.0568,0.6003,0.7296,0.0339
2007-12-18,0.3947,-0.0824,0.5743,0.6734,0.0413
2007-12-19,0.383,-0.1206,0.5409,0.7657,0.0484
2007-12-20,0.3758,-0.1449,0.6013,0.7702,0.0531
2007-12-21,0.3654,-0.0784,0.5019,0.632,0.0636
2007-12-24,0.373,-0.0562,0.4757,0.8785,0.071
2007-12-25,0.3655,-0.0707,0.5613,0.8637,0.0751
2007-12-26,0.3581,0.0532,0.588,0.752,0.059
2007-12-27,0.3434,-0.0885,0.5966,0.6796,0.0512
2007-12-28,0.3675,-0.0144,0.5912,0.7442,0.0513
2007-12-31,0.3197,-0.0329,0.6168,0.6718,0.0629
2008-01-02,0.3095,-0.0504,0.6301,0.7067,0.0672
2008-01-03,0.313,-0.1028,0.6373,0.6022,0.0505
2008-01-04,0.3008,-0.0365,0.6419,0.6421,0.0597
2008-01-07,0.3076,0.1236,0.6647,0.6377,0.0631
2008-01-08,0.292,0.2871,0.6528,0.5559,0.0731
2008-01-09,0.3517,0.2539,0.5656,0.4105,0.0741
2008-01-10,0.3038,0.2472,0.5688,0.4193,0.0575
2008-01-11,0.2793,0.2932,0.5856,0.464,0.0545
2008-01-14,0.2758,0.2264,0.6105,0.4184,0.0403
2008-01-15,0.2786,0.0722,0.5976,0.3929,0.0322
2008-01-16,0.3248,-0.0359,0.6357,0.2449,0.0355
2008-01-17,0.3109,-0.0536,0.5814,0.3623,0.0445
2008-01-18,0.3523,-0.0547,0.5979,0.3545,0.0609
2008-01-21,0.344,0.0363,0.619,0.5236,0.0714
2008-01-22,0.4043,0.0698,0.6136,0.5298,0.0602
2008-01-23,0.4368,-0.0707,0.6467,0.6094,0.0457
2008-01-24,0.4745,-0.2779,0.688,0.6351,0.0353
2008-01-25,0.4687,-0.0274,0.703,0.6257,0.0508
2008-01-28,0.4677,-0.1362,0.7257,0.4896,0.0583
2008-01-29,0.4633,-0.2812,0.7469,0.6668,0.0593
2008-01-30,0.462,-0.2559,0.7582,0.4427,0.0535
2008-01-31,0.4851,-0.3051,0.7464,0.4622,0.049
2008-02-01,0.4878,-0.2682,0.7331,0.4024,0.0401
2008-02-12,0.4926,-0.2805,0.7286,0.236,0.0477
2008-02-13,0.4602,-0.2739,0.7151,0.2913,0.0599
2008-02-14,0.4603,-0.2183,0.7622,0.35,0.0579
2008-02-15,0.4765,-0.2547,0.8225,0.1975,0.0551
2008-02-18,0.5215,-0.2672,0.8105,0.15,0.0398
2008-02-19,0.5363,-0.2803,0.7948,0.1745,0.056
2008-02-20,0.5443,-0.3183,0.8172,0.1644,0.0559
2008-02-21,0.5088,-0.385,0.8725,0.1279,0.0647
2008-02-22,0.5375,-0.1478,0.8329,0.0,0.069
2008-02-25,0.583,-0.2814,0.7975,0.0736,0.0631
2008-02-26,0.5452,-0.425,0.8622,0.0331,0.0679
2008-02-27,0.5508,-0.2062,0.8349,0.1231,0.0704
2008-02-29,0.5695,-0.1768,0.8611,0.1476,0.0583
2008-03-03,0.5492,-0.1804,0.9199,0.1073,0.0626
2008-03-04,0.5625,-0.1585,0.9712,0.0343,0.0667
2008-03-05,0.5289,-0.0975,1.0,0.0054,0.0681
2008-03-06,0.5229,-0.2393,0.9964,0.2407,0.0578
2008-03-07,0.5254,-0.2899,0.9945,0.1499,0.0631
2008-03-10,0.5096,-0.3348,0.958,0.0658,0.0722
2008-03-11,0.4889,-0.2057,1.0,0.0775,0.0692
2008-03-12,0.4687,-0.1854,1.0,0.3505,0.0762
2008-03-13,0.5009,-0.2119,0.9742,0.4406,0.0545
2008-03-14,0.4989,-0.0734,0.9924,0.2192,0.0616
2008-03-17,0.4864,-0.0943,0.995,0.2173,0.0712
2008-03-18,0.448,-0.0765,1.0,0.3467,0.0548
2008-03-19,0.4552,-0.0882,0.9873,0.3022,0.0441
2008-03-20,0.4715,-0.1242,1.0,0.265,0.0432
2008-03-21,0.4621,-0.0369,0.9841,0.1765,0.0369
2008-03-24,0.4698,0.0413,0.931,0.301,0.0329
2008-03-25,0.4734,-0.038,0.9989,0.4685,0.051
2008-03-26,0.4511,-0.0028,1.0,0.6647,0.0576
2008-03-27,0.4526,0.0448,1.0,0.6537,0.0677
2008-03-28,0.4731,-0.0542,0.9735,0.596,0.0615
2008-03-31,0.5105,-0.0513,0.9724,0.6159,0.0592
2008-04-01,0.511,-0.0044,1.0,0.5882,0.0628
2008-04-02,0.5074,-0.0089,1.0,0.8168,0.0558
2008-04-03,0.4311,0.0118,0.9528,0.6568,0.0475
2008-04-07,0.3876,-0.076,0.8885,0.6926,0.0473
2008-04-08,0.4125,-0.3035,0.9074,0.545,0.0416
2008-04-09,0.3963,-0.1031,1.0,0.4914,0.0306
2008-04-10,0.3905,0.1088,0.9591,0.3816,0.0485
2008-04-11,0.402,0.1682,0.9569,0.4713,0.0485
2008-04-14,0.3797,0.0959,1.0,0.3698,0.061
2008-04-15,0.3802,0.1368,0.9725,0.4082,0.067
2008-04-16,0.3457,0.1068,1.0,0.4766,0.0602
2008-04-17,0.3873,0.094,0.9808,0.4597,0.0477
2008-04-18,0.3854,0.0475,0.9903,0.5136,0.0407
2008-04-21,0.3923,0.118,1.0,0.3522,0.0435
2008-04-22,0.3697,-0.2545,0.9848,0.2809,0.0352
2008-04-23,0.418,-0.2285,0.9588,0.4958,0.0441
2008-04-24,0.4225,-0.0884,0.9622,0.3713,0.043
2008-04-25,0.4202,-0.2456,0.9699,0.6018,0.0369
2008-04-28,0.3967,-0.3268,0.9836,0.5233,0.0276
2008-04-29,0.3276,-0.2073,0.9771,0.555,0.0443
2008-04-30,0.3392,-0.2563,1.0,0.3893,0.0526
2008-05-02,0.3205,-0.1995,0.962,0.2739,0.064
2008-05-05,0.3071,-0.0696,1.0,0.2781,0.0552
2008-05-06,0.3317,-0.0782,0.975,0.2948,0.0473
2008-05-07,0.2617,-0.189,0.9648,0.2102,0.0566
2008-05-08,0.2323,0.0259,0.9731,0.1735,0.0511
2008-05-09,0.2136,-0.0973,1.0,0.1673,0.043
2008-05-12,0.1767,-0.186,0.9483,0.3248,0.0491
2008-05-13,0.2141,-0.2071,1.0,0.5116,0.0387
2008-05-14,0.1788,-0.024,1.0,0.5949,0.0533
2008-05-15,0.1734,0.0341,0.9917,0.7192,0.0564
2008-05-16,0.2211,0.0948,1.0,0.6843,0.0568
2008-05-19,0.2361,0.1113,1.0,0.7025,0.0502
2008-05-20,0.307,0.0784,0.9876,0.694,0.0354
2008-05-21,0.2721,0.0129,0.9864,0.7601,0.0249
2008-05-22,0.2184,0.1417,0.9955,0.8301,0.0417
2008-05-23,0.2787,0.157,1.0,0.8141,0.0583
2008-05-26,0.2998,0.048,1.0,0.6661,0.0546
2008-05-27,0.2993,-0.0091,0.9754,0.6344,0.0671
2008-05-28,0.2854,0.0209,0.9696,0.45,0.0644
2008-05-29,0.2679,-0.1198,0.9869,0.5453,0.0604
2008-05-30,0.2577,0.0047,0.9953,0.5231,0.0459
2008-06-02,0.2565,-0.0033,0.9802,0.5953,0.0471
2008-06-03,0.2383,-0.1283,0.9718,0.6545,0.0357
2008-06-04,0.2308,-0.0349,0.9231,0.7034,0.0488
2008-06-05,0.2376,-0.0676,0.894,0.6702,0.0476
2008-06-06,0.2115,0.0735,0.9159,0.5858,0.0496
2008-06-09,0.1654,-0.0623,0.9509,0.6518,0.0585
2008-06-10,0.2196,-0.0051,1.0,0.701,0.0634
2008-06-11,0.2101,0.0182,0.991,0.5326,0.0743
2008-06-12,0.2676,0.0439,0.9234,0.6429,0.0655
2008-06-13,0.2706,-0.2078,0.8582,0.5941,0.0586
2008-06-16,0.2451,-0.0741,0.8292,0.4688,0.0525
2008-06-17,0.2382,-0.2438,0.7962,0.4561,0.0612
2008-06-18,0.2871,-0.2594,0.8078,0.6485,0.0447
2008-06-19,0.2761,-0.1558,0.7917,0.5609,0.0551
2008-06-20,0.2234,0.0478,0.7884,0.5801,0.0457
2008-06-23,0.2473,0.1954,0.7553,0.5289,0.0344
2008-06-24,0.2309,0.1379,0.6929,0.4345,0.0245
2008-06-25,0.2559,0.0272,0.7117,0.304,0.0397
2008-06-26,0.2308,-0.005,0.7092,0.3741,0.0511
2008-06-27,0.1967,-0.1795,0.7521,0.5082,0.0607
2008-06-30,0.1975,-0.0979,0.7957,0.5854,0.0645
2008-07-01,0.1963,-0.0003,0.7923,0.4283,0.0612
2008-07-02,0.2098,0.0925,0.8569,0.4315,0.0639
2008-07-03,0.2897,0.0581,0.8953,0.2365,0.0478
2008-07-04,0.3252,0.0296,0.9693,0.2497,0.0618
2008-07-07,0.2991,0.1044,0.9275,0.2489,0.0479
2008-07-08,0.3326,-0.0398,0.9068,0.2632,0.0469
2008-07-09,0.3318,0.0611,0.8856,0.3817,0.0554
2008-07-10,0.2864,-0.0806,0.8903,0.3825,0.0527
2008-07-11,0.2639,-0.0436,0.9401,0.4207,0.0386
2008-07-14,0.2965,-0.0562,0.8992,0.2307,0.0499
2008-07-15,0.2478,0.0884,0.8648,0.3859,0.0372
2008-07-16,0.2474,0.1435,0.8482,0.3412,0.0357
2008-07-17,0.2568,0.0754,0.8702,0.3064,0.0502
2008-07-18,0.2625,0.0104,0.9088,0.3229,0.0519
2008-07-21,0.3163,-0.1148,0.8841,0.2439,0.0648
2008-07-22,0.2976,-0.1882,0.8557,0.3839,0.0645
2008-07-23,0.2988,-0.1162,0.8951,0.4114,0.0536
2008-07-24,0.263,-0.0445,0.8552,0.5349,0.0585
2008-07-25,0.3189,-0.0527,0.8438,0.4353,0.054
2008-07-28,0.3487,0.0201,0.7907,0.4441,0.0403
2008-07-29,0.3457,-0.1557,0.7628,0.277,0.0497
2008-07-30,0.4019,-0.1053,0.7458,0.2235,0.0561
2008-07-31,0.3334,-0.2073,0.7447,0.3899,0.0414
2008-08-01,0.3467,-0.3109,0.7622,0.3644,0.0397
2008-08-04,0.2728,-0.248,0.8208,0.3589,0.0279
2008-08-05,0.3049,-0.1134,0.8547,0.3126,0.0223
2008-08-06,0.3243,-0.0055,0.8412,0.3587,0.032
2008-08-07,0.3363,-0.0883,0.8255,0.4047,0.0303
2008-08-08,0.2901,-0.0044,0.7706,0.4229,0.049
2008-08-11,0.2348,0.0012,0.7157,0.5368,0.0392
2008-08-12,0.2324,0.0595,0.6923,0.5388,0.042
2008-08-13,0.2406,0.204,0.7184,0.4644,0.0372
2008-08-14,0.3027,0.248,0.7203,0.3192,0.0291
2008-08-15,0.3669,0.0724,0.6872,0.5072,0.0226
2008-08-18,0.3292,-0.0305,0.6913,0.6516,0.0209
2008-08-19,0.3218,0.0016,0.7074,0.6582,0.0152
2008-08-20,0.3566,0.0845,0.7173,0.693,0.024
2008-08-21,0.3623,-0.087,0.7707,0.6283,0.027
2008-08-22,0.3354,-0.1826,0.7828,0.6916,0.0242
2008-08-25,0.4046,-0.3821,0.7624,0.666,0.0425
2008-08-26,0.4687,-0.4266,0.745,0.4304,0.0397
2008-08-27,0.4817,-0.3498,0.7284,0.3137,0.0561
2008-08-28,0.523,-0.2326,0.744,0.4103,0.0618
2008-08-29,0.4523,-0.4028,0.7082,0.4825,0.0673
2008-09-01,0.4012,-0.2113,0.7506,0.6272,0.0713
2008-09-02,0.4121,-0.3744,0.6761,0.5935,0.0626
2008-09-03,0.418,-0.3747,0.6615,0.5745,0.0531
2008-09-04,0.4335,-0.3991,0.6502,0.7045,0.0549
2008-09-05,0.4146,-0.0429,0.7264,0.6877,0.0614
2008-09-08,0.3904,0.1147,0.7634,0.5701,0.0659
2008-09-09,0.3772,0.1216,0.6788,0.5888,0.0582
2008-09-10,0.344,0.0681,0.7496,0.4099,0.0459
2008-09-11,0.3238,-0.0063,0.7523,0.4898,0.057
2008-09-12,0.3462,-0.0525,0.7365,0.4621,0.0471
2008-09-15,0.3111,0.0369,0.7387,0.5876,0.0384
2008-09-16,0.3287,0.0263,0.7142,0.4455,0.0495
2008-09-17,0.3837,-0.0438,0.8078,0.5038,0.0596
2008-09-18,0.4087,-0.1396,0.8069,0.4255,0.0706
2008-09-19,0.4155,-0.0696,0.7972,0.2539,0.0612
2008-09-22,0.4047,-0.0582,0.8137,0.1875,0.05
2008-09-23,0.4153,-0.2505,0.8192,0.167,0.0425
2008-09-24,0.4379,-0.1402,0.7759,0.1299,0.0529
2008-09-25,0.4091,-0.0817,0.8206,0.073,0.0487
2008-09-26,0.4282,0.1151,0.8408,0.213,0.0581
2008-09-29,0.4625,0.0902,0.8932,0.3479,0.0479
2008-09-30,0.3806,0.0046,0.8986,0.2448,0.0516
2008-10-01,0.3983,0.0805,0.9225,0.2566,0.0422
2008-10-02,0.4149,0.1558,0.9186,0.2155,0.0347
2008-10-03,0.4321,0.0777,0.8627,0.2263,0.0326
2008-10-06,0.4186,-0.1752,0.8216,0.3265,0.0237
2008-10-07,0.3552,0.0003,0.8435,0.3763,0.0385
2008-10-08,0.3696,0.1318,0.8315,0.3924,0.0494
2008-10-09,0.3788,-0.1007,0.866,0.3547,0.0431
2008-10-13,0.3377,0.0382,0.8416,0.4765,0.0356
2008-10-14,0.3582,0.1505,0.8265,0.4592,0.0501
2008-10-15,0.3879,0.0769,0.8383,0.4429,0.0451
2008-10-16,0.3415,0.0106,0.8746,0.4159,0.0413
2008-10-17,0.3282,0.0614,0.8558,0.6184,0.0511
2008-10-20,0.2952,0.102,0.8992,0.4722,0.0525
2008-10-21,0.3028,0.0937,0.8918,0.5344,0.04
2008-10-22,0.3193,0.0623,0.9494,0.5532,0.0515
2008-10-23,0.3389,0.0724,0.9423,0.6603,0.0449
2008-10-24,0.3793,-0.0741,0.9729,0.6566,0.0421
2008-10-27,0.4339,-0.0855,1.0,0.6269,0.0341
2008-10-28,0.4316,-0.2619,1.0,0.588,0.0486
2008-10-29,0.4675,-0.1598,0.9993,0.6426,0.0524
2008-10-30,0.4693,-0.2241,0.9852,0.649,0.0438
2008-10-31,0.4352,-0.1929,0.9265,0.7081,0.0536
2008-11-03,0.4408,-0.2531,0.8572,0.6398,0.0582
2008-11-04,0.3952,-0.3153,0.8137,0.6443,0.0678
2008-11-05,0.4225,-0.5552,0.7922,0.4914,0.0477
2008-11-06,0.3942,-0.3563,0.7401,0.5302,0.0596
2008-11-07,0.4361,-0.1214,0.6747,0.7032,0.0461
2008-11-10,0.4538,0.0306,0.679,0.737,0.0516
2008-11-11,0.4401,0.0803,0.7147,0.7818,0.0376
2008-11-12,0.4382,0.2132,0.6333,0.8432,0.0384
2008-11-13,0.43,0.2933,0.5819,0.7132,0.0405
2008-11-14,0.4263,0.2599,0.543,0.7252,0.057
2008-11-17,0.4313,0.1561,0.5619,0.8076,0.0486
2008-11-18,0.4132,0.0237,0.5774,0.8997,0.0376
2008-11-19,0.4742,0.0411,0.533,0.9471,0.0297
2008-11-20,0.4895,0.1584,0.5522,0.9076,0.0296
2008-11-21,0.466,0.2566,0.5426,0.6891,0.0318
2008-11-24,0.4456,0.1654,0.5393,0.63,0.0341
2008-11-25,0.4695,0.1965,0.5864,0.744,0.0488
2008-11-26,0.4659,0.1482,0.6608,0.6362,0.0478
2008-11-27,0.4578,0.1627,0.6828,0.6613,0.0544
2008-11-28,0.5003,0.2924,0.7012,0.6058,0.0417
2008-12-01,0.4985,0.383,0.687,0.6446,0.0589
2008-12-02,0.5053,0.1547,0.7187,0.6334,0.0426
2008-12-03,0.4473,0.1612,0.6933,0.8028,0.0591
2008-12-04,0.4723,0.1257,0.6525,0.8515,0.0542
2008-12-05,0.4452,0.1319,0.6662,0.8527,0.0574
2008-12-08,0.4638,0.0436,0.6794,0.8222,0.0633
2008-12-09,0.454,0.0871,0.7099,0.6434,0.0728
2008-12-10,0.4331,-0.0955,0.7199,0.5959,0.0792
2008-12-11,0.4178,-0.1693,0.7506,0.5412,0.0623
2008-12-12,0.4048,-0.1328,0.7569,0.6909,0.0533
2008-12-15,0.4227,-0.0991,0.7415,0.6297,0.0669
2008-12-16,0.4455,0.0501,0.7636,0.6203,0.0542
2008-12-17,0.4202,0.1117,0.7081,0.8125,0.0461
2008-12-18,0.4361,0.12,0.7176,0.8457,0.0405
2008-12-19,0.4169,0.2051,0.7419,0.7682,0.0471
2008-12-22,0.3921,0.1706,0.7613,0.5848,0.0338
2008-12-23,0.3625,0.1061,0.7956,0.4712,0.0425
2008-12-24,0.4041,0.1556,0.8306,0.4588,0.0361
2008-12-25,0.3593,0.157,0.8459,0.5364,0.0334
2008-12-26,0.3884,0.2164,0.8472,0.5706,0.0293
2008-12-29,0.3203,0.0178,0.7925,0.5589,0.0244
2008-12-30,0.3212,-0.1263,0.8077,0.6915,0.0259
2008-12-31,0.2966,0.1428,0.7968,0.4529,0.0237
2009-01-02,0.2537,0.1418,0.8262,0.4112,0.0445
2009-01-05,0.2076,0.0036,0.8529,0.4802,0.0354
2009-01-06,0.2109,0.128,0.868,0.3824,0.0381
2009-01-07,0.195,0.1375,0.9361,0.4727,0.0386
2009-01-08,0.1935,0.1201,0.8855,0.7413,0.0465
2009-01-09,0.1898,0.2616,0.8695,0.7755,0.0532
2009-01-12,0.2202,0.1828,0.9086,0.6495,0.0411
2009-01-13,0.1731,0.2034,0.8951,0.4873,0.0524
2009-01-14,0.1691,0.2123,0.9888,0.4251,0.0521
2009-01-15,0.1554,0.0785,0.9748,0.4777,0.0514
2009-01-16,0.2245,0.1393,0.9479,0.27,0.0437
2009-01-19,0.1725,0.2179,0.9245,0.5365,0.0408
2009-01-20,0.1697,0.1189,0.8926,0.558,0.0536
2009-01-21,0.1238,0.3099,0.9284,0.7368,0.0533
2009-02-02,0.0383,0.1132,0.9748,0.7022,0.049
2009-02-03,0.0101,0.133,0.9515,0.6316,0.0472
2009-02-04,0.003,0.1211,1.0,0.4555,0.0567
2009-02-05,0.0531,0.0959,0.9778,0.3807,0.0486
2009-02-06,0.0769,-0.0141,0.9633,0.2355,0.0602
2009-02-09,0.0666,0.0163,0.918,0.1704,0.0641
2009-02-10,0.1113,-0.0934,0.9288,0.1672,0.063
2009-02-11,0.1514,0.0477,0.99,0.3575,0.0721
2009-02-12,0.1263,-0.1474,1.0,0.3144,0.0771
2009-02-13,0.0806,-0.1467,1.0,0.3843,0.0678
2009-02-16,0.0668,-0.0559,1.0,0.4322,0.0712
2009-02-17,0.0616,0.0042,0.9823,0.4967,0.0576
2009-02-18,0.0218,0.271,0.9657,0.4568,0.0661
2009-02-19,0.0,0.1829,0.9517,0.4412,0.074
2009-02-20,0.0429,0.0822,1.0,0.4981,0.0803
2009-02-23,0.0451,0.133,1.0,0.4473,0.0579
2009-02-24,0.0298,0.2091,1.0,0.5606,0.0408
2009-02-25,0.0282,0.3829,0.9922,0.6416,0.0347
2009-02-26,0.0604,0.2402,0.9941,0.3732,0.0258
2009-02-27,0.0188,0.2555,1.0,0.4352,0.0323
2009-03-02,0.0,0.4204,1.0,0.403,0.0484
2009-03-03,0.0133,0.2733,0.948,0.3302,0.0583
2009-03-04,0.0307,0.1155,0.9609,0.2403,0.0558
2009-03-05,0.0867,0.1623,0.9925,0.2814,0.0576
2009-03-06,0.1251,0.0733,0.9817,0.4246,0.0483
2009-03-09,0.0805,-0.0262,0.974,0.6134,0.0471
2009-03-10,0.0423,0.0008,0.9766,0.6031,0.0492
2009-03-11,0.0,0.0861,1.0,0.6231,0.047
2009-03-12,0.0251,-0.0443,1.0,0.6215,0.0398
2009-03-13,0.0012,0.0543,1.0,0.4809,0.0354
2009-03-16,0.0271,0.1799,1.0,0.6373,0.0469
2009-03-17,0.0227,0.1334,0.9821,0.6102,0.038
2009-03-18,0.0064,0.0591,1.0,0.618,0.0387
2009-03-19,0.0,-0.0541,0.9994,0.7075,0.0353
2009-03-20,0.002,0.0507,1.0,0.5847,0.0522
2009-03-23,0.0395,0.1105,0.9686,0.5283,0.042
2009-03-24,0.0598,0.0642,1.0,0.5144,0.0502
2009-03-25,0.0327,0.0887,0.9943,0.6292,0.0444
2009-03-26,0.0121,0.2637,0.9662,0.723,0.0435
2009-03-27,0.0,0.1607,1.0,0.6597,0.0603
2009-03-30,0.0386,-0.0184,1.0,0.5457,0.0488
2009-03-31,0.0,0.0205,1.0,0.5323,0.0365
2009-04-02,0.0168,-0.0939,0.9804,0.5873,0.0439
2009-04-03,0.0394,-0.1202,0.9481,0.7289,0.0425
2009-04-06,0.0492,-0.1167,0.9149,0.68,0.0406
2009-04-07,0.0507,-0.0808,0.9433,0.6316,0.0391
2009-04-08,0.0596,-0.2555,0.963,0.5896,0.0417
2009-04-09,0.0848,-0.356,0.9666,0.612,0.0457
2009-04-10,0.1172,-0.2441,1.0,0.5225,0.056
2009-04-13,0.1137,-0.0959,1.0,0.4296,0.0557
2009-04-14,0.1071,0.0114,0.9681,0.2331,0.0515
2009-04-15,0.1295,0.1563,0.9392,0.3599,0.0651
2009-04-16,0.1024,-0.0129,0.9537,0.4515,0.0514
2009-04-17,0.1118,0.1274,1.0,0.4597,0.0453
2009-04-20,0.1393,-0.0759,1.0,0.4806,0.0437
2009-04-21,0.0886,-0.1509,0.927,0.4182,0.0405
2009-04-22,0.1069,-0.0418,0.9696,0.5348,0.0327
2009-04-23,0.1183,0.1425,0.9232,0.4257,0.0489
2009-04-24,0.1074,0.1081,0.9373,0.5177,0.0594
2009-04-27,0.0999,0.1588,0.9449,0.5439,0.0528
2009-04-28,0.0685,0.1499,0.9771,0.5503,0.0651
2009-04-29,0.0682,-0.0769,0.9889,0.3814,0.0742
2009-04-30,0.0492,0.0004,1.0,0.4439,0.067
2009-05-04,0.0846,0.2016,0.9136,0.4877,0.0732
2009-05-05,0.1362,0.129,0.9126,0.4964,0.0655
2009-05-06,0.1438,0.0735,0.9194,0.5563,0.0742
2009-05-07,0.1796,0.076,0.9258,0.7316,0.0598
2009-05-08,0.194,0.1758,0.9493,0.7318,0.0542
2009-05-11,0.1799,0.1644,1.0,0.8045,0.0398
2009-05-12,0.1472,0.2431,1.0,0.6211,0.055
2009-05-13,0.1317,0.3457,1.0,0.7217,0.0454
2009-05-14,0.1246,0.2365,0.951,0.6311,0.0613
2009-05-15,0.1876,0.2368,0.9729,0.8416,0.0485
2009-05-18,0.2296,0.2024,0.9618,0.9866,0.0558
2009-05-19,0.1643,0.1704,0.9984,1.0,0.0676
2009-05-20,0.2145,0.0959,1.0,0.7934,0.0636
2009-05-21,0.1969,-0.0262,0.9681,0.7346,0.0664
2009-05-22,0.1652,-0.1689,0.9425,0.6433,0.0507
2009-05-25,0.205,-0.2093,0.8715,0.6662,0.0397
2009-05-26,0.2394,-0.0299,0.8399,0.7091,0.047
2009-05-27,0.2512,-0.0367,0.8818,0.7212,0.0625
2009-06-01,0.2579,-0.0762,0.8177,0.7367,0.0652
2009-06-02,0.3085,-0.024,0.8821,0.6212,0.0596
2009-06-03,0.2643,-0.009,0.856,0.5847,0.0477
2009-06-04,0.2292,0.2605,0.8535,0.6436,0.0521
2009-06-05,0.2582,0.0738,0.846,0.5818,0.0657
2009-06-08,0.2526,-0.0175,0.8252,0.6054,0.0606
2009-06-09,0.3114,0.0912,0.818,0.598,0.0614
2009-06-10,0.2964,0.0281,0.8773,0.5725,0.0437
2009-06-11,0.2492,0.1611,0.8582,0.5535,0.0576
2009-06-12,0.2408,-0.0744,0.8124,0.5294,0.0536
2009-06-15,0.2422,0.008,0.8242,0.4018,0.0551
2009-06-16,0.2812,-0.0213,0.839,0.5246,0.0655
2009-06-17,0.2834,-0.1224,0.8327,0.5738,0.0638
2009-06-18,0.3131,-0.2545,0.8039,0.3452,0.0605
2009-06-19,0.3812,-0.1358,0.7783,0.375,0.0634
2009-06-22,0.3573,-0.1234,0.7909,0.3968,0.0478
2009-06-23,0.3305,0.1136,0.8109,0.4654,0.0381
2009-06-24,0.2995,0.2646,0.7683,0.3965,0.0551
2009-06-25,0.2764,0.2226,0.7608,0.4638,0.0457
2009-06-26,0.2409,0.1312,0.7534,0.3622,0.046
2009-06-29,0.2389,0.2025,0.7383,0.3489,0.0402
2009-06-30,0.2723,0.1935,0.8233,0.327,0.0291
2009-07-01,0.2999,0.118,0.821,0.2927,0.0295
2009-07-02,0.3295,-0.0084,0.8519,0.4533,0.0242
2009-07-03,0.3039,-0.0187,0.8611,0.5266,0.0309
2009-07-06,0.3454,-0.1206,0.8712,0.6658,0.0504
2009-07-07,0.3182,-0.1025,0.8176,0.464,0.0514
2009-07-08,0.3212,-0.1905,0.8787,0.4584,0.0367
2009-07-09,0.3245,-0.2102,0.8677,0.391,0.0335
2009-07-10,0.3267,-0.2949,0.9322,0.2679,0.0266
2009-07-13,0.3552,-0.1731,0.9353,0.327,0.0259
2009-07-14,0.3626,-0.1243,0.9182,0.2702,0.0255
2009-07-15,0.347,-0.1524,0.9114,0.3673,0.0241
2009-07-16,0.3843,-0.0165,0.8599,0.1998,0.0334
2009-07-17,0.3487,-0.1069,0.8324,0.2622,0.0244
2009-07-20,0.3335,-0.1546,0.8235,0.1886,0.0263
2009-07-21,0.4237,-0.1559,0.8151,0.3332,0.0419
2009-07-22,0.4408,-0.2648,0.7981,0.5191,0.034
2009-07-23,0.415,-0.0677,0.7548,0.4653,0.0535
2009-07-24,0.466,-0.1815,0.785,0.3815,0.0645
2009-07-27,0.4357,-0.2333,0.8201,0.4042,0.0576
2009-07-28,0.4182,-0.1081,0.8996,0.4524,0.048
2009-07-29,0.4128,-0.0829,0.9146,0.3473,0.0587
2009-07-30,0.4336,-0.0821,0.9189,0.4148,0.0649
2009-07-31,0.4297,-0.1514,0.9528,0.2616,0.0574
2009-08-03,0.4075,-0.1377,0.9382,0.4061,0.0601
2009-08-04,0.4456,-0.315,0.869,0.4456,0.0522
2009-08-05,0.457,-0.219,0.8442,0.3872,0.044
2009-08-06,0.4428,-0.3096,0.757,0.2204,0.0549
2009-08-07,0.4402,-0.177,0.6856,0.4071,0.0429
2009-08-10,0.4109,-0.156,0.6285,0.5044,0.039
2009-08-11,0.4128,-0.1749,0.6295,0.5115,0.0378
2009-08-12,0.4117,-0.1055,0.6178,0.5763,0.0522
2009-08-13,0.4692,-0.2288,0.6263,0.5688,0.0371
2009-08-14,0.4848,-0.2716,0.6119,0.575,0.0515
2009-08-17,0.4929,-0.2261,0.5818,0.5487,0.0397
2009-08-18,0.5214,0.0858,0.5796,0.6995,0.0312
2009-08-19,0.5532,0.0295,0.5541,0.5437,0.0241
2009-08-20,0.5492,-0.0545,0.5146,0.3989,0.0233
2009-08-21,0.5569,0.0374,0.4818,0.4109,0.0296
2009-08-24,0.4828,0.0722,0.3892,0.3522,0.0326
2009-08-25,0.4571,-0.0844,0.4661,0.4671,0.0526
2009-08-26,0.4739,0.069,0.4422,0.3557,0.0479
2009-08-27,0.4666,0.1147,0.4414,0.2936,0.0481
2009-08-28,0.5398,0.0881,0.4661,0.3684,0.0541
2009-08-31,0.5365,0.1823,0.5443,0.5614,0.0584
2009-09-01,0.5557,0.2508,0.5354,0.4577,0.0698
2009-09-02,0.516,0.2138,0.5546,0.5301,0.0693
2009-09-03,0.5133,0.2264,0.5326,0.5827,0.0602
2009-09-04,0.4996,0.1197,0.4905,0.7447,0.0549
2009-09-07,0.5259,0.0938,0.4733,0.699,0.0496
2009-09-08,0.5444,0.0873,0.5204,0.6263,0.0365
2009-09-09,0.5498,0.0314,0.5384,0.5458,0.033
2009-09-10,0.554,-0.2265,0.55,0.5862,0.0465
2009-09-11,0.5699,-0.0495,0.5929,0.7511,0.0427
2009-09-14,0.5231,-0.0822,0.6276,0.6102,0.053
2009-09-15,0.5635,-0.0785,0.6198,0.5836,0.0635
2009-09-16,0.5666,0.0153,0.6406,0.6653,0.0486
2009-09-17,0.5785,0.0064,0.6811,0.6754,0.0392
2009-09-18,0.5357,-0.0195,0.6794,0.5712,0.0408
2009-09-21,0.5454,-0.0289,0.6336,0.4099,0.0431
2009-09-22,0.5008,-0.1963,0.6132,0.498,0.0525
2009-09-23,0.4879,-0.1396,0.5654,0.5974,0.0556
2009-09-24,0.4679,-0.0537,0.5042,0.5758,0.0459
2009-09-25,0.4166,-0.0521,0.4913,0.8094,0.0594
2009-09-28,0.4428,-0.1062,0.4414,0.7319,0.0657
2009-09-29,0.4645,-0.0834,0.4554,0.6948,0.0734
2009-09-30,0.4409,-0.2347,0.4518,0.759,0.0521
2009-10-01,0.4902,-0.1284,0.4377,0.6779,0.0476
2009-10-02,0.5028,-0.186,0.4056,0.785,0.0558
2009-10-05,0.5441,0.0385,0.4184,0.7563,0.0669
2009-10-06,0.5326,-0.0375,0.4548,0.8487,0.0497
2009-10-07,0.5531,-0.1313,0.4556,0.669,0.051
2009-10-08,0.5238,-0.0638,0.4086,0.6785,0.0536
2009-10-09,0.5787,-0.136,0.3888,0.7033,0.0454
2009-10-12,0.5954,-0.0425,0.4099,0.5867,0.0441
2009-10-13,0.5918,-0.0071,0.4366,0.6449,0.0531
2009-10-14,0.5615,0.0541,0.4409,0.7185,0.0624
2009-10-15,0.6214,0.0327,0.4069,0.5857,0.046
2009-10-16,0.6962,-0.1117,0.441,0.6774,0.0543
2009-10-19,0.7219,-0.1391,0.4836,0.7638,0.0455
2009-10-20,0.6842,-0.2027,0.5252,0.7874,0.0417
2009-10-21,0.624,-0.1796,0.5181,0.7073,0.0463
2009-10-22,0.6361,-0.2786,0.5188,0.6065,0.0372
2009-10-23,0.62,-0.3375,0.5409,0.5638,0.0497
2009-10-26,0.5497,-0.3355,0.5586,0.5276,0.064
2009-10-27,0.5498,-0.3675,0.4854,0.4321,0.0449
2009-10-28,0.5209,-0.1371,0.483,0.5446,0.034
2009-10-29,0.4946,-0.0417,0.4823,0.6779,0.0411
2009-10-30,0.5373,0.0147,0.4379,0.6803,0.054
2009-11-02,0.5774,-0.0084,0.4735,0.7783,0.0478
2009-11-03,0.5942,0.029,0.5052,0.6817,0.0588
2009-11-04,0.5971,-0.0455,0.5466,0.4826,0.0711
2009-11-05,0.5688,0.0403,0.5364,0.1402,0.056
2009-11-06,0.5703,0.1033,0.5283,0.2836,0.0468
2009-11-09,0.5762,0.031,0.5168,0.3504,0.0333
2009-11-10,0.6033,0.1457,0.5703,0.2997,0.0239
2009-11-11,0.6491,-0.0249,0.5552,0.4121,0.0352
2009-11-12,0.6336,-0.0244,0.537,0.5319,0.027
2009-11-13,0.6397,-0.0852,0.5637,0.5218,0.0422
2009-11-16,0.6374,0.0216,0.57,0.545,0.0471
2009-11-17,0.6483,0.0629,0.5545,0.4189,0.0579
2009-11-18,0.6093,0.0473,0.5275,0.4063,0.05
2009-11-19,0.7003,0.1356,0.5753,0.2805,0.0603
2009-11-20,0.7142,-0.0422,0.5663,0.397,0.0553
2009-11-23,0.7187,-0.0149,0.5867,0.3254,0.0531
2009-11-24,0.6637,0.0074,0.5576,0.3306,0.0394
2009-11-25,0.6733,-0.0214,0.5616,0.1301,0.047
2009-11-26,0.697,0.1128,0.6501,0.31,0.0628
2009-11-27,0.6749,0.134,0.7349,0.4274,0.0521
2009-11-30,0.6322,0.245,0.7168,0.4187,0.0534
2009-12-01,0.635,0.1628,0.7221,0.4492,0.0579
2009-12-02,0.6615,0.1232,0.7462,0.4448,0.05
2009-12-03,0.6695,0.0246,0.7568,0.5739,0.0487
2009-12-04,0.6922,0.0586,0.8143,0.5036,0.059
2009-12-07,0.7337,0.1553,0.7798,0.4611,0.069
2009-12-08,0.7717,0.2116,0.8683,0.4857,0.0747
2009-12-09,0.7891,0.2235,0.7851,0.2649,0.0763
2009-12-10,0.7632,0.1633,0.8316,0.2588,0.0733
2009-12-11,0.7604,-0.024,0.8273,0.422,0.0599
2009-12-14,0.7757,0.0713,0.8762,0.5997,0.0457
2009-12-15,0.7697,0.212,0.8989,0.6853,0.0463
2009-12-16,0.6945,0.3124,0.8773,0.8971,0.0346
2009-12-17,0.765,0.361,0.8217,0.7967,0.0388
2009-12-18,0.7944,0.5233,0.8289,0.8208,0.0311
2009-12-21,0.7435,0.4056,0.9288,0.6883,0.0318
2009-12-22,0.767,0.3335,0.9698,0.5351,0.0434
2009-12-23,0.708,0.4057,0.9568,0.4963,0.0334
2009-12-24,0.6951,0.209,0.9504,0.3679,0.0408
2009-12-25,0.643,0.2973,0.9793,0.4189,0.0463
2009-12-28,0.5863,0.1831,0.9679,0.6034,0.0338
2009-12-29,0.5743,0.1997,0.9566,0.585,0.0425
2009-12-30,0.5641,0.2163,0.9537,0.5767,0.0382
2009-12-31,0.5719,0.2143,0.9337,0.5251,0.0525
2010-01-04,0.6003,0.006,0.9374,0.484,0.0395
2010-01-05,0.6276,0.0723,0.9993,0.5335,0.0322
2010-01-06,0.6687,0.1037,1.0,0.6771,0.0333
2010-01-07,0.6689,-0.0166,0.9808,0.6635,0.0278
2010-01-08,0.7128,-0.0565,1.0,0.6176,0.0355
2010-01-11,0.7266,0.0242,1.0,0.6811,0.0398
2010-01-12,0.7154,0.0155,1.0,0.7188,0.0448
2010-01-13,0.7284,0.0357,0.9885,0.689,0.058
2010-01-14,0.6868,0.0104,1.0,0.8076,0.0493
2010-01-15,0.6603,-0.136,0.9765,0.7987,0.0407
2010-01-18,0.6968,-0.119,1.0,0.7594,0.0432
2010-01-19,0.7064,-0.0254,0.9942,0.8195,0.047
2010-01-20,0.7275,0.0479,0.9905,0.6552,0.0559
2010-01-21,0.7382,0.0118,0.9688,0.5338,0.0491
2010-01-22,0.7534,-0.0186,0.9073,0.5285,0.0597
2010-01-25,0.7424,-0.108,0.9215,0.5883,0.0671
2010-01-26,0.7216,-0.1427,0.9472,0.6683,0.0472
2010-01-27,0.737,-0.2037,0.9362,0.8506,0.0573
2010-01-28,0.7413,-0.1373,0.9696,0.9069,0.0668
2010-01-29,0.7066,-0.122,0.8915,0.9603,0.0549
2010-02-01,0.7371,-0.2695,0.9453,0.911,0.0679
2010-02-02,0.7671,-0.1105,0.9681,0.8415,0.0553
2010-02-03,0.8333,-0.1214,0.9313,0.8584,0.0612
2010-02-04,0.7952,-0.0444,0.9889,0.759,0.0444
2010-02-05,0.8133,0.0998,1.0,0.5695,0.0471
2010-02-08,0.7941,0.0177,0.9856,0.5929,0.0523
2010-02-09,0.8079,0.0553,0.9666,0.6263,0.0618
2010-02-10,0.8066,-0.0613,0.9767,0.5839,0.0633
2010-02-22,0.8173,0.0917,1.0,0.6251,0.0571
2010-02-23,0.8579,0.0208,1.0,0.721,0.056
2010-02-24,0.8765,-0.1213,0.9413,0.8979,0.0683
2010-02-25,0.8458,-0.2269,0.9999,1.0,0.06
2010-02-26,0.8625,0.0254,1.0,0.8976,0.0559
2010-03-01,0.9079,-0.165,1.0,0.821,0.0616
2010-03-02,0.937,0.0355,0.9749,0.8267,0.0475
2010-03-03,0.9885,0.0284,0.9335,0.7608,0.0535
2010-03-04,0.9936,0.0801,0.9443,0.8035,0.0527
2010-03-05,0.9061,-0.0437,0.8637,0.8526,0.0375
2010-03-08,0.9192,-0.0544,0.8696,0.7374,0.0306
2010-03-09,0.8889,-0.0923,0.9101,0.8151,0.0432
2010-03-10,0.898,-0.1364,0.9861,0.9415,0.0441
2010-03-11,0.8757,-0.1657,0.9958,0.6893,0.0415
2010-03-12,0.9577,-0.0184,0.9746,0.4547,0.0554
2010-03-15,0.969,-0.0222,1.0,0.5599,0.056
2010-03-16,0.9112,0.0273,0.8769,0.5334,0.0433
2010-03-17,0.8955,-0.1112,0.9073,0.5835,0.0482
2010-03-18,0.9131,-0.1336,0.973,0.653,0.0361
2010-03-19,0.922,-0.1681,0.9747,0.7243,0.0551
2010-03-22,0.9172,-0.1111,0.9543,0.8416,0.0447
2010-03-23,0.8732,-0.2108,0.986,0.6864,0.0324
2010-03-24,0.9019,-0.1789,0.9787,0.5932,0.035
2010-03-25,0.8958,-0.2358,0.9611,0.6676,0.0473
2010-03-26,0.9291,-0.2161,0.9668,0.8271,0.0417
2010-03-29,0.9365,-0.191,1.0,0.6679,0.0545
2010-03-30,0.9309,0.1163,0.9677,0.8016,0.0476
2010-03-31,1.0,0.0714,0.9496,0.7809,0.0426
2010-04-01,0.9996,0.0636,0.9786,0.8221,0.0532
2010-04-02,0.9721,0.1632,0.9881,0.8763,0.0432
2010-04-06,0.952,0.011,0.9921,0.7779,0.036
2010-04-07,0.9673,-0.0627,0.9591,0.844,0.0407
2010-04-08,0.9672,0.0182,0.97,0.788,0.0427
2010-04-09,0.9382,0.024,0.9979,0.7884,0.0481
2010-04-12,0.9813,0.1307,0.9643,0.7054,0.0484
2010-04-13,0.9686,0.1449,0.9911,0.5571,0.0627
2010-04-14,0.9887,-0.0315,0.9811,0.6165,0.0673
2010-04-15,0.9663,0.0446,0.9928,0.5637,0.0589
2010-04-16,0.9389,0.011,1.0,0.514,0.06
2010-04-19,0.9336,-0.0023,0.9452,0.4315,0.0709
2010-04-20,0.9288,0.0264,0.9029,0.6283,0.0718
2010-04-21,0.8832,0.008,0.8877,0.6336,0.0654
2010-04-22,0.949,0.077,0.8828,0.6706,0.071
2010-04-23,0.9338,-0.0318,0.8035,0.5493,0.0703
2010-04-26,0.9569,-0.1518,0.7768,0.8055,0.0536
2010-04-27,0.95,-0.069,0.7931,0.7636,0.049
2010-04-28,0.9079,-0.1231,0.8092,0.9696,0.0371
2010-04-29,0.8802,-0.1755,0.81,0.9784,0.0543
2010-04-30,0.8797,0.0449,0.7624,0.893,0.0486
2010-05-03,0.8754,0.0864,0.7325,0.8819,0.0479
2010-05-04,0.8774,0.1446,0.7755,0.8208,0.0513
2010-05-05,0.8879,0.1595,0.8088,0.7416,0.0582
2010-05-06,0.92,0.2301,0.7558,0.85,0.0558
2010-05-07,0.9605,0.0632,0.8109,0.7399,0.0428
2010-05-10,0.9665,-0.0949,0.7736,0.6288,0.0413
2010-05-11,0.9685,-0.0487,0.8186,0.5679,0.0456
2010-05-12,0.9396,-0.0236,0.861,0.5104,0.0429
2010-05-13,0.9172,-0.0583,0.8749,0.4656,0.0438
2010-05-14,0.9534,-0.0549,0.8082,0.6069,0.0315
2010-05-17,0.9138,-0.0945,0.7851,0.597,0.0325
2010-05-18,0.8994,-0.0378,0.8654,0.6305,0.0268
2010-05-19,0.9035,0.0517,0.8181,0.5176,0.0343
2010-05-20,0.8431,-0.0497,0.9148,0.4298,0.0316
2010-05-21,0.8343,-0.1336,0.9055,0.2225,0.0411
2010-05-24,0.8686,-0.1969,0.9296,0.4573,0.032
2010-05-25,0.8451,-0.1611,0.9044,0.329,0.0318
2010-05-26,0.8171,-0.1284,0.9239,0.346,0.0506
2010-05-27,0.7988,-0.1898,0.9146,0.3948,0.0491
2010-05-28,0.8308,-0.0421,0.9468,0.3478,0.035
2010-05-31,0.8962,0.038,0.9944,0.353,0.0402
2010-06-01,0.907,-0.1122,1.0,0.3488,0.037
2010-06-02,0.8804,-0.0125,0.9883,0.3788,0.0552
2010-06-03,0.9284,-0.0068,0.9389,0.4054,0.0428
2010-06-04,0.8861,0.1876,0.91,0.5131,0.0389
2010-06-07,0.8769,0.1265,0.9489,0.4625,0.0395
2010-06-08,0.8936,0.1776,1.0,0.5079,0.0356
2010-06-09,0.8964,0.0688,1.0,0.5002,0.0512
2010-06-10,0.8452,0.1419,1.0,0.6598,0.0434
2010-06-11,0.8324,0.0502,0.9913,0.6769,0.0358
2010-06-14,0.8129,0.0463,0.9817,0.6562,0.0452
2010-06-15,0.8628,-0.0489,0.9714,0.7378,0.0587
2010-06-17,0.8588,0.1418,0.9415,0.5678,0.0509
2010-06-18,0.8576,0.0289,0.9983,0.5385,0.0615
2010-06-21,0.8326,-0.0014,0.9936,0.629,0.0616
2010-06-22,0.8641,-0.1625,1.0,0.6904,0.0613
2010-06-23,0.8575,-0.1048,0.926,0.5835,0.0502
2010-06-24,0.9003,-0.1481,0.8867,0.5398,0.0571
2010-06-25,0.89,-0.1843,0.8781,0.5541,0.044
2010-06-28,0.8579,-0.1627,0.8325,0.5146,0.0309
2010-06-29,0.901,-0.1145,0.7398,0.4222,0.0292
2010-06-30,0.9382,0.0727,0.7533,0.52,0.0433
2010-07-01,0.9497,0.0465,0.7367,0.5727,0.043
2010-07-02,0.99,-0.0134,0.732,0.7888,0.0342
2010-07-05,0.9777,-0.0551,0.7593,0.8829,0.036
2010-07-06,0.9698,-0.052,0.8242,0.832,0.0536
2010-07-07,0.9417,-0.0659,0.7938,0.7438,0.0439
2010-07-08,0.9426,-0.2115,0.81,0.7024,0.0431
2010-07-09,0.9718,-0.2271,0.8408,0.6959,0.0397
2010-07-12,0.9952,-0.0956,0.8171,0.6613,0.0419
2010-07-13,0.9684,-0.0777,0.7508,0.7303,0.058
2010-07-14,0.9874,0.0344,0.7394,0.6454,0.0622
2010-07-15,0.9479,-0.0175,0.7338,0.6165,0.0488
2010-07-16,0.8936,0.0414,0.6541,0.6409,0.0624
2010-07-19,0.9337,0.1282,0.6626,0.5752,0.0556
2010-07-20,0.9696,0.2467,0.6937,0.5422,0.0544
2010-07-21,0.9894,0.1962,0.6406,0.4773,0.0531
2010-07-22,0.9986,0.0101,0.6097,0.4283,0.0527
2010-07-23,0.9693,-0.0721,0.6206,0.4999,0.0645
2010-07-26,0.9717,-0.023,0.5835,0.3924,0.0707
2010-07-27,0.9649,-0.17,0.6082,0.4765,0.0667
2010-07-28,1.0,0.0175,0.5738,0.5235,0.0657
2010-07-29,1.0,0.0432,0.5535,0.5272,0.0713
2010-07-30,1.0,0.1135,0.5144,0.6004,0.0759
2010-08-02,0.9825,0.1676,0.555,0.5579,0.0689
2010-08-03,0.9439,0.2558,0.5292,0.5493,0.0491
2010-08-04,0.9216,0.2854,0.5354,0.6319,0.053
2010-08-05,0.905,0.1899,0.4915,0.7022,0.0522
2010-08-06,0.9159,0.2523,0.5413,0.6302,0.0619
2010-08-09,0.9072,0.1682,0.5308,0.7613,0.0622
2010-08-10,0.8909,0.148,0.5034,0.6604,0.0504
2010-08-11,0.8775,0.3005,0.4813,0.6208,0.0484
2010-08-12,0.9185,0.196,0.4749,0.7764,0.0524
2010-08-13,0.9323,0.2352,0.4251,0.5091,0.043
2010-08-16,0.8854,0.2355,0.4712,0.4592,0.0505
2010-08-17,0.9405,0.1804,0.4182,0.5232,0.0416
2010-08-18,0.959,0.1339,0.3595,0.5538,0.035
2010-08-19,0.9782,0.1002,0.3502,0.6783,0.0294
2010-08-20,0.9841,0.0536,0.3366,0.7103,0.0389
2010-08-23,1.0,-0.0072,0.2893,0.6454,0.0326
2010-08-24,1.0,-0.0511,0.207,0.6329,0.0266
2010-08-25,1.0,-0.2554,0.2227,0.7407,0.0329
2010-08-26,0.9795,-0.0631,0.2484,0.6182,0.0311
2010-08-27,0.9659,-0.1951,0.269,0.5379,0.0324
2010-08-30,0.9478,0.0091,0.259,0.3787,0.0268
2010-08-31,0.9406,0.0021,0.2971,0.4317,0.0196
2010-09-01,0.9801,0.1697,0.3052,0.5777,0.0281
2010-09-02,0.9668,0.1276,0.3058,0.8781,0.0346
2010-09-03,0.9553,-0.2231,0.2059,0.7568,0.0506
2010-09-06,0.9636,-0.0641,0.1843,0.6321,0.0361
2010-09-07,0.9614,-0.0159,0.1789,0.6529,0.0416
2010-09-08,0.9582,-0.1447,0.1325,0.7938,0.055
2010-09-09,0.9236,-0.029,0.1362,0.7361,0.0483
2010-09-10,0.9985,0.1265,0.1073,0.9177,0.0428
2010-09-13,0.9851,0.2487,0.0548,1.0,0.0523
2010-09-14,1.0,0.2117,0.0363,1.0,0.0645
2010-09-15,1.0,0.4637,0.0202,0.9828,0.0637
2010-09-16,0.9573,0.49,0.0126,0.8826,0.0742
2010-09-17,0.921,0.2143,0.0,0.7957,0.0543
2010-09-20,0.9385,-0.0269,0.0167,0.6676,0.0451
2010-09-21,0.9521,-0.1574,0.0226,0.7864,0.0554
2010-09-23,0.9472,-0.1829,0.0,0.7305,0.0534
2010-09-24,0.917,-0.0883,0.0525,0.6141,0.0415
2010-09-27,0.9089,0.1624,0.085,0.6823,0.0376
2010-09-28,0.8896,0.1831,0.0662,0.7045,0.0394
2010-09-29,0.8223,0.2462,0.0898,0.5811,0.0287
2010-09-30,0.7866,0.1063,0.0766,0.6482,0.0289
2010-10-01,0.7702,0.1717,0.0455,0.4839,0.0444
2010-10-04,0.7496,0.2167,0.0,0.4773,0.0343
2010-10-05,0.7869,0.0697,0.0211,0.3665,0.0455
2010-10-06,0.7847,-0.0449,0.0,0.3096,0.0361
2010-10-07,0.7813,-0.1072,0.0,0.4057,0.0378
2010-10-08,0.8055,-0.016,0.0,0.4699,0.0299
2010-10-11,0.8109,-0.0601,0.0,0.414,0.0288
2010-10-12,0.8202,-0.1723,0.0456,0.4129,0.0338
2010-10-13,0.8198,-0.0995,0.0343,0.397,0.0352
2010-10-14,0.8101,-0.2662,0.0253,0.2999,0.0378
2010-10-15,0.8101,-0.1228,0.0309,0.2438,0.047
2010-10-18,0.8067,0.1026,0.0548,0.3255,0.041
2010-10-19,0.7598,-0.0506,0.1062,0.3258,0.042
2010-10-20,0.7712,-0.0413,0.0236,0.2754,0.0533
2010-10-21,0.7856,0.0482,0.0,0.0546,0.0661
2010-10-22,0.754,0.2427,0.0081,0.0982,0.0629
2010-10-25,0.6829,0.1773,0.0,0.0955,0.047
2010-10-26,0.6493,0.2002,0.0565,0.0148,0.0368
2010-10-27,0.6417,0.2536,0.049,0.1508,0.0323
2010-10-28,0.6979,0.1168,0.0365,0.1716,0.0478
2010-10-29,0.6991,0.2104,0.0144,0.1788,0.051
2010-11-01,0.6799,0.0811,0.0493,0.1578,0.0564
2010-11-02,0.6912,0.0608,0.0,0.1249,0.0534
2010-11-03,0.6767,0.0728,0.0,0.2996,0.0534
2010-11-04,0.6792,0.0873,0.0373,0.2163,0.0491
2010-11-05,0.6572,0.076,0.0341,0.3313,0.0533
2010-11-08,0.7088,0.0245,0.0,0.3939,0.0435
2010-11-09,0.7008,0.1075,0.0,0.4334,0.0389
2010-11-10,0.7888,-0.0476,0.0167,0.2911,0.0488
2010-11-11,0.7301,-0.0773,0.0257,0.1658,0.0428
2010-11-12,0.7366,-0.1884,0.0,0.0792,0.03
2010-11-15,0.7356,0.0697,0.0233,0.073,0.0267
2010-11-16,0.7331,0.0727,0.003,0.14,0.0433
2010-11-17,0.7702,0.1287,0.0,0.3716,0.031
2010-11-18,0.7548,0.0296,0.0,0.2768,0.0447
2010-11-19,0.8132,-0.0481,0.0781,0.3665,0.041
2010-11-22,0.7964,-0.1819,0.0941,0.3001,0.0578
2010-11-23,0.7812,-0.0973,0.1827,0.4003,0.0666
2010-11-24,0.7885,-0.0969,0.1362,0.4141,0.0632
2010-11-25,0.8031,-0.0146,0.0899,0.2763,0.0605
2010-11-26,0.8261,-0.0805,0.0746,0.214,0.0619
2010-11-29,0.8471,-0.1764,0.0182,0.1168,0.0488
2010-11-30,0.8354,-0.0733,0.0363,0.076,0.0443
2010-12-01,0.8684,-0.2062,0.1241,0.094,0.0571
2010-12-02,0.9153,-0.1547,0.2069,0.2066,0.0502
2010-12-03,0.8438,-0.1514,0.2312,0.2627,0.0538
2010-12-06,0.7684,-0.1927,0.2515,0.3441,0.0603
2010-12-07,0.7398,-0.0158,0.2118,0.3661,0.0625
2010-12-08,0.8151,0.1374,0.1741,0.0732,0.0456
2010-12-09,0.8317,0.026,0.1492,0.0837,0.0465
2010-12-10,0.8532,0.016,0.0983,0.0678,0.0374
2010-12-13,0.7855,-0.075,0.1082,0.0363,0.031
2010-12-14,0.8046,-0.0475,0.078,0.0958,0.0316
2010-12-15,0.8084,-0.0712,0.0264,0.2645,0.0511
2010-12-16,0.8646,-0.0357,0.0595,0.2963,0.048
2010-12-17,0.876,-0.0068,0.0609,0.2905,0.0585
2010-12-20,0.9049,-0.0145,0.1117,0.3463,0.0572
2010-12-21,0.9147,-0.0522,0.1279,0.2763,0.0531
2010-12-22,0.9649,0.0447,0.1371,0.3104,0.0551
2010-12-23,0.9314,-0.0211,0.0899,0.1552,0.0482
2010-12-24,0.9461,-0.0015,0.0723,0.1377,0.0521
2010-12-27,0.9378,0.0029,0.074,0.0704,0.0546
2010-12-28,0.9474,-0.2026,0.095,0.2001,0.0494
2010-12-29,0.9179,-0.2227,0.1197,0.2248,0.0366
2010-12-30,0.9233,-0.0858,0.1415,0.2336,0.03
2010-12-31,0.9633,-0.0083,0.2033,0.2214,0.0244
2011-01-03,0.9743,-0.1572,0.1604,0.3069,0.0317
2011-01-04,0.9274,-0.1823,0.1147,0.3065,0.0331
2011-01-05,0.876,0.0031,0.1087,0.2228,0.0284
2011-01-06,0.8466,0.0596,0.1325,0.3682,0.0243
2011-01-07,0.8498,0.1592,0.1109,0.3364,0.0448
2011-01-10,0.8579,-0.0412,0.0708,0.2729,0.0489
2011-01-11,0.8531,0.098,0.0212,0.3891,0.0426
2011-01-12,0.9235,-0.0617,0.0,0.5976,0.0571
2011-01-13,0.8792,-0.0809,0.0,0.3752,0.0477
2011-01-14,0.8694,-0.0382,0.0117,0.3085,0.0493
2011-01-17,0.8892,-0.162,0.0203,0.2315,0.0395
2011-01-18,0.8594,0.0332,0.0221,0.3877,0.054
2011-01-19,0.8361,0.166,0.0058,0.3703,0.0476
2011-01-20,0.8671,-0.0705,0.0396,0.2411,0.037
2011-01-21,0.8313,0.0533,0.0,0.4044,0.044
2011-01-24,0.8219,0.0437,0.0659,0.3335,0.0471
2011-01-25,0.8407,-0.0363,0.163,0.2874,0.0399
2011-01-26,0.8328,-0.0868,0.1241,0.409,0.0479
2011-01-27,0.8105,-0.1106,0.1398,0.4631,0.0348
2011-01-28,0.8275,-0.0394,0.1466,0.4808,0.0514
2011-02-08,0.7654,-0.0276,0.1527,0.5322,0.048
2011-02-09,0.7951,0.0489,0.1804,0.5489,0.0529
2011-02-10,0.7392,0.057,0.2231,0.4717,0.0599
2011-02-11,0.6882,0.1301,0.2741,0.4611,0.0634
2011-02-14,0.7181,0.1393,0.3484,0.4428,0.0548
2011-02-15,0.7227,-0.0238,0.3809,0.5704,0.0563
2011-02-16,0.6819,0.0383,0.402,0.5767,0.0623
2011-02-17,0.6838,-0.1249,0.4171,0.472,0.068
2011-02-18,0.6661,-0.201,0.4676,0.3459,0.0704
2011-02-21,0.7041,-0.1432,0.4346,0.4055,0.0652
2011-02-22,0.7716,-0.0617,0.4092,0.4236,0.0664
2011-02-23,0.7471,-0.1956,0.3411,0.4217,0.0718
2011-02-24,0.7253,-0.1885,0.3699,0.5281,0.0577
2011-02-25,0.7334,-0.2288,0.4173,0.5414,0.0626
2011-03-01,0.7266,-0.2609,0.4238,0.506,0.0499
2011-03-02,0.6797,-0.2572,0.4439,0.4676,0.0455
2011-03-03,0.7191,-0.2147,0.4338,0.8029,0.0499
2011-03-04,0.7286,0.1541,0.428,0.7873,0.0607
2011-03-07,0.7199,0.2108,0.4843,0.8331,0.058
2011-03-08,0.7295,0.1153,0.4676,0.5737,0.053
2011-03-09,0.7057,0.1239,0.5685,0.425,0.0622
2011-03-10,0.6938,-0.051,0.6104,0.5232,0.0665
2011-03-11,0.6942,-0.037,0.6447,0.6069,0.0537
2011-03-14,0.6741,0.0263,0.6985,0.6222,0.0619
2011-03-15,0.6618,0.0006,0.6607,0.6967,0.071
2011-03-16,0.6938,0.0258,0.6464,0.7859,0.0695
2011-03-17,0.7171,-0.13,0.6618,0.5636,0.0712
2011-03-18,0.7154,-0.125,0.5792,0.6158,0.0766
2011-03-21,0.7051,-0.2896,0.5318,0.5241,0.0701
2011-03-22,0.7698,-0.1193,0.4874,0.6183,0.0635
2011-03-23,0.7587,0.0087,0.5072,0.3474,0.0699
2011-03-24,0.7278,0.1105,0.5665,0.5094,0.0725
2011-03-25,0.713,-0.0982,0.5619,0.7332,0.0509
2011-03-28,0.7244,-0.2163,0.5142,0.6733,0.0493
2011-03-29,0.7087,-0.1323,0.5808,0.6461,0.0498
2011-03-30,0.6953,-0.393,0.5865,0.6688,0.0637
2011-03-31,0.6979,-0.3766,0.5665,0.6454,0.0448
2011-04-01,0.6707,-0.4462,0.6528,0.8057,0.0501
2011-04-06,0.7078,-0.2421,0.6678,0.7402,0.0606
2011-04-07,0.7348,-0.3427,0.7129,0.615,0.0682
2011-04-08,0.7223,-0.1386,0.7408,0.6726,0.0669
2011-04-11,0.7159,-0.3872,0.7596,0.6347,0.0636
2011-04-12,0.707,-0.2441,0.7813,0.4273,0.0478
2011-04-13,0.6676,-0.1795,0.8392,0.5113,0.0472
2011-04-14,0.6865,-0.0851,0.8254,0.6643,0.0584
2011-04-15,0.7104,-0.0338,0.7818,0.6202,0.0574
2011-04-18,0.7635,-0.0691,0.8053,0.5877,0.0671
2011-04-19,0.7686,-0.0917,0.8009,0.4505,0.0645
2011-04-20,0.7954,-0.2011,0.883,0.3934,0.0473
2011-04-21,0.8103,-0.2774,0.92,0.3644,0.0451
2011-04-22,0.8626,-0.2068,0.9471,0.2251,0.0341
2011-04-25,0.8647,-0.2406,0.9919,0.2214,0.0473
2011-04-26,0.8717,-0.146,0.9964,0.2644,0.0601
2011-04-27,0.8735,-0.2845,1.0,0.3239,0.0429
2011-04-28,0.8883,-0.0922,0.9916,0.4122,0.0332
2011-04-29,0.8515,-0.1577,0.9687,0.425,0.049
2011-05-03,0.8493,0.0289,0.94,0.3805,0.0473
2011-05-04,0.8594,0.051,0.9813,0.3861,0.0541
2011-05-05,0.8743,0.0764,0.9455,0.2503,0.0608
2011-05-06,0.8419,0.0128,0.9115,0.2748,0.0463
2011-05-09,0.8547,0.0852,0.9043,0.2776,0.0603
2011-05-10,0.873,0.0045,0.924,0.2629,0.0546
2011-05-11,0.8602,0.0149,0.9132,0.2571,0.0446
2011-05-12,0.8649,0.0707,0.8684,0.3745,0.0444
2011-05-13,0.913,-0.0333,0.8348,0.56,0.0425
2011-05-16,0.9323,-0.115,0.8482,0.7082,0.0387
2011-05-17,1.0,-0.0569,0.8684,0.6118,0.0554
2011-05-18,0.9231,-0.1191,0.8715,0.5875,0.0505
2011-05-19,0.8984,-0.1236,0.8868,0.4508,0.0471
2011-05-20,0.8879,-0.1104,0.9361,0.3829,0.0487
2011-05-23,0.8667,-0.1873,0.948,0.4067,0.0603
2011-05-24,0.8784,-0.0772,0.9712,0.5222,0.0532
2011-05-25,0.8457,-0.0515,0.9351,0.5787,0.0502
2011-05-26,0.8191,0.1466,0.8649,0.6883,0.0369
2011-05-27,0.8321,0.0864,0.8774,0.6752,0.0376
2011-05-30,0.8456,0.0195,0.8699,0.5841,0.056
2011-05-31,0.8653,-0.0682,0.82,0.556,0.0577
2011-06-01,0.8928,-0.1174,0.8172,0.5478,0.0425
2011-06-02,0.8338,-0.149,0.8515,0.5248,0.049
2011-06-03,0.8521,-0.1853,0.8412,0.4338,0.0631
2011-06-07,0.8841,0.0069,0.8095,0.4766,0.0467
2011-06-08,0.8991,-0.0772,0.8664,0.4922,0.0582
2011-06-09,0.9595,-0.036,0.8132,0.4943,0.0581
2011-06-10,0.9818,-0.0961,0.783,0.4778,0.0569
2011-06-13,1.0,-0.1035,0.7446,0.5274,0.061
2011-06-14,1.0,-0.0891,0.7388,0.5552,0.0653
2011-06-15,0.9805,-0.0402,0.6725,0.6658,0.0685
2011-06-16,1.0,0.0484,0.6457,0.6002,0.0694
2011-06-17,1.0,0.075,0.6431,0.6274,0.0508
2011-06-20,1.0,0.3429,0.6584,0.6875,0.0421
2011-06-21,0.9915,0.3713,0.6737,0.5731,0.0506
2011-06-22,0.9918,0.3631,0.6703,0.4372,0.0478
2011-06-23,0.9709,0.2366,0.7001,0.4877,0.057
2011-06-24,0.949,0.2467,0.7014,0.5854,0.04
2011-06-27,0.9246,0.2522,0.7169,0.6892,0.0549
2011-06-28,0.9443,0.1483,0.7245,0.6948,0.0532
2011-06-29,0.8851,0.0323,0.7392,0.4447,0.0558
2011-06-30,0.9307,0.0328,0.7341,0.3603,0.0624
2011-07-01,0.9354,0.0661,0.7057,0.4421,0.0463
2011-07-04,0.902,0.0445,0.7079,0.4718,0.0328
2011-07-05,0.9023,0.1358,0.6614,0.4822,0.03
2011-07-06,0.8763,0.2014,0.6342,0.5299,0.0305
2011-07-07,0.8422,-0.0377,0.6798,0.7317,0.0296
2011-07-08,0.8744,-0.113,0.6701,0.7952,0.0477
2011-07-11,0.8986,-0.1355,0.7283,0.6895,0.0595
2011-07-12,0.9017,-0.0189,0.6608,0.5416,0.0703
2011-07-13,0.9306,-0.0893,0.6996,0.7237,0.0663
2011-07-14,0.8969,-0.1518,0.6447,0.5231,0.051
2011-07-15,0.82,0.0105,0.6317,0.5032,0.0365
2011-07-18,0.8655,-0.1205,0.5818,0.5284,0.0334
2011-07-19,0.9126,-0.0429,0.6143,0.3815,0.0248
2011-07-20,0.9304,-0.2712,0.5394,0.3223,0.0377
2011-07-21,0.8868,-0.2125,0.5581,0.2034,0.0503
2011-07-22,0.9202,-0.2271,0.5821,0.1331,0.0545
2011-07-25,0.944,-0.3389,0.5943,0.0653,0.0624
2011-07-26,0.9285,-0.1344,0.5964,0.0655,0.07
2011-07-27,0.9124,-0.0901,0.5885,0.0431,0.0698
2011-07-28,0.921,-0.0183,0.6633,0.0,0.0587
2011-07-29,0.9348,0.0221,0.7154,0.0721,0.0556
2011-08-01,0.9324,0.0822,0.7317,0.0809,0.0537
2011-08-02,0.8951,-0.0425,0.6993,0.0,0.0516
2011-08-03,0.9231,-0.0926,0.7325,0.1143,0.0497
2011-08-04,0.9405,-0.0831,0.7104,0.0846,0.06
2011-08-05,0.9463,-0.1969,0.6715,0.1506,0.0538
2011-08-08,0.9185,-0.1527,0.6823,0.264,0.0513
2011-08-09,0.9107,-0.191,0.723,0.1961,0.0612
2011-08-10,0.8611,-0.3747,0.7756,0.2313,0.0694
2011-08-11,0.8793,-0.4072,0.8131,0.2533,0.0651
2011-08-12,0.8487,-0.2719,0.7791,0.2403,0.0513
2011-08-15,0.7319,-0.1215,0.755,0.3989,0.0436
2011-08-16,0.7088,-0.1189,0.7523,0.3897,0.0507
2011-08-17,0.7185,-0.0504,0.6997,0.4972,0.065
2011-08-18,0.6972,-0.0416,0.7592,0.3997,0.0604
2011-08-19,0.7006,0.0043,0.7585,0.401,0.0577
2011-08-22,0.7106,0.0592,0.7126,0.3253,0.0554
2011-08-23,0.6943,0.0453,0.7165,0.3661,0.056
2011-08-24,0.7257,0.0236,0.7458,0.2403,0.0506
2011-08-25,0.7057,-0.0988,0.749,0.2466,0.0638
2011-08-26,0.7335,-0.0944,0.7745,0.1829,0.0608
2011-08-29,0.767,-0.0099,0.8243,0.2189,0.0645
2011-08-30,0.8231,-0.0287,0.7988,0.1581,0.051
2011-08-31,0.8292,-0.0468,0.9048,0.1274,0.06
2011-09-01,0.8658,-0.0176,0.9182,0.0703,0.0466
2011-09-02,0.8629,-0.0814,0.9769,0.1583,0.038
2011-09-05,0.8917,-0.1303,0.9105,0.2283,0.0546
2011-09-06,0.8836,-0.3283,0.8762,0.2125,0.0502
2011-09-07,0.8308,-0.1124,0.8396,0.1961,0.0582
2011-09-08,0.8793,-0.0815,0.7855,0.2448,0.0517
2011-09-09,0.8528,-0.0018,0.8607,0.362,0.052
2011-09-13,0.8134,-0.0078,0.8576,0.4267,0.0612
2011-09-14,0.8153,0.0726,0.8323,0.3366,0.0497
2011-09-15,0.8177,0.0445,0.8171,0.1288,0.0412
2011-09-16,0.8443,-0.0471,0.8898,0.1318,0.0406
2011-09-19,0.8502,0.0846,0.8872,0.1838,0.0317
2011-09-20,0.8529,0.0914,0.9915,0.3102,0.0323
2011-09-21,0.8469,0.149,0.9321,0.3512,0.0294
2011-09-22,0.8392,0.2823,0.9189,0.3629,0.0484
2011-09-23,0.7943,0.073,0.8781,0.5825,0.0422
2011-09-26,0.8053,-0.0036,0.8256,0.6155,0.0481
2011-09-27,0.7977,-0.1202,0.7861,0.6782,0.0506
2011-09-28,0.7555,-0.0798,0.8102,0.57,0.0632
2011-09-29,0.7607,-0.0906,0.8273,0.8144,0.0528
2011-09-30,0.7561,-0.1073,0.7501,0.5155,0.0373
2011-10-03,0.791,-0.0657,0.7078,0.4715,0.0434
2011-10-04,0.7743,0.0017,0.6902,0.3723,0.0367
2011-10-05,0.8119,0.085,0.6973,0.2548,0.0419
2011-10-06,0.7896,0.2025,0.6791,0.2751,0.0522
2011-10-07,0.7996,0.0765,0.639,0.3735,0.054
2011-10-11,0.7595,0.0809,0.5942,0.3637,0.0512
2011-10-12,0.665,0.0706,0.4949,0.3364,0.0547
2011-10-13,0.7194,0.1639,0.4589,0.3219,0.054
2011-10-14,0.719,0.0374,0.4254,0.1947,0.0396
2011-10-17,0.7098,-0.1739,0.3342,0.2322,0.0381
2011-10-18,0.7247,-0.224,0.3426,0.2412,0.0484
2011-10-19,0.7185,-0.3202,0.365,0.2178,0.0399
2011-10-20,0.745,-0.273,0.3521,0.0942,0.0359
2011-10-21,0.7699,-0.3807,0.2618,0.2241,0.0296
2011-10-24,0.8435,-0.4613,0.3051,0.2652,0.0367
2011-10-25,0.9203,-0.3242,0.3183,0.2819,0.0412
2011-10-26,0.864,-0.2773,0.396,0.4526,0.0348
2011-10-27,0.8467,-0.2415,0.3247,0.5046,0.0304
2011-10-28,0.8549,-0.3323,0.3653,0.4733,0.0398
2011-10-31,0.7999,-0.1763,0.3103,0.4071,0.0306
2011-11-01,0.7896,-0.1069,0.2863,0.363,0.0382
2011-11-02,0.7909,-0.2625,0.3006,0.4991,0.0408
2011-11-03,0.8185,-0.2036,0.3241,0.528,0.0564
2011-11-04,0.8378,0.0138,0.2684,0.6561,0.0571
2011-11-07,0.8247,0.0589,0.3162,0.8045,0.0491
2011-11-08,0.8291,-0.0372,0.2863,0.8872,0.0548
2011-11-09,0.8489,0.002,0.314,0.7795,0.0476
2011-11-10,0.86,0.1551,0.3188,0.8272,0.0436
2011-11-11,0.8903,0.2541,0.3254,0.871,0.0463
2011-11-14,0.8963,0.1002,0.3672,0.8165,0.0591
2011-11-15,0.8625,0.1641,0.3886,0.6766,0.0447
2011-11-16,0.8587,0.183,0.3422,0.569,0.0601
2011-11-17,0.8614,0.1339,0.2888,0.6114,0.0526
2011-11-18,0.7997,0.1459,0.2718,0.4943,0.05
2011-11-21,0.8088,0.0298,0.2443,0.4689,0.049
2011-11-22,0.8501,0.0271,0.2497,0.5877,0.0419
2011-11-23,0.8221,-0.0342,0.269,0.6257,0.0584
2011-11-24,0.7821,-0.0848,0.2741,0.489,0.0507
2011-11-25,0.8406,0.0773,0.2709,0.411,0.0633
2011-11-28,0.8838,-0.1226,0.2381,0.587,0.0579
2011-11-29,0.8745,-0.2714,0.214,0.4825,0.0558
2011-11-30,0.8532,-0.1218,0.1962,0.2042,0.0655
2011-12-01,0.8041,-0.0895,0.1667,0.2459,0.0752
2011-12-02,0.7886,-0.1012,0.1803,0.2333,0.0608
2011-12-05,0.7559,-0.0687,0.0825,0.1854,0.0679
2011-12-06,0.7509,-0.0783,0.0,0.2331,0.0502
2011-12-07,0.7451,-0.1325,0.0029,0.1111,0.0604
2011-12-08,0.7218,-0.2605,0.0507,0.4102,0.0631
2011-12-09,0.7171,-0.1412,0.0389,0.4772,0.0656
2011-12-12,0.7244,0.0597,0.0,0.2973,0.059
2011-12-13,0.6979,0.0398,0.0103,0.2506,0.0603
2011-12-14,0.7512,0.1188,0.0059,0.1338,0.0556
2011-12-15,0.7157,0.0835,0.0,0.0402,0.0424
2011-12-16,0.7059,0.2648,0.0072,0.1094,0.0514
2011-12-19,0.6827,0.1972,0.0865,0.27,0.0551
2011-12-20,0.7023,0.1405,0.0162,0.3281,0.0494
2011-12-21,0.6787,0.1378,0.0264,0.3027,0.0537
2011-12-22,0.6919,0.0272,0.0528,0.4053,0.0615
2011-12-23,0.6805,-0.0307,0.0588,0.4441,0.0482
2011-12-26,0.6873,-0.1688,0.0581,0.5389,0.0603
2011-12-27,0.6734,-0.2644,0.091,0.6771,0.0442
2011-12-28,0.6717,-0.4191,0.1608,0.5515,0.0465
2011-12-29,0.6801,-0.4075,0.1649,0.5663,0.0583
2011-12-30,0.6381,-0.2981,0.1442,0.4736,0.066
2012-01-02,0.6345,-0.0026,0.0794,0.5368,0.0744
2012-01-03,0.6363,-0.0081,0.0,0.7002,0.0606
2012-01-04,0.6246,0.0683,0.046,0.7264,0.0692
2012-01-05,0.6816,0.0301,0.0274,0.7157,0.0783
2012-01-06,0.7127,0.1241,0.0584,0.68,0.0559
2012-01-09,0.6892,0.1196,0.0849,0.7439,0.0417
2012-01-10,0.6558,0.2496,0.0571,0.7547,0.038
2012-01-11,0.654,0.3385,0.0609,0.627,0.0314
2012-01-12,0.6827,0.3308,0.0828,0.5348,0.039
2012-01-13,0.638,0.1991,0.0929,0.3941,0.0559
2012-01-16,0.6033,0.1748,0.1699,0.4235,0.0651
2012-01-17,0.6028,-0.0008,0.1427,0.3129,0.0457
2012-01-18,0.5876,-0.0009,0.1175,0.2822,0.0461
2012-01-30,0.5976,0.0685,0.1843,0.5125,0.0408
2012-01-31,0.61,-0.0257,0.1723,0.5192,0.0558
2012-02-01,0.5451,-0.1566,0.2151,0.5984,0.0443
2012-02-02,0.5325,-0.0424,0.2303,0.7736,0.0333
2012-02-03,0.5045,-0.0174,0.2615,0.7551,0.0318
2012-02-06,0.4412,-0.0907,0.3142,0.7654,0.0265
2012-02-07,0.4681,0.0746,0.398,0.6454,0.0294
2012-02-08,0.5084,-0.0036,0.3481,0.552,0.035
2012-02-09,0.5074,0.0958,0.3976,0.3294,0.042
2012-02-10,0.5118,0.075,0.3885,0.1948,0.0297
2012-02-13,0.5357,-0.0046,0.4185,0.1434,0.0304
2012-02-14,0.5081,0.0222,0.3837,0.1719,0.0363
2012-02-15,0.4964,-0.0413,0.3637,0.3093,0.0414
2012-02-16,0.5063,0.0308,0.3531,0.2838,0.0421
2012-02-17,0.4497,0.005,0.3238,0.4063,0.0572
2012-02-20,0.3879,0.1162,0.3549,0.6467,0.0489
2012-02-21,0.3754,0.1567,0.2817,0.5485,0.0553
2012-02-22,0.3181,-0.0987,0.3478,0.5662,0.0532
2012-02-23,0.3321,-0.1411,0.3633,0.6329,0.0563
2012-02-24,0.3045,-0.0148,0.2589,0.5639,0.0517
2012-02-29,0.29,-0.0236,0.2267,0.6346,0.0566
2012-03-01,0.3251,0.0027,0.2469,0.4403,0.0531
2012-03-02,0.3143,-0.0125,0.3022,0.4717,0.0557
2012-03-05,0.2925,-0.2351,0.2563,0.4209,0.0507
2012-03-06,0.2839,-0.3795,0.2336,0.3383,0.0376
2012-03-07,0.307,-0.5321,0.2281,0.3616,0.0562
2012-03-08,0.2817,-0.3946,0.21,0.3017,0.0433
2012-03-09,0.2885,-0.4313,0.2092,0.393,0.0512
2012-03-12,0.2649,-0.4655,0.195,0.4008,0.0416
2012-03-13,0.3375,-0.3279,0.1574,0.2968,0.046
2012-03-14,0.3469,-0.2146,0.1531,0.2512,0.0365
2012-03-15,0.3625,-0.322,0.1759,0.2534,0.0305
2012-03-16,0.3828,-0.3305,0.1058,0.2545,0.0461
2012-03-19,0.3651,-0.1312,0.129,0.2797,0.0528
2012-03-20,0.3199,-0.2748,0.193,0.3664,0.0529
2012-03-21,0.2808,0.0568,0.2253,0.1496,0.06
2012-03-22,0.303,-0.0053,0.172,0.2175,0.07
2012-03-23,0.3498,-0.0304,0.1356,0.3123,0.0712
2012-03-26,0.3242,0.1021,0.0734,0.2721,0.0512
2012-03-27,0.2748,0.0851,0.0493,0.2944,0.0499
2012-03-28,0.2337,0.2461,0.1006,0.3393,0.0588
2012-03-29,0.2049,0.285,0.0761,0.2163,0.064
2012-03-30,0.1881,0.0505,0.0753,0.2621,0.0739
2012-04-02,0.1674,0.1533,0.0054,0.1922,0.0798
2012-04-03,0.159,0.1005,0.0949,0.3105,0.0712
2012-04-05,0.2184,0.0064,0.1019,0.3267,0.0769
2012-04-06,0.1859,-0.1181,0.0884,0.3569,0.079
2012-04-09,0.1292,-0.007,0.0957,0.5476,0.0647
2012-04-10,0.1139,-0.0217,0.065,0.7404,0.063
2012-04-11,0.0774,-0.0245,0.1018,0.6278,0.0706
2012-04-12,0.1244,-0.0593,0.112,0.6318,0.056
2012-04-13,0.1173,-0.1667,0.1111,0.5641,0.065
2012-04-16,0.1349,-0.175,0.1835,0.4778,0.057
2012-04-17,0.1665,0.0825,0.2376,0.5363,0.0506
2012-04-18,0.153,0.1798,0.3002,0.4756,0.0429
2012-04-19,0.1722,0.2504,0.3233,0.487,0.0407
2012-04-20,0.1504,0.1803,0.3902,0.6277,0.0322
2012-04-23,0.1445,0.0962,0.3549,0.3165,0.0313
2012-04-24,0.1485,0.0692,0.4033,0.2006,0.0462
2012-04-25,0.1617,0.0129,0.4865,0.2488,0.0493
2012-04-26,0.1361,-0.1905,0.484,0.1577,0.0597
2012-04-27,0.1412,-0.1183,0.5258,0.0691,0.0572
2012-04-30,0.1291,-0.109,0.5648,0.0764,0.0433
2012-05-02,0.1305,0.008,0.6049,0.246,0.058
2012-05-03,0.1126,-0.0345,0.6421,0.1892,0.0541
2012-05-04,0.1324,-0.1293,0.6293,0.2497,0.0599
2012-05-07,0.1195,-0.1882,0.6234,0.2648,0.0565
2012-05-08,0.1134,-0.252,0.638,0.38,0.0443
2012-05-09,0.1513,-0.292,0.6576,0.5855,0.0483
2012-05-10,0.185,-0.0673,0.7356,0.6291,0.0471
2012-05-11,0.1931,-0.081,0.7523,0.6829,0.0416
2012-05-14,0.1691,-0.0245,0.8621,0.5642,0.0537
2012-05-15,0.1902,-0.1029,0.9046,0.4188,0.0651
2012-05-16,0.1499,-0.1874,0.8643,0.5902,0.0735
2012-05-17,0.157,-0.2642,0.8466,0.6532,0.0537
2012-05-18,0.1431,-0.222,0.7481,0.7313,0.0578
2012-05-21,0.1326,-0.0702,0.7711,0.5486,0.0492
2012-05-22,0.1467,-0.1133,0.7698,0.5685,0.0427
2012-05-23,0.1845,-0.0989,0.7237,0.5965,0.0475
2012-05-24,0.1627,-0.1581,0.7861,0.4514,0.0573
2012-05-25,0.1813,-0.1266,0.7656,0.3047,0.05
2012-05-28,0.1887,-0.1447,0.7281,0.4089,0.0619
2012-05-29,0.1681,-0.2591,0.6751,0.5177,0.0609
2012-05-30,0.1837,-0.207,0.6542,0.4564,0.0622
2012-05-31,0.2364,-0.3053,0.684,0.4583,0.0607
2012-06-01,0.2529,-0.2006,0.6983,0.5085,0.0673
2012-06-04,0.2589,-0.3095,0.7095,0.5188,0.0536
2012-06-05,0.2745,-0.2116,0.7442,0.442,0.0419
2012-06-06,0.2688,-0.1644,0.7265,0.5396,0.0312
2012-06-07,0.2847,-0.2974,0.7116,0.6963,0.0483
2012-06-08,0.2601,-0.3856,0.7194,0.7372,0.0348
2012-06-11,0.2222,-0.5068,0.7501,0.6856,0.0336
2012-06-12,0.2493,-0.6245,0.7401,0.6614,0.0352
2012-06-13,0.2676,-0.4052,0.6894,0.7137,0.0349
2012-06-14,0.2593,-0.2175,0.6759,0.7647,0.0268
2012-06-15,0.267,-0.1994,0.5811,0.5947,0.0264
2012-06-18,0.2183,-0.1346,0.554,0.6644,0.0404
2012-06-19,0.2287,-0.0773,0.5858,0.43,0.0452
2012-06-20,0.2071,-0.1841,0.6121,0.4984,0.0329
2012-06-21,0.2341,-0.3548,0.6296,0.5953,0.0245
2012-06-22,0.2147,-0.3494,0.6093,0.6329,0.0274
2012-06-25,0.2292,-0.3323,0.6041,0.5957,0.0229
2012-06-26,0.2203,-0.1367,0.656,0.5825,0.0232
2012-06-27,0.187,-0.1654,0.7051,0.7081,0.0322
2012-06-28,0.143,-0.2453,0.6709,0.8593,0.0437
2012-06-29,0.1495,-0.291,0.7468,0.7218,0.0604
2012-07-02,0.1425,-0.3161,0.7895,0.6807,0.0549
2012-07-03,0.1222,-0.3803,0.8571,0.4044,0.0524
2012-07-04,0.1358,-0.2904,0.8897,0.6941,0.0499
2012-07-05,0.161,-0.17,0.8571,0.6843,0.0469
2012-07-06,0.1657,-0.1396,0.8472,0.553,0.0516
2012-07-09,0.1609,0.0897,0.8798,0.4001,0.063
2012-07-10,0.0969,0.052,0.9055,0.4981,0.0441
2012-07-11,0.0822,0.2084,0.9365,0.6094,0.0437
2012-07-12,0.0712,0.1395,0.915,0.6438,0.0433
2012-07-13,0.1189,-0.0709,0.9179,0.553,0.0312
2012-07-16,0.1112,-0.0957,0.9135,0.5977,0.0229
2012-07-17,0.1321,-0.0875,0.8523,0.7698,0.0178
2012-07-18,0.0911,-0.1557,0.8853,1.0,0.0197
2012-07-19,0.1138,-0.2026,0.875,0.9505,0.0198
2012-07-20,0.0902,-0.1673,0.8859,0.8636,0.033
2012-07-23,0.0166,-0.1839,0.8838,1.0,0.051
2012-07-24,0.0,-0.0751,0.9324,1.0,0.0534
2012-07-25,0.0,-0.1273,0.93,1.0,0.0663
2012-07-26,0.0036,-0.0083,0.8898,1.0,0.0479
2012-07-27,0.0201,-0.2617,0.9605,0.8685,0.0543
2012-07-30,0.0132,-0.4163,1.0,0.6717,0.054
2012-07-31,0.0945,-0.276,0.9759,0.6759,0.0619
2012-08-01,0.1536,-0.428,1.0,0.5208,0.0592
2012-08-02,0.1032,-0.2573,0.9845,0.6593,0.0494
2012-08-03,0.1329,-0.3568,0.9966,0.584,0.0569
2012-08-06,0.1611,-0.2619,0.9585,0.5906,0.0616
2012-08-07,0.0961,-0.0742,0.9825,0.371,0.0581
2012-08-08,0.0806,-0.0569,0.9694,0.3081,0.047
2012-08-09,0.0475,-0.1942,0.8791,0.4245,0.0402
2012-08-10,0.0701,-0.3058,0.8813,0.4804,0.0391
2012-08-13,0.0407,-0.1183,0.8547,0.4503,0.0563
2012-08-14,0.1031,0.0906,0.9504,0.548,0.0399
2012-08-15,0.1103,0.0436,0.9937,0.4678,0.0367
2012-08-16,0.0801,0.0643,0.9893,0.5232,0.0301
2012-08-17,0.1051,0.1811,0.8977,0.5789,0.0475
2012-08-20,0.1669,0.2403,0.8701,0.4612,0.0372
2012-08-21,0.2059,0.3024,0.8413,0.3639,0.0519
2012-08-22,0.2239,0.0758,0.7825,0.46,0.0494
2012-08-23,0.2325,-0.0423,0.7712,0.4073,0.0494
2012-08-24,0.2378,-0.0604,0.7444,0.3834,0.0542
2012-08-27,0.1979,-0.2511,0.725,0.363,0.0496
2012-08-28,0.1942,-0.1583,0.7314,0.4758,0.0456
2012-08-29,0.203,-0.1769,0.7256,0.3823,0.0427
2012-08-30,0.2577,-0.2894,0.707,0.3958,0.05
2012-08-31,0.2531,-0.3806,0.6597,0.273,0.0432
2012-09-03,0.2305,-0.2394,0.669,0.0211,0.0568
2012-09-04,0.2128,-0.2238,0.6878,0.1722,0.0483
2012-09-05,0.2247,-0.3695,0.6984,0.2487,0.0613
2012-09-06,0.224,-0.2137,0.6464,0.4089,0.0513
2012-09-07,0.2213,-0.3096,0.6457,0.3912,0.0539
2012-09-10,0.1987,-0.1792,0.6821,0.6254,0.0623
2012-09-11,0.1668,-0.2931,0.6942,0.6164,0.0701
2012-09-12,0.1076,-0.3678,0.6548,0.441,0.0504
2012-09-13,0.0865,-0.3969,0.6332,0.6098,0.0456
2012-09-14,0.0819,-0.4592,0.5354,0.6437,0.0563
2012-09-17,0.0733,-0.3269,0.6015,0.6313,0.0531
2012-09-18,0.0834,-0.2541,0.5005,0.4596,0.0533
2012-09-19,0.0693,-0.3576,0.5033,0.4601,0.0415
2012-09-20,0.0715,-0.1717,0.5681,0.4664,0.0412
2012-09-21,0.053,-0.1906,0.5656,0.4273,0.0314
2012-09-24,0.1558,-0.2327,0.5214,0.2999,0.0272
2012-09-25,0.165,-0.3571,0.5051,0.3956,0.0461
2012-09-26,0.1844,-0.2624,0.4891,0.3127,0.0326
2012-09-27,0.1704,-0.1688,0.4844,0.3643,0.0229
2012-09-28,0.149,0.0855,0.4527,0.4334,0.031
2012-10-01,0.0895,-0.0202,0.4885,0.5254,0.0221
2012-10-02,0.0869,-0.0199,0.4611,0.6133,0.0261
2012-10-03,0.1775,-0.1952,0.4251,0.6729,0.0234
2012-10-04,0.1313,-0.2453,0.4281,0.6291,0.0433
2012-10-05,0.1783,-0.2645,0.3536,0.4849,0.0311
2012-10-08,0.1872,-0.3838,0.3329,0.5637,0.0264
2012-10-09,0.2135,-0.4129,0.2754,0.5036,0.0421
2012-10-11,0.2209,-0.232,0.2578,0.5894,0.0405
2012-10-12,0.2414,-0.1567,0.2695,0.6928,0.0477
2012-10-15,0.218,-0.0756,0.2615,0.7439,0.0547
2012-10-16,0.2287,-0.0097,0.1799,0.6514,0.0554
2012-10-17,0.2253,0.0966,0.2092,0.4213,0.0568
2012-10-18,0.2309,0.1175,0.2896,0.4443,0.0471
2012-10-19,0.2173,0.2145,0.2948,0.4661,0.0352
2012-10-22,0.216,0.0927,0.2893,0.6443,0.0526
2012-10-23,0.2019,-0.0334,0.2883,0.667,0.0387
2012-10-24,0.2334,0.0823,0.2524,0.7286,0.0465
2012-10-25,0.2378,-0.0039,0.2409,0.7225,0.0619
2012-10-26,0.2173,-0.0969,0.1858,0.5585,0.0588
2012-10-29,0.2354,-0.0639,0.1168,0.725,0.0597
2012-10-30,0.2452,0.0589,0.1054,0.666,0.0606
2012-10-31,0.2355,-0.0027,0.0713,0.781,0.0473
2012-11-01,0.2258,0.0214,0.0403,0.9198,0.0542
2012-11-02,0.2141,0.0935,0.0024,1.0,0.0459
2012-11-05,0.2534,0.1233,0.0084,0.9787,0.0573
2012-11-06,0.2489,0.0781,0.0,0.8937,0.0614
2012-11-07,0.2999,0.0839,0.0014,0.9707,0.0668
2012-11-08,0.2891,-0.1095,0.0718,0.6328,0.0482
2012-11-09,0.257,-0.1987,0.0803,0.6637,0.0609
2012-11-12,0.2508,-0.4107,0.0266,0.6708,0.0594
2012-11-13,0.3086,-0.6046,0.0129,0.6705,0.0594
2012-11-14,0.3014,-0.436,0.0214,0.6506,0.0567
2012-11-15,0.3239,-0.2673,0.0,0.5363,0.0538
2012-11-16,0.3366,-0.4047,0.0,0.4788,0.0619
2012-11-19,0.3623,-0.3514,0.0535,0.6213,0.0498
2012-11-20,0.3232,-0.1208,0.0385,0.7257,0.0465
2012-11-21,0.3374,-0.1198,0.0241,0.6098,0.0527
2012-11-22,0.3002,0.0062,0.0639,0.6856,0.0505
2012-11-23,0.271,-0.0546,0.0342,0.5757,0.044
2012-11-26,0.2789,-0.1567,0.0675,0.6027,0.0537
2012-11-27,0.2849,-0.2672,0.0527,0.7308,0.0384
2012-11-28,0.2711,-0.0843,0.0415,0.7532,0.0364
2012-11-29,0.2802,-0.0164,0.1617,0.6845,0.0464
2012-11-30,0.2418,-0.0758,0.1101,0.582,0.0486
2012-12-03,0.2304,-0.1545,0.1402,0.6374,0.0399
2012-12-04,0.242,-0.1889,0.1525,0.4821,0.0317
2012-12-05,0.2183,-0.399,0.1751,0.4703,0.0472
2012-12-06,0.2386,-0.2667,0.2337,0.5905,0.0462
2012-12-07,0.2471,-0.3274,0.2332,0.6623,0.0591
2012-12-10,0.2674,-0.4327,0.231,0.7271,0.0682
2012-12-11,0.2518,-0.3281,0.2323,0.5508,0.0656
2012-12-12,0.2029,-0.4049,0.1891,0.3779,0.0711
2012-12-13,0.1604,-0.3733,0.1653,0.3593,0.0581
2012-12-14,0.1115,-0.2557,0.1525,0.4353,0.0609
2012-12-17,0.0718,-0.2069,0.1468,0.3736,0.0712
2012-12-18,0.0914,-0.0102,0.1337,0.3641,0.052
2012-12-19,0.1005,-0.081,0.0196,0.214,0.0461
2012-12-20,0.1082,-0.0384,0.0325,0.258,0.038
2012-12-21,0.0924,0.0268,0.0397,0.3089,0.0292
2012-12-24,0.1065,0.1659,0.0419,0.228,0.0408
2012-12-25,0.1268,0.0814,0.1108,0.2485,0.0445
2012-12-26,0.1499,0.0546,0.126,0.305,0.055
2012-12-27,0.235,0.1058,0.1237,0.3271,0.0429
2012-12-28,0.2129,0.0187,0.1779,0.4429,0.0329
2013-01-02,0.1824,0.0048,0.2397,0.3035,0.0342
2013-01-03,0.1839,0.0721,0.2088,0.3417,0.0378
2013-01-04,0.1928,0.048,0.2461,0.2306,0.0305
2013-01-07,0.1796,0.17,0.2168,0.3035,0.031
2013-01-08,0.175,0.2655,0.2889,0.5052,0.0491
2013-01-09,0.11,0.3239,0.3173,0.4033,0.0548
2013-01-10,0.0568,0.3117,0.3373,0.3232,0.0652
2013-01-11,0.0281,0.4988,0.3322,0.1198,0.0755
2013-01-14,0.0,0.3242,0.3081,0.0,0.0826
2013-01-15,0.0182,0.3052,0.2707,0.1365,0.084
2013-01-16,0.0,0.2195,0.1896,0.2191,0.0879
2013-01-17,0.005,0.0626,0.2505,0.2266,0.0832
2013-01-18,0.0,0.0066,0.2564,0.2564,0.0596
2013-01-21,0.0064,-0.1261,0.3113,0.4506,0.0537
2013-01-22,0.0,-0.043,0.3024,0.357,0.0452
2013-01-23,0.0,-0.1239,0.2632,0.4237,0.0559
2013-01-24,0.0,-0.2178,0.2391,0.5005,0.0601
2013-01-25,0.0236,-0.1002,0.1667,0.5734,0.0617
2013-01-28,0.0044,0.0128,0.2402,0.4008,0.0449
2013-01-29,0.0337,0.0253,0.2687,0.3644,0.0416
2013-01-30,0.0462,0.0407,0.2837,0.4299,0.0583
2013-01-31,0.1028,0.0221,0.3663,0.442,0.064
2013-02-01,0.0984,0.0273,0.3404,0.4409,0.068
2013-02-04,0.032,0.1189,0.3234,0.5334,0.0529
2013-02-05,0.0385,0.1255,0.3648,0.4372,0.051
2013-02-06,0.0875,-0.0769,0.4361,0.2761,0.0454
2013-02-18,0.1544,-0.1287,0.4732,0.254,0.0343
2013-02-19,0.1167,-0.1891,0.5364,0.3075,0.0435
2013-02-20,0.0639,-0.0916,0.5334,0.3139,0.0382
2013-02-21,0.102,-0.1298,0.5944,0.3657,0.0562
2013-02-22,0.0548,-0.0114,0.6229,0.4004,0.0675
2013-02-25,0.106,-0.1106,0.6111,0.434,0.0692
2013-02-26,0.0923,-0.0338,0.5037,0.4566,0.0723
2013-02-27,0.0903,-0.0015,0.4885,0.6651,0.0613
2013-03-01,0.0552,-0.0119,0.4995,0.7093,0.0497
2013-03-04,0.0508,-0.2663,0.4775,0.8516,0.0364
2013-03-05,0.0489,-0.3478,0.5839,0.7697,0.0501
2013-03-06,0.0385,-0.1163,0.6269,0.7789,0.0533
2013-03-07,0.0444,-0.1798,0.6401,0.7371,0.0649
2013-03-08,0.0,-0.0468,0.6283,0.6592,0.0578
2013-03-11,0.0,0.1352,0.7506,0.6543,0.0527
2013-03-12,0.0059,0.1505,0.893,0.7009,0.0649
2013-03-13,0.0486,0.2403,0.8759,0.6987,0.0641
2013-03-14,0.0148,0.1651,0.8928,0.5374,0.0705
2013-03-15,0.0408,0.1518,0.8757,0.6182,0.0778
2013-03-18,0.0176,0.3679,0.8707,0.5409,0.0709
2013-03-19,0.0,0.3817,0.8638,0.6861,0.0583
2013-03-20,0.0105,0.2336,0.9111,0.8075,0.0583
2013-03-21,0.0,0.073,0.8922,0.9037,0.0582
2013-03-22,0.0,-0.032,0.9964,0.9278,0.0487
2013-03-25,0.0,-0.0772,0.9796,0.9683,0.0555
2013-03-26,0.0,0.061,0.922,0.8678,0.0398
2013-03-27,0.0,0.0749,0.9288,0.8452,0.0478
2013-03-28,0.0,-0.0704,1.0,0.874,0.047
2013-03-29,0.0,-0.0892,0.9899,0.8288,0.0522
2013-04-01,0.0108,-0.0513,0.9493,0.8734,0.0552
2013-04-02,0.0911,0.0943,0.9458,0.8697,0.0594
2013-04-03,0.0952,0.0525,0.9284,1.0,0.051
2013-04-08,0.0306,0.1747,0.9516,0.8316,0.0614
2013-04-09,0.0473,-0.0403,0.9159,0.7782,0.0646
2013-04-10,0.0599,-0.123,0.9127,0.7371,0.0723
2013-04-11,0.0714,0.0378,0.9229,0.6164,0.058
2013-04-12,0.0584,-0.037,0.8912,0.7048,0.0411
2013-04-15,0.0987,-0.0745,0.9036,0.6817,0.0586
2013-04-16,0.1416,0.0376,0.9082,0.63,0.0643
2013-04-17,0.1201,0.0062,0.9801,0.5759,0.0527
2013-04-18,0.1207,0.0888,0.9735,0.6039,0.0482
2013-04-19,0.0609,0.1267,0.9891,0.7751,0.0635
2013-04-22,0.0598,-0.0001,1.0,0.6774,0.0688
2013-04-23,0.0376,0.1,0.9736,0.4391,0.0717
2013-04-24,0.0,0.182,0.9668,0.4905,0.0702
2013-04-25,0.0383,0.1424,0.9479,0.6546,0.053
2013-04-26,0.0624,-0.0167,0.9942,0.5838,0.066
2013-04-29,0.0699,0.0295,0.9917,0.6192,0.0571
2013-04-30,0.0617,0.0129,0.9812,0.7239,0.0635
2013-05-02,0.0672,0.1677,0.9844,0.7501,0.0483
2013-05-03,0.0639,-0.0073,0.9223,0.717,0.0491
2013-05-06,0.0778,-0.1893,0.9704,0.6342,0.0569
2013-05-07,0.0755,-0.0563,0.939,0.7352,0.0428
2013-05-08,0.0874,0.1536,0.9845,0.6099,0.0358
2013-05-09,0.0645,-0.0088,0.9579,0.6499,0.0422
2013-05-10,0.0368,0.0446,0.9219,0.5131,0.0492
2013-05-13,0.0834,0.1286,0.9033,0.6565,0.0502
2013-05-14,0.069,0.0548,0.8459,0.5602,0.0496
2013-05-15,0.0944,0.0739,0.8556,0.655,0.039
2013-05-16,0.1409,-0.0432,0.869,0.7482,0.0326
2013-05-17,0.1834,-0.1081,0.8276,0.8522,0.0282
2013-05-20,0.1882,-0.1563,0.8094,0.749,0.0249
2013-05-21,0.1891,-0.245,0.8374,0.7,0.0252
2013-05-22,0.1219,-0.2261,0.8693,0.7095,0.0183
2013-05-23,0.1312,-0.1756,0.9615,0.6671,0.0214
2013-05-24,0.0814,-0.2547,0.9387,0.7644,0.0257
2013-05-27,0.0968,-0.2696,0.9353,0.7562,0.0464
2013-05-28,0.1715,-0.3234,0.943,0.7505,0.0428
2013-05-29,0.166,-0.2812,0.9529,0.8658,0.0478
2013-05-30,0.1629,-0.1181,0.9558,0.8808,0.0612
2013-05-31,0.2032,-0.1814,0.935,0.7318,0.068
2013-06-03,0.1768,-0.2828,0.912,0.6067,0.0477
2013-06-04,0.1893,-0.229,0.8988,0.501,0.0476
2013-06-05,0.1763,-0.1899,0.8609,0.5685,0.043
2013-06-06,0.1419,-0.1372,0.8365,0.5809,0.0331
2013-06-07,0.1649,-0.0476,0.8207,0.5294,0.0351
2013-06-10,0.1698,-0.0726,0.9043,0.3912,0.038
2013-06-11,0.1749,-0.1515,0.888,0.5222,0.0388
2013-06-13,0.2034,-0.0069,0.9249,0.4901,0.0448
2013-06-14,0.2337,-0.094,0.9356,0.3882,0.035
2013-06-17,0.2247,0.0291,0.9064,0.4249,0.0518
2013-06-18,0.1972,-0.0287,0.8691,0.4778,0.0581
2013-06-19,0.1938,-0.0813,0.8898,0.4638,0.0568
2013-06-20,0.1799,-0.148,0.8561,0.5658,0.0688
2013-06-21,0.2161,-0.2118,0.9513,0.5135,0.0492
2013-06-24,0.2086,-0.1654,1.0,0.5234,0.0376
2013-06-25,0.1897,-0.1185,0.9156,0.5412,0.033
2013-06-26,0.1605,-0.1257,0.9097,0.5337,0.0503
2013-06-27,0.2167,-0.1654,0.8996,0.4627,0.054
2013-06-28,0.255,-0.0214,0.9197,0.6257,0.0462
2013-07-01,0.2591,0.0877,0.8936,0.6659,0.0384
2013-07-02,0.2817,0.0446,0.9799,0.6093,0.0458
2013-07-03,0.269,-0.0024,0.9821,0.6416,0.0574
2013-07-04,0.2974,0.0335,0.9841,0.7665,0.0663
2013-07-05,0.2675,0.1991,0.968,0.6717,0.071
2013-07-08,0.2136,0.2222,0.9429,0.7469,0.0696
2013-07-09,0.2407,0.2274,0.9503,0.7974,0.0572
2013-07-10,0.2934,0.1739,0.9284,0.7388,0.0511
2013-07-11,0.2415,0.229,1.0,0.7332,0.0599
2013-07-12,0.237,-0.0186,1.0,0.6733,0.0516
2013-07-15,0.1545,0.0476,0.9917,0.8079,0.0372
2013-07-16,0.125,0.1945,0.9654,0.544,0.0265
2013-07-17,0.1476,0.1773,0.8776,0.5575,0.0213
2013-07-18,0.1708,0.1793,0.8312,0.5622,0.0337
2013-07-19,0.1283,0.0626,0.8014,0.6188,0.0353
2013-07-22,0.1373,0.1438,0.8445,0.5689,0.0327
2013-07-23,0.1772,0.2141,0.8627,0.5764,0.0287
2013-07-24,0.1499,0.1926,0.8119,0.4843,0.0447
2013-07-25,0.1329,0.2947,0.7649,0.3643,0.0529
2013-07-26,0.1331,0.4283,0.7819,0.3537,0.0518
2013-07-29,0.1441,0.468,0.7784,0.4332,0.0503
2013-07-30,0.1482,0.2173,0.7886,0.4489,0.0426
2013-07-31,0.1685,0.2288,0.8085,0.2992,0.0472
2013-08-01,0.1448,0.1371,0.8336,0.221,0.0577
2013-08-02,0.14,0.1768,0.8792,0.3949,0.0658
2013-08-05,0.1087,0.1224,0.8249,0.4574,0.0737
2013-08-06,0.109,-0.1335,0.8029,0.3921,0.0604
2013-08-07,0.0641,0.0294,0.8193,0.5196,0.0423
2013-08-08,0.0781,0.1292,0.8187,0.6599,0.0472
2013-08-09,0.1313,0.2249,0.7905,0.6654,0.0414
2013-08-12,0.1686,0.2102,0.7954,0.6619,0.0432
2013-08-13,0.1418,0.0683,0.7647,0.6606,0.0306
2013-08-14,0.1552,0.0466,0.7996,0.6614,0.0433
2013-08-15,0.1337,0.0289,0.8246,0.6544,0.0309
2013-08-16,0.1082,0.132,0.8314,0.4936,0.032
2013-08-19,0.0859,0.0906,0.7436,0.5476,0.0396
2013-08-20,0.0997,0.1169,0.6808,0.5362,0.0415
2013-08-22,0.0463,-0.0045,0.7157,0.5678,0.0367
2013-08-23,0.0421,-0.0529,0.7704,0.7065,0.0345
2013-08-26,0.0287,-0.0764,0.751,0.6159,0.0297
2013-08-27,0.0437,-0.1429,0.767,0.556,0.0437
2013-08-28,0.0827,-0.0671,0.8187,0.639,0.0437
2013-08-29,0.0966,-0.0433,0.8653,0.7365,0.0521
2013-08-30,0.0988,-0.0753,0.926,0.7382,0.0456
2013-09-02,0.0588,-0.1451,0.858,0.7129,0.0401
2013-09-03,0.0764,-0.3138,0.8243,0.6726,0.0462
2013-09-04,0.0786,-0.2277,0.8638,0.664,0.0391
2013-09-05,0.0216,-0.1853,0.861,0.4244,0.0408
2013-09-06,0.1316,-0.1512,0.9369,0.6271,0.0553
2013-09-09,0.1701,-0.1983,0.9353,0.5411,0.0487
2013-09-10,0.1519,-0.0775,0.9232,0.4513,0.0404
2013-09-11,0.1351,-0.1204,0.9163,0.387,0.0322
2013-09-12,0.1592,0.0446,0.8645,0.1439,0.0455
2013-09-13,0.1841,-0.1972,0.8862,0.1886,0.0429
2013-09-16,0.1118,-0.1097,0.8936,0.1539,0.0451
2013-09-17,0.0695,-0.1252,0.9253,0.3295,0.0344
2013-09-18,0.092,-0.1745,0.8356,0.3895,0.0463
2013-09-23,0.1162,-0.013,0.8129,0.3902,0.0392
2013-09-24,0.1271,-0.0479,0.8313,0.6006,0.0386
2013-09-25,0.1323,-0.2032,0.8479,0.4503,0.05
2013-09-26,0.1448,-0.2582,0.847,0.5808,0.0632
2013-09-27,0.1469,-0.1408,0.8738,0.6102,0.0652
2013-09-30,0.112,-0.0758,0.8161,0.5709,0.0602
2013-10-01,0.141,-0.1505,0.8356,0.4765,0.0567
2013-10-02,0.1258,-0.0008,0.8649,0.5734,0.0551
2013-10-03,0.1097,-0.043,0.8661,0.4266,0.06
2013-10-04,0.1407,0.0705,0.8625,0.4338,0.0502
2013-10-07,0.1549,0.0794,0.8483,0.5462,0.0386
2013-10-08,0.1407,0.0842,0.8292,0.6651,0.0272
2013-10-09,0.0937,-0.0123,0.8401,0.7144,0.0391
2013-10-11,0.0637,-0.0714,0.8158,0.6944,0.0571
2013-10-14,0.0778,-0.1274,0.7792,0.7602,0.0423
2013-10-15,0.1102,-0.2399,0.7622,0.6731,0.0589
2013-10-16,0.1493,-0.188,0.7743,0.6438,0.0571
2013-10-17,0.1875,-0.0734,0.7713,0.703,0.0634
2013-10-18,0.2012,0.0607,0.7517,0.5845,0.0448
2013-10-21,0.2218,0.2155,0.7341,0.6981,0.0532
2013-10-22,0.1891,0.1334,0.7318,0.5012,0.0418
2013-10-23,0.1947,0.2425,0.7283,0.5515,0.0582
2013-10-24,0.2005,0.1176,0.6987,0.7229,0.0502
2013-10-25,0.2584,0.1954,0.73,0.6873,0.0644
2013-10-28,0.3191,0.0433,0.7256,0.7087,0.0519
2013-10-29,0.3391,0.081,0.6843,0.4856,0.0647
2013-10-30,0.3695,0.0652,0.7461,0.5749,0.0637
2013-10-31,0.3288,0.0006,0.6931,0.5529,0.0741
2013-11-01,0.2677,-0.0145,0.6857,0.6688,0.0677
2013-11-04,0.3251,0.0638,0.6325,0.698,0.0745
2013-11-05,0.3142,0.1005,0.5905,0.7129,0.0716
2013-11-06,0.2777,0.0586,0.5606,0.4858,0.0787
2013-11-07,0.2961,0.0617,0.5395,0.3062,0.0775
2013-11-08,0.3096,0.1132,0.629,0.4314,0.0739
2013-11-11,0.3392,0.1251,0.5987,0.7452,0.0532
2013-11-12,0.3599,0.1613,0.6469,0.782,0.0472
2013-11-13,0.3665,-0.0681,0.6023,0.6467,0.0381
2013-11-14,0.4216,-0.1809,0.5945,0.4809,0.0417
2013-11-15,0.4372,-0.1379,0.5351,0.3945,0.0465
2013-11-18,0.4716,-0.2808,0.4848,0.2545,0.0335
2013-11-19,0.4821,-0.1112,0.5002,0.4295,0.0277
2013-11-20,0.4738,-0.0234,0.529,0.4956,0.0493
2013-11-21,0.4282,0.0415,0.4462,0.5482,0.0418
2013-11-22,0.4157,-0.0769,0.4284,0.6617,0.0373
2013-11-25,0.4425,0.0227,0.4245,0.8788,0.0449
2013-11-26,0.3977,-0.1824,0.3951,0.7863,0.0348
2013-11-27,0.343,-0.1425,0.397,0.6191,0.0289
2013-11-28,0.3646,-0.0814,0.3254,0.7239,0.0252
2013-11-29,0.3663,0.0295,0.3256,0.6984,0.0321
2013-12-02,0.3638,0.1356,0.2604,0.785,0.0399
2013-12-03,0.4147,0.1357,0.282,0.9252,0.0569
2013-12-04,0.4051,0.1124,0.2438,0.9044,0.0435
2013-12-05,0.4078,0.1262,0.2478,0.9938,0.0331
2013-12-06,0.4394,0.1755,0.1797,0.9726,0.0266
2013-12-09,0.4325,0.059,0.1125,0.9955,0.0282
2013-12-10,0.4341,0.0518,0.0593,0.8928,0.0357
2013-12-11,0.4184,-0.0001,0.0239,0.8218,0.0432
2013-12-12,0.4145,0.0261,0.0,0.6271,0.0553
2013-12-13,0.4275,-0.0177,0.0,0.7051,0.0527
2013-12-16,0.3835,0.0921,0.0403,0.8118,0.0475
2013-12-17,0.3646,0.1642,0.0838,0.9733,0.0558
2013-12-18,0.4396,0.1357,0.0848,0.9977,0.0579
2013-12-19,0.4631,0.0426,0.08,0.922,0.0678
2013-12-20,0.4786,-0.0271,0.0851,1.0,0.0518
2013-12-23,0.483,0.1017,0.1358,0.9569,0.0499
2013-12-24,0.4239,0.0141,0.1428,1.0,0.0615
2013-12-25,0.3807,0.081,0.1724,0.9064,0.0706
2013-12-26,0.3793,0.1278,0.2086,0.9386,0.0742
2013-12-27,0.4627,0.1155,0.1749,0.9861,0.0775
2013-12-30,0.4743,0.1247,0.1548,0.9922,0.0654
2013-12-31,0.4812,0.0165,0.1243,0.697,0.0686
2014-01-02,0.4559,0.0652,0.1345,0.7947,0.0644
2014-01-03,0.4873,-0.0127,0.1827,0.7317,0.0519
2014-01-06,0.4469,0.02,0.1687,0.6949,0.0401
2014-01-07,0.3992,0.0161,0.2149,0.783,0.0531
2014-01-08,0.4448,-0.0518,0.2339,0.7315,0.0479
2014-01-09,0.4742,0.0325,0.2395,0.6289,0.0619
2014-01-10,0.4278,0.0108,0.1788,0.5215,0.0598
2014-01-13,0.4487,0.0929,0.1999,0.5166,0.0686
2014-01-14,0.4501,0.2598,0.2175,0.5946,0.0688
2014-01-15,0.4584,0.33,0.136,0.415,0.0637
2014-01-16,0.4709,0.2034,0.1021,0.4116,0.0502
2014-01-17,0.5087,0.3077,0.0446,0.4058,0.0539
2014-01-20,0.4914,0.2594,0.0645,0.6001,0.0551
2014-01-21,0.4974,0.2376,0.0586,0.5447,0.0492
2014-01-22,0.448,0.3517,0.0667,0.6833,0.0394
2014-01-23,0.4439,0.292,0.146,0.6115,0.0321
2014-01-24,0.4329,0.105,0.1165,0.64,0.0434
2014-01-27,0.4697,0.0222,0.1477,0.7695,0.0391
2014-02-05,0.4804,-0.1811,0.0817,0.8233,0.031
2014-02-06,0.4139,-0.2497,0.094,1.0,0.0256
2014-02-07,0.4125,-0.1722,0.1009,1.0,0.0322
2014-02-10,0.3899,-0.0738,0.0289,0.962,0.0265
2014-02-11,0.4448,0.0036,0.0984,0.8859,0.0372
2014-02-12,0.3796,-0.1729,0.0715,0.7565,0.0349
2014-02-13,0.4119,-0.2241,0.0,0.8491,0.0302
2014-02-14,0.4219,-0.3303,0.0021,0.6633,0.0487
2014-02-17,0.4162,-0.5166,0.0,0.6834,0.0596
2014-02-18,0.473,-0.4436,0.0,0.5965,0.0482
2014-02-19,0.541,-0.4778,0.0032,0.7941,0.0504
2014-02-20,0.5512,-0.573,0.0,0.8177,0.0447
2014-02-21,0.5775,-0.4004,0.0328,0.7652,0.0336
2014-02-24,0.5638,-0.3239,0.0,0.5456,0.0423
2014-02-25,0.583,-0.3007,0.0,0.5344,0.0475
2014-02-26,0.51,-0.2588,0.0372,0.4659,0.034
2014-02-27,0.4895,-0.1483,0.076,0.5074,0.0322
2014-03-03,0.478,-0.0939,0.0423,0.5875,0.0296
2014-03-04,0.5331,-0.0652,0.0634,0.5003,0.0276
2014-03-05,0.5164,0.0792,0.0826,0.441,0.0372
2014-03-06,0.5605,0.027,0.0937,0.5185,0.0393
2014-03-07,0.6053,0.0093,0.1485,0.6745,0.0498
2014-03-10,0.5944,-0.0599,0.2173,0.6125,0.0494
2014-03-11,0.6105,-0.1174,0.223,0.5152,0.0351
2014-03-12,0.6517,-0.2804,0.2761,0.4629,0.0376
2014-03-13,0.6126,-0.2469,0.2717,0.5379,0.0386
2014-03-14,0.6149,-0.084,0.2577,0.657,0.0559
2014-03-17,0.5531,-0.1616,0.2689,0.6496,0.068
2014-03-18,0.609,-0.1423,0.2627,0.793,0.0628
2014-03-19,0.6181,-0.2114,0.2216,0.9305,0.0452
2014-03-20,0.5509,0.0644,0.2051,0.8047,0.0584
2014-03-21,0.5957,-0.0925,0.2431,0.6972,0.0497
2014-03-24,0.5501,-0.2058,0.2096,0.6661,0.0557
2014-03-25,0.6199,-0.3276,0.181,0.6398,0.046
2014-03-26,0.6061,-0.1855,0.1856,0.6352,0.06
2014-03-27,0.5712,0.0464,0.2391,0.5025,0.0594
2014-03-28,0.5508,-0.0618,0.2845,0.5177,0.0578
2014-03-31,0.5943,-0.0633,0.347,0.4551,0.0547
2014-04-01,0.5936,-0.0996,0.3815,0.657,0.0637
2014-04-02,0.5604,0.0546,0.3417,0.5548,0.0517
2014-04-03,0.517,-0.1107,0.3797,0.4642,0.0601
2014-04-07,0.4973,-0.1217,0.4481,0.3672,0.0612
2014-04-08,0.5379,-0.2732,0.447,0.4752,0.0688
2014-04-09,0.514,-0.3696,0.4934,0.4843,0.0584
2014-04-10,0.5202,-0.2086,0.5076,0.5826,0.0628
2014-04-11,0.5029,-0.2415,0.5399,0.5677,0.0599
2014-04-14,0.4564,-0.0769,0.502,0.6135,0.0681
2014-04-15,0.4338,-0.1189,0.5375,0.6177,0.0546
2014-04-16,0.4669,-0.1238,0.5213,0.6131,0.0588
2014-04-17,0.4377,-0.2212,0.5465,0.4885,0.0632
2014-04-18,0.438,-0.1935,0.6006,0.5323,0.0627
2014-04-21,0.4615,-0.1416,0.5923,0.5608,0.0526
2014-04-22,0.505,-0.0517,0.5917,0.4822,0.0656
2014-04-23,0.4485,0.0559,0.5637,0.4483,0.0549
2014-04-24,0.4558,0.0443,0.5497,0.2899,0.0432
2014-04-25,0.4616,0.029,0.5736,0.1777,0.0366
2014-04-28,0.4777,-0.0247,0.5464,0.1238,0.0527
2014-04-29,0.4666,0.0406,0.5204,0.1774,0.0435
2014-04-30,0.4445,0.0645,0.5924,0.0,0.0326
2014-05-02,0.4332,0.184,0.5941,0.0729,0.0472
2014-05-05,0.4247,0.0953,0.6779,0.0228,0.0544
2014-05-06,0.4583,0.1701,0.6393,0.0,0.0408
2014-05-07,0.4892,0.1613,0.6087,0.0196,0.0539
2014-05-08,0.4664,0.1401,0.5985,0.1128,0.0506
2014-05-09,0.4549,0.2222,0.5338,0.1706,0.0543
2014-05-12,0.5081,0.0707,0.5049,0.1791,0.0492
2014-05-13,0.5635,0.1761,0.4513,0.1594,0.0428
2014-05-14,0.6037,0.0252,0.4313,0.3271,0.0508
2014-05-15,0.6021,-0.007,0.4193,0.487,0.0556
2014-05-16,0.6156,0.0706,0.4654,0.6166,0.058
2014-05-19,0.5716,0.1424,0.4778,0.4781,0.0457
2014-05-20,0.5426,0.0188,0.5466,0.4307,0.0406
2014-05-21,0.5473,0.1093,0.5498,0.4288,0.0549
2014-05-22,0.5796,0.0605,0.545,0.4687,0.0498
2014-05-23,0.547,0.2317,0.5938,0.4936,0.0355
2014-05-26,0.4872,0.2334,0.6449,0.6476,0.0484
2014-05-27,0.5092,0.1151,0.6825,0.6281,0.0632
2014-05-28,0.5236,0.0716,0.7609,0.647,0.0517
2014-05-29,0.4999,-0.1346,0.775,0.6533,0.037
2014-05-30,0.5019,-0.1157,0.789,0.6955,0.0406
2014-06-03,0.4962,0.0076,0.7853,0.6837,0.0313
2014-06-04,0.4741,0.0041,0.8019,0.6224,0.0472
2014-06-05,0.5211,0.0185,0.8564,0.7177,0.0416
2014-06-06,0.4759,-0.117,0.8082,0.5672,0.0442
2014-06-09,0.4749,-0.1544,0.8233,0.6118,0.0603
2014-06-10,0.5451,-0.04,0.7735,0.5982,0.0606
2014-06-11,0.555,-0.0402,0.772,0.5547,0.0473
2014-06-12,0.6179,-0.1016,0.7992,0.6632,0.0593
2014-06-13,0.634,0.0388,0.8337,0.6049,0.0663
2014-06-16,0.6392,-0.0958,0.8086,0.6767,0.0648
2014-06-17,0.6568,-0.0143,0.8088,0.5812,0.0702
2014-06-18,0.6775,0.152,0.7885,0.4477,0.0506
2014-06-19,0.6629,0.0468,0.7569,0.3664,0.0583
2014-06-20,0.6817,-0.0206,0.7738,0.4925,0.068
2014-06-23,0.6994,0.0352,0.8176,0.5245,0.0643
2014-06-24,0.7096,0.1065,0.801,0.7405,0.0607
2014-06-25,0.7414,0.2396,0.8346,0.6622,0.0522
2014-06-26,0.7681,-0.0081,0.8579,0.5498,0.0456
2014-06-27,0.7551,0.1493,0.8627,0.5506,0.0386
2014-06-30,0.7467,0.1467,0.8991,0.5436,0.0305
2014-07-01,0.7669,0.0084,0.8923,0.5023,0.0383
2014-07-02,0.8078,-0.0313,0.8832,0.45,0.0544
2014-07-03,0.9072,-0.0016,0.881,0.2806,0.0447
2014-07-04,0.9081,0.0353,0.938,0.3915,0.0349
2014-07-07,0.8619,0.0294,0.9725,0.412,0.0323
2014-07-08,0.8167,0.1025,0.9683,0.3886,0.0435
2014-07-09,0.8288,0.0131,0.9587,0.3969,0.0472
2014-07-10,0.8768,-0.0886,1.0,0.5785,0.0356
2014-07-11,0.8553,-0.084,0.987,0.5586,0.0468
2014-07-14,0.847,0.1134,0.8842,0.5761,0.0369
2014-07-15,0.8527,0.1088,0.8587,0.6217,0.0485
2014-07-16,0.8482,0.085,0.8238,0.6101,0.056
2014-07-17,0.8847,-0.0882,0.8287,0.2882,0.058
2014-07-18,0.8806,-0.1533,0.8932,0.1925,0.0438
2014-07-21,0.7944,-0.0103,0.884,0.2424,0.0423
2014-07-22,0.7721,-0.156,0.9686,0.3175,0.0437
2014-07-23,0.7603,-0.029,1.0,0.2633,0.045
2014-07-24,0.7294,0.1978,0.9977,0.3988,0.0447
2014-07-25,0.7438,0.1444,0.9861,0.5496,0.036
2014-07-28,0.7361,0.1809,0.9431,0.6058,0.0438
2014-07-29,0.7289,0.0619,1.0,0.5985,0.0587
2014-07-30,0.7402,-0.1105,0.9953,0.6715,0.0564
2014-07-31,0.751,-0.1787,0.9718,0.5101,0.0538
2014-08-01,0.7373,-0.084,0.9606,0.4642,0.0543
2014-08-04,0.6963,-0.0264,0.9141,0.4902,0.0499
2014-08-05,0.6828,-0.0275,0.9429,0.3691,0.0608
2014-08-06,0.6385,0.0472,0.8963,0.1552,0.0543
2014-08-07,0.629,0.0483,0.9707,0.2694,0.0617
2014-08-08,0.5956,-0.036,0.9811,0.3656,0.0729
2014-08-11,0.6272,0.0709,1.0,0.4645,0.069
2014-08-12,0.6559,0.0565,1.0,0.5999,0.0537
2014-08-13,0.6803,0.2297,0.9651,0.5871,0.0649
2014-08-14,0.6435,0.2164,1.0,0.5249,0.0551
2014-08-15,0.6359,0.1869,0.9552,0.5557,0.0528
2014-08-18,0.6172,0.1861,0.8845,0.6305,0.0632
2014-08-19,0.6254,0.2485,0.8862,0.5313,0.0616
2014-08-20,0.6483,0.3532,0.8832,0.4877,0.0458
2014-08-21,0.6692,0.2014,0.857,0.4675,0.0434
2014-08-22,0.6693,0.2817,0.9051,0.5595,0.0595
2014-08-25,0.6883,0.2087,0.979,0.3737,0.0441
2014-08-26,0.6513,0.1215,0.9351,0.4376,0.0546
2014-08-27,0.6391,-0.0192,0.9301,0.6013,0.0443
2014-08-28,0.6565,-0.1041,0.9075,0.4542,0.0475
2014-08-29,0.645,-0.0888,0.8284,0.3359,0.057
2014-09-01,0.5843,-0.1312,0.8371,0.3023,0.046
2014-09-02,0.5978,0.0483,0.8221,0.2902,0.0366
2014-09-03,0.6011,0.1037,0.8348,0.4219,0.0455
2014-09-04,0.6252,0.0395,0.8658,0.5813,0.0529
2014-09-05,0.6731,0.1739,0.9304,0.5261,0.0478
2014-09-09,0.6731,0.2204,0.8885,0.5177,0.0444
2014-09-10,0.5872,0.2275,0.7959,0.5659,0.0406
2014-09-11,0.5854,0.2255,0.8159,0.5985,0.0359
2014-09-12,0.6054,0.1975,0.7446,0.5888,0.0309
2014-09-15,0.568,0.1154,0.7165,0.5668,0.045
2014-09-16,0.5825,0.178,0.7255,0.5544,0.0397
2014-09-17,0.5776,0.173,0.7633,0.5195,0.0544
2014-09-18,0.5865,0.0747,0.76,0.461,0.0524
2014-09-19,0.6192,0.1107,0.7502,0.4256,0.066
2014-09-22,0.6121,0.0771,0.7544,0.2126,0.0558
2014-09-23,0.651,0.0785,0.7419,0.0727,0.0632
2014-09-24,0.637,0.0109,0.754,0.0,0.0506
2014-09-25,0.6307,0.0125,0.7036,0.006,0.0648
2014-09-26,0.6173,0.0681,0.7157,0.0716,0.053
2014-09-29,0.6006,-0.066,0.6961,0.1628,0.0636
2014-09-30,0.6263,-0.0315,0.6973,0.2114,0.0708
2014-10-01,0.6569,-0.0853,0.6815,0.1474,0.0571
2014-10-02,0.6419,-0.1055,0.7173,0.1734,0.0583
2014-10-03,0.6457,-0.1855,0.7063,0.0529,0.0698
2014-10-06,0.6346,-0.2161,0.6304,0.0219,0.056
2014-10-07,0.6445,-0.1124,0.6456,0.0,0.064
2014-10-08,0.6344,-0.2101,0.6529,0.0,0.0662
2014-10-09,0.5944,-0.0104,0.6181,0.1468,0.0705
2014-10-13,0.5548,0.071,0.5826,0.2524,0.0607
2014-10-14,0.5571,0.0136,0.5274,0.4039,0.0594
2014-10-15,0.5938,0.1204,0.4774,0.494,0.0697
2014-10-16,0.5556,0.2793,0.5148,0.4234,0.0592
2014-10-17,0.5615,0.1937,0.589,0.6203,0.0431
2014-10-20,0.4993,0.0964,0.5695,0.5243,0.0525
2014-10-21,0.4892,0.0046,0.5713,0.4454,0.0659
2014-10-22,0.4948,-0.1507,0.467,0.4234,0.0563
2014-10-23,0.4517,0.0547,0.468,0.5729,0.04
2014-10-24,0.4059,-0.021,0.3969,0.5122,0.0478
2014-10-27,0.3712,-0.1534,0.3678,0.4593,0.0346
2014-10-28,0.3775,-0.1103,0.3497,0.4415,0.0455
2014-10-29,0.4303,-0.4507,0.2663,0.4565,0.0401
2014-10-30,0.4317,-0.4628,0.2987,0.6607,0.0303
2014-10-31,0.4527,-0.4209,0.2582,0.5865,0.0387
2014-11-03,0.4593,-0.313,0.2392,0.729,0.0568
2014-11-04,0.5432,-0.2869,0.2377,0.5502,0.0682
2014-11-05,0.569,-0.1443,0.2017,0.5681,0.0756
2014-11-06,0.5222,-0.1658,0.2601,0.4205,0.0619
2014-11-07,0.4911,-0.0836,0.2191,0.2901,0.052
2014-11-10,0.4882,0.0435,0.1875,0.3683,0.0515
2014-11-11,0.45,0.2127,0.1496,0.5163,0.0442
2014-11-12,0.4279,0.1347,0.1056,0.3955,0.0538
2014-11-13,0.4078,-0.0715,0.09,0.3497,0.0384
2014-11-14,0.3873,-0.2018,0.066,0.3204,0.0406
2014-11-17,0.3396,-0.1344,0.0,0.3533,0.0294
2014-11-18,0.3588,-0.0533,0.0,0.2989,0.0415
2014-11-19,0.3035,-0.053,0.0,0.4963,0.0498
2014-11-20,0.26,0.0519,0.0149,0.5746,0.0512
2014-11-21,0.2774,-0.0982,0.0312,0.6158,0.0567
2014-11-24,0.2743,-0.1506,0.0342,0.5262,0.0509
2014-11-25,0.2592,-0.1346,0.024,0.5342,0.0411
2014-11-26,0.271,-0.3318,0.0568,0.5308,0.0392
2014-11-27,0.2501,-0.4177,0.0525,0.5052,0.0316
2014-11-28,0.2382,-0.5845,0.0933,0.5113,0.0405
2014-12-01,0.2561,-0.5042,0.0798,0.648,0.0504
2014-12-02,0.2517,-0.3573,0.129,0.5589,0.0603
2014-12-03,0.2907,-0.1559,0.1686,0.5086,0.0673
2014-12-04,0.2779,-0.2122,0.186,0.5942,0.0616
2014-12-05,0.28,-0.2563,0.1777,0.6252,0.0561
2014-12-08,0.3136,-0.2013,0.1602,0.7476,0.0666
2014-12-09,0.3043,-0.1262,0.199,0.8252,0.0524
2014-12-10,0.3468,-0.2288,0.1862,0.7693,0.0467
2014-12-11,0.3438,-0.2582,0.1423,0.645,0.0622
2014-12-12,0.3231,-0.4181,0.1308,0.6711,0.0652
2014-12-15,0.3343,-0.4166,0.1267,0.7952,0.0597
2014-12-16,0.3349,-0.3183,0.1387,0.7142,0.0684
2014-12-17,0.3638,-0.4693,0.1606,0.4758,0.0597
2014-12-18,0.3369,-0.3117,0.1717,0.4377,0.05
2014-12-19,0.3707,-0.1393,0.209,0.5552,0.0584
2014-12-22,0.3468,-0.2997,0.2357,0.649,0.0621
2014-12-23,0.396,-0.3561,0.2313,0.57,0.0721
2014-12-24,0.3779,-0.3258,0.3021,0.6313,0.0626
2014-12-25,0.3283,-0.2788,0.312,0.4773,0.0599
2014-12-26,0.2446,-0.2813,0.3519,0.4752,0.0494
2014-12-29,0.2305,-0.2424,0.3716,0.461,0.0518
2014-12-30,0.2584,-0.235,0.3372,0.456,0.0553
2014-12-31,0.2498,-0.1459,0.2881,0.4567,0.0605
2015-01-05,0.2581,-0.2326,0.2238,0.4926,0.0494
2015-01-06,0.2581,-0.2745,0.2363,0.4358,0.0454
2015-01-07,0.1945,-0.1417,0.2024,0.4033,0.0441
2015-01-08,0.2378,-0.104,0.2034,0.3634,0.0317
2015-01-09,0.2596,0.0299,0.2386,0.344,0.0232
2015-01-12,0.2183,0.0544,0.2323,0.3511,0.0325
2015-01-13,0.1688,-0.0785,0.245,0.3415,0.0451
2015-01-14,0.1406,0.0504,0.1985,0.4088,0.0608
2015-01-15,0.1573,0.1534,0.2172,0.3329,0.0499
2015-01-16,0.2048,-0.0197,0.2501,0.4306,0.0425
2015-01-19,0.1779,0.0039,0.2347,0.4697,0.0315
2015-01-20,0.2144,-0.1264,0.2354,0.5552,0.0336
2015-01-21,0.2166,-0.0641,0.1629,0.6667,0.0368
2015-01-22,0.2626,0.0388,0.1406,0.5684,0.0319
2015-01-23,0.2364,0.1354,0.1663,0.5715,0.0363
2015-01-26,0.2007,-0.1072,0.1167,0.3697,0.0304
2015-01-27,0.2174,-0.2688,0.0998,0.3822,0.0218
2015-01-28,0.1544,-0.1313,0.0668,0.3574,0.0213
2015-01-29,0.1091,-0.1361,0.0971,0.321,0.0305
2015-01-30,0.1264,-0.2846,0.0861,0.1833,0.0316
2015-02-02,0.0967,0.0103,0.0985,0.2396,0.0514
2015-02-03,0.0999,0.0693,0.1251,0.2872,0.0366
2015-02-04,0.1459,-0.0576,0.2309,0.0791,0.0516
2015-02-05,0.1278,-0.0751,0.1973,0.0,0.043
2015-02-06,0.13,-0.0236,0.2393,0.0891,0.0318
2015-02-09,0.1247,0.0682,0.2713,0.2619,0.0449
2015-02-10,0.0808,0.0082,0.2925,0.2535,0.0587
2015-02-11,0.0984,0.0096,0.3562,0.4124,0.0453
2015-02-12,0.0541,0.0137,0.4022,0.3287,0.0363
2015-02-13,0.0626,-0.0284,0.4643,0.4046,0.0311
2015-02-24,0.0845,-0.024,0.5127,0.4321,0.0319
2015-02-25,0.0385,-0.045,0.5207,0.3234,0.0442
2015-02-26,0.0546,0.0737,0.4881,0.307,0.0464
2015-03-02,0.0298,0.1518,0.4774,0.4523,0.0428
2015-03-03,0.0064,0.1324,0.4657,0.2564,0.058
2015-03-04,0.0452,0.1259,0.512,0.4189,0.0517
2015-03-05,0.065,0.1119,0.5623,0.4245,0.0413
2015-03-06,0.0151,0.0622,0.6236,0.3283,0.0453
2015-03-09,0.0265,0.1099,0.5597,0.4734,0.0328
2015-03-10,0.0,0.1131,0.5187,0.5252,0.048
2015-03-11,0.0,0.1447,0.5081,0.4986,0.039
2015-03-12,0.0386,0.2706,0.5097,0.4936,0.0332
2015-03-13,0.0,0.1799,0.473,0.3857,0.047
2015-03-16,0.0,0.1339,0.3753,0.4054,0.0442
2015-03-17,0.0187,0.1864,0.3784,0.6178,0.052
2015-03-18,0.0075,0.2074,0.4437,0.6248,0.0419
2015-03-19,0.0222,0.2461,0.3831,0.5118,0.0566
2015-03-20,0.0,0.3736,0.378,0.5088,0.0421
2015-03-23,0.0,0.3246,0.3894,0.4079,0.0304
2015-03-24,0.0,0.2494,0.388,0.3267,0.0339
2015-03-25,0.0,0.249,0.4541,0.3218,0.0363
2015-03-26,0.0314,0.2088,0.4736,0.1586,0.0261
2015-03-27,0.0313,0.2276,0.4744,0.026,0.043
2015-03-30,0.042,0.2957,0.4802,0.1444,0.0533
2015-03-31,0.0262,0.2797,0.5551,0.2388,0.0424
2015-04-01,0.0099,0.4114,0.5585,0.3039,0.0556
2015-04-02,0.0168,0.3323,0.5938,0.3575,0.0596
2015-04-07,0.0132,0.2308,0.5727,0.4967,0.0504
2015-04-08,0.0117,0.0333,0.6498,0.4415,0.0517
2015-04-09,0.0,-0.026,0.7052,0.4108,0.0398
2015-04-10,0.0,0.0385,0.7598,0.3201,0.0371
2015-04-13,0.0735,0.0197,0.8123,0.2489,0.0347
2015-04-14,0.0228,-0.0982,0.8361,0.2759,0.0298
2015-04-15,0.0138,-0.098,0.867,0.3317,0.0489
2015-04-16,0.0169,-0.2644,0.8497,0.2549,0.0371
2015-04-17,0.0386,-0.3429,0.8378,0.2962,0.0336
2015-04-20,0.0531,-0.3135,0.9087,0.3327,0.0244
2015-04-21,0.0414,-0.3568,0.9637,0.3038,0.0243
2015-04-22,0.0344,-0.1659,1.0,0.4244,0.0315
2015-04-23,0.058,0.0741,0.9739,0.2743,0.0241
2015-04-24,0.0255,0.0208,0.9873,0.2502,0.0251
2015-04-27,0.0197,-0.0625,0.9576,0.0798,0.0311
2015-04-28,0.0772,0.0192,0.9645,0.1217,0.0483
2015-04-29,0.0376,0.1295,0.96,0.0445,0.0456
2015-04-30,0.092,0.1471,0.9883,0.154,0.0335
2015-05-04,0.119,0.048,0.9464,0.2112,0.0301
2015-05-05,0.084,-0.0709,0.9005,0.2983,0.0227
2015-05-06,0.0916,-0.1136,0.8309,0.2302,0.0436
2015-05-07,0.0727,-0.0403,0.7507,0.3841,0.0593
2015-05-08,0.0492,0.0214,0.7219,0.4272,0.052
2015-05-11,0.0427,-0.0084,0.6752,0.4292,0.043
2015-05-12,0.0408,0.032,0.6511,0.5759,0.0303
2015-05-13,0.0744,0.1536,0.6694,0.6427,0.0507
2015-05-14,0.0225,0.1226,0.6689,0.466,0.0411
2015-05-15,0.0089,0.1391,0.6437,0.4343,0.0323
2015-05-18,0.0131,0.115,0.7221,0.4037,0.046
2015-05-19,0.0144,0.121,0.7243,0.5245,0.0395
2015-05-20,0.0,0.0288,0.7363,0.557,0.0503
2015-05-21,0.0517,-0.0811,0.7834,0.5421,0.0381
2015-05-22,0.0701,0.0475,0.7691,0.6642,0.0523
2015-05-25,0.0613,0.0769,0.751,0.6835,0.0453
2015-05-26,0.0461,0.1401,0.8179,0.5771,0.0617
2015-05-27,0.035,0.136,0.8174,0.6701,0.0712
2015-05-28,0.0447,0.0647,0.846,0.6125,0.0751
2015-05-29,0.0313,0.1785,0.7888,0.3152,0.0695
2015-06-01,0.0747,0.0298,0.837,0.2688,0.0567
2015-06-02,0.1007,0.1091,0.9459,0.2936,0.0589
2015-06-03,0.098,0.1042,0.8814,0.3694,0.0458
2015-06-04,0.1216,0.1016,0.88,0.2433,0.0616
2015-06-05,0.1394,-0.0981,0.8844,0.2756,0.0711
2015-06-08,0.1479,-0.1163,0.9386,0.3859,0.0614
2015-06-09,0.097,0.0794,0.9232,0.4903,0.055
2015-06-10,0.1009,0.0996,0.9736,0.3072,0.0613
2015-06-11,0.0808,-0.0694,0.9755,0.3483,0.0614
2015-06-12,0.0907,-0.0673,0.9393,0.4138,0.0728
2015-06-15,0.0587,0.0183,1.0,0.3156,0.0681
2015-06-16,0.0469,0.1575,0.9658,0.4055,0.0607
2015-06-17,0.0712,0.1135,0.9179,0.4626,0.0673
2015-06-18,0.0793,0.1339,0.8878,0.4795,0.0656
2015-06-22,0.1037,-0.0887,0.9246,0.5435,0.0513
2015-06-23,0.0606,0.018,0.9011,0.4225,0.0647
2015-06-24,0.0565,0.0954,0.8494,0.2731,0.0698
2015-06-25,0.0604,0.1111,0.8729,0.2243,0.0665
2015-06-26,0.1264,0.1069,0.8459,0.3076,0.0662
2015-06-29,0.1417,0.219,0.8567,0.2103,0.0479
2015-06-30,0.1933,0.3655,0.9435,0.2361,0.0491
2015-07-01,0.2022,0.349,0.9497,0.1415,0.0642
2015-07-02,0.1658,0.3769,0.9197,0.1822,0.0741
2015-07-03,0.1374,0.47,0.8791,0.3354,0.059
2015-07-06,0.1518,0.1941,0.8666,0.4573,0.0578
2015-07-07,0.1697,0.2362,0.8343,0.3253,0.0535
2015-07-08,0.1791,0.0509,0.8376,0.4445,0.0585
2015-07-09,0.2241,0.0419,0.8369,0.3997,0.0553
2015-07-10,0.2178,0.1215,0.8571,0.2018,0.0571
2015-07-13,0.2783,0.0856,0.8337,0.0755,0.0452
2015-07-14,0.3137,0.0731,0.8806,0.3491,0.0327
2015-07-15,0.3251,0.1311,0.8712,0.2226,0.0396
2015-07-16,0.3171,0.1418,0.8927,0.188,0.0303
2015-07-17,0.3482,0.0625,0.9679,0.0804,0.0239
2015-07-20,0.333,0.1653,0.9548,0.1738,0.0303
2015-07-21,0.3214,0.1265,0.9485,0.3032,0.0375
2015-07-22,0.3143,0.0674,0.9429,0.3393,0.029
2015-07-23,0.2679,0.0904,0.8824,0.3947,0.0472
2015-07-24,0.2494,0.2644,0.875,0.4681,0.0408
2015-07-27,0.2928,0.3237,0.8535,0.3222,0.0541
2015-07-28,0.2874,0.1574,0.8098,0.374,0.0391
2015-07-29,0.2623,0.1467,0.7602,0.486,0.0526
2015-07-30,0.2589,0.1175,0.6927,0.4493,0.0405
2015-07-31,0.2815,-0.0396,0.6885,0.3106,0.0558
2015-08-03,0.2936,-0.0731,0.6449,0.2726,0.0489
2015-08-04,0.2695,-0.0881,0.6378,0.3905,0.04
2015-08-05,0.2385,-0.0919,0.5601,0.3106,0.0335
2015-08-06,0.2717,0.0521,0.6009,0.3109,0.0246
2015-08-07,0.2588,-0.0416,0.5991,0.1516,0.0225
2015-08-10,0.289,-0.1065,0.5967,0.1013,0.0435
2015-08-11,0.2751,-0.2417,0.6435,0.1058,0.0376
2015-08-12,0.2618,-0.2674,0.6452,0.099,0.0479
2015-08-13,0.1815,-0.1979,0.7626,0.1069,0.0521
2015-08-14,0.1568,-0.093,0.755,0.0126,0.0658
2015-08-17,0.138,-0.0021,0.7244,0.0152,0.0641
2015-08-18,0.1037,0.0035,0.6891,0.0,0.0683
2015-08-19,0.0747,0.0782,0.6885,0.1209,0.0495
2015-08-20,0.0801,0.0458,0.6495,0.1716,0.0467
2015-08-21,0.1081,-0.0515,0.6939,0.2357,0.047
2015-08-24,0.0812,-0.0839,0.6491,0.2525,0.0432
2015-08-25,0.0799,0.0632,0.6081,0.3995,0.0484
2015-08-26,0.1093,0.0575,0.5734,0.403,0.06
2015-08-27,0.0761,-0.0017,0.6269,0.3809,0.0613
2015-08-28,0.0905,-0.0816,0.5785,0.2448,0.0579
2015-08-31,0.1484,-0.1138,0.576,0.3098,0.0491
2015-09-01,0.1068,-0.1229,0.4657,0.2701,0.0576
2015-09-02,0.0646,-0.3796,0.4532,0.226,0.0532
2015-09-03,0.0447,-0.2844,0.482,0.3816,0.0603
2015-09-04,0.0,-0.2,0.4285,0.4084,0.0609
2015-09-07,0.0007,0.0228,0.3801,0.3559,0.0693
2015-09-08,0.0173,-0.0511,0.3727,0.3139,0.0568
2015-09-09,0.0104,-0.0836,0.4155,0.2296,0.0552
2015-09-10,0.0375,-0.0915,0.3668,0.2016,0.043
2015-09-11,0.0815,-0.0363,0.3749,0.1991,0.0408
2015-09-14,0.0583,-0.1178,0.3015,0.166,0.0291
2015-09-15,0.046,-0.0686,0.2314,0.1478,0.0393
2015-09-16,0.0626,-0.1151,0.132,0.0636,0.0398
2015-09-17,0.044,-0.086,0.0876,0.0531,0.0487
2015-09-18,0.0171,-0.0793,0.0742,0.0,0.0522
2015-09-21,0.0,0.2517,0.0593,0.1351,0.0499
2015-09-22,0.0576,0.2088,0.1098,0.2127,0.0641
2015-09-23,0.106,0.1379,0.0729,0.2734,0.0469
2015-09-24,0.1111,0.0395,0.0397,0.3447,0.0436
2015-09-25,0.0584,0.0269,0.0008,0.3608,0.0412
2015-09-29,0.0169,0.0037,0.0,0.5236,0.046
2015-09-30,0.0069,-0.1485,0.0203,0.5031,0.041
2015-10-01,0.0183,-0.2058,0.016,0.552,0.0342
2015-10-02,0.0486,-0.3336,0.0392,0.739,0.0471
2015-10-05,0.0,-0.3267,0.0093,0.5885,0.0349
2015-10-06,0.0467,-0.2289,0.0,0.463,0.0511
2015-10-07,0.0882,-0.2169,0.0398,0.406,0.0506
2015-10-08,0.0657,-0.252,0.1386,0.3554,0.0498
2015-10-12,0.0465,-0.2315,0.1942,0.269,0.0551
2015-10-13,0.0722,-0.1921,0.1873,0.1727,0.0548
2015-10-14,0.0934,-0.2688,0.2613,0.23,0.0605
2015-10-15,0.1213,-0.2454,0.3058,0.2294,0.0491
2015-10-16,0.1644,-0.332,0.2927,0.3416,0.0474
2015-10-19,0.1667,-0.488,0.3305,0.4218,0.039
2015-10-20,0.1419,-0.3096,0.2812,0.2754,0.0379
2015-10-21,0.1025,-0.2295,0.2602,0.4329,0.0445
2015-10-22,0.1054,-0.1986,0.2763,0.3859,0.0556
2015-10-23,0.0463,-0.2452,0.2815,0.4524,0.052
2015-10-26,0.0546,-0.1419,0.2175,0.5239,0.0389
2015-10-27,0.0423,-0.1393,0.2736,0.5003,0.0281
2015-10-28,0.0297,-0.1731,0.3221,0.503,0.0423
2015-10-29,0.0,-0.0986,0.3376,0.4468,0.0393
2015-10-30,0.0323,-0.1678,0.3014,0.3492,0.0488
2015-11-02,0.0512,-0.1255,0.2759,0.2013,0.0615
2015-11-03,0.0519,-0.2991,0.2626,0.0866,0.0587
2015-11-04,0.0633,-0.2518,0.2647,0.1152,0.0456
2015-11-05,0.0504,-0.13,0.2283,0.1539,0.0496
2015-11-06,0.1038,-0.0553,0.2146,0.0467,0.0626
2015-11-09,0.1514,0.0456,0.1823,0.091,0.0443
2015-11-10,0.1164,0.0848,0.149,0.1702,0.0532
2015-11-11,0.1314,0.0476,0.173,0.0295,0.039
2015-11-12,0.1693,-0.0851,0.1724,0.0,0.0433
2015-11-13,0.2011,0.1649,0.208,0.3657,0.0464
2015-11-16,0.2235,0.0691,0.1721,0.5903,0.0453
2015-11-17,0.2182,0.2505,0.1026,0.554,0.0607
2015-11-18,0.1368,0.1642,0.1507,0.5234,0.0533
2015-11-19,0.1212,0.204,0.1833,0.505,0.067
2015-11-20,0.0684,0.2295,0.2332,0.5638,0.0687
2015-11-23,0.0946,0.151,0.2661,0.5821,0.0689
2015-11-24,0.0278,0.1258,0.2613,0.5896,0.0527
2015-11-25,0.0522,0.0401,0.1597,0.7304,0.0656
2015-11-26,0.0866,0.0868,0.2122,0.7173,0.0748
2015-11-27,0.078,0.1902,0.1943,0.6934,0.0819
2015-11-30,0.0903,0.2636,0.2016,0.6773,0.0772
2015-12-01,0.082,0.2299,0.1857,0.6094,0.0711
2015-12-02,0.0934,0.1596,0.192,0.4967,0.069
2015-12-03,0.0257,0.2833,0.2182,0.5338,0.0634
2015-12-04,0.0583,0.1823,0.1715,0.5281,0.0549
2015-12-07,0.0452,0.2319,0.1937,0.545,0.0633
2015-12-08,0.0284,0.2016,0.2252,0.4778,0.0663
2015-12-09,0.0319,0.3216,0.1872,0.4029,0.0705
2015-12-10,0.049,0.2205,0.1661,0.2797,0.0547
2015-12-11,0.026,0.0403,0.1538,0.306,0.0495
2015-12-14,0.0116,0.0159,0.1085,0.3416,0.0435
2015-12-15,0.0201,-0.0588,0.0923,0.3789,0.0591
2015-12-16,0.0637,-0.4216,0.1729,0.3322,0.0468
2015-12-17,0.025,-0.4754,0.142,0.4785,0.0561
2015-12-18,0.0582,-0.2202,0.1004,0.3722,0.0442
2015-12-21,0.1124,0.0334,0.014,0.2997,0.0606
2015-12-22,0.1077,-0.0438,0.0106,0.2925,0.0521
2015-12-23,0.0539,-0.1464,0.0,0.368,0.0456
2015-12-24,0.0355,-0.1193,0.0225,0.4517,0.042
2015-12-25,0.0008,-0.1537,0.0409,0.4009,0.0439
2015-12-28,0.0209,-0.1492,0.0123,0.4889,0.0383
2015-12-29,0.0,-0.2436,0.0573,0.2556,0.041
2015-12-30,0.0,-0.2225,0.0237,0.2644,0.0327
2015-12-31,0.0,-0.1886,0.0027,0.3564,0.0512
2016-01-04,0.0271,-0.1072,0.0744,0.4184,0.0599
2016-01-05,0.0,-0.3853,0.0762,0.4825,0.0714
2016-01-06,0.0,-0.4134,0.1147,0.5692,0.0641
2016-01-07,0.0,-0.3656,0.1173,0.5547,0.0563
2016-01-08,0.0147,-0.2201,0.1217,0.3962,0.0457
2016-01-11,0.0135,-0.0492,0.1628,0.442,0.0356
2016-01-12,0.0673,0.0109,0.1063,0.5501,0.0538
2016-01-13,0.075,0.0798,0.1238,0.6167,0.0668
2016-01-14,0.0746,0.0183,0.1457,0.6074,0.0558
2016-01-15,0.046,-0.0202,0.1445,0.7851,0.049
2016-01-18,0.0016,-0.231,0.2112,0.8028,0.0609
2016-01-19,0.0,-0.3001,0.1813,0.6809,0.054
2016-01-20,0.017,-0.2666,0.1048,0.5902,0.0429
2016-01-21,0.0,-0.2298,0.0995,0.5042,0.0381
2016-01-22,0.0,-0.1763,0.1417,0.3445,0.0464
2016-01-25,0.0,-0.1404,0.2158,0.391,0.0331
2016-01-26,0.0126,-0.0583,0.246,0.2592,0.0274
2016-01-27,0.0,0.0655,0.2284,0.2859,0.0377
2016-01-28,0.0211,-0.062,0.2702,0.4207,0.0426
2016-01-29,0.0405,-0.0736,0.2803,0.1921,0.0577
2016-02-01,0.0015,-0.1039,0.2335,0.4,0.0648
2016-02-02,0.0031,-0.3056,0.2429,0.3813,0.0729
2016-02-03,0.0,-0.2166,0.2649,0.6257,0.0588
2016-02-15,0.0221,-0.1273,0.2794,0.6052,0.0556
2016-02-16,0.0043,-0.1067,0.2732,0.6245,0.0475
2016-02-17,0.0,0.0019,0.325,0.5617,0.058
2016-02-18,0.0504,0.036,0.3924,0.5753,0.0427
2016-02-19,0.083,-0.0624,0.4032,0.4961,0.0492
2016-02-22,0.101,-0.1342,0.4669,0.4405,0.0421
2016-02-23,0.0746,-0.2206,0.4191,0.5369,0.0305
2016-02-24,0.0525,-0.2095,0.4342,0.5216,0.0334
2016-02-25,0.0651,-0.2523,0.4614,0.5161,0.0411
2016-02-26,0.0648,-0.1896,0.4841,0.4254,0.0421
2016-03-01,0.0819,-0.1913,0.4288,0.2186,0.0406
2016-03-02,0.088,-0.2325,0.4598,0.2875,0.058
2016-03-03,0.0883,-0.0752,0.4092,0.2232,0.0649
2016-03-04,0.0732,-0.0543,0.3438,0.2997,0.0732
2016-03-07,0.0442,0.1593,0.3335,0.2926,0.0636
2016-03-08,0.0,0.1038,0.3847,0.3775,0.068
2016-03-09,0.0173,-0.0164,0.369,0.3452,0.0584
2016-03-10,0.0,-0.0399,0.3953,0.1502,0.0453
2016-03-11,0.0034,-0.0763,0.3888,0.1421,0.0523
2016-03-14,0.0019,-0.009,0.4073,0.0562,0.0577
2016-03-15,0.0285,-0.0795,0.3527,0.2275,0.0453
2016-03-16,0.0288,-0.0913,0.3148,0.4034,0.0334
2016-03-17,0.0438,-0.0833,0.3714,0.4999,0.0311
2016-03-18,0.0627,-0.0656,0.417,0.4226,0.032
2016-03-21,0.115,-0.1063,0.4607,0.4424,0.0456
2016-03-22,0.042,-0.1745,0.4938,0.354,0.0391
2016-03-23,0.0235,-0.1065,0.5207,0.1872,0.043
2016-03-24,0.0,-0.1157,0.573,0.1787,0.0327
2016-03-25,0.0,0.0178,0.5282,0.2443,0.0524
2016-03-28,0.0401,0.1214,0.5364,0.3844,0.0465
2016-03-29,0.0892,0.2126,0.5329,0.4402,0.052
2016-03-30,0.0837,0.0197,0.5274,0.3018,0.0508
2016-03-31,0.0505,0.014,0.5078,0.3507,0.0495
2016-04-01,0.0,-0.0653,0.5675,0.4736,0.0453
2016-04-06,0.0086,-0.0094,0.5886,0.5144,0.0528
2016-04-07,0.0399,0.0524,0.5624,0.655,0.0574
2016-04-08,0.0591,-0.0722,0.5301,0.6526,0.0411
2016-04-11,0.0622,-0.0468,0.548,0.646,0.0534
2016-04-12,0.0,-0.1053,0.5463,0.5802,0.0398
2016-04-13,0.0423,-0.1097,0.5722,0.7466,0.0287
2016-04-14,0.0539,0.0946,0.5824,0.6174,0.0358
2016-04-15,0.0782,-0.0146,0.5999,0.6561,0.0476
2016-04-18,0.0393,0.1129,0.6395,0.5979,0.0379
2016-04-19,0.0519,0.0054,0.7264,0.4838,0.0284
2016-04-20,0.067,-0.2064,0.7555,0.3609,0.0359
2016-04-21,0.0919,-0.1399,0.8108,0.2877,0.0408
2016-04-22,0.1222,-0.0868,0.7926,0.1964,0.0376
2016-04-25,0.0932,0.126,0.8957,0.0387,0.0529
2016-04-26,0.1034,0.235,0.8873,0.0,0.0666
2016-04-27,0.1175,0.1724,0.8761,0.1042,0.0517
2016-04-28,0.103,0.0742,0.9016,0.0575,0.0616
2016-04-29,0.094,-0.0531,0.9117,0.1643,0.0712
2016-05-03,0.092,-0.0805,0.8852,0.1121,0.0668
2016-05-04,0.0844,-0.0837,0.8401,0.2148,0.0689
2016-05-05,0.1179,-0.1714,0.8642,0.2362,0.0664
2016-05-06,0.1435,-0.2056,0.8613,0.5002,0.0534
2016-05-09,0.129,-0.3221,0.8882,0.4587,0.0416
2016-05-10,0.1366,-0.2631,0.9318,0.4659,0.0436
2016-05-11,0.1291,-0.1462,0.9142,0.4803,0.0418
2016-05-12,0.1161,-0.2724,0.9241,0.5096,0.0387
2016-05-13,0.2128,-0.1196,0.9532,0.4394,0.0343
2016-05-16,0.1919,-0.1189,0.9364,0.5382,0.0472
2016-05-17,0.2606,-0.2034,0.916,0.4327,0.0339
2016-05-18,0.3017,-0.1826,0.8749,0.5546,0.0356
2016-05-19,0.2536,-0.0307,0.8364,0.5991,0.0357
2016-05-20,0.2558,-0.1156,0.8894,0.4885,0.0329
2016-05-23,0.2633,-0.1662,0.9158,0.526,0.0231
2016-05-24,0.2887,-0.0559,0.9183,0.4873,0.04
2016-05-25,0.2666,-0.1425,0.8874,0.4416,0.0367
2016-05-26,0.3272,-0.0295,0.866,0.5211,0.0394
2016-05-27,0.3161,-0.0365,0.8946,0.5479,0.0344
2016-05-30,0.3871,0.0198,0.901,0.6505,0.0279
2016-05-31,0.401,0.1496,0.8796,0.7622,0.0212
2016-06-01,0.3906,0.0753,0.868,0.6442,0.0337
2016-06-02,0.43,0.083,0.9068,0.6073,0.0407
2016-06-03,0.4787,-0.1192,0.9294,0.6965,0.0353
2016-06-06,0.4673,-0.1374,0.9391,0.8219,0.0383
2016-06-07,0.514,0.0495,0.9701,0.6405,0.048
2016-06-08,0.5526,-0.0068,0.9652,0.5687,0.0349
2016-06-13,0.5538,-0.0568,1.0,0.486,0.0389
2016-06-14,0.5399,0.1259,1.0,0.4755,0.031
2016-06-15,0.5556,0.2468,0.9563,0.394,0.0306
2016-06-16,0.5652,0.0321,1.0,0.538,0.0429
2016-06-17,0.536,0.1013,1.0,0.5773,0.0578
2016-06-20,0.4906,0.1068,0.9875,0.6967,0.0511
2016-06-21,0.4695,0.3483,0.9799,0.6542,0.0599
2016-06-22,0.446,0.1709,1.0,0.6076,0.0433
2016-06-23,0.4271,0.2769,0.9699,0.4906,0.0478
2016-06-24,0.4354,0.3011,1.0,0.4797,0.0497
2016-06-27,0.4709,0.1576,0.9296,0.403,0.0554
2016-06-28,0.4693,0.1124,0.9099,0.4283,0.0624
2016-06-29,0.5146,0.0688,0.9239,0.4792,0.0632
2016-06-30,0.5037,0.1566,0.9625,0.495,0.0478
2016-07-01,0.5348,0.1063,0.9495,0.7025,0.0455
2016-07-04,0.5714,0.1207,0.9291,0.7114,0.0388
2016-07-05,0.5682,-0.1266,0.8891,0.6992,0.0489
2016-07-06,0.5616,-0.0762,0.9079,0.7432,0.0604
2016-07-07,0.4784,-0.1021,0.8484,0.5672,0.0463
2016-07-08,0.5224,-0.1014,0.8923,0.5882,0.0416
2016-07-11,0.5396,-0.0421,0.8884,0.6792,0.059
2016-07-12,0.5396,-0.0158,0.8091,0.5898,0.0709
2016-07-13,0.5666,0.0605,0.7922,0.5954,0.0664
2016-07-14,0.5832,0.0202,0.7781,0.5799,0.0528
2016-07-15,0.5204,-0.1646,0.7555,0.6098,0.0529
2016-07-18,0.4995,-0.166,0.7654,0.5631,0.0609
2016-07-19,0.469,-0.0785,0.746,0.5029,0.0725
2016-07-20,0.4807,-0.0008,0.7538,0.6986,0.0639
2016-07-21,0.5021,0.2268,0.7124,0.5946,0.0644
2016-07-22,0.4774,0.0594,0.7752,0.653,0.0498
2016-07-25,0.4316,0.0551,0.7715,0.5958,0.0589
2016-07-26,0.4323,0.0251,0.7218,0.4908,0.0635
2016-07-27,0.4582,0.0171,0.6672,0.4427,0.0551
2016-07-28,0.4605,0.0985,0.7009,0.4079,0.0472
2016-07-29,0.4113,-0.0547,0.7056,0.352,0.0575
2016-08-01,0.392,-0.0265,0.7258,0.2765,0.0547
2016-08-02,0.3671,-0.1003,0.6793,0.2062,0.0434
2016-08-03,0.3612,0.0157,0.6755,0.2568,0.0408
2016-08-04,0.3819,0.1291,0.6716,0.3707,0.0371
2016-08-05,0.4193,0.0685,0.6265,0.1543,0.0429
2016-08-08,0.442,0.057,0.5939,0.0286,0.0314
2016-08-09,0.3908,0.0397,0.5155,0.0,0.0228
2016-08-10,0.3671,0.0655,0.5,0.0,0.0409
2016-08-11,0.3848,0.0719,0.463,0.1434,0.0312
2016-08-12,0.3326,0.1393,0.4356,0.1945,0.0479
2016-08-15,0.3218,0.2833,0.4177,0.2419,0.042
2016-08-16,0.3137,0.3131,0.4209,0.2442,0.0511
2016-08-17,0.2776,0.4093,0.4203,0.4933,0.0433
2016-08-18,0.2905,0.2486,0.4134,0.4289,0.0329
2016-08-19,0.297,0.1025,0.4133,0.4035,0.0337
2016-08-22,0.3401,-0.0335,0.3818,0.385,0.0248
2016-08-23,0.3687,-0.112,0.3592,0.495,0.026
2016-08-24,0.3857,-0.0186,0.2638,0.4756,0.0343
2016-08-25,0.3841,0.0433,0.3088,0.3859,0.026
2016-08-26,0.4078,0.1059,0.3155,0.2942,0.0439
2016-08-29,0.3628,0.03,0.3413,0.3689,0.0422
2016-08-30,0.344,-0.058,0.4124,0.3591,0.0321
2016-08-31,0.3177,-0.3323,0.4003,0.3987,0.0431
2016-09-01,0.3624,-0.2644,0.3902,0.3963,0.0497
2016-09-02,0.3637,-0.4609,0.3595,0.3995,0.0402
2016-09-05,0.3736,-0.305,0.3779,0.535,0.0452
2016-09-06,0.4339,-0.2387,0.3782,0.5244,0.0342
2016-09-07,0.4157,-0.4453,0.3401,0.4531,0.0514
2016-09-08,0.4121,-0.2965,0.2846,0.5461,0.0371
2016-09-09,0.3583,-0.2523,0.3529,0.514,0.0392
2016-09-12,0.3865,-0.1462,0.318,0.398,0.0354
2016-09-13,0.357,-0.275,0.2698,0.2358,0.0479
2016-09-14,0.391,-0.1993,0.2673,0.3838,0.0441
2016-09-19,0.3263,-0.1716,0.2386,0.2018,0.0428
2016-09-20,0.3541,-0.2134,0.212,0.243,0.0595
2016-09-21,0.3873,-0.3417,0.2021,0.2752,0.0503
2016-09-22,0.354,-0.1528,0.2551,0.1517,0.0586
2016-09-23,0.3451,-0.0504,0.1929,0.1243,0.0552
2016-09-26,0.2766,-0.0431,0.1638,0.2546,0.0605
2016-09-27,0.2512,0.0108,0.1428,0.3206,0.0722
2016-09-28,0.2846,0.0585,0.1244,0.3254,0.0675
2016-09-29,0.2697,-0.0151,0.1119,0.4119,0.0713
2016-09-30,0.2631,-0.1155,0.0557,0.4102,0.0549
2016-10-03,0.2982,-0.1152,0.0603,0.379,0.0447
2016-10-04,0.333,0.0757,0.0453,0.442,0.0493
2016-10-05,0.3666,0.0277,0.0083,0.3946,0.0495
2016-10-06,0.4226,-0.156,0.0453,0.0978,0.0454
2016-10-07,0.4312,-0.1467,0.0093,0.159,0.0355
2016-10-11,0.4683,-0.1353,0.0034,0.2775,0.05
2016-10-12,0.4777,-0.1719,0.0,0.2778,0.0646
2016-10-13,0.4576,-0.2131,0.0004,0.3648,0.0586
2016-10-14,0.3927,-0.1839,0.0,0.3302,0.0608
2016-10-17,0.3964,-0.0767,0.0297,0.3466,0.0723
2016-10-18,0.4147,-0.0208,0.0576,0.291,0.0542
2016-10-19,0.4176,0.0181,0.0925,0.2236,0.0624
2016-10-20,0.3964,0.0022,0.0958,0.1279,0.0626
2016-10-21,0.3597,-0.0312,0.0234,0.1661,0.0613
2016-10-24,0.3053,-0.0399,0.0319,0.2854,0.0637
2016-10-25,0.2798,-0.1452,0.0225,0.207,0.0454
2016-10-26,0.2261,-0.2749,0.0,0.345,0.0603
2016-10-27,0.256,-0.1938,0.0233,0.5248,0.0623
2016-10-28,0.236,-0.1844,0.0,0.3004,0.0595
2016-10-31,0.2264,-0.1202,0.0222,0.4402,0.0687
2016-11-01,0.2198,-0.0807,0.006,0.5319,0.0662
2016-11-02,0.2901,-0.2414,0.0051,0.5503,0.0644
2016-11-03,0.278,-0.1471,0.0,0.6723,0.0678
2016-11-04,0.2981,0.0666,0.0,0.4541,0.0518
2016-11-07,0.2618,0.1484,0.0263,0.4722,0.0481
2016-11-08,0.2687,0.2298,0.0,0.3481,0.0425
2016-11-09,0.2468,0.2383,0.0,0.4235,0.0396
2016-11-10,0.2149,0.1238,0.0,0.5636,0.031
2016-11-11,0.1615,0.0179,0.0866,0.7002,0.0221
2016-11-14,0.1539,-0.005,0.0205,0.517,0.0278
2016-11-15,0.1432,0.0231,0.0126,0.6114,0.0408
2016-11-16,0.1797,-0.1043,0.0,0.6843,0.0365
2016-11-17,0.1998,-0.158,0.027,0.6955,0.0471
2016-11-18,0.1469,-0.0743,0.0289,0.826,0.0502
2016-11-21,0.1797,-0.1427,0.0428,0.6339,0.0587
2016-11-22,0.2193,0.1388,0.0119,0.5207,0.0513
2016-11-23,0.2087,0.0671,0.0009,0.4682,0.0509
2016-11-24,0.2463,0.2458,0.0,0.5859,0.0374
2016-11-25,0.2625,0.3278,0.0032,0.5131,0.0502
2016-11-28,0.218,0.4459,0.0,0.4759,0.0557
2016-11-29,0.2125,0.443,0.0,0.3489,0.05
2016-11-30,0.1943,0.2105,0.0,0.2974,0.0453
2016-12-01,0.1883,0.1845,0.0,0.2714,0.051
2016-12-02,0.2142,0.0057,0.0015,0.1973,0.0505
2016-12-05,0.2727,-0.0148,0.101,0.502,0.0437
2016-12-06,0.2921,0.0101,0.1067,0.5618,0.0435
2016-12-07,0.3092,0.079,0.065,0.4208,0.0358
2016-12-08,0.2876,-0.1322,0.0729,0.4533,0.0407
2016-12-09,0.3277,-0.1934,0.0933,0.3764,0.0582
2016-12-12,0.3294,-0.1444,0.0738,0.2849,0.0408
2016-12-13,0.2989,-0.272,0.0657,0.2581,0.0392
2016-12-14,0.2761,-0.2873,0.0737,0.2906,0.0418
2016-12-15,0.3116,-0.0834,0.0922,0.4041,0.0377
2016-12-16,0.3717,-0.1516,0.0436,0.4007,0.0304
2016-12-19,0.3698,-0.0327,0.0552,0.1996,0.0378
2016-12-20,0.3733,0.0262,0.0613,0.3335,0.0503
2016-12-21,0.3893,0.0479,0.0547,0.3112,0.0451
2016-12-22,0.4009,-0.1652,0.0683,0.4293,0.0351
2016-12-23,0.4594,-0.0445,0.048,0.3769,0.0543
2016-12-26,0.419,-0.0191,0.0752,0.5231,0.046
2016-12-27,0.4582,-0.177,0.0875,0.6338,0.0484
2016-12-28,0.4927,-0.1443,0.0667,0.7758,0.0575
2016-12-29,0.5461,-0.1294,0.0,0.8644,0.0428
2016-12-30,0.476,-0.2099,0.0,0.7721,0.0326
2017-01-03,0.466,-0.2132,0.0023,0.558,0.034
2017-01-04,0.4774,-0.1508,0.0224,0.473,0.0399
2017-01-05,0.4359,-0.0757,0.0095,0.6829,0.0433
2017-01-06,0.4891,-0.2097,0.0201,0.8161,0.043
2017-01-09,0.5072,-0.3739,0.0115,0.7468,0.0444
2017-01-10,0.5108,-0.3274,0.0628,0.7399,0.0317
2017-01-11,0.5121,-0.1936,0.0828,0.7403,0.0275
2017-01-12,0.462,-0.2786,0.081,0.5571,0.0487
2017-01-13,0.4914,-0.166,0.1208,0.4866,0.0558
2017-01-16,0.5311,-0.2038,0.1466,0.4563,0.0411
2017-01-17,0.4835,-0.2251,0.1436,0.4273,0.0511
2017-01-18,0.4481,-0.0274,0.1481,0.2928,0.0462
2017-01-19,0.4682,0.1774,0.1551,0.3542,0.0388
2017-01-20,0.4576,-0.0265,0.1637,0.2205,0.0463
2017-01-23,0.4558,0.11,0.2252,0.2731,0.0468
2017-01-24,0.4722,0.1794,0.2434,0.3667,0.0543
2017-02-02,0.4602,0.171,0.2054,0.2414,0.0397
2017-02-03,0.4945,0.3323,0.2251,0.5473,0.0382
2017-02-06,0.4852,0.1413,0.2294,0.4041,0.031
2017-02-07,0.5283,0.0554,0.2648,0.4282,0.0442
2017-02-08,0.5032,0.1966,0.2337,0.423,0.0436
2017-02-09,0.4441,0.231,0.1751,0.2557,0.0411
2017-02-10,0.4258,0.0303,0.1166,0.4311,0.0427
2017-02-13,0.4605,0.1113,0.0828,0.3813,0.0345
2017-02-14,0.4066,0.1601,0.0971,0.3259,0.0367
2017-02-15,0.4024,0.1746,0.0459,0.2729,0.0472
2017-02-16,0.3182,0.2552,0.0,0.3876,0.0425
2017-02-17,0.2907,0.2611,0.0,0.3023,0.0449
2017-02-20,0.3398,0.1218,0.0463,0.2924,0.0476
2017-02-21,0.3143,0.1442,0.0,0.3768,0.0626
2017-02-22,0.2691,-0.0823,0.0384,0.3712,0.0734
2017-02-23,0.2417,-0.133,0.0485,0.3946,0.0594
2017-02-24,0.2345,-0.2245,0.0125,0.3291,0.0418
2017-03-01,0.2074,-0.2286,0.013,0.2691,0.0343
2017-03-02,0.2016,-0.244,0.009,0.1742,0.0536
2017-03-03,0.2209,-0.3614,0.0725,0.1232,0.0557
2017-03-06,0.2075,-0.1502,0.1235,0.2124,0.0576
2017-03-07,0.236,-0.178,0.1703,0.3354,0.0596
2017-03-08,0.2326,-0.1449,0.2213,0.1135,0.049
2017-03-09,0.259,-0.1318,0.2295,0.2268,0.0376
2017-03-10,0.2163,-0.1655,0.2614,0.2804,0.033
2017-03-13,0.2009,-0.1191,0.3049,0.38,0.0278
2017-03-14,0.1556,-0.3068,0.3369,0.3063,0.043
2017-03-15,0.1583,-0.2383,0.3598,0.4966,0.0308
2017-03-16,0.1394,-0.2167,0.3976,0.2904,0.0498
2017-03-17,0.2125,-0.0926,0.3627,0.3307,0.0534
2017-03-20,0.2302,-0.0543,0.3737,0.3592,0.0534
2017-03-21,0.2155,-0.0639,0.415,0.3057,0.0506
2017-03-22,0.278,-0.0658,0.4275,0.0675,0.0595
2017-03-23,0.2342,0.1396,0.4155,0.222,0.0576
2017-03-24,0.2686,0.0787,0.3778,0.1958,0.0544
2017-03-27,0.2309,0.1444,0.366,0.451,0.0402
2017-03-28,0.2344,0.091,0.3364,0.3851,0.0551
2017-03-29,0.2277,-0.0163,0.3688,0.4024,0.0608
2017-03-30,0.2172,0.0117,0.363,0.2727,0.0512
2017-03-31,0.2124,-0.1324,0.3713,0.1965,0.0581
2017-04-05,0.1723,-0.2365,0.429,0.3195,0.0432
2017-04-06,0.1327,-0.1141,0.4297,0.3335,0.047
2017-04-07,0.1191,-0.3416,0.4178,0.3917,0.0436
2017-04-10,0.0747,-0.4131,0.4763,0.3982,0.0434
2017-04-11,0.0482,-0.372,0.55,0.5038,0.0394
2017-04-12,0.0239,-0.3837,0.5303,0.6111,0.0302
2017-04-13,0.013,-0.3628,0.5787,0.5759,0.0503
2017-04-14,0.0149,-0.4285,0.5568,0.6,0.0464
2017-04-17,0.052,-0.3985,0.5719,0.6173,0.0347
2017-04-18,0.0583,-0.3124,0.5514,0.604,0.0256
2017-04-19,0.0234,-0.3932,0.4604,0.5814,0.0358
2017-04-20,0.0876,-0.4652,0.4138,0.6713,0.0356
2017-04-21,0.0175,-0.2733,0.407,0.4961,0.0316
2017-04-24,0.0377,-0.2066,0.3777,0.4607,0.0233
2017-04-25,0.047,-0.1098,0.3908,0.4546,0.0395
2017-04-26,0.0465,-0.3044,0.3627,0.5971,0.0528
2017-04-27,0.0667,-0.3789,0.3814,0.627,0.0665
2017-04-28,0.0637,-0.4247,0.4212,0.5831,0.0545
2017-05-02,0.0443,-0.3973,0.4124,0.5387,0.0539
2017-05-03,0.0248,-0.2587,0.4192,0.59,0.038
2017-05-04,0.0,-0.0772,0.4743,0.7914,0.0331
2017-05-05,0.0,0.0525,0.453,0.8186,0.0272
2017-05-08,0.0911,0.0309,0.4152,0.7618,0.0351
2017-05-09,0.0381,-0.1035,0.4271,0.9573,0.0356
2017-05-10,0.0,-0.1816,0.4119,1.0,0.0367
2017-05-11,0.027,0.0329,0.3378,0.9898,0.0327
2017-05-12,0.0636,-0.0091,0.3795,0.9804,0.0436
2017-05-15,0.0156,0.2105,0.396,0.9182,0.048
2017-05-16,0.0,0.223,0.3845,0.9753,0.038
2017-05-17,0.0,0.2117,0.3701,0.8525,0.0536
2017-05-18,0.0,0.2735,0.296,0.7312,0.0541
2017-05-19,0.0161,0.3146,0.3705,0.813,0.0676
2017-05-22,0.0,0.2111,0.4252,0.7087,0.0767
2017-05-23,0.0,0.0242,0.4732,0.6343,0.0608
2017-05-24,0.0339,-0.1025,0.448,0.6749,0.0685
2017-05-25,0.0683,-0.0697,0.4149,0.7705,0.0591
2017-05-26,0.0883,-0.1126,0.4061,0.6365,0.0514
2017-05-31,0.0255,-0.0978,0.3228,0.5571,0.0627
2017-06-01,0.0301,-0.1396,0.3051,0.5522,0.0604
2017-06-02,0.0,-0.275,0.2563,0.6688,0.0531
2017-06-05,0.0,-0.3191,0.2559,0.6483,0.0496
2017-06-06,0.0538,-0.3052,0.1964,0.5616,0.037
2017-06-07,0.117,-0.3199,0.2134,0.4697,0.028
2017-06-08,0.132,-0.2434,0.2177,0.3918,0.0265
2017-06-09,0.1565,-0.1875,0.1798,0.3953,0.0325
2017-06-12,0.1536,-0.1429,0.2332,0.342,0.0481
2017-06-13,0.1775,-0.0156,0.2575,0.555,0.0617
2017-06-14,0.1404,-0.0214,0.2515,0.51,0.0564
2017-06-15,0.1314,-0.0696,0.2797,0.5907,0.0662
2017-06-16,0.1561,-0.0791,0.2532,0.7785,0.0522
2017-06-19,0.1287,-0.022,0.327,0.7443,0.0556
2017-06-20,0.1159,0.0476,0.3653,0.6116,0.0489
2017-06-21,0.0997,0.0067,0.4052,0.5775,0.0485
2017-06-22,0.0792,0.0329,0.3614,0.5482,0.0431
2017-06-23,0.1097,0.1216,0.2946,0.485,0.0333
2017-06-26,0.0723,0.0874,0.3099,0.4708,0.0304
2017-06-27,0.1077,0.2556,0.3398,0.5985,0.0336
2017-06-28,0.0556,0.1622,0.3069,0.5856,0.0287
2017-06-29,0.0248,0.2265,0.2768,0.5775,0.038
2017-06-30,0.0,0.2791,0.3448,0.63,0.0298
2017-07-03,0.0039,0.3062,0.3146,0.5955,0.0275
2017-07-04,0.0,0.1811,0.2788,0.6687,0.0352
2017-07-05,0.0623,0.2751,0.2367,0.6634,0.0466
2017-07-06,0.1064,0.1617,0.2688,0.5961,0.0562
2017-07-07,0.0721,0.2121,0.2917,0.6169,0.061
2017-07-10,0.0165,0.2493,0.3249,0.6603,0.0701
2017-07-11,0.0,0.2352,0.3692,0.5834,0.0692
2017-07-12,0.024,0.3675,0.3698,0.728,0.0717
2017-07-13,0.0,0.2846,0.413,0.5619,0.0662
2017-07-14,0.0302,0.5654,0.3843,0.4658,0.0485
2017-07-17,0.0326,0.4777,0.4114,0.4133,0.042
2017-07-18,0.0,0.5433,0.3817,0.5578,0.038
2017-07-19,0.0,0.3861,0.3842,0.5995,0.0528
2017-07-20,0.0309,0.4667,0.3775,0.5321,0.0624
2017-07-21,0.0635,0.2797,0.316,0.45,0.0541
2017-07-24,0.1487,0.3393,0.3447,0.5193,0.0457
2017-07-25,0.1463,0.1623,0.3994,0.4932,0.0435
2017-07-26,0.1932,0.1068,0.3954,0.6196,0.0476
2017-07-27,0.2114,0.1978,0.4109,0.5319,0.0617
2017-07-28,0.2472,0.0829,0.3329,0.47,0.0621
2017-07-31,0.2629,0.0484,0.2754,0.5864,0.0622
2017-08-01,0.2371,0.032,0.1567,0.8069,0.0719
2017-08-02,0.258,-0.0307,0.1295,0.7251,0.0515
2017-08-03,0.2862,-0.0443,0.1232,0.735,0.0635
2017-08-04,0.3024,0.0746,0.0729,0.7774,0.0495
2017-08-07,0.3135,0.1399,0.0616,0.7287,0.0594
2017-08-08,0.3411,0.0078,0.0993,0.6664,0.0523
2017-08-09,0.2816,-0.0151,0.0666,0.6568,0.0493
2017-08-10,0.312,0.033,0.0423,0.6319,0.0383
2017-08-11,0.2776,-0.0999,0.063,0.5361,0.0517
2017-08-14,0.2154,-0.0891,0.0806,0.7194,0.0483
2017-08-15,0.2834,0.0889,0.056,0.744,0.0373
2017-08-16,0.2683,0.0931,0.062,0.5915,0.049
2017-08-17,0.3063,-0.0467,0.0418,0.6202,0.0461
2017-08-18,0.2971,-0.0365,0.0437,0.5978,0.0609
2017-08-21,0.3012,-0.0395,0.0919,0.7617,0.0596
2017-08-22,0.2712,-0.1701,0.1179,0.6286,0.0679
2017-08-23,0.2447,-0.1677,0.1504,0.611,0.0623
2017-08-24,0.239,-0.1003,0.1142,0.6519,0.0638
2017-08-25,0.2325,0.0272,0.0754,0.6818,0.0546
2017-08-28,0.2038,0.0768,0.1044,0.7104,0.0472
2017-08-29,0.2143,0.0856,0.0535,0.7365,0.0333
2017-08-30,0.2094,0.0783,0.004,0.7651,0.0238
2017-08-31,0.2425,-0.0414,0.0,0.7789,0.0235
2017-09-01,0.2326,0.0058,0.0,0.8042,0.0449
2017-09-04,0.2735,0.1402,0.0008,0.9397,0.0478
2017-09-05,0.2638,0.0393,0.054,0.865,0.0375
2017-09-06,0.2678,0.1291,0.0,0.6991,0.0364
2017-09-07,0.28,0.2228,0.0,0.7752,0.0449
2017-09-08,0.2691,0.0862,0.0043,0.8765,0.0529
2017-09-11,0.2616,0.089,0.0033,0.8537,0.0503
2017-09-12,0.2074,0.1284,0.0,0.7681,0.0527
2017-09-13,0.22,0.2004,0.0009,0.7194,0.05
2017-09-14,0.2053,0.0246,0.0352,0.7232,0.045
2017-09-15,0.2049,0.0794,0.0374,0.7751,0.0359
2017-09-18,0.1785,0.0407,0.0182,0.8885,0.0465
2017-09-19,0.1676,0.0689,0.0,0.6697,0.0531
2017-09-20,0.2289,0.1732,0.0364,0.7024,0.0375
2017-09-21,0.2162,0.2037,0.0442,0.5916,0.0327
2017-09-22,0.2622,0.1446,0.0128,0.4972,0.0428
2017-09-25,0.2149,0.1833,0.0115,0.4789,0.0444
2017-09-26,0.1649,0.1855,0.0223,0.6709,0.0582
2017-09-27,0.1849,0.3051,0.0,0.7776,0.0437
2017-09-28,0.1791,0.3101,0.0296,0.6993,0.0534
2017-09-29,0.1646,0.1837,0.0,0.7226,0.0541
2017-10-02,0.1868,0.0842,0.0,0.714,0.0549
2017-10-03,0.213,0.0429,0.006,0.6151,0.0624
2017-10-05,0.2353,-0.0149,0.0161,0.598,0.0525
2017-10-06,0.2292,0.1494,0.0098,0.5794,0.0497
2017-10-11,0.2535,0.2026,0.0,0.51,0.0527
2017-10-12,0.2419,0.0498,0.0,0.5418,0.0662
2017-10-13,0.2541,0.1858,0.0,0.4734,0.0738
2017-10-16,0.2363,-0.0391,0.0,0.496,0.0589
2017-10-17,0.2216,0.1311,0.0,0.4032,0.0577
2017-10-18,0.2541,0.0899,0.0657,0.5251,0.067
2017-10-19,0.2349,0.0675,0.0791,0.5249,0.0569
2017-10-20,0.2211,0.1278,0.0351,0.4323,0.0527
2017-10-23,0.2329,0.0571,0.0141,0.3121,0.0633
2017-10-24,0.1879,0.0126,0.024,0.3075,0.0701
2017-10-25,0.1977,-0.1016,0.0242,0.4448,0.0669
2017-10-26,0.2156,-0.0575,0.0228,0.2567,0.0498
2017-10-27,0.2592,-0.0843,0.0124,0.2962,0.0629
2017-10-30,0.2721,0.035,0.0275,0.2433,0.0467
2017-10-31,0.2628,-0.0025,0.0,0.0972,0.0426
2017-11-01,0.2059,-0.0323,0.0,0.0485,0.0585
2017-11-02,0.1747,0.0051,0.0041,0.1357,0.0451
2017-11-03,0.1801,-0.0611,0.0,0.012,0.0377
2017-11-06,0.2298,0.0216,0.0497,0.0,0.0281
2017-11-07,0.2106,-0.0305,0.052,0.0,0.0382
2017-11-08,0.2453,0.1187,0.0267,0.0,0.0469
2017-11-09,0.2662,0.1781,0.0,0.1631,0.0568
2017-11-10,0.2869,0.2484,0.0199,0.1847,0.0486
2017-11-13,0.2781,0.1136,0.0596,0.1001,0.0424
2017-11-14,0.3076,0.2301,0.0959,0.173,0.0548
2017-11-15,0.3636,0.1868,0.119,0.1549,0.0565
2017-11-16,0.3915,0.077,0.0792,0.1229,0.046
2017-11-17,0.4082,-0.1106,0.0741,0.2064,0.0383
2017-11-20,0.4059,-0.1161,0.0769,0.274,0.0567
2017-11-21,0.4113,0.0228,0.0505,0.451,0.0508
2017-11-22,0.4099,-0.152,0.0465,0.4,0.0611
2017-11-23,0.4222,-0.0603,0.0429,0.3852,0.0601
2017-11-24,0.3714,-0.1549,0.0795,0.4729,0.062
2017-11-27,0.353,-0.2471,0.0808,0.5002,0.0497
2017-11-28,0.3607,-0.2808,0.0168,0.45,0.0491
2017-11-29,0.3046,-0.2639,0.0138,0.4417,0.0524
2017-11-30,0.3536,-0.2287,0.0,0.3269,0.0464
2017-12-01,0.358,-0.138,0.071,0.283,0.0551
2017-12-04,0.3518,-0.3138,0.1195,0.4315,0.064
2017-12-05,0.3357,-0.2913,0.0695,0.6142,0.0541
2017-12-06,0.3176,-0.4052,0.0694,0.7335,0.0477
2017-12-07,0.3252,-0.4119,0.044,0.7681,0.0467
2017-12-08,0.3865,-0.4023,0.0029,0.766,0.0416
2017-12-11,0.3808,-0.3407,0.014,0.7245,0.0403
2017-12-12,0.415,-0.0218,0.016,0.8074,0.051
2017-12-13,0.3936,-0.032,0.0689,0.9133,0.051
2017-12-14,0.4244,-0.0434,0.0855,0.8903,0.049
2017-12-15,0.4364,0.0007,0.0715,0.9082,0.0428
2017-12-18,0.4476,-0.1158,0.1313,0.9952,0.0595
2017-12-19,0.4509,-0.2046,0.1729,0.9079,0.0699
2017-12-20,0.4964,-0.1655,0.165,0.6724,0.0649
2017-12-21,0.4527,-0.1699,0.1669,0.5658,0.0603
2017-12-22,0.4775,-0.2475,0.2067,0.7536,0.0487
2017-12-25,0.4862,-0.183,0.2433,0.7261,0.0439
2017-12-26,0.4407,-0.0968,0.1852,0.6863,0.0516
2017-12-27,0.4385,-0.1481,0.1779,0.4984,0.0406
2017-12-28,0.4278,-0.2161,0.1251,0.4609,0.0332
2017-12-29,0.3648,-0.1499,0.1012,0.4135,0.0347
2018-01-02,0.405,-0.1163,0.0679,0.3938,0.0278
2018-01-03,0.399,-0.1923,0.0956,0.4896,0.046
2018-01-04,0.4133,-0.1105,0.1133,0.4303,0.0354
2018-01-05,0.4523,-0.0458,0.1521,0.189,0.0311
2018-01-08,0.4345,-0.0447,0.1534,0.2625,0.0502
2018-01-09,0.4333,-0.1064,0.0874,0.3961,0.0398
2018-01-10,0.4583,-0.2723,0.1153,0.4957,0.0407
2018-01-11,0.4302,-0.3028,0.1369,0.4663,0.049
2018-01-12,0.452,-0.2774,0.1596,0.4271,0.0544
2018-01-15,0.5208,-0.1243,0.1172,0.3812,0.0436
2018-01-16,0.5016,-0.1647,0.1933,0.36,0.0499
2018-01-17,0.4727,-0.1746,0.1606,0.3818,0.0457
2018-01-18,0.4912,-0.1002,0.1924,0.5072,0.06
2018-01-19,0.4657,-0.1512,0.1583,0.551,0.0689
2018-01-22,0.504,-0.185,0.1886,0.3497,0.0726
2018-01-23,0.5091,-0.0856,0.2741,0.499,0.0666
2018-01-24,0.4618,0.0106,0.2451,0.5097,0.0588
2018-01-25,0.4659,0.0763,0.2797,0.4845,0.0706
2018-01-26,0.4152,0.1814,0.2875,0.5373,0.07
2018-01-29,0.4081,0.155,0.2507,0.4734,0.0764
2018-01-30,0.4115,0.2065,0.3104,0.3561,0.0666
2018-01-31,0.4448,0.0465,0.3009,0.2552,0.0527
2018-02-01,0.4474,-0.1156,0.2899,0.1508,0.0575
2018-02-02,0.4859,-0.168,0.2534,0.0,0.0559
2018-02-05,0.5115,-0.321,0.2626,0.0,0.0418
2018-02-06,0.5031,-0.3572,0.2572,0.0293,0.0437
2018-02-07,0.4262,-0.3526,0.2872,0.1493,0.0379
2018-02-08,0.4546,-0.5025,0.281,0.2465,0.0544
2018-02-09,0.446,-0.5479,0.3093,0.2423,0.0502
2018-02-12,0.5121,-0.3242,0.3424,0.1822,0.0554
2018-02-21,0.5377,-0.1866,0.2711,0.2899,0.0487
2018-02-22,0.5477,-0.1598,0.2555,0.3644,0.0546
2018-02-23,0.5423,-0.0871,0.2561,0.4545,0.0482
2018-02-26,0.5725,-0.0253,0.2663,0.5569,0.0535
2018-02-27,0.6118,-0.0301,0.2458,0.5995,0.0638
2018-03-01,0.6184,0.2242,0.2318,0.5684,0.0499
2018-03-02,0.6341,0.2736,0.2487,0.5133,0.0507
2018-03-05,0.6935,-0.0055,0.2077,0.395,0.05
2018-03-06,0.6747,0.0634,0.2155,0.5415,0.0386
2018-03-07,0.6583,0.2648,0.2812,0.5151,0.0378
2018-03-08,0.6874,0.1949,0.2833,0.663,0.0292
2018-03-09,0.6473,0.2678,0.3118,0.6669,0.037
2018-03-12,0.7026,0.2191,0.3371,0.7367,0.0534
2018-03-13,0.7082,0.2801,0.3045,0.544,0.0506
2018-03-14,0.6847,0.4417,0.2167,0.6255,0.0497
2018-03-15,0.6468,0.5109,0.2534,0.7153,0.0471
2018-03-16,0.6729,0.5899,0.2643,0.7624,0.0559
2018-03-19,0.6471,0.3327,0.2106,0.7562,0.0674
2018-03-20,0.6533,0.401,0.1756,0.6211,0.0551
2018-03-21,0.6086,0.2008,0.2698,0.5308,0.0451
2018-03-22,0.6495,0.2561,0.3192,0.5064,0.0397
2018-03-23,0.6595,0.2582,0.2186,0.5119,0.028
2018-03-26,0.6102,0.161,0.2182,0.5492,0.0439
2018-03-27,0.6504,-0.1653,0.244,0.64,0.0344
2018-03-28,0.6324,-0.1917,0.2608,0.8069,0.0296
2018-03-29,0.5788,-0.21,0.2479,0.8408,0.048
2018-03-30,0.5234,-0.1894,0.2184,0.9764,0.0632
2018-04-02,0.5409,-0.2153,0.2687,0.9522,0.0596
2018-04-03,0.5465,-0.009,0.292,0.9932,0.0425
2018-04-09,0.6141,0.0404,0.2277,0.8723,0.0512
2018-04-10,0.6168,-0.0086,0.1961,0.9188,0.0377
2018-04-11,0.5926,-0.0227,0.1381,0.9016,0.0275
2018-04-12,0.5935,0.0562,0.2017,0.8542,0.0276
2018-04-13,0.5506,0.2747,0.1783,0.7402,0.0213
2018-04-16,0.5454,0.0582,0.1935,0.7669,0.0224
2018-04-17,0.5832,0.0905,0.1795,0.8149,0.0397
2018-04-18,0.6231,0.0787,0.1927,0.8836,0.0316
2018-04-19,0.666,-0.0097,0.1857,0.7903,0.0505
2018-04-20,0.6418,0.0391,0.2033,0.8654,0.0628
2018-04-23,0.6668,0.0492,0.1901,0.8205,0.0685
2018-04-24,0.6744,-0.069,0.1403,0.733,0.0686
2018-04-25,0.6674,0.0502,0.1729,0.7189,0.0642
2018-04-26,0.6911,0.1267,0.195,0.7287,0.068
2018-04-27,0.6965,0.1485,0.2199,0.573,0.0564
2018-04-30,0.6712,-0.0315,0.2315,0.705,0.0455
2018-05-02,0.693,0.0286,0.2197,0.586,0.0541
2018-05-03,0.6448,0.0078,0.2593,0.6183,0.0536
2018-05-04,0.5939,-0.0312,0.2368,0.6272,0.0424
2018-05-07,0.6322,-0.0471,0.2077,0.6478,0.0451
2018-05-08,0.6122,-0.1585,0.1738,0.6037,0.0577
2018-05-09,0.5951,-0.0442,0.1442,0.5254,0.0433
2018-05-10,0.6383,0.2286,0.0682,0.555,0.0486
2018-05-11,0.6569,0.2653,0.0735,0.513,0.0429
2018-05-14,0.6892,0.129,0.1121,0.4967,0.0308
2018-05-15,0.7166,0.1237,0.1399,0.4418,0.0452
2018-05-16,0.6785,0.1878,0.129,0.6068,0.032
2018-05-17,0.6903,0.2123,0.0985,0.6285,0.0255
2018-05-18,0.7114,0.2878,0.0351,0.4784,0.0429
2018-05-21,0.6573,0.2193,0.0034,0.6432,0.0379
2018-05-22,0.6534,0.1779,0.0,0.7108,0.0497
2018-05-23,0.7081,0.154,0.0,0.5894,0.0544
2018-05-24,0.6677,0.0627,0.0001,0.6638,0.0582
2018-05-25,0.6482,0.0641,0.0232,0.7186,0.0452
2018-05-28,0.7262,0.0499,0.0515,0.7397,0.0539
2018-05-29,0.6661,0.0809,0.0456,0.8695,0.0659
2018-05-30,0.6331,-0.019,0.036,0.7673,0.0696
2018-05-31,0.665,-0.0586,0.0,0.9086,0.0579
2018-06-01,0.6705,0.1079,0.0098,0.8075,0.0638
2018-06-04,0.6576,-0.0624,0.0667,0.9284,0.0489
2018-06-05,0.7016,-0.1505,0.1055,0.9435,0.0395
2018-06-06,0.662,0.0296,0.1119,1.0,0.0316
2018-06-07,0.6216,-0.0883,0.1378,0.936,0.037
2018-06-08,0.6048,-0.143,0.1351,0.9051,0.0353
2018-06-11,0.6369,-0.1492,0.1713,0.7572,0.0377
2018-06-12,0.6582,-0.0424,0.1386,0.9094,0.0482
2018-06-13,0.6312,0.0977,0.1074,0.9596,0.057
2018-06-14,0.6567,0.0541,0.1798,1.0,0.0463
2018-06-15,0.6764,0.0467,0.2169,0.9803,0.0388
2018-06-19,0.6769,0.0196,0.2711,0.8557,0.0329
2018-06-20,0.6448,0.2343,0.2258,0.7266,0.0245
2018-06-21,0.5735,0.1105,0.1947,0.5462,0.0463
2018-06-22,0.591,0.185,0.2198,0.6188,0.0414
2018-06-25,0.5838,0.1909,0.1865,0.6175,0.0444
2018-06-26,0.5566,0.082,0.154,0.5282,0.0431
2018-06-27,0.5686,0.1324,0.1693,0.4113,0.053
2018-06-28,0.588,-0.0062,0.1492,0.3127,0.0641
2018-06-29,0.5901,0.1598,0.1412,0.4155,0.0733
2018-07-02,0.5851,0.0331,0.1581,0.5707,0.0554
2018-07-03,0.6118,0.0162,0.1121,0.5525,0.0455
2018-07-04,0.5951,0.0209,0.1317,0.7339,0.0534
2018-07-05,0.5589,0.0235,0.0769,0.6821,0.0539
2018-07-06,0.5399,0.0424,0.0821,0.71,0.0646
2018-07-09,0.5429,0.0421,0.0963,0.6231,0.0593
2018-07-10,0.5669,0.1888,0.1298,0.6049,0.0713
2018-07-11,0.5808,0.2361,0.0589,0.6272,0.0623
2018-07-12,0.605,0.1483,0.0529,0.5688,0.0635
2018-07-13,0.6068,-0.0614,0.0557,0.6924,0.0632
2018-07-16,0.5888,-0.0943,0.081,0.7691,0.0461
2018-07-17,0.5926,-0.0423,0.1613,0.7657,0.0328
2018-07-18,0.6145,-0.0726,0.1561,0.7212,0.0315
2018-07-19,0.5996,-0.0901,0.205,0.6403,0.0323
2018-07-20,0.5987,0.0881,0.2177,0.3719,0.0509
2018-07-23,0.5902,0.2431,0.215,0.4215,0.0376
2018-07-24,0.534,0.1562,0.2576,0.4041,0.0471
2018-07-25,0.555,0.1605,0.2735,0.4178,0.053
2018-07-26,0.5748,0.0873,0.2605,0.3925,0.0636
2018-07-27,0.6265,0.1566,0.2704,0.4376,0.0581
2018-07-30,0.6531,0.0576,0.2848,0.4122,0.049
2018-07-31,0.6456,0.048,0.3128,0.3095,0.0408
2018-08-01,0.6021,0.1408,0.2255,0.2817,0.0494
2018-08-02,0.637,0.1529,0.2565,0.2456,0.0492
2018-08-03,0.6231,0.2268,0.2051,0.3641,0.0483
2018-08-06,0.6667,-0.0272,0.2328,0.4017,0.0624
2018-08-07,0.668,0.2445,0.229,0.3193,0.0492
2018-08-08,0.6753,0.0631,0.1584,0.2412,0.0504
2018-08-09,0.6957,0.0798,0.0046,0.3511,0.0468
2018-08-10,0.6978,0.177,0.0158,0.3487,0.0559
2018-08-13,0.715,0.2535,0.0083,0.272,0.0566
2018-08-14,0.7526,0.1867,0.0058,0.3912,0.0441
2018-08-15,0.7677,0.071,0.0529,0.4024,0.0506
2018-08-16,0.7459,0.0642,0.0638,0.2947,0.0566
2018-08-17,0.7589,-0.0346,0.0426,0.2937,0.0425
2018-08-20,0.7286,-0.1518,0.0574,0.2576,0.0363
2018-08-21,0.7082,-0.1145,0.0662,0.2416,0.0263
2018-08-22,0.749,-0.226,0.1048,0.1998,0.0482
2018-08-23,0.7856,-0.1067,0.1044,0.2596,0.0436
2018-08-24,0.7498,-0.0626,0.1342,0.2785,0.05
2018-08-27,0.759,-0.1602,0.1787,0.2024,0.0418
2018-08-28,0.7817,-0.25,0.1277,0.1302,0.0565
2018-08-29,0.8057,-0.3837,0.1462,0.1873,0.069
2018-08-30,0.851,-0.1176,0.1345,0.3367,0.0747
2018-08-31,0.8567,-0.2353,0.0665,0.3346,0.0632
2018-09-03,0.8007,-0.2497,0.1446,0.3929,0.0725
2018-09-04,0.8561,-0.3153,0.0947,0.3795,0.0775
2018-09-05,0.8439,-0.317,0.0846,0.4082,0.0654
2018-09-06,0.9193,-0.341,0.0749,0.4766,0.0757
2018-09-07,0.931,-0.2062,0.1342,0.6832,0.0542
2018-09-10,0.937,-0.0658,0.0985,0.6637,0.065
2018-09-11,0.9338,0.0693,0.1213,0.6114,0.0505
2018-09-12,0.9159,-0.0156,0.1624,0.4824,0.0405
2018-09-13,0.888,-0.0831,0.1769,0.5363,0.0569
2018-09-14,0.9872,0.0143,0.1726,0.6378,0.0492
2018-09-17,0.9729,0.1121,0.1228,0.4117,0.0393
2018-09-18,0.965,0.0077,0.1069,0.1934,0.0549
2018-09-19,0.9519,-0.0698,0.1619,0.2346,0.052
2018-09-20,0.9759,0.0298,0.1595,0.2404,0.0477
2018-09-21,0.992,0.0702,0.0727,0.3627,0.0509
2018-09-25,1.0,0.1109,0.0533,0.2815,0.0372
2018-09-26,0.9793,0.0884,0.0684,0.2529,0.0298
2018-09-27,0.9974,0.1162,0.0502,0.3588,0.0336
2018-09-28,0.9834,0.0432,0.0263,0.3425,0.0409
2018-10-01,0.9721,0.1865,0.0263,0.2627,0.057
2018-10-02,0.9483,0.083,0.0509,0.1848,0.0605
2018-10-03,0.9405,0.1036,0.0929,0.0596,0.0561
2018-10-04,0.9593,0.1084,0.1446,0.0,0.0488
2018-10-05,0.974,0.1102,0.1631,0.1381,0.0408
2018-10-08,0.9173,0.171,0.1416,0.3133,0.0417
2018-10-09,0.9116,0.0096,0.0908,0.2923,0.0444
2018-10-11,0.9419,0.0049,0.0712,0.2241,0.0573
2018-10-12,0.9224,0.2017,0.0358,0.088,0.048
2018-10-15,0.9105,0.0675,0.0659,0.2405,0.0396
2018-10-16,0.9008,-0.0581,0.023,0.241,0.0338
2018-10-17,0.9086,0.1408,0.0093,0.2183,0.0504
2018-10-18,0.8687,0.0551,0.0,0.1605,0.0478
2018-10-19,0.8651,0.094,0.0162,0.2375,0.0434
2018-10-22,0.9247,-0.0677,0.0113,0.3328,0.0405
2018-10-23,0.9342,-0.1397,0.0392,0.3421,0.031
2018-10-24,0.9544,-0.1428,0.0125,0.283,0.0435
2018-10-25,0.9196,-0.0913,0.0054,0.2727,0.0553
2018-10-26,0.8568,-0.0786,0.0,0.3237,0.0534
2018-10-29,0.8485,-0.0038,0.0,0.4036,0.0511
2018-10-30,0.8574,0.0399,0.0,0.5293,0.0533
2018-10-31,0.8798,0.177,0.0,0.4676,0.0434
2018-11-01,0.9153,0.1196,0.0806,0.5045,0.0473
2018-11-02,0.9455,0.0201,0.0938,0.405,0.0467
2018-11-05,0.9304,-0.0377,0.1074,0.351,0.0406
2018-11-06,0.9059,-0.1041,0.1088,0.2609,0.0304
2018-11-07,0.9036,0.0085,0.1253,0.2896,0.0292
2018-11-08,0.8239,-0.0444,0.0715,0.3364,0.0369
2018-11-09,0.7721,-0.1089,0.0721,0.6451,0.0383
2018-11-12,0.7752,-0.0589,0.0863,0.5684,0.0457
2018-11-13,0.8522,-0.0166,0.1482,0.5401,0.0416
2018-11-14,0.8482,-0.0113,0.0966,0.3432,0.0367
2018-11-15,0.8571,-0.1186,0.0223,0.3079,0.0284
2018-11-16,0.9015,-0.0629,0.0375,0.3768,0.0491
2018-11-19,0.8707,-0.1183,0.0552,0.2537,0.0422
2018-11-20,0.8374,0.016,0.0151,0.4186,0.0471
2018-11-21,0.8256,-0.0838,0.0026,0.5182,0.0622
2018-11-22,0.8884,-0.0412,0.0,0.7484,0.0544
2018-11-23,0.8975,0.1165,0.0,0.8029,0.0572
2018-11-26,0.8678,0.1209,0.0742,0.7639,0.0656
2018-11-27,0.8925,-0.0007,0.0,0.7884,0.0697
2018-11-28,0.8836,-0.1098,0.0,0.6693,0.0684
2018-11-29,0.8498,-0.1619,0.0,0.4925,0.067
2018-11-30,0.8511,-0.0761,0.0301,0.4229,0.0501
2018-12-03,0.831,0.0349,0.0758,0.5307,0.0576
2018-12-04,0.8466,-0.1852,0.0572,0.6023,0.0584
2018-12-05,0.7872,-0.167,0.0265,0.6659,0.0461
2018-12-06,0.8274,-0.1376,0.0,0.7431,0.0516
2018-12-07,0.7964,-0.0485,0.0,0.8229,0.0513
2018-12-10,0.7817,0.0371,0.0,0.6933,0.0586
2018-12-11,0.7868,0.0234,0.0,0.8259,0.0608
2018-12-12,0.7994,0.0149,0.0018,0.5196,0.0664
2018-12-13,0.7468,0.0261,0.0,0.5416,0.0538
2018-12-14,0.7699,0.0996,0.0151,0.5987,0.0614
2018-12-17,0.753,0.0676,0.0088,0.5841,0.0654
2018-12-18,0.7675,0.1377,0.0,0.4401,0.0497
2018-12-19,0.7532,0.0534,0.0,0.3729,0.0642
2018-12-20,0.806,-0.0708,0.0,0.4761,0.0463
2018-12-21,0.7559,-0.0454,0.0,0.5175,0.0586
2018-12-24,0.785,0.0685,0.0,0.5112,0.0705
2018-12-25,0.7953,0.0587,0.006,0.5611,0.0579
2018-12-26,0.7805,0.0818,0.0088,0.5724,0.07
2018-12-27,0.7859,0.0905,0.0147,0.56,0.0675
2018-12-28,0.764,0.0229,0.0,0.393,0.0503
2019-01-02,0.7508,0.0461,0.0417,0.3624,0.0617
2019-01-03,0.7497,0.1374,0.0364,0.3209,0.062
2019-01-04,0.7307,0.2972,0.0401,0.5752,0.0614
2019-01-07,0.6827,0.2593,0.0744,0.5378,0.0685
2019-01-08,0.6684,0.2449,0.0499,0.5589,0.0761
2019-01-09,0.6858,0.1161,0.0,0.5188,0.0609
2019-01-10,0.7237,-0.009,0.0,0.498,0.0479
2019-01-11,0.7019,-0.028,0.0169,0.5823,0.0552
2019-01-14,0.7627,-0.1388,0.0,0.6155,0.0486
2019-01-15,0.7649,-0.1113,0.0064,0.544,0.0468
2019-01-16,0.7951,0.0605,0.0056,0.6681,0.0441
2019-01-17,0.8176,-0.0919,0.0213,0.5734,0.038
2019-01-18,0.8233,-0.1319,0.0215,0.5749,0.0329
2019-01-21,0.8174,-0.0435,0.0248,0.5171,0.0337
2019-01-22,0.7952,0.0463,0.058,0.4684,0.0279
2019-01-23,0.8454,-0.1384,0.1176,0.3814,0.0362
2019-01-24,0.8699,-0.3675,0.0855,0.3288,0.0349
2019-01-25,0.8402,-0.2508,0.0971,0.2901,0.0253
2019-01-28,0.7957,-0.3332,0.1809,0.409,0.0418
2019-01-29,0.7645,-0.3237,0.202,0.2887,0.0319
2019-01-30,0.7212,-0.3218,0.266,0.2241,0.052
2019-02-11,0.6982,-0.3099,0.2634,0.1954,0.0578
2019-02-12,0.7174,-0.2809,0.2601,0.3018,0.051
2019-02-13,0.7394,-0.1848,0.2201,0.3456,0.0439
2019-02-14,0.7044,-0.0919,0.2567,0.3489,0.0352
2019-02-15,0.7199,-0.0052,0.2609,0.4068,0.044
2019-02-18,0.7224,-0.1295,0.2837,0.6478,0.0373
2019-02-19,0.7298,-0.0604,0.3188,0.6986,0.0352
2019-02-20,0.7706,-0.1273,0.247,0.591,0.0311
2019-02-21,0.7344,-0.0624,0.259,0.734,0.0478
2019-02-22,0.746,-0.2119,0.2833,0.7249,0.0376
2019-02-25,0.7701,-0.1121,0.2574,0.7499,0.0481
2019-02-26,0.8163,-0.0388,0.234,0.6976,0.0514
2019-02-27,0.8232,0.0514,0.3146,0.7279,0.0643
2019-03-04,0.8165,0.2361,0.2727,0.6999,0.0744
2019-03-05,0.8657,0.2338,0.2754,0.7271,0.0776
2019-03-06,0.8947,0.1326,0.2907,0.5974,0.057
2019-03-07,0.8695,0.1833,0.2419,0.5358,0.0511
2019-03-08,0.8555,0.1687,0.2779,0.5717,0.0493
2019-03-11,0.8109,0.1578,0.3434,0.5112,0.0414
2019-03-12,0.8227,0.2919,0.368,0.4039,0.035
2019-03-13,0.8327,0.5201,0.3445,0.4006,0.0263
2019-03-14,0.8026,0.3372,0.3741,0.4875,0.0452
2019-03-15,0.7462,0.1985,0.345,0.4988,0.0366
2019-03-18,0.7378,0.2586,0.3451,0.4062,0.0294
2019-03-19,0.718,0.3317,0.3659,0.3334,0.0305
2019-03-20,0.7573,0.2543,0.3791,0.24,0.0358
2019-03-21,0.7567,0.2879,0.376,0.1585,0.0297
2019-03-22,0.7181,0.2095,0.4058,0.1932,0.0485
2019-03-25,0.6941,0.1141,0.4271,0.0906,0.0347
2019-03-26,0.6687,0.1277,0.3498,0.1589,0.0431
2019-03-27,0.6422,0.1247,0.3199,0.2201,0.0517
2019-03-28,0.6293,0.0364,0.3042,0.3992,0.0435
2019-03-29,0.6624,0.0781,0.2858,0.4184,0.0412
2019-04-01,0.6477,0.0675,0.3254,0.2688,0.0582
2019-04-02,0.6814,0.0942,0.3535,0.2895,0.0473
2019-04-03,0.6546,0.09,0.411,0.3469,0.0587
2019-04-08,0.6728,-0.0104,0.4359,0.5038,0.0462
2019-04-09,0.7127,0.0614,0.4042,0.3968,0.0548
2019-04-10,0.6783,0.0748,0.4676,0.3455,0.0611
2019-04-11,0.7574,0.1871,0.4873,0.3053,0.045
2019-04-12,0.7998,0.0804,0.4874,0.3542,0.0337
2019-04-15,0.8713,-0.0682,0.5259,0.5353,0.0355
2019-04-16,0.895,-0.3233,0.579,0.712,0.0328
2019-04-17,0.8834,-0.3817,0.5857,0.6953,0.0328
2019-04-18,0.8851,-0.2573,0.6355,0.806,0.029
2019-04-19,0.8769,-0.1411,0.6344,0.8388,0.0274
2019-04-22,0.8579,-0.0694,0.7214,0.8414,0.0363
2019-04-23,0.8777,0.0893,0.7346,0.7623,0.0419
2019-04-24,0.8283,0.0366,0.7045,0.8451,0.0516
2019-04-25,0.869,-0.081,0.6595,0.8536,0.0387
2019-04-26,0.8587,0.0159,0.6912,0.9399,0.0519
2019-04-29,0.8746,0.1864,0.6163,0.9563,0.0376
2019-04-30,0.8956,0.2864,0.5648,0.9438,0.037
2019-05-02,0.8653,0.2447,0.5634,1.0,0.0335
2019-05-03,0.8371,0.1807,0.6068,1.0,0.0402
2019-05-06,0.8297,0.1706,0.6044,0.8222,0.0445
2019-05-07,0.8516,-0.0102,0.5621,0.8689,0.0335
2019-05-08,0.8731,-0.0974,0.603,0.6814,0.0311
2019-05-09,0.8964,-0.1161,0.6139,0.6612,0.0225
2019-05-10,0.8979,-0.0111,0.6596,0.5192,0.032
2019-05-13,0.9088,-0.0883,0.6759,0.6561,0.0347
2019-05-14,0.9432,-0.0656,0.7131,0.6633,0.0466
2019-05-15,0.987,-0.18,0.738,0.5738,0.0571
2019-05-16,0.9562,-0.1581,0.7215,0.5843,0.0551
2019-05-17,0.9318,0.0279,0.7625,0.7586,0.064
2019-05-20,0.9583,-0.0009,0.73,0.6613,0.0468
2019-05-21,0.8615,0.0871,0.7817,0.6692,0.0525
2019-05-22,0.7968,0.0654,0.7864,0.7107,0.0518
2019-05-23,0.7377,0.1335,0.7694,0.6258,0.056
2019-05-24,0.6699,0.0363,0.7401,0.5827,0.0611
2019-05-27,0.6769,0.0444,0.7291,0.4936,0.0644
2019-05-28,0.5979,0.1086,0.7449,0.5399,0.0497
2019-05-29,0.5598,0.1097,0.8055,0.3383,0.0447
2019-05-30,0.5841,0.2161,0.8255,0.4566,0.0475
2019-05-31,0.601,0.191,0.7507,0.4597,0.034
2019-06-03,0.6153,0.1973,0.7358,0.5265,0.0376
2019-06-04,0.6348,0.2647,0.8112,0.6294,0.0394
2019-06-05,0.6372,0.4227,0.7594,0.6552,0.0359
2019-06-06,0.6261,0.4163,0.7834,0.7347,0.0407
2019-06-10,0.6191,0.4023,0.8039,0.7521,0.0552
2019-06-11,0.6273,0.3211,0.8159,0.7106,0.0389
2019-06-12,0.6006,0.1268,0.8172,0.7041,0.0461
2019-06-13,0.5965,0.2313,0.8438,0.646,0.0592
2019-06-14,0.6339,0.1337,0.8489,0.5652,0.0422
2019-06-17,0.701,0.0989,0.8413,0.4942,0.0337
2019-06-18,0.7233,-0.013,0.8003,0.3396,0.0441
2019-06-19,0.6999,-0.0429,0.7988,0.1435,0.0313
2019-06-20,0.6854,-0.0857,0.7691,0.2326,0.0344
2019-06-21,0.6748,-0.1284,0.8153,0.3325,0.0435
2019-06-24,0.713,-0.0631,0.7979,0.413,0.0453
2019-06-25,0.7583,-0.1163,0.792,0.4947,0.0469
2019-06-26,0.73,-0.163,0.8566,0.6629,0.0582
2019-06-27,0.731,-0.0939,0.8672,0.7447,0.0488
2019-06-28,0.7236,0.0061,0.8442,0.831,0.0536
2019-07-01,0.6469,0.0422,0.8043,0.7419,0.0493
2019-07-02,0.6552,-0.0163,0.8108,0.6502,0.0378
2019-07-03,0.5982,0.0017,0.8972,0.6285,0.0338
2019-07-04,0.6378,0.0716,0.8556,0.4386,0.0262
2019-07-05,0.6478,-0.1024,0.8443,0.4008,0.0331
2019-07-08,0.6938,-0.0049,0.8561,0.304,0.0241
2019-07-09,0.6923,0.0631,0.8354,0.5267,0.0188
2019-07-10,0.7091,0.0715,0.8313,0.6235,0.0247
2019-07-11,0.7005,-0.0178,0.8075,0.6362,0.0286
2019-07-12,0.7196,0.1088,0.8276,0.5091,0.0221
2019-07-15,0.6842,0.1129,0.8738,0.3998,0.0342
2019-07-16,0.7045,0.0814,0.9305,0.2907,0.0529
2019-07-17,0.6679,0.202,0.9198,0.3304,0.0506
2019-07-18,0.6317,0.1673,0.8691,0.2524,0.0406
2019-07-19,0.5959,0.1132,0.83,0.1655,0.0301
2019-07-22,0.5542,0.0873,0.8364,0.0823,0.0503
2019-07-23,0.501,-0.0032,0.8613,0.0788,0.0506
2019-07-24,0.5099,0.0423,0.901,0.0719,0.037
2019-07-25,0.4838,-0.0174,0.901,0.1587,0.0345
2019-07-26,0.5168,0.1939,0.9203,0.0,0.0525
2019-07-29,0.4974,0.029,0.9369,0.0342,0.0454
2019-07-30,0.5076,0.0118,0.8619,0.1232,0.0549
2019-07-31,0.4456,0.1314,0.8626,0.1321,0.0566
2019-08-01,0.4643,0.019,0.8821,0.2932,0.0448
2019-08-02,0.4723,0.0898,0.8788,0.2579,0.0368
2019-08-05,0.4799,0.0284,0.8634,0.2885,0.0516
2019-08-06,0.444,-0.0525,0.8681,0.2936,0.0437
2019-08-07,0.4778,-0.0938,0.8947,0.2725,0.0323
2019-08-08,0.4937,-0.1872,0.8437,0.3601,0.0342
2019-08-12,0.5093,-0.202,0.826,0.212,0.0281
2019-08-13,0.5018,-0.023,0.8184,0.1465,0.0409
2019-08-14,0.4499,0.1172,0.7286,0.2549,0.0573
2019-08-15,0.4618,-0.0469,0.7198,0.1631,0.0578
2019-08-16,0.476,0.052,0.6605,0.0884,0.0467
2019-08-19,0.5307,0.1752,0.699,0.0015,0.0344
2019-08-20,0.5195,0.055,0.7074,0.111,0.0259
2019-08-21,0.5081,0.2364,0.7064,0.0,0.044
2019-08-22,0.4616,0.2055,0.7043,0.1203,0.0397
2019-08-23,0.4609,0.2121,0.6898,0.2673,0.0372
2019-08-26,0.4499,0.1643,0.6865,0.312,0.0455
2019-08-27,0.419,-0.0004,0.6548,0.1444,0.0493
2019-08-28,0.4524,-0.0661,0.7327,0.1522,0.0443
2019-08-29,0.5159,-0.2031,0.6715,0.1631,0.0531
2019-08-30,0.52,-0.237,0.6507,0.2137,0.0422
2019-09-02,0.4917,-0.1659,0.6464,0.3997,0.0516
2019-09-03,0.4912,-0.2432,0.61,0.3927,0.0386
2019-09-04,0.5432,-0.3155,0.5382,0.5518,0.0491
2019-09-05,0.6014,-0.2269,0.4917,0.3692,0.0359
2019-09-06,0.5759,-0.1608,0.444,0.3912,0.0271
2019-09-10,0.6034,-0.0504,0.4134,0.162,0.0295
2019-09-11,0.6109,-0.034,0.3706,0.1688,0.0281
2019-09-12,0.561,-0.0183,0.313,0.3114,0.0373
2019-09-16,0.5415,-0.0764,0.2474,0.3175,0.0418
2019-09-17,0.5707,-0.0994,0.2744,0.4124,0.0532
2019-09-18,0.5644,-0.0464,0.2729,0.4595,0.064
2019-09-19,0.5543,-0.0842,0.2669,0.4365,0.0691
2019-09-20,0.5492,0.1074,0.2548,0.547,0.0752
2019-09-23,0.5582,0.3452,0.1905,0.5653,0.0597
2019-09-24,0.5149,0.3917,0.1853,0.6516,0.0665
2019-09-25,0.4679,0.4288,0.2031,0.5585,0.0643
2019-09-26,0.47,0.2587,0.1472,0.5817,0.0511
2019-09-27,0.4598,-0.0601,0.132,0.5411,0.0374
2019-10-01,0.4628,-0.0509,0.0923,0.5896,0.0383
2019-10-02,0.4655,-0.1252,0.0777,0.4527,0.0525
2019-10-03,0.521,-0.17,0.0672,0.52,0.0398
2019-10-04,0.5151,-0.2722,0.0919,0.6246,0.0325
2019-10-07,0.5249,-0.1267,0.0655,0.5109,0.0319
2019-10-08,0.4777,-0.1852,0.0569,0.4953,0.0502
2019-10-09,0.4809,0.0001,0.0,0.5622,0.0366
2019-10-14,0.4623,-0.0415,0.0,0.6423,0.0322
2019-10-15,0.4275,0.0057,0.1095,0.5486,0.0397
2019-10-16,0.4285,0.0905,0.0988,0.5933,0.0414
2019-10-17,0.5064,0.1225,0.0826,0.6579,0.0501
2019-10-18,0.5136,0.119,0.0693,0.5866,0.0402
2019-10-21,0.4768,0.1572,0.0745,0.6554,0.0542
2019-10-22,0.4785,0.2032,0.1033,0.5443,0.06
2019-10-23,0.4702,0.2939,0.1269,0.5969,0.0563
2019-10-24,0.5247,0.2382,0.1549,0.6515,0.0413
2019-10-25,0.5247,0.112,0.1427,0.7115,0.0507
2019-10-28,0.5311,0.0677,0.1592,0.7737,0.0512
2019-10-29,0.5637,0.1556,0.1718,0.7886,0.0653
2019-10-30,0.5878,0.2297,0.1796,0.5976,0.0492
2019-10-31,0.5644,0.2054,0.092,0.5803,0.0429
2019-11-01,0.5619,0.2849,0.1082,0.7231,0.0519
2019-11-04,0.6102,0.209,0.0147,0.9446,0.0418
2019-11-05,0.6442,0.117,0.029,1.0,0.0375
2019-11-06,0.5907,0.2972,0.0205,0.9455,0.0268
2019-11-07,0.5646,0.3342,0.0,1.0,0.0279
2019-11-08,0.5286,0.1807,0.037,1.0,0.0282
2019-11-11,0.5152,0.0633,0.033,0.968,0.0252
2019-11-12,0.5468,0.0778,0.0184,1.0,0.0369
2019-11-13,0.6094,-0.0105,0.0,1.0,0.0274
2019-11-14,0.588,0.0037,0.0524,0.8531,0.0402
2019-11-15,0.5742,0.0805,0.0,0.7794,0.0518
2019-11-18,0.5599,0.1048,0.0,0.892,0.0404
2019-11-19,0.5276,0.1959,0.0067,0.7753,0.0338
2019-11-20,0.5628,0.2062,0.0,0.7307,0.0334
2019-11-21,0.5432,0.0581,0.0178,0.6371,0.0254
2019-11-22,0.5152,0.2164,0.0,0.599,0.0204
2019-11-25,0.5342,0.2388,0.0,0.6437,0.028
2019-11-26,0.5282,0.2559,0.0126,0.5622,0.044
2019-11-27,0.5412,-0.0052,0.0,0.5041,0.046
2019-11-28,0.5309,0.0554,0.0453,0.4894,0.0398
2019-11-29,0.5521,-0.0527,0.0164,0.4495,0.0388
2019-12-02,0.527,-0.0204,0.0197,0.2976,0.0347
2019-12-03,0.5477,-0.0995,0.0333,0.1598,0.0536
2019-12-04,0.5047,-0.1986,0.0655,0.3148,0.0476
2019-12-05,0.52,0.0584,0.057,0.3539,0.0588
2019-12-06,0.5369,-0.0281,0.0287,0.4213,0.054
2019-12-09,0.5307,-0.1181,0.0256,0.4422,0.0383
2019-12-10,0.5311,-0.0389,0.0836,0.4764,0.0283
2019-12-11,0.5321,-0.1148,0.0929,0.4662,0.0461
2019-12-12,0.5414,-0.2035,0.0965,0.5383,0.0519
2019-12-13,0.5221,-0.2167,0.1401,0.6318,0.0514
2019-12-16,0.5586,-0.1689,0.1027,0.5357,0.0645
2019-12-17,0.5239,-0.198,0.0616,0.5498,0.0731
2019-12-18,0.5502,-0.0402,0.0239,0.513,0.0683
2019-12-19,0.5367,-0.072,0.0612,0.45,0.0665
2019-12-20,0.5193,0.0937,0.0952,0.4826,0.0649
2019-12-23,0.4944,0.032,0.0527,0.5847,0.0539
2019-12-24,0.4822,-0.0135,0.0341,0.5783,0.0581
2019-12-25,0.5029,-0.024,0.0163,0.6947,0.0504
2019-12-26,0.4417,-0.1219,0.0405,0.6713,0.0584
2019-12-27,0.4672,-0.1508,0.0446,0.6933,0.0536
2019-12-30,0.4286,-0.0142,0.0564,0.7788,0.049
2019-12-31,0.4007,0.2062,0.0498,0.5866,0.0541
2020-01-02,0.3968,0.2345,0.0815,0.5949,0.0386
2020-01-03,0.4295,0.1164,0.08,0.4523,0.0567
2020-01-06,0.4432,-0.1034,0.0876,0.4364,0.0551
2020-01-07,0.4965,-0.0995,0.033,0.4594,0.0605
2020-01-08,0.4749,-0.1328,0.0169,0.4697,0.0568
2020-01-09,0.4864,-0.1169,0.0443,0.5256,0.0559
2020-01-10,0.512,-0.1544,0.0118,0.4997,0.0469
2020-01-13,0.4962,-0.0749,0.0065,0.6044,0.0597
2020-01-14,0.4805,0.0136,0.0537,0.4848,0.0702
2020-01-15,0.3964,0.0708,0.0945,0.6565,0.0542
2020-01-16,0.3821,0.0786,0.1056,0.6811,0.0636
2020-01-17,0.4215,0.0817,0.095,0.5139,0.0571
2020-01-20,0.4373,0.1082,0.0463,0.4397,0.0552
2020-01-30,0.4663,0.0148,0.0081,0.3275,0.041
2020-01-31,0.5122,-0.0073,0.0052,0.304,0.0303
2020-02-03,0.592,-0.0775,0.0238,0.2829,0.0357
2020-02-04,0.5952,0.0158,0.0696,0.0521,0.0346
2020-02-05,0.5168,0.1,0.0281,0.1687,0.0459
2020-02-06,0.4648,0.0212,0.0818,0.3429,0.0331
2020-02-07,0.5214,0.0772,0.0603,0.2658,0.0323
2020-02-10,0.5199,-0.0024,0.0885,0.2817,0.0466
2020-02-11,0.5043,0.1018,0.0719,0.3872,0.0414
2020-02-12,0.5088,-0.0439,0.0506,0.3623,0.0434
2020-02-13,0.5238,-0.0137,0.1115,0.3189,0.0394
2020-02-14,0.498,0.032,0.1404,0.4063,0.0324
2020-02-17,0.51,0.0314,0.1189,0.3763,0.0351
2020-02-18,0.5308,0.0687,0.2279,0.3234,0.0544
2020-02-19,0.539,-0.0803,0.2342,0.3834,0.0638
2020-02-20,0.446,-0.0451,0.2121,0.2298,0.0736
2020-02-21,0.464,-0.0328,0.1584,0.1743,0.0586
2020-02-24,0.4785,-0.0195,0.1621,0.0,0.0511
2020-02-25,0.4814,-0.0353,0.1287,0.0826,0.044
2020-02-26,0.4025,-0.1749,0.1491,0.0292,0.0587
2020-02-27,0.4702,-0.1986,0.1942,0.0919,0.0625
2020-03-02,0.5002,-0.1319,0.1933,0.1722,0.0691
2020-03-03,0.4983,0.0526,0.1829,0.2895,0.0559
2020-03-04,0.4684,-0.0073,0.1772,0.461,0.042
2020-03-05,0.5009,-0.0368,0.1967,0.3594,0.0361
2020-03-06,0.497,-0.2411,0.1474,0.3909,0.0424
2020-03-09,0.5185,-0.3139,0.2138,0.2381,0.0352
2020-03-10,0.5034,-0.3668,0.1768,0.1491,0.0276
2020-03-11,0.5135,-0.3571,0.188,0.2241,0.022
2020-03-12,0.5621,-0.4108,0.1596,0.1139,0.0226
2020-03-13,0.5621,-0.2594,0.1231,0.1037,0.0342
2020-03-16,0.5804,-0.2338,0.1737,0.21,0.0504
2020-03-17,0.5274,-0.2728,0.1617,0.2395,0.0487
2020-03-18,0.5561,-0.3085,0.1589,0.3834,0.0581
2020-03-19,0.5542,-0.3833,0.1575,0.4972,0.0503
2020-03-20,0.5403,-0.2915,0.1582,0.4613,0.0359
2020-03-23,0.5234,-0.3431,0.1329,0.416,0.0542
2020-03-24,0.4825,-0.2742,0.1572,0.4064,0.0581
2020-03-25,0.4171,-0.1708,0.1289,0.5116,0.0613
2020-03-26,0.4042,-0.2004,0.1104,0.4374,0.0695
2020-03-27,0.343,-0.3263,0.0994,0.3467,0.0619
2020-03-30,0.3496,-0.2358,0.0998,0.3774,0.0666
2020-03-31,0.3681,-0.1821,0.1188,0.4056,0.0511
2020-04-01,0.3791,-0.0432,0.0842,0.4552,0.0541
2020-04-06,0.3762,0.0383,0.0663,0.5126,0.0614
2020-04-07,0.3926,0.138,0.0,0.5485,0.072
2020-04-08,0.4201,0.0642,0.1149,0.695,0.0677
2020-04-09,0.4342,-0.1308,0.1771,0.6244,0.0714
2020-04-10,0.4233,-0.1442,0.1106,0.6555,0.0579
2020-04-13,0.4027,-0.1747,0.14,0.8323,0.0432
2020-04-14,0.3843,-0.1005,0.1881,0.7394,0.0306
2020-04-15,0.3718,-0.0476,0.1681,0.8639,0.031
2020-04-16,0.3842,-0.1813,0.1424,0.8749,0.0343
2020-04-17,0.3912,-0.0291,0.0863,0.7858,0.0337
2020-04-20,0.4123,-0.0796,0.0742,0.8111,0.0237
2020-04-21,0.4326,-0.144,0.1199,0.7408,0.0438
2020-04-22,0.4958,-0.1578,0.1343,0.6969,0.0436
2020-04-23,0.5103,-0.2532,0.0911,0.6617,0.0319
2020-04-24,0.5559,-0.2142,0.0937,0.6255,0.0485
2020-04-27,0.5553,-0.0517,0.0948,0.6398,0.0452
2020-04-28,0.605,-0.0105,0.049,0.6509,0.0543
2020-04-29,0.6311,0.1656,0.0945,0.5651,0.0552
2020-04-30,0.6898,0.1414,0.1373,0.5879,0.0576
2020-05-04,0.6696,-0.0762,0.1966,0.586,0.0543
2020-05-05,0.6737,-0.0088,0.187,0.6939,0.0579
2020-05-06,0.6746,-0.1059,0.215,0.7983,0.0529
2020-05-07,0.6571,-0.0244,0.2489,0.6954,0.0538
2020-05-08,0.6857,0.0698,0.227,0.7503,0.0594
2020-05-11,0.7322,0.0656,0.246,0.731,0.0705
2020-05-12,0.7266,-0.0742,0.145,0.7044,0.064
2020-05-13,0.7916,0.0614,0.2003,0.6947,0.0496
2020-05-14,0.8136,0.024,0.1943,0.5257,0.0417
2020-05-15,0.8448,-0.1026,0.2466,0.6294,0.052
2020-05-18,0.8021,-0.1502,0.2268,0.6714,0.0594
2020-05-19,0.7788,-0.0316,0.2498,0.8112,0.0568
2020-05-20,0.795,-0.0034,0.2566,0.7502,0.0524
2020-05-21,0.7862,0.1365,0.3177,0.7708,0.0613
2020-05-22,0.7787,0.0764,0.2935,0.7106,0.05
2020-05-25,0.8149,0.2034,0.3171,0.8118,0.0602
2020-05-26,0.8287,0.159,0.3218,0.8572,0.0714
2020-05-27,0.7838,0.0824,0.2972,0.8266,0.0707
2020-05-28,0.8206,0.178,0.2827,0.9167,0.0612
2020-05-29,0.8283,0.0992,0.2831,1.0,0.072
2020-06-01,0.8593,0.0647,0.282,0.9074,0.0504
2020-06-02,0.8574,-0.0474,0.2833,0.9151,0.0589
2020-06-03,0.8641,0.1409,0.2325,0.9255,0.0441
2020-06-04,0.8333,0.1629,0.2543,1.0,0.0437
2020-06-05,0.8192,0.1627,0.2576,0.9901,0.0467
2020-06-08,0.8016,0.2195,0.2145,0.8458,0.0511
2020-06-09,0.8163,0.1947,0.2289,0.8086,0.054
2020-06-10,0.7593,0.0756,0.267,0.7856,0.0536
2020-06-11,0.7612,0.2097,0.271,0.7849,0.0534
2020-06-12,0.7053,0.0988,0.2826,0.5772,0.0556
2020-06-15,0.6806,0.1309,0.313,0.558,0.0479
2020-06-16,0.6926,0.0093,0.352,0.6279,0.0502
2020-06-17,0.6717,-0.1473,0.2776,0.7555,0.0461
2020-06-18,0.6372,-0.1182,0.2423,0.7287,0.033
2020-06-19,0.6153,-0.0392,0.209,0.5407,0.0273
2020-06-22,0.5339,-0.0132,0.227,0.269,0.0321
2020-06-23,0.5351,0.0445,0.2153,0.2962,0.0243
2020-06-24,0.5872,0.1014,0.1992,0.2521,0.0451
2020-06-29,0.6369,0.1452,0.2205,0.2961,0.0445
2020-06-30,0.6597,0.2988,0.1975,0.2267,0.0545
2020-07-01,0.6324,0.388,0.1603,0.1402,0.0385
2020-07-02,0.6917,0.3937,0.2052,0.1522,0.0472
2020-07-03,0.6961,0.2833,0.1593,0.1383,0.0601
2020-07-06,0.6392,0.1631,0.1666,0.3884,0.0579
2020-07-07,0.7277,0.154,0.1623,0.4807,0.0528
2020-07-08,0.7279,-0.0486,0.0877,0.3763,0.065
2020-07-09,0.6733,-0.0074,0.1111,0.4698,0.0509
2020-07-10,0.7314,0.0139,0.1141,0.4413,0.039
2020-07-13,0.7014,-0.0133,0.1179,0.659,0.0518
2020-07-14,0.6943,0.1698,0.1416,0.5513,0.0437
2020-07-15,0.727,0.0348,0.1529,0.6023,0.0484
2020-07-16,0.7222,0.0702,0.1195,0.4664,0.0484
2020-07-17,0.7618,0.0131,0.1198,0.2761,0.0554
2020-07-20,0.7606,0.1278,0.1494,0.1382,0.057
2020-07-21,0.7861,0.0835,0.1672,0.0155,0.0449
2020-07-22,0.7464,0.1551,0.1934,0.0529,0.0407
2020-07-23,0.7222,0.0318,0.2147,0.035,0.0343
2020-07-24,0.7094,0.0501,0.218,0.0847,0.0514
2020-07-27,0.7006,-0.0014,0.1796,0.1469,0.0453
2020-07-28,0.6807,0.1749,0.1738,0.1782,0.0342
2020-07-29,0.6539,0.0921,0.1517,0.171,0.053
2020-07-30,0.6608,-0.1501,0.2247,0.1719,0.0653
2020-07-31,0.6644,0.0334,0.1991,0.2426,0.0683
2020-08-03,0.6153,0.1128,0.161,0.1928,0.0517
2020-08-04,0.5796,-0.0202,0.1223,0.2828,0.0568
2020-08-05,0.5496,0.1104,0.1571,0.2418,0.0477
2020-08-06,0.5577,0.214,0.1493,0.1739,0.0429
2020-08-07,0.5774,0.219,0.1443,0.3679,0.0504
2020-08-10,0.5647,0.2736,0.1704,0.452,0.0593
2020-08-11,0.5331,0.0971,0.1097,0.468,0.0694
2020-08-12,0.494,0.1258,0.1165,0.5966,0.0675
2020-08-13,0.5358,0.0131,0.11,0.8106,0.0602
2020-08-14,0.563,0.0247,0.091,0.824,0.0492
2020-08-17,0.6068,-0.1353,0.0719,0.7449,0.0562
2020-08-18,0.6406,0.0279,0.1328,0.6834,0.0404
2020-08-19,0.6543,0.0158,0.1597,0.7964,0.0324
2020-08-20,0.6437,-0.045,0.1257,0.8099,0.025
2020-08-21,0.6788,0.0564,0.1136,0.9045,0.0188
2020-08-24,0.7143,0.0819,0.0852,0.858,0.0153
2020-08-25,0.7302,0.0641,0.0961,0.6392,0.0165
2020-08-26,0.7337,0.0876,0.1332,0.6987,0.0202
2020-08-27,0.7559,-0.0223,0.1643,0.662,0.0191
2020-08-28,0.723,-0.0237,0.1872,0.6235,0.0309
2020-08-31,0.7042,-0.1492,0.1972,0.586,0.0509
2020-09-01,0.7658,-0.1054,0.1826,0.4192,0.041
2020-09-02,0.7895,-0.1597,0.1878,0.5028,0.0323
2020-09-03,0.7962,-0.2549,0.2399,0.3946,0.046
2020-09-04,0.8207,-0.0693,0.2161,0.4108,0.0373
2020-09-07,0.8109,0.0463,0.2785,0.4517,0.0484
2020-09-08,0.8383,0.1529,0.29,0.4152,0.0596
2020-09-09,0.8277,0.0855,0.275,0.4065,0.0689
2020-09-10,0.8229,-0.0357,0.2424,0.3429,0.0735
2020-09-11,0.8573,-0.1215,0.2157,0.4312,0.0777
2020-09-14,0.8691,-0.0493,0.2784,0.284,0.0572
2020-09-15,0.8699,0.1173,0.2216,0.1255,0.0536
2020-09-16,0.8867,-0.1085,0.2057,0.073,0.0624
2020-09-17,0.8776,-0.1743,0.2916,0.2079,0.0502
2020-09-18,0.863,-0.2266,0.3438,0.4651,0.0463
2020-09-21,0.8459,-0.0137,0.3438,0.5467,0.041
2020-09-22,0.8257,-0.0036,0.3569,0.5328,0.0478
2020-09-23,0.7575,-0.1823,0.2721,0.5008,0.0346
2020-09-24,0.7803,-0.0779,0.2558,0.402,0.0398
2020-09-25,0.8037,-0.0469,0.2757,0.3806,0.0508
2020-09-28,0.8203,0.121,0.339,0.3948,0.039
2020-09-29,0.812,0.1311,0.3352,0.4431,0.0295
2020-09-30,0.7501,0.0561,0.2842,0.2781,0.0274
2020-10-05,0.8266,0.1457,0.2555,0.2036,0.0451
2020-10-06,0.8243,-0.0724,0.2997,0.3338,0.0515
2020-10-07,0.7887,0.1466,0.2558,0.5301,0.0428
2020-10-08,0.7703,0.1171,0.2449,0.6288,0.0443
2020-10-12,0.766,0.1873,0.1852,0.4711,0.0552
2020-10-13,0.747,0.173,0.1967,0.3655,0.0481
2020-10-14,0.7757,0.2933,0.1895,0.3338,0.0422
2020-10-15,0.8065,0.3673,0.2357,0.3905,0.0587
2020-10-16,0.7781,0.212,0.2321,0.4172,0.056
2020-10-19,0.7779,0.2671,0.3035,0.4786,0.0478
2020-10-20,0.7811,0.2291,0.2649,0.5531,0.0349
2020-10-21,0.7592,0.2234,0.287,0.6323,0.0469
2020-10-22,0.7329,0.2548,0.2638,0.738,0.0582
2020-10-23,0.7915,0.095,0.2714,0.8161,0.045
2020-10-26,0.7472,0.1314,0.2636,0.9396,0.0539
2020-10-27,0.7256,0.0994,0.2814,1.0,0.0458
2020-10-28,0.6662,0.1522,0.257,0.8419,0.0397
2020-10-29,0.6789,0.0652,0.2214,0.9064,0.0564
2020-10-30,0.7285,-0.016,0.2664,0.9229,0.0668
2020-11-02,0.6863,0.0703,0.2452,0.8883,0.0749
2020-11-03,0.6885,0.0149,0.2571,0.8332,0.0806
2020-11-04,0.6946,0.0161,0.2586,0.8012,0.0706
2020-11-05,0.6723,-0.1249,0.2076,0.8133,0.0534
2020-11-06,0.6055,-0.0366,0.232,0.6954,0.0583
2020-11-09,0.6702,-0.0799,0.26,0.9066,0.0619
2020-11-10,0.6773,-0.0616,0.2239,0.7599,0.0573
2020-11-11,0.6387,0.0981,0.1887,0.6497,0.051
2020-11-12,0.6398,0.2578,0.2155,0.536,0.0611
2020-11-13,0.6515,0.0684,0.2261,0.5365,0.0524
2020-11-16,0.6675,0.1816,0.2023,0.4812,0.0618
2020-11-17,0.7177,0.0093,0.1526,0.486,0.0527
2020-11-18,0.7234,0.011,0.2403,0.5489,0.0631
2020-11-19,0.6958,-0.2833,0.2659,0.6,0.0674
2020-11-20,0.734,-0.2922,0.2193,0.6151,0.0702
2020-11-23,0.7086,-0.1877,0.2012,0.5928,0.0709
2020-11-24,0.7026,-0.2315,0.2202,0.5777,0.0654
2020-11-25,0.7324,-0.2798,0.1428,0.5859,0.0576
2020-11-26,0.7124,-0.3665,0.1716,0.7567,0.0588
2020-11-27,0.7437,-0.3534,0.1321,0.7939,0.0711
2020-11-30,0.7466,-0.3675,0.139,0.7843,0.0766
2020-12-01,0.734,-0.5392,0.0946,0.7436,0.0588
2020-12-02,0.7596,-0.3654,0.0423,0.7465,0.061
2020-12-03,0.8093,-0.2246,0.0146,0.6977,0.0639
2020-12-04,0.832,-0.1005,0.0,0.6734,0.0514
2020-12-07,0.8309,-0.0709,0.0107,0.7876,0.0501
2020-12-08,0.8925,0.0386,0.0,0.8031,0.0405
2020-12-09,0.903,0.0797,0.0,0.8937,0.0485
2020-12-10,0.9935,0.1151,0.0,0.8303,0.0466
2020-12-11,1.0,0.1722,0.0,0.7059,0.046
2020-12-14,0.9503,0.2422,0.0331,0.7623,0.0442
2020-12-15,0.9293,0.2803,0.0311,0.6665,0.0377
2020-12-16,0.9428,0.4715,0.0374,0.5583,0.0302
2020-12-17,0.9678,0.2702,0.0015,0.4934,0.047
2020-12-18,0.9315,0.3072,0.0,0.3626,0.0517
2020-12-21,0.9435,0.387,0.0646,0.3118,0.0475
2020-12-22,1.0,0.3637,0.0242,0.364,0.0353
2020-12-23,0.9885,0.1903,0.0333,0.2885,0.0284
2020-12-24,0.965,0.1055,0.1225,0.2656,0.0223
2020-12-25,1.0,0.1613,0.1666,0.3883,0.0451
2020-12-28,1.0,0.1221,0.1,0.4806,0.0377
2020-12-29,0.9965,0.1164,0.1034,0.6549,0.0351
2020-12-30,1.0,0.0407,0.1224,0.4795,0.0315
2020-12-31,1.0,0.0625,0.1132,0.3369,0.0307
2021-01-04,0.9771,0.0131,0.0736,0.3624,0.0282
2021-01-05,0.9844,-0.0162,0.1081,0.3491,0.0451
2021-01-06,0.9847,0.0271,0.1205,0.4633,0.0386
2021-01-07,0.9573,-0.1077,0.1206,0.5169,0.051
2021-01-08,0.9814,-0.1541,0.0552,0.5399,0.0464
2021-01-11,0.9983,0.0232,0.0116,0.4013,0.0404
2021-01-12,0.9629,0.0962,0.0278,0.3801,0.0561
2021-01-13,1.0,0.2142,0.0485,0.4486,0.0689
2021-01-14,0.944,-0.1243,0.0454,0.4063,0.0705
2021-01-15,0.9318,-0.0215,0.0,0.4219,0.0599
2021-01-18,0.9605,0.0353,0.0442,0.4875,0.0539
2021-01-19,0.9815,0.0747,0.0159,0.4147,0.0525
2021-01-20,0.9895,-0.0263,0.0175,0.5026,0.0599
2021-01-21,1.0,0.0064,0.0102,0.5174,0.0521
2021-01-22,1.0,-0.0674,0.0896,0.4177,0.0516
2021-01-25,1.0,-0.1655,0.0093,0.5695,0.0437
2021-01-26,0.9717,-0.1769,0.0176,0.5309,0.0471
2021-01-27,0.9905,-0.2793,0.0302,0.4976,0.0613
2021-01-28,0.9712,-0.3213,0.0256,0.4734,0.0613
2021-01-29,1.0,-0.2141,0.0109,0.5521,0.0463
2021-02-01,0.9921,-0.095,0.063,0.5036,0.0567
2021-02-02,0.9901,0.011,0.0642,0.5194,0.063
2021-02-03,0.9888,-0.1696,0.0834,0.6118,0.061
2021-02-04,0.9461,-0.2836,0.0642,0.5003,0.0689
2021-02-05,0.8992,-0.4153,0.0,0.3835,0.0674
2021-02-17,0.9116,-0.4112,0.0488,0.4278,0.0747
2021-02-18,0.9411,-0.2841,0.049,0.3606,0.0634
2021-02-19,0.9429,-0.1826,0.0607,0.4226,0.0502
2021-02-22,0.9028,-0.1492,0.1114,0.3761,0.0472
2021-02-23,0.9085,-0.0373,0.0514,0.3155,0.049
2021-02-24,0.887,-0.1743,0.0336,0.2596,0.0575
2021-02-25,0.828,-0.3505,0.0,0.4023,0.0641
2021-02-26,0.8306,-0.4126,0.0,0.5792,0.074
2021-03-02,0.7578,-0.373,0.0,0.5041,0.0581
2021-03-03,0.7462,-0.4335,0.0157,0.3649,0.0604
2021-03-04,0.7287,-0.4095,0.0818,0.1752,0.0678
2021-03-05,0.7032,-0.3428,0.002,0.2774,0.0723
2021-03-08,0.7534,-0.1527,0.0,0.3013,0.0544
2021-03-09,0.7124,0.062,0.0,0.1799,0.0437
2021-03-10,0.7255,-0.0208,0.0644,0.2452,0.0467
2021-03-11,0.7245,0.0226,0.0649,0.1127,0.0399
2021-03-12,0.6976,0.2479,0.0159,0.1642,0.0385
2021-03-15,0.7042,0.2771,0.0169,0.1592,0.0544
2021-03-16,0.6637,0.2445,0.0942,0.1105,0.0578
2021-03-17,0.6505,0.1871,0.1492,0.2154,0.0691
2021-03-18,0.6754,-0.0024,0.161,0.3436,0.0554
2021-03-19,0.6975,0.0838,0.1918,0.4954,0.0638
2021-03-22,0.7032,0.089,0.1822,0.4651,0.0628
2021-03-23,0.7212,0.1055,0.1886,0.3539,0.064
2021-03-24,0.6767,0.1267,0.2131,0.229,0.0719
2021-03-25,0.6434,0.141,0.1915,0.3611,0.0779
2021-03-26,0.6266,0.0376,0.21,0.542,0.0841
2021-03-29,0.5834,-0.0955,0.2028,0.4906,0.0786
2021-03-30,0.58,-0.0002,0.245,0.4588,0.0598
2021-03-31,0.6074,-0.0152,0.1941,0.4059,0.0615
2021-04-01,0.5886,0.0452,0.2057,0.332,0.0695
2021-04-07,0.5494,0.1149,0.2647,0.3768,0.0648
2021-04-08,0.5857,-0.0182,0.2711,0.4928,0.0559
2021-04-09,0.5758,-0.0397,0.3156,0.6671,0.0507
2021-04-12,0.6105,-0.0615,0.3293,0.7,0.0605
2021-04-13,0.6828,-0.1219,0.4477,0.677,0.0439
2021-04-14,0.6703,-0.1458,0.3918,0.5785,0.0577
2021-04-15,0.6877,-0.0745,0.3734,0.5704,0.0487
2021-04-16,0.7121,0.0996,0.414,0.5461,0.0541
2021-04-19,0.7353,0.1909,0.4255,0.4614,0.0632
2021-04-20,0.7527,0.1216,0.4458,0.5782,0.0689
2021-04-21,0.7191,0.0914,0.4514,0.6521,0.0681
2021-04-22,0.759,0.1367,0.5119,0.788,0.0716
2021-04-23,0.7261,0.2128,0.5433,0.6616,0.0586
2021-04-26,0.808,0.263,0.5907,0.5864,0.0443
2021-04-27,0.8214,0.1204,0.5933,0.5602,0.0372
2021-04-28,0.887,0.1728,0.5181,0.392,0.037
2021-04-29,0.8371,0.2903,0.4572,0.3147,0.0328
2021-05-03,0.7976,0.4053,0.4082,0.5134,0.0289
2021-05-04,0.7224,0.4717,0.3285,0.4392,0.0428
2021-05-05,0.7158,0.3261,0.3516,0.2887,0.0573
2021-05-06,0.694,0.1633,0.3713,0.3209,0.0509
2021-05-07,0.7349,0.0386,0.3715,0.2308,0.0571
2021-05-10,0.7603,0.0428,0.3523,0.2119,0.063
2021-05-11,0.7272,0.0658,0.357,0.0868,0.0474
2021-05-12,0.7352,0.141,0.3452,0.0052,0.0517
2021-05-13,0.6919,0.1046,0.3247,0.0342,0.0601
2021-05-14,0.6986,0.269,0.3117,0.0463,0.0638
2021-05-17,0.6726,0.3246,0.3041,0.1136,0.0631
2021-05-18,0.7359,0.3984,0.3419,0.3594,0.0511
2021-05-19,0.739,0.3006,0.2361,0.2874,0.0637
2021-05-20,0.7802,0.3955,0.1924,0.3977,0.0617
2021-05-21,0.8177,0.3181,0.191,0.5225,0.0457
2021-05-24,0.8411,0.2494,0.2579,0.6128,0.0333
2021-05-25,0.8287,0.1658,0.2815,0.4209,0.0314
2021-05-26,0.7973,0.0751,0.2653,0.3082,0.0292
2021-05-27,0.8231,0.0538,0.2896,0.0479,0.0456
2021-05-28,0.8102,0.1244,0.2489,0.0199,0.0528
2021-05-31,0.8321,0.1904,0.1932,0.1171,0.0594
2021-06-01,0.8211,-0.0963,0.2377,0.1025,0.0682
2021-06-02,0.8122,-0.2953,0.2087,0.0658,0.0659
2021-06-03,0.7623,-0.34,0.1292,0.1335,0.0566
2021-06-04,0.7344,-0.3964,0.1479,0.1241,0.0406
2021-06-07,0.7254,-0.3707,0.1305,0.3003,0.0496
2021-06-08,0.717,-0.0901,0.1186,0.2423,0.0588
2021-06-09,0.6903,-0.1685,0.1066,0.2373,0.0627
2021-06-10,0.7109,-0.0407,0.1514,0.1338,0.0638
2021-06-11,0.7518,-0.0525,0.1244,0.1242,0.0596
2021-06-15,0.7197,0.0293,0.1676,0.2711,0.0438
2021-06-16,0.7161,-0.0467,0.1525,0.0893,0.0588
2021-06-17,0.7053,-0.0276,0.1292,0.0637,0.0624
2021-06-18,0.7156,-0.0891,0.0572,0.0802,0.0609
2021-06-21,0.6797,-0.1039,0.0,0.0483,0.0475
2021-06-22,0.6814,0.0498,0.0,0.0918,0.051
2021-06-23,0.6821,0.1918,0.0452,0.0558,0.0537
2021-06-24,0.6955,0.1917,0.102,0.1247,0.0581
2021-06-25,0.6683,0.1096,0.1159,0.2225,0.0445
2021-06-28,0.6914,0.0876,0.0968,0.2425,0.0534
2021-06-29,0.6707,-0.0739,0.138,0.3392,0.0407
2021-06-30,0.6325,-0.0417,0.1159,0.2321,0.0486
2021-07-01,0.6339,0.1274,0.1098,0.5053,0.0373
2021-07-02,0.6507,-0.0969,0.1763,0.551,0.0362
2021-07-05,0.5763,-0.0238,0.1597,0.4264,0.0524
2021-07-06,0.5756,-0.0656,0.1678,0.5525,0.0578
2021-07-07,0.5847,0.0391,0.1975,0.495,0.0689
2021-07-08,0.5708,-0.0285,0.1502,0.4734,0.0588
2021-07-09,0.5743,0.0609,0.1265,0.3762,0.0575
2021-07-12,0.5305,0.0536,0.104,0.5133,0.0584
2021-07-13,0.5586,-0.0727,0.0822,0.6495,0.0453
2021-07-14,0.5432,-0.31,0.0873,0.6777,0.0452
2021-07-15,0.49,-0.2795,0.1068,0.65,0.0438
2021-07-16,0.4524,-0.1704,0.119,0.5882,0.0336
2021-07-19,0.4611,-0.225,0.0842,0.6709,0.0286
2021-07-20,0.4534,-0.1997,0.1203,0.6548,0.0396
2021-07-21,0.4365,-0.3912,0.0958,0.5936,0.0514
2021-07-22,0.4356,-0.4172,0.0511,0.6185,0.0536
2021-07-23,0.3852,-0.4564,0.0575,0.5643,0.0446
2021-07-26,0.4141,-0.3794,0.0631,0.5787,0.0584
2021-07-27,0.3585,-0.3057,0.0967,0.6092,0.0517
2021-07-28,0.4185,-0.3539,0.093,0.6099,0.0546
2021-07-29,0.4356,-0.1549,0.1083,0.5629,0.0541
2021-07-30,0.408,-0.2035,0.0721,0.6306,0.0646
2021-08-02,0.4026,-0.2758,0.0,0.7258,0.0744
2021-08-03,0.4123,-0.2418,0.0209,0.5914,0.076
2021-08-04,0.4078,-0.1986,0.0,0.5191,0.0713
2021-08-05,0.3852,-0.2679,0.0067,0.4389,0.0529
2021-08-06,0.3888,-0.1638,0.0481,0.5292,0.0469
2021-08-09,0.3689,-0.0317,0.0434,0.6445,0.0618
2021-08-10,0.3619,-0.1535,0.0131,0.6118,0.0692
2021-08-11,0.3427,-0.28,0.0036,0.5303,0.062
2021-08-12,0.3227,-0.2531,0.0234,0.5756,0.056
2021-08-13,0.318,-0.3368,0.0122,0.5283,0.0429
2021-08-16,0.2782,-0.183,0.0,0.4972,0.0598
2021-08-17,0.3214,-0.0643,0.011,0.3574,0.0605
2021-08-18,0.3263,-0.0662,0.1208,0.3707,0.0454
2021-08-19,0.3183,-0.0839,0.1538,0.2992,0.0557
2021-08-20,0.3088,-0.2277,0.152,0.3031,0.0586
2021-08-23,0.3166,-0.1692,0.1414,0.2171,0.0682
2021-08-24,0.3852,-0.2482,0.0959,0.1671,0.0725
2021-08-25,0.3894,-0.1468,0.024,0.0334,0.0587
2021-08-26,0.4226,0.0106,0.013,0.1347,0.0582
2021-08-27,0.4365,-0.0785,0.0149,0.2015,0.0427
2021-08-30,0.4699,0.0163,0.0,0.1515,0.0588
2021-08-31,0.524,0.0237,0.0,0.3299,0.0477
2021-09-01,0.5275,-0.0107,0.0436,0.3556,0.0338
2021-09-02,0.5398,0.011,0.0064,0.1328,0.0389
2021-09-03,0.5265,0.0788,0.0,0.0866,0.0458
2021-09-06,0.5545,-0.0193,0.0228,0.1311,0.0386
2021-09-07,0.5701,0.0943,0.0109,0.1833,0.0295
2021-09-08,0.5002,0.1424,0.0047,0.1753,0.0225
2021-09-09,0.5,0.0953,0.0,0.0485,0.0361
2021-09-10,0.5332,0.0668,0.0116,0.0442,0.0384
2021-09-13,0.5114,0.1983,0.01,0.0,0.0372
2021-09-14,0.5426,0.1001,0.0,0.0179,0.0503
2021-09-15,0.5534,0.1581,0.0133,0.0,0.0565
2021-09-16,0.5224,0.1271,0.0285,0.0,0.0531
2021-09-17,0.4939,-0.0569,0.0073,0.0,0.061
2021-09-22,0.4731,0.0455,0.0,0.1244,0.0499
2021-09-23,0.478,0.0309,0.0215,0.1974,0.0417
2021-09-24,0.4451,-0.025,0.0056,0.0289,0.0298
2021-09-27,0.4232,-0.0737,0.0,0.0,0.0246
2021-09-28,0.4183,-0.1682,0.0,0.0,0.0297
2021-09-29,0.4088,-0.1824,0.0,0.1761,0.0209
2021-09-30,0.3931,-0.085,0.0055,0.1927,0.0324
2021-10-01,0.3787,-0.07,0.0428,0.1401,0.0412
2021-10-04,0.3032,0.1507,0.0412,0.0948,0.0397
2021-10-05,0.363,0.1132,0.0674,0.0524,0.0359
2021-10-06,0.3153,-0.1461,0.0872,0.0924,0.0451
2021-10-07,0.2784,-0.0457,0.0231,0.0,0.0424
2021-10-08,0.2993,0.0372,0.0352,0.1359,0.0523
2021-10-12,0.2954,0.0363,0.049,0.1437,0.0441
2021-10-13,0.2716,0.121,0.0156,0.1033,0.0537
2021-10-14,0.3005,0.1481,0.0892,0.1624,0.0574
2021-10-15,0.3298,0.1069,0.0,0.2352,0.0661
2021-10-18,0.385,0.0951,0.0,0.3436,0.069
2021-10-19,0.3527,-0.0831,0.0146,0.4765,0.0762
2021-10-20,0.4254,-0.0513,0.0278,0.4987,0.0752
2021-10-21,0.4111,0.0016,0.0304,0.4667,0.0598
2021-10-22,0.4137,-0.0222,0.0,0.6245,0.068
2021-10-25,0.4159,0.067,0.0,0.4425,0.0633
2021-10-26,0.4566,0.0492,0.0118,0.4595,0.0605
2021-10-27,0.4809,0.1752,0.0409,0.5015,0.0631
2021-10-28,0.4423,0.1375,0.0,0.2008,0.0719
2021-10-29,0.4662,0.0907,0.0548,0.2326,0.0739
2021-11-01,0.4378,0.0328,0.1082,0.2887,0.0535
2021-11-02,0.4564,0.022,0.1216,0.2035,0.0381
2021-11-03,0.3849,0.1407,0.0556,0.0,0.0354
2021-11-04,0.3424,0.0862,0.1185,0.0,0.0487
2021-11-05,0.3227,0.1125,0.0863,0.029,0.0492
2021-11-08,0.2525,0.0228,0.0657,0.1459,0.0566
2021-11-09,0.2182,0.0472,0.0,0.2528,0.0556
2021-11-10,0.223,-0.0129,0.0432,0.339,0.0605
2021-11-11,0.1874,-0.1402,0.0323,0.3123,0.0575
2021-11-12,0.1709,-0.1385,0.0089,0.2734,0.0558
2021-11-15,0.1937,-0.103,0.0,0.2132,0.0616
2021-11-16,0.2274,0.0039,0.0077,0.0266,0.0513
2021-11-17,0.2886,0.0771,0.0363,0.0779,0.065
2021-11-18,0.2506,0.0087,0.0008,0.0055,0.0631
2021-11-19,0.2717,0.1245,0.0,0.0574,0.0549
2021-11-22,0.2752,0.0729,0.0124,0.1455,0.0655
2021-11-23,0.2479,0.1183,0.0073,0.3668,0.0666
2021-11-24,0.2021,0.0851,0.026,0.473,0.0527
2021-11-25,0.2088,-0.0626,0.0,0.4918,0.037
2021-11-26,0.2205,-0.057,0.0091,0.2858,0.0405
2021-11-29,0.2886,0.0152,0.0204,0.3484,0.0309
2021-11-30,0.2802,-0.1518,0.0608,0.4247,0.04
2021-12-01,0.3083,0.0784,0.0593,0.3852,0.0329
2021-12-02,0.2765,0.0336,0.092,0.3149,0.0439
2021-12-03,0.2676,0.0291,0.049,0.2186,0.0324
2021-12-06,0.2076,0.1414,0.0113,0.1267,0.0348
2021-12-07,0.2193,0.0006,0.0103,0.0,0.0451
2021-12-08,0.25,0.083,0.0854,0.009,0.0415
2021-12-09,0.2337,-0.017,0.0619,0.1818,0.039
2021-12-10,0.293,0.2367,0.0346,0.148,0.0327
2021-12-13,0.2704,0.2562,0.023,0.2593,0.0526
2021-12-14,0.2516,0.3051,0.043,0.3347,0.0436
2021-12-15,0.2979,0.296,0.0642,0.4318,0.039
2021-12-16,0.3485,0.3097,0.1069,0.3906,0.0372
2021-12-17,0.3123,0.3104,0.1591,0.3437,0.0493
2021-12-20,0.3572,0.1273,0.1356,0.4496,0.038
2021-12-21,0.3322,0.0826,0.1607,0.2711,0.0509
2021-12-22,0.3461,0.2288,0.2362,0.286,0.0511
2021-12-23,0.341,0.236,0.2684,0.2584,0.0643
2021-12-24,0.3531,0.1771,0.227,0.2185,0.0613
2021-12-27,0.3562,0.2984,0.2071,0.0441,0.0626
2021-12-28,0.3183,0.2842,0.2256,0.1467,0.0664
2021-12-29,0.3392,0.1066,0.2487,0.1579,0.0623
2021-12-30,0.2977,-0.0027,0.2494,0.2172,0.0608
2022-01-03,0.2402,-0.0525,0.2769,0.1374,0.0629
2022-01-04,0.2837,-0.02,0.264,0.5483,0.0736
2022-01-05,0.284,0.0515,0.2738,0.6148,0.0627
2022-01-06,0.2812,0.3691,0.3119,0.6708,0.053
2022-01-07,0.273,0.1788,0.3457,0.5143,0.043
2022-01-10,0.2303,-0.0277,0.3412,0.2913,0.0371
2022-01-11,0.2048,0.1213,0.3927,0.3842,0.0291
2022-01-12,0.2364,-0.0542,0.4182,0.2007,0.0467
2022-01-13,0.182,-0.0669,0.4208,0.1466,0.0536
2022-01-14,0.202,-0.2988,0.3835,0.0156,0.0661
2022-01-17,0.2136,-0.3193,0.3011,0.2727,0.0636
2022-01-18,0.2047,-0.1006,0.3328,0.1012,0.0561
2022-01-19,0.1947,0.0482,0.3642,0.2407,0.0416
2022-01-20,0.1909,0.1907,0.388,0.2869,0.0566
2022-01-21,0.1386,0.0504,0.427,0.3095,0.0472
2022-01-24,0.1615,0.1761,0.4115,0.412,0.0584
2022-01-25,0.2266,0.2779,0.3404,0.6046,0.0687
2022-01-26,0.2065,0.2319,0.3123,0.6576,0.0608
2022-02-07,0.1892,0.3005,0.3744,0.5604,0.0621
2022-02-08,0.1756,0.2797,0.324,0.3472,0.07
2022-02-09,0.2034,0.2814,0.2613,0.3925,0.0763
2022-02-10,0.2517,0.231,0.2252,0.3308,0.0828
2022-02-11,0.2341,0.1957,0.1938,0.5326,0.0777
2022-02-14,0.2492,0.2499,0.1813,0.356,0.0595
2022-02-15,0.2696,0.0819,0.1794,0.3437,0.0478
2022-02-16,0.2907,-0.0075,0.2125,0.24,0.0441
2022-02-17,0.3197,0.0129,0.2567,0.0202,0.0472
2022-02-18,0.3623,0.1192,0.1862,0.1784,0.0466
2022-02-21,0.4111,0.1567,0.1957,0.1117,0.0449
2022-02-22,0.459,0.2792,0.2913,0.325,0.0604
2022-02-23,0.4539,0.2236,0.2441,0.2269,0.046
2022-02-24,0.3944,0.2462,0.2639,0.2184,0.0582
2022-02-25,0.3942,0.1147,0.2335,0.3278,0.0435
2022-03-01,0.3758,0.0218,0.2379,0.4096,0.0309
2022-03-02,0.4045,0.0777,0.2671,0.2162,0.0433
2022-03-03,0.4326,-0.0773,0.228,0.3648,0.0489
2022-03-04,0.4105,-0.1132,0.2771,0.38,0.0621
2022-03-07,0.3541,-0.1197,0.3194,0.3465,0.054
2022-03-08,0.3495,-0.1376,0.3401,0.1821,0.056
2022-03-09,0.2749,-0.1976,0.2869,0.3832,0.0504
2022-03-10,0.3003,-0.105,0.305,0.541,0.0474
2022-03-11,0.241,-0.1065,0.3059,0.4435,0.0513
2022-03-14,0.3099,-0.1633,0.2858,0.5286,0.0569
2022-03-15,0.3221,-0.2037,0.327,0.4875,0.0532
2022-03-16,0.2854,-0.1651,0.3158,0.5764,0.0563
2022-03-17,0.2447,-0.2653,0.3375,0.5283,0.0558
2022-03-18,0.1674,-0.247,0.3118,0.5256,0.0619
2022-03-21,0.1108,-0.1518,0.3381,0.3879,0.0473
2022-03-22,0.101,-0.1448,0.3299,0.3822,0.0359
2022-03-23,0.0597,-0.0709,0.2564,0.5062,0.0392
2022-03-24,0.0837,-0.0411,0.3007,0.4563,0.0476
2022-03-25,0.1008,-0.1977,0.3258,0.5751,0.0553
2022-03-28,0.1237,-0.1368,0.4047,0.5528,0.0645
2022-03-29,0.1249,-0.1788,0.4074,0.5188,0.0711
2022-03-30,0.1141,-0.2428,0.4679,0.6313,0.0786
2022-03-31,0.0874,-0.1391,0.4861,0.5738,0.0581
2022-04-01,0.085,-0.0946,0.4898,0.5811,0.0669
2022-04-06,0.0858,-0.055,0.4502,0.541,0.0484
2022-04-07,0.0493,-0.0723,0.4464,0.4642,0.0463
2022-04-08,0.073,-0.0668,0.4542,0.6678,0.048
2022-04-11,0.1001,-0.0514,0.4993,0.8005,0.0606
2022-04-12,0.1112,-0.0905,0.4902,0.9164,0.051
2022-04-13,0.0458,-0.186,0.4899,0.7477,0.0574
2022-04-14,0.0206,-0.2373,0.4669,0.9066,0.0546
2022-04-15,0.0386,-0.2691,0.4355,0.8044,0.0635
2022-04-18,0.066,-0.216,0.4419,0.6399,0.0554
2022-04-19,0.1105,-0.0698,0.4558,0.6926,0.0617
2022-04-20,0.1346,-0.1259,0.4868,0.8211,0.0451
2022-04-21,0.1449,-0.1572,0.5003,0.7985,0.0474
2022-04-22,0.1334,-0.0107,0.5631,0.8143,0.0394
2022-04-25,0.154,-0.0646,0.5449,0.7271,0.028
2022-04-26,0.1787,0.0522,0.4906,0.8088,0.0448
2022-04-27,0.139,-0.0352,0.4998,0.9972,0.0555
2022-04-28,0.118,-0.208,0.4906,0.9642,0.0566
2022-04-29,0.1095,-0.1461,0.5589,1.0,0.0615
2022-05-03,0.1579,-0.2041,0.6231,0.8852,0.0442
2022-05-04,0.1532,0.0515,0.6291,0.9098,0.0562
2022-05-05,0.1601,-0.0068,0.6629,1.0,0.068
2022-05-06,0.155,-0.0012,0.6672,1.0,0.0699
2022-05-09,0.1226,-0.0669,0.6969,1.0,0.0616
2022-05-10,0.1397,0.1041,0.6922,0.9335,0.0481
2022-05-11,0.1452,0.0882,0.7167,0.9677,0.0557
2022-05-12,0.141,0.2225,0.7512,0.8897,0.0525
2022-05-13,0.1442,0.2192,0.7313,0.8058,0.0532
2022-05-16,0.1523,0.2165,0.7319,0.7429,0.0525
2022-05-17,0.1571,0.2007,0.7015,0.6952,0.0504
2022-05-18,0.1452,0.1052,0.6952,0.6437,0.0649
2022-05-19,0.1477,0.2432,0.712,0.8823,0.0735
2022-05-20,0.0992,0.2028,0.6776,1.0,0.0677
2022-05-23,0.104,0.133,0.7168,0.909,0.059
2022-05-24,0.0423,0.086,0.6985,0.9245,0.0424
2022-05-25,0.0892,-0.0378,0.7365,0.8549,0.0515
2022-05-26,0.0914,-0.1165,0.7881,0.8869,0.0551
2022-05-27,0.1363,-0.1373,0.8217,0.7414,0.0562
2022-05-30,0.1572,-0.0384,0.8493,0.5504,0.0509
2022-05-31,0.1616,-0.1641,0.8859,0.49,0.0388
2022-06-01,0.2193,-0.1611,0.9456,0.363,0.0452
2022-06-02,0.193,-0.0942,0.8816,0.2888,0.0433
2022-06-06,0.1346,-0.1777,0.8824,0.4181,0.0448
2022-06-07,0.1099,0.0189,0.9558,0.3537,0.0495
2022-06-08,0.1479,0.0967,0.9294,0.3703,0.0641
2022-06-09,0.1011,0.1151,0.9541,0.3329,0.0642
2022-06-10,0.0513,0.0857,0.9445,0.3963,0.068
2022-06-13,0.0586,0.1536,0.9593,0.1992,0.0544
2022-06-14,0.0387,0.2987,0.9594,0.3179,0.0631
2022-06-15,0.0464,0.2077,0.9497,0.4724,0.0702
2022-06-16,0.0367,0.0258,0.9317,0.4193,0.0732
2022-06-17,0.0,0.0868,0.9853,0.5055,0.0614
2022-06-20,0.0,0.0522,0.9695,0.6327,0.0681
2022-06-21,0.0059,0.1354,1.0,0.6847,0.0484
2022-06-22,0.027,0.0142,1.0,0.6337,0.0572
2022-06-23,0.0654,-0.1823,0.9325,0.6707,0.0458
2022-06-24,0.059,-0.2968,0.916,0.525,0.0517
2022-06-27,0.0646,-0.1304,0.927,0.5598,0.0504
2022-06-28,0.0702,-0.2624,0.9644,0.5476,0.0596
2022-06-29,0.1116,-0.3452,0.9176,0.6051,0.0446
2022-06-30,0.086,-0.2012,0.861,0.6206,0.0587
2022-07-01,0.0781,-0.1642,0.8591,0.5162,0.0664
2022-07-04,0.0792,-0.167,0.9107,0.2584,0.0728
2022-07-05,0.0737,-0.2393,0.9191,0.4155,0.0683
2022-07-06,0.0658,-0.0548,0.9624,0.4487,0.0705
2022-07-07,0.1025,-0.0951,0.9692,0.286,0.0685
2022-07-08,0.1016,-0.0563,0.9714,0.3294,0.0681
2022-07-11,0.1241,-0.0542,0.9428,0.4069,0.066
2022-07-12,0.1692,-0.1731,0.9271,0.2376,0.0463
2022-07-13,0.1354,-0.1476,0.8931,0.2428,0.0487
2022-07-14,0.132,-0.091,0.919,0.3529,0.049
2022-07-15,0.0906,-0.1968,0.9261,0.3084,0.0467
2022-07-18,0.1305,-0.2028,0.8941,0.4331,0.0343
2022-07-19,0.1167,-0.2119,0.8447,0.6183,0.0318
2022-07-20,0.1853,-0.1566,0.8786,0.6335,0.0378
2022-07-21,0.1776,-0.1026,0.8207,0.4487,0.0408
2022-07-22,0.1032,-0.1458,0.8154,0.416,0.0526
2022-07-25,0.1575,-0.0842,0.8671,0.4938,0.0652
2022-07-26,0.1674,-0.2836,0.8211,0.4686,0.0467
2022-07-27,0.1472,-0.4286,0.8985,0.3345,0.0582
2022-07-28,0.1028,-0.2918,0.8324,0.355,0.0509
2022-07-29,0.1309,-0.2782,0.8573,0.4964,0.063
2022-08-01,0.0588,-0.2239,0.837,0.4782,0.0595
2022-08-02,0.0969,0.0027,0.8092,0.3276,0.058
2022-08-03,0.0649,-0.0776,0.8261,0.3805,0.0464
2022-08-04,0.0606,-0.1041,0.7859,0.5425,0.0518
2022-08-05,0.1048,-0.0422,0.809,0.55,0.0427
2022-08-08,0.1087,-0.0427,0.7891,0.7025,0.0431
2022-08-09,0.0745,-0.0275,0.7788,0.5468,0.0432
2022-08-10,0.1402,-0.1857,0.7293,0.6569,0.0541
2022-08-11,0.1557,-0.0382,0.7266,0.6263,0.0655
2022-08-12,0.165,0.0818,0.7345,0.6764,0.0693
2022-08-15,0.1259,0.1894,0.7384,0.6347,0.0553
2022-08-16,0.1429,0.1987,0.7259,0.5241,0.0393
2022-08-17,0.1821,0.073,0.7966,0.4611,0.0349
2022-08-18,0.2109,0.1866,0.8495,0.4162,0.0324
2022-08-19,0.222,0.1466,0.8694,0.4574,0.0301
2022-08-22,0.2711,0.0674,0.9194,0.4349,0.0446
2022-08-23,0.2431,0.1182,0.9016,0.3979,0.0568
2022-08-24,0.2697,0.1458,1.0,0.4664,0.0608
2022-08-25,0.2634,0.1172,0.9837,0.403,0.0547
2022-08-26,0.2629,0.0749,0.9612,0.3488,0.0459
2022-08-29,0.2365,0.1087,0.9517,0.5568,0.0607
2022-08-30,0.2192,0.1157,0.896,0.6126,0.0631
2022-08-31,0.2451,0.2884,0.9082,0.5385,0.0458
2022-09-01,0.2539,-0.0141,0.9969,0.6739,0.0553
2022-09-02,0.2126,-0.0559,1.0,0.717,0.0411
2022-09-05,0.1879,0.0069,0.9936,0.8905,0.038
2022-09-06,0.1432,-0.0237,1.0,0.842,0.05
2022-09-07,0.1429,0.1891,0.9611,0.5564,0.0518
2022-09-08,0.1414,0.1336,0.8958,0.3923,0.0413
2022-09-12,0.1409,0.0385,0.9376,0.3781,0.057
2022-09-13,0.0977,0.1604,0.9358,0.4019,0.0547
2022-09-14,0.0953,0.0814,0.8954,0.5221,0.0535
2022-09-15,0.1335,-0.0312,0.92,0.5301,0.0535
2022-09-16,0.1348,0.027,0.8638,0.4779,0.0582
2022-09-19,0.1028,-0.0266,0.8171,0.4818,0.0553
2022-09-20,0.1131,-0.1095,0.7869,0.2154,0.0531
2022-09-21,0.0778,0.0213,0.8198,0.1003,0.0663
2022-09-22,0.0185,0.016,0.8455,0.1406,0.0574
2022-09-23,0.0,-0.0364,0.8339,0.0,0.0503
2022-09-26,0.0352,-0.0724,0.8179,0.1525,0.0364
2022-09-27,0.0809,-0.1771,0.9324,0.2926,0.0549
2022-09-28,0.0889,-0.2312,0.8708,0.4183,0.0526
2022-09-29,0.0738,-0.1868,0.7872,0.4253,0.0654
2022-09-30,0.0676,-0.1989,0.7951,0.5076,0.0643
2022-10-03,0.0405,-0.1419,0.7498,0.5671,0.0571
2022-10-04,0.0201,-0.2384,0.7897,0.4707,0.058
2022-10-05,0.0,-0.2058,0.7359,0.554,0.0633
2022-10-06,0.0065,-0.1547,0.7227,0.5862,0.0574
2022-10-07,0.0149,-0.1917,0.6716,0.8311,0.0485
2022-10-11,0.0423,-0.1663,0.6438,0.7408,0.0622
2022-10-12,0.0556,-0.1784,0.6814,0.7203,0.064
2022-10-13,0.0602,-0.225,0.706,0.6902,0.0588
2022-10-14,0.093,-0.3136,0.6779,0.6363,0.0575
2022-10-17,0.1023,-0.187,0.7285,0.5632,0.0507
2022-10-18,0.1214,-0.2334,0.6777,0.5647,0.0487
2022-10-19,0.081,-0.4371,0.6847,0.5371,0.0566
2022-10-20,0.0309,-0.1769,0.669,0.4439,0.0604
2022-10-21,0.0194,-0.0845,0.6849,0.596,0.0684
2022-10-24,0.0,-0.1342,0.662,0.5942,0.0773
2022-10-25,0.0,-0.2119,0.6235,0.7094,0.0758
2022-10-26,0.0653,-0.1991,0.6471,0.6703,0.0726
2022-10-27,0.0779,-0.3242,0.6385,0.6041,0.0745
2022-10-28,0.0833,-0.4411,0.5778,0.4047,0.081
2022-10-31,0.1471,-0.335,0.5928,0.4483,0.0836
2022-11-01,0.1093,-0.2909,0.5461,0.3117,0.0718
2022-11-02,0.0827,-0.2943,0.5566,0.2647,0.0607
2022-11-03,0.0956,-0.2521,0.544,0.3481,0.0426
2022-11-04,0.1134,-0.3134,0.5394,0.5346,0.0417
2022-11-07,0.1535,-0.1271,0.5721,0.649,0.0389
2022-11-08,0.125,-0.1573,0.5766,0.7693,0.0426
2022-11-09,0.1284,-0.2226,0.6115,0.8063,0.034
2022-11-10,0.1306,-0.3422,0.6658,0.8485,0.0289
2022-11-11,0.1462,-0.2752,0.6712,0.8731,0.045
2022-11-14,0.0689,-0.1509,0.6803,0.9117,0.0516
2022-11-15,0.1123,0.038,0.6859,0.8561,0.0592
2022-11-16,0.0974,0.0462,0.6893,0.8626,0.0576
2022-11-17,0.049,0.0448,0.7444,0.8009,0.0551
2022-11-18,0.0504,0.0314,0.7125,0.5453,0.0627
2022-11-21,0.0313,0.0203,0.7395,0.4303,0.0654
2022-11-22,0.0,0.0315,0.7166,0.4422,0.0486
2022-11-23,0.0154,0.0443,0.742,0.5032,0.0618
2022-11-24,0.0003,0.0784,0.6702,0.4812,0.0533
2022-11-25,0.0138,0.1898,0.641,0.5821,0.042
2022-11-28,0.0,0.0273,0.6162,0.5139,0.0574
2022-11-29,0.0155,0.1121,0.6484,0.4244,0.0517
2022-11-30,0.0365,-0.1371,0.6865,0.4064,0.0645
2022-12-01,0.0517,0.0129,0.6672,0.5161,0.0725
2022-12-02,0.0994,0.0466,0.6733,0.3387,0.0748
2022-12-05,0.0563,0.2633,0.6958,0.4783,0.0674
2022-12-06,0.0815,0.331,0.6443,0.4177,0.052
2022-12-07,0.1003,0.4431,0.683,0.4588,0.0631
2022-12-08,0.1039,0.4169,0.6616,0.5714,0.0725
2022-12-09,0.0645,0.4638,0.6439,0.7224,0.0541
2022-12-12,0.0342,0.4923,0.692,0.8691,0.0467
2022-12-13,0.0192,0.2274,0.695,0.8708,0.033
2022-12-14,0.0,0.1391,0.75,0.9008,0.0287
2022-12-15,0.0,0.0786,0.76,0.9403,0.0442
2022-12-16,0.0,-0.0146,0.8237,0.9173,0.0593
2022-12-19,0.0019,0.026,0.8697,0.943,0.067
2022-12-20,0.0,-0.0562,0.9281,0.8175,0.06
2022-12-21,0.0137,-0.0157,0.9762,0.9374,0.0576
2022-12-22,0.0,-0.0799,0.9592,0.8131,0.0616
2022-12-23,0.0,-0.1373,0.9072,0.7735,0.0516
2022-12-26,0.0544,-0.257,0.9298,0.8455,0.0554
2022-12-27,0.1049,-0.3347,0.8706,0.9057,0.049
2022-12-28,0.0649,-0.2139,0.8062,0.937,0.0524
2022-12-29,0.0507,-0.3022,0.759,0.9462,0.0526
2022-12-30,0.0447,-0.3004,0.7865,0.8501,0.0462
2023-01-03,0.0768,-0.2726,0.7558,0.792,0.0342
2023-01-04,0.0356,-0.2236,0.7417,0.825,0.0378
2023-01-05,0.0322,-0.282,0.7846,0.9653,0.0271
2023-01-06,0.0,-0.0621,0.7746,0.8124,0.0341
2023-01-09,0.0,-0.0014,0.6825,0.8597,0.0248
2023-01-10,0.0365,0.0041,0.7562,0.8304,0.0419
2023-01-11,0.0346,0.1532,0.7289,0.7491,0.0524
2023-01-12,0.0558,0.191,0.7269,0.8272,0.0423
2023-01-13,0.0449,0.2125,0.7283,0.9113,0.0499
2023-01-16,0.0572,0.1285,0.7365,1.0,0.0402
2023-01-17,0.0476,0.1266,0.7258,0.7942,0.0562
2023-01-30,0.0826,0.1932,0.683,0.7359,0.0409
2023-01-31,0.067,0.1272,0.6206,0.5329,0.0465
2023-02-01,0.069,0.2927,0.6972,0.494,0.0381
2023-02-02,0.1193,0.1631,0.7306,0.3956,0.0425
2023-02-03,0.1081,0.0839,0.7674,0.5461,0.0539
2023-02-06,0.0939,-0.0582,0.8052,0.5115,0.062
2023-02-07,0.0878,-0.2118,0.8215,0.4513,0.066
2023-02-08,0.049,-0.3981,0.7663,0.4854,0.0736
2023-02-09,0.1006,-0.2867,0.7656,0.5226,0.0697
2023-02-10,0.0934,-0.1385,0.7979,0.4857,0.0629
2023-02-13,0.0465,-0.1629,0.8378,0.3388,0.0566
2023-02-14,0.0599,-0.273,0.8195,0.3397,0.0546
2023-02-15,0.0001,-0.3975,0.7912,0.3574,0.0676
2023-02-16,0.0097,-0.4564,0.8502,0.3655,0.0604
2023-02-17,0.0461,-0.3377,0.8916,0.4207,0.0452
2023-02-20,0.0897,-0.2798,0.944,0.8125,0.0346
2023-02-21,0.1067,-0.2169,0.8859,0.4905,0.033
2023-02-22,0.1708,-0.1806,0.8798,0.6614,0.0451
2023-02-23,0.151,-0.142,0.8927,0.5601,0.05
2023-02-24,0.1725,-0.3424,0.9073,0.3775,0.0464
2023-03-01,0.1721,-0.1533,0.9322,0.5067,0.0613
2023-03-02,0.1887,-0.1549,0.9396,0.6434,0.0692
2023-03-03,0.2251,-0.1335,0.9058,0.632,0.0498
2023-03-06,0.2289,-0.1896,0.9493,0.627,0.039
2023-03-07,0.1998,-0.1657,0.9191,0.7585,0.0557
2023-03-08,0.2374,-0.1436,0.8861,0.8499,0.0419
2023-03-09,0.1828,-0.1101,0.9396,0.9347,0.0537
2023-03-10,0.2054,-0.2911,0.9718,0.9295,0.046
2023-03-13,0.1603,-0.3112,0.9502,1.0,0.0563
2023-03-14,0.1323,-0.3459,0.9831,0.9832,0.0686
2023-03-15,0.1311,-0.3339,0.9873,1.0,0.051
2023-03-16,0.14,-0.2955,0.9535,0.8467,0.0449
2023-03-17,0.0943,-0.2218,1.0,0.7399,0.0553
2023-03-20,0.067,-0.1999,1.0,0.7299,0.0681
2023-03-21,0.075,-0.3034,1.0,0.8207,0.0659
2023-03-22,0.1033,-0.2655,1.0,0.7009,0.075
2023-03-23,0.0719,-0.2372,1.0,0.5988,0.0725
2023-03-24,0.0463,-0.3279,1.0,0.6547,0.0713
2023-03-27,0.0256,-0.1676,1.0,0.5981,0.0535
2023-03-28,0.0587,-0.0802,1.0,0.5506,0.0661
2023-03-29,0.0652,0.0486,0.9926,0.6687,0.0743
2023-03-30,0.0756,-0.0949,0.9481,0.587,0.0717
2023-03-31,0.1137,-0.0511,0.9922,0.5951,0.0569
2023-04-06,0.0777,0.1122,0.9352,0.4436,0.0478
2023-04-07,0.1032,0.1404,0.9554,0.3595,0.047
2023-04-10,0.1068,-0.0258,0.9813,0.2746,0.0493
2023-04-11,0.1573,0.0521,0.9736,0.2686,0.0493
2023-04-12,0.146,-0.0236,1.0,0.2607,0.0446
2023-04-13,0.1077,0.2113,1.0,0.3796,0.0495
2023-04-14,0.138,0.2269,0.966,0.2311,0.0394
2023-04-17,0.1074,0.1964,1.0,0.0254,0.0327
2023-04-18,0.1228,0.2044,0.9607,0.163,0.0434
2023-04-19,0.1863,0.2029,0.9998,0.1035,0.0591
2023-04-20,0.1787,0.183,1.0,0.308,0.0424
2023-04-21,0.2312,0.1744,0.987,0.2809,0.0524
2023-04-24,0.2413,0.0792,0.9821,0.1971,0.0623
2023-04-25,0.2644,-0.1528,0.998,0.2885,0.0621
2023-04-26,0.2838,-0.0437,0.9512,0.3006,0.0564
2023-04-27,0.3287,0.018,0.9836,0.622,0.0587
2023-04-28,0.3134,0.1522,0.9351,0.6066,0.069
2023-05-02,0.3365,0.1115,0.9763,0.6003,0.0668
2023-05-03,0.3647,-0.0378,1.0,0.6536,0.068
2023-05-04,0.3913,-0.0074,0.9757,0.6246,0.0751
2023-05-05,0.3606,0.0084,1.0,0.6575,0.0626
2023-05-08,0.3856,0.0753,0.9394,0.6296,0.0638
2023-05-09,0.3452,0.0643,0.965,0.7543,0.0512
2023-05-10,0.3237,-0.1012,0.9494,0.3772,0.0512
2023-05-11,0.3422,-0.1573,0.9715,0.4772,0.0487
2023-05-12,0.3424,-0.1315,1.0,0.3158,0.0412
2023-05-15,0.367,0.0122,1.0,0.488,0.0541
2023-05-16,0.3823,0.0353,0.9915,0.5523,0.0586
2023-05-17,0.3612,0.0316,0.9465,0.4728,0.052
2023-05-18,0.3434,-0.069,1.0,0.5411,0.0643
2023-05-19,0.3637,0.0,1.0,0.577,0.0672
2023-05-22,0.4094,0.1835,0.9577,0.6155,0.0622
2023-05-23,0.3941,0.1868,0.9397,0.4608,0.0564
2023-05-24,0.3649,0.1706,0.9194,0.4183,0.0431
2023-05-25,0.3133,0.1563,1.0,0.6252,0.0345
2023-05-26,0.3291,0.1166,0.9521,0.775,0.0271
2023-05-29,0.2949,0.133,0.9211,0.9095,0.0244
2023-05-30,0.3107,0.1253,0.9619,0.9142,0.0443
2023-05-31,0.3291,0.1836,0.9961,0.9408,0.059
2023-06-01,0.3702,-0.0326,1.0,0.9697,0.0558
2023-06-02,0.3849,-0.0,0.9899,1.0,0.0656
2023-06-05,0.3862,-0.239,0.99,0.9648,0.0528
2023-06-06,0.3713,-0.1417,0.9713,0.9738,0.0383
2023-06-07,0.4188,-0.2365,0.9031,0.9846,0.0428
2023-06-08,0.4503,-0.218,0.8464,0.9834,0.0484
2023-06-09,0.5163,-0.2095,0.7911,1.0,0.0396
2023-06-12,0.474,-0.151,0.7871,0.9557,0.0521
2023-06-13,0.4824,-0.0775,0.7857,0.7893,0.0608
2023-06-14,0.4491,0.0041,0.841,0.8718,0.0654
2023-06-15,0.4492,-0.0275,0.8824,0.8809,0.0748
2023-06-16,0.467,-0.0071,0.8537,0.9275,0.0666
2023-06-19,0.4687,0.1505,0.9028,0.7448,0.0696
2023-06-20,0.4754,0.1392,0.904,0.8726,0.074
2023-06-21,0.4388,0.1664,0.9495,0.833,0.0627
2023-06-26,0.4055,0.1139,1.0,0.8625,0.061
2023-06-27,0.4472,-0.0271,0.9822,0.7664,0.0433
2023-06-28,0.4464,-0.0454,1.0,0.7312,0.0552
2023-06-29,0.4436,0.0143,0.9857,0.829,0.0536
2023-06-30,0.4617,0.1063,1.0,0.7504,0.058
2023-07-03,0.4384,0.1198,0.9218,0.8433,0.0494
2023-07-04,0.3919,0.2985,0.8673,0.5887,0.0471
2023-07-05,0.3917,0.2889,0.8836,0.48,0.0342
2023-07-06,0.4524,0.1646,0.9148,0.5791,0.0403
2023-07-07,0.5024,0.1165,0.9166,0.4497,0.0366
2023-07-10,0.4551,0.014,0.8831,0.3834,0.049
2023-07-11,0.4576,-0.0114,0.9462,0.4245,0.058
2023-07-12,0.4612,0.0746,0.9072,0.5301,0.0644
2023-07-13,0.4671,-0.0036,0.9336,0.5889,0.0667
2023-07-14,0.4514,0.0697,0.9123,0.5289,0.0579
2023-07-17,0.4556,-0.0183,0.9777,0.528,0.0559
2023-07-18,0.4521,0.0692,0.9514,0.4963,0.0442
2023-07-19,0.4521,-0.0867,0.9847,0.4614,0.045
2023-07-20,0.5004,-0.1757,0.9709,0.3244,0.0345
2023-07-21,0.5147,-0.2219,0.9424,0.3981,0.0455
2023-07-24,0.4928,-0.2684,0.9339,0.3268,0.0472
2023-07-25,0.5002,-0.2032,0.9778,0.1678,0.0543
2023-07-26,0.4654,-0.1413,0.9874,0.0817,0.0579
2023-07-27,0.495,0.0467,0.9608,0.3844,0.0703
2023-07-28,0.5501,-0.0361,0.9555,0.2584,0.053
2023-07-31,0.5505,-0.099,0.9299,0.2581,0.0433
2023-08-01,0.5455,-0.2533,0.9428,0.2137,0.0334
2023-08-02,0.5787,-0.0892,0.9284,0.1122,0.0237
2023-08-04,0.5327,-0.1092,0.9833,0.2067,0.044
2023-08-07,0.4863,-0.2148,0.9807,0.094,0.0416
2023-08-08,0.5081,-0.2142,0.9917,0.2297,0.0552
2023-08-09,0.4831,-0.2174,1.0,0.2975,0.0639
2023-08-10,0.5182,-0.125,0.9884,0.3013,0.063
2023-08-11,0.531,0.0241,0.9271,0.2292,0.054
2023-08-14,0.5432,0.0162,0.8726,0.3434,0.0446
2023-08-15,0.5823,-0.0284,0.8607,0.3222,0.0387
2023-08-16,0.6009,-0.0497,0.865,0.4891,0.0433
2023-08-17,0.5823,-0.0518,0.8491,0.4357,0.0363
2023-08-18,0.5439,-0.0307,0.8834,0.5275,0.0411
2023-08-21,0.5341,-0.1271,0.859,0.6055,0.0486
2023-08-22,0.4978,0.0024,0.848,0.6849,0.0597
2023-08-23,0.4956,0.1438,0.8208,0.8169,0.0706
2023-08-24,0.4759,0.1263,0.7982,0.908,0.0612
2023-08-25,0.4963,0.1201,0.8028,0.8857,0.0488
2023-08-28,0.4264,0.0194,0.8135,1.0,0.0604
2023-08-29,0.4733,0.0661,0.786,0.8236,0.0548
2023-08-30,0.455,0.031,0.7891,0.8615,0.0545
2023-08-31,0.4713,0.1137,0.7771,0.757,0.0673
2023-09-01,0.4714,0.0402,0.7526,0.7736,0.0489
2023-09-04,0.4818,0.1287,0.7587,0.7148,0.0488
2023-09-05,0.5134,-0.0173,0.7339,0.6639,0.0625
2023-09-06,0.4825,-0.0731,0.7832,0.3589,0.0455
2023-09-07,0.5,-0.1615,0.7115,0.1304,0.0617
2023-09-08,0.499,-0.1257,0.6708,0.1131,0.0696
2023-09-11,0.4189,-0.1125,0.7208,0.0854,0.0613
2023-09-12,0.4388,0.0131,0.7511,0.1151,0.0551
2023-09-13,0.42,-0.1444,0.8292,0.101,0.8411
2023-09-14,0.4201,-0.1504,0.8201,0.1708,0.1
2023-09-15,0.4258,-0.1691,0.7003,0.1463,0.0777
2023-09-18,0.4257,-0.2046,0.6872,0.1317,0.0574
2023-09-19,0.4175,0.0466,0.7092,0.2161,0.0537
2023-09-20,0.4654,-0.1087,0.6446,0.338,0.0462
2023-09-21,0.4686,-0.1878,0.573,0.2698,0.0592
2023-09-22,0.425,-0.2148,0.5444,0.242,0.0565
2023-09-25,0.4514,-0.3728,0.4631,0.1123,0.0529
2023-09-26,0.3814,-0.3694,0.4153,0.1721,0.0389
2023-09-27,0.3514,-0.2483,0.4282,0.1234,0.0469
2023-09-28,0.3663,-0.1838,0.4986,0.0878,0.0432
2023-10-02,0.349,-0.2624,0.5267,0.0977,0.0325
2023-10-03,0.3837,-0.2085,0.4855,0.0375,0.0522
2023-10-04,0.3278,-0.4013,0.4933,0.0756,0.0633
2023-10-05,0.3007,-0.295,0.4507,0.2635,0.0484
2023-10-06,0.3357,-0.2797,0.4673,0.2827,0.0367
2023-10-11,0.2937,-0.2462,0.4598,0.2556,0.0368
2023-10-12,0.3134,-0.242,0.5133,0.3161,0.0408
2023-10-13,0.2834,-0.293,0.5117,0.2951,0.0488
2023-10-16,0.2969,-0.1967,0.5012,0.1439,0.0423
2023-10-17,0.3399,-0.0352,0.4841,0.3689,0.0573
2023-10-18,0.3348,-0.0475,0.38,0.4097,0.0694
2023-10-19,0.4078,-0.0504,0.3008,0.3676,0.0764
2023-10-20,0.3818,0.0301,0.2517,0.4717,0.0561
2023-10-23,0.3716,0.1219,0.2043,0.4861,0.0646
2023-10-24,0.3485,0.2459,0.1665,0.5933,0.0664
2023-10-25,0.3191,0.3915,0.1357,0.493,0.061
2023-10-26,0.3426,0.3146,0.062,0.5099,0.0626
2023-10-27,0.347,0.276,0.0529,0.5605,0.0503
2023-10-30,0.4343,0.3598,0.0,0.4159,0.0505
2023-10-31,0.4093,0.3659,0.0143,0.5298,0.062
2023-11-01,0.3997,0.2833,0.0251,0.4825,0.0731
2023-11-02,0.3904,0.0635,0.0274,0.3448,0.0694
2023-11-03,0.4581,0.0572,0.0,0.4264,0.0509
2023-11-06,0.4669,0.0929,0.0,0.3105,0.0439
2023-11-07,0.4318,-0.009,0.0082,0.4726,0.0319
2023-11-08,0.4731,-0.0556,0.0361,0.65,0.0408
2023-11-09,0.4952,-0.1224,0.0223,0.777,0.0583
2023-11-10,0.4371,-0.299,0.0347,0.6607,0.0672
2023-11-13,0.4067,-0.1637,0.0124,0.6035,0.07
2023-11-14,0.3796,-0.0438,0.062,0.7225,0.0536
2023-11-15,0.4153,-0.1907,0.0443,0.6688,0.0607
2023-11-16,0.4253,-0.0328,0.0848,0.5405,0.0592
2023-11-17,0.4276,0.0523,0.1032,0.4177,0.0625
2023-11-20,0.4264,0.0289,0.0238,0.3733,0.0658
2023-11-21,0.4842,0.2012,0.0122,0.2593,0.0642
2023-11-22,0.4559,0.3018,0.0032,0.1323,0.0617
2023-11-23,0.4089,0.2594,0.0034,0.3681,0.0511
2023-11-24,0.3839,0.0487,0.031,0.4412,0.0422
2023-11-27,0.4025,-0.0234,0.0,0.3324,0.0345
2023-11-28,0.406,0.0314,0.021,0.4243,0.0528
2023-11-29,0.4034,0.0529,0.0314,0.4207,0.0487
2023-11-30,0.4188,0.0501,0.0516,0.5232,0.0513
2023-12-01,0.4189,0.2567,0.0662,0.4682,0.0569
2023-12-04,0.4484,0.2503,0.0,0.3913,0.0638
2023-12-05,0.4733,0.4044,0.0038,0.4022,0.0698
2023-12-06,0.5574,0.4852,0.0305,0.4613,0.0723
2023-12-07,0.5383,0.3675,0.0725,0.5452,0.069
2023-12-08,0.5096,0.1871,0.0662,0.5542,0.0706
2023-12-11,0.5112,0.1167,0.0063,0.4946,0.0621
2023-12-12,0.5047,0.0114,0.0,0.3443,0.0704
2023-12-13,0.5183,0.056,0.051,0.3541,0.054
2023-12-14,0.5172,0.0621,0.069,0.5014,0.0599
2023-12-15,0.5139,-0.0342,0.0571,0.4541,0.0627
2023-12-18,0.4529,-0.0292,0.0946,0.2276,0.0572
2023-12-19,0.4959,-0.1563,0.1147,0.3746,0.0655
2023-12-20,0.528,-0.2438,0.0993,0.4505,0.056
2023-12-21,0.5514,-0.3056,0.1272,0.5837,0.0563
2023-12-22,0.571,-0.1822,0.1667,0.6152,0.0685
2023-12-25,0.5977,-0.1938,0.1622,0.4678,0.0575
2023-12-26,0.6468,-0.1307,0.1132,0.4174,0.0446
2023-12-27,0.6296,-0.2118,0.1072,0.4063,0.0459
2023-12-28,0.656,-0.195,0.1455,0.5042,0.0421
2023-12-29,0.6854,-0.1774,0.1484,0.584,0.0339
2024-01-02,0.7209,-0.1426,0.14,0.3396,0.0377
2024-01-03,0.7048,-0.2034,0.1298,0.5395,0.0486
2024-01-04,0.758,-0.2207,0.152,0.6306,0.045
2024-01-05,0.7486,-0.1207,0.1768,0.6764,0.0593
2024-01-08,0.719,-0.0846,0.2586,0.8137,0.044
2024-01-09,0.7306,-0.1697,0.3025,0.638,0.0375
2024-01-10,0.7051,0.1301,0.2959,0.658,0.0344
2024-01-11,0.6972,0.2801,0.2876,0.5971,0.0431
2024-01-12,0.6784,0.1536,0.2363,0.3913,0.0497
2024-01-15,0.7056,-0.0258,0.2329,0.4563,0.0353
2024-01-16,0.7023,0.1523,0.266,0.3332,0.0364
2024-01-17,0.7408,0.1971,0.2165,0.2177,0.0305
2024-01-18,0.7768,0.1923,0.212,0.1904,0.0315
2024-01-19,0.8046,0.0657,0.1484,0.1908,0.0431
2024-01-22,0.8229,0.2739,0.084,0.1497,0.0493
2024-01-23,0.7968,0.2982,0.123,0.0956,0.0601
2024-01-24,0.7922,0.2032,0.1124,0.2043,0.0492
2024-01-25,0.8154,0.0876,0.1162,0.1764,0.0539
2024-01-26,0.8659,0.0323,0.1025,0.243,0.0662
2024-01-29,0.8411,-0.138,0.1089,0.3539,0.0675
2024-01-30,0.8479,0.0949,0.0932,0.5352,0.0764
2024-01-31,0.8573,-0.0099,0.0624,0.5776,0.0565
2024-02-01,0.8868,0.0457,0.0218,0.4392,0.0613
2024-02-02,0.8623,-0.0236,0.0,0.4662,0.0709
2024-02-05,0.8109,-0.1571,0.0401,0.4848,0.0728
2024-02-15,0.8301,-0.2885,0.0426,0.533,0.0518
2024-02-16,0.8172,-0.1899,0.0263,0.5905,0.0378
2024-02-19,0.7216,-0.0179,0.0,0.6615,0.0395
2024-02-20,0.689,-0.03,0.0158,0.3988,0.0366
2024-02-21,0.7298,0.0778,0.0446,0.4659,0.0428
2024-02-22,0.79,0.012,0.0255,0.4898,0.0421
2024-02-23,0.7394,0.0135,0.039,0.368,0.0575
2024-02-26,0.7452,0.113,0.0908,0.4121,0.0502
2024-02-27,0.726,-0.1268,0.0347,0.073,0.0468
2024-02-29,0.722,-0.0286,0.0,0.0,0.0552
2024-03-01,0.7219,-0.1054,0.0115,0.0,0.0515
2024-03-04,0.7383,-0.1546,0.0158,0.0137,0.0591
2024-03-05,0.7779,-0.0874,0.0,0.0339,0.0598
2024-03-06,0.7829,0.0115,0.0996,0.3243,0.056
2024-03-07,0.7959,0.0165,0.1432,0.3779,0.0586
2024-03-08,0.777,-0.0058,0.1112,0.4585,0.0606
2024-03-11,0.7912,-0.1283,0.0716,0.3736,0.0562
2024-03-12,0.7981,-0.0731,0.021,0.2051,0.0523
2024-03-13,0.8341,-0.1307,0.0192,0.2146,0.0654
2024-03-14,0.8443,-0.071,0.055,0.3633,0.0721
2024-03-15,0.825,-0.0871,0.1147,0.3353,0.0642
2024-03-18,0.7965,0.0709,0.0871,0.2541,0.0552
2024-03-19,0.798,0.2552,0.1274,0.3847,0.067
2024-03-20,0.7888,0.3102,0.2198,0.5005,0.0743
2024-03-21,0.8319,0.1559,0.2225,0.3292,0.0596
2024-03-22,0.8769,0.0834,0.1995,0.4863,0.0565
2024-03-25,0.8482,-0.1026,0.2263,0.4728,0.0421
2024-03-26,0.7951,-0.0144,0.2125,0.5895,0.0344
2024-03-27,0.7953,0.4286,0.2482,0.6605,0.0411
2024-03-28,0.8056,0.2163,0.3101,0.6516,0.0421
2024-03-29,0.819,0.1151,0.3276,0.4969,0.0523
2024-04-01,0.8654,-0.0711,0.3293,0.5263,0.044
2024-04-02,0.8419,0.0096,0.366,0.6245,0.0363
2024-04-03,0.8428,0.0723,0.3855,0.5273,0.0547
2024-04-08,0.8451,-0.1573,0.3956,0.2605,0.0644
2024-04-09,0.8708,-0.1875,0.4643,0.26,0.0735
2024-04-10,0.8006,-0.2379,0.5057,0.228,0.068
2024-04-11,0.8117,-0.0867,0.5286,0.2705,0.0588
2024-04-12,0.7983,0.0047,0.4917,0.2198,0.0484
2024-04-15,0.79,-0.0327,0.5118,0.298,0.0441
2024-04-16,0.8347,-0.0126,0.5246,0.3911,0.0376
2024-04-17,0.7894,-0.2169,0.5537,0.492,0.0457
2024-04-18,0.7749,-0.0758,0.5708,0.5153,0.0442
2024-04-19,0.7443,0.0141,0.5869,0.5739,0.0564
2024-04-22,0.8,-0.1168,0.609,0.541,0.0528
2024-04-23,0.7905,-0.1799,0.6218,0.5393,0.0624
2024-04-24,0.7812,-0.2064,0.5985,0.554,0.0645
2024-04-25,0.7982,-0.0943,0.6465,0.5648,0.0751
2024-04-26,0.8075,-0.0502,0.5705,0.551,0.066
2024-04-29,0.8221,0.0293,0.5522,0.6467,0.0521
2024-04-30,0.8237,-0.0175,0.5723,0.6264,0.0373
2024-05-02,0.8185,0.1238,0.5718,0.5949,0.0325
2024-05-03,0.8176,0.1323,0.5577,0.6986,0.0362
2024-05-06,0.8325,0.1319,0.5066,0.6784,0.0284
2024-05-07,0.834,0.1626,0.4535,0.5648,0.0462
2024-05-08,0.8396,0.1495,0.4298,0.5477,0.0562
2024-05-09,0.8367,0.2486,0.4484,0.68,0.0505
2024-05-10,0.8162,0.4467,0.4104,0.7942,0.0553
2024-05-13,0.7638,0.394,0.36,0.7386,0.0576
2024-05-14,0.7358,0.362,0.372,0.6799,0.0568
2024-05-15,0.7248,0.2266,0.3666,0.5419,0.0552
2024-05-16,0.7376,0.0982,0.37,0.5813,0.0446
2024-05-17,0.7202,-0.0876,0.3944,0.5808,0.0502
2024-05-20,0.6991,-0.1058,0.3709,0.6327,0.0576
2024-05-21,0.685,-0.0555,0.3927,0.5851,0.0642
2024-05-22,0.6675,-0.2182,0.4644,0.5087,0.0503
2024-05-23,0.7323,-0.1276,0.4687,0.4116,0.0515
2024-05-24,0.7559,-0.0627,0.4849,0.507,0.0368
2024-05-27,0.7046,-0.0315,0.5033,0.57,0.0532
2024-05-28,0.693,0.1178,0.52,0.6587,0.0556
2024-05-29,0.7443,-0.015,0.5818,0.7077,0.0586
2024-05-30,0.7242,-0.2232,0.6065,0.6304,0.045
2024-05-31,0.7615,-0.3129,0.6562,0.7486,0.0588
2024-06-03,0.7697,-0.2911,0.6762,0.7053,0.055
2024-06-04,0.7659,-0.1408,0.6853,0.6712,0.0477
2024-06-05,0.7639,-0.0531,0.636,0.5249,0.0395
2024-06-06,0.7569,-0.0066,0.6409,0.485,0.0321
2024-06-07,0.751,-0.0102,0.6911,0.5614,0.0441
2024-06-11,0.7993,-0.0012,0.6512,0.5282,0.0356
2024-06-12,0.805,-0.2203,0.6575,0.3422,0.0528
2024-06-13,0.8005,-0.171,0.6892,0.4016,0.0579
2024-06-14,0.8272,-0.0411,0.639,0.4276,0.0453
2024-06-17,0.8503,-0.0731,0.6177,0.4496,0.0558
2024-06-18,0.8345,-0.1485,0.5875,0.5484,0.0629
2024-06-19,0.8903,-0.2783,0.547,0.6207,0.0714
2024-06-20,0.9093,-0.2891,0.4991,0.5933,0.0543
2024-06-21,0.8843,-0.1742,0.5238,0.6147,0.0581
2024-06-24,0.8543,0.0615,0.464,0.5505,0.0629
2024-06-25,0.8718,0.2465,0.4202,0.4781,0.0721
2024-06-26,0.9558,0.2152,0.432,0.5579,0.0634
2024-06-27,0.983,0.0797,0.4157,0.521,0.0556
2024-06-28,0.9653,0.2588,0.4145,0.4922,0.0542
2024-07-01,0.9527,0.217,0.4211,0.543,0.0528
2024-07-02,0.9521,0.2852,0.3901,0.6557,0.0648
2024-07-03,0.9729,0.1004,0.3994,0.6032,0.0517
2024-07-04,1.0,0.0604,0.3418,0.614,0.0505
2024-07-05,1.0,-0.1199,0.3664,0.6082,0.0577
2024-07-08,0.9641,-0.1204,0.3116,0.5924,0.065
2024-07-09,0.9908,-0.1193,0.3379,0.7202,0.0696
2024-07-10,0.9761,-0.0533,0.3703,0.7567,0.0673
2024-07-11,0.9583,-0.0163,0.3458,0.8333,0.0533
2024-07-12,0.9817,-0.0391,0.3792,0.7731,0.0644
2024-07-15,0.963,-0.1293,0.4019,0.728,0.0705
2024-07-16,0.9317,-0.2335,0.3768,0.7653,0.0746
2024-07-17,0.9481,-0.4157,0.462,0.7643,0.0763
2024-07-18,1.0,-0.2622,0.3738,0.8435,0.0632
2024-07-19,1.0,-0.3196,0.3594,0.6128,0.0714
2024-07-22,1.0,-0.1947,0.4359,0.508,0.0508
2024-07-23,1.0,-0.3628,0.3966,0.5267,0.0509
2024-07-26,0.9599,-0.3075,0.4268,0.4803,0.0481
2024-07-29,0.9605,-0.1065,0.4072,0.4603,0.056
2024-07-30,0.9449,-0.1102,0.4076,0.4731,0.052
2024-07-31,1.0,-0.1794,0.4047,0.4919,0.0584
2024-08-01,1.0,-0.0606,0.4024,0.6256,0.0627
2024-08-02,0.9448,-0.0576,0.4122,0.724,0.0641
2024-08-05,0.8803,-0.1381,0.4117,0.7327,0.0739
2024-08-06,0.8772,-0.002,0.3836,0.8125,0.0784
2024-08-07,0.8722,-0.2529,0.4276,0.7733,0.0677
2024-08-08,0.8712,-0.1318,0.4385,0.7762,0.0733
2024-08-09,0.8743,-0.1284,0.4396,0.5284,0.0588
2024-08-12,0.8728,-0.017,0.447,0.4749,0.0607
2024-08-13,0.8921,-0.0357,0.4605,0.3893,0.053
2024-08-14,0.8821,0.0966,0.4625,0.2725,0.0396
2024-08-15,0.8977,0.2332,0.4374,0.3532,0.0354
2024-08-16,0.9043,0.328,0.4588,0.4746,0.0315
2024-08-19,0.9387,0.216,0.4369,0.6032,0.0316
2024-08-20,0.9016,0.08,0.4548,0.6584,0.0392
2024-08-21,0.8724,0.0955,0.4544,0.6624,0.0503
2024-08-22,0.8968,-0.1703,0.4347,0.5604,0.0628
2024-08-23,0.8168,0.0469,0.4837,0.5509,0.0601
2024-08-26,0.8747,0.0785,0.4613,0.479,0.0685
2024-08-27,0.9085,0.026,0.4044,0.5094,0.0639
2024-08-28,0.8952,0.1947,0.3971,0.6653,0.0654
2024-08-29,0.8629,0.0716,0.4096,0.5154,0.0699
2024-08-30,0.902,0.0405,0.4029,0.4922,0.0679
2024-09-02,0.8534,-0.0571,0.434,0.5548,0.0551
2024-09-03,0.881,-0.2109,0.4009,0.295,0.0592
2024-09-04,0.8515,-0.061,0.3911,0.2996,0.0418
2024-09-05,0.8166,-0.0285,0.4149,0.1463,0.0507
2024-09-06,0.8838,0.0613,0.4007,0.0,0.0614
2024-09-09,0.8739,-0.1741,0.2605,0.0,0.05
2024-09-10,0.889,-0.0174,0.2325,0.0321,0.0532
2024-09-11,0.8864,0.036,0.237,0.2383,0.0565
2024-09-12,0.8814,0.0734,0.2417,0.2953,0.0455
2024-09-13,0.8741,0.0516,0.2439,0.3221,0.0612
2024-09-16,0.9088,0.0595,0.1841,0.4254,0.0663
2024-09-18,0.8759,-0.1825,0.1795,0.4647,0.0525
2024-09-19,0.9294,0.0542,0.1224,0.5266,0.0493
2024-09-20,0.9182,0.1046,0.0915,0.5419,0.0524
2024-09-23,0.947,0.0229,0.0948,0.4239,0.0618
2024-09-24,0.9329,0.1681,0.092,0.2102,0.0639
2024-09-25,0.8956,0.0292,0.1597,0.1997,0.0453
2024-09-26,0.8667,0.0412,0.1129,0.2776,0.0469
2024-09-27,0.8315,0.1448,0.057,0.261,0.0342
2024-09-30,0.8409,0.1098,0.0513,0.1961,0.0386
2024-10-01,0.8048,0.3386,0.0489,0.2394,0.0417
2024-10-04,0.7451,0.1968,0.0476,0.3222,0.0357
2024-10-07,0.7934,0.1913,0.0393,0.3723,0.0488
2024-10-08,0.8054,0.2167,0.0519,0.4033,0.0555
2024-10-09,0.8277,0.0259,0.029,0.518,0.0494
2024-10-11,0.8425,0.1008,0.0139,0.6245,0.0428
2024-10-14,0.8735,0.1827,0.0271,0.4832,0.0327
2024-10-15,0.8597,0.1711,0.0301,0.3721,0.0389
2024-10-16,0.8779,0.0996,0.0088,0.4425,0.0405
2024-10-17,0.9129,0.1419,0.0,0.4044,0.0568
2024-10-18,0.9152,-0.1345,0.0348,0.3891,0.0484
2024-10-21,0.9004,0.0619,0.0,0.2015,0.0461
2024-10-22,0.8599,0.0768,0.0632,0.2528,0.0446
2024-10-23,0.8597,0.2345,0.1123,0.2852,0.0337
2024-10-24,0.7945,0.0493,0.1297,0.3979,0.0503
2024-10-25,0.7752,-0.0239,0.0634,0.3153,0.0509
2024-10-28,0.7454,-0.1587,0.0323,0.3334,0.0628
2024-10-29,0.778,-0.1303,0.0288,0.5148,0.0595
2024-10-30,0.7395,-0.2836,0.0048,0.5827,0.0453
2024-11-01,0.7328,-0.1026,0.0222,0.4215,0.043
2024-11-04,0.7519,-0.218,0.0,0.3312,0.0353
2024-11-05,0.7532,-0.3574,0.0,0.3271,0.0275
2024-11-06,0.7557,-0.2536,0.0124,0.1025,0.0221
2024-11-07,0.7218,-0.143,0.0,0.2494,0.0251
2024-11-08,0.7187,-0.0596,0.0,0.4152,0.0375
2024-11-11,0.7377,0.0705,0.0,0.4758,0.0538
2024-11-12,0.7635,0.1103,0.057,0.6427,0.0588
2024-11-13,0.7466,0.0297,0.0748,0.6043,0.0532
2024-11-14,0.7392,-0.0127,0.066,0.6563,0.0396
2024-11-15,0.7785,-0.0143,0.042,0.5145,0.0555
2024-11-18,0.7475,0.237,0.0,0.3736,0.0432
2024-11-19,0.7285,0.1462,0.0253,0.2341,0.0322
2024-11-20,0.7356,0.0562,0.0516,0.1395,0.0345
2024-11-21,0.7556,0.0624,0.0653,0.4193,0.0511
2024-11-22,0.7612,0.1274,0.0258,0.4941,0.0561
2024-11-25,0.7889,0.1808,0.0528,0.5636,0.0583
2024-11-26,0.7604,0.2267,0.0798,0.598,0.0495
2024-11-27,0.7648,0.1913,0.0976,0.7895,0.0519
2024-11-28,0.8044,0.1918,0.0751,0.8217,0.0493
2024-11-29,0.7842,0.1934,0.0578,0.9303,0.0421
2024-12-02,0.7499,0.1569,0.1429,0.8917,0.0478
2024-12-03,0.7516,-0.0037,0.0996,0.8733,0.0577
2024-12-04,0.6947,0.091,0.1179,0.927,0.062
2024-12-05,0.713,0.0417,0.1334,0.8181,0.0556
2024-12-06,0.7147,-0.0136,0.1535,0.7965,0.0418
2024-12-09,0.7505,-0.0122,0.0584,0.8481,0.0519
2024-12-10,0.7321,0.0643,0.0671,0.7827,0.0382
2024-12-11,0.7657,-0.0086,0.0433,0.7578,0.0479
2024-12-12,0.7342,0.0713,0.0,0.6792,0.0401
2024-12-13,0.7188,0.0248,0.0229,0.5536,0.0388
2024-12-16,0.6971,0.1594,0.0572,0.5326,0.0551
2024-12-17,0.6657,0.1869,0.0585,0.5373,0.0461
2024-12-18,0.6719,0.1318,0.1035,0.4637,0.0593
2024-12-19,0.6225,0.0699,0.1106,0.5593,0.0637
2024-12-20,0.6358,-0.0336,0.0609,0.4677,0.0548
2024-12-23,0.6096,-0.2057,0.0897,0.3971,0.0484
2024-12-24,0.5242,-0.2214,0.1123,0.3412,0.0521
2024-12-25,0.5686,-0.2405,0.1172,0.4493,0.0404
2024-12-26,0.4938,-0.0452,0.1427,0.4219,0.0483
2024-12-27,0.4692,-0.0038,0.0921,0.5716,0.0458
2024-12-30,0.4818,-0.0303,0.1314,0.5627,0.0397
