Date,fundamental_score,sentiment_score,industry_trend_score,market_risk_factor,black_swan_risk
2000-01-03,0.6705654880876588,0.05909699297654717,0.4794770860590992,0.542009389703924,0.06272575425588016
2000-01-04,0.7062736007412062,0.04887344072013053,0.4828777327514747,0.3475363835858727,0.008534399759892442
2000-01-05,0.6004194504449832,-0.019577363950651273,0.5158426357582586,0.3389841757320915,0.02061378651624517
2000-01-06,0.611141885443664,0.15144129643430382,0.5483843261663756,0.42631377666693493,0.013684812185583274
2000-01-07,0.6636401489841413,0.10750764404330544,0.5845209338963994,0.45767967739077964,0.0489021724113254
2000-01-10,0.6041581294899416,0.18589167109241758,0.6651977640630891,0.20061619324463476,0.07803692611276314
2000-01-11,0.5935472215241552,-0.037957886872798455,0.5350034838730688,0.26770513810309027,0.006441451463287506
2000-01-12,0.5588520549782958,0.27250212245477007,0.5919444583435243,0.5425725921473492,0.013875395218177867
2000-01-13,0.6466567728957192,0.1948989186980217,0.543529788463639,0.4780940529648614,0.0671133650948642
2000-01-14,0.7031989995495471,-0.14890849783928078,0.6532927865383621,0.49321244010214776,0.05368253666252381
2000-01-18,0.5102535156274491,-0.1677866837539601,0.6379234914882647,0.34488651311707935,0.0726459136107439
2000-01-19,0.6035634357288749,0.09185459836120154,0.5678494720356344,0.48534608067825225,0.04341847169323898
2000-01-20,0.6240921283731636,-0.20099103488018133,0.615450792988728,0.38682052631178543,0.07665339377989629
2000-01-21,0.6331375950499952,0.0053276176886693,0.5426414624025531,0.3151068750523033,0.012026158010201926
2000-01-24,0.66990336510613,0.035058708588742944,0.6422958434871912,0.4394383826979827,0.06639979913941094
2000-01-25,0.6258408457899682,0.11392712111965542,0.590147212457927,0.5568536170517839,0.07088240624624063
2000-01-26,0.5314031785297024,0.07716825317291648,0.5858563887591577,0.5119739908176846,0.04603102170487501
2000-01-27,0.6571841281854123,0.0038274058518247066,0.5594473226161251,0.524364244237518,0.05406849210757761
2000-01-28,0.5501376594140126,0.036190045488163174,0.523185274605646,0.4507104582003159,0.08948792491658493
2000-01-31,0.5383761980021516,-0.0918385640197156,0.5702038969214611,0.572663302070906,0.07237289140147368
2000-02-01,0.5936506639935027,-0.08367774858972486,0.5477201768442738,0.4829378297435988,0.032478269889232025
2000-02-02,0.6599514480991362,-0.5094052564370862,0.5440195594668846,0.30393798909443964,0.01883304455315753
2000-02-03,0.5486426106680234,0.5636259354638161,0.6497203741434623,0.42067008062892847,0.037721791463150856
2000-02-04,0.5591827147619532,0.14373912054682852,0.5643497419577023,0.2410832763327495,0.014484057214166214
2000-02-07,0.621179638935107,0.2235387075485643,0.5791649386641557,0.4561968633516487,0.04172616906152016
2000-02-08,0.6229155881630596,-0.04416044830121912,0.6561914298647673,0.3429731889866223,0.05982858391135646
2000-02-09,0.567997873263819,-0.1351053282608315,0.6392506930991801,0.4162923915500363,0.09048192423688775
2000-02-10,0.628917978111912,0.31889250836019367,0.5850938988042477,0.19509115515908745,0.07814299678082177
2000-02-11,0.5252006130201092,-0.1391103707975299,0.6395424898124089,0.41822482890596174,0.07417069245114118
2000-02-14,0.6184713713153364,0.29629378903118087,0.574329920077213,0.41750749881449123,0.05109405798740401
2000-02-15,0.6402746490655337,0.21622551332343556,0.6242773655754562,0.5223917388259396,0.05132501917766144
2000-02-16,0.6042416829324199,0.2206860493327504,0.609219842975456,0.4713961309532061,0.029570636966421916
2000-02-17,0.5877940545438052,-0.041522402366023815,0.6144729538051399,0.5780029254093387,0.04083970377664689
2000-02-18,0.6302506002176583,0.2525373083230633,0.5600952712253499,0.1536841395989121,0.05693009953393277
2000-02-22,0.5085330866280492,0.1168348391637266,0.6287614891608049,0.3571546041604117,0.08312258575112207
2000-02-23,0.4629736070613424,-0.10423477854275508,0.5513747926383996,0.32881829101484755,0.0042175654711865684
2000-02-24,0.5912768299712707,0.13401479445728157,0.6069998526737437,0.5526170907824917,0.040112866748617276
2000-02-25,0.5868309962184602,0.16923197630799047,0.6740267950000558,0.604564039963136,0.09958768027657906
2000-02-28,0.6210426765152456,-0.1484281175125052,0.5603038477764033,0.3928947642637993,0.013300677433344222
2000-02-29,0.6025380308641057,0.14431258301040067,0.5822900781337522,0.4274076524660049,0.003992582589880544
2000-03-01,0.6455550684102529,-0.31314016422490987,0.5757510417268511,0.4842668425529728,0.03342306021268237
2000-03-02,0.5762256314014788,0.32182968498461745,0.5981092463562123,0.39048537692068597,0.03099415104423139
2000-03-03,0.6136159494699673,0.057568979055278115,0.5406965309754113,0.5296349847632573,0.04161882947243237
2000-03-06,0.5985580270220536,0.11121601638853865,0.591527667863338,0.4658335390240481,0.03955129467152464
2000-03-07,0.5612875213151708,0.09239946251334658,0.6775422038038578,0.4755722655778953,0.0025512262953673592
2000-03-08,0.5629358712905721,-0.3055505274686237,0.5972276627820786,0.1553911534703809,0.05631317399104279
2000-03-09,0.5890973477144411,0.09082032681495647,0.6967782687771211,0.40358882439117694,0.05548359383265666
2000-03-10,0.6366287459350254,0.01650152273528211,0.4994147946924684,0.23020550047484192,0.0008506434621448511
2000-03-13,0.5846558598984943,-0.3113438496917398,0.533086296413416,0.25040193753750306,0.045988333452843935
2000-03-14,0.5600971827197281,0.09386202999504263,0.5957853182032901,0.19256862186816895,0.07199538200650704
2000-03-15,0.6157010856658625,-0.2255190074298863,0.5828913774486046,0.5366639024371078,0.08240556289986421
2000-03-16,0.5926733391448419,-0.05828483733007252,0.5571014458088862,0.5229844787157908,0.021747407905646412
2000-03-17,0.5744382154460145,0.1423773107206606,0.6025399745844296,0.46840511999354756,0.06385269100668359
2000-03-20,0.6488318975309475,0.228706961113937,0.6802445502600174,0.4965748045341605,0.012773516439337019
2000-03-21,0.6340308500756897,-0.4017863701293484,0.5519883928778305,0.507187600229973,0.07850355862387735
2000-03-22,0.5996231408941592,0.11666278277966254,0.5771511478280072,0.3151241432384405,0.022074409746411283
2000-03-23,0.6279311921643652,-0.10154288281084155,0.5568204122373346,0.3401292699676962,0.06661544916390892
2000-03-24,0.519458532844053,-0.06869654903309282,0.6421657104530982,0.41139537933778986,0.05161219499682858
2000-03-27,0.6455257922816582,-0.35291468729437336,0.5681997193566207,0.37475421724463454,0.022272122157364228
2000-03-28,0.6539435161734292,-0.18404171915328538,0.5661897217181642,0.5231199872025488,0.026639089858850985
2000-03-29,0.6621003450676008,0.35364317937022094,0.6226961791121113,0.5424598312828542,0.06686069192413843
2000-03-30,0.6826843524936808,0.004376991845875005,0.6058668475471408,0.43136297004106655,0.023425019043833973
2000-03-31,0.6823862307937436,-0.1906998896125671,0.5915851949730091,0.35655165977794173,0.04072197014634743
2000-04-03,0.572501249148186,-0.045561765182479896,0.5582068742848656,0.2780780221694228,0.047994865743479
2000-04-04,0.5981065177787995,-0.25737237021695636,0.6009885179275802,0.33893979011151293,0.020070468389303986
2000-04-05,0.5940604846604108,-0.24367667877015498,0.657960550278058,0.3498905317012344,0.01416496291833671
2000-04-06,0.6192439366271042,0.026447450420937435,0.6539513882950523,0.363410597021618,0.07362103094158899
2000-04-07,0.6159621792326603,-0.21629121099597165,0.6721419797967264,0.28974506525641575,0.06153400002690166
2000-04-10,0.6296720175767435,0.11243178594497936,0.5906565140883634,0.3847597694819297,0.07626862965010392
2000-04-11,0.6043479917989847,0.03914202042613028,0.6308588542922546,0.4602541212149088,0.05326285324150361
2000-04-12,0.6365105615525397,0.14721950514471246,0.5887343432979228,0.3278140797651084,0.08696776131894224
2000-04-13,0.5130333416376772,0.18208658266771174,0.5635629184210695,0.46885445326500175,0.010454630777977937
2000-04-14,0.5535495814515401,-0.07900288555429708,0.5425285581814835,0.28934148283242156,0.024024123096095452
2000-04-17,0.6198752263603932,-0.055721152350891257,0.5818425762471802,0.22529009429209723,0.014901131643801491
2000-04-18,0.5787769700108435,-0.13635285931407634,0.5972882454956431,0.526094287360777,0.09523838167780375
2000-04-19,0.7036203302330546,0.16785965779250955,0.5641563293884404,0.3644246244391023,0.004200676831794459
2000-04-20,0.5928886164249557,-0.1184065122988986,0.6040747254746451,0.30144945954542673,0.030542819502751117
2000-04-24,0.606700149239688,0.39486110236539035,0.6121397154295409,0.38343223287474665,0.06380059900547966
2000-04-25,0.622304726589332,-0.0463934780691141,0.5673506940463918,0.41155611908132983,0.04277543481014182
2000-04-26,0.5562602475843804,0.2719194412739696,0.6295818407177538,0.24646033906701886,0.08875637389194306
2000-04-27,0.6631905388262239,-0.14169991309408483,0.5842070967630201,0.24273994393784584,0.037209669061264876
2000-04-28,0.5910985628707269,-0.3672076188415991,0.5104395267710834,0.2737563380204556,0.014261267384543487
2000-05-01,0.7157558911549334,0.13521966864956758,0.5379048000760387,0.42139174186762907,0.07610360519855495
2000-05-02,0.7208676388663628,0.0815064284522325,0.5832122246443773,0.4682863435768002,0.08298258091647237
2000-05-03,0.6005257792930693,0.08107587331937298,0.5088115178013732,0.35840681218646625,0.08193117758406876
2000-05-04,0.5948747670958804,0.2510971703904017,0.6645743422252953,0.37857189871150765,0.005823549647874971
2000-05-05,0.5299422348008433,-0.2245744852441437,0.5034590627610377,0.4486318309498867,0.0965209300034201
2000-05-08,0.6584831947049686,-0.2098247956888816,0.6750198333891674,0.5342081060367405,0.07676715372795628
2000-05-09,0.5259507982689207,0.1719329137786354,0.5545164566794605,0.3901644077366458,0.025399037222622434
2000-05-10,0.5995368950043861,0.13297110618292876,0.5468367973609574,0.49118436593179426,0.012142445485406661
2000-05-11,0.6176657159230138,-0.015641568321761428,0.6657359037025415,0.16729295390242405,2.199880788260611e-05
2000-05-12,0.6122659882156521,-0.10554915517331097,0.6047718656005332,0.5662104137690117,0.09056223904488075
2000-05-15,0.6036943518730815,-0.09722933667928879,0.6482890297490883,0.28451655203579285,0.0385561687737869
2000-05-16,0.6064273006749304,-0.012809272247452791,0.6080794518202858,0.4765466669245133,0.06812477835428385
2000-05-17,0.5217645759545586,0.3730812172156428,0.6429593986575247,0.4424754121286127,0.07613101992145453
2000-05-18,0.6131590252325361,0.08980472203282822,0.5198654597661496,0.3770949642189405,0.038592060936755615
2000-05-19,0.5439000314970903,-0.1503579653459699,0.6537590178894145,0.4201800135149881,0.023226984931595352
2000-05-22,0.6365927347460272,-0.16610802538005293,0.6022511271518975,0.48208577979319456,0.09872777400322458
2000-05-23,0.5628317400567393,0.032238285148109426,0.6462787192264873,0.3194803074308856,0.01834043283488861
2000-05-24,0.6485299878401063,-0.37857304699131145,0.5526845585469091,0.33991678061514996,0.04538167522401977
2000-05-25,0.6160766075949342,-0.1504622372771748,0.5799065022554675,0.48321706402992864,0.07511273036325489
2000-05-26,0.5968883313845509,0.25857912394195903,0.6644385347891911,0.37560265389665115,0.06613889024813208
2000-05-30,0.6090682240140862,-0.2892210101736594,0.5238983257837596,0.49081710291009234,0.05158445993998258
2000-05-31,0.5863202158352796,-0.18543234340824974,0.6149449224727854,0.20714398064976028,0.033184456301501956
2000-06-01,0.6670134203184273,0.03643745466796784,0.4991799599545423,0.4009816248703787,0.015042841366084959
2000-06-02,0.6266081860112962,-0.06761481193426504,0.6235667012552538,0.3219826190839543,0.034645838093598114
2000-06-05,0.6378791545161097,0.17620084028287705,0.6146746052392298,0.5117305654215496,0.00073814960133608
2000-06-06,0.5979600359163864,-0.3749744431823331,0.5902864104179887,0.4849480034443244,0.09113935627500486
2000-06-07,0.5825029529576303,0.06984382076254854,0.6444262784310582,0.3410786244822742,0.054437953312899315
2000-06-08,0.6133108130231483,-0.0645887354370434,0.6677384026570894,0.4510753377759685,0.07325841832788954
2000-06-09,0.6693044102480847,-0.42085838761449845,0.6139767980326564,0.21443505074778765,0.04171291840731731
2000-06-12,0.48013853285515884,-0.18435560019025315,0.6106343251398103,0.5629839791104386,0.05468537836967281
2000-06-13,0.6116596111945874,0.17532399582093194,0.6237331844537297,0.5437417974159721,0.0716058318104358
2000-06-14,0.6104151168999472,-0.0123008885343222,0.6026866084898632,0.4186638644717677,0.03923633437596505
2000-06-15,0.6856533021770224,-0.10752709341794785,0.49770252904458484,0.35156798462330385,0.09069450818694548
2000-06-16,0.5485345644938077,-0.26708960729768644,0.516972572626519,0.27569773338739745,0.05469846046996956
2000-06-19,0.6459646281440984,0.020373764936883247,0.4941646551292339,0.4831637145210625,0.057757382573912365
2000-06-20,0.5951968569049958,0.11399634109664646,0.6341069475469184,0.44582377925266203,0.007117308499692288
2000-06-21,0.6523247932768842,0.06640873713331219,0.5554050725557962,0.3713892393226676,0.08266438558747928
2000-06-22,0.6523780749144107,-0.15446777684971916,0.4927011707838322,0.341434650216633,0.032997464817829114
2000-06-23,0.5779148808059522,-0.03056643181036499,0.5993828482902485,0.28412842807380306,0.023015030606192345
2000-06-26,0.6470583613368996,0.4358541835525873,0.5403670806334465,0.4550727870118448,0.025876145014290787
2000-06-27,0.6094535024130635,0.003713763026709947,0.4765142602118327,0.3310280090526459,0.04509590539790651
2000-06-28,0.6194663451511119,0.17904987583556586,0.6058259482812943,0.5058722946156211,0.04957013927960311
2000-06-29,0.6356094465622342,0.15215903723690838,0.5191745688523587,0.36818953395840176,0.08535698028724815
2000-06-30,0.5893071634328337,0.10635743912841758,0.5452576050876253,0.4628626910705819,0.017091962594881327
2000-07-03,0.6318908079624075,-0.004948185736287408,0.5568247453150378,0.390232251014382,0.04637369753827543
2000-07-05,0.5999410663517009,-0.07659131663435233,0.521166473313585,0.39719845952501626,0.03180841453653414
2000-07-06,0.5071151551790409,-0.11465987872164207,0.5388182988259658,0.3286939214011719,0.04182098622960223
2000-07-07,0.5416131566726482,0.2505635930855454,0.542598798556653,0.7296997758069467,0.07560825119269655
2000-07-10,0.6306970203573918,-0.10637559080658086,0.5731254808032669,0.4001685471493376,0.03232631425569484
2000-07-11,0.5378112192656457,-0.03780269576018938,0.5695114214180753,0.5445428027279373,0.015216012291103155
2000-07-12,0.6127475566304064,0.151975507073535,0.5255482687197346,0.32678730755405055,0.007198430073784345
2000-07-13,0.5525273724989552,-0.23101676523857853,0.6033518203636788,0.37293259324160033,0.06589411858895111
2000-07-14,0.535765112663661,0.09124561874872464,0.522379448235887,0.4777448429157033,0.09335559592891567
2000-07-17,0.6206950470044277,-0.04950298846832962,0.5488377901619386,0.42809979862143926,0.060419099374872026
2000-07-18,0.5626471785871625,-0.08410273436957084,0.500533807229475,0.33849903759125494,0.03997277147950983
2000-07-19,0.608510234895129,-0.5643705139927483,0.4685865853952832,0.432075213290072,0.012948918270516453
2000-07-20,0.5990206571419481,-0.0937330217713855,0.4381116946621649,0.472890889228143,0.08355744948856575
2000-07-21,0.5062512293645172,0.033658247571666765,0.564471537309622,0.3290284513751303,0.011816744225615218
2000-07-24,0.6000633280408275,-0.3126494759238776,0.544501425876409,0.48714129751641805,0.03701417240635809
2000-07-25,0.6166249112148191,0.23928146968417177,0.5118725217398352,0.3222537039349209,0.06489447334069076
2000-07-26,0.5459563046565439,-0.0587696222245816,0.4953340300710237,0.15783616588840188,0.08470366350429476
2000-07-27,0.5503019108335881,-0.0010553831428439875,0.47048080590325925,0.3992912847034622,0.026016867035597992
2000-07-28,0.668888968335902,0.09792873104829503,0.5308331002074225,0.3341116301070588,0.05335156814792835
2000-07-31,0.5214066571801695,0.2958568774011729,0.525554129629735,0.25963378701472783,0.08164973825592547
2000-08-01,0.623474352659896,-0.009857802581811745,0.4967296284729961,0.4109981026458555,0.011113870770134005
2000-08-02,0.6032693829790606,-0.02479874295476711,0.6192493037434352,0.4063755198671964,0.036997333872317996
2000-08-03,0.5038579687417778,-0.008672535814216833,0.5178185001111322,0.32047225563710263,0.09696688116727331
2000-08-04,0.6211944917236732,0.5286951786808172,0.4776678122250423,0.34982296662365314,0.09693927246878949
2000-08-07,0.5475335433573008,0.08726601082231261,0.449391813146804,0.42122687281135074,0.012900472373062022
2000-08-08,0.5728527263715982,0.15166460111911464,0.5086886850220192,0.6544553518177891,0.03002036817356714
2000-08-09,0.5532904934729574,0.07564310309325817,0.43620597537886,0.47645356968660085,0.03457922829997934
2000-08-10,0.7087175471474413,-0.23138406141942097,0.5062765937856477,0.3243201284614798,0.04144955577625151
2000-08-11,0.6667540040119977,0.12095027145125353,0.6186942069652537,0.3890636582621202,0.07796566263580898
2000-08-14,0.6142534299076127,0.11733424926469926,0.5912284215612226,0.4561928856335309,0.09232126043735839
2000-08-15,0.6459364788960832,-0.06228470054021586,0.5680478193752028,0.480751283444056,0.049678465219638826
2000-08-16,0.5536922112743865,0.021029426522787407,0.45211211281337155,0.5165951674945486,0.09223017541119716
2000-08-17,0.5554583368517421,-0.20573574897739666,0.45608014961729754,0.2695747088979098,0.03546389567898208
2000-08-18,0.5945235611101266,-0.011349376554471177,0.5514360527426023,0.42446246341243854,0.07102988206279573
2000-08-21,0.5190497770978512,0.22405662120158854,0.51743777618287,0.33684945934742616,0.07765126256346377
2000-08-22,0.5817479653779422,0.0910056234268477,0.5152768088618057,0.10973722628024585,0.07246959520049466
2000-08-23,0.6144664185349713,-0.21349559570802423,0.5370919475153428,0.5077697709835954,0.03676289272357467
2000-08-24,0.6077680025848772,0.2215213424667446,0.44917085762805975,0.5589855233381349,0.05964851668392466
2000-08-25,0.5708471055362877,-0.018417327281009543,0.4804199676373807,0.36918036810990384,0.076573294492259
2000-08-28,0.5859181216208335,0.22485417016196407,0.5758574238470727,0.5173799360879254,0.005272683725454819
2000-08-29,0.6027113305364683,0.025892214603250176,0.48993293957716383,0.32756727617379605,0.051173263947054765
2000-08-30,0.639288937273365,0.17259780331121527,0.5363930605772433,0.5713797152695852,0.05469868683721827
2000-08-31,0.4843145556568089,-0.04680700545259918,0.47497897472637474,0.4043335276196519,0.09598587276309642
2000-09-01,0.6078814319030886,-0.10123864630910362,0.4665619231876593,0.5418186911873974,0.0905828923753755
2000-09-05,0.606227841506579,0.018582978388495798,0.5180417110473368,0.47525026409178983,0.04168873542987285
2000-09-06,0.5417016141783346,0.17666252070600275,0.5292225216771875,0.2961593259403377,0.06988291113761251
2000-09-07,0.6355259295329961,0.31626769818123,0.5613235780722137,0.3804121114066753,0.09949844896785015
2000-09-08,0.5088700199148267,-0.20094611859555364,0.40760496502147253,0.3220991994165473,0.015415219415400694
2000-09-11,0.5485012399004915,0.3091222783136403,0.5559343482362036,0.5663185270464595,0.08188677625191734
2000-09-12,0.6128536510897166,-0.06434636332021186,0.5189574458590238,0.329821898500011,0.026602470790893198
2000-09-13,0.5778218335524893,-0.023919161714958656,0.53490983657672,0.33334736112803,0.016055090409686223
2000-09-14,0.608524182608741,-0.5592128947228289,0.5126708395830112,0.38981964563111426,0.03968216657223997
2000-09-15,0.49803706020459104,0.10797900259133995,0.5198001802830836,0.3362812612468103,0.08158090136987856
2000-09-18,0.7039985690127042,-0.018869784834385048,0.43824246916635484,0.41627102358744417,0.04527675751673143
2000-09-19,0.5432086770768478,0.19505085385256005,0.48559611508200334,0.42872883410199986,0.032218510641345725
2000-09-20,0.5390150095208492,0.02630843353570468,0.40526749108163135,0.5988936027679854,0.03795822029862494
2000-09-21,0.6023558953501897,-0.15189833615785137,0.5380734288604995,0.35243191776084304,0.07169641572077799
2000-09-22,0.5269521256020715,0.3266302914649709,0.5422058849680945,0.40998295856528394,0.0007409587939805951
2000-09-25,0.5768818688513722,0.2069486817872766,0.49422658134002884,0.35861183532696717,0.08625337326686246
2000-09-26,0.6377207778417397,0.08012135992823845,0.5169229944122069,0.47253230195708906,0.01902988885503584
2000-09-27,0.5758615857107111,-0.3550495223525712,0.4182388803765703,0.387396972609,0.021934508210322404
2000-09-28,0.5074029543367704,0.027228824450896822,0.43728583527359505,0.47009218971949496,0.09455725871822603
2000-09-29,0.6121336608455867,-0.18442993280772346,0.49219945012712546,0.5779243586251979,0.04011412039790805
2000-10-02,0.5539557692499063,-0.24168520827740583,0.5086590128846683,0.393778924919866,0.03779291988399807
2000-10-03,0.6059533679557305,0.05432623800760979,0.45904227055280433,0.2941083408712871,0.014029440844870367
2000-10-04,0.6421327143823836,-0.08918139436322121,0.40133190838005467,0.4071723171339144,0.0044975816388788115
2000-10-05,0.5220229564771446,-0.05968814628475164,0.49624494697383337,0.15693633189954503,0.0566162080978915
2000-10-06,0.5516969227249611,-0.06018509880772138,0.42749976176636695,0.28999200288600363,0.020777795769504503
2000-10-09,0.6193902580714615,0.1265743010584362,0.5395507163157043,0.3285341812634026,0.02540731446112017
2000-10-10,0.6444351361610904,-0.08219307426898381,0.548286909968428,0.294115114930905,0.09335980792952005
2000-10-11,0.5423739500121997,-0.048307670132942564,0.4551378998776142,0.4167535518044064,0.08001435845297669
2000-10-12,0.5560689205557925,0.18092061161519513,0.5341299890347173,0.2357732475316587,0.05283622088339926
2000-10-13,0.6039314752216689,0.15650872951342493,0.44880491483704643,0.19815852770625983,0.04047742613516776
2000-10-16,0.5779595424651123,-0.09614271939155435,0.5739882239715777,0.37210374599459933,0.08115663106748122
2000-10-17,0.5321683818768497,-0.35746801772506087,0.5027284405172736,0.4403902959863178,0.08638152131770416
2000-10-18,0.543475731783431,-0.12861835752851966,0.517821114469618,0.35228182325670565,0.04045529306681585
2000-10-19,0.6496498092724474,0.13445759469123167,0.5625998533744095,0.4858667767796811,0.03611523981626809
2000-10-20,0.5532009433511552,-0.06104655954092162,0.5009916061033014,0.4278742990402493,0.016169762004545774
2000-10-23,0.6169343294941212,0.24833974157101252,0.5049518041239601,0.4510522814537613,0.05305900700092611
2000-10-24,0.5926896371297806,-0.261746722384592,0.5042201503131123,0.5310895516449776,0.05673531138836483
2000-10-25,0.6050805814974867,0.3060188541113024,0.44084456952656814,0.4124513078662795,0.05362572404683707
2000-10-26,0.6753704559701285,0.31747716079125343,0.4463133833069831,0.3944007286428193,0.02558147276539078
2000-10-27,0.5860471731600642,-0.18019890276499745,0.5029526590262877,0.42678855443306996,0.057875388245429316
2000-10-30,0.5191585256042826,-0.23967050934507772,0.49042144773916735,0.5166893186470147,0.038115745121968594
2000-10-31,0.6260095267091733,0.13309033205409154,0.5280836732053247,0.3921806239409601,0.02876395749885038
2000-11-01,0.6408814951701053,-0.05370549900015249,0.5461324697966987,0.3979449879399101,0.05234190472120429
2000-11-02,0.5373294286734585,-0.15801411931965106,0.4427475998415616,0.2888287198053593,0.05778498421772428
2000-11-03,0.5974333200390983,0.15028083389553618,0.5872153910742168,0.31487424755884313,0.03117658167956402
2000-11-06,0.5602653182175158,-0.061599160112544606,0.542523011613672,0.5188723657391017,0.08335265900025092
2000-11-07,0.5794766956916166,0.20296997125245653,0.5997641195424855,0.4434735679212423,0.06973844167865002
2000-11-08,0.649332613647444,0.21431482522783749,0.47307846871846043,0.5320269107221209,0.031844024812527676
2000-11-09,0.711039594656064,0.24475145264648135,0.5000472617135808,0.34647524096285154,0.0145183184977299
2000-11-10,0.5991638918485499,-0.04553429906277235,0.5686998818182079,0.3353748283085224,0.0892604703621589
2000-11-13,0.6116704219661574,-0.15295660429904281,0.53790616326991,0.3758571860510072,0.03872474726737867
2000-11-14,0.6606459840485235,-0.25238138649228004,0.4005777951595702,0.4102504206578843,0.08098311643944375
2000-11-15,0.6437442307338337,-0.6031257816322697,0.5211464914262226,0.36871879865112916,0.07279496842022352
2000-11-16,0.6096035318629064,0.002195987163504494,0.5126294993061367,0.5188159210423975,0.060689593992291485
2000-11-17,0.6251237009942141,0.13316232779711265,0.4921763717263455,0.5809015223996407,0.005143774767031973
2000-11-20,0.5878260819905669,-0.07021156536083392,0.533456537264253,0.39681504830680053,0.07052478101413359
2000-11-21,0.55602643720451,-0.12366634161204962,0.47871757068401155,0.5966409951159033,0.02123168439609583
2000-11-22,0.6229513627268192,0.06177449428197911,0.5281755483495626,0.599208029265271,0.058421685253918165
2000-11-24,0.49616978307772736,-0.02883399566606253,0.4740483242300576,0.39552433298467926,0.014540677903928646
2000-11-27,0.6151925220208831,0.01079371185622374,0.5654961538218186,0.34437043333802975,0.00727444150532075
2000-11-28,0.6056788318082618,-0.04676691882585796,0.46038912578359975,0.2773730498720337,0.09144351111273977
2000-11-29,0.549502192579005,0.05961849397825986,0.5512626890184568,0.4752418614521522,0.0011346657587840482
2000-11-30,0.6454549952901957,-0.18345437361091232,0.5673355392186625,0.5010308379646664,0.04111446175364847
2000-12-01,0.6199431587874537,-0.28856549513170054,0.6000606835175157,0.49412736578199945,0.033255077177097095
2000-12-04,0.5848039007826804,-0.03989955958005617,0.49582974990322276,0.52140785005509,0.05475692956569428
2000-12-05,0.6158286876692923,0.1788651859989982,0.52165199655303,0.45051780296577537,0.030198182901688575
2000-12-06,0.5720240567408368,0.15979893422663868,0.3976780870774235,0.5182518573901433,0.09976724303120872
2000-12-07,0.4602586808187862,-0.19377362175851917,0.5213018149886405,0.4524140273813127,0.09815502561884402
2000-12-08,0.573978436252291,0.1621190517770395,0.5582296243337629,0.5235228096538456,0.06592010677598158
2000-12-11,0.6939512937645349,-0.015455011022740855,0.5719597588449277,0.4741097606058728,0.09635215888359995
2000-12-12,0.523122388043811,0.3219359788884298,0.5009042713190115,0.3774117106679838,0.016089264215836587
2000-12-13,0.5418072115715086,-0.06811741925234008,0.521161898097274,0.5662516304507691,0.06357727147425661
2000-12-14,0.6275126646239408,-0.5365476576357248,0.4371739257437582,0.4242282230277291,0.029760749170505765
2000-12-15,0.5771980622700891,0.1837843993730932,0.5149365059690766,0.4700474423589669,0.013017171335914414
2000-12-18,0.5120556883993296,-0.28775608058692986,0.5146846051792903,0.3920314651585285,0.01236862622294639
2000-12-19,0.6688760069511858,0.030208300268817087,0.5692019098489915,0.36428027936555907,0.09588820434684016
2000-12-20,0.6367540200660002,0.2174391614859239,0.6165407916536095,0.35138995628038705,0.01373384140559434
2000-12-21,0.5973986554871747,0.07421723693436569,0.5753642550407048,0.29984888888909367,0.04691354446729734
2000-12-22,0.6239729004864898,0.05613559038921703,0.6230046463192108,0.3235981478678676,0.07253675813616306
2000-12-26,0.6324404535767326,0.14001680860658858,0.4923704066480017,0.4433534713966323,0.020394610425921847
2000-12-27,0.5631457251365473,0.09751559912736861,0.5047774506538233,0.5226892298168757,0.09132189940409144
2000-12-28,0.6079552811701768,-0.13743861654625966,0.5259337014335187,0.3239854634864289,0.035286049741511
2000-12-29,0.6410531635422884,-0.20583343219881856,0.5886830212030182,0.2894931950160582,0.023730394195635475
2001-01-02,0.5508195588446958,-0.18743863382018663,0.5044066484486392,0.33048916958189617,0.014153246804524367
2001-01-03,0.6497286389961326,0.04452656456522053,0.5033282327838051,0.4472635009347969,0.01742801240928601
2001-01-04,0.6060857215617017,0.11744237720954838,0.48737636941525764,0.4954579013201749,0.021373617029433523
2001-01-05,0.6062516388747496,-0.06540835012991873,0.5493104800871988,0.20143760458298346,0.0175341963377467
2001-01-08,0.5459221885034088,0.003482010917042501,0.6710269623471308,0.5402799919040335,0.04071973709729734
2001-01-09,0.6303852290823475,0.1795175960689688,0.6960390940741173,0.5081623005283248,0.08238782282468501
2001-01-10,0.6313973029250364,0.010718593777718938,0.5987180719883711,0.4433846243315016,0.022165326989141133
2001-01-11,0.5353840499075756,-0.1285481697091333,0.5863340498752243,0.4506180170864944,0.059765210757149925
2001-01-12,0.6318075009861227,0.18212562455685233,0.5685272419816939,0.29390226807668984,0.0008029985450956234
2001-01-16,0.6042440972035623,-0.19976590652080756,0.5690904588433049,0.36347799179642004,0.06733012101619656
2001-01-17,0.7034770518633591,-0.4747624642211763,0.5146637883049675,0.24781780564696174,0.07118555996108587
2001-01-18,0.5719711464500474,0.008946129985698346,0.5735348225999587,0.5753156827122214,0.08882444901816686
2001-01-19,0.6657045015772811,0.1148825310970006,0.5353386661700965,0.2705368624257557,0.09064728891523882
2001-01-22,0.696335394668827,-0.22971869616223106,0.6299696679050363,0.32407568276310206,0.03660129318638346
2001-01-23,0.6291310647951411,0.10069051651523293,0.5850839689565029,0.49820236642075,0.013684184152817214
2001-01-24,0.5784042728161682,0.2266044134342552,0.6040973124357957,0.4405284076660597,0.08036972928589298
2001-01-25,0.6449179848720179,0.42583829740754586,0.5055698528718042,0.5452032375981254,0.034146085179600216
2001-01-26,0.5254703244989521,0.08792960509033759,0.5209009553928504,0.4511955901163058,0.0829999886413703
2001-01-29,0.5094592907566627,0.20089760021821434,0.561917481055947,0.5596517208632706,0.08873805867771838
2001-01-30,0.6261902863827612,0.2994721109743924,0.5625067857331654,0.614590676913475,0.08156255488438585
2001-01-31,0.6242443959967252,-0.09598801492936616,0.5389667057985852,0.45262163411480644,0.07724433660403349
2001-02-01,0.5739988625664991,0.15729683189755972,0.5532095774158712,0.43473771612425105,0.05513860295069481
2001-02-02,0.5734100804795402,0.08059871907181579,0.5723915089909691,0.32541408157975,0.06555770219570396
2001-02-05,0.5442228576387351,-0.20273709799291947,0.5050332627805715,0.3968897370910554,0.005388041313859494
2001-02-06,0.5410154871674757,0.1738735786959228,0.6389315342897168,0.47917688251263096,0.012004011622101175
2001-02-07,0.553959093169131,-0.19024294267592573,0.5759942071455822,0.44777238580335804,0.07921868274311239
2001-02-08,0.5886184109066727,-0.07214740427492376,0.45456950302337196,0.3521945507106566,0.015977774226903753
2001-02-09,0.742087251943075,-0.44568977924015485,0.522066922326469,0.4255014888892588,0.09641893176422499
2001-02-12,0.665871643624597,-0.03292877051218755,0.6304959643689186,0.5143471791814154,0.030189058021334127
2001-02-13,0.6143543099492957,0.2684898265929177,0.5138192191399075,0.4316369134430234,0.08690879460068746
2001-02-14,0.6238870175904038,0.37871512009854746,0.5525380180584665,0.4219276303976819,0.03241424261554356
2001-02-15,0.6324592033185347,-0.17843948488087513,0.5821432522552515,0.4258667325540267,0.037041109715380605
2001-02-16,0.6539707577589708,0.14843627959193958,0.6449770939416973,0.3263147369055277,0.0054782978549251515
2001-02-20,0.6061456478500682,0.1266013930078161,0.6351078911868088,0.20821355994707696,0.023617912557107847
2001-02-21,0.6025739369442444,-0.19923754319951079,0.5895718657147462,0.3455277814388213,0.09669230038767865
2001-02-22,0.6427826144370635,0.22244863006795532,0.5601991836669078,0.4877067212657009,0.07661752863739606
2001-02-23,0.5966460616574258,0.05005579065431488,0.656106044850765,0.3079022554767558,0.021454910245916194
2001-02-26,0.6160818968902396,0.0448612004236229,0.68510814868743,0.452277226713504,0.02965210697154661
2001-02-27,0.566101086172749,0.16118946732659403,0.46824204609433173,0.47827974846057175,0.013348170261541482
2001-02-28,0.7157114151648563,0.19514922529136192,0.5303759726191928,0.3897474947607709,0.031105364707517402
2001-03-01,0.6476411486695748,0.2876447982075711,0.5854554881026737,0.295807631522859,0.09068807454704254
2001-03-02,0.6585106141067579,-0.1590985705812798,0.5516163955660366,0.2870009814455702,0.07938528225388566
2001-03-05,0.5532850475545061,-0.3577708460401581,0.6192547751902969,0.47364641188530454,0.04008163034951592
2001-03-06,0.6715289260455884,-0.21329796542745832,0.5524609396881714,0.2176277971927655,0.004978817320648999
2001-03-07,0.5993375334390952,0.17981792143016131,0.6195234401531385,0.32870560786495984,0.09462234891599192
2001-03-08,0.6500482464839437,-0.06595260491122731,0.6182571437188575,0.3743802836424473,0.03812119266235299
2001-03-09,0.5853553022736127,-0.18961623437903402,0.6098529107004397,0.4158244283260829,0.07199352073519277
2001-03-12,0.564838555750472,-0.03748743443574333,0.5602060723687932,0.4235447143665306,0.0417207151734635
2001-03-13,0.6589129180703579,0.011396198624456023,0.6331734991545769,0.33016619070810016,0.02728738012012242
2001-03-14,0.6495494043662624,0.47860140135642126,0.5971687364327926,0.3497588393836373,0.040050261003986044
2001-03-15,0.6148995385833579,0.05570516505705341,0.6794981788120232,0.2716426928161859,0.09741603017352557
2001-03-16,0.5854603459873385,-0.2010033265261913,0.6490550343314914,0.3614508638721193,0.03741737138078537
2001-03-19,0.5796315354665119,0.4326497843209297,0.6288877493752292,0.28369395079395954,0.08035471507256876
2001-03-20,0.6006723658895893,-0.32166504300075177,0.74905913295735,0.4241522042132049,0.09325656602678555
2001-03-21,0.5948201130403357,-0.03742280121458038,0.5905836874336138,0.44604840206931323,0.09619441382060678
2001-03-22,0.5957388625114312,0.2906559290173358,0.5652019556588147,0.31725340353174586,0.0886157197499926
2001-03-23,0.47250636046484285,-0.03471450661123257,0.5616602635190038,0.42972727156177465,0.04773293579420438
2001-03-26,0.5918657099919382,-0.4659201407824374,0.6091369196880199,0.337862681852674,0.08285305464182419
2001-03-27,0.654939083392208,0.3937018202325374,0.5796962959608267,0.4974453052895198,0.04156633951686248
2001-03-28,0.5651278187521217,-0.001892682273260407,0.6443876229245035,0.29656083469862665,0.08873317666195395
2001-03-29,0.5321794392236248,0.08975174841496156,0.5956988444189782,0.2696965740237284,0.04919554468239429
2001-03-30,0.5454188174494075,-0.265458633987948,0.655730489414545,0.3924467330930225,0.00772024246648575
2001-04-02,0.6541065246647244,-0.015596353545726109,0.541139588953754,0.18387496109307166,0.04011168668642121
2001-04-03,0.6026049499107071,0.034326335290003944,0.6637493137178764,0.28392648126971276,0.036946880596458974
2001-04-04,0.4976469975326386,0.2532402348390339,0.5630398449991033,0.24354096491140703,0.05787556124737752
2001-04-05,0.6344304248501761,-0.27872793795361406,0.6338886631160823,0.46214138788828407,0.06622192871439835
2001-04-06,0.5812335692165596,0.2541321974298633,0.5895395346940827,0.3361340590683214,0.061594358162825096
2001-04-09,0.6220363702026653,-0.11042864698141142,0.5371155275251241,0.4330181183324728,0.030041240170873132
2001-04-10,0.6719394113253804,-0.025695726960946793,0.6253870299650972,0.3421157931573198,0.03319694948033045
2001-04-11,0.6313913797851889,0.09142874207422749,0.6197957975297417,0.5320657205553188,0.055000751072117854
2001-04-12,0.6000516373200416,0.22683319727442663,0.7122616016634146,0.45643032955379786,0.09869259222185268
2001-04-16,0.6314676141141295,-0.12844633545769124,0.6384398172159759,0.34691369821455365,0.050131897723840115
2001-04-17,0.5174143500715903,-0.018089452822551724,0.5699578892736407,0.37453258180962795,0.01400346969003854
2001-04-18,0.550493896095476,-0.3787712255246741,0.5932901477709326,0.3978070301805706,0.02659101597158532
2001-04-19,0.689314938457624,-0.14591734098472586,0.5437021749224591,0.41176323703762674,0.03109539937231052
2001-04-20,0.6580609545527699,-0.013745881182170988,0.5989292468736982,0.40496586560547415,0.06908651175765386
2001-04-23,0.6275638837054441,0.17298919134780782,0.5851704071507233,0.5184920825027496,0.09135184302955997
2001-04-24,0.6293508470071321,0.4361271572192207,0.603606009727621,0.5459399400287007,0.04146978985450759
2001-04-25,0.6218238821100965,0.0478381287173169,0.5944889428759482,0.42112697378192354,0.01342084861344428
2001-04-26,0.5910193420827844,0.06975000489507831,0.5984866067206688,0.4538390737566455,0.08085628585315521
2001-04-27,0.5309543017907817,-0.08767843848194137,0.5590883163890769,0.34827189907886796,0.05630804994350039
2001-04-30,0.5926015932001426,-0.16147434798975044,0.6066732883156466,0.41357020905116976,0.04132936224109033
2001-05-01,0.6403380016133798,-0.09429880150288557,0.5870973624986892,0.3369278350689518,0.048980533962363626
2001-05-02,0.6794136213878244,0.25072785030556344,0.5370200041553115,0.33062927454161095,0.04665043540130485
2001-05-03,0.5147392970183537,-0.16905996380659563,0.6370401025934669,0.4440716477763615,0.01667059339407274
2001-05-04,0.5736310756926717,-0.2342152742952952,0.6951464593400574,0.614803783978209,0.06946205804003644
2001-05-07,0.5969372059984961,0.02081433896435326,0.6126887885022448,0.47641111035601036,0.03199055515614999
2001-05-08,0.6850559411061656,-0.35905304822075035,0.6104286611959888,0.3201841331048175,0.03489958345910034
2001-05-09,0.6493435422798304,-0.16492189630818413,0.5231489551930182,0.4050394857891421,0.03027114127569889
2001-05-10,0.6256256945267461,0.29703932938675026,0.5843571193751174,0.6532641508984542,0.0391331950649803
2001-05-11,0.5995521054411053,0.28526914418219695,0.5667590213979534,0.4673014475486168,0.09894504978792341
2001-05-14,0.5637113854641855,0.20339976576434624,0.6031010090573004,0.22874669527670527,0.05737723709391124
2001-05-15,0.5282318344792594,-0.09379137011716358,0.5567420202075347,0.4367819899440527,0.025845472898485412
2001-05-16,0.5875479341496329,-0.018615529706801203,0.697826178943574,0.46997706452045424,0.09408130250449248
2001-05-17,0.6056400789183782,-0.25241650181305547,0.5488287399074605,0.3060739920226042,0.02124549913976297
2001-05-18,0.6619442680277556,0.008410547359090647,0.7184028151374457,0.45586501654905204,0.08826310804354276
2001-05-21,0.6200819281974136,-0.05879795078710395,0.6871694050345037,0.47834747670787614,0.07660871891759036
2001-05-22,0.5549297297229819,-0.14650033839559512,0.6227587369902683,0.25211594052385944,0.07202827004689237
2001-05-23,0.6898567668824422,-0.35627201628616884,0.7020167945164035,0.5402078922137578,0.021821139106938583
2001-05-24,0.5624022928663711,0.25359373509228994,0.54390624990684,0.4316861463236493,0.03934804631247373
2001-05-25,0.6158504865050758,0.12584229017565182,0.5788901207997228,0.32412897744685415,0.06818501945920115
2001-05-29,0.5396449355912023,0.02544854682828711,0.6341690419157076,0.2871050346289836,0.0708609799255592
2001-05-30,0.6805395919740959,0.16216936570828056,0.5580283188447087,0.43868378639396566,0.06141510193862831
2001-05-31,0.6942138946716426,0.07810220663418763,0.5311956914127541,0.5384958322255591,0.032825566444825295
2001-06-01,0.6081063685687946,-0.07881733969002529,0.5717707905638936,0.48816974013910663,0.013181468276950981
2001-06-04,0.6655898211433141,-0.09206934910607238,0.5319814773017724,0.3180343259899393,0.041513304994276135
2001-06-05,0.6707236480448407,0.003681638998212436,0.643622811998817,0.5309907985244902,0.06861027114405303
2001-06-06,0.5647502625239436,0.021611559794083118,0.5943682122945162,0.4530821333714266,0.0802318701742561
2001-06-07,0.5675669102308619,-0.2419140255721755,0.6003368533327558,0.3337878666018324,0.03087411695305057
2001-06-08,0.6456649906758005,-0.12652919500732326,0.5498966745067928,0.47754342916946857,0.017528402815028554
2001-06-11,0.5910387756957016,0.110784840428922,0.5685092664304541,0.22880435202790145,0.01619728498183729
2001-06-12,0.5568186304895015,-0.00232083531660876,0.5527464804401101,0.637163869729611,0.059176339315459806
2001-06-13,0.5657858557714199,-0.31228498754201994,0.4447180012039997,0.4116154241533608,0.04676919164062876
2001-06-14,0.5515022368501385,0.08880958337650308,0.6292500672584267,0.27440603221832505,0.055972953152176375
2001-06-15,0.47572097790723566,0.007571031092385994,0.4993430961232333,0.4404932964338801,0.039479705428243674
2001-06-18,0.5850205782883285,-0.0829598010795349,0.5659514340517067,0.40327041296828814,0.007026672617526719
2001-06-19,0.6273416637392709,0.2110891847774858,0.5181966177568809,0.35623661043866767,0.08417895283060303
2001-06-20,0.5314048561592016,0.12834378442333372,0.5830993907136773,0.35903280444461405,0.018744912445122632
2001-06-21,0.6187167862940821,-0.21163238964039338,0.5755649971313798,0.3413719627105395,0.04869385487884795
2001-06-22,0.6568645618442832,-0.10750397933913314,0.6656943169796973,0.48172315798370113,0.029446983253652793
2001-06-25,0.6845285396137135,-0.09312716149378414,0.5435272170410639,0.3555104084651854,0.06834987034142906
2001-06-26,0.6445917108737187,0.021411535621139902,0.5700480454545113,0.44220649487080294,0.07296434289601282
2001-06-27,0.6167854656756296,-0.04828865186103612,0.5167850000630788,0.3985270176874069,0.013948989425827653
2001-06-28,0.5723282715605915,0.09413216393899522,0.49542206933282373,0.4542989703004073,0.04523981387499289
2001-06-29,0.5791751091858405,0.12539977004794878,0.5780907681059668,0.38560103290644315,0.059116479285191696
2001-07-02,0.6690829307224627,0.04275484069482938,0.5286212611450579,0.4510359498340956,0.09096367189819815
2001-07-03,0.615289940106965,0.005727094164159861,0.5503738067276722,0.4946155236583172,0.048390333316295546
2001-07-05,0.6052506028603661,0.1341482635563547,0.44875508744778025,0.2965099813521131,0.08545090786562477
2001-07-06,0.6399072876793948,-0.2956461364995417,0.6097487925581425,0.4357845749355865,0.010315624630863874
2001-07-09,0.5406940116215941,-0.04580054366301228,0.468245229368497,0.25633917678213425,0.08302158148239822
2001-07-10,0.5749277691435218,-0.0060355256962896465,0.5785032686228291,0.42310549318438445,0.05651938564797071
2001-07-11,0.624137370623752,-0.11658458940661505,0.5220135816741461,0.2681767326279878,0.04729895149691785
2001-07-12,0.6698978553147692,0.041862835652228855,0.684127285476034,0.45504518280139794,0.031242488222190248
2001-07-13,0.6311530734855286,-0.2087035469066219,0.5001510685430803,0.3280329331776152,0.08226120227957168
2001-07-16,0.5669630365354835,-0.17959645877343844,0.5660320779212472,0.4043803049147402,0.0466399971208794
2001-07-17,0.5696549524700418,0.10006188126251454,0.5618399190836402,0.4617196922251636,0.016056651123994792
2001-07-18,0.6871890038526406,0.001232092851936535,0.5252374148119663,0.3684160008024224,0.09224994942009207
2001-07-19,0.6215343022294672,-0.008311341188433583,0.4848267450456597,0.38737984756740124,0.08853475220820334
2001-07-20,0.7326484039737384,-0.13351117289859965,0.47158186497095855,0.42022885143693356,0.0734327203719089
2001-07-23,0.6605629005070813,0.1460392152172946,0.5364636695251956,0.21899651135507014,0.06596386083236515
2001-07-24,0.6018366579909002,0.20745957960509492,0.47527970523807817,0.326554948745688,0.04297007062742728
2001-07-25,0.5934022950010386,-0.19727405401742093,0.5320309148426077,0.3964703719149596,0.03426718400522477
2001-07-26,0.6951232047751911,0.055211294102897525,0.5571819253622567,0.5718086646430891,0.0969089688021578
2001-07-27,0.5766112180473237,0.07008073914147743,0.5517708042484454,0.39303314970704023,0.08033610410763459
2001-07-30,0.6262062952619614,0.2506610831316258,0.5204423010317972,0.49611862005721413,0.019890747018615096
2001-07-31,0.6069997485727375,0.03297011528961911,0.5563507655486423,0.4334904673915762,0.01555957417368762
2001-08-01,0.5842511449730184,0.18294024702154973,0.4295159534704153,0.4443977768694423,0.053863201544926256
2001-08-02,0.6262120809855499,-0.039767304053142084,0.5345116091579872,0.4411784317343691,0.008523125193834037
2001-08-03,0.5519262820347284,-0.08297935454271987,0.5750887465399159,0.16405673854880082,0.03605943328917695
2001-08-06,0.5825053308502613,-0.10024976572583227,0.4816413926119224,0.3675345741617061,0.09842777062835606
2001-08-07,0.5450646790782616,-0.11595144560060969,0.4876806522072522,0.41646661686104697,0.027377783207356857
2001-08-08,0.5856382729286507,0.0422626810859977,0.5526906999672081,0.4427166529154899,0.031127682816469084
2001-08-09,0.5898131429080827,-0.20579334800709034,0.4424049247663461,0.4092110338986957,0.06065026583536376
2001-08-10,0.7185578571894145,0.03930044403862685,0.5009626021315743,0.3927747980024536,0.06732870449078134
2001-08-13,0.7121589230613262,-0.3478750493379513,0.4719887891233371,0.3736968956648302,0.05982025769159095
2001-08-14,0.5795274338358833,-0.16666380870040054,0.5254810243794685,0.4860454853942251,0.0916361811285963
2001-08-15,0.6530089596870271,-0.15411804005659105,0.5740340731034786,0.5253777924264182,0.057933200965077106
2001-08-16,0.501510294404138,0.2144735342332217,0.5445931479841604,0.37707989421955473,0.03731941786126808
2001-08-17,0.6776400713328566,-0.17150631535904015,0.5395916654272834,0.43708251289217614,0.028956369196105593
2001-08-20,0.6274672957640474,0.0009428431036820882,0.4386957949719177,0.4036210697716573,0.028590864776378146
2001-08-21,0.6366648232754198,-0.09090082920823983,0.5133040369513175,0.3426861411725433,0.08416261224628097
2001-08-22,0.6395307215680036,-0.04779429943460495,0.6110431851985544,0.49889701988669144,0.0626170272770704
2001-08-23,0.5931505382710375,-0.06917637817974764,0.48407011428237484,0.4415158375158272,0.0376342396824939
2001-08-24,0.6154017948500955,0.13029625672923625,0.5519037040067905,0.37271067545076636,0.002663373905814226
2001-08-27,0.589927294963771,-0.04018499906244399,0.3533738859918535,0.38033932534010884,0.0847704437187381
2001-08-28,0.5481888430836787,-0.08440727294136857,0.45635515289667716,0.3866932812742871,0.08937780541590958
2001-08-29,0.5215978190994724,0.11791257304691971,0.4800071388317145,0.3090951315429851,0.06424737337117706
2001-08-30,0.5843037290025379,0.10929753754066757,0.558393408634766,0.36376062809096454,0.018646269028882112
2001-08-31,0.602091832636718,-0.027160041968547485,0.5485129782830532,0.41869471679373027,0.050950631421624704
2001-09-04,0.5646727911082886,0.3572518366765603,0.5911414690212214,0.4180683820334972,0.09997540333568775
2001-09-05,0.6253473109667588,0.006886086813540879,0.5821776764114635,0.4980800659929784,0.024762899651241656
2001-09-06,0.5485235066058333,-0.17195343815818606,0.4759531999284318,0.4878487291775589,0.021249847953860403
2001-09-07,0.6033552042372106,0.18433552345308118,0.4671799730376686,0.41692096436869924,0.043008062296246076
2001-09-10,0.580476470641395,-0.023556844999791625,0.5793003218621764,0.2986292881387561,0.013737498201645127
2001-09-17,0.6150224181866151,0.19122657296232662,0.489140232826001,0.34051584820456193,0.09254212867788117
2001-09-18,0.6665815457245091,-0.397919504960813,0.5607958015017289,0.33349440184687595,0.013220938331228184
2001-09-19,0.6041838003923995,0.184227959499805,0.44390763735121347,0.3325841564453946,0.0885129109147314
2001-09-20,0.5314910295094476,0.04796592525793347,0.4907590448562101,0.43683378585913724,0.051841816793535445
2001-09-21,0.5497642167969445,0.06892683376513756,0.517279416363061,0.4474606837680426,0.05668539469031267
2001-09-24,0.671977803821604,-0.26100904381806833,0.5725365057835539,0.40860661945304344,0.05811934255024315
2001-09-25,0.6311461695103492,0.16707601088652427,0.5297366753024958,0.3876489682524396,0.03514224868552647
2001-09-26,0.6452585604646408,-0.3054737458853035,0.44323636993158155,0.18305895076291093,0.033776799303076255
2001-09-27,0.6465673285750485,-0.2754346523947672,0.5213626793976986,0.2888239893424395,0.08318881876580515
2001-09-28,0.6540394253074016,-0.023691469356473885,0.492318647956987,0.45491719026820243,0.07109831068360445
2001-10-01,0.6205803052573808,-0.19660129371362933,0.4795640068003845,0.38995319295681247,0.06408532033972157
2001-10-02,0.6566816516735036,0.03553522847298442,0.4995964839222093,0.3612644804909738,0.09760124159883175
2001-10-03,0.659244592172793,0.013080698252164322,0.5387064670057741,0.5108740052364155,0.016212774993351897
2001-10-04,0.6491660333275843,0.20689745801120216,0.5287699628570648,0.4484968551055488,0.09080098995228723
2001-10-05,0.6088003158229829,0.12836757367072713,0.45669375582840394,0.5021763136516374,0.018078854044849203
2001-10-08,0.5524092701971315,7.597374856214468e-05,0.4610328333867387,0.42891309205328415,0.06377440121647551
2001-10-09,0.5488256038894263,-0.08134980327848726,0.5076356067185963,0.3761765406518678,0.02110032002453399
2001-10-10,0.5933393400867731,0.030107418327359133,0.43802469113941256,0.3899817646913563,0.0032185646779606006
2001-10-11,0.5545304491894592,-0.3269494733800385,0.5200438472769899,0.47205260955526845,0.09782897238483783
2001-10-12,0.6476415485364608,0.17911279491317506,0.48856314564015674,0.30678651992939543,0.06169660314429063
2001-10-15,0.5968321306540171,-0.12635558203728522,0.5622232494456912,0.29332955647999254,0.0757586890671157
2001-10-16,0.6200913661511672,0.0975729475672313,0.49687621425883566,0.404357844838059,0.017628092377337125
2001-10-17,0.6279631311492427,0.0673451456094361,0.6197822242975757,0.3637613285644855,0.009916957757424849
2001-10-18,0.5185253762438753,-0.38085914925419767,0.45928412924696665,0.5796731671333691,0.07182470201218247
2001-10-19,0.5885245020426084,0.03979242641623825,0.4891173880449906,0.42350193945672315,0.0663907291776312
2001-10-22,0.640417896664393,-0.05146704901899577,0.545932387993941,0.3413196271898373,0.09269055247602781
2001-10-23,0.58029982300417,-0.272108631409959,0.46141360181982377,0.4820314139108698,0.08740241511282859
2001-10-24,0.6304531289650857,-0.018015238332518384,0.5038798651584357,0.37478801595597194,0.08738004072544285
2001-10-25,0.5455510558757282,-0.16830805351616399,0.5088077513744231,0.3920639826971059,0.002331543448698004
2001-10-26,0.5592093574197228,-0.16968041000436437,0.4392408498402341,0.3445386879147611,0.05162661619772244
2001-10-29,0.6154495396393259,0.2182542297500729,0.5366153752691872,0.5499637534374386,0.06838890166124095
2001-10-30,0.5631319008301754,-0.1145354250392775,0.47402839314411227,0.3620127068524375,0.07277442459650701
2001-10-31,0.7261862126290286,0.07114427774015185,0.5486400531712441,0.26826254263373367,0.09465216906662918
2001-11-01,0.6493342912604572,0.05922262372016587,0.487835049576719,0.2725075619796885,0.03127508572793626
2001-11-02,0.6550067892466116,0.0935337049190643,0.46719984474220444,0.22255576944776279,0.02235818125928728
2001-11-05,0.5616340156481544,0.4276235292809223,0.41598356613655296,0.5568664605419318,0.03910526009196637
2001-11-06,0.5538109513613562,-0.27933495332983643,0.506979612295423,0.42822043708620616,0.04157663259927047
2001-11-07,0.63868800432757,-0.23146589778969565,0.47935399103688187,0.2779290975185877,0.029875075840997845
2001-11-08,0.6103962495779383,0.030917192664974724,0.5245006917378163,0.3943445418882437,0.0903974434671664
2001-11-09,0.6186355125214623,0.15715768056613078,0.5097281420780635,0.4876784549746332,0.06871795195933181
2001-11-12,0.6525867897524683,-0.23642459844086572,0.44841975279188706,0.3130038400207399,0.044156497117449484
2001-11-13,0.5891259329029521,-0.2962364935260408,0.46001750288919135,0.3077055157448121,0.003333506637976558
2001-11-14,0.6048623812186089,0.12417232623428356,0.45757451585884,0.5271517823929802,0.0369798991738761
2001-11-15,0.6560575919183779,-0.11331102011279347,0.5374984267586188,0.334697656139442,0.009932414732046358
2001-11-16,0.6223893603753652,0.17457007196660415,0.4745739853174269,0.49745943173319485,0.08594661589862058
2001-11-19,0.6831955643814803,-0.169589442071923,0.474086572253508,0.42928185433306204,0.050601059878234135
2001-11-20,0.6369846522368838,0.09522997231229112,0.47578201574776524,0.33007277338705177,0.060354747400003905
2001-11-21,0.7152814173739888,0.24224800832408167,0.4867871500714563,0.42868446134881444,0.07790122731117544
2001-11-23,0.561058111899526,0.016850349242664223,0.5818514639828928,0.3570875480577127,0.061619451978262775
2001-11-26,0.5996533062917638,0.05336269317833815,0.4892370989985773,0.44764892328645517,0.023171306446714446
2001-11-27,0.6717215343009906,-0.07628496070848051,0.5502458885153092,0.2010779064323476,0.060848429952464006
2001-11-28,0.5430435886945043,0.04544341745242791,0.5156819603421201,0.5013006980000424,0.09165492131772962
2001-11-29,0.5580593901847076,-0.1952259411438689,0.4735055660754366,0.3775712906703679,0.07968813209691328
2001-11-30,0.59254356172371,-0.1211048585236501,0.5674365209231588,0.535773571818347,0.040329416840113146
2001-12-03,0.5196299785000714,0.01995975539376086,0.4118668614466931,0.3793168305307261,0.06826742045930692
2001-12-04,0.5594681998085878,-0.038504017057847395,0.5417164466918389,0.4359833776985867,0.053988429369186464
2001-12-05,0.6703717229061249,-0.22195510517692585,0.5171726139529486,0.4019166075224505,0.07810582969497233
2001-12-06,0.663582136975253,-0.21799696705600616,0.519222099763814,0.6442912067700739,0.0213997782831834
2001-12-07,0.6102222271252526,0.02796134102370862,0.5232414083052312,0.5438488961112142,0.0932360904273433
2001-12-10,0.5797416542942834,-0.07191393616298886,0.49722529993013054,0.13674303764750018,0.05454195778274965
2001-12-11,0.5965510252784715,-0.06902392142871765,0.4941863607121903,0.42678306856295645,0.05843810788863048
2001-12-12,0.7255801437784797,-0.22761371933672822,0.5245812022872844,0.23663843870527257,0.07343186630394014
2001-12-13,0.7149675059241478,0.01303071195329621,0.5640303375128491,0.25494278714805463,0.07267135149443056
2001-12-14,0.5994922219993913,-0.0067731520936145755,0.40897185659178803,0.545983636409316,0.009833534486054963
2001-12-17,0.5884065881874324,-0.10088790639745247,0.49030849148493405,0.37808918993518764,0.0782527678791734
2001-12-18,0.5838624102122979,-0.1735910192053879,0.5343377159180416,0.4892517586278203,0.01976952419236615
2001-12-19,0.5433264024585159,0.2787967385616313,0.49507087652649734,0.32726102152084025,0.035501751755712775
2001-12-20,0.6826062751532174,-0.17415229206340233,0.5666643688313722,0.2800549812666062,0.06437094766845673
2001-12-21,0.5298394211767381,-0.020871044686611356,0.635200047664573,0.41019652987144267,0.06027110463517169
2001-12-24,0.5234296145439289,-0.25782995894808874,0.46363351298820665,0.3389995586531172,0.06191425552814559
2001-12-26,0.6440064902255112,0.4514269182092503,0.5420776089399276,0.3454713985336955,0.00023501670356342876
2001-12-27,0.6258717645541197,0.04803419666461073,0.6024399191126136,0.4905492088799627,0.06516598123955493
2001-12-28,0.6199262824357332,0.006441646001335806,0.4957665463277477,0.31135581689489006,0.008879052657707288
2001-12-31,0.5820238878999423,-0.04458978872137362,0.5436448640477738,0.3762264935038279,0.003149810775398854
2002-01-02,0.6974130121288156,0.10202951824585692,0.5824211032869319,0.545427501373416,0.04529723301334576
2002-01-03,0.6686764255608211,0.01636775353698402,0.62986127385584,0.305587074432636,0.05240274739620729
2002-01-04,0.5695725433863661,-0.09220550241836062,0.4248386013282469,0.5567351408427542,0.036757618171981164
2002-01-07,0.6233938985953107,-0.10048896823920238,0.6143301466502932,0.2759953822681892,0.08810801071892843
2002-01-08,0.5651943485189292,0.0486289181620396,0.5310866730709957,0.5662433587143325,0.08819426313632565
2002-01-09,0.6635085235328629,0.13637149733705103,0.5956163937338931,0.3560570902192414,0.08396712501098633
2002-01-10,0.6641998003542109,-0.09747182035169756,0.5507115457834787,0.46613398404505013,0.03890103103598039
2002-01-11,0.6475490220166558,-0.2003778276711038,0.5616651435351597,0.25331328348159554,0.0254726005486709
2002-01-14,0.6234442452357597,-0.2956961016012691,0.5568638567058223,0.3465824585518448,0.0464511139593541
2002-01-15,0.5719428277926998,-0.1345128063843331,0.48556325966101477,0.22182632580619063,0.03420211371534846
2002-01-16,0.6427616548349451,0.022202595423370275,0.6063134664146156,0.5834653493261321,0.05544503316442875
2002-01-17,0.5913298863897517,0.351660106241241,0.4687922956073088,0.44457673134541115,0.07467728922010866
2002-01-18,0.6269455896095485,-0.05654461021820561,0.5739927575184737,0.6103017728979219,0.008128056086315439
2002-01-22,0.6576445073556169,-0.08130590490001516,0.5604400568908032,0.38839459930076886,0.04755586094382317
2002-01-23,0.582623104365612,-0.16884461401822065,0.5907611991843902,0.30742213674133595,0.014515775349697002
2002-01-24,0.5832898492881883,0.019831844132798995,0.6223195179658931,0.26414507210980764,0.06413145764196881
2002-01-25,0.6598391060599087,0.26725419559993047,0.5502509548628731,0.39940552935990814,0.0037663885776218157
2002-01-28,0.628968606374827,-0.15392508427016424,0.4978444586746862,0.3117864638118097,0.07086225009935888
2002-01-29,0.5592252171349144,0.15002719669097392,0.487568391479744,0.3668407636155971,0.03485361412140441
2002-01-30,0.6529142342302747,-0.26894298269506306,0.6087216473320196,0.3553668630570931,0.025412950064626894
2002-01-31,0.6654176543163026,-0.2090436024746191,0.6174980911360776,0.3920383236433514,0.03756478785354287
2002-02-01,0.6460528416534717,0.12016799755588368,0.6723298673426124,0.4814784868527924,0.0037580929716399037
2002-02-04,0.589798339602355,0.31631883572763764,0.6247120708294986,0.29365228557934214,0.0437056257642435
2002-02-05,0.566716266526548,-0.0241976726759726,0.5761870397967619,0.3705595322753401,0.03981831172924312
2002-02-06,0.6028660437869791,-0.03796319639472728,0.5755024661746737,0.3878270859418648,0.07314053225773227
2002-02-07,0.7288360199254958,0.004654763894027683,0.5425334887426839,0.3673190534686073,0.06964385587558543
2002-02-08,0.5220701654652645,-0.07221875478166248,0.5950045094667668,0.35546914057501694,0.04854241257708987
2002-02-11,0.6115501940364544,0.016604360941610562,0.5701248576990293,0.3733441478359677,0.01734396856344609
2002-02-12,0.7078010401299786,0.36838375730954187,0.5009013849541052,0.3450002255600628,0.06853302935425315
2002-02-13,0.7635229994662973,-0.13387239855039854,0.5152202482671997,0.5647716901798953,0.03146988878545073
2002-02-14,0.6687315175307775,0.19812355959919442,0.5719661683508247,0.5169947793004606,0.0671035311262576
2002-02-15,0.5653148287196866,0.23906460514127087,0.5210153173944124,0.34526861917437196,0.08608747367079139
2002-02-19,0.6812246050906201,0.03908654345063747,0.5672184358257025,0.4971279392788293,0.021810420192245186
2002-02-20,0.6160169689898425,0.03933525592486679,0.511524285890017,0.4085325994215183,0.07948904093172225
2002-02-21,0.7445396775719832,0.10082275171832591,0.4556458404113212,0.48248711895053964,0.040722261598699065
2002-02-22,0.5999037000271334,0.08446802772772713,0.6234595572219623,0.30204144986951026,0.015320714010712434
2002-02-25,0.6608688235621596,-0.08841806871345005,0.7290074842774353,0.5626041158963832,0.08643950102216029
2002-02-26,0.6792266092204108,-0.05077578033097546,0.5163609694748246,0.35953216606010713,0.07094245238954076
2002-02-27,0.62490046229411,0.010688936775874368,0.5550535585393778,0.3117282492242026,0.06583982490920585
2002-02-28,0.5319823716469807,-0.3083196025805809,0.5417587776557461,0.30291858520592396,0.043542692086708995
2002-03-01,0.5985023306656162,-0.0715539885882565,0.5529578906068401,0.30591314619902504,0.03443300978923758
2002-03-04,0.6045313336109754,-0.10938197957434977,0.6333206095969175,0.29035716445230697,0.01881312648169017
2002-03-05,0.5313693335875818,-0.043446614922011996,0.546808835273483,0.2832594431489213,0.08801632330725895
2002-03-06,0.6025918168663017,-0.17840988914299538,0.5960375280585049,0.4389851609454337,0.08150456925146406
2002-03-07,0.5849205977786001,0.03674733009761679,0.6338846046541754,0.49773271896748295,0.07070395136178022
2002-03-08,0.6245447328718746,0.36801133407820247,0.6134427933198082,0.42979403699369706,0.05211813347243144
2002-03-11,0.5813314363445998,0.21712620624955556,0.5894418752083285,0.549318440122724,0.022681032486201316
2002-03-12,0.577245831094037,0.09399599501771341,0.6419037528621899,0.4341802446467648,0.07239481363000132
2002-03-13,0.6540936758424893,-0.10820953113194796,0.5167566314230082,0.43110229266543343,0.03540172349290852
2002-03-14,0.6433458330872002,-0.3358690154015501,0.5885157919399456,0.4361541391204678,0.04749559118052008
2002-03-15,0.5670112153646261,-0.14525906928293664,0.5623717961990797,0.45301155971710505,0.00039994364291153774
2002-03-18,0.599728490397276,0.01814438986009074,0.5719434496176619,0.6509222857090355,0.007427547913662125
2002-03-19,0.5777262848617888,-0.037323809180690774,0.5474184210599249,0.34384258072012674,0.015611657896633213
2002-03-20,0.6838109032103079,-0.18831339998579213,0.66467027363309,0.2744708597411927,0.07479123944179364
2002-03-21,0.6296651572218721,-0.07014072747797394,0.6259417567266181,0.4236223829409768,0.08420913302610253
2002-03-22,0.7074500821331919,-0.022665871927420287,0.5701734330441776,0.47595244396298997,0.024210319735678266
2002-03-25,0.6474100324687924,0.13980358642323495,0.5720396852056988,0.278921052224574,0.03633950126232294
2002-03-26,0.6784334672413407,0.1671657935234857,0.6406912652540583,0.38168079776420055,0.033176193441950996
2002-03-27,0.574394238755243,-0.1584784575442992,0.5879715518362352,0.4925637321851911,0.01500369752006432
2002-03-28,0.6764879331550449,0.15424662642433118,0.6108979997475789,0.37208860459792886,0.0077541228665992225
2002-04-01,0.690018511309196,0.15832966951777513,0.6477346769509248,0.3095855259177671,0.021862960005101763
2002-04-02,0.5924512067405071,0.024599296387464793,0.6112878314912138,0.4170484668215436,0.09701008242406749
2002-04-03,0.6325684417103921,-0.23409469724499293,0.6743619905131347,0.47775915747319947,0.03417096905789994
2002-04-04,0.6935058146221235,-0.0117618321391553,0.5984609997324404,0.44032771768022294,0.005137787209522505
2002-04-05,0.6488832168900064,0.007235985611302061,0.7456508623759964,0.2917894758466185,0.091620517757046
2002-04-08,0.5955689378596765,0.13422499152955245,0.6541825283280602,0.16805459517617508,0.015211374019450564
2002-04-09,0.5831714086405444,0.3824645654796423,0.5699060244432088,0.17129632285518698,0.0779113318951879
2002-04-10,0.608334270141645,0.1812981417964491,0.5376511346710253,0.4396699473480806,0.005620354322623211
2002-04-11,0.5421559992997869,0.10486302908019923,0.6084093967293798,0.5480283740381404,0.03813090400416507
2002-04-12,0.581581362391691,-0.0901715364125816,0.5665198776802227,0.3240730272742932,0.08791549693606289
2002-04-15,0.6687217299587145,-0.06418526966294667,0.7144749315572784,0.3662197013506142,0.05279187196030787
2002-04-16,0.6613703601079314,0.018235636802113087,0.6443917391669386,0.47602202217784506,0.02049653732242085
2002-04-17,0.739251709524489,0.4058698245953313,0.6078670224325646,0.3234072083651483,0.01130815464970969
2002-04-18,0.6023115658084185,0.1378484665987435,0.5879594474481725,0.4182865891165777,0.07798521115101559
2002-04-19,0.6547446904607052,0.005126770688684187,0.5574579184651199,0.12419061267725884,0.09278237673722418
2002-04-22,0.6299905479596695,-0.22393509607378684,0.5324087885392844,0.4795828573260511,0.054849617905245895
2002-04-23,0.6273907739134275,-0.07394067324599389,0.46039494254990754,0.3748398581050959,0.09887177074145154
2002-04-24,0.7228489753890591,0.024675673848576666,0.6595564099305006,0.20648686927696894,0.04726007445402787
2002-04-25,0.6628295640252359,0.01873906169463264,0.5647941956532045,0.4849112652734332,0.07019121396087397
2002-04-26,0.5970552464165746,-0.057941765552376914,0.6071683456642599,0.36222663504497266,0.05398277181047696
2002-04-29,0.5655901581099391,0.028243578114794596,0.5796085021525682,0.28717875888805083,0.07481290936670142
2002-04-30,0.616066665132337,-0.10331521514593725,0.6187392373942682,0.3496723773594198,0.002119398443477505
2002-05-01,0.5797468943055974,0.1296749583906739,0.6573643324525257,0.4786479946165083,0.051213917816253944
2002-05-02,0.5089496655341883,-0.15958134284581035,0.6235302193010904,0.3601237297025113,0.0541536040788893
2002-05-03,0.5952782911128977,0.06638699586014941,0.6718572851018649,0.5581398445436897,0.08806469337851838
2002-05-06,0.6969798395347032,0.33912547685007755,0.5583009887363625,0.5005198691485709,0.00222526766012312
2002-05-07,0.6062887071598262,0.37468823372693366,0.6368698376610387,0.2473448617352071,0.038356203359086516
2002-05-08,0.697745543777076,-0.3059070604474179,0.6563408114179731,0.2900184168615222,0.09983887454953001
2002-05-09,0.6110792500336365,0.4058022645173586,0.5739853928321413,0.31108972516885613,0.019454154386872605
2002-05-10,0.6274251633820277,0.31310849537495333,0.5843537443353388,0.34717558487959144,0.0941588089147717
2002-05-13,0.5350073651081089,-0.22882326503173187,0.5922932234060265,0.3301776563697852,0.07715522913644901
2002-05-14,0.5613130122852066,0.34465814869262323,0.5604903116483527,0.4248608387560991,0.08668711100979393
2002-05-15,0.5934547803966519,-0.05551756611935933,0.6466427485718134,0.4687404097121001,0.05555363901570625
2002-05-16,0.6215337571153583,-0.1478704158716366,0.6346917060888353,0.27649275755731273,0.02226128057233926
2002-05-17,0.6273544890278057,-0.07890918384665997,0.486207455812271,0.45195957070491616,0.09885975199026788
2002-05-20,0.5766933241781501,-0.312714614642139,0.6002435609662143,0.2308129029665963,0.001048758582695375
2002-05-21,0.7097206809383921,0.18519385336825311,0.5752033960181897,0.4464213487117732,0.04770795600158955
2002-05-22,0.6068862749307252,0.1232203872875473,0.5429070877669514,0.4990247858610333,0.05395786450042456
2002-05-23,0.6095504058683092,-0.670048705774126,0.6071085071825294,0.596661683983758,0.007468536821095929
2002-05-24,0.7090708127259309,-0.06814627650172876,0.581811253718883,0.5919162911430291,0.039252549352986325
2002-05-28,0.5701410548051777,-0.13694725419482257,0.5900095150256736,0.4197634222828637,0.08071666161305006
2002-05-29,0.6688430154004864,0.07387744778588051,0.5710065358541391,0.40717454541609677,0.09501772629803537
2002-05-30,0.5321898950138413,0.03712716498119458,0.6140225137661206,0.42023775405394315,0.007279165530568033
2002-05-31,0.6105528192966174,-0.16415974304357983,0.535952168231934,0.3347409184963742,0.08617651169487142
2002-06-03,0.6877814631799658,0.15228295449536583,0.6014001699860843,0.3371331546625347,0.08469155257073276
2002-06-04,0.7050073413467377,0.06578076304113617,0.6495145335094072,0.4319005377476987,0.02524482968160371
2002-06-05,0.5896657039856253,0.14073032683977485,0.5401193366527268,0.4907602426732157,0.011654334666501532
2002-06-06,0.6120985653748142,0.28017679863388034,0.5514515610301336,0.3697111825197785,0.06810049857512097
2002-06-07,0.5668584119185035,-0.10091882184870545,0.6026125023693167,0.3645802150120205,0.012272332764110272
2002-06-10,0.6904657316519041,0.34042719088971307,0.639221958052866,0.5710038180650647,0.09306110806608894
2002-06-11,0.6672583659330115,-0.302360199854903,0.5476155174654715,0.36309447449624616,0.0742713517174695
2002-06-12,0.6109575831307164,0.05302901633958926,0.5586822531068805,0.42907055671451394,0.08863482555391745
2002-06-13,0.6263339660915064,-0.16803159295666384,0.6733961194734277,0.3111758434804735,0.03713262241665138
2002-06-14,0.5464252611702827,0.009622132304038362,0.5962974964672805,0.6459863878807106,0.09310490826343036
2002-06-17,0.5280812241902003,-0.07480025643849425,0.5463425948031861,0.37453594087423425,0.013469302327407473
2002-06-18,0.5916135162474495,0.05574894535248825,0.59287138742071,0.32575074221974043,0.04780068963316934
2002-06-19,0.5658336134225799,0.20827855114673788,0.5274124232269042,0.4214677590314905,0.024221416061996428
2002-06-20,0.5629229776628286,-0.20941989417626608,0.5362563483267913,0.42035502945537695,0.054117488568598875
2002-06-21,0.6345905465293272,0.02926032124006477,0.571564690168515,0.48376464543136455,0.09437771410164525
2002-06-24,0.6528856343603932,-0.3217213153551189,0.610574145037804,0.5191995092352494,0.059867004736342745
2002-06-25,0.6105782743037168,-0.1481764718345036,0.57941687363386,0.36450584204448616,0.010454668792696431
2002-06-26,0.6401042359073331,0.159817122140762,0.5426833357988535,0.3043111008034671,0.04779128273989833
2002-06-27,0.6473059225305584,-0.10566561307709217,0.5592716517575387,0.28154135916791084,0.0853164477532328
2002-06-28,0.7198387999228999,0.014151624736255714,0.6551428607351457,0.48853350712079224,0.010351530073836946
2002-07-01,0.5174027676557121,-0.2749867503388742,0.5375550110419962,0.27195249477808386,0.03248053771948511
2002-07-02,0.5597453704160249,0.05445696458684576,0.6342530327988202,0.23824983578229242,0.07806366277167154
2002-07-03,0.5966780119555716,-0.13016189034695022,0.566838263313992,0.35172700674068436,0.06560949723906019
2002-07-05,0.5625998805147074,-0.26203831415095846,0.515279467767607,0.3557187726813561,0.09974582273590624
2002-07-08,0.6567721450419302,0.21794721645504472,0.5843477035102628,0.4550120564709906,0.06620975696554403
2002-07-09,0.5932648867417232,-0.22799277609637977,0.5672120700389002,0.49366534446974003,0.053660343839425834
2002-07-10,0.5929419717733043,0.06074198841122583,0.5285325265502148,0.11180254501642889,0.06010766253677812
2002-07-11,0.6655279496919507,-0.40669076170231766,0.5863265858785688,0.4497158191501786,0.06591736136094098
2002-07-12,0.6003557352210223,-0.1825615417674985,0.5418945177875492,0.25273203007351047,0.04442569188058815
2002-07-15,0.5713578544121883,0.13802462148975433,0.6103991440560489,0.3203486872624731,0.016377977980664905
2002-07-16,0.7445808821638804,0.16641445290706658,0.5342583816681921,0.4552426302053885,0.042828852523904615
2002-07-17,0.6346783680867053,0.26428594726895893,0.5142803625295387,0.471329079291447,0.013018584560919689
2002-07-18,0.532306193024714,0.30040913433517563,0.5779595712896562,0.3895580540501999,0.06762932927383943
2002-07-19,0.6031244811126796,-0.26041562620771486,0.5215617765922409,0.5042342092091078,0.053706769640962986
2002-07-22,0.6517814281039441,-0.10517282786703448,0.5026403777685128,0.40750332852856097,0.002580969982030146
2002-07-23,0.6889717126728581,-0.01991742293542173,0.5314081814706528,0.4338614204018242,0.055319350199991006
2002-07-24,0.6159912344881013,-0.05165932689630827,0.5456779004762089,0.3620088843297122,0.02290071574111754
2002-07-25,0.6056634712925169,0.13185611241571313,0.633272140306558,0.5159188162424502,0.0257661475935132
2002-07-26,0.6340439143896279,-0.1021263617175363,0.5694440431073579,0.26563778864498744,0.08086848563361405
2002-07-29,0.6101707251863963,0.01934647579745251,0.5179170643256553,0.5368941991784933,0.0928754477438484
2002-07-30,0.5815256497933696,0.1654815903956495,0.46209463998120237,0.39619336023145857,0.05091493451682716
2002-07-31,0.5683234071557705,-0.1338784726171531,0.43400968841448856,0.3434133492663662,0.09310697611161846
2002-08-01,0.7123594338939606,0.1023535561355994,0.508784408499364,0.3694980167069394,0.023880579291667814
2002-08-02,0.5431432527106184,-0.04471209160589648,0.4448358363453407,0.3588505729757662,0.06426726800927242
2002-08-05,0.6263513391246854,-0.3042646067543706,0.5472052923675167,0.4041909528424647,0.04575451748444376
2002-08-06,0.5590984497983441,-0.06959961231731542,0.5092783234856936,0.4091868255491127,0.014229586940457319
2002-08-07,0.5937884480517808,0.043679452645666694,0.5737486713554392,0.3952934182298033,0.04925545087316768
2002-08-08,0.5985814520846081,0.16264649319563573,0.5113647667338727,0.34568275680545907,0.08325301677521714
2002-08-09,0.5598939035872406,0.06332957792629239,0.4569958546611192,0.21980310425544716,0.0668876155330926
2002-08-12,0.6301206241408914,0.1361815341738056,0.4582217343834762,0.2718824255177382,0.023571332569693015
2002-08-13,0.5823166776977833,0.08822251430208194,0.5878818969290368,0.4061707602851577,0.07401870200132409
2002-08-14,0.5710812771127564,-0.020648175220552165,0.5506789492622569,0.4556043046020841,0.00927991456399807
2002-08-15,0.5964668055412652,-0.03430794298220201,0.5147162754429981,0.35312052404371314,0.042505989116682234
2002-08-16,0.652037784386423,0.23940754225162061,0.5588095755684254,0.42151802272248273,0.06028938962475098
2002-08-19,0.6497478812956667,-0.23282576865531107,0.4881383686600362,0.30651302628241056,0.046559770787363675
2002-08-20,0.5483448545256324,0.1287168727613629,0.5293543387562115,0.36100783075234516,0.07737900105693732
2002-08-21,0.6750517207564195,0.08218572580896642,0.48844497373276025,0.43726127624417493,0.017998677110223328
2002-08-22,0.5364224303584826,-0.011257144261052347,0.4689783142505222,0.38145715618854403,0.07870633507823602
2002-08-23,0.652859481054326,0.04155401535455343,0.5934426905267095,0.27147603151160643,0.023368755404571395
2002-08-26,0.7335180870303483,0.3332058368456654,0.5130425229964805,0.24372560029259563,0.048337855873963664
2002-08-27,0.6344161858654137,-0.002845313860334918,0.5318624882936849,0.33721505469268026,0.06889211035458156
2002-08-28,0.60062853786113,-0.14865130260203438,0.550867685890824,0.19658384538172854,0.02534112572473989
2002-08-29,0.6675426510032106,0.24712508373002892,0.5470710800810432,0.6317885346764778,0.04261668444457452
2002-08-30,0.6399694201455703,0.38659180506541085,0.4728462778441735,0.6185324257497083,0.07860369586041638
2002-09-03,0.5950187404163199,0.08417988897429318,0.43693738242600305,0.4503405043109186,0.06614432888585323
2002-09-04,0.69201234374796,-0.05904162902963492,0.5355096696769662,0.26651426843511083,0.08106435941322833
2002-09-05,0.6550234007978366,0.07817155601142034,0.4682339263255036,0.42798953783310184,0.09681090171272855
2002-09-06,0.6131807127688218,0.27558355207190854,0.521310067480411,0.43269308281783175,0.07176518745497674
2002-09-09,0.5861173250502433,-0.03456753423167534,0.479791085011254,0.2785067060159252,0.06589263377269264
2002-09-10,0.662666641486852,0.08150715426400659,0.5776142277958696,0.20277739946453155,0.03978488085105976
2002-09-11,0.5915827673797173,-0.07712046919401169,0.5009918500575806,0.5354750351584107,0.09500677270095961
2002-09-12,0.6255010502367503,-0.010646703422995642,0.49805319149553856,0.37481297927150803,0.025244797857847712
2002-09-13,0.6446945103220418,-0.10757507313409219,0.5309690793379465,0.41397324355055715,0.05007384154833793
2002-09-16,0.5760860964269645,0.0700773032309956,0.44445311020696177,0.5440639324852652,0.09344745554112488
2002-09-17,0.607209583132275,0.3557730344785054,0.4995086062386086,0.38704226663623353,0.03817051745293968
2002-09-18,0.6550643065951142,0.0761427727864315,0.41116248274315403,0.5380735848651863,0.01218470641464825
2002-09-19,0.6322099961207533,-0.26715073896473285,0.45291008560412294,0.35812298035424184,0.08102556818695147
2002-09-20,0.6638440059944798,-0.052828336543157155,0.4554267782686006,0.4665719485461814,0.08183614314100988
2002-09-23,0.6085535369691963,0.11225174723218825,0.546450667742908,0.36774271674126224,0.08848445012525198
2002-09-24,0.5624982002139703,-0.051256528487800934,0.49244975515818806,0.38411001824276303,0.07538158187461041
2002-09-25,0.6789557617003386,-0.33648641991936523,0.555293368983679,0.5277289481922622,0.06494481784079023
2002-09-26,0.49899924684918656,-0.12304138340414493,0.48307173214257154,0.47904741010136825,0.06495688171327581
2002-09-27,0.6446231746073224,-0.17401822913223025,0.45755568098441346,0.29313837415032334,0.02431248324948645
2002-09-30,0.7032639285515033,0.18489581649197176,0.516986032057701,0.6442656071280309,0.04673082776081745
2002-10-01,0.656826718734821,0.12514944778703652,0.5040102187856524,0.39967962976223403,0.034372795069120214
2002-10-02,0.604400325115774,0.12691375223658136,0.41406142155046666,0.36380290255094755,0.06526488251665269
2002-10-03,0.6334156839786405,-0.21036732220573812,0.48854183663303263,0.4568245708859298,0.020033940370488945
2002-10-04,0.5472755924339939,-0.14938552189782134,0.39390062075792076,0.49706678869322823,0.04940288596477682
2002-10-07,0.5652476233606224,-0.054766913893906644,0.4806011362458742,0.5919590181118057,0.08458340133681341
2002-10-08,0.6394880886197007,0.19213564954940243,0.48668355459967827,0.3350640636401225,0.06363741906500014
2002-10-09,0.6020649568227996,-0.012582563557567024,0.5466482886601527,0.2577793186217347,0.012957401357882559
2002-10-10,0.6279156557817398,0.248052995596719,0.41076031808192914,0.5591054805692757,0.08809154611448039
2002-10-11,0.63210266070901,0.007097170094128533,0.5942854611781874,0.47782838078974826,0.07011998587309598
2002-10-14,0.6326615520917315,-0.056262323190183365,0.3788792856144195,0.3743200396288943,0.0807163900731207
2002-10-15,0.5223761346778196,0.3904685708468374,0.4814135405318103,0.5311656123007087,0.014020991032752074
2002-10-16,0.6286465617195571,0.07046509832070828,0.5058808946387492,0.23796353370829135,0.019497195716926374
2002-10-17,0.5969006572848385,-0.05548094096077403,0.6104182797850017,0.3799357149768147,0.08386136024867585
2002-10-18,0.5855101613117933,-0.04661397082671928,0.5304070901476576,0.2773608442376089,0.0278443713710427
2002-10-21,0.647153817134648,0.014999464350512987,0.5649721428373469,0.3824504701819193,0.008334913634829511
2002-10-22,0.5749694846403268,-0.009539603757716692,0.4795165216797385,0.4511085361177803,0.0543493202633539
2002-10-23,0.7162854175662403,0.1492153523354043,0.565742097502556,0.3676689968752824,0.006240635783438753
2002-10-24,0.6208316878341977,0.01708478760944104,0.4513866730173451,0.4547969956272999,0.05229306829319094
2002-10-25,0.6091178833614835,-0.1754559022887284,0.5159581484247284,0.33098884543062285,0.07120891273164569
2002-10-28,0.5738492670206976,0.08740811895614753,0.5430840072200105,0.17475097584419516,0.04152362406945901
2002-10-29,0.671616744316094,0.15025092847013197,0.39985161052660817,0.3571589260557435,0.028043240343851597
2002-10-30,0.5349312219247117,-0.07558443558760874,0.585796807379947,0.27350451124079955,0.003573224654940821
2002-10-31,0.6451027636447797,0.08755692071965951,0.49231484509745144,0.5231877796939528,0.05937243480158327
2002-11-01,0.5016856765669551,0.19460171809461405,0.4614640224430753,0.3276213096492513,0.039718750791215354
2002-11-04,0.5840299367739749,0.08369460794927329,0.4234107830080107,0.45485028694122254,0.04026770349776701
2002-11-05,0.7420641389911312,-0.24258967865111603,0.5129925133693627,0.4443981793410342,0.049772278571464726
2002-11-06,0.6493472313472808,0.08930571239022667,0.5476903775788282,0.34885329546683236,0.08135218815094315
2002-11-07,0.6706079926236034,0.21723991450884172,0.5448909663748424,0.26457389681994037,0.02225268404753962
2002-11-08,0.5834733872529075,0.06700180535078692,0.48794778713542863,0.40485871238545024,0.069872117539772
2002-11-11,0.5875009343555069,0.01671947129013384,0.4966546551460123,0.5450767568421341,0.0807163184354943
2002-11-12,0.5245685453829758,0.2824839525266693,0.52105667375528,0.46045703308796687,0.04347294127216204
2002-11-13,0.5939243276300767,-0.09445098302983125,0.4400543189601427,0.40859343105583806,0.009219160236482272
2002-11-14,0.6167082201251107,-0.010116658348529558,0.5578370381703952,0.22494128214233056,0.0042528741505740595
2002-11-15,0.6417767373093471,-0.17008993773805275,0.5880233561759288,0.3312311390224669,0.08181824297678184
2002-11-18,0.6598650089370827,0.09549634441220711,0.5357429703421421,0.28761049962038576,0.039171754142984974
2002-11-19,0.6757188540913938,-0.18788260007125543,0.5089058325287072,0.46597054305595453,0.08690420612479965
2002-11-20,0.7050438640788412,-0.4674826803270545,0.4527470973168261,0.38432821631661884,0.06563294769516874
2002-11-21,0.6675483005389159,-0.011565751845013773,0.5556732575136617,0.41162141277820175,0.0019773031941930142
2002-11-22,0.6624201014937009,-0.26348261758326946,0.5683146566860059,0.7009610992326651,0.013553504236818927
2002-11-25,0.6939101165030757,0.010449942131569563,0.5642005238171486,0.3166804488761552,0.025708622674191474
2002-11-26,0.6296015226753573,0.14936051355322996,0.45554445390458775,0.3229191793456933,0.001220645392134412
2002-11-27,0.696491016075903,-0.24849102757939248,0.45535388264199506,0.45768651756014983,0.08192101852795346
2002-11-29,0.6331652687502505,0.1780171405559199,0.5032937563775313,0.3112418887667462,0.08251109391582995
2002-12-02,0.5949531166783062,-0.16058554997264615,0.5838364768518531,0.5353320716173533,0.0012143544809974595
2002-12-03,0.6061954871057378,-0.01467893714600194,0.5019014127795547,0.44210734907927196,0.035784724934999436
2002-12-04,0.6022374633341206,0.42225132053071657,0.5408633699336363,0.2745839094879251,0.00949799134470576
2002-12-05,0.6192958688388149,0.06358333829440803,0.6440219843521979,0.3804759736200463,0.08162740223499061
2002-12-06,0.6570827246416998,0.33542584787210156,0.5242638414173485,0.3518986026663489,0.038059747020905844
2002-12-09,0.6507689654634228,0.23362978878763824,0.5752325717056703,0.5760884125161697,0.04969048767840324
2002-12-10,0.6827028595119837,0.0321559029861769,0.5642071564142587,0.4085202603935772,0.058583440045580415
2002-12-11,0.6275609615698726,-0.09721897885118472,0.5913686801843602,0.33147603192158104,0.0820696899894294
2002-12-12,0.5419327620507651,-0.03512337957412207,0.5458673740233362,0.2832181096855625,0.040307015429871675
2002-12-13,0.6894135962515596,0.20648380856343637,0.48944731769396843,0.5000290201910765,0.08812592368282957
2002-12-16,0.6533757494108885,-0.33997043425767237,0.5417462231650686,0.3190455202544838,0.06359815801991865
2002-12-17,0.6389814980986667,-0.21059360697911883,0.5519846041499445,0.46866985348073303,0.07905664629333352
2002-12-18,0.5835392769655412,-0.13551369904274388,0.6382684608606727,0.2112031054529929,0.07665000897230759
2002-12-19,0.6473387079037254,0.0535576967386206,0.5192090928801703,0.3065350782450979,0.06978023885474559
2002-12-20,0.611224389394743,0.1779645151146505,0.5537401220506507,0.4587089979515987,0.07380640661558176
2002-12-23,0.6685640638226609,0.07464816454728244,0.4282667237532297,0.41478203634048283,0.008408676847180552
2002-12-24,0.6631385708786879,0.020330300111416254,0.5459958495197362,0.503564953868029,0.0677518366629035
2002-12-26,0.5576565223936594,0.247331989491103,0.5947874260788739,0.33740795501713083,0.006933119880262784
2002-12-27,0.6787782197760576,-0.3927572967052474,0.5824746796375744,0.48222618945876944,0.0319073253013901
2002-12-30,0.5588266498331863,-0.04201244619418629,0.6310235455908975,0.42004943596236877,0.053418212488689845
2002-12-31,0.638910831378583,0.038821463765695674,0.5688260787133239,0.238446265611488,0.0695019074939969
2003-01-02,0.6810615410831145,0.0404434421793551,0.5326595069544469,0.3970896503025661,0.07862585796427217
2003-01-03,0.6134199640852398,0.04233124170777944,0.46649501429114903,0.44899265359967455,0.06282009970507423
2003-01-06,0.6547791873614037,0.21629948309889757,0.5241330295003718,0.3557814009937489,0.048739716670936364
2003-01-07,0.7403859572405092,0.24137221248387042,0.6004159249467174,0.6657831274982019,0.09987278456207073
2003-01-08,0.6318876560778077,0.4393111130663897,0.5263799994298641,0.2752583120691195,0.07541421731916038
2003-01-09,0.6382603118236946,-0.11155598364347297,0.6109356607609036,0.3939823942243617,0.09520529853163788
2003-01-10,0.6423012362494528,0.049001067640518606,0.5919878473648689,0.40878131655966804,0.04513315334545152
2003-01-13,0.670625953088114,0.08754623067010411,0.5475108785799309,0.40054519982144343,0.03081486626489266
2003-01-14,0.6829284345232116,0.09987953129855895,0.562280895075045,0.5134963363997702,0.0738667718601433
2003-01-15,0.6640440656318405,0.27920757042567423,0.6759620873618413,0.20178142686837136,0.08634315685814913
2003-01-16,0.7010425488853781,-0.07051757492147293,0.6377781276726979,0.2490761741169662,0.025075372797193265
2003-01-17,0.6405085050281799,0.043014331821657315,0.6517480820557969,0.40598460891249805,0.03398847679718458
2003-01-21,0.6534118816891902,0.18891436746818036,0.5899896289322645,0.616470381120497,0.06930524179058788
2003-01-22,0.5175838978689524,-0.006534819675595951,0.5036358056236628,0.5408888019631358,0.05245322947714302
2003-01-23,0.5712331231043697,-0.09967014516486983,0.5372335048453937,0.4125446651175376,0.05391809665900047
2003-01-24,0.632220648603463,0.18877525358988595,0.5529829158783842,0.3838804795224277,0.014353072452681349
2003-01-27,0.6442987903906724,-0.05266914079068157,0.7185283233440986,0.535362795564474,0.011503223349543446
2003-01-28,0.6772427633543396,-0.1218825851684495,0.5827134686748954,0.27321259450639623,0.08724524828760193
2003-01-29,0.6920250371744452,-0.413973964891143,0.6099371890857384,0.3772086403976064,0.07851932390364713
2003-01-30,0.6676425818578714,-0.2420716354121483,0.5702165080235625,0.517971873767557,0.04736652540201604
2003-01-31,0.6795852415766414,0.09572632584483524,0.4971463204089229,0.3672958434431382,0.006755142226665101
2003-02-03,0.6860598276506974,0.05855974084668783,0.5971713526353744,0.46666295788850254,0.08579303945554193
2003-02-04,0.6933446805624199,0.04895562906649991,0.5701538505295136,0.4267984471381549,0.03355542212889567
2003-02-05,0.6257897012851676,-0.1305201892354856,0.5198834153580063,0.5373832193352168,0.0767999429240256
2003-02-06,0.7024769690395479,-0.1512334482564348,0.5243112829861287,0.35358187648318684,0.02170487443216257
2003-02-07,0.7281356116537432,-0.06683706653829968,0.6360769499549515,0.3602088213660585,0.07445529300744685
2003-02-10,0.5317380733840723,-0.3138152059568442,0.5797121129394588,0.24254194746288943,0.021902694395424416
2003-02-11,0.48186479667038185,0.11313625674646169,0.5834879770308333,0.3722171188174813,0.09575535861713047
2003-02-12,0.6422900714221582,-0.12531184222107747,0.6100973150402045,0.4731901442109169,0.0245090307608407
2003-02-13,0.7066410592345882,0.02638546343982975,0.5379029831981265,0.314100151498344,0.028117459454266802
2003-02-14,0.5879532834037934,-0.03129196691837213,0.5929955884651819,0.5093829676420418,0.04676469360537138
2003-02-18,0.6654724557723473,-0.08257099137026064,0.5892259763930163,0.3524160535353237,0.0677558472895222
2003-02-19,0.6229636675995588,-0.05292705332071736,0.5475989754292374,0.42704201225266786,0.024241949091955175
2003-02-20,0.565925397744491,-0.2966459496688385,0.5037457287432845,0.6733219677590128,0.018346589131160086
2003-02-21,0.6045094982654909,0.14737079332137767,0.6322824458162962,0.4034504062841986,0.03366452746222539
2003-02-24,0.6217096339652475,-0.6787016487324543,0.6580420790524073,0.4914430325237783,0.049839547790664254
2003-02-25,0.6834538438108264,0.017980073405442134,0.5801040906009656,0.6488549514841635,0.08154447970936138
2003-02-26,0.6228247446976356,-0.09139646959315002,0.7012145115858146,0.3914148573115327,0.011744033337554128
2003-02-27,0.6247094444320651,0.12628456508227856,0.5427703038206031,0.24372987784180905,0.004138759439479245
2003-02-28,0.6827631265054062,0.32436921115312445,0.6105017993205244,0.5252106242604434,0.01652061266375735
2003-03-03,0.5833478375813846,-0.1790469375871824,0.6350101769357652,0.3861426997784259,0.0645750759954615
2003-03-04,0.5617486953998478,0.22289578801638937,0.5666156145435716,0.530964150396366,0.06066583329308406
2003-03-05,0.5776862899512853,0.2525442206766598,0.7036295640163164,0.5857490808128956,0.08315089832451145
2003-03-06,0.6340248931532027,0.06606132033129229,0.6562075788810519,0.3850665106460134,0.07976325717386802
2003-03-07,0.6234412415221945,0.24726637482528502,0.6382284608866676,0.515091606250956,0.07565293750073163
2003-03-10,0.5727263724758201,0.08240905477219597,0.5700038603037958,0.450885161838195,0.020403115924393735
2003-03-11,0.613634940677429,-0.0912430041966761,0.5551890503574555,0.38281671452974864,0.04263407646590618
2003-03-12,0.66281225037412,0.00506465185870897,0.5199193033358187,0.4368066401547987,0.08213304570263386
2003-03-13,0.623782961629712,0.006246606376801491,0.6297379587671019,0.318345809119111,0.09251250096138225
2003-03-14,0.6156415884788047,0.20990888970593444,0.6479304498493801,0.3956333064744421,0.06010597384508914
2003-03-17,0.6248627075745637,-0.034344653277993964,0.6168941913797176,0.3113780779089411,0.03189377164664976
2003-03-18,0.6108578025018065,0.19564151604423533,0.5834453883368054,0.45798712901660377,0.04452811371871375
2003-03-19,0.6429639243535117,0.05776000218332503,0.6418700036809144,0.19172965488764962,0.0999532486819094
2003-03-20,0.6815726087741428,-0.025961464135173515,0.49294370858408043,0.49546479743684085,0.079924548663515
2003-03-21,0.621984350750921,-0.1606253933860929,0.7212064061601431,0.5026277467067234,0.03654206020758072
2003-03-24,0.6088914283797094,-0.1723191438330478,0.6396566985511289,0.49033430458749916,0.09080980355671037
2003-03-25,0.5465415805200581,0.19915235643345158,0.5736809642229712,0.4340555876383034,0.006221126063583405
2003-03-26,0.5895979232212494,-0.05271076531284087,0.6233774654217509,0.3362167331694832,0.0990329735407504
2003-03-27,0.5883952005756948,0.15751319183997764,0.5033388210387979,0.3357326130578059,0.000280799551063049
2003-03-28,0.6296882419399051,0.007625053690207717,0.708551713308473,0.33344118727891403,0.021886850313592023
2003-03-31,0.6587726182379764,-0.044146263043423846,0.6493305766624091,0.3405754717569909,0.02666868925559074
2003-04-01,0.6496328424664529,-0.07219344819988519,0.5872412391674275,0.5711425816412206,0.01993967803364506
2003-04-02,0.6294273567229062,-0.030114509615694354,0.5911887583163545,0.3966588425481268,0.04672597383036066
2003-04-03,0.6868198639676871,0.08986322335608282,0.5979855207321593,0.3790604752035471,0.07730030048969337
2003-04-04,0.6394546412675455,-0.09856227357131495,0.6049604616861108,0.39440344686412465,0.010603970687092991
2003-04-07,0.7310416978078634,0.2743648672822778,0.6443810314006082,0.2662895405762398,0.08006454641307495
2003-04-08,0.6468334959805477,0.018824238604956238,0.5568842213098439,0.41993693054422737,0.043209836731109834
2003-04-09,0.5711927409626955,-0.1385583747696368,0.644182370805985,0.25390469125527493,0.03707186261098038
2003-04-10,0.622580475791193,0.09444097084079034,0.5924586855636678,0.3601308190845121,0.04491881674924852
2003-04-11,0.6586771246265423,0.03846255966989566,0.7353622285804178,0.535992897350617,0.06224580805037603
2003-04-14,0.5938386307744463,-0.004081577679554477,0.5546985088800344,0.3465262040801614,0.004163135793194117
2003-04-15,0.6211177599589963,0.05502320962795215,0.5302945828474996,0.6868429264616431,0.002129322333818562
2003-04-16,0.6577626938861444,-0.04588655099817425,0.6608095820011332,0.35011885750976657,0.04233243299117713
2003-04-17,0.6449707112020323,-0.03522452800266734,0.5880050438713894,0.4200688473935256,0.07626420816382473
2003-04-21,0.707972214762595,-0.008282346175283813,0.5703203881899764,0.37979980549885856,0.08665237844799158
2003-04-22,0.6727593073362015,0.08157828670493793,0.5623893495444917,0.3552155340408587,0.018571582537453824
2003-04-23,0.6223084206558249,0.04130631474003738,0.5678962051911459,0.33210554332196945,0.03628994321931241
2003-04-24,0.5465688375166751,-0.3149279818883505,0.6038242964151039,0.5253765894887346,0.08455870259220283
2003-04-25,0.6917022863497392,-0.41288148102997274,0.612791529545501,0.28567553767519344,0.0022907659291644734
2003-04-28,0.7259602124719109,-0.10798096347562072,0.5579826878928128,0.3282869632528443,0.09207141018466788
2003-04-29,0.7210102990008274,-0.08397708692393811,0.5838099222941315,0.3125172634491628,0.0430370433779101
2003-04-30,0.6649477864361566,-0.32102733570978137,0.55303019256537,0.4249970448116923,0.07477480577489386
2003-05-01,0.6553969664742672,-0.1801634440137645,0.5940792084632431,0.4434769899345825,0.07523934474108204
2003-05-02,0.6407013777525804,-0.0806330862504061,0.66444816475255,0.46676678623458984,0.03206612352121354
2003-05-05,0.6669005966718131,0.05526451693168713,0.6576278443960513,0.2534685198875591,0.03943361919307295
2003-05-06,0.5841739269569525,-0.19550077937522234,0.697518474970056,0.4259118334348268,0.03750147096829584
2003-05-07,0.5968750949406476,-0.04391034167429586,0.6463904025242949,0.5812986434400491,0.0007697015586227486
2003-05-08,0.6551931119499045,-0.30151757070528024,0.5639895716521097,0.3433325047739974,0.028877164720696527
2003-05-09,0.6255619773202822,0.06388516506194133,0.5568097652123853,0.40869665261581667,0.0681375637182584
2003-05-12,0.5954696467617485,0.12502983306191384,0.5019445746525368,0.3856069013617098,0.003313338552373946
2003-05-13,0.6498094242941915,0.08273285929032698,0.6167660544169971,0.606868367380939,0.09073729685679816
2003-05-14,0.6172434892693607,0.15266912508198305,0.5298831771333954,0.40178906882561805,0.05768439997089001
2003-05-15,0.5442518751587179,0.418942855246712,0.514425266542126,0.4046920438686625,0.06237972882822479
2003-05-16,0.5854670893638616,0.3590980880937116,0.6238224929697498,0.5694681450999064,0.068968086320821
2003-05-19,0.6229402585735699,0.09662767485250051,0.5679633196278177,0.4614784646748118,0.0903155635412208
2003-05-20,0.7238052075826787,0.28901798578822546,0.5518714120157178,0.385197485035582,0.004083975928145978
2003-05-21,0.646186875959744,0.5118668228887981,0.6359265863770973,0.26967017558632583,0.08376058351104079
2003-05-22,0.6282778211240105,0.09170225494080683,0.5792261750885125,0.34772830273583283,0.05534145055774767
2003-05-23,0.618221210067399,0.027656385410467978,0.6034886399435934,0.3935149538077318,0.008935997204703916
2003-05-27,0.6106925337244563,0.0016949661440610574,0.6221355116653259,0.4083839725928517,0.014096451109623154
2003-05-28,0.5933740254914391,0.04591852891635804,0.5786914041440826,0.4031977760049645,0.0021384917857498963
2003-05-29,0.7201847887624793,0.14502195977177149,0.6828101225946989,0.2749073143405927,0.045708015158454955
2003-05-30,0.6051497263846662,0.3159044007622856,0.5409308123171864,0.4424320872755673,0.009367781427818578
2003-06-02,0.5238180272092776,0.35073486881346344,0.5530117501372299,0.28726407987444935,0.012419972385421986
2003-06-03,0.6541245481345729,0.3117586709485883,0.5480147575188506,0.4424377155892226,0.05092369713627051
2003-06-04,0.6538161496254088,0.18027937790727425,0.5871672654723625,0.32904552556855177,0.05558238931262667
2003-06-05,0.5922474002682439,0.06812524151030336,0.5648791739889518,0.2847398804860112,0.09045720040251275
2003-06-06,0.5712279475092673,-0.3841150795290266,0.5996294102527567,0.4336094554299812,0.029304378815102318
2003-06-09,0.6607730952052754,-0.36489099807077946,0.5931107000425926,0.3556904480280937,0.07769351689189877
2003-06-10,0.6284764043831711,-0.47323855012383664,0.623080511929055,0.440615070891375,0.02683286299626624
2003-06-11,0.6824253236245255,0.2400658803652702,0.5433285508414549,0.5746205073844353,0.08228444032425837
2003-06-12,0.6284341357967537,0.07311678269535331,0.47391735895665826,0.40085392082081606,0.003378773395465473
2003-06-13,0.564408479592412,-0.02942522964382854,0.5792902380741851,0.2515344610253982,0.058710580072005664
2003-06-16,0.6905996136451998,-0.06881595844961025,0.6155762704880667,0.6372705530048035,0.05449054918915798
2003-06-17,0.6253845181547147,-0.4555570877411757,0.6210326948304515,0.31639755152068416,0.07361967878254039
2003-06-18,0.6338979805660312,-0.3783307583872795,0.5889533728431517,0.3742235287717098,0.06555371753103122
2003-06-19,0.5941905536785393,-0.058328479333184816,0.5649145130962152,0.21212505084865652,0.07677985561419606
2003-06-20,0.6050283331957016,0.013902132163543865,0.555445930292097,0.3905232430527827,0.02038525523013082
2003-06-23,0.6027948513543177,0.14863004239640426,0.5342138482705935,0.5175909427711495,0.08244924247732813
2003-06-24,0.6315513188204467,-0.027540706393938814,0.44930835938085945,0.37475175510077874,0.08617374475502872
2003-06-25,0.7007552204018599,-0.09832381403171211,0.6038529363911138,0.349985907632774,0.021067281603265233
2003-06-26,0.7132246327492866,-0.28027586460654025,0.5444581346878974,0.3974107834708954,0.09716088553362946
2003-06-27,0.6312899884931188,0.3220189943773779,0.5691893766558743,0.33740458447436905,0.05048314977001315
2003-06-30,0.6511228032637215,-0.06776599099302859,0.6180730163984717,0.31443802615845745,0.0830780506942959
2003-07-01,0.6466469504071991,-0.11334414418546455,0.4958646962639001,0.5864295305145137,0.093009404674788
2003-07-02,0.6223555020596352,0.17059278978142514,0.45052804511227384,0.3739607186343425,0.03188325264078845
2003-07-03,0.6745404889681447,0.015227188949064732,0.6022903534548373,0.2102924825224692,0.03418286655053332
2003-07-07,0.6211917725255494,-0.24554164788885302,0.5317675455568336,0.3691820647671496,0.06490758782487119
2003-07-08,0.699544099589187,-0.11448223586961864,0.606222403779082,0.3819068796506669,0.05403184106961704
2003-07-09,0.5830707399318092,0.05325247051175246,0.5435073197034257,0.2715669581947473,0.005410237477443125
2003-07-10,0.7501504513893597,0.24950412682639989,0.583634163229553,0.5947731489635274,0.07850172228644692
2003-07-11,0.6662282411197293,0.002699246920638755,0.5974584442003967,0.30290122049579726,0.08945412544658762
2003-07-14,0.5862098182221419,0.06901864795053765,0.48181970085417625,0.5384826655351617,0.012112116973253052
2003-07-15,0.6238304062110912,0.0401042610419168,0.5064475649301505,0.5373660397903803,0.03397180706759019
2003-07-16,0.6181950129738449,-0.11176961729930768,0.5030265467795695,0.39147294646813907,0.010903033666446005
2003-07-17,0.6578975517032164,0.19759495073116073,0.5221945521455185,0.48602498156431,0.0193989637842209
2003-07-18,0.6854995119867328,-0.1470188340282434,0.544547226179487,0.351984758774909,0.09558727887873264
2003-07-21,0.6855153211640652,-0.3017030724510407,0.5762263279493476,0.47655530294788173,0.09687253330244555
2003-07-22,0.6700908954660789,0.33464116563826507,0.6630072610713773,0.4504170104155026,0.07407418252366686
2003-07-23,0.6777474653942662,0.1706671490898519,0.44927446813401084,0.5563164506434116,0.04738373617867896
2003-07-24,0.5538313314584619,0.49965182360129223,0.4954221876651347,0.589229571617228,0.016867296566526937
2003-07-25,0.6829621610122525,-0.27527024783957005,0.5323875109232572,0.4456212035425449,0.049861306793768316
2003-07-28,0.5236065052085453,-0.1804478089277599,0.4918575241588409,0.3553246654191002,0.03604681340227415
2003-07-29,0.6575033551645342,-0.0009625144745387714,0.540543030962472,0.5169244282448588,0.09362369120840025
2003-07-30,0.6213861209713787,-0.010203798946204157,0.4988985823627223,0.33128390806328295,0.041480874511781375
2003-07-31,0.6959105542549923,0.07069208599017761,0.48481716378182943,0.40294855240680055,0.05694117955123636
2003-08-01,0.7142105469317402,0.23252122097391906,0.5359110889192881,0.41879817441691736,0.04878760499995765
2003-08-04,0.6415288351437202,0.23356931936099734,0.5462854930466691,0.44471885646423504,0.06245754149383597
2003-08-05,0.5503425569702581,0.03202165344937047,0.5260820917305,0.25964177126520926,0.04662077570105029
2003-08-06,0.5096597395779712,-0.21593156153297433,0.5565809658848802,0.2062720219661014,0.03887935773504311
2003-08-07,0.5879378245155069,0.0628513100226691,0.5900552335882094,0.31042432402635944,0.06582196539979071
2003-08-08,0.5721601217799878,-0.08824869518937736,0.4566800486532395,0.3108014840291146,0.009598573247630339
2003-08-11,0.6184621135317915,-0.08727555431306044,0.4684286046778056,0.3164911267886088,0.06632563791596019
2003-08-12,0.5971501081831694,-0.3202071421113846,0.6267248160757916,0.32732071941858776,0.07820632910468715
2003-08-13,0.586604370749249,0.2318619146599383,0.45470746797673167,0.589180013193346,0.05731803285167906
2003-08-14,0.6277195304493207,0.148813226269456,0.6026992032455564,0.41746761773877594,0.058769263771251495
2003-08-15,0.6618651451287051,0.07470926575730945,0.5677920160894182,0.45819009081937223,0.09743560411252562
2003-08-18,0.6720549295012229,0.09358608251400008,0.4331692328954436,0.5050137547047007,0.0658762194967793
2003-08-19,0.6737904120425308,-0.12196008138453199,0.5162815115352267,0.38372678737043686,0.059078241560640433
2003-08-20,0.7058936909392085,-0.1257173025723919,0.48466191641429773,0.4940940105267863,0.0952765696083348
2003-08-21,0.5741035001140867,0.10686504867499431,0.5419651286626463,0.44885639572886127,0.04963308886961703
2003-08-22,0.7208491905099585,-0.11404275155281088,0.429877232380511,0.5017129164128231,0.03147768825753029
2003-08-25,0.6167513627584414,-0.46022066059234135,0.6001529584467896,0.5886556413639108,0.02770806154128881
2003-08-26,0.5639937252915441,-0.12008282761716878,0.47735162357778804,0.2674580415322151,0.0828597147760017
2003-08-27,0.6472692181926938,-0.21550634383088751,0.4631513949600914,0.340505514600129,0.08248527806935355
2003-08-28,0.6745898048436886,0.05388147553814335,0.5039169533349309,0.5305935254767463,0.0736005888403066
2003-08-29,0.7204147631747735,-0.06619223059295432,0.4365811601531443,0.2765277487154001,0.07979806553230075
2003-09-02,0.5959209280409701,-0.21653444007138334,0.5417231640371066,0.5704591048256187,0.01020274943551165
2003-09-03,0.61509119831529,-0.02401184071313313,0.45001859604559874,0.49217316476510686,0.04121434804432966
2003-09-04,0.5842960228976444,0.10400852103419866,0.47409287532709327,0.338998584717063,0.02207830620194088
2003-09-05,0.5818863750911593,-0.14950439902558157,0.40780184745011333,0.33524148096275724,0.059621136293591004
2003-09-08,0.6086823767569243,-0.36396005957418776,0.5315567527099163,0.39510330095450374,0.014368741185692048
2003-09-09,0.5751183006172063,-0.03962122204197216,0.5113834798501382,0.33087791163418423,0.07879173527725301
2003-09-10,0.6098151031484736,-0.10221640025134318,0.3844122020666356,0.3407955830490238,0.050023624364326474
2003-09-11,0.6116202523631188,-0.05512677397053553,0.4169872258490539,0.3858815002310503,0.054309600866495146
2003-09-12,0.6577210197815883,0.1816321355938784,0.41525329224200114,0.3929973303362883,0.008514432050827336
2003-09-15,0.6615277332085825,-0.17579106649443696,0.6146259277534714,0.5557828485467767,0.0508979639264959
2003-09-16,0.6270053722717606,-0.03517039564039316,0.5271784942458847,0.3234656674515328,0.07232704240156723
2003-09-17,0.5682830094637836,0.07161799693205315,0.4557383788079095,0.547817355106846,0.09061945991851757
2003-09-18,0.5883585843046515,0.11215365180570538,0.5221085814105738,0.248725816681101,0.09737685673477581
2003-09-19,0.5899352334131895,0.0919840400335149,0.535135598794344,0.32815855888138773,0.012103628713745119
2003-09-22,0.6148000748023627,-0.03263523440740345,0.5273582783435987,0.35888583445451344,0.003099663507960071
2003-09-23,0.5776816112480658,-0.0546315361607285,0.4873979964672693,0.4464405914554021,0.0936047709736845
2003-09-24,0.6674416567156035,-0.16799538844710596,0.49788128408136123,0.3176129171489251,0.018632495652209403
2003-09-25,0.7339543885636363,0.028541445095013475,0.4750585465563295,0.47583191231623556,0.09197642697341582
2003-09-26,0.6104118242191852,0.13822155865272964,0.42637772468929425,0.6897744083263857,0.03958435540220012
2003-09-29,0.6679839892300767,-0.09582200254739641,0.49678792004627365,0.479183060723011,0.022942195321274464
2003-09-30,0.6760286602075081,0.08135930013349019,0.5096149542260836,0.37018911603615445,0.09913901330694809
2003-10-01,0.5187640696771268,0.0818062080574831,0.6396619894597442,0.37488632085278045,0.02186224432297447
2003-10-02,0.6098272840687184,0.03197466261145327,0.449924644109567,0.4512248450776726,0.048872787835835256
2003-10-03,0.5593825593589072,0.10998551560109789,0.5375700399466914,0.3027596971364234,0.016694465252843637
2003-10-06,0.553568509751277,-0.030511795345912963,0.4987433694507231,0.4080642410902355,0.09550354502773512
2003-10-07,0.5645155575434293,-0.2798850633413536,0.46178857327941303,0.47975795015060724,0.08648975630448269
2003-10-08,0.6541269661447342,-0.15449026736326532,0.6567404544945552,0.37912740562234076,0.009095539409160925
2003-10-09,0.5637244155696669,0.2510042083129436,0.5204801885107302,0.2652912509845068,0.041152545186141865
2003-10-10,0.6249600072883283,0.22412922442530558,0.48684575262895524,0.4298178972336939,0.05306683557292135
2003-10-13,0.639053825078643,-0.2837946407959015,0.4389717287505743,0.5136238297155481,0.07576689029353889
2003-10-14,0.5767998217410164,-0.2299880788023735,0.5077340931447129,0.6130874153676564,0.02503443225173957
2003-10-15,0.6445635294780103,-0.340391481116044,0.43568076157623065,0.3730585839233089,0.019205750775173027
2003-10-16,0.5141302863113419,0.12667898776796785,0.5406095897716796,0.45999038184243585,0.051543022401215256
2003-10-17,0.6406566580308254,0.1020938616694568,0.5022734996807571,0.3047155856765176,0.041273968907221514
2003-10-20,0.6634544456361229,0.0005017781510820376,0.5944444304592239,0.32193379449037995,0.07941204407473614
2003-10-21,0.6760850468176116,0.2602858418898514,0.4814133749507391,0.24181594903794665,0.011029845048253495
2003-10-22,0.5973877858299992,-0.20499098675912003,0.5522178574353545,0.44187305608773186,0.02100872520072169
2003-10-23,0.6680784059798826,0.44361373156446765,0.4265306430835465,0.3940940069566029,0.09031102014781654
2003-10-24,0.6267499463402683,-0.08728290792693649,0.5275589056842842,0.35683388896429086,0.017997090640293225
2003-10-27,0.5863769149517281,-0.1332425648892392,0.5106265079754387,0.3667026656583125,0.06020451564834165
2003-10-28,0.5712279555334656,0.43677080395948464,0.577521458882258,0.2758477711971401,0.02517180222794746
2003-10-29,0.6993540074546092,0.11708619269031945,0.50589706356881,0.4181878180507666,0.021544341816875846
2003-10-30,0.6600420820305304,0.10291132919582752,0.5867698858221035,0.3024611659016931,0.0229041758493872
2003-10-31,0.6247128435515322,0.057243033929132506,0.6146000741737039,0.354738801820648,0.016987250395133293
2003-11-03,0.6006674610773213,-0.12184620172964633,0.49130394235242564,0.4176211446817216,0.012591019104229474
2003-11-04,0.6392291077060109,0.20006611466665614,0.4888682884777965,0.4780275141450475,0.05527781714015896
2003-11-05,0.6837587223651364,0.2320383643260382,0.4787357299442213,0.5086952262616918,0.09050417723501314
2003-11-06,0.697602340798161,0.059958759430857725,0.5024974642721725,0.5902838361811138,0.07930977937502282
2003-11-07,0.5790675397359992,-0.0816874369257337,0.4923699068296072,0.24369046264955774,0.08633093811561271
2003-11-10,0.6067308724391159,0.2542502800604764,0.45351574065495515,0.4959540365178067,0.041276474447056094
2003-11-11,0.633869629325687,-0.002817687389931055,0.5966933712155942,0.558681636182834,0.06580187062690449
2003-11-12,0.7097602899494075,0.11330341363915104,0.39447496226462336,0.44459328140223286,0.041569050390139764
2003-11-13,0.5691280687801757,-0.3053240140312794,0.4650138232176372,0.4829145402048602,0.06025377190685155
2003-11-14,0.6012996156569771,0.008788963383039144,0.4980577711450998,0.4137909939355578,0.05578668474238744
2003-11-17,0.6453055069922612,-0.04260644117048792,0.466458945648159,0.17900063040816475,0.04878724405059381
2003-11-18,0.6274056104725313,-0.2888446208931681,0.5282254808184137,0.33677901066218463,0.0018008463266498632
2003-11-19,0.5934797666506028,0.08691165407946316,0.50479185629848,0.5052130913133313,0.005614461032389895
2003-11-20,0.5774471643150929,-0.16799402523550944,0.38374621280484755,0.18657791397572338,0.056434449157059086
2003-11-21,0.6978835195499725,0.29792350542142787,0.49797538791742013,0.41509772888365665,0.03001946105570821
2003-11-24,0.7054219932346399,-0.0005695543751579282,0.47596693546780067,0.24696090101161125,0.03870279243779064
2003-11-25,0.6814175814803959,-0.005787881228483175,0.6305541858228656,0.2788897966538051,0.060741481916881605
2003-11-26,0.540667722247567,-0.021964955996221162,0.5714890913930377,0.32363617017588286,0.029216316189801396
2003-11-28,0.6520850909117876,-0.2278038469794147,0.46910821681317794,0.4473087008728702,0.03117473091058668
2003-12-01,0.6439255239694941,0.01687704413988454,0.5130780075974695,0.4289185859266213,0.017945488721595983
2003-12-02,0.5930732014757767,-0.06923695393501393,0.4991842189875541,0.36245856153423195,0.09477670424607522
2003-12-03,0.6280460125829982,0.1492239156158612,0.5157778097049078,0.6282955329803106,0.04520337624250667
2003-12-04,0.6885598674062438,0.3722521372242782,0.4961404376037553,0.618949119457217,0.026447361331940367
2003-12-05,0.615196919061794,-0.3224307059816496,0.41807037341108055,0.14832022648721932,0.07316372261315239
2003-12-08,0.6825115550211132,-0.4465208561810319,0.5937342527283066,0.36844586795900375,0.03514529302144053
2003-12-09,0.6565953534214499,-0.025678039403933713,0.5103956065716377,0.5011095544418188,0.02101292501348814
2003-12-10,0.5953867779461587,0.008451267890205113,0.48149837853583216,0.559294290333564,0.09703866318839463
2003-12-11,0.7078441580300584,-0.1963469454267989,0.6732489739485181,0.3056002008622034,0.06795672388820743
2003-12-12,0.6390050428793317,-0.1722269749742037,0.5071114108187871,0.3535970086720388,0.09566164794068635
2003-12-15,0.531515361583548,-0.16034352695851117,0.5091107868863528,0.520189841427463,0.09221761826276381
2003-12-16,0.5537549019600678,-0.09201635163378008,0.48302437104395507,0.38332422635386215,0.08129089381254312
2003-12-17,0.6697208251524218,-0.05875446101238483,0.5218114050808528,0.24330788721118654,0.07690963914527746
2003-12-18,0.7587025345874601,0.13674774053898905,0.5575359535887303,0.44669041500496465,0.05563656280060602
2003-12-19,0.6304608962505253,-0.2504127054418319,0.5637192479462421,0.4554950555331052,0.027062186714238257
2003-12-22,0.6933849777619472,-0.18266907820173173,0.5644220004309826,0.322300934105957,0.044266362845359467
2003-12-23,0.7330827618802528,0.056801069341114924,0.5960823268890042,0.38326736333337996,0.0028741608551458354
2003-12-24,0.5767527088901151,-0.1584395965397061,0.4897289231355939,0.49948947939753785,0.07124769787255159
2003-12-26,0.7018810592446163,0.1740700360262295,0.5693432359805783,0.38485130931133793,0.07935857052386946
2003-12-29,0.6018414064739175,-0.3459905582642466,0.5722907420030395,0.462239951685538,0.009280836077122812
2003-12-30,0.576116811171666,-0.10904656866032399,0.5796233334451603,0.3623457993183307,0.015449949692639686
2003-12-31,0.5782074245321175,0.1619516359241256,0.5576554243530192,0.3719262175140232,0.06709540148739607
2004-01-02,0.6169324060700446,-0.2702905902533616,0.5014737283879926,0.42195719361583534,0.06433728277657716
2004-01-05,0.6915192643896936,0.21436250982895008,0.4821199745034609,0.390836497998796,0.06071225005247169
2004-01-06,0.6013107812561796,0.19473656445843399,0.48849921361405124,0.42998964963989983,0.06909135132949332
2004-01-07,0.7356149708203544,0.39071577796334206,0.5022855353671399,0.3518854496940252,0.026617459315231795
2004-01-08,0.5773070322425918,0.03031640082768046,0.519038045246107,0.4986965843143076,0.00954985179750153
2004-01-09,0.6534991295292669,-0.06021329065853051,0.4915038234717569,0.3113922225740484,0.050132433799752865
2004-01-12,0.6349264395704792,0.25598014280677267,0.5015912802663886,0.47279283740698375,0.0148056375660253
2004-01-13,0.6184170597343358,0.10790840275436575,0.636946049837614,0.5000752507737762,0.09209673164664667
2004-01-14,0.639526330716692,-0.290502191469251,0.6425053328191801,0.29322302248101,0.03301008041145666
2004-01-15,0.49742214523107653,0.18620541950688532,0.5928399794234809,0.4258702754800763,0.08031174464822914
2004-01-16,0.6916873809804596,-0.014731531274379634,0.582331013220405,0.2579584908314266,0.06971405441803859
2004-01-20,0.5823022468674459,0.052248563213896315,0.5534403602280181,0.5008231889078666,0.04967659843900801
2004-01-21,0.6112838401558259,0.10597933544605419,0.5778692430422385,0.22418047878128353,0.08533064673204481
2004-01-22,0.6874921172194693,-0.04958976530419109,0.5413874693564228,0.18464138367314994,0.058051778038553804
2004-01-23,0.7038061304669712,0.12617258884962507,0.536984460755975,0.3144176361671371,0.03486222632948601
2004-01-26,0.6206777697982654,-0.09329835188645615,0.5863519067392816,0.5449242194332486,0.09472054275778184
2004-01-27,0.6416657543596848,0.06673491085849674,0.5133480412158625,0.40050082913166074,0.02653411826478358
2004-01-28,0.6227806563087154,-0.25670673598955157,0.5145835227011081,0.3969496376856608,0.011149532706459332
2004-01-29,0.6058379034823549,-0.1501843006055038,0.5836012339993686,0.27410789448026246,0.09418261299421067
2004-01-30,0.6792826016854928,-0.4261311029916164,0.5434432990181095,0.22847416610949262,0.07051887923544538
2004-02-02,0.563779985208208,0.33192303852777905,0.5417942926219317,0.29392239561560474,0.07976053637647501
2004-02-03,0.6517993361941551,0.1382680566474689,0.5488036256711545,0.5385973389956482,0.07307649140315671
2004-02-04,0.7301333525012211,-0.33829664403914517,0.514852479219591,0.3360551958239817,0.0326568108469063
2004-02-05,0.634933678052981,0.04538046562156604,0.6576563456755913,0.2606721303365746,0.05490293954427573
2004-02-06,0.6016929440925788,-0.03756223563345424,0.6593893428208585,0.641086488286516,0.0706860456289087
2004-02-09,0.6279794638626499,0.00030120823453932185,0.4452423742897177,0.2899958746179675,0.09443778075217334
2004-02-10,0.6332317304430968,-0.0332502762200172,0.5141610947440322,0.42062672204455714,0.0668242232580342
2004-02-11,0.6256329957595392,-0.17120311172592126,0.6189466734010638,0.38965264424181945,0.0017024074168296877
2004-02-12,0.660597388521773,0.1345569475668129,0.6275697659431465,0.39576017846940187,0.053553483976362865
2004-02-13,0.6467188572977853,-0.05683497870607554,0.6350438128745343,0.4256428814154725,0.037582131836386125
2004-02-17,0.6732052833370346,0.25367438119629093,0.6196143001599395,0.3476782276597826,0.06615705614516684
2004-02-18,0.6783919264195264,-0.2555882213443678,0.5757495438961114,0.21985014596409608,0.034721324844586725
2004-02-19,0.6999122224395378,0.06812424361308493,0.6474964827798296,0.17074251909709687,0.09798350650057541
2004-02-20,0.6241866330714843,-0.05043994277200921,0.5919966564672029,0.4734448262744584,0.04920167340476437
2004-02-23,0.6717408895521139,0.12759743973179336,0.6192827994187385,0.40052835404301895,0.028551027350147307
2004-02-24,0.5762604014355142,0.060767314004954276,0.6823152039289615,0.35821408426475243,0.007836853805381029
2004-02-25,0.641594765924452,-0.27991583116546265,0.5688159856434704,0.31860021368417657,0.07882130039551016
2004-02-26,0.7290582434794751,-0.10995819132825242,0.6014683181647414,0.24120599983744584,0.05459775534941948
2004-02-27,0.5451019321669202,0.01335760648712704,0.639337095737565,0.38429966690199036,0.02649571261424473
2004-03-01,0.586908336352263,0.023026211292525522,0.5901444793193191,0.6247220868195236,0.03350516953250961
2004-03-02,0.6737970392990689,-0.23184336308026823,0.6052195613727108,0.37722369082886964,0.014528930321450806
2004-03-03,0.5868045771817189,-0.5812177104467814,0.5638326215344128,0.3803089441501441,0.09555254624650167
2004-03-04,0.6749575348920903,-0.1166026094904643,0.6163127537467009,0.37308970380092255,0.07595562641658167
2004-03-05,0.5885646855698876,-0.07461399622007238,0.6772849615500575,0.3843874777843722,0.08095548119643971
2004-03-08,0.5914995310108363,-0.032431632927633694,0.5476859458996468,0.5153424708980209,0.0013248129389404452
2004-03-09,0.6902167396238894,0.1718244731386878,0.5645323991611935,0.38969698460285823,0.0570257101367117
2004-03-10,0.767032103816262,0.06907740993421747,0.6349893055289502,0.3977366325008189,0.09315506496931004
2004-03-11,0.536148138326733,-0.09576961158492009,0.5541493080787402,0.5408291127923339,0.6714811530960483
2004-03-12,0.6708136331768032,-0.0974990608426925,0.6294394622594897,0.5247584075311836,0.058704214805709844
2004-03-15,0.5426670915998687,-0.19573031217772735,0.5350115196014442,0.2955368624365482,0.019598302299147243
2004-03-16,0.6061512360218773,0.3166884317441925,0.6406443822795171,0.4750325200815682,0.023039750286674533
2004-03-17,0.6143534439950983,0.06715750771296457,0.5780040574683013,0.2578428976239916,0.039923555094429936
2004-03-18,0.6919837489556698,0.32674521415107416,0.6423517724479658,0.4475828346907555,0.06468640322319368
2004-03-19,0.6185715148671364,-0.3052437057711994,0.6350747097584871,0.5251576273225914,0.0020839187001221783
2004-03-22,0.6319906934934857,-0.09978397028187186,0.5842823072771296,0.4525828644472697,0.045912032897283864
2004-03-23,0.5372101654355143,-0.3549193843336553,0.5823485827085348,0.5082956429149473,0.0017157686406035879
2004-03-24,0.6437811110561451,-0.24656450171483005,0.5930949955465499,0.24860720870121467,0.009319333794088914
2004-03-25,0.6363945689488484,0.1683843207797084,0.6653886302921301,0.3193039121297667,0.03642110501448705
2004-03-26,0.6547470623426563,-0.03514399794642384,0.5797821564167193,0.18051238583095702,0.03291445104386984
2004-03-29,0.6670149243316619,0.2680673955583696,0.6427227113963654,0.3689080245258327,0.06152275611755497
2004-03-30,0.68408892822004,-0.3406374465608277,0.6670997751018714,0.557992431321263,0.08156956856993339
2004-03-31,0.6106989016114875,-0.102449270227078,0.5812655299227253,0.33546245744336334,0.01689154152914234
2004-04-01,0.6428190618734869,0.07953894821983894,0.6397864814834668,0.26349740845754427,0.06591716595551188
2004-04-02,0.5905214532265348,0.22575647395384274,0.5202163118709311,0.32314747209638284,0.09148336887202974
2004-04-05,0.5948235717405859,0.05923207607280317,0.5487352801261203,0.3415054514458691,0.06636030251202098
2004-04-06,0.6076391149199878,-0.2509232530634617,0.5699567930597942,0.29923513952432457,0.08026293112121502
2004-04-07,0.6902298159376823,-0.155949619734576,0.557440675604741,0.3941526950898035,0.08576610965243799
2004-04-08,0.7236642473698245,-0.15705894381657598,0.6114463997821107,0.28187940918056376,0.046519342037087213
2004-04-12,0.6486570563792854,-0.040138782811721875,0.6255930908435063,0.3015785934697952,0.09706117710198703
2004-04-13,0.6448081078672456,-0.08338258375237147,0.5257880137553064,0.256492550841647,0.03461438784807205
2004-04-14,0.5963058416536813,0.2161593262445286,0.6274101373539724,0.5705697688565241,0.06321860128951244
2004-04-15,0.6290680125932232,-0.0751748032646611,0.6488611514841801,0.4935528048148971,0.030033927839472674
2004-04-16,0.6497544763663842,-0.007852835835546431,0.7154737313255151,0.428774882920152,0.07415341762474685
2004-04-19,0.510902073825136,0.36794558234889585,0.634135590161899,0.3569418760804214,0.0744531065086552
2004-04-20,0.6351357964257062,0.04656709321268854,0.6084395729699773,0.43635444879754814,0.01656392336446989
2004-04-21,0.6596755846896556,0.2534069377439592,0.6740627191101709,0.3801002113240287,0.0615079126639396
2004-04-22,0.6855478820942583,0.12456741956752344,0.5491966826267352,0.35822075402547177,0.02467862634897812
2004-04-23,0.5751295695199822,0.01299468250902853,0.7167345342075265,0.3617684402039423,0.09506260320053457
2004-04-26,0.6738631085029653,0.2806303211978183,0.6624911842216349,0.6450546141328275,0.010618611119027467
2004-04-27,0.6164989753680914,0.12217493236637543,0.6254281040744355,0.314015102178102,0.016821713903696436
2004-04-28,0.5903220881404738,0.15250913509382794,0.5760425188137075,0.4832852810597349,0.07637919826547732
2004-04-29,0.659449624609808,-0.11565514752373303,0.5855110491968257,0.42168938517000987,0.03427083678941452
2004-04-30,0.6573006582174241,0.17077574871583934,0.6309173942269585,0.40375617384155327,0.057335659306015245
2004-05-03,0.6495328283339099,0.1986849108965225,0.5444089457428885,0.3016972611819222,0.023696192859374212
2004-05-04,0.5831365160526802,-0.1359659425099152,0.6482401197599917,0.4584387077358107,0.03645447459543649
2004-05-05,0.5489686328878101,0.4266699017668882,0.6043861849072532,0.3657115798417204,0.08793414859815087
2004-05-06,0.6338590384544834,-0.09079272783705729,0.5719453259335907,0.6384318834724271,0.08899407582596171
2004-05-07,0.6044245141385909,0.2783995631865099,0.5668821291264181,0.3204197580787048,0.09598738795478098
2004-05-10,0.7348468084798647,-0.05796584525925901,0.6719721585169153,0.25260571654753416,0.09706952293189765
2004-05-11,0.7158196848438299,0.18843769038288188,0.5791342678327618,0.3081785879082047,0.06327641511452496
2004-05-12,0.643795282162273,-0.14582050867362714,0.5802884108730045,0.2723399136969984,0.07979107010686891
2004-05-13,0.6290337687093837,0.015266479757267316,0.5543055225557464,0.3877265524908931,0.008512521226844117
2004-05-14,0.6264649062951081,0.21083360859723604,0.6780551075248678,0.44045531884025857,0.026778931920162386
2004-05-17,0.5774205908019583,0.1283045829117194,0.6042284666737853,0.37503630653350745,0.06204503386934719
2004-05-18,0.674334625469711,-0.07986711263206181,0.5355059974766659,0.37630360487715775,0.005623712720822172
2004-05-19,0.6076632538034814,0.04036775604848037,0.538289129664701,0.5426530114970269,0.01756405878844386
2004-05-20,0.5705117590105337,0.1749474911018372,0.624098574795905,0.5023086711718245,0.09985230747860979
2004-05-21,0.6734218301972373,0.07586936613446682,0.4998367316702064,0.40698353317753605,0.038116146512225495
2004-05-24,0.6289424002590435,0.2424266941781061,0.655367687672737,0.4076005174253166,0.04407625846301997
2004-05-25,0.7250190350441317,-0.28173886438185475,0.6484835797227578,0.38557601068343417,0.09955100459027308
2004-05-26,0.5919334630933186,0.12350704094290031,0.5496237238613494,0.2788756521419403,0.08708360236077663
2004-05-27,0.6459651585257039,0.2673397225912952,0.5715634133224418,0.6076176740032063,0.06444378339619686
2004-05-28,0.7198486512454045,0.1052046816412332,0.5545474331107924,0.2725236892132224,0.05398533963464811
2004-06-01,0.6852295360911937,0.0690736497813814,0.5636280728771592,0.3722278669454567,0.09308222241076351
2004-06-02,0.6606761514700327,-0.21351837799102832,0.528279488002313,0.5307711417956429,0.055854644978804324
2004-06-03,0.6900873055315879,-0.007782331210374513,0.6121036533137048,0.5540306352945351,0.07118505955526692
2004-06-04,0.6738163313417174,0.32377191220956775,0.6184877620398992,0.3561853797239727,0.0984073938593357
2004-06-07,0.6337663160187282,-0.032093549560619335,0.5280649419080312,0.3478839514914671,0.0882839918805815
2004-06-08,0.7562077436961817,-0.07139052769666429,0.6044124218637735,0.5132645425926687,0.03675162790858403
2004-06-09,0.7224613711140079,0.3918502531707164,0.6917405368548522,0.40304826299441787,0.010864127117575274
2004-06-10,0.6909960482663225,-0.24278695266232553,0.5548606067211327,0.35533379419151856,0.09983672281836217
2004-06-14,0.5386236956294701,-0.2144456371669632,0.6724600434656551,0.24244646627305788,0.08161267965444846
2004-06-15,0.5933572007341344,-0.25352276722786354,0.6390062316750528,0.4156288399273437,0.07477495133666467
2004-06-16,0.6282707791316146,0.25944319608294747,0.560068640209585,0.31891831894229017,0.07359645804124453
2004-06-17,0.6308305870020776,0.012719725359467674,0.6328300419753011,0.2917493524776519,0.06888933054490504
2004-06-18,0.6025453279500235,0.09116121802664526,0.5280857400608227,0.4291610390153845,0.05793326873214876
2004-06-21,0.655834247430529,0.09879763128426833,0.6025850290367714,0.29892956390329484,0.0672898040519304
2004-06-22,0.4936325548263609,-0.05805776528638862,0.5694676737599225,0.32789240249884033,0.08198615722678707
2004-06-23,0.5825911929383782,-0.1154296887087034,0.5873294937387077,0.4829617393217644,0.0798688993388939
2004-06-24,0.6133928852290488,-0.07786723909060707,0.6494942318602476,0.5226071055067425,0.02331914847467055
2004-06-25,0.6906467486085875,-0.03462734403867986,0.5679838002201211,0.31488714505444626,0.03298940273041941
2004-06-28,0.6450229292779305,-0.25279790694674714,0.5622853983694465,0.5513417053487006,0.012546834433840803
2004-06-29,0.6465059392481051,-0.19516197126715293,0.474616950707234,0.4316040764832276,0.07836945557804872
2004-06-30,0.7344901632522683,0.20143017999666601,0.4911558429299357,0.5611101447462239,0.042736564255431465
2004-07-01,0.6986066630052017,0.16029492582528448,0.5571836536843842,0.45054124640931403,0.08913751347751481
2004-07-02,0.6307817911619374,-0.13914497623326083,0.5557620433329477,0.6816837257151436,0.09998723856553302
2004-07-06,0.6233649045346207,0.31554669151595915,0.4882611799600468,0.4935374247473974,0.047245634781095946
2004-07-07,0.6595566006707476,-0.1002009923314276,0.46554174345092697,0.4483798130209979,0.024882378446365705
2004-07-08,0.5596339886409177,-0.042616660966209835,0.5708277851737886,0.579666097267932,0.01731833830256412
2004-07-09,0.6402259039554573,-0.35279735542847823,0.5269519573435015,0.4021464814101184,0.0038238217163796607
2004-07-12,0.5962514666877856,-0.4351901561399396,0.5214481302569113,0.3868590869031009,0.06532100172086923
2004-07-13,0.6412004735811858,0.0626743882747015,0.5137095109849572,0.25358860647228065,0.04425097706351625
2004-07-14,0.7329570650537454,0.062237199980816775,0.6330656087358089,0.2191003831472408,0.09090264968237932
2004-07-15,0.5511484954798354,-0.1698324079611002,0.6050942250698342,0.3525566567185702,0.02225636836943066
2004-07-16,0.6111578872755703,0.07462351956829417,0.6089105675339396,0.4800970502370807,0.06845406931183938
2004-07-19,0.6830032389278773,-0.15748686471339313,0.6050732824649578,0.4940234662160337,0.09350388025960887
2004-07-20,0.6203508626295451,-0.11174591725728725,0.4153822014849816,0.37403365232882657,0.059296801716653684
2004-07-21,0.6440125084240617,-0.17779036967104078,0.5220305238411957,0.33664815752713406,0.011071357176176633
2004-07-22,0.6586130028944739,-0.05050906620303959,0.5557083886676429,0.41863925750472625,0.0752631631686718
2004-07-23,0.727238012723161,-0.0228769763788182,0.5202495839286766,0.41486821107472616,0.05176105519570282
2004-07-26,0.5797837373554993,-0.007643535358674575,0.5053048717577153,0.38543467210376603,0.014451236624576924
2004-07-27,0.6974721477325373,-0.07779480677726625,0.5460903023500577,0.548169934868493,0.06342122281464349
2004-07-28,0.6517760702414245,-0.06858944510543624,0.380593299810123,0.3690591740493748,0.0926381170204094
2004-07-29,0.6327713232795331,0.07494670211444242,0.5305810593781659,0.374266525054108,0.04607365640830233
2004-07-30,0.6742509488838868,0.3040871556654836,0.5545872305370381,0.4893704668964939,0.0012695908705070424
2004-08-02,0.560826965116841,-0.14897682134908566,0.46592130123890174,0.40664076253911163,0.06287491132879605
2004-08-03,0.6401296091981423,-0.10050286754565263,0.597273799958377,0.2865264658611324,0.05986189872018034
2004-08-04,0.6294616117202942,-0.20719422913386604,0.665444910470655,0.38252482493652024,0.06778248204143077
2004-08-05,0.6218280057575093,0.049009662910587,0.5073747272762479,0.4056464366736876,0.0884638813671863
2004-08-06,0.6159180199019972,-0.06621509462000896,0.4525888823804795,0.26886235256592644,0.02416682493478809
2004-08-09,0.6551583097830985,0.0036684888502359863,0.5180818780497073,0.1162148882540805,0.00195806493849906
2004-08-10,0.6709071554087956,-0.1406626000387061,0.5600078501490712,0.4371646442868567,0.011144827340447572
2004-08-11,0.6467050423823159,0.08644131053234516,0.49129895722440015,0.23800920784418747,0.08123974192418493
2004-08-12,0.6441873921077145,-0.36287162810492285,0.44945573739588074,0.3801163297233506,0.057683780935507405
2004-08-13,0.6834199514747406,-0.04640979509646051,0.5716633826000841,0.42353827444251346,0.04199378611680578
2004-08-16,0.6071018056456875,0.2911458414033153,0.6041901898506282,0.3442882424259097,0.012280595013772889
2004-08-17,0.6430954620378999,-0.13393001389955128,0.5538141870576399,0.3750896791434104,0.019631743871759134
2004-08-18,0.6506575497290761,-0.09643133045325737,0.4641362083745961,0.34561486540233105,0.08183176138444612
2004-08-19,0.6035474659653608,0.18308165587458167,0.6071784984509028,0.3814514972861278,0.08550763815059297
2004-08-20,0.6172149323384462,0.03556796736376679,0.5359662311415962,0.5611883327840232,0.08171260654307605
2004-08-23,0.6671463310059675,0.08723548100314783,0.561962158206921,0.5155926357198443,0.016243977419445756
2004-08-24,0.5993520677001796,-0.027311352695566816,0.47586429082171633,0.5800257461817087,0.0332862262063451
2004-08-25,0.5850725064204143,-0.3119142960748151,0.4159169075943902,0.488890509253771,0.03910376331182221
2004-08-26,0.6328753114518468,-0.002684536549515429,0.5009947718611065,0.5001199764059272,0.012427337629574355
2004-08-27,0.702833444538034,0.23061878677883071,0.5043539588384873,0.5534245072648999,0.08543754563001597
2004-08-30,0.6661388036577292,0.07750718885754493,0.5223206480751569,0.27527932192634164,0.03484412344249471
2004-08-31,0.6376821569866689,0.061048407603135804,0.5362798387698932,0.3411393093004824,0.09562290837060569
2004-09-01,0.6693978156424576,0.17766190307176746,0.4110563338507226,0.3640478674893508,2.1503130889988234e-05
2004-09-02,0.6819509122711774,0.38417886575640087,0.5601843960939429,0.2508750536044571,0.017118216972498157
2004-09-03,0.6433626758432653,-0.1611354622497823,0.5130840876550175,0.5091328879013238,0.003393697306761523
2004-09-07,0.5849592705543466,0.32640492259902276,0.49162494956225533,0.4481135202343276,0.0330675550936312
2004-09-08,0.5683433497793865,0.27879867985819,0.3575972098789518,0.4821231235527098,0.0818207905551267
2004-09-09,0.660770664502425,-0.14609340750947616,0.5451864467035373,0.3135376568726945,0.08732696184332829
2004-09-10,0.6547629768266269,-0.18036115162598293,0.43331444475736736,0.33246005533260653,0.08615421573552741
2004-09-13,0.6620686991611668,0.16433263692522002,0.5417523283693755,0.529640219655344,0.052377113165095
2004-09-14,0.6239934796637614,0.10043096147786178,0.4726691058600937,0.5089012675094392,0.08086916648215663
2004-09-15,0.585855486335577,0.21636682454617456,0.5909843869004898,0.2857084215278392,0.0429193906013978
2004-09-16,0.6888818035624137,-0.010978088639290019,0.4724052082970769,0.43862098569065305,0.060329933558124854
2004-09-17,0.6667555222811674,0.22961099708209268,0.5611889127839869,0.6567831091551691,0.01626170786242386
2004-09-20,0.567382864351333,0.07309199736039294,0.5205740240300277,0.3247905212499518,0.0986415310371213
2004-09-21,0.7347802803851444,0.153233730025656,0.5339480225042674,0.5306189093395701,0.014611512547679196
2004-09-22,0.7304256189334248,0.0994803526627695,0.509531026402014,0.46561349524412327,0.07003823697629723
2004-09-23,0.5724556578095494,0.1793425567308605,0.4805803426149065,0.5935884699504305,0.09602909177675444
2004-09-24,0.7248328650717941,0.34372998311256403,0.5138506991974662,0.471415807866295,0.05545313020261669
2004-09-27,0.47802614570610036,-0.08246291026399538,0.47524322397516483,0.173539404824409,0.05964112547089467
2004-09-28,0.60674963465584,-0.09421348478778492,0.5469363454141113,0.41073430165662017,0.06216383622983427
2004-09-29,0.6774862444117133,0.36946667185401805,0.508842438841757,0.31098990973765656,0.027346748083891717
2004-09-30,0.5729476875501073,0.29200106793137276,0.4957191448310864,0.4249741547357489,0.08223239157566913
2004-10-01,0.6344831057403647,0.20977006246341423,0.5564907063473645,0.3269120371642644,0.023307446762200413
2004-10-04,0.5801920640083168,0.14717054136803534,0.5739995121127764,0.5689048325151358,0.0547126386527803
2004-10-05,0.6552127302210486,0.3530818222106173,0.4485918471673192,0.36195103748498725,0.074854028530159
2004-10-06,0.637865965590058,-0.2466675469492152,0.41065412656209344,0.33277820947924996,0.041066233783730935
2004-10-07,0.8215196127697207,-0.06449310509475067,0.5464871907449133,0.2871633491413354,0.01643710368911281
2004-10-08,0.5575984201663007,0.009329549107824282,0.3777008991292285,0.35531655807083595,0.03842652543076646
2004-10-11,0.636369509298411,0.14147508897145025,0.5611744933866981,0.43192152884501467,0.03446241481843237
2004-10-12,0.512699405984828,0.17470680070238143,0.48409438252780324,0.43033752896053973,0.07390950180766152
2004-10-13,0.657081307984889,0.362616200111713,0.4367528535814598,0.48768912815933246,0.0006401926781886558
2004-10-14,0.6454311364979515,0.008799455093007124,0.4907257369830926,0.4910874342582155,0.0467887048987016
2004-10-15,0.4985702208090832,0.07187807820486125,0.46671878791049787,0.3204754376048032,0.01580222362209266
2004-10-18,0.5842870295733439,-0.16289466562427174,0.5366447646791584,0.18784141326220408,0.07271636201361639
2004-10-19,0.6988939302343075,-0.10061546754552653,0.48640679765742134,0.3951239917532497,0.0586244801863725
2004-10-20,0.6289700550337867,0.06329895565963824,0.47176428257688946,0.37108450534567045,0.007470224532209424
2004-10-21,0.6576200096856064,-0.3085580486614502,0.5043305943462061,0.25119884575381013,0.0955349589751161
2004-10-22,0.6879714232901285,-0.20522790354688195,0.5674140821910103,0.3737677288472063,0.05213807359497589
2004-10-25,0.5377933619494424,0.4046720194926892,0.5199765925175225,0.34879751044452545,0.03679052903046844
2004-10-26,0.6323053602932701,0.03143890409646097,0.5558525177153854,0.5280750865950165,0.062296159231646844
2004-10-27,0.7546160105580522,0.057940418582506814,0.5316978784712767,0.3075325360922909,0.058294573117291415
2004-10-28,0.6129152592501688,-0.06548518835763709,0.4977910093155696,0.3103054775630426,0.07292278705272308
2004-10-29,0.6423999294619653,-0.3191481003678126,0.5184291443819267,0.2909846206660959,0.061971949569634435
2004-11-01,0.7007822350513253,0.00563212882837419,0.5922274646280075,0.5554485933208945,0.035852068704944944
2004-11-02,0.6379054910489179,-0.1534744854195455,0.4809453503066184,0.5506972692497388,0.07087978538737039
2004-11-03,0.6028162145815935,0.1614782540760087,0.5913889414652824,0.41644804387636747,0.04433128897180741
2004-11-04,0.4699542862584507,-0.4146998031856221,0.5304621292936023,0.43186086062696755,0.018970213145181537
2004-11-05,0.7161456017673085,0.05239644985377592,0.48404473103289686,0.4317197947564269,0.015888163567820003
2004-11-08,0.6845603825846612,-0.3216819123867724,0.548938413325515,0.4032431597723,0.03503091054264229
2004-11-09,0.5772597838879555,0.07051309770643414,0.5938442212540389,0.4421593797302609,0.0701985453576884
2004-11-10,0.6992624815370534,0.19917579304315752,0.540753665528075,0.3032997603392316,0.008174201277655469
2004-11-11,0.6607170650029018,-0.010871024571002173,0.49507330447681164,0.42301327355723645,0.044994541210916186
2004-11-12,0.6795837509657463,-0.12546835043827298,0.545438419665006,0.514899648079916,0.01754220822429159
2004-11-15,0.6350573850615547,-0.14342968969683373,0.45822474484328,0.5774359158212115,0.025278068650500397
2004-11-16,0.5893240352017289,-0.14364669737478744,0.4869445080547565,0.48760412842331025,0.03567260600057825
2004-11-17,0.6882994456805718,0.04189093742211063,0.5203115991200071,0.37449913984199396,0.004003748970038567
2004-11-18,0.6607313973819414,0.22200046221436295,0.5152410144970161,0.35891933564424644,0.035299739950208776
2004-11-19,0.6247685927010994,0.1297379717360014,0.5302840002107377,0.5495301181255141,0.08069978789940564
2004-11-22,0.6767124886562611,-0.09021774480078296,0.4629475052999652,0.3404252581611535,0.07836463697988455
2004-11-23,0.6204722423675981,-0.21437050511267178,0.528687575215732,0.31039267905229057,0.010338367940628502
2004-11-24,0.6246753769251052,0.16753059413169444,0.5596695285894624,0.34834835175173356,0.07932177430453718
2004-11-26,0.6285874569776101,0.19207337419738835,0.5673486623441467,0.5269428524075058,0.03071091948449195
2004-11-29,0.6205440637720393,0.20825393564621342,0.5783874734400779,0.32497668973779914,0.07249199677884739
2004-11-30,0.572212567466936,-0.11181077940891367,0.5103421459645743,0.5487128611627243,0.05228611763546992
2004-12-01,0.7099176533321845,0.0757461197735453,0.5372670689131772,0.3142287472209994,0.052089234598435445
2004-12-02,0.7074592981237592,-0.3862963402269557,0.46884995235123644,0.4890223371948279,0.06564516971325737
2004-12-03,0.6988800737981273,0.08234628471717004,0.5416679605922369,0.29455540101619426,0.07988870174426294
2004-12-06,0.5631764975118541,-0.2527889144564209,0.5408302121356093,0.4042842245569784,0.0016472465368747692
2004-12-07,0.6581160562457801,0.02378698390477678,0.5688474710593603,0.4342188439274287,0.07715487825925359
2004-12-08,0.6106012859659121,0.25434070561251687,0.5230853352310283,0.42177374046765637,0.05046071602879551
2004-12-09,0.6283333423905394,0.16878332053296755,0.48232339225885046,0.3446395859837449,0.07212167625009343
2004-12-10,0.6077950874063275,-0.1337409672644506,0.5354106101935077,0.3682656833702515,0.08126372300347587
2004-12-13,0.6187715122257867,0.06544367148894893,0.489897800170145,0.3622253549839705,0.03592478977164931
2004-12-14,0.6728199865612876,-0.39905819883401383,0.5261834358989786,0.32764577487522034,0.01241307964684103
2004-12-15,0.7185490713845302,-0.17812506406254502,0.4601458161244279,0.322941567790528,0.04201135750307762
2004-12-16,0.6649631981729786,0.03480058549648218,0.6286802845707253,0.5717490499129011,0.05807454557393568
2004-12-17,0.6849746490460585,-0.2163167463139351,0.5662214586653935,0.22603504283731393,0.054540167903061244
2004-12-20,0.6729907441200543,0.005291808809956554,0.5100465981517857,0.3033255113154101,0.03413763225566713
2004-12-21,0.6890193896990945,-0.025922626306114256,0.5219482934689389,0.4851346476083893,0.002324842952674833
2004-12-22,0.6245192037344643,-0.20297429115797705,0.5648021887908371,0.3962571389180227,0.08540302633628745
2004-12-23,0.6269890656688646,0.011283770857776522,0.4471490154011313,0.2775918209855668,0.03980879278682417
2004-12-27,0.7046388858396476,0.06391930281655954,0.48175031159157705,0.40112041045907604,0.040620251236017514
2004-12-28,0.5833197004540256,0.08539651089040895,0.5720100824592639,0.35718891376156126,0.005935746412710852
2004-12-29,0.6474859285170109,-0.152258705175601,0.5643186903562953,0.5331452818116416,0.05783747043889373
2004-12-30,0.6183281284100329,-0.12287291913795823,0.533624181893651,0.23814546486712376,0.051874633713349994
2004-12-31,0.5113029470814325,0.19174285660409454,0.4716115616050438,0.294681421326469,0.011101582888013573
2005-01-03,0.5678593386675361,-0.20304443071798195,0.5264022610054745,0.44527857352660055,0.00033401626790479093
2005-01-04,0.5842910904484079,0.007008363786984547,0.5543780792056273,0.3716870401687869,0.012102813825329984
2005-01-05,0.6712264440265071,-0.2160392223142983,0.5432552658897567,0.4263416446207854,0.027050751067562374
2005-01-06,0.6020395246122212,0.09181945072196518,0.5832015039740996,0.38593565592682194,0.023507898166631715
2005-01-07,0.6124504490741859,-0.13996306826525615,0.4825942652081028,0.37933827295288497,0.06717420656587907
2005-01-10,0.6631854210821185,0.023384217825928533,0.6289242400326862,0.20848039891047002,0.026389506918267993
2005-01-11,0.5751862771206818,-0.09961991694547451,0.42589637767781685,0.36055025251226763,0.05865341182826911
2005-01-12,0.5929097721472139,-0.009484790031604991,0.4979093215423933,0.5685603566755966,0.004087097866719136
2005-01-13,0.731395776515538,0.21039115251128282,0.6156215725210165,0.35597536368040267,0.037050285054543886
2005-01-14,0.6145710905665138,-0.17997155102076298,0.5841040876661261,0.36785654736984885,0.09325389700162648
2005-01-18,0.6910685379384635,0.045239297289375854,0.563225049164581,0.4447733476928855,0.024352895485640194
2005-01-19,0.7547009640299382,-0.020140667791085358,0.5930495510284329,0.4029946880935978,0.07972791124703245
2005-01-20,0.6970469802841868,0.12824465703082255,0.508176519869346,0.3538741967214357,0.05546785039282505
2005-01-21,0.7120948618522965,-0.18309202350662201,0.5414051835813283,0.4093356941279151,0.06431443121146321
2005-01-24,0.6230579417424462,0.1323845098429198,0.5552235371347831,0.38985431559276407,0.07680578873073009
2005-01-25,0.6127076129261727,-0.2391357099029556,0.6929966656578094,0.4727685553096914,0.03002283172016036
2005-01-26,0.6186806349994476,0.06470987703334365,0.5751393655304647,0.4023972481664013,0.04951368103951031
2005-01-27,0.7082733515180089,0.4002584922435484,0.5758234654327983,0.4279775933996904,0.0028392147355038367
2005-01-28,0.5826919168003593,-0.17209225953020094,0.5591456082233,0.4139538857144313,0.010099880533700634
2005-01-31,0.6752578689641626,0.05256529061085435,0.5743397005702439,0.42702582460500405,0.080014596406693
2005-02-01,0.6114918114005563,-0.17722848688002646,0.6267137887436961,0.41085572540777093,0.03802589802728307
2005-02-02,0.6901719603650023,-0.31287118048708096,0.6450891024765057,0.5379382092057015,0.08378536519117082
2005-02-03,0.5657560409162188,0.28161299251645516,0.644750520815653,0.4312175732819766,0.05398070005214627
2005-02-04,0.6356101354931976,0.14356973199649933,0.6204746345102697,0.3789334361911487,0.021292762387322098
2005-02-07,0.695914194340681,0.25732059253229755,0.6007333846932176,0.5053389395617062,0.09154533111960694
2005-02-08,0.7010244412367908,0.03779972589722921,0.6166951902984438,0.21434133663955307,0.09405498338744156
2005-02-09,0.6833478932267897,-0.2357960514365714,0.5679857928018804,0.5075753185148579,0.04779023565672204
2005-02-10,0.6752509582969912,0.10629020469245268,0.4780641808675524,0.2928802760349674,0.08622228268670908
2005-02-11,0.7297031007844195,-0.1067932157342195,0.4718936781114417,0.3682744490546431,0.06920538177611703
2005-02-14,0.6739238064400098,0.19551642604253783,0.5743870180944752,0.2975583279096927,0.014743634219513824
2005-02-15,0.6861098791722646,-0.1167836987962565,0.5532701186703022,0.27251878981345035,0.06554713507371328
2005-02-16,0.6365563302621631,0.21347950312269892,0.5883487035798787,0.514492851801021,0.014782794736711225
2005-02-17,0.7337689733495555,0.008056576062516007,0.6673564749755915,0.5070131953436239,0.005065934102117354
2005-02-18,0.625151470005269,-0.18655651427525308,0.5739400860294186,0.6034352063823657,0.08185422671658926
2005-02-22,0.7214860796752125,-0.3051225187683466,0.5936840204197096,0.3596423483565002,0.057233093950120266
2005-02-23,0.7396307555732333,-0.000136097506260932,0.6166763193157712,0.41782242103893774,0.05842137882377224
2005-02-24,0.5843169024020858,0.1905712142855443,0.5205546916883159,0.3741056762672016,0.004057495157151592
2005-02-25,0.74395033985425,0.22544012270613797,0.6008271062998402,0.35124904313542177,0.05138567870291724
2005-02-28,0.6417435298515821,0.06406835017635461,0.5955182474286308,0.3150895421353411,0.037227522332007504
2005-03-01,0.5936469675660192,-0.18407848207619043,0.5341949745491177,0.34724347610028555,0.0625372801117235
2005-03-02,0.5881346864870218,-0.17451527433145814,0.6086882914933325,0.4114579639806567,0.0780085351508727
2005-03-03,0.7346480651678795,-0.18012230757649797,0.5272430632399902,0.25705760685720125,0.08924027751553464
2005-03-04,0.7400593061329102,0.030662591193815487,0.530589606178161,0.4808347944823086,0.08330719459416977
2005-03-07,0.6978977775026006,-0.033755994084986515,0.5127914298357402,0.5455590029892198,0.06914107482418946
2005-03-08,0.7507979702350976,-0.12993125774923395,0.6470222778335363,0.5882562331361793,0.07316381428147282
2005-03-09,0.5759492040039428,-0.15925095398205208,0.4990912090137852,0.41538770452292473,0.025750026141814
2005-03-10,0.6142078999028829,0.2962485764505095,0.5861581200839604,0.41997530111122283,0.0016832775674234246
2005-03-11,0.6003118146903642,0.10484950949424364,0.5651670976157501,0.45692469678739456,0.0773495911627226
2005-03-14,0.5760518935763111,0.08741290477509912,0.6401121689138384,0.4010765765070553,0.03243883572214231
2005-03-15,0.6242363882788576,0.11770206759680933,0.5908020075872731,0.4783763620964174,0.01114482228848336
2005-03-16,0.6233233895486344,-0.11332097092051595,0.6473570127300112,0.41874428320840223,0.015207942959344013
2005-03-17,0.8044235611076402,-0.09625938598459832,0.5668653974503641,0.2522802155448963,0.004383774876018098
2005-03-18,0.6306819321398733,-0.3833124339962288,0.6364563897673201,0.3607820322075225,0.0903790635852395
2005-03-21,0.6145626065392827,0.13965012645936853,0.6129324357464355,0.4872297851706335,0.008896359854602276
2005-03-22,0.6587801695985024,-0.19026572928784757,0.607774549154802,0.4143854730240758,0.0903995925101872
2005-03-23,0.6288203317372362,-0.12952598321571177,0.5793046725365351,0.4760433134846605,0.04421192643619048
2005-03-24,0.655465269410457,-0.2921949070815372,0.6624940271678706,0.4057599066619857,0.04259983288832725
2005-03-28,0.6260148383014215,-0.16728830974492703,0.6166220099386961,0.40332598524956337,0.008125056421629097
2005-03-29,0.6679840234232741,0.16169701147426196,0.5666200057276687,0.1846518516633982,0.05444020475083094
2005-03-30,0.6561230207488505,-0.13213680259974747,0.6145122980680112,0.49847734281297745,0.055722798275472454
2005-03-31,0.655620158056484,0.098583136830827,0.6441903823978452,0.4661073953115409,0.007971571289313074
2005-04-01,0.5862220176497289,0.10357238106828066,0.5786776900368868,0.4417417521194758,0.03254655891524377
2005-04-04,0.6572435954153145,0.212402317823533,0.6424533070532805,0.30429422881884227,0.029647060024742933
2005-04-05,0.5687336022057163,-0.18833407477982822,0.5939977711308432,0.529506890384547,0.04174354251021635
2005-04-06,0.6864615350532055,0.16285035764500244,0.4696577353191246,0.30477687730240394,0.010943802575918716
2005-04-07,0.591680720906606,0.26123141637587943,0.5523077103860088,0.6027424716382414,0.08230079327093938
2005-04-08,0.6783126020197314,-0.019636734105377515,0.6575354728610907,0.486168489234668,0.04552875581516628
2005-04-11,0.7009873420864116,0.09476463523845102,0.6622234511249271,0.5439736129514772,0.040763642360118924
2005-04-12,0.7422292161446795,-0.28232740746566093,0.5923918842871989,0.4305592086167116,0.08323165275663774
2005-04-13,0.7005193206291153,0.2442024963895626,0.5645884334697815,0.28852507825898394,0.05742507768272701
2005-04-14,0.6733498112770041,-0.35021901301232833,0.5994514450787279,0.3571640091436846,0.0919465158632217
2005-04-15,0.6720623622756584,-0.2563866429620664,0.5494391859554293,0.3963995822996446,0.04815373059712752
2005-04-18,0.6044303716109013,0.151683221106803,0.5948147274678407,0.2798914861178479,0.06151583738711524
2005-04-19,0.6231046253971704,0.21752399956403226,0.5854698785394099,0.2591630880272303,0.03890184522722241
2005-04-20,0.6545407577070058,-0.19282105619961915,0.6865078787721937,0.49922989024042286,0.022510908178437053
2005-04-21,0.6831882591339093,0.12979353132921198,0.5834823046001546,0.2861692584695468,0.052500239841647624
2005-04-22,0.7343858360355071,0.1797529046867608,0.6339343732007736,0.5013987150392248,0.016590701057538272
2005-04-25,0.6843969906701364,-0.035295269359532894,0.6603732238660189,0.3176246112598638,0.006628772402754013
2005-04-26,0.6319467026923034,-0.01735539591513709,0.5871236171056531,0.33336574095269716,0.041902781438663876
2005-04-27,0.5626171806062539,0.20504421285081087,0.5017885131887493,0.3432394083144102,0.035680414829820796
2005-04-28,0.6511550318383991,-0.21460917000134325,0.5195126990229728,0.29928870817781195,0.08067684209770343
2005-04-29,0.6527857473576558,-0.1637566712364913,0.506601666011818,0.3414857059170731,0.06354824077577717
2005-05-02,0.6990640578508103,0.21726372622780266,0.5822590470280687,0.5988065646202225,0.04885014531591976
2005-05-03,0.5860929809517548,0.06586884014253186,0.6087873121279491,0.6496635322418975,0.0943245124369702
2005-05-04,0.6865164323214498,0.26638931899459933,0.5277379125456959,0.3911932224470243,0.04607762768689161
2005-05-05,0.6641332143528146,0.08198924799741664,0.5686148319842287,0.4463106062615855,0.038540039367913295
2005-05-06,0.7125887345680905,-0.5416769223739076,0.6378667595922908,0.4166783992446236,0.028549124100987835
2005-05-09,0.6562386016901913,0.3298027271973059,0.5674370572692027,0.6485309251754265,0.08309587680894333
2005-05-10,0.646951382718123,0.2618997739311684,0.6134197977380689,0.34184270238093467,0.060101430438124465
2005-05-11,0.5758848582533411,0.2045460400770996,0.6453093495127525,0.4643469780128156,0.004610177051922826
2005-05-12,0.6837017747827939,-0.11143785879410464,0.5708967732762018,0.5593643735499876,0.04515222746886256
2005-05-13,0.6833292126922597,-0.2336299951710621,0.5676691259721602,0.3685355646171736,0.016865911349703368
2005-05-16,0.5954416767784488,0.11841368282391594,0.513503704029483,0.43040521809392407,0.050351181246635957
2005-05-17,0.6700317556052945,0.45353645165733947,0.534808521184643,0.3903328179365173,0.004881493863884901
2005-05-18,0.6656026502961073,0.17362483361501818,0.6191107117151353,0.3028132395224516,0.08437775122142446
2005-05-19,0.6165313437232184,0.19121972850434424,0.6527102294708453,0.5626804506310085,0.010294463744729622
2005-05-20,0.6783830325651158,-0.14648994647785765,0.6390607855635653,0.3138762921753773,0.021001500223334038
2005-05-23,0.6012869347827121,0.030254987959627735,0.6493770440076215,0.38833521132360604,0.03407843069653123
2005-05-24,0.6023517740934868,-0.13683689290956247,0.5379996518554419,0.38990236352602026,0.09073124723607594
2005-05-25,0.659132765366517,0.20295966260339604,0.60349457008167,0.39962127115936463,0.04812998348695694
2005-05-26,0.5500831193317215,-0.15242957656285974,0.5754238666815282,0.2184113223547456,0.03576603392525044
2005-05-27,0.6627308952416243,-0.17762094605967949,0.6343161329666109,0.34452122023718995,0.05217160220528936
2005-05-31,0.6968838486018268,0.3075663935894273,0.5331717724245588,0.272897838541445,0.009253171605147126
2005-06-01,0.6260330054744887,0.02804856703296282,0.6426670725187015,0.22265947449279955,0.04425627643134214
2005-06-02,0.7837726802001456,-0.3407928255291117,0.5825329925710372,0.2398991217087011,0.0015007220704380431
2005-06-03,0.6602956461347483,-0.10435829938560776,0.5718153039087941,0.429092294130215,0.054195696937524906
2005-06-06,0.6356876668427374,-0.12775978030541826,0.5451933116834309,0.3939935810799094,0.026610629247744856
2005-06-07,0.6409135946789936,0.1215183635230157,0.5736377395231511,0.4269291684908177,0.06821311155733338
2005-06-08,0.5802828426557315,-0.1819599879155981,0.521295598117065,0.4475727956910212,0.018950317779366645
2005-06-09,0.7314126979226414,0.010060186163319723,0.5280853487270997,0.5345502300411463,0.09585266446722031
2005-06-10,0.6334318434970612,0.4091695103654436,0.5487874989723451,0.3720531209408459,0.02090509234149175
2005-06-13,0.5993725506446838,0.027130304970538963,0.5842969380976951,0.6088705619244643,0.03509095886592152
2005-06-14,0.7000013949525111,0.03500944415447218,0.549322301537855,0.5557177126494858,0.04672019872410063
2005-06-15,0.7714108750352929,-0.2548828779701487,0.5155633176770387,0.6311592483890791,0.08427584235949528
2005-06-16,0.6536035347927734,-0.11728843444775422,0.6176652263364767,0.36639518088641376,0.03289959030762647
2005-06-17,0.6516458461084518,-0.04110509828102663,0.5626184644690261,0.3444757219493656,0.04229802208118322
2005-06-20,0.7064454393221,-0.1993963093257313,0.6221048716090984,0.36116425793099816,0.03849512674943021
2005-06-21,0.6267311254996264,-0.0004594834571306672,0.5440237300384682,0.23479192031110543,0.06499548983564483
2005-06-22,0.6876061063336862,0.09956143827102296,0.55412371764092,0.4143008402886016,0.07452197552672576
2005-06-23,0.6241240150437581,-0.0748547420282634,0.5429138050242055,0.4148881351324415,0.03596925005406857
2005-06-24,0.6993861107247744,-0.1386181293489351,0.5181184042356106,0.29699049308306164,0.09912244172804693
2005-06-27,0.670016782818267,0.05036130076723079,0.5854562290836157,0.4149339927896408,0.022195729939441
2005-06-28,0.7060461759916041,0.22259860944957258,0.523378775867499,0.3865166946076962,0.061035243056926626
2005-06-29,0.7153013081228435,0.009296865793068218,0.4983334035913673,0.36147101152829275,0.022298818634250497
2005-06-30,0.6795082428996648,-0.0947816705106184,0.5213052866501585,0.16819247418608207,0.0942293498799768
2005-07-01,0.666218684972438,0.15350773060348633,0.5212945923819587,0.4400469775381066,0.017218332566812378
2005-07-05,0.6275455347497155,0.13470542163263413,0.50610855810586,0.40075820707461896,0.05049403216846174
2005-07-06,0.6394268059187328,0.18443545996387123,0.46229339468895236,0.47842482700047706,0.06586032212772668
2005-07-07,0.6633086764166256,0.17817406651722476,0.5702783134098826,0.4389076287757345,0.039967705999991415
2005-07-08,0.6516158811349491,0.2323173484928391,0.6475010693064814,0.26063707422884486,0.07643818167109385
2005-07-11,0.5939109077363354,0.028036112627348245,0.5896043524813696,0.4819227366262355,0.08282831807645556
2005-07-12,0.5562109256889604,0.38658125296269424,0.48840175896715315,0.5039436769020711,0.07926243500293374
2005-07-13,0.6399428775465239,0.2912142392853218,0.5444996159690132,0.21225188081192597,0.03381985962665351
2005-07-14,0.7090531079907867,-0.1127542590517847,0.5496369873940836,0.4228126026980871,0.06418745024086579
2005-07-15,0.6674971605409769,0.06689288975873146,0.4502797451966185,0.3911020386140129,0.06938138695347733
2005-07-18,0.765307653716919,0.0022018416954133146,0.6112848021851641,0.43106441946425533,0.04156679741869932
2005-07-19,0.7063121468508082,0.11703216063669011,0.5962765208696007,0.3780209905277142,0.019604058523913327
2005-07-20,0.6893401689609258,-0.4258869676304641,0.4543991264522959,0.4300079691520906,0.0691016971034444
2005-07-21,0.5845958777979431,0.09250596074347062,0.46691094914250275,0.41062612697951895,0.03587916471820386
2005-07-22,0.6209506915230101,-0.2572782003749984,0.5475866500474806,0.5910863023071982,0.02904120192445101
2005-07-25,0.7230483651886945,-0.10342639617711702,0.4644927359460631,0.3974227259107526,0.05793089608134103
2005-07-26,0.6220952380783991,-0.12215958475646699,0.547154142738649,0.16312377373268294,0.02931059636052562
2005-07-27,0.7306835705699001,-0.010959700773476112,0.5759005893037451,0.4606567818124321,0.05208138933219464
2005-07-28,0.6109684246862344,0.07426074240136805,0.5513760050796463,0.4005002746978838,0.044186786138278755
2005-07-29,0.576638836441337,-0.0480159605118945,0.5378956974215648,0.4344281865101086,0.054660013622997106
2005-08-01,0.6180464146394,-0.0750905622536898,0.5052978818521628,0.21700621391450084,0.011144533244290811
2005-08-02,0.6239668103209252,-0.1362495832315211,0.49638206557554515,0.2792575276898894,0.00718872860873735
2005-08-03,0.5628368827542268,-0.08649505955655028,0.4790078575702973,0.5337522691566188,0.029742021320873314
2005-08-04,0.5892412690573371,-0.4601448501546749,0.5794057702603458,0.3461537474487311,0.0016367264743657461
2005-08-05,0.5856657832028959,0.032535374714720455,0.5176227060405098,0.3056453054108175,0.07892851753242638
2005-08-08,0.6280675330980975,-0.021173633819434337,0.5589966095284805,0.6416912683439574,0.012118913154250177
2005-08-09,0.6448531481880888,-0.01827120712474024,0.4625056249397784,0.319150867836929,0.044365292641092895
2005-08-10,0.6168923267104681,-0.14166159319839683,0.5225603101444843,0.39217020962425914,0.0006509073024386192
2005-08-11,0.6194517183178007,-0.2756744917595077,0.5448087225967084,0.4195138854663619,0.011030069234910367
2005-08-12,0.6048708803304804,-0.013963042961581622,0.43963904469365644,0.4354414272013386,0.0057997684229757155
2005-08-15,0.6575759121716731,-0.07931486118193722,0.6180133820168769,0.36319613203931117,0.002325185239629024
2005-08-16,0.5720106280643407,-0.40238210125503504,0.5720502784629583,0.38511442589075895,0.07795886191490431
2005-08-17,0.6391675691634026,-0.100285000517682,0.49876723570971265,0.3874041596629936,0.06941065936881069
2005-08-18,0.7341334214817847,0.28287745089017713,0.43595713396371416,0.45574850796245214,0.016057186491804133
2005-08-19,0.6804971517657363,-0.08217839693013623,0.42660645275493503,0.34405955348005557,0.07225159626482747
2005-08-22,0.7017863693889244,0.3434019062359768,0.5296617951478046,0.6213256312456061,0.056326432033825535
2005-08-23,0.6037794870764279,-0.36478241097737923,0.39479228953677803,0.37713004081776075,0.012195460274419201
2005-08-24,0.7318248085907704,-0.19412167002193387,0.5287277335234303,0.32965746360966997,0.048729904032621355
2005-08-25,0.5829383995660808,0.06936317014359442,0.47229242843626007,0.30519161121266114,0.02409946748123063
2005-08-26,0.6165425579076659,0.003166289673978843,0.4711796544552948,0.47314780423129255,0.07136987296501023
2005-08-29,0.6737291205493977,0.16355411945348228,0.5827280969641153,0.4737722570001066,0.0016822891680097762
2005-08-30,0.6921131996855325,0.10681710219745538,0.40422955300577595,0.48545212312470104,0.01438552628628178
2005-08-31,0.7381089843315958,0.1595966656960502,0.5037445092762656,0.3349453934615708,0.06819694865043391
2005-09-01,0.6567342331082303,-0.2118485504953403,0.5474642042338022,0.3341265761321144,0.004743830648283431
2005-09-02,0.561348579992347,0.09532860519610109,0.5018527890174332,0.4673316660394853,0.0019330574699404357
2005-09-06,0.6847758602956852,0.09282870193364348,0.4028369043073085,0.41720423076022445,0.022703712583111404
2005-09-07,0.6083560065556005,-0.09768011536599018,0.43751177969473926,0.47561070325148613,0.021267050955679736
2005-09-08,0.565406229588728,-0.14493692236328856,0.44538363008752924,0.489386878817532,0.08334088987872518
2005-09-09,0.5664538388705969,-0.3037953803146699,0.46809974496858786,0.2639965285834227,0.07009305520189489
2005-09-12,0.6576972603738385,0.1319994318376508,0.4874917568609412,0.22172343509962755,0.021275155601383346
2005-09-13,0.6423154696786573,-0.11344997299487702,0.5319536528894779,0.4292005755769581,0.03511629920436853
2005-09-14,0.6365926909179818,-0.21776660806452966,0.5273900830563498,0.5386086237505394,0.023093224148329285
2005-09-15,0.700098301675109,-0.3180380171252303,0.5255100838578994,0.45762933518479626,0.046456565024256914
2005-09-16,0.60496184536965,-0.2964979391849989,0.435821614102581,0.36673857050972675,0.0896645019987937
2005-09-19,0.63545354046773,-0.0387791470288856,0.46186853753298834,0.3369409316610446,0.07103486997306706
2005-09-20,0.6352464455361668,-0.44045091638810274,0.4912369848331887,0.4519273882732835,0.09223918654586571
2005-09-21,0.6162483738683167,-0.010743479069825134,0.4766185257810064,0.461185593388457,0.011641955881011901
2005-09-22,0.6590528466602186,0.21965010817821928,0.4588425523004434,0.3032862088140517,0.05600085193905391
2005-09-23,0.6624341541202405,0.0933852658040185,0.5049777639483811,0.46468028059659394,0.09101800884690288
2005-09-26,0.6228049004463787,0.08407475275857448,0.5190577656799996,0.3522114477116177,0.04348653863093366
2005-09-27,0.5914055700585337,0.2128420546820391,0.5808545158034015,0.45513971029418876,0.023574587558369886
2005-09-28,0.7255598516464256,0.005184993188210356,0.5491456758025812,0.33728239274627575,0.002409621731248224
2005-09-29,0.6271612086391857,-0.007250079166039012,0.5592801522110465,0.38394158824132846,0.05979469254465582
2005-09-30,0.555573769943259,0.16742022451804375,0.5036944534318699,0.3116547373980646,0.09043220488321087
2005-10-03,0.5943184961423471,-0.03133774541371547,0.4953872073378896,0.3055413440638015,0.05002999009911621
2005-10-04,0.7087992921058194,-0.1661916272479912,0.5138809875408128,0.3650433844487932,0.0657486897297369
2005-10-05,0.6190863262829198,0.09474735749263055,0.41789348263118586,0.42063037258780583,0.009721567596527992
2005-10-06,0.6141543944395743,-0.09883073876290512,0.4692788878335712,0.39541422408332616,0.04226425452969576
2005-10-07,0.6403870162434389,-0.1517393071993961,0.4057215800012942,0.27245400888522653,0.030133709955334854
2005-10-10,0.5909767364785571,0.0578296093923659,0.4445320712175644,0.312396149214206,0.025634144288322627
2005-10-11,0.7220580402073794,-0.3164938638642148,0.5283297927632999,0.35158938394214256,0.011903807686935886
2005-10-12,0.6303321513072492,-0.006607592567719173,0.5710371465492927,0.3275491673985773,0.07363302425789368
2005-10-13,0.6370831621462802,-0.03801022770861378,0.5130634315087506,0.2911726390235061,0.028098168595177622
2005-10-14,0.606236096607316,0.1378782826186353,0.5202837323070958,0.533638456656657,0.02003824336239467
2005-10-17,0.67003260027769,0.27989503780978353,0.45353975163861554,0.3216102750940617,0.07866871035772197
2005-10-18,0.5838686632002963,0.12585930990736247,0.43740699345637263,0.3938228120364881,0.014186502101759514
2005-10-19,0.7124761837496463,-0.21369890859536184,0.47316192748695796,0.26745978106826385,0.08357611890760767
2005-10-20,0.5785395292554689,-0.2470239429620813,0.5348130191364512,0.5222236572528269,0.06298051768462595
2005-10-21,0.7668174681585138,0.1477497748527142,0.586650523003729,0.1394609742257955,0.045520259085517205
2005-10-24,0.6346012260036231,0.055323352185453506,0.3910285383880217,0.3821326003726473,0.09721147140155648
2005-10-25,0.6639673473563414,0.5256421343351826,0.604253155114697,0.5922286422897844,0.08509800461959388
2005-10-26,0.6987954008162173,-0.027451662195362794,0.519686595053651,0.3240877912683,0.037779822556728904
2005-10-27,0.7477889532415336,-0.4289441152444286,0.5786361243675473,0.5242211058338401,0.01994495829760754
2005-10-28,0.5890356512358591,-0.20879933733351913,0.4385407201275381,0.20790577370793584,0.04919894740979591
2005-10-31,0.6378162729511995,-0.24365833964602343,0.6376089570527412,0.4201895961074709,0.0837418955119858
2005-11-01,0.6844445222037556,-0.0015028368739788932,0.5607457149685083,0.4434915879181903,0.042312264685460656
2005-11-02,0.586388455506884,0.18001589038178234,0.5375815614566547,0.3153487669150373,0.08829674302151076
2005-11-03,0.6214810260845458,0.06028668954665639,0.5233517549609712,0.43968317861644773,0.013076760493875284
2005-11-04,0.6353016504514757,0.21621207320122335,0.4701418190570103,0.47151842717921416,0.08699697785352133
2005-11-07,0.6419716336108702,-0.2489977462700643,0.41370155671613584,0.409418382026031,0.04802729067219391
2005-11-08,0.6578546480299854,0.16807935133369617,0.5454090145547036,0.5105424493370925,0.027690119823911164
2005-11-09,0.5890519616980452,0.004060048162531377,0.5748147926329077,0.5678106885470137,0.0609498202524071
2005-11-10,0.6309238470713682,0.1752208620822267,0.43824218391095937,0.45628468930759447,0.03355028013637571
2005-11-11,0.5898125273548862,-0.2019814544589168,0.5683495403670946,0.2338283965448205,0.008991956406601276
2005-11-14,0.5971162927277226,-0.22058694451629057,0.4412902399693384,0.16737220519696985,0.03621395815112897
2005-11-15,0.669278222441491,-0.31305678514590357,0.5394196419119779,0.49803630857070497,0.013874368012780913
2005-11-16,0.6903409499233122,-0.09620839380821418,0.4906403349670899,0.3831942276122417,0.009194236071432006
2005-11-17,0.6498379883241155,-0.1642721367770918,0.5307959616005764,0.4802006469799767,0.07773815773375337
2005-11-18,0.6286434082230199,-0.3540279092316205,0.49467654768679503,0.3282934749075458,0.0269068659380032
2005-11-21,0.7163646363125635,0.03328625257315702,0.5828638002033989,0.34337409020594034,0.07973290973315866
2005-11-22,0.6090902287151259,-0.2579550989525533,0.5085709685080734,0.6018020168106782,0.0017434563112976422
2005-11-23,0.6428223369705683,0.052113990284047944,0.45694213801844824,0.32784458366902053,0.020571627049454633
2005-11-25,0.6442641729231334,-0.3597297958212755,0.5245134299253943,0.46393296252174526,0.09375957535601412
2005-11-28,0.6479078714719164,-0.06855303152652013,0.5066638607977804,0.5700874014811692,0.03626311933076234
2005-11-29,0.6677386546694625,0.05359575589891367,0.5171563880699206,0.43603336868990844,0.027465663906106344
2005-11-30,0.6379471545152425,-0.18933508228164803,0.5123606351578303,0.34238578801695896,0.06882604956918159
2005-12-01,0.7024411674367024,0.013003239567956813,0.4574782696510114,0.43814241113369246,0.056883532685613115
2005-12-02,0.7597138532583522,0.27595687039044087,0.49621675895045486,0.5395663488952995,0.0668728062538174
2005-12-05,0.6244277662714147,0.25620436887145787,0.565665041973945,0.35184840053358296,0.04229891296321317
2005-12-06,0.7991577126128787,-0.23846661316102327,0.6059432825588764,0.2688171511525535,0.09336463582434251
2005-12-07,0.6424588056504764,0.09716037333355365,0.38686943225663173,0.4067999785014343,0.07108003647301299
2005-12-08,0.7036455183881798,0.12391961337190892,0.5700672240218694,0.3680110938806018,0.07457999433393665
2005-12-09,0.6637562495523823,-0.19761711319993705,0.5219831083571264,0.4692093560079542,0.09510418964840431
2005-12-12,0.6496531499462049,-0.09463296285405233,0.47221701698034957,0.39248226625234023,0.05165829698494189
2005-12-13,0.6262319097784798,-0.2083150776341269,0.48948621636301715,0.4240208491583587,0.0686395051582283
2005-12-14,0.6748863524304947,0.03898486460399919,0.5286601441372191,0.45722653416726844,0.09350405467606274
2005-12-15,0.6876085015491749,-0.35664889338640243,0.5391875019890525,0.4583914889698081,0.002480331977885875
2005-12-16,0.7464955338339192,0.1657228867144067,0.6250667338312691,0.4802140500804491,0.07196349251648235
2005-12-19,0.6324900829742294,-0.23742088935029246,0.5197681581494414,0.6921479205266723,0.027512589620927598
2005-12-20,0.6471022534458654,0.4304454449103645,0.5324642343689485,0.391487732874477,0.04425913228475149
2005-12-21,0.669946329751724,0.0010064667004431184,0.608149348155427,0.41507066295798545,0.04602142622760344
2005-12-22,0.7050078957762224,0.31719687282248255,0.5139706742838964,0.29747044251025084,0.02655408819875409
2005-12-23,0.6579164517886725,-0.12607066030227138,0.45982298581370984,0.3101735321054302,0.0668561410169219
2005-12-27,0.6440639478271708,-0.230682062709447,0.47746109612666393,0.22853775754146047,0.026006522186102776
2005-12-28,0.6954772334754645,-0.3056774896001216,0.5420064306909418,0.3064229763389349,0.05689677781790547
2005-12-29,0.6790851255229005,-0.15741539439308394,0.5864344260852387,0.5954776770055163,0.08886494118458055
2005-12-30,0.6399124832580718,-0.02794767911664582,0.5718113962630519,0.4647004313441353,0.01714740556568425
2006-01-03,0.6356033854774853,-0.291307551618287,0.5186425530614409,0.4172167748228688,0.07564899037794887
2006-01-04,0.6299483935145616,0.08183394937854792,0.651362398728813,0.5381637923616855,0.019766629551783457
2006-01-05,0.5962200987073286,-0.15786709327449153,0.5411565835451894,0.42063240202374685,0.017575814312544104
2006-01-06,0.6458997309600127,0.1193318783400494,0.5124468399510105,0.39641261167597025,0.06002354039747654
2006-01-09,0.770118267690747,0.09131781710378883,0.5705924846117845,0.3740577796589054,0.027297305627030068
2006-01-10,0.5736344029574079,0.22199976583979036,0.5551136626284843,0.5005393455533379,0.08338028188180546
2006-01-11,0.675546488631479,-0.40434082383418657,0.5680474788864729,0.06365602285036764,0.08509779419410554
2006-01-12,0.6074177362125552,-0.49633971421627,0.515479034594516,0.4763708430403511,0.04651923751615751
2006-01-13,0.6277870789421071,-0.03873068016162381,0.5614879123018295,0.37349173888190124,0.006739527743106166
2006-01-17,0.690189043190471,-0.3544739898098792,0.6155387019223703,0.5657216493371892,0.048371934041784574
2006-01-18,0.6716622746559423,-0.454057313990085,0.5054237451384314,0.3249925282292042,0.09086305413293894
2006-01-19,0.7040921994742261,0.44608129339233715,0.5862750866253081,0.4887183332601729,0.055087143423465657
2006-01-20,0.672593394804435,0.17496849100854578,0.5409022655080489,0.324636991881973,0.03385268673145752
2006-01-23,0.7049202600175432,0.10295001382685609,0.6207674174221104,0.21017122658977375,0.0478742978851119
2006-01-24,0.6917915033815095,-0.08954879206205117,0.581220829289033,0.326697437372357,0.01245369962663574
2006-01-25,0.6344472010676425,7.75720330628929e-05,0.5815327881028247,0.46927676430219184,0.027564830625437978
2006-01-26,0.7169759318149524,-0.4340020025755298,0.6423278747200669,0.3564036625542553,0.09361749846783565
2006-01-27,0.6709994979482706,0.06908714305314415,0.5704524161442459,0.3721413272200746,0.07253026448084829
2006-01-30,0.6889152123297775,0.045368728268917524,0.6247573541227789,0.2653268875729837,0.053239834371854936
2006-01-31,0.6820251353909266,-0.20097665237167442,0.5728320774343287,0.3287612678367223,0.0622453866642426
2006-02-01,0.6132254793092313,-0.23533921364372504,0.5674467865044187,0.1815931328029258,0.0019288893922405404
2006-02-02,0.656801846297322,-0.15018023378688672,0.6430677668309718,0.4781385360779359,0.08806637431286915
2006-02-03,0.6818021799107525,0.14873167619962444,0.697998741235283,0.329508000145076,0.7579202889498122
2006-02-06,0.6954336798902903,0.216977503435116,0.7402598306952973,0.575742813606419,0.033811406473883435
2006-02-07,0.731013923998595,-0.044210290057993686,0.4951410525303654,0.39203248464060203,0.048830935058297914
2006-02-08,0.6978364512105665,0.03329294279237826,0.47472798817318534,0.4374430620936868,0.05232138515721131
2006-02-09,0.6924452689762512,-0.22873535306679074,0.6077891721702038,0.5147428836959017,0.03502464177383676
2006-02-10,0.5891148142902677,-0.11723888404826399,0.6437005579974756,0.16197819062407512,0.049641372967946976
2006-02-13,0.6029006862445163,-0.1330730986900131,0.5454401319953522,0.36699857732158736,0.09531018707230271
2006-02-14,0.687605654382206,0.03565632924724737,0.6199916712416876,0.4631922221073344,0.0814103505649036
2006-02-15,0.587509841686938,-0.23312408271248827,0.602138085396466,0.35650452682030487,0.05590157883990533
2006-02-16,0.7180223850878549,0.13672534047988247,0.5699594578366675,0.3993875591444462,0.07807710925747641
2006-02-17,0.6692122650016857,0.29270648427184237,0.603168668273143,0.20422731753937817,0.07002602411632851
2006-02-21,0.6598709244265869,0.12223404569743213,0.7399350621971336,0.21269605092037006,0.030264524690368555
2006-02-22,0.6192504182200236,-0.19492143943047402,0.5851855201046299,0.3464627230570374,0.09405124050397984
2006-02-23,0.6167746630802655,0.047466406865840034,0.582975891214754,0.43141720491240193,0.07210950598293947
2006-02-24,0.7362230256054475,-0.219533018220996,0.6291386737070632,0.34568242417016276,0.01599182244154408
2006-02-27,0.6508780730507292,-0.01128443135967127,0.6250646087579121,0.3472161250356871,0.0628727748852585
2006-02-28,0.623204601457994,-0.03334955126574454,0.6771957470760365,0.27650961695839793,0.08567303488391387
2006-03-01,0.6926994843854158,0.10474566492586737,0.7053035642762172,0.46232489305273455,0.044977693938306335
2006-03-02,0.5887932640904134,0.03586854454671005,0.6206896438958944,0.4991368171064461,0.060415940517070624
2006-03-03,0.6236691654922919,0.1983267351003151,0.580700544937303,0.43403849513227055,0.02307580957899018
2006-03-06,0.625839345718565,-0.33404749776295944,0.5176246121029833,0.5230723201423706,0.06491252250769074
2006-03-07,0.7512785967384079,-0.0074938110575503425,0.6367826418613777,0.4357598403120351,0.05376889844743468
2006-03-08,0.611831271704259,0.3223022397654575,0.624007209096713,0.39046855923222734,0.007644080662261844
2006-03-09,0.6878626314568775,-0.03581672250831176,0.6080317059679499,0.3736874544929023,0.007288703830005173
2006-03-10,0.6932225738233396,-0.06543224849363775,0.5520542203286407,0.46685717113934483,0.0332410791580677
2006-03-13,0.5817745452927393,0.20741706966293505,0.581511530946517,0.47444147763970446,0.0444101579931474
2006-03-14,0.680673896876117,-0.11770976827891089,0.569513017470844,0.46671710110100867,0.0791840473949692
2006-03-15,0.6588768273183508,0.006219127556739164,0.5537068195290091,0.5392728167222456,0.024357781392876365
2006-03-16,0.644314067665981,0.14445040958989794,0.6006089420682206,0.41390366593402156,0.054254606710225084
2006-03-17,0.6615473430883757,0.12392010128319178,0.6061589463790598,0.4541805738222343,0.013794643835287813
2006-03-20,0.7381824710605226,0.15734835493311108,0.6146157950213582,0.3733435649438869,0.009771940715139994
2006-03-21,0.6383136732357124,0.16098139184488688,0.5160850868712564,0.4525993965849266,0.005349254174304297
2006-03-22,0.6471058953820721,-0.16227398355394643,0.6372132825886135,0.567765694109799,0.051099129451658655
2006-03-23,0.6999041002117641,0.20029890578968193,0.577352883530017,0.2523249076243733,0.0750136103276039
2006-03-24,0.6621203773776597,-0.08951723725561056,0.6022123695110545,0.32224775632180447,0.03335267487006099
2006-03-27,0.6341853286746223,0.11739699218405447,0.5616813444467994,0.434570952094869,0.05525247510247377
2006-03-28,0.745682526262105,0.05601380623744692,0.5882943778453296,0.37027370884602445,0.09760175141218413
2006-03-29,0.7072624532816013,-0.16475658170515375,0.5821568399757654,0.45803709292237305,0.09421575278219463
2006-03-30,0.5950601391142051,-0.09054295736912057,0.6198696271620092,0.47956898962466793,0.002922844122660062
2006-03-31,0.6038473655573475,0.19853632302345817,0.5285756146959727,0.30850071831919773,0.026059900126116278
2006-04-03,0.6417110028060524,-0.14029280911208294,0.6200100888586901,0.39985401950115146,0.028510507682461318
2006-04-04,0.7571493508748142,0.2838412129168935,0.5628756055938574,0.27552376397716116,0.04784434314074622
2006-04-05,0.6478235786265154,0.07252856941357103,0.6265226593331699,0.3783464154379611,0.07844862954213185
2006-04-06,0.6655296903880603,0.3404278026727255,0.6151374345784495,0.31835155794928416,0.9338917971225591
2006-04-07,0.5456286566738757,-0.14621020322813746,0.6592896877124461,0.5107187442560789,0.025659823570408125
2006-04-10,0.7351958527273708,-0.0471302969975984,0.5851345190801174,0.44397821704266105,0.06234883292857033
2006-04-11,0.7118727771345164,0.10610610674447173,0.5821212881331597,0.3597988294439463,0.036422738512305076
2006-04-12,0.7008703749353474,-0.012318347906487705,0.5808175652237411,0.3519148491674674,0.015463282768766129
2006-04-13,0.6594962381122944,-0.048353600281796145,0.5510794294021969,0.40808610385596694,0.041210939204884514
2006-04-17,0.6570690522653965,-0.0852099913587836,0.6616429830016913,0.26063232043199763,0.05421725050582196
2006-04-18,0.6364306186562984,-0.13051438132063417,0.6231075635697209,0.5371538030479498,0.059465680577586146
2006-04-19,0.631900979409573,-0.15827948889193522,0.5825579909301997,0.3350017628708781,0.03980395400637912
2006-04-20,0.6327718832426104,-0.1376090851278233,0.48853517361817544,0.47848579132416486,0.06331109337716893
2006-04-21,0.6481565551556483,0.14812480034998107,0.6133068897547749,0.38756632695307575,0.008307897595101033
2006-04-24,0.6238243684009389,-0.19633038892758609,0.4931834149051647,0.5118831861313393,0.08177638590462484
2006-04-25,0.6049623193349208,0.003627409066376803,0.5513247637557657,0.38535824037194766,0.09535680945992217
2006-04-26,0.684584359425088,0.10602351411523812,0.5720882777295783,0.4320112675243373,0.002477238378961577
2006-04-27,0.6192937244222346,-0.011906877190692292,0.6397416795453925,0.47050783868237644,0.038455186541672695
2006-04-28,0.7327329200947679,0.10208412113313542,0.6011289152143351,0.5408314339512534,0.028093457606531737
2006-05-01,0.7429595057414458,-0.05421173730917438,0.6191654034159038,0.3576473553412315,0.03485541852626141
2006-05-02,0.6759039803909793,0.3726346558883147,0.6210890724121961,0.31225833228805044,0.03142654156089127
2006-05-03,0.6298086275625917,0.1358536898940926,0.5993649947667391,0.2988467667690471,0.06696056702068534
2006-05-04,0.641232529273242,0.3301395350469132,0.5787904910816959,0.482785967304977,0.012614332721540979
2006-05-05,0.7479825853241837,0.01731702916525355,0.5876526102410944,0.4258909465198104,0.024877441688399938
2006-05-08,0.6685355945697823,0.19805234486761958,0.553727429936578,0.3129931935561042,0.011645169277831114
2006-05-09,0.6367940506067334,0.10855944051763884,0.6790004434966533,0.3536106140878856,0.03172173900752663
2006-05-10,0.6650937787940676,0.1240782608094555,0.5957154824034124,0.3036143581781056,0.017972638653633733
2006-05-11,0.676112755133104,0.07858899372178046,0.5958277229136236,0.6298861400650988,0.002260339705110093
2006-05-12,0.6956738727681021,0.14180854360914028,0.5366852948495024,0.511808992932426,0.029592558394298286
2006-05-15,0.6199640212901106,0.22880979048150818,0.6557696467756513,0.37860766684485087,0.04368642832642893
2006-05-16,0.7295358057212984,-0.2510733339237716,0.5614085910515905,0.36577583639349265,0.019754279188721247
2006-05-17,0.6860954306311274,0.19718821684893648,0.6522173192436802,0.2375623789083766,0.05637524274042062
2006-05-18,0.6339494505809571,-0.3134055613273797,0.5844941210069493,0.33522744849021746,0.026679913483736373
2006-05-19,0.6302097822498448,-0.23789899497429753,0.6286248913853967,0.43063106973427223,0.0663055243814208
2006-05-22,0.7545790931731006,0.019125088487938393,0.5923148030037659,0.20199535523553422,0.08221339864656597
2006-05-23,0.6570162812594891,-0.17518576858935964,0.495335276859468,0.5314621301632599,0.0169362015093255
2006-05-24,0.6333556833918746,-0.020700837172605194,0.5765916538479136,0.59762711816478,0.05308205697841689
2006-05-25,0.7082900393795105,0.4518333062810676,0.5902349721813173,0.5228198404701953,0.00630494326444584
2006-05-26,0.6818461688682984,-0.39092488242959583,0.6023263583756776,0.4491939397729089,0.05404568832155633
2006-05-30,0.664172898839666,-0.1803281654186928,0.63455000510699,0.3293343318018988,0.0513105455534288
2006-05-31,0.6590522178183393,-0.08743554517470406,0.5408165071067225,0.2626222948571961,0.04699305703815955
2006-06-01,0.679052875192488,0.06214361068598528,0.5190269649307088,0.44495443594119066,0.038681108885683414
2006-06-02,0.7020462661955792,-0.4078121653328,0.5536659733147876,0.3704694860613031,0.04576761465942425
2006-06-05,0.6473964187529414,-0.056135127143978614,0.6485375561975734,0.25811764450546015,0.06208218990432023
2006-06-06,0.6110805750602875,-0.03301272642193394,0.5134485488953644,0.34545134325408217,0.09511444567209523
2006-06-07,0.634319397562383,0.39857070386871685,0.5361402508541999,0.17147101711974533,0.008781360643838831
2006-06-08,0.7362838778428735,0.06789035519929121,0.4487747471635072,0.29289778264381344,0.020067864425261584
2006-06-09,0.6630375544548411,0.15670774075436222,0.6089605302520911,0.34149373600740623,0.015902874056432658
2006-06-12,0.7187072250742599,0.03666811442700157,0.6338727321553512,0.3519842470639988,0.09128524978419816
2006-06-13,0.6952870952403016,0.28208125230086467,0.5918737314868736,0.32308636382095024,0.05044709567955559
2006-06-14,0.6214793507566351,-0.07759383332217226,0.5544078199394339,0.28288845435278975,0.09580490573473427
2006-06-15,0.7058279110146436,-0.40430856907991547,0.5941932845281882,0.5786432145507743,0.05332395686519312
2006-06-16,0.6834028183416804,0.11866806147725373,0.580469797333617,0.2636567411860514,5.055979649877252e-05
2006-06-19,0.7188082958297219,-0.26379063846516904,0.5440556588315183,0.4932915424457134,0.020885769558236636
2006-06-20,0.7053795680796618,-0.0971330020023265,0.4784544184847332,0.3604032049984194,0.08043487427357299
2006-06-21,0.6426155473599053,-0.16796053612467418,0.48811089979941424,0.45554310710518214,0.07107297685385526
2006-06-22,0.6928806220303,0.023452425870364592,0.5389927592180936,0.32375199176526803,0.06572512215405539
2006-06-23,0.581932723291868,-0.3315866052424319,0.6026749909365764,0.5223595289109806,0.07211767161413545
2006-06-26,0.6516504198647587,0.1193525468017998,0.6275617106638944,0.45400150846039233,0.026848138819482018
2006-06-27,0.7007283233774545,-0.1385618238654459,0.5350796945307909,0.35264550136208,0.002558643042073472
2006-06-28,0.6875252973639697,-0.1340966303435073,0.5873079350890438,0.20777673882067704,0.093791345147381
2006-06-29,0.7603628197372425,-0.16017715219646486,0.5163184633433371,0.38946211564763783,0.08974712025042997
2006-06-30,0.5434428687399937,0.05751286321077251,0.6039675749318898,0.41453200151674563,0.07045512564506505
2006-07-03,0.6480276491961559,0.2600008297327838,0.5920126118785447,0.3079031863405187,0.007693263889100777
2006-07-05,0.6018162945731189,0.16910766136675698,0.5509437162791099,0.38095808346592414,0.059821281624779704
2006-07-06,0.7015005886942878,-0.2593404156386667,0.5854389378166827,0.28678737903163387,0.03606184659575847
2006-07-07,0.6491177293230382,0.08951654706146654,0.5433946718888685,0.4257776220072294,0.07951693354271758
2006-07-10,0.6715986230915778,-0.2582383035222139,0.5749260586554894,0.3920748143459005,0.06183320275235691
2006-07-11,0.576334901228811,0.14387336494967248,0.5869267809901677,0.5581218872756862,0.09899363944516325
2006-07-12,0.6378698357243323,-0.20074710848680485,0.49201893901418425,0.40910284907400424,0.09411011260490643
2006-07-13,0.6476829648122518,0.3969769821334203,0.6949371338953676,0.4676357153037987,0.09457403789927318
2006-07-14,0.6162710464537888,-0.17134476732943316,0.5074161297943397,0.4435413361252923,0.04707795125967445
2006-07-17,0.7657027948216542,0.1954677949139128,0.526115003388699,0.49138553019441134,0.0667540991099952
2006-07-18,0.6716738410847551,0.14744710855016382,0.591835815963926,0.3204053606039605,0.03295628090555465
2006-07-19,0.6716794634088893,-0.1617867214227027,0.5152205634943228,0.5736566386240899,0.054607704122610394
2006-07-20,0.6396447227619451,-0.45739480557696804,0.5373614449101584,0.5980031688392351,0.05537563841035919
2006-07-21,0.5973596229167625,0.2839738185823499,0.5193950874130548,0.4156678699913278,0.06034737181718806
2006-07-24,0.6130172923143058,-0.4993271991555854,0.5622308519724324,0.38836908468945625,0.08398383932170855
2006-07-25,0.6878009711104965,-0.08844584902495016,0.52743125301553,0.13968341415028623,0.027621742378865378
2006-07-26,0.7171945604125747,0.0887172987602828,0.5311174377260195,0.26752511058214595,0.09173906142579046
2006-07-27,0.716798512694267,-0.38967664451592154,0.5430829265412349,0.4231166622734816,0.002530463891605872
2006-07-28,0.6521868487266353,0.30959568113194624,0.5044219320965968,0.28191734971198096,0.041209268209066466
2006-07-31,0.6581926534276283,-0.016708084400088096,0.5779253139219471,0.39030422211710464,0.007550518122598349
2006-08-01,0.6532506990326681,-0.018669149575747418,0.5135633173072567,0.19993297498523666,0.025806152467577184
2006-08-02,0.7155693955311263,-0.044702988571083846,0.4645145769174148,0.5108414439353962,0.0325322004423109
2006-08-03,0.6738341848118095,0.22291430504844612,0.5860779025201328,0.36846964801914567,0.06487788744831284
2006-08-04,0.7235926088391929,0.043217193920792686,0.45422273165797056,0.28016744459031495,0.09246996067868425
2006-08-07,0.6974378326645512,0.1710906195840982,0.5434389483551556,0.314929577927051,0.09339824679577818
2006-08-08,0.6049194230098223,-0.0016897610292245292,0.5107455481345572,0.5371856221402406,0.053286991028982295
2006-08-09,0.7236293082449923,-0.07890494096658748,0.4873233366739629,0.40145872817567396,0.03149632056881148
2006-08-10,0.6267785553011037,-0.18618948073817762,0.4336223281755631,0.417724806713731,0.04467938154811521
2006-08-11,0.6472569936421939,-0.18204787277791712,0.615426446046633,0.5936625937537156,0.00432929797049273
2006-08-14,0.6924497189667693,0.1761575488391759,0.4948074209410947,0.3591435796459193,0.013029103336221448
2006-08-15,0.5385013621401991,0.002938724837933529,0.578489723533101,0.29844108556063675,0.05089098522346184
2006-08-16,0.6298237826683493,0.06890382944042077,0.478563183850794,0.26919715433532,0.09654038136612465
2006-08-17,0.6240566037260951,-0.21406637312779675,0.5106417078858784,0.2763613784196256,0.08721672926908652
2006-08-18,0.6744788471228376,0.31962355231360373,0.4962955741216327,0.344112267275387,0.011747951420830051
2006-08-21,0.6527537502470753,0.17443638869582584,0.5407400727766002,0.2656662184395041,0.09845430187738123
2006-08-22,0.6312321114072047,0.4628401811083405,0.45136624595783703,0.4387827646068341,0.08189369563121535
2006-08-23,0.6861060922220918,0.07307551579104139,0.4903514561450919,0.4104750564362304,0.08739193913289484
2006-08-24,0.6468415940466058,-0.2113631747142608,0.5195605050708928,0.36577182596863844,0.018032224014363087
2006-08-25,0.5969169563973526,0.23132708527162352,0.5155393934717419,0.42346925383017253,0.02784601881723724
2006-08-28,0.6731244081734562,0.09997531183908684,0.4762120579523519,0.36928448857984986,0.019826116953601813
2006-08-29,0.6480003075229189,0.027783215021310637,0.5086625006465305,0.43133529927447467,0.09946580827358746
2006-08-30,0.6547897437531345,-0.5248409650230931,0.5391550938086637,0.3717064758895988,0.08510059942902282
2006-08-31,0.6139106843848834,0.045221957900715565,0.5671222302934208,0.30474395985610003,0.04327383751243008
2006-09-01,0.6715789787344525,-0.04509802269699464,0.4948476078095693,0.35823801817978423,0.01048608844944966
2006-09-05,0.6304609208599576,-0.08766485130684812,0.5490091824336509,0.48843208556029705,0.014349940443072208
2006-09-06,0.7309842866868964,0.37316173721921575,0.49263494544562336,0.2797811072027315,0.005324008275378611
2006-09-07,0.6473795055031694,0.2084989944685514,0.48059001493211706,0.405844558489122,0.08697614996019304
2006-09-08,0.6744646932967449,-0.017391704404175132,0.4858388879167708,0.3376534604582257,0.047735565458660215
2006-09-11,0.6171419850211045,-0.6365216495120566,0.5510048628998238,0.4084941685305825,0.028665746629540714
2006-09-12,0.5626204722838102,0.002129253166039394,0.42891807980224855,0.4659952143903654,0.07138338754173182
2006-09-13,0.6619451359110053,0.09337923849010267,0.6320357333217543,0.3579682206612646,0.0029629753202886524
2006-09-14,0.618115510870591,0.13927336834972984,0.5530424980761904,0.4491214227402181,0.0742650898458095
2006-09-15,0.6914841495186017,-0.014097285404658719,0.5200569429068213,0.47391372665710707,0.06399759587307385
2006-09-18,0.715826016435493,-0.011474408892312798,0.4430256957206648,0.4915113606478781,0.006656997303382196
2006-09-19,0.7171405996022895,-0.1519138473138112,0.5582406544238321,0.5810538345811804,0.017799822368659336
2006-09-20,0.655397153554249,-0.17993806259005474,0.49251176700036914,0.5210556732396281,0.020918821257076548
2006-09-21,0.6499840461924026,-0.14797064046022954,0.4955096921752624,0.5302909096076885,0.0906679931154602
2006-09-22,0.7169386717492727,0.20955253910421578,0.5245273247943497,0.3622328944237295,0.03571485222588268
2006-09-25,0.6503729552424029,-0.03352550262867877,0.45245479156156554,0.5532218135043183,0.09030298241760115
2006-09-26,0.6746220256631527,0.09869820523902016,0.43710421552100703,0.10854472974085722,0.038598546713586715
2006-09-27,0.6626458632485601,0.0931903435852974,0.5157302816119979,0.3778650503630346,0.09272540431300456
2006-09-28,0.6099847750585882,-0.011326042169644881,0.5040023787290998,0.3100068159660001,0.07652666632179092
2006-09-29,0.673522212034886,0.13401205257382168,0.4522137431358602,0.3399491467828577,0.032339380270946884
2006-10-02,0.718521144602416,-0.0023896988491379435,0.48872543855295025,0.4621798972763546,0.09644847335916416
2006-10-03,0.6515449087541363,-0.18604242390866044,0.5180758686814804,0.6078335184461384,0.09811307136491404
2006-10-04,0.7566097654733152,-0.2681620287576724,0.5277545543328087,0.40104714852300677,0.03233016441602784
2006-10-05,0.7582631364602577,-0.11146315234446387,0.49008144343684285,0.40958626438247947,0.03444758071853734
2006-10-06,0.6352153216474694,0.3177399896878368,0.5176643984472984,0.31727913788224593,0.07125346473429427
2006-10-09,0.5853720999616909,-0.043212512116745455,0.489427720119645,0.34222206329713956,0.008481406111247414
2006-10-10,0.632895189655026,0.28140232918823216,0.4610432265131164,0.44070799243255016,0.038835291117180974
2006-10-11,0.6863746012602226,0.5575171267450912,0.538455631405582,0.3306473506761946,0.06605176822898012
2006-10-12,0.6164144260778173,0.03023381435493159,0.48284320328246766,0.40332234491746927,0.08127161019413542
2006-10-13,0.6544958390005573,-0.2875662345755446,0.579076353734929,0.3612044028674993,0.0021723027170380215
2006-10-16,0.7080734308806022,0.12944641946719507,0.44446390223577753,0.5476857596001048,0.0933873863148506
2006-10-17,0.6324089047660774,-0.06624619193739281,0.5388987151546654,0.34667350447416456,0.058859169717577445
2006-10-18,0.7050820515302766,-0.07113052757805641,0.48373992220020845,0.3079193108186422,0.06703275761347426
2006-10-19,0.7005104213934205,-0.05129837757078635,0.6103167296790528,0.5021246576663467,0.07247431677794325
2006-10-20,0.693305053070555,-0.05362621114280476,0.5100138750148772,0.437405090141673,0.07950261022308469
2006-10-23,0.6280489197532727,0.02549453861223938,0.39587637799072983,0.527964350360373,0.025414532397361713
2006-10-24,0.6606898057258619,0.11775062798862208,0.46701150956183674,0.3216081755776775,0.04441360996691449
2006-10-25,0.6574089317080576,-0.13374182340870283,0.5343910701985657,0.2991519811432579,0.014525186101551513
2006-10-26,0.7141154130654953,-0.24018890457903277,0.4757957605462896,0.5762943062578763,0.08105183742533795
2006-10-27,0.6812313134030072,-0.08067967969111392,0.5498939190009526,0.4451906269092168,0.043531581854442614
2006-10-30,0.7881528991140598,-0.01680410634671736,0.5163981947756202,0.4060015282757365,0.08407728668724011
2006-10-31,0.563558485084197,-0.044539878669889885,0.4129619111251579,0.401538129774649,0.03492541647255167
2006-11-01,0.683014050655421,-0.04087130173992674,0.5620220105883491,0.3867844091089336,0.03886927546209418
2006-11-02,0.598547348032854,-0.038222497680256734,0.5807281205704653,0.4300384008497663,0.04683862394580484
2006-11-03,0.6515111730442871,0.08370824794388164,0.5269680994716194,0.2595553881926951,0.09153898870657223
2006-11-06,0.6669719207726347,-0.06943422697112843,0.49749893718982485,0.575320124992265,0.0008912792662496339
2006-11-07,0.5821034858100957,0.06707535753889472,0.5531815100688882,0.4923240779006514,0.08948436724841642
2006-11-08,0.7025966417504758,0.12084683650943756,0.4981781588506653,0.2461370650241849,0.019503602427632917
2006-11-09,0.6341764765969272,-0.3601476024806903,0.5047242917239433,0.5020280289022333,0.04211872644099889
2006-11-10,0.6135960727807074,-0.08703032721335541,0.45904419411650227,0.4198516490390584,0.0907122550958112
2006-11-13,0.5661185402543244,-0.22226904945483522,0.5499997573987544,0.3009673896560189,0.051335402690233845
2006-11-14,0.637471409501328,-0.15256830374941802,0.6345290638873928,0.3836367165230731,0.008660787510616597
2006-11-15,0.5935634910448663,0.15658711166917513,0.49522126813382483,0.2306949577073758,0.0233563985976636
2006-11-16,0.6715381598066442,-0.004255873386200833,0.5627705260451128,0.5299604762386658,0.030881740118627744
2006-11-17,0.6352022426085007,0.035160059032460375,0.5764260052982142,0.4897825967933371,0.06241772104480723
2006-11-20,0.6385335222914736,-0.3172726446620795,0.48779440912492084,0.3910492556794886,0.07835620073453581
2006-11-21,0.6837325174863128,-0.22476375016920588,0.5388630548521834,0.4600008159259284,0.07598811295488228
2006-11-22,0.5660815558453631,-0.03215723174474471,0.49598864806213067,0.48773945282068915,0.02816895234427528
2006-11-24,0.6322642108887101,0.023038706495378713,0.46418434884442494,0.46235703895868946,0.09378620821285832
2006-11-27,0.6485409654749374,0.025945292783896148,0.6143706157937399,0.3552502880531362,0.07341882917246494
2006-11-28,0.6664566682536495,-0.35147895165294296,0.5037826007326996,0.4768459276276044,0.08231498616170495
2006-11-29,0.70037793451897,-0.21985313828130737,0.4952535397080886,0.4736981304417549,0.025715185059131764
2006-11-30,0.5877150575781515,0.13977268998813172,0.5729570785754641,0.4797465552691797,0.06158011080374788
2006-12-01,0.570102833241416,0.15031905131189938,0.5370358388563548,0.3101375975405477,0.016686823362781402
2006-12-04,0.6223138076653518,0.2019076045265135,0.5782220187592955,0.36442205922195053,0.03430558886890731
2006-12-05,0.6110973378264094,0.001234743258479731,0.5772818541283331,0.25207033023137576,0.07701165978247651
2006-12-06,0.6926802230950246,0.2642845491346884,0.5330695575977291,0.3315367761612249,0.006329368667217739
2006-12-07,0.6403583312102379,-0.1774587600288604,0.46917905948212973,0.43054601803081116,0.07053614354947688
2006-12-08,0.6665979163261551,-0.1022107923455608,0.46837108935279936,0.3132461216696733,0.02558497785009092
2006-12-11,0.5987739884717045,0.048009576123929365,0.5190226800786093,0.3774148114623994,0.046695147150444295
2006-12-12,0.6252963123279297,-0.1024857828941713,0.5404226993107435,0.26865839417874604,0.038747311273747545
2006-12-13,0.6475451394486511,0.11339082239849865,0.5741441146323363,0.35937101754848516,0.054457178443353765
2006-12-14,0.6013607686750458,0.22290946885985147,0.508787217812488,0.46414559797894467,0.0463313652656699
2006-12-15,0.6629767525194209,-0.004971898037671511,0.593560627862459,0.5288245880374637,0.019165617780539525
2006-12-18,0.6960975025790576,0.011891200586574384,0.575114462132301,0.4416081247569988,0.08630264358115002
2006-12-19,0.6948163494996903,-0.14604924015522744,0.43048821538157145,0.34822141314424526,0.007719610934423338
2006-12-20,0.6301981206049456,0.06157715917989901,0.5918655190018344,0.48315022787628,0.0763455773397099
2006-12-21,0.6471048820401458,-0.11224810814909292,0.48977679687057296,0.1767938095936804,0.09413465468548395
2006-12-22,0.6885343375669847,0.04660067285930941,0.5237246380359638,0.43481816066325446,0.06316619765663614
2006-12-26,0.6620703425196227,-0.21932091517600374,0.4912745306836909,0.5231802127264317,0.07625454629383371
2006-12-27,0.6390534228453317,-0.10739623714370515,0.5705302763706459,0.30625727868349406,0.006890307018447017
2006-12-28,0.6126764321373017,-0.1413867924672477,0.5604531824170754,0.3405972355935458,0.09159094693043153
2006-12-29,0.740407208776005,-0.030072986309030943,0.5185442210358227,0.4815757098847426,0.04030194915551434
2007-01-03,0.7464791145972997,-0.08885466924126888,0.5403294440940907,0.33795448109245224,0.04455983787580662
2007-01-04,0.5781247605982955,0.03923019807876313,0.5708261130138658,0.47824478731013637,0.09801560955260856
2007-01-05,0.6886951223994399,0.08420123707357667,0.4484058142825288,0.5135347709891674,0.06268501773105714
2007-01-08,0.639572036856771,-0.21942941471766708,0.559560817980123,0.6195664150213549,0.04677443862656769
2007-01-09,0.690599638328726,0.2785040595752732,0.49263128671043743,0.4612622916281434,0.047674684760250635
2007-01-10,0.6823931848738752,0.03913553390834797,0.48495383402461,0.29319159320072957,0.025762102607102846
2007-01-11,0.623399933225521,-0.2077761680461316,0.5877772210757197,0.2788179939828511,0.014881614342119398
2007-01-12,0.6437953866607148,0.07626418965624004,0.5177442978615766,0.4579179435546076,0.05426039446096375
2007-01-16,0.6390479167509932,-0.19987509194034855,0.556564608402274,0.5139183689410479,0.037593494606689516
2007-01-17,0.592455219543764,-0.29522749221851097,0.645220308390429,0.5749478719458483,0.08794010654007146
2007-01-18,0.6336119975496106,-0.06369630861778981,0.5266410238997559,0.31108999089661304,0.061194985751084424
2007-01-19,0.6343085846141743,0.1729735188302994,0.5498789181037497,0.6190696826703881,0.05909236130955703
2007-01-22,0.6870873020580048,0.303604902056805,0.5260501016197237,0.49330111240717844,0.06270134655843766
2007-01-23,0.6524378982604578,0.24677427317034017,0.5634875384387218,0.5841213774930505,0.08531186888874848
2007-01-24,0.6574854877067702,0.3281128028408494,0.5772198181934519,0.28753263238335397,0.010816117871331354
2007-01-25,0.6512125276051345,-0.3995183450090547,0.4768132344035191,0.5458184671214702,0.06827109087411522
2007-01-26,0.6594890148311644,0.10639108108081854,0.5258562349374222,0.38361778275694447,0.05707335612555116
2007-01-29,0.7559089597497183,0.10008261599017583,0.6013219796143465,0.5810079723883832,0.02940593301718374
2007-01-30,0.6438251131908215,0.0824491764078446,0.5607802891415321,0.35048983244702275,0.014055503506557722
2007-01-31,0.7392687588888606,-0.14690485371696113,0.6188339268787679,0.37987516317392045,0.0405425435663159
2007-02-01,0.588977027295325,0.1739195852403364,0.6292237675725156,0.4521908231247873,0.0012158553905332826
2007-02-02,0.6679113396428613,-0.3161017730955123,0.6561649136605249,0.38087389108600334,0.020511522277073726
2007-02-05,0.642681878414428,-0.29331449834079726,0.5907785381313642,0.5116041366482535,0.09081701484960597
2007-02-06,0.6200320343503742,-0.01139321887863703,0.519026786847753,0.42104571480210073,0.07395049088357757
2007-02-07,0.6083269602291637,0.1328902927321381,0.5599562491400893,0.28888437510529413,0.01370639026612437
2007-02-08,0.6567427344306427,-0.1501826591820946,0.4792256482520997,0.4099677712330148,0.04238778188466762
2007-02-09,0.6627995303997296,-0.13940466001933613,0.6103836116079548,0.32547527748741956,0.03482161065057473
2007-02-12,0.6830150184389298,0.018331035297246157,0.5784790271184952,0.4408392211325853,0.07342359583413156
2007-02-13,0.6833400829562902,0.009042311860110687,0.5738245219972848,0.32639701706218666,0.03891789495648987
2007-02-14,0.7409906530885854,-0.15494315130436215,0.5162997290884159,0.2886253614292972,0.06288441672958225
2007-02-15,0.6211623592449682,0.03609211818967396,0.5705124164353517,0.31600161226544,0.011169313858752873
2007-02-16,0.7232663045717906,0.006983341511994069,0.5563888590941112,0.40029978876016925,0.028711273355065504
2007-02-20,0.6536753136609552,-0.16496850683079506,0.5584472917024949,0.34459013623479173,0.06978610609959886
2007-02-21,0.6469974674678701,0.268867445772828,0.5200013726645735,0.4690291614791912,0.09031881351707848
2007-02-22,0.6836680445149018,0.01289308402062581,0.6417069734856833,0.4135586584303919,0.07446170121470144
2007-02-23,0.6238244663588687,0.2715868900594564,0.4671872986279787,0.4035008805628515,0.013026183662448555
2007-02-26,0.7125555886615327,0.1592294775880789,0.5841402768645968,0.42326059956540285,0.004364910324881621
2007-02-27,0.6800952440650666,0.07070127319476248,0.4967062509695761,0.3477410414206143,0.04133548594422755
2007-02-28,0.6645170426125853,0.11749494503162979,0.6242532562325521,0.5524328729341439,0.023115021705923777
2007-03-01,0.7633804723834109,-0.01805852213243295,0.6599855243911982,0.4746054532383814,0.07331728031751107
2007-03-02,0.6213604476153815,-0.35388302873100425,0.600954898365639,0.553376674819942,0.04401712226399223
2007-03-05,0.655444116876973,0.023149578107976035,0.6155370578636795,0.43829484520314393,0.06637950375557346
2007-03-06,0.6500079866727725,0.13845560277228802,0.692146421361062,0.4464540723434444,0.09761902254045865
2007-03-07,0.6345041957463488,-0.3396726665054008,0.5839281105889633,0.37690778907776923,0.010674033736215961
2007-03-08,0.7113650589242011,0.03439532951455794,0.5636753571592402,0.2742056733548043,0.011625507616054232
2007-03-09,0.6647387792341948,-0.05320832178616889,0.6126866837185544,0.4118468100618386,0.012039398988019069
2007-03-12,0.6751550231251667,0.157786561887121,0.6542870347611978,0.366651715382238,0.03597650232700227
2007-03-13,0.7056180032096452,0.3895610629299897,0.5007008237685067,0.0356600400538673,0.07215516433481693
2007-03-14,0.6826750644741502,0.018472956174578514,0.5953315622229335,0.49032517807135867,0.008297323115477229
2007-03-15,0.6174934739297443,-0.00412684427047919,0.583994900586763,0.270323087272213,0.019963850426209198
2007-03-16,0.7110110958432337,0.03035855452071993,0.6217916776989135,0.3199293826524224,0.07965765335612814
2007-03-19,0.6833436347709485,0.1624461797467514,0.6099423040872985,0.2863688547978147,0.023354693135973326
2007-03-20,0.6673667853982004,0.36133013279949605,0.5996697972516705,0.3427426308979712,0.060828052484832064
2007-03-21,0.6331313159232506,-0.009375360679854797,0.5754082020984145,0.41257102607418267,0.0437209841094685
2007-03-22,0.7353108962252091,-0.39505459371975254,0.5955127560949004,0.36985011681114194,0.06475118307020032
2007-03-23,0.6586642461553148,0.009633928400967186,0.6446169134818346,0.2773877638500346,0.015911603583590762
2007-03-26,0.596986976859282,0.3813566592214992,0.584347258171973,0.29495164515020983,0.09395206717944582
2007-03-27,0.669279873246797,-0.12456073342119134,0.6211666661104088,0.2643285715865181,0.05770805465268594
2007-03-28,0.6919881831383992,-0.15083091310623978,0.6270829666645575,0.5607705742805776,0.04091709387796943
2007-03-29,0.6386083592284516,-0.08562248686082606,0.5580087595287571,0.4999470965933436,0.06505748353557511
2007-03-30,0.6422731317617609,-0.020126588517026464,0.5169410252345068,0.37175560513473915,0.07092858196511902
2007-04-02,0.7015492954043299,0.3734111146167153,0.6022376565006708,0.2349160540010451,0.09505706960767654
2007-04-03,0.6689582794494225,-0.06873515592763746,0.6476473843596119,0.655399159952453,0.06838130669500081
2007-04-04,0.6598672576377015,-0.04029254852821468,0.5636526341846675,0.2439125365035042,0.04435085358721294
2007-04-05,0.6417868285803926,-0.05922446688740113,0.6250435020082158,0.4426394822111017,0.05306308171600526
2007-04-09,0.6338128626663551,-0.31619829417798717,0.5738393056578717,0.3655478494468938,0.0802228490717686
2007-04-10,0.6769384925212528,0.03779093752297555,0.6444139369269425,0.3507239032965858,0.01997740234173774
2007-04-11,0.7275123497838576,0.23778591227075033,0.4857953473496042,0.41987874065907016,0.057473317761247915
2007-04-12,0.6492951857313243,0.14948923505294806,0.5109688652254112,0.45869426533672764,0.032314156797777396
2007-04-13,0.6427348689488057,-0.14328447432289174,0.5837591839439094,0.35964725547636434,0.0929660575111096
2007-04-16,0.7002303969246771,-0.150658572517717,0.6802299942412839,0.5877691693931653,0.09134463679919125
2007-04-17,0.6413124699845226,-0.04028013244400316,0.5507488103962804,0.3996141232067355,0.0018860969221798807
2007-04-18,0.7096245927987934,-0.43474343422152995,0.614654169091428,0.42077197941233524,0.0669229159299116
2007-04-19,0.6477687331240367,-0.1982683595079577,0.6329764569830144,0.528480140317416,0.0035860158640200535
2007-04-20,0.7380425597465192,-0.3302950804519813,0.5727276237858515,0.539877017857621,0.081059839713483
2007-04-23,0.7346753028655183,0.12820471075462034,0.6576005434048308,0.45337085536668087,0.03973444640522017
2007-04-24,0.6513041240805413,-0.13696169091265503,0.6762803129577611,0.37842532334250123,0.03667964317394471
2007-04-25,0.7181132034427365,-0.1683207586622525,0.5858822122057842,0.38532195222021187,0.030544405200645254
2007-04-26,0.6583599266085819,0.33374903061413813,0.5741450550052718,0.4751986672911682,0.02378677071461717
2007-04-27,0.7267439860134459,-0.13087246900066168,0.632300628487406,0.30889397701440946,0.053298993053953636
2007-04-30,0.6459059269994473,-0.14831420756017374,0.6124638193523453,0.47383694036611573,0.07545297280247948
2007-05-01,0.6676304012109537,-0.03795281247005015,0.6887757087644467,0.40531023599723887,0.026816056365580532
2007-05-02,0.798018701696519,0.045461365323348296,0.6694123210139932,0.5736333615131891,0.04864367557478436
2007-05-03,0.6075461763930282,-0.17533779520124862,0.5973150671534291,0.36358348230753645,0.021329085401798276
2007-05-04,0.7175360586920799,0.20739674305057335,0.6064697275195058,0.3518575713616813,0.07224273424883172
2007-05-07,0.6593273783204426,0.027252781126819045,0.547766033288302,0.2744774031138767,0.0393140762547704
2007-05-08,0.6341840797123686,0.2205675666986638,0.6182585321000994,0.386329260811855,0.0967723605042977
2007-05-09,0.6637393614019477,0.13986843649644232,0.5486873967361381,0.3311128357991683,0.0411145590241515
2007-05-10,0.7305081077375156,0.3934114434311119,0.5334546549699694,0.4087832376669669,0.016766821460136895
2007-05-11,0.6345916407214309,0.14754514943873862,0.4985392629458566,0.4945999543929509,0.056934625776511774
2007-05-14,0.606501186287876,0.04652854387954994,0.5474772131373288,0.5205495285831804,0.07152026418938509
2007-05-15,0.632625678572717,-0.23214661745792717,0.6381673126976175,0.5721555884884311,0.05762706941322249
2007-05-16,0.7030240289792951,-0.16744656176687275,0.5507855574769003,0.4992392114226608,0.051258718790584516
2007-05-17,0.6581537823633741,0.008680692737897953,0.566520032768923,0.6522032284704684,0.006556098010154466
2007-05-18,0.6910696007284073,0.19480396130039845,0.7001369836924203,0.5917144746995817,0.04984960745444444
2007-05-21,0.6326264433140794,-0.04913868175688908,0.5541011537568129,0.47256974163865967,0.025245120751377394
2007-05-22,0.6621171448136768,0.018023905582649224,0.6094939648274692,0.48860969105119295,0.02115376804923587
2007-05-23,0.6623460398725068,-0.05975291166766305,0.5873902524985346,0.38938225842690133,0.06740712550056245
2007-05-24,0.6153665970291124,-0.04108730332869481,0.5995185465455062,0.3858290467567038,0.09014020441299117
2007-05-25,0.6473337194072758,0.362351675328622,0.5717560713163379,0.3741153349292421,0.06574063435398812
2007-05-29,0.7035594217396403,-0.29259431046526435,0.5466794714337543,0.3470100399640238,0.007148656253527986
2007-05-30,0.5887903157878941,-0.03838019913294548,0.6186332915655635,0.41265820114210366,0.047155181070401286
2007-05-31,0.6545997313883707,-0.13584869854864798,0.5440336006667947,0.3798352979746692,0.04626466157586451
2007-06-01,0.6244595481135043,0.3832555820666408,0.5748213483378437,0.2863370559515471,0.08885358378217452
2007-06-04,0.6438408896530902,-0.2143044344720492,0.6659301255786123,0.4376140391994132,0.03448066581091188
2007-06-05,0.7306069380123775,-0.10623652309759196,0.6374117169017117,0.6179457523090979,0.08572526406006126
2007-06-06,0.7007437701273668,0.11246279610518471,0.5176565912183457,0.23522470765910153,0.02420257540041029
2007-06-07,0.6915913694669117,-0.07384194964214684,0.5242982066048181,0.4249427810164059,0.05139684333348809
2007-06-08,0.6070310703259828,0.25462675116774536,0.5776620568032023,0.28919025623403266,0.05089652320300306
2007-06-11,0.6426542220388304,0.05002833890572198,0.5884012601188675,0.33882993492934455,0.019446135374661347
2007-06-12,0.6892370999209152,-0.14564370569713778,0.5134999344003777,0.41282579806734476,0.0324790664359222
2007-06-13,0.709377439070328,0.17527354268667084,0.5899532092458696,0.4150039290918221,0.08080415199431143
2007-06-14,0.6472465449109811,0.3244492481730205,0.5491686690714984,0.2941930513712743,0.012376408515231497
2007-06-15,0.6675135167805307,0.2672592435785147,0.5671349706980832,0.3918123187051742,0.019345387774089253
2007-06-18,0.6121185826076585,0.1348733869345456,0.5293750122820898,0.5992165723608407,0.08617581990061633
2007-06-19,0.7447763822730142,-0.3364818430206439,0.5899978287001514,0.3578817656853956,0.03883736329786426
2007-06-20,0.627924822802388,-0.053854107086460726,0.6157443576419931,0.5689498858561928,0.018705443477156625
2007-06-21,0.6824911752931268,0.006959707652873176,0.6060621612970493,0.3956322077242062,0.0607195923434816
2007-06-22,0.6190278057749817,-0.06899633605359666,0.5467525481258535,0.478912237337197,0.07802012332536662
2007-06-25,0.7370965775211884,-0.3943621255864982,0.5525025527584873,0.4284154512534718,0.05115535577611607
2007-06-26,0.69653116816606,-0.3503781439116631,0.5490269624793329,0.27466279227102014,0.015778052319934545
2007-06-27,0.6979507831095306,-0.17261096227905284,0.5220755904756955,0.27327717313678657,0.0009479224397754616
2007-06-28,0.6801623318088537,-0.2809558806124398,0.640233306214331,0.3085904987590989,0.04054175103650372
2007-06-29,0.6509201716395299,0.10351581876509626,0.5341453717512306,0.27081497634211177,0.03879514823196813
2007-07-02,0.6315229431061624,-0.3319355223643481,0.4952206066686367,0.4501136368765294,0.09641122403801773
2007-07-03,0.6650016632646626,-0.2945935117149565,0.5537934059104006,0.33222298409723383,0.05622196148466612
2007-07-05,0.58935164578643,-0.2540315104113562,0.4740977411185907,0.2570676087479008,0.03753119777343428
2007-07-06,0.666585903305414,0.09932237140459747,0.575934954605189,0.40472685942050113,0.05753019665205503
2007-07-09,0.6468135749981588,0.10496968428462938,0.5398316113372587,0.3637863361733619,0.023135930204533518
2007-07-10,0.6665420784635129,-0.031906427860029805,0.5661101513060324,0.4088578561164768,0.023980502317183294
2007-07-11,0.705130916838079,0.19356126514291305,0.4768512059310793,0.485981451627065,0.026866888758747653
2007-07-12,0.6151613884046466,-0.17181135852145943,0.562620486857449,0.5264281058396475,0.018946353175282028
2007-07-13,0.660523684215242,0.07426191338370422,0.4878403608630427,0.44406255335075745,0.030611737766392644
2007-07-16,0.613457576988713,0.007132494460773795,0.5133951035161544,0.5039318255580886,0.05771780680992025
2007-07-17,0.6769072949131202,0.17931430420987687,0.5274033508528654,0.3161392849021403,0.05560564369656869
2007-07-18,0.7333602963929634,-0.06290064498828177,0.5568165858505632,0.391549083258737,0.0716731979481349
2007-07-19,0.7555309897712029,-0.1700231024084798,0.5575941879215638,0.321739883941898,0.06768015196992715
2007-07-20,0.6427298911122614,0.009841893347041065,0.5034223776788141,0.4399040841511493,0.012359112004851458
2007-07-23,0.7920312035909756,-0.16063779942455492,0.5411611457244421,0.1791276427628346,0.060487983812219315
2007-07-24,0.6988152434183007,0.21310369876815216,0.5052746097633454,0.31160911937897046,0.08438085339438813
2007-07-25,0.7079411131069568,-0.22685551326419773,0.5371915745200929,0.48446625829664597,0.01810911506312901
2007-07-26,0.7053106962847799,0.014513347190499263,0.5900436235834752,0.3756200515356707,0.026762719090300216
2007-07-27,0.6706052432555225,0.10810476311411586,0.5355274046979644,0.3088348881149269,0.0010915712177754445
2007-07-30,0.7777201514519434,0.16122797442885084,0.5452128136389502,0.39793545550708975,0.062437360214429694
2007-07-31,0.6684780692115792,-0.18244701984016953,0.5503147915064668,0.3675286790472051,0.03358786108355314
2007-08-01,0.6784171620143995,0.01523851860325817,0.5542174123295872,0.4089272720435416,0.02620209147559176
2007-08-02,0.56592900395534,0.11391773797944915,0.5114743699900743,0.6199398781624837,0.005570419907193292
2007-08-03,0.6161139538728533,0.09319649633102588,0.5743097622790199,0.424716912127929,0.05086209237896993
2007-08-06,0.6005833929290323,-0.12932306250428136,0.5327253185006908,0.32261414090207136,0.004091878692558448
2007-08-07,0.7047880985773637,0.04028369948122399,0.4823949949080554,0.46152113056768534,0.007503995316451784
2007-08-08,0.6153109305833818,0.0657512274556542,0.4956720378051843,0.3347577372193211,0.009381373754511535
2007-08-09,0.6849927073760746,0.2116474102725852,0.45578969835930416,0.39897256278246307,0.04650707945888726
2007-08-10,0.7146344198157523,0.32844209455556017,0.5713385732801305,0.5518583536937175,0.006875244272912584
2007-08-13,0.665316353567979,0.18836856949521574,0.5642067186981171,0.5066032271725686,0.06336768009914348
2007-08-14,0.6521328061512198,-0.11920488099956145,0.4482637612464467,0.350583815270745,0.07657931170278102
2007-08-15,0.7678340095692967,-0.3368110943143725,0.520211100408362,0.383726709258033,0.07924220961063157
2007-08-16,0.7470067453437184,0.038558380918683605,0.5062955983241267,0.49587266532652696,0.06620066169675884
2007-08-17,0.6519958177136913,-0.1331628201052608,0.5066102327049482,0.3310473790404183,0.04578333402610566
2007-08-20,0.6677679855134601,-0.15640307520754326,0.5947674722711361,0.3169089038510244,0.023251606985191953
2007-08-21,0.666600246092284,-0.14836396261172663,0.5147892450288916,0.35825897073444724,0.008137383088965467
2007-08-22,0.6633196663823852,0.1903765678785007,0.5140125325450996,0.33734633639160794,0.07381693456092521
2007-08-23,0.6805793281945118,0.007086198517341666,0.4885318115152508,0.3138102151806241,0.0772882427204485
2007-08-24,0.6412668208462973,-0.023650178508111706,0.48079642797889083,0.32567388706629985,0.019240480429007646
2007-08-27,0.6166787089239751,0.20039251651081127,0.44603093717828435,0.4285244892838678,0.039861824531820404
2007-08-28,0.583357361478313,-0.36266228717402393,0.5511393365266197,0.5548136742162796,0.022419610864788032
2007-08-29,0.721884151420209,0.4009375637098373,0.46915913164918155,0.379614437410258,0.08539259262697504
2007-08-30,0.7444327468100964,0.06166941597628283,0.5625190784610925,0.38283204972975293,0.09411831062193556
2007-08-31,0.5993254390806751,0.12192752635243576,0.5062605187325874,0.31941404649295957,0.06501638009599316
2007-09-04,0.6823551267231923,0.407050739280208,0.44398490541521807,0.32812958345245313,0.08613350528134578
2007-09-05,0.6853009381780919,0.06265675192396149,0.5461893489322391,0.4281898575365766,0.007744603908102433
2007-09-06,0.6539981034035205,-0.055361945162835526,0.5561429004735671,0.30473327194859146,0.06775866567054603
2007-09-07,0.7101960404980118,0.13155535395716156,0.5358183597050683,0.43548338946208365,0.049738048285834474
2007-09-10,0.6466821324671852,-0.35308812007844415,0.5288209439331855,0.4408994344864329,0.05916942352258471
2007-09-11,0.6791014256372546,-0.3771304850846329,0.49744985573141565,0.30843982539698855,0.0276521940721554
2007-09-12,0.6944022661082319,-0.13234098323588178,0.5200379454576384,0.4084778777097792,0.07465024422868625
2007-09-13,0.6670214824336115,-0.089693869644415,0.4592334215405074,0.31036434174855737,0.006784408187123204
2007-09-14,0.6417646175752934,0.03506730433822759,0.5028343594389736,0.5173895801069651,0.04045075809727572
2007-09-17,0.6673178613965469,-0.1793022925863255,0.5366706562663882,0.36009414320141786,0.025449563176864122
2007-09-18,0.6760046563693267,0.07154717060626169,0.5778283154150046,0.2583654553598572,0.037808336983190693
2007-09-19,0.6575393986854728,0.16610849157872334,0.5334424068555712,0.5729420086230339,0.05895981716173637
2007-09-20,0.6447099369470402,0.17339586067511856,0.4440814521623959,0.24849939030519286,0.0352330568721458
2007-09-21,0.6771837596512844,0.26417563489518453,0.6394811051016077,0.4336122628041217,0.04842123040850047
2007-09-24,0.7078270695624119,0.06994723206169647,0.4602600024256638,0.3468135937258691,0.01628290908057536
2007-09-25,0.6350335745145658,0.14428949100466645,0.4172118832183924,0.46986044504987234,0.00047833130843331076
2007-09-26,0.6257378678493571,-0.4943524601542552,0.37582340674568887,0.5309669227436262,0.027664235259012605
2007-09-27,0.7301127382247339,-0.25419089249374843,0.4009080129053563,0.4562509081862271,0.04817811171495598
2007-09-28,0.6457859347316474,-0.011917839657084055,0.54827825412935,0.35923847789250507,0.08629054813334004
2007-10-01,0.6535621024044754,-0.1801794050340147,0.480499858380098,0.6257693431222187,0.043470228917300485
2007-10-02,0.6288977350256669,0.045809424489638546,0.523279752725018,0.4749239625010262,0.04379967083600166
2007-10-03,0.7132559457236634,0.12812827730754373,0.4167705792765744,0.3932885853810566,0.06005428740013921
2007-10-04,0.6981505446170178,0.03769100350579676,0.4747558870133024,0.3094603313919147,0.04258202535853928
2007-10-05,0.6767541816749044,0.1191935997699074,0.5362298485768651,0.35201682198972684,0.02568373063890733
2007-10-08,0.6075245844084007,0.05405182436538433,0.46365436963391604,0.19020592697644925,0.019439598820521844
2007-10-09,0.5673372717099966,-0.047357464749583994,0.5609134324782559,0.4265911312079098,0.0665294170134004
2007-10-10,0.6132671810383482,-0.25522641044197997,0.4926199973638667,0.5108886505188889,0.03504727403358855
2007-10-11,0.7579655116049626,-0.4683870084041881,0.4946961919131118,0.35621654283497467,0.0533625536583166
2007-10-12,0.6059134937842552,0.2418887632945481,0.4960681643440697,0.3597655359388592,0.02033400899566855
2007-10-15,0.6722853479270756,0.16608980373961754,0.47644456727248496,0.4496626746565921,0.09231513983027179
2007-10-16,0.6466296382431749,0.08336312299465327,0.46742510547741317,0.4522021383259406,0.008364767481870473
2007-10-17,0.6567639884514489,-0.26520071867846257,0.47392463234251714,0.3359705513049066,0.04682759274695197
2007-10-18,0.724694903329144,0.12968868133180037,0.43281021925991836,0.42502243698423336,0.0786541258229615
2007-10-19,0.6786146331697149,0.05956925427819613,0.49773663486109015,0.5632663988694422,0.020575832326401023
2007-10-22,0.7387662914159198,0.10575093265475316,0.545609123164531,0.30091175953771565,0.02921882163736497
2007-10-23,0.664226157293451,0.1005484791996393,0.5361347873816176,0.19584331032091035,0.09260533240585835
2007-10-24,0.6526872806863365,-0.05056966042061767,0.3956325374476147,0.46468723964410213,0.07166709784407617
2007-10-25,0.6813865299900485,0.17019753931714363,0.4623275281348619,0.3381167080994405,0.06996802292760315
2007-10-26,0.6609148082908565,0.12682027265612753,0.4890887212515837,0.21273845777543898,0.05174670925677715
2007-10-29,0.7136434005073123,0.048258838405875124,0.5553640901400934,0.4550384917682885,0.04291282128897809
2007-10-30,0.730829830165425,0.04476855955474656,0.5261070374877761,0.4523259433834236,0.04254290817592743
2007-10-31,0.6168350832933407,0.22774541134289883,0.47405230202280846,0.45481712846174416,0.033148026698423316
2007-11-01,0.6317843116877842,-0.34680164468629715,0.5932393571290874,0.3628900462410374,0.061526521770426015
2007-11-02,0.622250618065111,0.26988589354430875,0.4791440734293951,0.4779540745844091,0.027081636068551185
2007-11-05,0.5690878446056886,0.1119624351971421,0.49191680763255896,0.43390605669587395,0.06296103103068248
2007-11-06,0.7068058118674103,0.01530846507165065,0.5358816684023167,0.5786865157010258,0.035574572055065125
2007-11-07,0.6274536766056312,0.45419178681432487,0.5106302373272661,0.34059917549445873,0.026309940458335814
2007-11-08,0.6429701917907245,0.03792866848382023,0.5018909009394678,0.3004680801700971,0.05966735915421184
2007-11-09,0.7049782683244952,-0.31469356887466593,0.4558349292640016,0.37592554313264154,0.05424022061165939
2007-11-12,0.5927301513777863,-0.1988047461569381,0.49739369572578446,0.3977434646690255,0.09127115786045781
2007-11-13,0.6103590654755275,0.2473683188955747,0.4954594292577688,0.3965583946638096,0.0018991491532521776
2007-11-14,0.6087324278147381,-0.019473222731771784,0.4754166850392557,0.3172403511404188,0.019341035061270273
2007-11-15,0.5948171884517106,0.27472632494538246,0.5419619038218383,0.3344577534245022,0.04605316270668991
2007-11-16,0.5717323894603347,-0.05007257906204148,0.4719892307851943,0.3930623236200638,0.02740798334273218
2007-11-19,0.7371032383636945,0.009285519552980558,0.5504340743512541,0.502304249962561,0.05276045099947986
2007-11-20,0.6696621554520402,0.11185393558717674,0.5374381079368348,0.581230483358507,0.06830393121094273
2007-11-21,0.7007582516199413,0.05925304197883139,0.4653660492102171,0.48388855936878283,0.06537415825735116
2007-11-23,0.6564926478249149,0.14725244310238308,0.5859063861743978,0.42783146162303526,0.09329869599213468
2007-11-26,0.6080999106141299,0.06200700472685157,0.46790047034641596,0.6401771750693633,0.08703700137593284
2007-11-27,0.6172920397007575,0.0014201332506478916,0.4332307851149912,0.40105396154755263,0.09067353917670225
2007-11-28,0.6439903787975971,0.12234130428295509,0.5455991782911106,0.265560399145387,0.06153630010614151
2007-11-29,0.7222295449229701,0.0701209759778271,0.5355905481353912,0.5741553917820708,0.02674287427151898
2007-11-30,0.5959574722667024,0.6912418454144373,0.5391983915625569,0.470625202495911,0.035181269382440115
2007-12-03,0.6808571652210291,-0.04133865471527943,0.4416697446655532,0.4931202045890623,0.029240322756475756
2007-12-04,0.6688303435036879,-0.07684713345224926,0.5483461412047462,0.39251709666452633,0.0465618608680424
2007-12-05,0.7727958487141884,-0.07487856639483313,0.4337995569962186,0.2373212539546772,0.03710730273846332
2007-12-06,0.6492592404450597,0.3377872609012966,0.5943013910882269,0.2887800998157359,0.07032865126487957
2007-12-07,0.7011421326852948,0.04155456907382125,0.5907778175259557,0.35546264645136183,0.06861069879022248
2007-12-10,0.7025905994597383,-0.22244011763769903,0.4567645977079615,0.5613818716227393,0.07121079335643578
2007-12-11,0.6215184252673623,0.10024935778034878,0.5675680440358969,0.4148963930575974,0.06393804098768256
2007-12-12,0.6943528999448461,-0.04699857200330722,0.5269893400594164,0.3982193375917505,0.050198785972586694
2007-12-13,0.7007755347093654,0.014622326656714904,0.5716217836999099,0.440787433657166,0.04949335916667427
2007-12-14,0.6951383412289247,-0.13889250458595434,0.5589619784023451,0.45523840341848104,0.09714631946845642
2007-12-17,0.7012541101570452,0.05902243768516622,0.6423218269200712,0.2938920897548985,0.07413645007859063
2007-12-18,0.6259494064297508,0.19684808772449394,0.5831804348924129,0.4188910366378735,0.019614442061708804
2007-12-19,0.6894092127433368,0.059889348409492664,0.4804023932219927,0.39070468014902643,0.02016872758721703
2007-12-20,0.6962654344471568,0.13493059127852128,0.5529323920927318,0.44042730779660816,0.017804254311169387
2007-12-21,0.6674692486417908,-0.141086445656528,0.5499944573682902,0.41207800366465963,0.04940525080332954
2007-12-24,0.6768410058573485,-0.11068838862723569,0.5197986529919026,0.5649611530508097,0.012978699949574391
2007-12-26,0.7203288507846484,-0.06031633686059049,0.520654110722135,0.4394320066614148,0.09169552242906547
2007-12-27,0.7436813133684314,-0.1639208089043943,0.6330146486948401,0.28535398402217593,0.07018141518427744
2007-12-28,0.5904433950197485,0.04712714934707159,0.575037769093665,0.6492817532841583,0.076054179400998
2007-12-31,0.627874797618823,0.03102651299548296,0.46327750440007404,0.3776625746429704,0.07168255169414449
2008-01-02,0.833382716560414,0.16955321235854845,0.6143992267082197,0.5791907347776244,0.04211196346980455
2008-01-03,0.699889827577295,-0.15492724327731608,0.6147294020602105,0.4943420774017149,0.08778818613897434
2008-01-04,0.653235977613103,-0.17363355319033114,0.5351974285738927,0.333595291819328,0.08094928297046411
2008-01-07,0.6934682132582979,-0.2653030056718731,0.610252767000848,0.3489828013267971,0.06195441387946078
2008-01-08,0.7826211144049277,0.31597989378060043,0.621742139712325,0.32339166986703083,0.04886792728504317
2008-01-09,0.6500201669313448,-0.2876036896044593,0.6333421563036308,0.49473796649857027,0.043813323107635964
2008-01-10,0.6818845401104755,-0.01867016486441699,0.653824280016307,0.3768470251722265,0.06658950905965066
2008-01-11,0.7463484810922589,0.0005744159214074868,0.6305068617772686,0.39194806933166315,0.09159561912708605
2008-01-14,0.6663517006778843,-0.2705173564001503,0.6165950142376821,0.45516045297817564,0.02779014963434503
2008-01-15,0.7283590911248573,0.1977916381300912,0.6302247965330235,0.47533602294687294,0.046000460302405226
2008-01-16,0.7017590023233888,0.06977917009286992,0.5618666198581893,0.24697040034366424,0.08532360520388338
2008-01-17,0.6572367319626974,0.1959896543377188,0.5291578899070876,0.32395957317654706,0.03730309795160946
2008-01-18,0.6920502760802818,0.13682398621349057,0.5029127539564899,0.3466649097578749,0.05275883631422571
2008-01-22,0.6630930180730668,0.4551614728176044,0.6538625853538256,0.39074301528755745,0.08502815522816493
2008-01-23,0.666384984478324,0.005962364936543588,0.6330833201391834,0.38562155570984197,0.05670774153671439
2008-01-24,0.703119640735962,-0.012896702661021787,0.5439525900782909,0.47300310965909,0.0603371840777309
2008-01-25,0.7046815657459158,0.04766466739328692,0.5364384954590713,0.5331857936235227,0.06580302869799537
2008-01-28,0.6224430672091844,-0.40177741970469855,0.6024710204367275,0.5030229978174021,0.02983781353955155
2008-01-29,0.6469307192713347,0.28758682642886774,0.5849875569250743,0.46870667657854426,0.04085222685397747
2008-01-30,0.6336267088964738,-0.09680012977103535,0.5583395197138039,0.36255060411290085,0.09338738679378628
2008-01-31,0.681760151934577,-0.25668526044305223,0.6288000104750227,0.4431375736463601,0.08336530468481357
2008-02-01,0.6913874238884324,0.057849360756086744,0.5905751815800994,0.3486832438257674,0.08501651982072445
2008-02-04,0.6181675613153516,0.23545040637393344,0.5926696228661587,0.4823705629601827,0.07757816881347633
2008-02-05,0.683118325903114,-0.33321320023176726,0.6245099152095115,0.20562590755628557,0.05393109571685021
2008-02-06,0.6683231614374229,-0.10038781558895618,0.5640569397705673,0.428576909781594,0.05901668302371335
2008-02-07,0.7377907469881253,-0.09887045802368427,0.6024702449571672,0.4088841069488792,0.011002043559402009
2008-02-08,0.5904444972254416,-0.21108275571819501,0.5545663756194043,0.39905089815594363,0.02603787612693789
2008-02-11,0.7071696035465482,-0.3127305378096625,0.671360530491763,0.5505961287390599,0.01872551683328133
2008-02-12,0.6752650925389695,-0.06279435574357768,0.5273092047916949,0.3555312109843789,0.08835218895097519
2008-02-13,0.6765958803128594,0.13849164579557166,0.54965280489054,0.5577782289782396,0.08791777695226638
2008-02-14,0.668934807487602,-0.030322936728599193,0.6029969611613128,0.43480646652197513,0.006833929815312934
2008-02-15,0.7060475561516871,0.3419872056403612,0.5954262249870573,0.40983324500313634,0.0028539752123875497
2008-02-19,0.6858496608671327,0.07890562768921422,0.5712893579509704,0.300099405408536,0.03764241344864079
2008-02-20,0.6994506421815614,0.15667608703956828,0.5665114002606962,0.48091439861559965,0.060485308158567064
2008-02-21,0.7282236390824555,-0.07132055042083771,0.5738151639116471,0.32402565425119,0.09745946842243863
2008-02-22,0.7230979556067215,-0.05569061305788639,0.5609083250416136,0.5114445408293812,0.035665549729361444
2008-02-25,0.7879203593930475,0.421141902988506,0.5583751954118696,0.4006367745506324,0.021542484892809334
2008-02-26,0.731922638224733,0.2000793271255236,0.5907315015150713,0.36353313574841334,0.06488642148608967
2008-02-27,0.6627373906158198,0.2251885953172464,0.6417859252431389,0.4192231237079118,0.07732242330244632
2008-02-28,0.7161166531501747,-0.15426481631572034,0.6052694742617261,0.4812455264700578,0.04728465830907
2008-02-29,0.6871090392303147,-0.0901874914903456,0.5408349512711063,0.46342473260571854,0.07379335641004459
2008-03-03,0.609349060437648,-0.18184858612593094,0.63244217999829,0.5020916198741132,0.038765084521350426
2008-03-04,0.7076658076272739,0.12332144443044911,0.6369390887073636,0.4372403776899587,0.029811395393573817
2008-03-05,0.7389771471156139,-0.41097667208376604,0.5989419436212327,0.33366861612206455,0.012627105797317385
2008-03-06,0.6497741723455687,-0.2518148179901449,0.6203309842224858,0.3710419006116457,0.05439835843506975
2008-03-07,0.7395986821463396,-0.04900601351356458,0.4853515516595103,0.39850364222254636,0.02742680570206253
2008-03-10,0.7355981919552539,0.003130640178439409,0.6111727474528235,0.3221326421528365,0.03184727805263309
2008-03-11,0.597752565661787,-0.1460259124716721,0.6120278810572025,0.373532836712858,0.019395822324789036
2008-03-12,0.6484459085625129,-0.17057394514829172,0.639146670114264,0.4215113135231099,0.024853772444848488
2008-03-13,0.6688859258819106,-0.056052858297313934,0.650884716387343,0.4039446031778371,0.02006356347430841
2008-03-14,0.6187251501670047,-0.4393332031642415,0.5383813605277328,0.44512967539113824,0.005056027564292687
2008-03-17,0.6728717839601257,-0.11098521706160414,0.5133078985713428,0.36850746013592867,0.0060758523747121655
2008-03-18,0.6162684400314785,0.3130670883424769,0.6010596365882067,0.30084115301425984,0.06788293989844744
2008-03-19,0.6619000149175791,-0.10638210242149344,0.6375314000055411,0.39398821543018075,0.008069564469941271
2008-03-20,0.5819754888314496,-0.17777233829038558,0.44282504332834494,0.3681766897020283,0.0890525863947863
2008-03-24,0.7558320455549422,-0.21330859083216588,0.618743924365447,0.4469388218835833,0.0568887973186169
2008-03-25,0.635897706952798,-0.22357842387538032,0.6257708777137841,0.4170716113747368,0.08899867728433056
2008-03-26,0.6838345742300879,-0.47228911826892245,0.6540469201965474,0.3477995224772109,0.009068723308403427
2008-03-27,0.7317431837342179,-0.397163443131998,0.5307734739448589,0.39298763816064336,0.04075556798725044
2008-03-28,0.6433147977623568,0.12359896116512303,0.6163959962574794,0.2800393812765183,0.025179782264951725
2008-03-31,0.6549574207317018,-0.24125891154741572,0.7097384931644584,0.45441580194475956,0.034888468142722485
2008-04-01,0.610671490785565,0.19237654130859888,0.5564140208816486,0.43649116549342964,0.08557001006220055
2008-04-02,0.6846829364682506,-0.36003885130443525,0.5677279031078141,0.45117794145632084,0.02606208164845597
2008-04-03,0.7037353083833948,0.029947904392568808,0.5494844694527012,0.4063550673378243,0.011298910404869545
2008-04-04,0.658706325960283,-0.03224362113432119,0.594587905345643,0.5314892164467843,0.06647189374101574
2008-04-07,0.6210720894080506,-0.4893903362392303,0.6732436955081255,0.4150808452813522,0.0756392703957219
2008-04-08,0.7348417651692107,-0.30889417182166845,0.6341418680516844,0.4948602063195591,0.03582853996289364
2008-04-09,0.7511890385850044,-0.45377974927148723,0.5811236969313729,0.391614949496291,0.08985341491007724
2008-04-10,0.5984027819526414,-0.05969262173323377,0.5719878698340912,0.32955457023860624,0.09274470982717725
2008-04-11,0.6815055008600244,0.007179344829294926,0.6159648326252551,0.3154417371663947,0.005331412392282642
2008-04-14,0.7391553190619787,-0.06879732970556608,0.6982748653483482,0.4669070560579707,0.056202044706619284
2008-04-15,0.6698688190447412,0.27354248441936313,0.5376219085478812,0.3560965216671778,0.05641104105295443
2008-04-16,0.7024112908866635,-0.01891812510475826,0.5298528031955766,0.3456278239543214,0.08420094078442303
2008-04-17,0.6707688227123901,-0.3160725852096424,0.5445821089577885,0.3516838593760443,0.002139009550338766
2008-04-18,0.6794602017102211,0.3538290382330074,0.5786650752629986,0.5376114612467224,0.08575936881143903
2008-04-21,0.6729761173274805,-0.11356868075389658,0.573225174010242,0.5307738541548144,0.021309543198374616
2008-04-22,0.6898826105987544,0.2668001335543945,0.5978113980355932,0.2707076615926828,0.046500827470982914
2008-04-23,0.5837939126344283,-0.28090342535605317,0.43684858147584826,0.40399312313863456,0.0660964633203307
2008-04-24,0.6176673571021496,-0.0936342730226305,0.709903645026293,0.3216859690981162,0.07001960497473096
2008-04-25,0.7411791039726691,0.23393732727205468,0.6763803418309121,0.39959443831654046,0.072067320756232
2008-04-28,0.6794541173635281,0.10668140128453935,0.6350535698733905,0.47290454013868566,0.08814252112364572
2008-04-29,0.7527168565150901,0.03377839528407544,0.5204483338767671,0.25675933109662363,0.08778616186996087
2008-04-30,0.6132873409699274,0.17040582786131628,0.5251334021971357,0.2796006268825528,0.05701462025921753
2008-05-01,0.6082299381242807,0.1862087218009284,0.6383748795825,0.4768845228734283,0.06756377258700964
2008-05-02,0.6697228070311603,-0.10933100079842505,0.6245608617858831,0.4495366365075178,0.05653047634117923
2008-05-05,0.6850062354288551,0.10820954882602435,0.6218286157652148,0.3596966793600499,0.0027028590284165046
2008-05-06,0.686513955609494,0.052183181311423424,0.5690253971371192,0.42204867559212594,0.05459451052681219
2008-05-07,0.5931098359588061,-0.14613895913868222,0.585655809180332,0.350713116064051,0.03971906214378106
2008-05-08,0.7438121744832716,-0.07728644923398416,0.6149143057738201,0.49206757642536003,0.018457041519485986
2008-05-09,0.6159952172370605,-0.08569695409751983,0.5199598311656946,0.33388613634922903,0.05242029130588421
2008-05-12,0.5889279412608487,0.4722667056763896,0.5032920651590692,0.4304099253922215,0.028988351897041322
2008-05-13,0.6559539301977317,-0.022388407818443565,0.4796548880782039,0.16175683146189215,0.01616879703367883
2008-05-14,0.7481097585239066,0.03697015484303603,0.6055495083475363,0.23399996962574143,0.015697457718018448
2008-05-15,0.6668968973789906,0.1166650222644997,0.5736941536663868,0.329045001634497,0.07643269163212318
2008-05-16,0.7065949217636915,-0.1323023098476541,0.6221196653755107,0.3613996608787172,0.08770721033392456
2008-05-19,0.7522313376081984,-0.016235276098516247,0.5839658844747733,0.2936382938850757,0.01593028627133002
2008-05-20,0.7683453254673842,-0.14080654799522963,0.5722194829939421,0.46070890361967093,0.06659870898159063
2008-05-21,0.6437213216793345,-0.5432592328224218,0.5600506268937645,0.37210452043725933,0.09228496777726368
2008-05-22,0.6422466810192288,-0.03030316606381018,0.5811735209505764,0.25720812009329813,0.03230744102737831
2008-05-23,0.6963607365988131,0.08503139651483993,0.6160913038555681,0.27951824177783424,0.07766307912229768
2008-05-27,0.6762831650285078,-0.08744421651280183,0.6263294499633472,0.42409957498979645,0.08137691530345909
2008-05-28,0.6399305645073353,-0.15759940951411164,0.5178600420881395,0.412405944916648,0.06383724576730769
2008-05-29,0.6353511460566391,-0.34253121645281137,0.505562329687519,0.3602820288581414,0.06562802501164683
2008-05-30,0.6924271442773154,-0.004615737606509361,0.603383495385743,0.27174257772397703,0.0686014992750486
2008-06-02,0.7267636197751988,0.06025055217809505,0.6472025129122068,0.3342598893490611,0.02711315311532088
2008-06-03,0.7323154620668626,0.18400044067961077,0.5478070817986476,0.2602006369031311,0.03616126105036709
2008-06-04,0.5989486928441826,0.26345136680541925,0.6367824953775607,0.45489583689281443,0.007601540072305513
2008-06-05,0.6468039869798428,0.15787713117206953,0.5896138882761102,0.48661709333492487,0.005931705002814425
2008-06-06,0.5849053350193552,0.1734279463451675,0.5393674156250677,0.5098066106049636,0.037243035750862255
2008-06-09,0.6067711773479122,-0.16236983454758103,0.5023702298658062,0.20922721183203363,0.03805438371366591
2008-06-10,0.648197128053776,0.17958745098205078,0.561796510510099,0.5644160186011348,0.009593734009741763
2008-06-11,0.7113049472666674,0.2104258350640091,0.5081349121459081,0.4070223691065003,0.042787998356183826
2008-06-12,0.7362331415937555,0.02011849978537518,0.5223011193365574,0.4648933855712259,0.0761305604439187
2008-06-13,0.7594340120430221,-0.3525508843340408,0.5630478471748841,0.6290898404148687,0.05966592902925921
2008-06-16,0.6862164210226228,-0.013009499418005896,0.4935828474656803,0.4927665547212958,0.014237114063842827
2008-06-17,0.5956920849689886,0.20290393133390783,0.6311789948610863,0.46144588287208177,0.0013595067939893735
2008-06-18,0.6073155255790653,-0.5165162862765046,0.6095826628979218,0.24302566408433018,0.014789255201447637
2008-06-19,0.5922213284800832,-0.047136188996357554,0.6012308769973816,0.4044376080763664,0.05711462681622698
2008-06-20,0.5707978914690921,-0.05183061064192538,0.5709567811054372,0.33027502400885755,0.05790843615849817
2008-06-23,0.6390562451852014,0.1217446951656886,0.6169831503814998,0.5484414866897656,0.018722913057074655
2008-06-24,0.6536748812530986,-0.11302509033713307,0.5354884400234872,0.3854254842124435,0.0779985197547077
2008-06-25,0.6661053431668509,0.2269714010579274,0.4397184620041187,0.4266908881846174,0.024983424414058198
2008-06-26,0.6739351619080155,-0.07805496055066992,0.5812180482550456,0.43966172570316575,0.047161737343260825
2008-06-27,0.7592668537360091,-0.10524548238899045,0.592392170284832,0.4173193033770178,0.03387149019953992
2008-06-30,0.7780574698370384,-0.42031843561497173,0.47524244464104337,0.4370219279200639,0.01548130002719047
2008-07-01,0.7392875736926826,0.5811333147025091,0.5285689030356833,0.49373510094850753,0.024103872317681588
2008-07-02,0.6869775346603552,-0.25209857029105565,0.5751433633900822,0.5497537036243774,0.01041094007853829
2008-07-03,0.6587295844816726,0.11103437332411699,0.6222133879478302,0.5165746066896513,0.061625899396056776
2008-07-07,0.7168604404927787,0.0652098946026681,0.5223166454093081,0.2686333167283672,0.0323266829910331
2008-07-08,0.7759101633899547,0.13392263040388433,0.5059312591112818,0.23309580013677839,0.09389323726527622
2008-07-09,0.6707978062222836,0.054764468202701345,0.5779382332478293,0.4032063307661535,0.051651130998025055
2008-07-10,0.7287297069402807,-0.12045271921764422,0.5408192112664402,0.42873466861581355,0.05046268742989745
2008-07-11,0.7383558247867132,0.15348136677720858,0.5553960814915246,0.49516510440013983,0.04483151043092079
2008-07-14,0.7089316111295358,-0.051025286201092535,0.5347450498777916,0.4821982453109962,0.07371107287700555
2008-07-15,0.672044638010385,-0.08711603157391624,0.5362788171006787,0.4623862930134575,0.06250758340756861
2008-07-16,0.7136192020351024,0.06168274583673438,0.5633141013729666,0.38431104020640094,0.04567888726179251
2008-07-17,0.7013938377765526,0.03525046613508189,0.5300635266466864,0.40184369324225805,0.05916407583113105
2008-07-18,0.5974460848687968,0.023932545799535788,0.4586206775587356,0.32607134500256574,0.03713040688585736
2008-07-21,0.7029217798704179,-0.014056306720057277,0.5344794841242623,0.4014599158197001,0.02269934602023981
2008-07-22,0.7534503571857,-0.3254831330155226,0.5304745705139877,0.29352407778254463,0.06016672715734133
2008-07-23,0.6139208573311769,-0.12742217456595148,0.4628462253230259,0.3593281583283801,0.029694547032319732
2008-07-24,0.678012423193638,0.027210326037951413,0.591742494041501,0.3786174631541672,0.06164469052861084
2008-07-25,0.7171652873145129,-0.047676020645132135,0.5962724153731795,0.05227926075225697,0.04382462555772326
2008-07-28,0.6416475636682777,0.06180801797435449,0.5357017215404656,0.4647081582518007,0.06214842974997518
2008-07-29,0.7102312908473625,-0.13490044302289544,0.47782256061467016,0.39798286217397066,0.017001790706443042
2008-07-30,0.6196229490569158,0.31713808671832955,0.4575812265979718,0.33684165834912255,0.015906173741755115
2008-07-31,0.6152935618628995,0.0741155906560939,0.48500034146109783,0.48711334009704826,0.08787696829296379
2008-08-01,0.7452624328826918,-0.10071504765971975,0.4725069064691099,0.32357573853090327,0.08823629927758542
2008-08-04,0.6527395220725374,0.18427201604998808,0.426412330040263,0.4706076205935137,0.08970565793432733
2008-08-05,0.7063132614706313,0.06355090554042701,0.5146605109135483,0.4360498182420017,0.052870638845668776
2008-08-06,0.6868735779275605,-0.14995050542438648,0.576409056616825,0.43042048666376315,0.06403103696102137
2008-08-07,0.6565222941588438,-0.025896439282339673,0.5491594902866002,0.28957116726602705,0.032577147733237936
2008-08-08,0.6891465920621315,0.02949592148151241,0.5304984658837579,0.4952826246055092,0.023672710124475117
2008-08-11,0.7678767664943099,0.025666578549536936,0.5084223035692532,0.40007508618201965,0.05130247253936631
2008-08-12,0.668293808911976,0.3236177461303906,0.44919637779936294,0.3859464952710298,0.08639639128431786
2008-08-13,0.5952280908689689,0.06533175377162032,0.5045259750517823,0.23820870002462824,0.07770817508739417
2008-08-14,0.7204598641660578,0.187051367986506,0.5043442223612407,0.5394432250737983,0.07987493307989513
2008-08-15,0.6456193326954894,0.3435170403873786,0.46757949552449535,0.27676319606778876,0.06820702488359665
2008-08-18,0.6610746115258493,0.30777151598239405,0.522039317633616,0.4631294128196416,0.07318046379716801
2008-08-19,0.7608228037025024,-0.3037730555329433,0.5764611876129274,0.4393331189266697,0.06717700302429795
2008-08-20,0.7100676666846152,0.04038691060648884,0.5602264571757648,0.4731877500619708,0.06673920283090873
2008-08-21,0.6868804723106038,0.16158860726101143,0.5288415474901569,0.5059789989607997,0.004239006593402028
2008-08-22,0.5947780961745268,-0.28269997835733346,0.5496161743878143,0.40789611571950923,0.058795426928647865
2008-08-25,0.6740597904948864,-0.033214016954250164,0.5207275301568429,0.34718078867933205,0.08444697243159477
2008-08-26,0.7222370321528115,-0.06398851584875238,0.5369062103595478,0.5584316279052691,0.06086265803107763
2008-08-27,0.8060039557061897,0.16310230956150124,0.502347109808077,0.18838127663284526,0.01692591725139665
2008-08-28,0.74090229279212,-0.09656015460774375,0.4887044094502248,0.40382592781712917,0.08321333207737068
2008-08-29,0.6488185440999991,-0.05960363111167727,0.4940737611936078,0.506855405958134,0.015046749738565346
2008-09-02,0.6777432001563101,-0.3180285467232047,0.5339739754711446,0.46366366456118824,0.08201204278128393
2008-09-03,0.7690397911094128,0.04686074674417661,0.42035946167630023,0.3954357038011864,0.008544433811577901
2008-09-04,0.6418238149153481,-0.027847815274284694,0.5160421804447459,0.44127450303155563,0.0182990711227497
2008-09-05,0.6273764860482883,-0.013843345607656439,0.4536895189148663,0.46110376136081943,0.033158665020207
2008-09-08,0.7480404736970614,-0.02657523831666129,0.45186045836803823,0.3129424435070455,0.07827849453774255
2008-09-09,0.7238409364327332,0.05072813743628932,0.42605403357334415,0.429765393515503,0.09632012733033418
2008-09-10,0.6671236169289969,-0.0856030322513438,0.4520684531407901,0.45719197809123036,0.07288586530245217
2008-09-11,0.6327174999334759,-0.1681339928215229,0.4452034440215178,0.6167863184475477,0.024033361793504696
2008-09-12,0.6469574144773717,-0.3307529521530559,0.46523244190766333,0.337248078579755,0.027456250320856135
2008-09-15,0.6951262874103387,-0.13577764507196685,0.4301411899158081,0.5943126361390243,0.050324112630000285
2008-09-16,0.6917917884997805,-0.12966722766499023,0.45872503035133694,0.5300118217277561,0.06011461918590255
2008-09-17,0.7073197064100716,0.10955154385702381,0.528700885245271,0.5420905861765043,0.05374570577277236
2008-09-18,0.6876876674752224,0.12447752448710861,0.5029196559333957,0.15144078838567562,0.022535484631587135
2008-09-19,0.6351098495185928,0.08158015145654333,0.41645989050138665,0.356683403220376,0.05069918503336196
2008-09-22,0.7876622756463356,0.18028591555975734,0.4634780329798792,0.3867417381029634,0.03404190789255628
2008-09-23,0.6661917346457581,0.10275010414346016,0.5897832453321585,0.3719011965149077,0.03532958711602537
2008-09-24,0.6798896839194487,0.1372913386514226,0.5783496713722062,0.3851370461090817,0.07677028799837293
2008-09-25,0.6288972007687882,0.18071367743587413,0.5218069897846307,0.3050730476824544,0.03365048279063548
2008-09-26,0.6486889321146374,-0.13143228150935063,0.5604187298131783,0.4496178904160963,0.006932819018771453
2008-09-29,0.7098707242823434,0.0976159202168723,0.5960781167116094,0.43488081738127377,0.09944165891328212
2008-09-30,0.7185792288898399,0.05408495563445467,0.5212172985660218,0.5469991816875781,0.05890461013637565
2008-10-01,0.6628505124147887,-0.30873352507442,0.5292514756602742,0.5735597576361642,0.017600473611901226
2008-10-02,0.6793238074400277,-0.1452817733240628,0.4946080129090329,0.4361839644737181,0.08950511027444183
2008-10-03,0.6957913109206645,-0.22045919180171913,0.5013585250623452,0.5081319277057248,0.07948666339824645
2008-10-06,0.7921864399967723,0.12396905587444873,0.5685603211901759,0.3741251995152002,0.0588359756947477
2008-10-07,0.663340777276164,0.2626198792029573,0.5801990972991464,0.16259500446181585,0.056755520945472815
2008-10-08,0.6995065236833888,-0.10301868237039774,0.469837846027701,0.47260905317894664,0.038353930478094295
2008-10-09,0.7117303545475665,0.051628956459586255,0.5334090163246947,0.4057380618926377,0.03935187246801598
2008-10-10,0.6759042070472154,0.2989707152564635,0.5446220375777336,0.5285073001987473,0.016418468304754442
2008-10-13,0.6639411694858208,0.08560244787512283,0.4962993322174725,0.44936543348009195,0.032080497211122896
2008-10-14,0.6435441642036633,-0.23957712774643083,0.46486389853878485,0.5591999831839736,0.026912773827147518
2008-10-15,0.6212224727866197,-0.10626292228953334,0.5471464030484905,0.3780844102630202,0.004722828123150957
2008-10-16,0.7428751108891295,0.0004478151535809024,0.49185420040676225,0.3359195771352948,0.014691152708309597
2008-10-17,0.6961511519882436,0.14349943315424243,0.5025241958845065,0.29934160353106365,0.07795979262733986
2008-10-20,0.6186734225556041,0.009635584250590287,0.5494686865101541,0.5521880648590106,0.045329798534762794
2008-10-21,0.6024921114759292,-0.1974240434259602,0.404932996471772,0.48669171616175844,0.00394761849727473
2008-10-22,0.6805205642802077,-0.03215518602424503,0.4447820066689732,0.4069120105088595,0.024950736531258566
2008-10-23,0.7114688143708953,-0.21502935759166486,0.4962285100283976,0.35359557603156555,0.021359976976892705
2008-10-24,0.7057972983605948,-0.27001822371675593,0.5609896911798927,0.390271384775316,0.09346467968764417
2008-10-27,0.6439488181347769,0.029600764853667645,0.4852769581319112,0.4059836200724005,0.07572714021250554
2008-10-28,0.6563304126232632,-0.23108876580173277,0.4671589400672251,0.3781625258605977,0.09672276494659474
2008-10-29,0.6914637579176706,-0.06241128900066774,0.5399845007565427,0.3052415593541238,0.036841929989659086
2008-10-30,0.7565141801267333,0.09610972737014462,0.515328067410743,0.3814385104374728,0.030534522172422907
2008-10-31,0.6975762980727105,-0.09055379842283134,0.5994904956480857,0.5774238055879528,0.010934253066892441
2008-11-03,0.6407972323723119,0.09849459460492013,0.5204298368343399,0.38740398472541443,0.05246796053415077
2008-11-04,0.7523174162294453,0.1889540069464063,0.4649392319555641,0.2261253441083413,0.04798044993229537
2008-11-05,0.6378647570362456,-0.38024622884520654,0.5074159150472769,0.49769722811805284,0.0017110558057366833
2008-11-06,0.6785388438657115,0.15801569930462916,0.5747331295518953,0.39568480553143887,0.0039418697046920475
2008-11-07,0.6329104659310995,0.12387250898553469,0.5015038431606944,0.11571486079314952,0.06279497292678092
2008-11-10,0.5865140018585231,-0.005247976717182679,0.4675613242125496,0.44306393394985794,0.005790082332477686
2008-11-11,0.7724325645553028,-0.16660060295643184,0.549365333394295,0.5092763189646665,0.09183930393093791
2008-11-12,0.6588195132608752,-0.14108926223380086,0.5412770374530245,0.3490441321096644,0.03837583451953397
2008-11-13,0.6525908855887642,0.3183009709372859,0.5346919888291589,0.3013235482782442,0.019485819790934736
2008-11-14,0.6718829010440333,-0.03231098643403144,0.4476745676767323,0.6268397852444649,0.07450486077985201
2008-11-17,0.6712902357775927,-0.04931777949074057,0.5018834982055351,0.3071087456496085,0.01110691542491259
2008-11-18,0.6608030556916138,0.009045407845356816,0.5130277652220433,0.4079202547428155,0.0911141877923612
2008-11-19,0.7353804936518898,0.24951002358021468,0.5633345091702069,0.29494397308655224,0.06299201224877082
2008-11-20,0.7772881875984556,0.046579607813545955,0.5965954352915941,0.4319549379325586,0.06594986172928878
2008-11-21,0.7253375859322563,-0.2592738645040604,0.49556958659964756,0.6182459575970134,0.02098788224625551
2008-11-24,0.680380874056143,0.10250035633934701,0.4469578286281147,0.5109603809080834,0.043213764279957406
2008-11-25,0.6589999434531252,0.2494989181728885,0.4402563304803849,0.33736896952102047,0.09786695146068426
2008-11-26,0.6927923423092072,-0.016747626874013113,0.4036603957794198,0.3915492843408497,0.04713975433996769
2008-11-28,0.685326991197822,0.09084317010469735,0.5244014879223419,0.41818183563366573,0.01734090665977227
2008-12-01,0.6733051653448173,-0.14100389812293115,0.48349842797547093,0.4850014223713127,0.005601466790792775
2008-12-02,0.684137105824912,0.06658497307481669,0.5436486290981756,0.3822479760842871,0.08662586900631705
2008-12-03,0.6454918387861386,0.15590101047389093,0.546414982130273,0.3737242081070601,0.07218858567143971
2008-12-04,0.6933709526835073,0.10084462496100435,0.5055952460341244,0.4210275726015127,0.011118615764506035
2008-12-05,0.670092540400139,0.1505289226274399,0.4845943762786294,0.20889204467704378,0.02175596893676708
2008-12-08,0.7562217420941607,0.10869979608855913,0.5791772957298784,0.4501855599243989,0.0596311956515302
2008-12-09,0.694831122595411,-0.08798927541534038,0.47357263347951967,0.4797641417564267,0.09438147619926718
2008-12-10,0.6753114529388053,-0.09150330643157216,0.5994655248804033,0.34413862854455635,0.04296181556710223
2008-12-11,0.6268801132790911,0.1656970452367329,0.482348964919346,0.34885125005191314,0.08079458767514947
2008-12-12,0.6651452171827537,0.05453447694088218,0.5270236766918323,0.39872613141448765,0.08558603712851416
2008-12-15,0.6981299428522831,-0.0797888303811049,0.4467555737384831,0.38120643532125187,0.09910900149259326
2008-12-16,0.7129332534020741,-0.002144874867378375,0.607471805661965,0.3163039818531689,0.06394511043275745
2008-12-17,0.6079991314163709,-0.1710385897760546,0.5854761795401877,0.4815691759794728,0.026364485328979483
2008-12-18,0.671435375987479,0.015486530294825177,0.5072534033381738,0.30178062464942157,0.06196015897841949
2008-12-19,0.6728308248760488,-0.23557307150594356,0.556202184796278,0.4333466456751798,0.048393963100979334
2008-12-22,0.6372842552860617,-0.44847215811676133,0.6153232557991799,0.5915050027274493,0.0725781759711782
2008-12-23,0.6128855656402614,-0.18983792536818556,0.5250355446906896,0.6008830295923752,0.08861508063355794
2008-12-24,0.6170650179182048,0.20226533944789568,0.5590098869902969,0.3971546738813431,0.00799805621188533
2008-12-26,0.7016388361569423,0.2639741649392401,0.5026842960350989,0.3375085533265464,0.04559337859146337
2008-12-29,0.6756791915745429,0.170416565009606,0.5788005383341434,0.3806968073953216,0.030278357912321155
2008-12-30,0.6856460870729251,0.252417884376494,0.5457288999712923,0.49724691459956144,0.012305250080012054
2008-12-31,0.7126415075983392,0.04580669165935525,0.6406890931841448,0.3928812824974197,0.051134571479110526
2009-01-02,0.6470184346102306,0.1665689973800245,0.6385495293284396,0.4004819629058942,0.07624857725306393
2009-01-05,0.6714596137700017,-0.08375206020081653,0.5794309334471202,0.5713509898860094,0.010210566638507824
2009-01-06,0.5590347359034443,0.0965275999381377,0.607756088711484,0.4373504653106941,0.03659835938248287
2009-01-07,0.6730446179747654,0.05204284915239012,0.4834374581618218,0.3729294045704751,0.02072082387654589
2009-01-08,0.6614421787765159,0.22668459626252205,0.5614713587089495,0.4442175151803145,0.06777734490783668
2009-01-09,0.7272849652387623,-0.028614614231071808,0.6022618761451932,0.3927616972482931,0.00283689651729091
2009-01-12,0.6506969798030315,-0.04036058497591984,0.5090601882537762,0.2714763446257903,0.047225599478733095
2009-01-13,0.6207178194105003,0.29243039754631217,0.5521294881594637,0.3821425146047962,0.02620417498079195
2009-01-14,0.7017119835092465,0.13479887795433135,0.5421104426552747,0.3297358326382449,0.07173036759421353
2009-01-15,0.6228496482756191,-0.28839009541537586,0.6443996104413459,0.45708795635410926,0.0076489888132006195
2009-01-16,0.6784761265292242,-0.037604152831671026,0.5237417560155613,0.47441433273254213,0.007932596003397708
2009-01-20,0.6634286485380033,0.051748795671083904,0.5526205290348821,0.5275333298061313,0.02600182269415683
2009-01-21,0.6953642997280289,0.09957742417797089,0.5936680071491719,0.3364509184390901,0.004554905091294792
2009-01-22,0.7172137283313558,0.009860761784186394,0.6207443460135287,0.4076420860621123,0.01974378282902054
2009-01-23,0.5958173953048592,0.3046518811574185,0.5439918894943636,0.5092083600511335,0.008176119840088437
2009-01-26,0.6881001308532322,-0.030433581257848855,0.5995877306373262,0.24675409766258904,0.003492525325584539
2009-01-27,0.6411418792025185,-0.0859284827027761,0.5433964377481547,0.22697919435913524,0.07368977125727487
2009-01-28,0.6880252447728414,0.1237987078351543,0.44231256748072456,0.44945262529317787,0.08438577598663886
2009-01-29,0.6898067036421077,-0.11287690332849953,0.5569033343786802,0.3599730983798629,0.026663913331531376
2009-01-30,0.74238308964555,-0.31074451022531785,0.6062667015275729,0.33664652569019776,0.002937040117234602
2009-02-02,0.6458717476702334,-0.19310881332907756,0.560349519795608,0.3290604194486652,0.028326330160275495
2009-02-03,0.6666691693940293,0.016557445815742915,0.6467991086118755,0.37482349909647167,0.0015932258451646032
2009-02-04,0.6059914878684511,0.3176018227442871,0.5890811250487028,0.4854416330503582,0.004518695517974969
2009-02-05,0.782258264567281,-0.14351219677577398,0.5994593119492659,0.42037477135729706,0.09414136574123928
2009-02-06,0.6892214832503654,0.05721861207115328,0.5135925892559117,0.47178058747658413,0.09070103612762638
2009-02-09,0.644851183879215,-0.05913574060289409,0.6010188794473963,0.43560886276759314,0.07789410618988317
2009-02-10,0.7563424160241717,-0.07912702668242744,0.5883148926997225,0.4151472003908462,0.09261837353201231
2009-02-11,0.565340558258234,0.12962153393033216,0.56706116109435,0.20848155591925074,0.01918443642617869
2009-02-12,0.66416278694693,0.10397386042155093,0.6637068646891446,0.5009375384008169,0.08413607655206241
2009-02-13,0.7554863452410641,0.15720266643090572,0.5016687256712173,0.39856790678755444,0.04681236377824717
2009-02-17,0.7256947329308385,-0.18310923498839238,0.6470025318882605,0.3408056409353953,0.010612172259561415
2009-02-18,0.7646791635226982,0.3681831782173507,0.599267697541965,0.30051691477690967,0.05953448582163249
2009-02-19,0.6446780805509962,0.1449831670498409,0.6006397835588442,0.36547428115194464,0.00043936533337188836
2009-02-20,0.6656203980247081,0.02036089450865281,0.5653699023317768,0.27727860126146986,0.09546173089764631
2009-02-23,0.7103167620909681,-0.29647808951362353,0.541721100292758,0.3693713551538485,0.08150005675488413
2009-02-24,0.6514695913959181,0.19389961476079065,0.5043288343531499,0.3464457406343039,0.09496524885525903
2009-02-25,0.7010661052681442,-0.0005926812177833109,0.6433209782461844,0.1831306813077224,0.07328276431856
2009-02-26,0.7127077814116892,0.2947123732629146,0.6310391220107356,0.5345757746601265,0.0687024559022366
2009-02-27,0.6683851236488086,0.1701792345143488,0.5539081661979047,0.2623586644929552,0.005910276968355122
2009-03-02,0.6718273844416901,-0.21393734163961817,0.6688531569490805,0.23232475882651477,0.09160566217135785
2009-03-03,0.6802348676116926,0.40519444657005715,0.5684403140842536,0.3573499151074812,0.07726461603209626
2009-03-04,0.6626668168815212,-0.25963336226558925,0.582221701866055,0.5392709041390944,0.03880924135970518
2009-03-05,0.6438074737512418,0.040027247376858845,0.6068454610454811,0.36546433786589666,0.029166908770224723
2009-03-06,0.7531329643227951,0.1307565272387366,0.6782745017083398,0.5481434049503464,0.07025443388967897
2009-03-09,0.6986771066226026,0.020545259201282563,0.6386589109822429,0.2705890072334578,0.040682328603854984
2009-03-10,0.7480049971670792,-0.07699692537504219,0.6257461221302457,0.35857203484056777,0.06711455480092997
2009-03-11,0.605461328305156,0.020008672959509477,0.5730287757392675,0.4344767308613456,0.02525154722615084
2009-03-12,0.6426960460600819,-0.022747887331104992,0.5506060313709897,0.261017802838292,0.09225017890804602
2009-03-13,0.6611841806073662,0.11599846251705953,0.5761820411230819,0.45965843444568966,0.017203388027273225
2009-03-16,0.6589949809850161,-0.10391923559326668,0.6035483625272857,0.4685548027619563,0.03244212859589481
2009-03-17,0.6362687530727966,-0.25513089000188,0.6324139026247098,0.27116804374454506,0.05891195021393476
2009-03-18,0.6398418044074653,-0.10538831083354845,0.5603348035234617,0.5083374340129377,0.025333155753726935
2009-03-19,0.7166139150577842,0.2939193207121645,0.5809421457466302,0.4042860916999783,0.004618205760111327
2009-03-20,0.6438355720434203,-0.05848610659848304,0.5223979708090289,0.23898209308519625,0.08069987405409206
2009-03-23,0.7726204847672565,0.23529150513177935,0.6363511438945776,0.32841079100304205,0.023419657928640127
2009-03-24,0.7388703561927421,-0.17360968649156072,0.6041448843298627,0.36997422124839974,0.028692820887568693
2009-03-25,0.7359459674939923,0.23871395261593942,0.5942784939557431,0.43450771083744383,0.03875245516021389
2009-03-26,0.6828628595292274,-0.30274228533628467,0.6285497382809767,0.4055193122380442,0.03297081799540593
2009-03-27,0.6986355554455358,0.22239857971072677,0.48737125966207545,0.336959100158714,0.04486666802185068
2009-03-30,0.7155399048032867,-0.1108585022629765,0.6272159346085416,0.586396286718144,0.003801576020460651
2009-03-31,0.7005375716502489,-0.08839865509761947,0.5345791767414468,0.26803885084629064,0.06882151197215729
2009-04-01,0.7255106756076896,0.04160193735536455,0.707043920175666,0.42883701167080474,0.0023050362330190423
2009-04-02,0.7149979494253518,-0.05379538008594181,0.5378690999580146,0.475076445747731,0.06629812534496446
2009-04-03,0.7470444952816125,-0.4440209892641973,0.6656675889675281,0.33181486730938103,0.027064621119039758
2009-04-06,0.6318715392153228,-0.31351659769461326,0.6430658635582652,0.3670170599593469,0.05192937670345028
2009-04-07,0.7665979676544594,0.14785932498229962,0.5481973039272793,0.2890941238082816,0.08387919908570836
2009-04-08,0.6691957431617599,-0.22142453390035058,0.5901503547757472,0.5634019702792903,0.08744744982959242
2009-04-09,0.7640303869132288,-0.06406738999028007,0.627316238196719,0.14832902917345214,0.054811177053548266
2009-04-13,0.6691082681434571,-0.08310281959572874,0.556597360606719,0.2958172831203002,0.015810166275194572
2009-04-14,0.6599494178465936,-0.3303736519109534,0.5430702708062777,0.22487541314538784,0.07498257153905129
2009-04-15,0.6542745398961057,0.0027980463712504325,0.6264133837522531,0.3137038556699138,0.023768254157027303
2009-04-16,0.7154427244818505,-0.046030868891744264,0.6225491786562622,0.4045515958406089,0.0885350260504734
2009-04-17,0.6802125453658538,-0.6034495769368134,0.6200442175447977,0.28924291087859133,0.03450575836204622
2009-04-20,0.6957587926012992,0.028110757034757173,0.5722243174553918,0.31038411471345007,0.06203973355813808
2009-04-21,0.7043082861886149,0.19705116772217543,0.5706506907850477,0.49637288987762396,0.032957416191345845
2009-04-22,0.6205160810808508,-0.06922063812097679,0.5141624208680484,0.49548531659485423,0.07692117173014593
2009-04-23,0.7460334666084651,-0.08256689711744737,0.5862154132561467,0.47749633092557175,0.0733199496231723
2009-04-24,0.6495858549295874,0.14541378553904177,0.5889956518744711,0.1905777210587806,0.030119622882357946
2009-04-27,0.6740328637632269,-0.3533141297367269,0.5825201595378687,0.38651972585077976,0.040694198474718404
2009-04-28,0.6921375689551885,0.3028518913815259,0.5755230739591506,0.550500830986613,0.014678857439615646
2009-04-29,0.6681508898145303,-0.008396331264143983,0.5017935509490747,0.4323565426550623,0.09683951158704383
2009-04-30,0.7083264343777955,-0.05428244101316614,0.5203451810167449,0.3240895517327965,0.030595803099030917
2009-05-01,0.756545098502762,-0.09585920268288238,0.651873687978048,0.3717583496376998,0.08697368594245616
2009-05-04,0.7246891855383973,0.01666805591629596,0.6518353346938168,0.4173039621401515,0.04619801396986448
2009-05-05,0.6972091807681899,0.2543528190334562,0.6227689090105504,0.37001717619821967,0.06171701252100025
2009-05-06,0.687972403072339,-0.015609911408794261,0.6181652137487246,0.33919995469791203,0.08537565315351761
2009-05-07,0.6390584524898424,0.3827491659129292,0.5868637555048204,0.3448376362689272,0.02546817107017726
2009-05-08,0.6115692603672712,0.08278729565951694,0.5461000106546179,0.5202799809747157,0.0856058411534669
2009-05-11,0.6962889890496466,-0.07208165651994529,0.5444029912573857,0.33003518917148705,0.05508839946902662
2009-05-12,0.6379341454275149,0.09652106590934637,0.47516413338192065,0.38812958693881766,0.005425237810463813
2009-05-13,0.6627118328232364,-0.0845500684649518,0.5752605884815616,0.30256979491788066,0.004516889536338909
2009-05-14,0.6691690040382999,-0.05315804436402584,0.5328916513240892,0.48511601263884485,0.057981388334699874
2009-05-15,0.7254111846862972,0.12495851144724626,0.6380603588950721,0.4774885205127582,0.02946465485790033
2009-05-18,0.7900784444600969,-0.04323626057156413,0.5837321479036853,0.3363816700566346,0.05373456202163184
2009-05-19,0.6463442787584959,-0.07932654278102814,0.5673957979764545,0.44805908500540903,0.08312131947745796
2009-05-20,0.7039485815949538,-0.11285644640245313,0.6492041120164711,0.3913401336136743,0.053295084421737984
2009-05-21,0.7776952568693485,0.027574554318829214,0.5214415665310463,0.39143589759986197,0.0550805236200327
2009-05-22,0.7014182747926316,-0.017568333782755,0.6290614124258688,0.45727476737699485,0.050864078428815435
2009-05-26,0.669127859220968,-0.15427818799529786,0.6823510648039675,0.24162123336813413,0.08392174185391031
2009-05-27,0.6998237210044836,-0.17754092919614753,0.6242603246633863,0.38963644261637725,0.026997801582477977
2009-05-28,0.7347903792114348,-0.20574583552238326,0.5861745755822753,0.42659072503099005,0.08309308476560956
2009-05-29,0.7580042481647208,-0.33904009055401674,0.5278846590158848,0.3887990583139574,0.060419741838088376
2009-06-01,0.6966008079439238,-0.003600784529257596,0.5990739731636218,0.3178731848375271,0.038927325796422156
2009-06-02,0.6195688184997029,-0.21743094000043334,0.6765159704651859,0.34675185024316224,0.005174053664190015
2009-06-03,0.667872936351295,0.07969004065059299,0.5900698317716615,0.4827931498957031,0.0015466834951459287
2009-06-04,0.6121357223215788,-0.061366970267688,0.5912441554367528,0.6352895252377345,0.05126628292164065
2009-06-05,0.6893984716395091,-0.1301737546518544,0.6127221045268006,0.3197237745984012,0.06569922939792028
2009-06-08,0.6673971775811782,-0.0009040687568825589,0.5818148682899639,0.43282851745150763,0.05593683611504562
2009-06-09,0.7105793062244085,0.04126320381461283,0.5328303417856011,0.44146074398504437,0.032624222885923294
2009-06-10,0.675597213750452,-0.17020121216494388,0.5574612299370084,0.4434000262851603,0.08921568433409144
2009-06-11,0.6254798067558566,-0.11122958122708518,0.5492428689162344,0.40772434396998747,0.08067723072214761
2009-06-12,0.6875659303276964,-0.042428793287434596,0.5284049097027308,0.3368272875791383,0.05457636052249261
2009-06-15,0.6429591998612473,0.21738599013976106,0.5683463957464728,0.2897386907172365,0.04797302242652354
2009-06-16,0.7183097962167504,-0.042797675640423145,0.6062325007546628,0.374502332294175,0.014376818444821927
2009-06-17,0.6494144034975553,0.02609567038552034,0.487229921125594,0.35201307500941614,0.027926513756400085
2009-06-18,0.6458410807452798,-0.1316765303019165,0.5458686537422858,0.39826458569643947,0.003202817983529749
2009-06-19,0.6124970265602536,0.014430337866617616,0.5473472870432561,0.3082170561565456,0.09422152610399838
2009-06-22,0.6402652257299425,0.4211581179658966,0.5070970472188652,0.27217509044729504,0.098702202541159
2009-06-23,0.6904586867849676,-0.070636135314659,0.5154014124269168,0.45795928162828137,0.06925822521118173
2009-06-24,0.7431918981390213,-0.30340572026177093,0.5775983585411588,0.5060736518968717,0.0518992213645193
2009-06-25,0.7475563260032209,0.09681159804180761,0.5731411235663249,0.4221376792078936,0.03079937249135738
2009-06-26,0.6740184935860161,0.18428745874904562,0.5292830485581601,0.34279471754408875,0.03127630364109448
2009-06-29,0.7615096483835395,-0.18903770705908438,0.5901525725336852,0.520801184666225,0.07959761110309449
2009-06-30,0.7606835596795612,-0.023731700841675477,0.5544292642068611,0.2126989584370382,0.01783878472681295
2009-07-01,0.775558634245269,-0.02102067059592016,0.6626046289442672,0.47311797413959567,0.07660899509980422
2009-07-02,0.7646753084272387,-0.009963348448129836,0.5483899347278886,0.46372513463301324,0.0231412067298177
2009-07-06,0.6841838148752158,0.16429232962095108,0.5222680543946882,0.32004202953086214,0.03586180115172151
2009-07-07,0.7402628237449791,0.22425905461322437,0.4833076831081579,0.2396416275832981,0.04529974603366478
2009-07-08,0.5997265426118525,0.02086720506813669,0.4240794891448414,0.35841821383845607,0.03105949627654463
2009-07-09,0.6269294887642232,-0.30191247101562424,0.5397959807677939,0.6149416353812198,0.08447495519708152
2009-07-10,0.6741219998499951,-0.3848044295282722,0.6024681770719384,0.4404763681701693,0.04676936417656097
2009-07-13,0.6885584156491801,-0.25331436104593535,0.6078962862682343,0.4513860362582937,0.08013939698570821
2009-07-14,0.7101187683294178,0.23877642995634535,0.6000962354612838,0.3730883979694696,0.034771593376044296
2009-07-15,0.702057443497211,0.25822642635148746,0.5673892394163249,0.32347516342659377,0.03549779086738615
2009-07-16,0.6609534528873973,-0.07928053772778478,0.5255203362492823,0.37734541741021815,0.0646709991151092
2009-07-17,0.5763289815462248,0.04182163907525352,0.37746216578727476,0.3706385501879084,0.007870932299938205
2009-07-20,0.7210689594055577,-0.09175009134102731,0.5413140707312794,0.3741263030010153,0.02074623806143925
2009-07-21,0.7143879832749421,-0.08898855753327217,0.5440582965830641,0.38751272980257756,0.050873402454732965
2009-07-22,0.6491973054737159,-0.21260711076316144,0.6054166671280945,0.38327200859666904,0.08450495465707845
2009-07-23,0.7037949763980417,-0.36991016109749025,0.47693841918234736,0.4799971774690269,0.007269275049474656
2009-07-24,0.648092382766152,-0.14699899081850817,0.5940384654833,0.41034625518909496,0.08028385159788465
2009-07-27,0.6989097929351054,-0.22507088758745644,0.41459161254748744,0.38655774583379204,0.010879007367535554
2009-07-28,0.5915355995004932,-0.011085883025034028,0.5406604681102013,0.4707822001745939,0.07849802878468728
2009-07-29,0.766311630992498,-0.2892714425235071,0.5636120007019074,0.4419519807189697,0.09388244596382543
2009-07-30,0.6844380081827405,0.0033858330555583717,0.573294596163797,0.5574628283388234,0.017435188285476712
2009-07-31,0.7912677276426463,0.14755115253599987,0.7196113940945138,0.5999405232553485,0.09000180515504147
2009-08-03,0.692588892080698,0.13681706827821535,0.6498837784989786,0.4708863368576526,0.01581770536895415
2009-08-04,0.6563728712550106,0.19482408305745957,0.5505682676463135,0.48492196941609794,0.0154005288443971
2009-08-05,0.7362135506106,0.06661293544109798,0.4246726059298721,0.4088787944423865,0.029096509233711567
2009-08-06,0.7336518344908137,-0.4394631217378859,0.5165238329165122,0.25146309278264506,0.042421968480478384
2009-08-07,0.7478816484997617,-0.4324429713241362,0.5320356188023728,0.4039973927475092,0.061184097153663665
2009-08-10,0.7015855870125233,-0.09736768846606161,0.5881014570323715,0.5266403883307494,0.09325846237306834
2009-08-11,0.638186009802804,-0.3992683000225456,0.6034807961636905,0.4507679605874825,0.09738138527440733
2009-08-12,0.6957456870148024,0.2600083539852804,0.5848300488764968,0.34124271344736656,0.012601898066155992
2009-08-13,0.7096318478922302,0.32865370380921866,0.5053762912885104,0.3903031940413412,0.00722218987922042
2009-08-14,0.7023709063053115,0.4239286226491002,0.5727909716892154,0.47071036237881414,0.025351404283249158
2009-08-17,0.6311110734334457,0.09726195019524368,0.5112273273839167,0.5555077988100259,0.09344035480344186
2009-08-18,0.761518349338174,-0.022785477892067807,0.5849888538986786,0.206862316593934,0.030720587602322626
2009-08-19,0.6643660342391053,0.5889119197094791,0.5508591832607596,0.28266011655389556,0.09191827700043032
2009-08-20,0.7064849924456217,0.05163652537813995,0.5322253921115635,0.35353489860081955,0.030941312564186876
2009-08-21,0.5906402650942624,0.37347548189464314,0.5172352134745875,0.30145940604661847,0.09853467927472907
2009-08-24,0.7388465741882858,-0.07198545367626823,0.5764831088694747,0.4353786304330073,0.06805102580294317
2009-08-25,0.6673616112849845,-0.3538711261799412,0.4542972408183101,0.5403718535419088,0.016927472344820216
2009-08-26,0.6339416820421226,-0.28520142250130315,0.5008576591502613,0.3363172243665554,0.06438984088389145
2009-08-27,0.6618011470533066,0.18856507003015147,0.5323219922932767,0.5155801693104675,0.01959751838989429
2009-08-28,0.6710180378580118,-0.14148993236738241,0.5677867813590515,0.47039881227403857,0.07605671030192736
2009-08-31,0.6247725691112117,0.17885247831629755,0.5231116027222995,0.5544601979987882,0.09161107893030773
2009-09-01,0.7099963200595979,0.12709129229816019,0.4487130610634627,0.4689922900991967,0.047997205718313354
2009-09-02,0.6865185099419812,-0.28141055170969237,0.47768658438365963,0.18124047165818405,0.012023615772569241
2009-09-03,0.7252524420234076,0.14197304451032317,0.4882138331250922,0.5478996964635856,0.04075145054113108
2009-09-04,0.6222085304479914,0.09149866301098691,0.49539187461838813,0.39003832542835026,0.03673132591046966
2009-09-08,0.7471714755675872,-0.2852766545539495,0.5104568082693399,0.3730197167519613,0.0017323847224973155
2009-09-09,0.7533674051030208,-0.06523140244367247,0.5602737593565755,0.39084940523829387,0.032999896690155704
2009-09-10,0.7316841610336398,0.1484652283475055,0.40661661455804826,0.40805784353300373,0.08213671935709066
2009-09-11,0.690120955296335,0.02754208883040394,0.4884377257638468,0.42851502827074306,0.07476171717537895
2009-09-14,0.7583030262339862,0.09740312104754958,0.6513404390349741,0.417385880581633,0.074584735955243
2009-09-15,0.6703731624563798,-0.07171529842536331,0.46458569963169694,0.437518098892344,0.08793508656406468
2009-09-16,0.6646437560310596,0.017193145023690605,0.5025531771769354,0.40606229369470104,0.04387484573634243
2009-09-17,0.558021916903803,-0.0978597165891402,0.5567248928024411,0.49459808416688694,0.007371485834340519
2009-09-18,0.6496756133441914,-0.007916400510555477,0.40342611441323506,0.5106152438461499,0.0382005366665584
2009-09-21,0.7944371517956365,-0.0013309362142037411,0.48773391123263415,0.4405915552180559,0.01472485381219061
2009-09-22,0.6978354844895891,0.029825446174794424,0.48199442357475414,0.534095550273529,0.08743841261745681
2009-09-23,0.677169426149186,-0.27951166514235665,0.5738191303311173,0.2923612267998381,0.03355112777500535
2009-09-24,0.71903564100437,-0.19900512929248904,0.37946223623453523,0.44319299604721396,0.019691673905302454
2009-09-25,0.6448317919409945,0.280562209475464,0.5505585256955449,0.44175073376247376,0.0915062096106165
2009-09-28,0.6791667072214603,-0.14745350691166176,0.5422982781801698,0.3084908357555805,0.04401118127081534
2009-09-29,0.6307755346653268,0.09230448499459461,0.5783913818412707,0.37263319014919,0.07950112967760058
2009-09-30,0.7862807161190226,0.21390405477098798,0.4631748158314287,0.5038147018348801,0.02652855405401148
2009-10-01,0.6688362210806766,-0.12518121077811256,0.4651043767459054,0.4436048470323214,0.08812320584298707
2009-10-02,0.7072159965157423,0.20947849541300442,0.5647819347753209,0.39029839900607544,0.0673000314482991
2009-10-05,0.6437337551175403,0.07719939269322283,0.4619417968732507,0.41734983121286695,0.053986140942138876
2009-10-06,0.6867215369201699,0.07033453720852986,0.42492832651616697,0.4832763979203182,0.0868624165313222
2009-10-07,0.7064584477643866,0.1300983626304292,0.4364217352526796,0.2677257331121742,0.09242091895265117
2009-10-08,0.7358609125238091,0.3296150979432578,0.4798881163382503,0.5389274729459467,0.0987302992633591
2009-10-09,0.6652645087910104,-0.17630053590512373,0.4746595148538154,0.2177259603086416,0.07567635655504618
2009-10-12,0.7613963339399221,0.19935636085151168,0.4370045355625427,0.35527377283240397,0.0439415882549935
2009-10-13,0.6478989783104949,0.0705867928569444,0.44215240859624255,0.459742772231957,0.07558191202764812
2009-10-14,0.7341839835119993,-0.3456813183050908,0.5037320602151145,0.3336462220059098,0.025592850514207045
2009-10-15,0.7154741165942636,0.19299685518952847,0.45205317107208104,0.3619325723288053,0.03574488822941846
2009-10-16,0.6952597893623412,0.5101185387150368,0.5519247017197694,0.34518192095871736,0.07179543471535316
2009-10-19,0.7579737376597462,0.10356957260030837,0.5403025077040217,0.40801033514746027,0.051666136119386114
2009-10-20,0.6907407226858648,-0.19320217240269305,0.5095658785163047,0.35470972624660857,0.019720025336576488
2009-10-21,0.7379776359095368,-0.0448391944088262,0.6003800548928254,0.4658455165772028,0.06947917035371193
2009-10-22,0.697031549332444,0.06463402514903988,0.5233347611049373,0.49469111998273596,0.043236112245845004
2009-10-23,0.7159510717877287,-0.18555138560688267,0.5790987161044597,0.4902489434220344,0.04573477766412405
2009-10-26,0.6912379608323633,0.11072101068377951,0.4689500696868036,0.2961217847987902,0.06242674424563271
2009-10-27,0.6126550816333769,0.010371371121271268,0.5178343173170029,0.3667449574677248,0.07702992129650492
2009-10-28,0.652779535674776,-0.004761432996287174,0.507907050904983,0.4499675197958768,0.023027430022358866
2009-10-29,0.7366569677092751,0.019432145285583437,0.5355698232109964,0.40770994087559964,0.020821886236369127
2009-10-30,0.6214631320036349,0.24533016117959364,0.43279641212685555,0.33042704635896736,0.05968730271110533
2009-11-02,0.6612766619461397,0.026224997745197598,0.6083786009619434,0.22821542791943827,0.03217108305125284
2009-11-03,0.7355528939930466,-0.036565838826447504,0.43910247013155945,0.37210208649423865,0.07452846558540409
2009-11-04,0.7229383838510088,0.26179028758404677,0.5259163182539878,0.42216649698875736,0.0017677501962817478
2009-11-05,0.6262793674138862,-0.04065644259939108,0.4819587671701506,0.5144492511422378,0.012484603210779556
2009-11-06,0.6383709579742458,0.06600012735808797,0.4550102098462126,0.39159353879269315,0.03632126870836483
2009-11-09,0.6889278291340546,0.03000498131255073,0.4964534090656809,0.41697798171940115,0.03627177408759389
2009-11-10,0.6401185587919827,-0.13686754164757156,0.4798392626378634,0.2227726049979607,0.034324826128081035
2009-11-11,0.7289460800448551,-0.3277545779051097,0.528825596835649,0.4085030695410636,0.06013389220134529
2009-11-12,0.7887476314604546,-0.23946117909730022,0.4533844913515162,0.4049730415750922,0.002168907834349854
2009-11-13,0.7571881707273159,0.07224794475074531,0.5198039200400189,0.4624810755460186,0.09452107739884044
2009-11-16,0.6111277073913144,0.18601000567479717,0.5937663362367005,0.3917496900147336,0.01474910369458684
2009-11-17,0.7193047170683987,0.38639402503227654,0.48866933009859603,0.5038450532972734,0.028505966465464418
2009-11-18,0.7043251560488927,0.25280657463757067,0.5978192534508133,0.36984462430281323,0.07543937100897685
2009-11-19,0.6795874068935798,0.1425788071803135,0.5437388910807325,0.2969613756826572,0.08422036621436761
2009-11-20,0.6986943307843905,-0.5133459005103446,0.44533407621239796,0.23914164155563766,0.021781325693781096
2009-11-23,0.6927864120103454,-0.40920906335691276,0.4848873940886469,0.46865306227287923,0.019866500892695007
2009-11-24,0.7581650452584429,-0.08361867912580082,0.5652038660411143,0.3882776987511199,0.00028167308136167746
2009-11-25,0.6852971440572432,-0.06224949945078263,0.5296765856216576,0.530012536990063,0.006420755666810141
2009-11-27,0.7048251609347067,-0.2525236370601309,0.5443522698186662,0.3527551851905554,0.08613607920221884
2009-11-30,0.6858905072133136,-0.5383367067634008,0.5111454491632808,0.48053080649030344,0.004778569261973953
2009-12-01,0.6776517901631324,0.013037752090227964,0.5556889898500569,0.38506554582802227,0.07217018705180671
2009-12-02,0.6101937096978722,0.1651839803647747,0.48897808539935694,0.2072049879708585,0.07565070384551136
2009-12-03,0.7044682029716773,0.0012671184314809408,0.5788408520591664,0.37854247670158975,0.006328313122592211
2009-12-04,0.7368199763803185,0.14132492814162065,0.538215939848586,0.32949274792120825,0.03748154247217873
2009-12-07,0.63474480694031,-0.4064149180671902,0.5554788534265577,0.5381611596187487,0.054340199167422144
2009-12-08,0.7310121137952078,-0.014525041644648193,0.535483748596906,0.2688982419610087,0.0696542992360323
2009-12-09,0.6038585530728028,0.26661402168932086,0.5114057121252444,0.33894607989618275,0.012169875352242988
2009-12-10,0.6024865409851496,0.02220480916141065,0.5285773696554183,0.263442839880808,0.014138951118212374
2009-12-11,0.7198174942952538,0.051180292057604784,0.6221814502155069,0.33499027558420263,0.05091249112636608
2009-12-14,0.7182337024076265,0.11277725312235205,0.5855124810172964,0.44652666845139555,0.0030956347433895417
2009-12-15,0.6898051829666436,-0.3311049729464217,0.5251467065031749,0.35242796944988997,0.07568254807728415
2009-12-16,0.7167999482750823,0.0708569180132083,0.5248644482468974,0.37885398986401997,0.030751212562632038
2009-12-17,0.6482971023679933,-0.20186349227934444,0.6159575673240671,0.38867933988960046,0.09708745643278911
2009-12-18,0.5946369370279179,-0.5061094576648297,0.5467592150317176,0.44010169274393035,0.03538587817654507
2009-12-21,0.7362847028601498,-0.22979971828361132,0.6169870941373055,0.5413800273022631,0.02282987576374186
2009-12-22,0.6943915353867812,0.20342232977039756,0.5883354607041182,0.43114237221722995,0.006074238844449609
2009-12-23,0.7733960471673922,-0.09133232131221584,0.5839386776493076,0.3612054180636385,0.035519667663065024
2009-12-24,0.7011534583207899,0.11716440095390537,0.5450284929055802,0.5559313566654518,0.06721468891363819
2009-12-28,0.7298139125234652,0.031059088658447677,0.6182442170288249,0.41739461743905326,0.08535443465909681
2009-12-29,0.7303685826304842,0.42676760212337383,0.6382185862894294,0.5140701313740288,0.06230090091028674
2009-12-30,0.6957935256453822,-0.1308010806379409,0.6242878285789694,0.430708063391083,0.01820680250293889
2009-12-31,0.6722516957380762,-0.09447674757168062,0.5706175840364252,0.42519969037368627,0.047997937355004176
2010-01-04,0.645384432433671,-0.05001874771213952,0.5161053472989168,0.26168801193135394,0.06879232454592726
2010-01-05,0.7245630808742327,0.2677823687810083,0.5471598190601306,0.4101057434815437,0.0424625899373285
2010-01-06,0.6205724662380628,-0.14565398715526862,0.5831718163281495,0.24183731609979525,0.058053711955634184
2010-01-07,0.7307989632198291,-0.0705911268283491,0.5342209198918392,0.37611882470425023,0.031058176365194624
2010-01-08,0.7699233947067202,0.006977946212537978,0.581268354303072,0.47536024035722424,0.07140275040405196
2010-01-11,0.78238521601859,0.022585573287175743,0.48885987685538956,0.20164159597478293,0.04998374506516528
2010-01-12,0.7523684799206612,-0.06811026326033166,0.6119548618111537,0.3558735813384498,0.03292429588286755
2010-01-13,0.6578160998352258,0.1303882232337921,0.5387455647575469,0.49463037688477135,0.023192910063667017
2010-01-14,0.7564373104296711,-0.20761583235285386,0.6133665907259842,0.49924643194409735,0.04183162502310439
2010-01-15,0.6603258396359845,0.0647167821207891,0.5828003022167838,0.3298986666007546,0.07839411566767508
2010-01-19,0.7592332739166491,0.1430837102674228,0.5468739784838046,0.38548156857237736,0.07653492792608858
2010-01-20,0.7305560461238972,-0.04841076576379124,0.48254707567362365,0.40754924382200025,0.06535890367393828
2010-01-21,0.7043662875321087,0.10956470404841723,0.5643891504441159,0.48753380669392543,0.03931437912271857
2010-01-22,0.7811747502800377,0.006459970965783442,0.48137184459655763,0.21050204934004865,0.029632719902304174
2010-01-25,0.6648949412268732,-0.10003788557238924,0.53446125287489,0.5065755714144453,0.09400295635304504
2010-01-26,0.69891573557693,-0.2646487117208363,0.6019285218028562,0.3724143193566829,0.017345868276994504
2010-01-27,0.7110335923608337,-0.11191321597010184,0.519652050133529,0.41142625248798176,0.03861360349509727
2010-01-28,0.6447434205884011,0.07845156044752126,0.6033959062921395,0.46433971867994156,0.08370030014695488
2010-01-29,0.7911823565631342,-0.2787875660114251,0.6365779930459992,0.3883261185542052,0.04231767106156719
2010-02-01,0.7774524804150222,-0.017248446214906184,0.6439236159320765,0.4880222453669465,0.09333007206851066
2010-02-02,0.7372243277887542,-0.07896999243858419,0.5976095237439986,0.2247835698112114,0.09866381022145287
2010-02-03,0.5905047256092625,-0.30684037993504937,0.568107890222958,0.4715891427749606,0.08787433527769752
2010-02-04,0.7226335230662302,0.07268086005203658,0.6094387301670672,0.29674406381647533,0.09327299384498744
2010-02-05,0.6809042984870571,0.12487850286542101,0.6081675803568887,0.4223782900187265,0.03970678212880185
2010-02-08,0.679175881855347,0.19866785679546578,0.5323636099192423,0.3332139910572214,0.01889980720278467
2010-02-09,0.713208553228269,-0.2570051943159027,0.6373177082329977,0.28364213487549306,0.028483389956913963
2010-02-10,0.6827179245926922,0.026668624082828465,0.6520945066669579,0.4210144168727691,0.09421565162879486
2010-02-11,0.7088770301366876,-0.05287119325117326,0.6404037322868087,0.27823312797419325,0.02378710752053588
2010-02-12,0.7391845830809133,0.12658938395495634,0.592448773266588,0.3824229694278643,0.025590174805079614
2010-02-16,0.7073384965237818,-0.03573787096974489,0.5016192247857278,0.48231091688344097,0.08422110302890534
2010-02-17,0.7575122361817304,-0.2940235062876285,0.5553435157526295,0.46412785169468324,0.050888284995285055
2010-02-18,0.7295898884560659,-0.3188747509687781,0.6245419867575207,0.3222014008053231,0.0914969701974927
2010-02-19,0.6705144854522018,0.12634570106101245,0.5987323614534736,0.3530735831544237,0.030419365139516798
2010-02-22,0.7983716642854004,0.036295008395597635,0.6200387575783589,0.5237889981242493,0.01395888552839384
2010-02-23,0.7251418266386488,0.06812472021946502,0.6246269583348083,0.45155675776549703,0.09057486889169927
2010-02-24,0.7431277087545113,0.06555816452711881,0.6414766500073765,0.47475727488734526,0.04497267453379377
2010-02-25,0.697104723126392,-0.07498240889644646,0.6298248363489765,0.23000745560929975,0.08322742195474526
2010-02-26,0.7448819141910688,-0.37029606678000104,0.582362340787862,0.26594091541596104,0.06277056948087088
2010-03-01,0.7007299397746863,0.42696987388224106,0.6530287955217466,0.37300548785198107,0.08197777134783561
2010-03-02,0.6504472122715259,-0.07280759758655658,0.5709041633239973,0.30964707097052996,0.018944239182978717
2010-03-03,0.7146430778737687,0.40021419088013577,0.563450286237662,0.6117249435235167,0.004336483153180204
2010-03-04,0.7390567518830815,0.22420650876392162,0.5734160553045806,0.2805792455510246,0.002640350678761028
2010-03-05,0.6423076898576869,0.05695729471956043,0.5682636371429791,0.35440658276584536,0.07199772349690202
2010-03-08,0.6941769948799508,-0.10070611879240254,0.6226149624580606,0.46269084716540193,0.046252895388989905
2010-03-09,0.7801154390212889,0.1121096816649354,0.6538712630349155,0.5454623868647168,0.08088581536713277
2010-03-10,0.6589381367360808,0.20993728977507167,0.7093801295418286,0.22841314839203666,0.050428895648742644
2010-03-11,0.660100929167019,-0.011057826353239883,0.6207055412316079,0.2518152851510121,0.036736675162123915
2010-03-12,0.6847572963923227,-0.05571800372888552,0.5410881079731719,0.42554933067650724,0.06744022692292292
2010-03-15,0.6602118274041111,-0.020280680185692266,0.6205038054550062,0.30604608720233695,0.021088340011612996
2010-03-16,0.6734844457734896,-0.05946915369952848,0.5661426488053183,0.26192252423219275,0.018529910616284485
2010-03-17,0.7015189080478238,-0.028571626831971026,0.6771478003305085,0.4918224445746143,0.03434420146661117
2010-03-18,0.6784512568026021,-0.20850609047195073,0.6185317406013261,0.3814843248597169,0.06639108466655969
2010-03-19,0.7021817172338569,0.23191341684101713,0.44283757396796486,0.1524604293556632,0.05317619473877514
2010-03-22,0.6117842644118872,0.264047483323173,0.6481845397802902,0.5329682413807756,0.05594960291356054
2010-03-23,0.701066021571202,-0.029813396952501587,0.5941487704794213,0.39513211960470895,0.07626342959939428
2010-03-24,0.7170156868559159,-0.13898522484962958,0.6895377808588571,0.3164784846627733,0.06389496651901568
2010-03-25,0.7267413265855948,-0.1143353738550357,0.6237039632095852,0.417320901252942,0.004272944558553738
2010-03-26,0.6862466217409158,0.07619048676498652,0.5631994941316552,0.4152461441789085,0.044767133417585696
2010-03-29,0.6019281382845941,0.18225594138022264,0.696977641865966,0.43822915267247564,0.061078679452895274
2010-03-30,0.728048273901867,-0.2631201525655346,0.608347601671133,0.4406870998932262,0.018244828224622978
2010-03-31,0.6643254617187437,-0.3092398473922867,0.6258767158499425,0.43054931207612535,0.01182285187892811
2010-04-01,0.758840290680903,0.23444851504199626,0.5948953863809767,0.39150788331876074,0.0028508135300936432
2010-04-05,0.7846000132888101,0.031351763566522306,0.5704705194045212,0.3465984227814164,0.022916869851498847
2010-04-06,0.6947371861199297,-0.23331905265398417,0.5545465596368501,0.2694912975733317,0.06312790488073497
2010-04-07,0.6460435664795682,-0.00017234160726305495,0.6634202130165312,0.37083180938900373,0.07877207921780852
2010-04-08,0.7675822962825415,0.1478217974709012,0.632411952785584,0.33125112018405234,0.057046799827879247
2010-04-09,0.7541010586527578,-0.2381043422662737,0.6037677658688164,0.31015783659245494,0.02118387009632712
2010-04-12,0.7145634028262625,0.18483393302018325,0.6663235259367644,0.41425812197039874,0.029269165952666966
2010-04-13,0.7310976203418956,0.17210967096190216,0.5451613984408957,0.5514841330478513,0.06595827713988976
2010-04-14,0.7496823249277281,-0.14519465827330433,0.6012616504883547,0.44796352850428545,0.058934518147261264
2010-04-15,0.6116863746910483,0.002740293626294457,0.5797325980443312,0.47672860828205643,0.011090640813388165
2010-04-16,0.7145799136752738,-0.06494125629381375,0.5002213336443102,0.5092526808306768,0.02578109168732915
2010-04-19,0.7042627964920456,-0.30140141537709825,0.6565793573336943,0.4189750331661058,0.08623329833723536
2010-04-20,0.7322949628695414,-0.23885326268194682,0.6222155074876861,0.4087803000787982,0.07448941425289494
2010-04-21,0.7625827985751614,0.09675241934117351,0.4980930365946865,0.4961736115699023,0.019579267956365477
2010-04-22,0.6998476400385611,0.30460695694501827,0.611208667704944,0.31688045932902736,0.09240740116991877
2010-04-23,0.6835011034345951,-0.009431677717315881,0.6258213328574991,0.5344762563540604,0.09084467633772987
2010-04-26,0.7227851666851378,-0.019357568603554174,0.4941012017520059,0.3889739280083669,0.012738396471629899
2010-04-27,0.7204331600449667,0.08056167941206763,0.6665190338202177,0.4063510850817355,0.0660672761695135
2010-04-28,0.6958674679362353,-0.36220258226012825,0.5685337320392118,0.3527841991290314,0.07882183496671
2010-04-29,0.7694297372700181,0.14225664680431171,0.6190981787515789,0.434500431506902,0.09418696934547532
2010-04-30,0.6393947356131617,-0.11621286776999701,0.5549209208329073,0.2704741702899137,0.007638778491863308
2010-05-03,0.7100766390621579,-0.009450668192036773,0.6646782921458922,0.390800635639515,0.017450642100833812
2010-05-04,0.6377512881590142,0.11207572576866887,0.6419878348108211,0.41638471309262926,0.0577404103484451
2010-05-05,0.7194717788107436,-0.2714399511455265,0.5890981991792068,0.37337750550071724,0.036778253743854294
2010-05-06,0.644778953680633,0.1808725729097374,0.588336554761278,0.48284205434895794,0.06535554131018799
2010-05-07,0.707815451473815,-0.011697655503331156,0.5159999009231564,0.46679300920420425,0.02237773420136221
2010-05-10,0.677003486116834,-0.17966723489806274,0.5503030886305488,0.3599596847512236,0.06882625705834199
2010-05-11,0.749911820136901,-0.011083164720019443,0.5564737861924817,0.4144447172726139,0.025121288605340575
2010-05-12,0.6100097319562481,0.2702069011358619,0.5514030967019813,0.2836816425383871,0.00501990025134067
2010-05-13,0.6984915243794672,0.12983169675453404,0.5746622068915258,0.4269540817260564,0.04861446643708998
2010-05-14,0.7536344579857202,-0.2183911163408263,0.5437558953977493,0.5731617396789876,0.09733385976107115
2010-05-17,0.7482153914901833,-0.1289298804155009,0.5606178920991627,0.4956081162830208,0.029595824388032134
2010-05-18,0.6790274123011272,-0.050513632016955225,0.618884363437462,0.402309106581942,0.012677651621955678
2010-05-19,0.7206419301647815,0.008033987114561754,0.5607116516808318,0.36488175283381113,0.032621612536664124
2010-05-20,0.68411032985458,0.1846184507236015,0.5454921076836298,0.4668848113710169,0.011468355942162434
2010-05-21,0.6924082081030083,0.1301700827735414,0.5980630186429851,0.35907246089932643,0.04736515029664349
2010-05-24,0.6983749647364954,0.1837267389870748,0.5518990141884588,0.5542547300215519,0.02156984348728024
2010-05-25,0.7273561679529632,-0.04768786871788697,0.618146431904768,0.4704593620534537,0.0764885337695538
2010-05-26,0.7850415687641439,-0.35084496719807307,0.6440854561481688,0.4194501084268667,0.02669894313000709
2010-05-27,0.7663137179475206,0.16270667879622702,0.5245435687380914,0.33888705200326324,0.0838739739059505
2010-05-28,0.7893510838399496,0.3111759938621279,0.562466376623754,0.34381915257745305,0.08698720526543452
2010-06-01,0.6589811532674447,-0.1631517591701777,0.5639622387505544,0.4044914575652248,0.07548972088923316
2010-06-02,0.68024847280731,0.15924593694076955,0.6545573340767741,0.31419239568775625,0.02469886955911147
2010-06-03,0.6960837273737905,-0.200062156986084,0.5261047722609471,0.39162780378077866,0.08346112535004777
2010-06-04,0.713825391648939,-0.2530017145825964,0.5840039803168587,0.3818135590198222,0.07557393873279239
2010-06-07,0.7353733619435182,-0.15003163677999717,0.528026879771685,0.19973783072094894,0.06381635664848609
2010-06-08,0.7486162855961956,-0.3888467453568222,0.644763679633438,0.4659425417212495,0.03470483043247428
2010-06-09,0.7416039579150048,0.007767781252854097,0.661459324451369,0.5091415792100794,0.061489062024226306
2010-06-10,0.6979149141384329,-0.10496686806783882,0.5470107570024801,0.2963080289204487,0.0768973852780712
2010-06-11,0.7153807888990806,-0.16588692560871227,0.5835775010706874,0.5137321226977019,0.06553892979628936
2010-06-14,0.6744760582372421,-0.05708637448395461,0.5884098939205079,0.35372660012440305,0.0330342145126347
2010-06-15,0.7142873014144946,-0.11767881830084817,0.5958590606308327,0.5622249114899728,0.07898219925934646
2010-06-16,0.6975307338270443,-0.006344245657258978,0.608325019511299,0.32396471436345364,0.04067597983781224
2010-06-17,0.7140386991313219,-0.3341633331231337,0.5330496732147609,0.538596418042045,0.03988613110922379
2010-06-18,0.6868164486410892,-0.047008434958944745,0.5955783162425137,0.4107174458839935,0.06172070403382706
2010-06-21,0.7173478874865898,0.050853037683484925,0.5308526717477299,0.3058510753823686,0.005558321584631942
2010-06-22,0.7585788885659536,-0.2989284811060337,0.5289017432132394,0.5673181350623058,0.06543576701226868
2010-06-23,0.7346622721755861,0.10583159978987788,0.5898698962943658,0.30206476010830435,0.003853643367591553
2010-06-24,0.6281850362004567,-0.10855015191587708,0.4996679875882294,0.44263996573996545,0.06914240419906635
2010-06-25,0.7453298342838124,0.14964112052573486,0.6066099768656057,0.5903858908004594,0.0760746542269512
2010-06-28,0.74754142803402,-0.03288296999907308,0.6053035455112599,0.3979156532700427,0.012091796086250217
2010-06-29,0.6605951659288313,-0.23235662779355187,0.5237933919506208,0.6219407655082305,0.08183539949659192
2010-06-30,0.7601982518724681,0.1879180512472575,0.5877435089840714,0.44150676972682346,0.04999274140120148
2010-07-01,0.6393837164717691,-0.03658856346416519,0.5651438391338226,0.3923425509997055,0.09740120244128678
2010-07-02,0.6994812533483233,-0.18979567963413635,0.5862237383750691,0.29450974341438607,0.0799884272822091
2010-07-06,0.6132456306203139,0.021433830842255308,0.6036905591093977,0.3753872839205902,0.03922505717008284
2010-07-07,0.7038207700740721,0.10891977437051076,0.5383863300597312,0.44880248537132583,0.02316283503117178
2010-07-08,0.6508735514497503,0.12684819002985975,0.5409371417825646,0.46332769285380176,0.06062613465643633
2010-07-09,0.7148154546964509,-0.05684972247747991,0.48196807433115985,0.4932730354024418,0.009280323735771324
2010-07-12,0.7195662990045267,-0.05227660470992325,0.5139729109469205,0.3439600876545744,0.020773503179410836
2010-07-13,0.7087232662242527,-0.1531893487650401,0.6084340808474883,0.3615280784689989,0.06626035454279129
2010-07-14,0.7553448199644889,0.0006933512680574151,0.48740702010438913,0.3473738189315297,0.017451807552729993
2010-07-15,0.6908924698245791,-0.30755175139416463,0.5471704708789934,0.40257874462995447,0.004638086357418514
2010-07-16,0.6477656475656106,-0.07755462893749769,0.5047627726258865,0.3456937275411941,0.08505700528885995
2010-07-19,0.6516136887607787,0.16998210984284468,0.48287133108648567,0.36029297045304126,0.07340663535100952
2010-07-20,0.6922910205524698,-0.2549486821149383,0.43767755110869533,0.3932545949874346,0.07202764006733935
2010-07-21,0.7480942629049729,0.09955764518348191,0.5875791535325251,0.38101584801254484,0.09868687033708379
2010-07-22,0.6207503420504891,-0.1617173116991025,0.543691974809624,0.2865908791203622,0.07614923955177572
2010-07-23,0.7873000305973374,-0.16910891713341278,0.4988482230715149,0.3395352087550134,0.06980387440544461
2010-07-26,0.6720119877849539,-0.14255723568267692,0.5753739496340966,0.3416529042410743,0.005195746760736153
2010-07-27,0.697870006483622,-0.13154413730005352,0.46110154201647746,0.3924110262879204,0.019378141241619153
2010-07-28,0.7596941819213341,-0.19678359623935662,0.5653680339099013,0.28600922405800266,0.04112504760184954
2010-07-29,0.7604873619603396,0.10555900067932043,0.5614668383409211,0.5731652995606542,0.04854659342324923
2010-07-30,0.6410341695985018,0.0038549949700572,0.45544485899595943,0.4562377819511894,0.03041386642527475
2010-08-02,0.7402025349635998,-0.30879509719780646,0.5888389576160744,0.31356878806073674,0.010288172387952932
2010-08-03,0.6322311372602587,-0.10924232986660272,0.5324522428317151,0.45061707568113013,0.01684798402792691
2010-08-04,0.6852163409971931,-0.2433818432326772,0.5311640286597388,0.2938842586991071,0.012886632839691837
2010-08-05,0.7006883883454766,0.02259109024292715,0.5056589148569561,0.4772179423870482,0.057973560049540934
2010-08-06,0.6990326259532296,0.3034880897101053,0.5496340657368859,0.4905852882954378,0.05800356525349259
2010-08-09,0.6991250132926153,0.05107291481174693,0.632217139634921,0.585834223989122,0.0409567186365606
2010-08-10,0.6860691353057635,-0.2089341708828274,0.49436678590313793,0.3563220714963465,0.01780461823247671
2010-08-11,0.6834368979677932,-0.07927447422120937,0.4835893002920295,0.4684757846318429,0.05598077240072677
2010-08-12,0.7800824572331522,-0.04245368635990546,0.5673550530789684,0.3694306229016502,0.016694664028022787
2010-08-13,0.7254709449861766,-0.39909949908210063,0.5339470500479155,0.49056137388082804,0.08948918965569823
2010-08-16,0.7414325274558025,-0.027707584085690008,0.5119946633755746,0.34922812043793067,0.04088810213231963
2010-08-17,0.7045476335951035,0.09522899911289136,0.5204051011540919,0.2541070414345008,0.05454586217959104
2010-08-18,0.7494088041098129,0.07268404847906151,0.5327748680581167,0.4244189663082293,0.01613259273098988
2010-08-19,0.673147590160513,0.012445375234572374,0.5062628202946643,0.4633078002914427,0.007476245060500753
2010-08-20,0.6730808841951805,-0.16893633215171688,0.39540363454014027,0.3036913977636828,0.07491707350835491
2010-08-23,0.6614244723342518,0.05431958674821631,0.5511676329915921,0.38701506147874065,0.023331897053884644
2010-08-24,0.678152593438201,0.07811961157391926,0.539665323491409,0.03570499758725143,0.0034338974598061792
2010-08-25,0.765261405148996,0.24241734843548246,0.49995662053679013,0.4254328532770938,0.01391416064561778
2010-08-26,0.6201451900411536,0.11041799886445608,0.4546571322932308,0.4142617313589687,0.026585170909275858
2010-08-27,0.6723670033645703,0.09818430595434922,0.559639867367029,0.48873508777221886,0.002273254869981056
2010-08-30,0.7264967398457427,-0.21175478454320867,0.5563678362789698,0.5123216703933688,0.002590678770818389
2010-08-31,0.7288005590928104,-0.14468371237013264,0.4899559789853408,0.3683507855110238,0.07843341749574356
2010-09-01,0.7327716769225585,-0.03918868479765425,0.5201547386274462,0.31393186915309396,0.09758487466654625
2010-09-02,0.6863642178086408,0.1328394953864473,0.5356249975824184,0.43764823302856043,0.016215086686287995
2010-09-03,0.7042989943718785,0.22691233852612,0.5100507567516019,0.5231408755115494,0.07140161262663071
2010-09-07,0.683692476311286,0.1260126633253634,0.4886325426256533,0.5396261406090455,0.02848531543408557
2010-09-08,0.6544935373837001,-0.33745543341933654,0.5651541797523199,0.2519301942756834,0.0140937557344461
2010-09-09,0.67999050814035,-0.2385263535410136,0.4953954774943417,0.44974109538263735,0.05665310759759941
2010-09-10,0.7302833948971648,0.0022453736619971994,0.5035191866537119,0.35610871166080393,0.017125053565060333
2010-09-13,0.6329325602507464,0.05338597843365224,0.5813363624636334,0.37446290468584764,0.042229580872043995
2010-09-14,0.6682759314279711,0.14146753097500606,0.4218157118018086,0.3894174632243031,0.0021532751291768906
2010-09-15,0.806946848574381,-0.09903500733796419,0.44223688793012844,0.45518487341835423,0.07422274718034436
2010-09-16,0.715972756269724,-0.22206994981804196,0.49278459952613346,0.4664786598462446,0.0725345925470184
2010-09-17,0.737775796255447,0.14515650113554787,0.38149314042626925,0.5623236609740903,0.03942771085032481
2010-09-20,0.677773322844766,-0.16466573914398608,0.6012339127585928,0.22246241735612518,0.025077197265831574
2010-09-21,0.6694139766239059,0.1271958927136712,0.4547752424794179,0.4726122765311732,0.01233027057706716
2010-09-22,0.6443454581490115,0.29500140018875326,0.531383282806997,0.43354161610646386,0.0749721594352886
2010-09-23,0.6969675360893856,0.02165892478804743,0.396199383157379,0.3080262466116355,0.07014568613155674
2010-09-24,0.724102991482048,0.2987168166568821,0.5452102522094762,0.31044509478121013,0.08608852292658867
2010-09-27,0.6504531621389089,-0.197314761576746,0.4868077886429701,0.5753131335225103,0.018975465017438853
2010-09-28,0.6935010416843214,0.023000968795298397,0.4141237483796184,0.32526750452257286,0.0174830643983667
2010-09-29,0.6625187886383573,-0.4804060187657173,0.43561008543528745,0.27439314062498643,0.06687969066865089
2010-09-30,0.7621183413126852,0.06218474872966452,0.48372101829507014,0.40498712338502635,0.024667109400189846
2010-10-01,0.5836383996326808,-0.3921949437609849,0.48493476750209485,0.4030892734125693,0.021792350794598084
2010-10-04,0.7141900035949258,0.0886720897358432,0.4373931593941884,0.5123804544728436,0.07981699767007171
2010-10-05,0.6492090618180882,0.08589281716607293,0.4970325707431402,0.12061204677369824,0.04003010771682141
2010-10-06,0.7727490560211361,0.054588457781021775,0.4930294047312611,0.46231603173041436,0.0738182809218261
2010-10-07,0.647840607049877,-0.005871881642327343,0.42723089146814214,0.26849143023849364,0.011532648714960026
2010-10-08,0.6923290158864578,0.18995019778506883,0.5038865180698199,0.2980590787473912,0.07528838907142407
2010-10-11,0.7382083765073554,0.0186002794680173,0.48064026190193815,0.4806512278013242,0.015446373678536119
2010-10-12,0.7193447689946588,0.36302284640825744,0.46545054967854765,0.39650439702591556,0.03163325188007759
2010-10-13,0.5895180713229927,0.07859278258994129,0.5599715963816969,0.35708588628674015,0.0012802565777582987
2010-10-14,0.616971106362446,-0.27852792761488593,0.49197507104163596,0.43352376830284695,0.029131687833275233
2010-10-15,0.6816973469212593,0.4106159461459809,0.549481874355077,0.2895257200646504,0.06076975238855781
2010-10-18,0.7481648401643971,0.04453511907886787,0.5216897420076748,0.45296734691906776,0.07938891074155169
2010-10-19,0.6845697698582232,-0.33071872824961157,0.405395244088738,0.4397675079997088,0.05535630036695786
2010-10-20,0.6581926415836471,-0.37211456592034886,0.4964973326400201,0.4827188919097363,0.07183184537955374
2010-10-21,0.6122504339243618,-0.5083991885729281,0.5609329372886621,0.3813819983002416,0.049100027592588726
2010-10-22,0.7099504372125717,-0.09848639376009716,0.5001050838947088,0.3191481328130829,0.0390613753730992
2010-10-25,0.6466710201064663,-0.04873405211854852,0.5252724590848024,0.48544544658458433,0.0030200200838019554
2010-10-26,0.6987570477904231,0.05711350577165978,0.608379792780363,0.45672244329934153,0.09035819296665054
2010-10-27,0.6215911373417375,0.11079160299023219,0.5082771434853849,0.5523335176212246,0.040990086833866804
2010-10-28,0.6501400121470085,-0.11721588453115905,0.4565187874663719,0.5272332394730972,0.06816426739409638
2010-10-29,0.6659961234670723,-0.3135895719417051,0.6241567346964396,0.43289267635768347,0.02668526677269019
2010-11-01,0.714705680345873,0.3518149708777765,0.36418182352431294,0.45848132083112964,0.004015956354726668
2010-11-02,0.7205851339907665,-0.08963333878007157,0.41132148160255,0.3705733978513274,0.0632298264773423
2010-11-03,0.7029914261158571,-0.20408750818637325,0.4646507934528986,0.2871402215458211,0.06463576011157345
2010-11-04,0.7483025747349933,0.25773755618687233,0.5708831459226826,0.36560251227467316,0.07176864916497798
2010-11-05,0.733013867980075,0.23481909153154415,0.5812862148791136,0.5618836088916573,0.011836803040828193
2010-11-08,0.7122395581863212,-0.2849555335197957,0.4550989523262634,0.4991961950041598,0.01891443035501157
2010-11-09,0.7193514904509313,-0.02411578322421899,0.42749590314488006,0.1894157601488855,0.04978876741295122
2010-11-10,0.7400932746353562,-0.09143981193480417,0.5830046209432663,0.2632801426340652,0.0834756728814674
2010-11-11,0.7166427316117742,0.12900120454634784,0.5775454814689727,0.32285063778111256,0.028159585711152457
2010-11-12,0.662086830574062,-0.18812238851672736,0.5462911474365703,0.4174066229189273,0.0688910109099874
2010-11-15,0.6993587165632972,-0.15424870179062475,0.5692424221473978,0.21856649889519125,0.05622388067296324
2010-11-16,0.762897174801392,0.29875214990319504,0.5545850362819101,0.4513684073909307,0.06638894550936175
2010-11-17,0.6599321422124017,0.03820105925759974,0.5483487627178116,0.3712300000867428,0.04710196878336597
2010-11-18,0.6887086165663836,-0.04519624825307365,0.4669078292923848,0.5403270295469658,0.006584916258164375
2010-11-19,0.6552952336927981,-0.13645464542972646,0.42043179247596724,0.49430707449138567,0.0834504701887577
2010-11-22,0.683482482788079,0.27365035050682635,0.5123945157111647,0.4745852519956975,0.030078282659002
2010-11-23,0.6925132143775351,-0.10913541259981399,0.4944046548180953,0.26114123157400193,0.041391535321252365
2010-11-24,0.7212978854320927,-0.20834187181764297,0.4439685601902938,0.41766602692685695,0.021723568602772726
2010-11-26,0.6934960837931995,-0.13240009837423786,0.5497871023302612,0.4787456781816203,0.09620218400661093
2010-11-29,0.6413986927633868,0.17832323981013323,0.5456309481800369,0.41096626958337296,0.03555847201306872
2010-11-30,0.756678925730494,-0.31426797368173764,0.5746740992779992,0.3187605353898232,0.02212710193597929
2010-12-01,0.7917530609230716,-0.02539888747060909,0.5415234205986608,0.41446062508098436,0.019471453365135505
2010-12-02,0.7442126103823816,-0.41348400653082706,0.48217236571565547,0.4898662533156577,0.05566065481598882
2010-12-03,0.7291672776844454,-0.5143932822394977,0.5796989368985801,0.40388433711923466,0.021121955026917286
2010-12-06,0.7315687273976511,0.15852246531412245,0.5144993860834334,0.27879616444368666,0.004657698658223064
2010-12-07,0.7412588104904724,0.1341921695934216,0.5027496382520811,0.3393342555909509,0.08276095425933415
2010-12-08,0.6939862645858396,0.30473395977293827,0.5191618192022629,0.34467982987073187,0.0213444680435671
2010-12-09,0.7057144200988644,0.45517253960364434,0.5478730415621976,0.3670193229738026,0.0659088973935912
2010-12-10,0.7680505083830068,0.5371291749982023,0.5104140252800644,0.39642715663404865,0.09578805598327131
2010-12-13,0.660544988320696,-0.02105534546899004,0.4833237628791004,0.41580890843739404,0.024039252947794076
2010-12-14,0.7304807305797892,-0.07654976363980713,0.5267523497244186,0.37588668484835336,0.05124841300916421
2010-12-15,0.7249803349924913,-0.25080093447636537,0.5349702022938112,0.4907848075025363,0.09754155336524514
2010-12-16,0.7481408536591911,0.05408268456239175,0.5366307396455564,0.3643444979439705,0.047586736957714065
2010-12-17,0.6916938151761229,0.2876857303523375,0.5403147240133993,0.5282627808471922,0.07023210127880601
2010-12-20,0.7366828237840842,0.08713788658804364,0.5502053490360468,0.3310932102207738,0.010652144236452832
2010-12-21,0.6356548834823811,0.07208504275326663,0.49762728635229825,0.33945999242828306,0.03920987703891431
2010-12-22,0.696734792102673,0.3821619804842658,0.5411592443466455,0.4460688248884094,0.037154350567297316
2010-12-23,0.6914576190882264,-0.08524612838311495,0.5835684616566661,0.3481169635141257,0.09797586629878652
2010-12-27,0.743226780320125,0.15431271662556864,0.6269627030489782,0.35346816584865054,0.024304876714044688
2010-12-28,0.7616021607084071,-0.11123891928354318,0.5392816670790053,0.4463678203312912,0.09964921997938217
2010-12-29,0.6259957658178862,-0.017610776946067785,0.5117579645951242,0.3590124798622969,0.044079737675694536
2010-12-30,0.7507872574437684,-0.3078738759321111,0.5239774703348519,0.3965099869095184,0.016996166861132634
2010-12-31,0.6948479493477383,-0.2304681828123023,0.5763904163937688,0.49576137114580643,0.08299636654156763
2011-01-03,0.6303924086279713,-0.2982823670509115,0.48909671830598334,0.45692015049360823,0.01741543148475241
2011-01-04,0.7514783444151772,0.14084868344647658,0.5100177703538418,0.4394332678578194,0.08766598685870203
2011-01-05,0.7123293992209028,-0.035957467868446356,0.5996091274227828,0.38826996629448224,0.03637053291419985
2011-01-06,0.7731448194480728,0.24911660007893707,0.6227681722917188,0.4108394189048368,0.010704541344918507
2011-01-07,0.8140328334756267,0.02869363219016549,0.5708255998214392,0.46861947305246027,0.09880464008571915
2011-01-10,0.6973953464778759,-0.06378522157771274,0.5457437135640953,0.15124376505408854,0.015274866641554941
2011-01-11,0.6505703505262048,0.13171068514137343,0.5381013798812302,0.3900311721788331,0.03985529617522034
2011-01-12,0.6726705579316249,0.09197300223699757,0.5550762242742415,0.4677166805423278,0.031983272451377956
2011-01-13,0.5945936928643818,-0.1359070514481432,0.5879159932507808,0.6920675437225058,0.0630249210608355
2011-01-14,0.7944654356987475,-0.12001321553894302,0.5811026301573852,0.39805283901291255,0.028586416216777433
2011-01-18,0.7370372566703267,0.14940772161638907,0.5470302347042235,0.3988476660767329,0.059859621872383785
2011-01-19,0.8118093263015839,-0.13722938886383382,0.5396783824140803,0.3990359170525885,0.09532268950599213
2011-01-20,0.7381952341593362,-0.0035551674303596127,0.6579920860250773,0.21093673543131256,0.03780219501576746
2011-01-21,0.6769727106253385,0.036096764119001166,0.572442706646037,0.26004663156366153,0.06602229277528601
2011-01-24,0.6956886048953715,-0.18208916263666186,0.6093580531373677,0.44903907008135846,0.04552237831943991
2011-01-25,0.6883439309709076,-0.09285428481748384,0.6221119804674804,0.265660350673847,0.0863208762822656
2011-01-26,0.6758268135840617,-0.14774083496274637,0.5490107879382211,0.38256578169549377,0.07855745604842654
2011-01-27,0.7188890379080755,-0.1793740598114728,0.5651351781427103,0.3931898276321966,0.07673723053308024
2011-01-28,0.7826595463887966,-0.2432750392173033,0.6063624586388447,0.5040875208551149,0.05450373108265913
2011-01-31,0.6710555097667362,-0.1494391352601997,0.609996908882644,0.417280791065547,0.05063844828408707
2011-02-01,0.7358402994277763,-0.034305856348681545,0.5116883568589194,0.5541293404561497,0.013274061084516887
2011-02-02,0.6890185476443351,-0.06266126633571964,0.4925272216470836,0.4955592579311978,0.0277873511854422
2011-02-03,0.7298468283098908,-0.017020278067938294,0.510692614223365,0.11147581657942635,0.01274957198077299
2011-02-04,0.6950581348355743,-0.03546870943387457,0.6750535085041588,0.43498567784471054,0.0854568310294021
2011-02-07,0.7733906019912775,-0.0815067927673761,0.5627664112164433,0.314063861831842,0.012045188305804588
2011-02-08,0.7016317267979566,0.126462884616329,0.5625746695431888,0.2826073111446934,0.08471469900180166
2011-02-09,0.6187112960618046,0.14298797753861658,0.5844431654303887,0.4313856813472267,0.056069990504431705
2011-02-10,0.7178634512908877,0.17016785190440598,0.6285302881431036,0.3880032570481088,0.07907742281737569
2011-02-11,0.6379909355973186,0.16479880348551051,0.5743340620471238,0.4207882883379634,0.07599652930372092
2011-02-14,0.6959625225933217,-0.2576816338340974,0.5039992340178028,0.5130221360913955,0.07123629642212095
2011-02-15,0.7434445586091836,-0.26273072287897437,0.6208636238717231,0.42440273684482743,0.023935559013740185
2011-02-16,0.7638202289674194,0.09556640571982376,0.6259295556909887,0.5221586524685936,0.014227964023198715
2011-02-17,0.779294644140859,0.00629035517387821,0.5844710372576098,0.46927876993650924,0.08903288422950749
2011-02-18,0.8566084213348615,0.17770425695649336,0.5035693289444886,0.41955323441638565,0.08729022729977219
2011-02-22,0.6864983984457542,-0.3813500538336403,0.6050177436428787,0.3334570028598968,0.020999096241419914
2011-02-23,0.699196229612504,-0.2866716530388707,0.6128867239885252,0.3767265779241016,0.05056264496876636
2011-02-24,0.7556376417753017,0.2595909275057106,0.6015995399337432,0.4603168194818128,0.06025039261758226
2011-02-25,0.7187041540242841,0.08090687667842009,0.6326803855494644,0.2876700347096595,0.04388932133338524
2011-02-28,0.7380224946724488,0.08795014497992068,0.6314534427134533,0.32072460952402376,0.022707972268350862
2011-03-01,0.745580712015048,-0.12405335861887756,0.6544436597439776,0.37042393431671333,0.07062740682951589
2011-03-02,0.6245490665964893,0.0551477577952116,0.6197213755222343,0.31222713087406573,0.04689905839839548
2011-03-03,0.8115734039523899,0.0014551251241755909,0.6101822857629531,0.4703151028065912,0.06520702806258181
2011-03-04,0.7463967280269278,-0.18504265667433126,0.6743940759818531,0.41619522825024,0.03912313229683422
2011-03-07,0.7023501165727192,0.08004571598220052,0.6283704509909963,0.32616016199410136,0.06703665290737452
2011-03-08,0.7320283181176357,-0.10272140051554418,0.5522462109837315,0.3338303633396667,0.009731812317700617
2011-03-09,0.7493328271673959,-0.4287591772489542,0.557648892156449,0.4962592126438766,0.05525057413638062
2011-03-10,0.6775028800853654,-0.1377674868652695,0.6717588153433038,0.37412926129943014,0.06820654523593032
2011-03-11,0.7246688504272338,-0.02219601279363573,0.6431676572181474,0.5654826481161266,0.023603847479289144
2011-03-14,0.7217737042402816,0.4053154469176165,0.6292834154474923,0.45225127238840535,0.020483607321160436
2011-03-15,0.7654601436731361,-0.02500396438393059,0.5913316055036293,0.5709413097583041,0.07642284472724098
2011-03-16,0.705477105840673,0.1409930046855071,0.5628882341729782,0.343152721540002,0.056459132711934173
2011-03-17,0.6282912787914807,0.04357007800616945,0.585399944801612,0.6403709752864158,0.003948331909101666
2011-03-18,0.7136128982726955,-0.41207077004412657,0.6125330714566144,0.43397264497788146,0.08277280935758656
2011-03-21,0.5955478420647358,-0.20175741215322573,0.5638795113731361,0.2773133060373766,0.07009540541101228
2011-03-22,0.6308225725212688,0.01139676212982992,0.6115550083837467,0.5005441388044924,0.05254483602085062
2011-03-23,0.6676073303072564,0.023635843756956328,0.6282999777543488,0.3899069852775827,0.059486626255589294
2011-03-24,0.7309782622494907,0.15052374464635118,0.5902635560707247,0.23303217117807604,0.050536666505904264
2011-03-25,0.7209947937598629,0.030757018907776146,0.5091564140737188,0.450070880349787,0.04583597951611334
2011-03-28,0.7574652739141914,0.5704007784123312,0.5572098784483562,0.2598249218694627,0.003966800219351241
2011-03-29,0.6615374284936938,0.02119647509285027,0.6035347275253888,0.4931755804430491,0.07027573926522616
2011-03-30,0.685450413631391,0.13265574634429053,0.5917530905839425,0.4065987120706414,0.0588890594099426
2011-03-31,0.6866877430037001,-0.0657495546187222,0.6552690106167324,0.35999841170718644,0.08167758386447654
2011-04-01,0.7513051899747846,-0.04001023563228156,0.647630639462422,0.5572153760198659,0.05562212087398691
2011-04-04,0.6983613622588336,-0.5229630756336258,0.6294019250214103,0.5709952316268412,0.06733936363713701
2011-04-05,0.7439587220679669,-0.055081281050650445,0.6029462742896506,0.4491569855169386,0.0478032235929449
2011-04-06,0.7063097511471728,0.2890990980761238,0.6408281948214523,0.30945482122321266,0.03836349612283085
2011-04-07,0.6375650189963394,-0.0798071689997463,0.6436011752485287,0.5682989089389426,0.016442971673239114
2011-04-08,0.6351078366384992,0.04906036231690225,0.5859827578115142,0.213801490963067,0.09731950354953219
2011-04-11,0.6458658396507262,-0.03424049222063182,0.6397559068607998,0.4543483292859459,0.06569365413013632
2011-04-12,0.7084704335056008,0.23916648956300826,0.6199839044907339,0.3553486572483355,0.08004230402521577
2011-04-13,0.686139351952739,0.08812788015024045,0.5531632647295672,0.45398118771946905,0.08154296853332695
2011-04-14,0.6604868979134384,0.0019909596246334197,0.6529644991850224,0.5203417970228432,0.021317112081473244
2011-04-15,0.6512798305497305,0.03471186351989759,0.59183686811135,0.46489395364555075,0.0024640328128968216
2011-04-18,0.6936803337056383,0.46115556413694886,0.5703222856285124,0.4255699409138777,0.06325569522141916
2011-04-19,0.7165243229480011,-0.26570673193516164,0.6805355637324095,0.4643737776275541,0.06769679169836254
2011-04-20,0.6484035748156805,0.028746983706800934,0.6580290297270888,0.40093014995634296,0.06308334156869373
2011-04-21,0.7917455069855639,-0.17186699253528726,0.6345897453332038,0.2798305736650117,0.032089372936077075
2011-04-25,0.670953789608908,-0.16229701694135032,0.6179256067925246,0.6107566541012632,0.0029518192072375384
2011-04-26,0.7548043043881303,-0.15981798677606351,0.57818737451593,0.4786018748126232,0.04490388156374549
2011-04-27,0.731666220812475,-0.2718657858780158,0.5971587867168888,0.3668069424667008,0.0844471051596659
2011-04-28,0.6720107219986559,0.2566761134797506,0.6028638048483288,0.25208004412894713,0.08325579564748807
2011-04-29,0.678299153363206,0.0751497421696107,0.5455028067992831,0.38453940135599507,0.053416527598581835
2011-05-02,0.6267153296609834,-0.10482673082850816,0.6069418809322616,0.3963320524474565,0.036598979067308544
2011-05-03,0.6743518211957628,-0.2298164770471635,0.6030056252690971,0.33992059775985156,0.07700021800761513
2011-05-04,0.6945379759367724,-0.14104616585834018,0.6035451049596127,0.29307006844861183,0.013219727108535619
2011-05-05,0.731145646643123,-0.21439589380527604,0.6570335005034647,0.3434014622044726,0.05936447051786669
2011-05-06,0.6865431842855788,-0.04262201265135113,0.6125653902816972,0.37133510877790515,0.00668681578541327
2011-05-09,0.7250936572872849,0.16151141672090794,0.5225470412620361,0.4243384361708885,0.07278793487892142
2011-05-10,0.6597273552748197,0.26110752431978573,0.6282311541957079,0.33399492516734264,0.09077939789792538
2011-05-11,0.7047722202872951,-0.33039664906446575,0.5887430207085236,0.2846739512769689,0.06131862537502332
2011-05-12,0.6688781786668934,-0.01016753160113252,0.5167313098981741,0.4228369795159868,0.07209010258154237
2011-05-13,0.73233077492917,-0.16594523427292074,0.6178936259657254,0.5180407482608742,0.06850700995882825
2011-05-16,0.6844359880983037,-0.10463526138720754,0.5739708779275435,0.442002609196589,0.08865051005136489
2011-05-17,0.6856706975315446,0.22037629650835525,0.5943154381112027,0.39905009625060633,0.04818677449247682
2011-05-18,0.7552220368870018,-0.17983682937890708,0.49246034187244814,0.2809299931700358,0.06755865455091671
2011-05-19,0.7100109025115068,0.27143976779993295,0.6049763098525534,0.46175437239055384,0.02612069428385874
2011-05-20,0.6319679606043602,-0.007154478112561486,0.666358119594875,0.450577186190247,0.06650677320988792
2011-05-23,0.6937739571157697,-0.05311117001043424,0.5648940959736946,0.5248823492718329,0.04248335875866918
2011-05-24,0.7103411307291886,0.2303377594423195,0.5724351732536426,0.4741582835373547,0.08831824163355628
2011-05-25,0.7338729360373191,-0.2661293660975412,0.6104769326056941,0.4232131601280257,0.04917143897114258
2011-05-26,0.6949786471401717,0.14232166366965912,0.6060198700909059,0.609026578248483,0.0929091077786602
2011-05-27,0.7767901477421796,-0.12496690555303268,0.5659542363389342,0.5826315699762072,0.008550932640312236
2011-05-31,0.6250328838298045,0.15896842058354718,0.6652618978048608,0.47945038631080755,0.05339270447705055
2011-06-01,0.6334179790999879,0.03712508030538558,0.5525116486838804,0.4513854351089285,0.006806003140551154
2011-06-02,0.6588576608881143,-0.1868233953337148,0.45907613146001536,0.3046869407837497,0.0688630927141358
2011-06-03,0.7324314648911915,0.17814006926213144,0.5583510771813547,0.4743387908012898,0.05161407484649358
2011-06-06,0.6680793093121871,-0.1282486404259838,0.5722528242569087,0.3623252033089785,0.07764090113464218
2011-06-07,0.7074690709296574,0.07338347280098165,0.5623191864408472,0.46769317725214316,0.06439419409065501
2011-06-08,0.7871185291367291,-0.14213689293825868,0.6410478100789624,0.3575918756056639,0.031667156669122676
2011-06-09,0.8798126126963964,0.06208489164794964,0.5295463126282374,0.3439967352609098,0.09557360221826933
2011-06-10,0.6982834471784115,-0.2434899638754424,0.5413666557768985,0.3437370155995432,0.06900671571774492
2011-06-13,0.7402654442688866,0.30704599179498454,0.5192534304938623,0.42939959241591324,0.03791957913008784
2011-06-14,0.6782700963653953,-0.17792295992802962,0.5704709482062009,0.4143260230388572,0.05202911407157014
2011-06-15,0.7088751690425783,0.22172257608842943,0.5792550024837203,0.2829164110280261,0.045406808041286995
2011-06-16,0.6223476126935579,0.06515721879508699,0.5645700776789222,0.4212320433552154,0.01329896680223377
2011-06-17,0.7145158199225701,-0.06288767265520853,0.5434727680245578,0.5032470823751318,0.07055946054967514
2011-06-20,0.7496575544989919,-0.22965034659354022,0.5296933275662333,0.27820328363312186,0.05977638832444089
2011-06-21,0.7109080912153829,0.008410225029822825,0.4912547536444497,0.33497477069044357,0.06543863604907574
2011-06-22,0.7356666208804821,0.15291672045159557,0.5321541947305399,0.5577711837830535,0.02436954142460195
2011-06-23,0.6665938961896972,0.09115349914525515,0.5237968574177425,0.30248308984367783,0.055873981811248585
2011-06-24,0.6771447106431179,0.16597576635639014,0.4563367816884514,0.21758264526068555,0.021297671305787014
2011-06-27,0.6152322733626749,-0.11634918535885114,0.580053656496757,0.33469189060734345,0.033741081441950836
2011-06-28,0.6976016240210534,-0.20652951741977654,0.5525223308580067,0.40471709014388085,0.04855139267126484
2011-06-29,0.7160107573109035,0.1972301757314035,0.5551102568990292,0.22578177262366073,0.07124610129813806
2011-06-30,0.5863804387727334,0.2807676282424745,0.5512348169430203,0.4253324191692911,0.06593075551695675
2011-07-01,0.7038569404700266,-0.05074959947614769,0.5559420643884443,0.3408876137804554,0.044278407808043055
2011-07-05,0.6590925918376705,-0.17286227235709178,0.5011699001185053,0.3748760937943912,0.07903580687430548
2011-07-06,0.6728091325387437,0.08633078522532954,0.5104474388208613,0.40326058469912746,0.05740096771171343
2011-07-07,0.6826839581000143,-0.30560930559548183,0.49762931200528193,0.6493082929194357,0.041494454601004586
2011-07-08,0.7063411702633261,-0.2246680685055075,0.4751273974492901,0.4220208656816001,0.05831187648551518
2011-07-11,0.6931083487139993,-0.07663817835102521,0.5222238870327364,0.21425076498703596,0.00214470563119048
2011-07-12,0.6753040763628644,0.19341797928882476,0.5639352139011643,0.4673476674022829,0.054643589782481065
2011-07-13,0.7940634303938761,0.4139861384500086,0.5854828417842463,0.3876271707034336,0.0015605830994030014
2011-07-14,0.7789898810939614,-0.38634138843151145,0.5359837333551948,0.24437733195019778,0.07963412160686714
2011-07-15,0.6311058078034861,0.12525887495862492,0.527454964592459,0.2980764056813308,0.08447122073838792
2011-07-18,0.5970058406651911,0.03444080382104472,0.5144200668284763,0.4787418966317636,0.019507973367157563
2011-07-19,0.6730304169356196,0.36848324939884414,0.510758659047447,0.3820741220654987,0.04283204834709953
2011-07-20,0.7551723768126531,0.3054637626319472,0.4842670497443345,0.4979220486698458,0.0821376324236611
2011-07-21,0.7326097273291269,-0.008877494064442515,0.5750897046757946,0.22768866595654835,0.044091788007201815
2011-07-22,0.7234440674237638,0.2596182364804442,0.4912451382002657,0.47850578761554086,0.0825407363354054
2011-07-25,0.6100029882422626,-0.06932848395311085,0.5859765787544061,0.38511483768596655,0.061099835463359745
2011-07-26,0.7764585393926808,0.07732560672627371,0.4820282302988255,0.37380701543889533,0.0326279455202181
2011-07-27,0.6434699283438827,0.42420653364636857,0.5231877730139328,0.319792248651544,0.027704170650849493
2011-07-28,0.7366763127926876,-0.03815142584757733,0.5291733995080868,0.48358201494811687,0.07655783382250177
2011-07-29,0.7881785150456476,0.43958063146205506,0.417492005038087,0.5901713234722544,0.032375902826783
2011-08-01,0.6388702419096933,0.10623293697663119,0.5566342314009199,0.40796196604255847,0.048782872527318014
2011-08-02,0.7102188984848674,0.05906685801275102,0.47762693171648096,0.34549149268143603,0.07954387275182327
2011-08-03,0.6766727965489261,0.33334948377421264,0.49265104625484557,0.5019050171035451,0.07622567851481835
2011-08-04,0.7992151742009046,0.039715173268095566,0.4466017287615574,0.4006435875516302,0.09536453780211551
2011-08-05,0.6867713010308942,0.26536017137801626,0.5441543252461469,0.26021526376666787,0.015565818065788918
2011-08-08,0.7519139323284543,0.32624001873183456,0.5434899430912532,0.5038108276058244,0.08173382774476716
2011-08-09,0.6968235954877335,0.054180590126371046,0.5966123993077769,0.3995963264646492,0.02123525054250852
2011-08-10,0.668713280610358,0.19177700135285236,0.5332430808709779,0.32393519987765373,0.07852510977716903
2011-08-11,0.693919756618514,0.2358639349190188,0.45211817990133163,0.4413889046306817,0.0041512271619495115
2011-08-12,0.748006911667742,0.13827922523489944,0.5539321348565707,0.335707892388678,0.0975734647232234
2011-08-15,0.8121460201585284,-0.3415292034570016,0.5527043538699908,0.4704984830632368,0.04674792590996442
2011-08-16,0.6924565141815937,0.03667826604717852,0.5696191336571284,0.3712225674175618,0.08972696155149915
2011-08-17,0.6760735169487622,-0.013485156235651455,0.5105034491422167,0.225504515015412,0.043955065575265406
2011-08-18,0.716439331014582,0.08432075243693016,0.448257253513062,0.5071246000644701,0.08123787590269183
2011-08-19,0.7264194409726574,0.11299179219589801,0.5875162610808656,0.3667464302664222,0.0823748537759045
2011-08-22,0.6248624299113572,-0.18563255038850207,0.5025749729111262,0.3782141550100918,0.0224903362608731
2011-08-23,0.7149358905963163,0.46534127340980547,0.515266891362236,0.4395908547916995,0.06674547948804553
2011-08-24,0.6588186468710551,0.1363468829206017,0.5068082882536158,0.41590826254828617,0.02451437576880097
2011-08-25,0.7400045993033157,0.15808398537643678,0.5884459899101397,0.35154362620130597,0.07098443897108339
2011-08-26,0.7150576669561174,-0.2083479946283837,0.5098319061696577,0.29598675676171726,0.0319758459078777
2011-08-29,0.6734344205037872,0.11397886234814214,0.549386588640305,0.5736953354019012,0.09728103200245014
2011-08-30,0.770366075684419,0.17548003828440156,0.5419421132121426,0.48161622343422794,0.005522084699087593
2011-08-31,0.6787953328558873,0.14080226073508945,0.48598205188717014,0.3979961035754732,0.0057389365907087875
2011-09-01,0.613774452353116,-0.03584798366709169,0.5228238859938069,0.27637661405150504,0.09807802967052665
2011-09-02,0.6819217087693474,-0.07765152765918344,0.47958778879979974,0.2791356330177087,0.020091749160830865
2011-09-06,0.6839956493437773,0.14349745143945655,0.5635209792721867,0.3998254412000071,0.03289470969408947
2011-09-07,0.6996659396931847,-0.31042977324597576,0.5176408921433282,0.28397221569293307,0.08176268834968575
2011-09-08,0.7949762359204455,0.022030933671715654,0.4674510774674309,0.3579792508279053,0.04367315571904227
2011-09-09,0.7126856064216949,0.10966245340532749,0.49081698897435205,0.5972759756486634,0.058484914057187976
2011-09-12,0.6835588673705071,-0.21455954469278732,0.5194734182820363,0.371957299175593,0.012288781054625164
2011-09-13,0.6933466181499012,-0.33692206033536837,0.5640501491542113,0.3694769221337251,0.0956396713867345
2011-09-14,0.599149469081222,-0.18926570726184333,0.46522868065105183,0.3240352516220078,0.050896055597180995
2011-09-15,0.7350527803155659,-0.21211428844501184,0.5434331002438618,0.29989585157513843,0.08178293846081808
2011-09-16,0.6994896583640521,0.16280328887537054,0.5243702356261309,0.44514406094896525,0.08934719736433877
2011-09-19,0.7615828207960937,-0.15210523769877773,0.49244598765951464,0.4484202697289991,0.041187120173248694
2011-09-20,0.6867217902444159,0.22360423772341287,0.45632794002842153,0.2989017610606017,0.06543145094626371
2011-09-21,0.7490042010122451,-0.14392941790311814,0.4943823781042135,0.46948607119721597,0.09988833821544632
2011-09-22,0.7534426357530791,-0.01821827758399384,0.6200838959686509,0.410897750731422,0.09039596191452787
2011-09-23,0.6679531003696223,0.16626896832359858,0.5478574746907209,0.5505170493409579,0.051525860003802215
2011-09-26,0.6934758112767968,-0.3907683088906358,0.5090509671570229,0.5242414384182144,0.06792412820706488
2011-09-27,0.7900170541923565,-0.10352795793906998,0.5804460653372544,0.24037327948963264,0.007605000795966755
2011-09-28,0.6493861014147795,-0.1331410125948252,0.4438460074110579,0.4997359352569633,0.06908184571200696
2011-09-29,0.8282531636416932,-0.13851361575059828,0.5222905788636237,0.2919328499410163,0.06240387209880678
2011-09-30,0.7566927536037145,-0.1930852227651497,0.584189429432271,0.4771380128667926,0.0361693112738257
2011-10-03,0.6938454616828723,-0.4400889788315134,0.45567843075526343,0.36698546877139715,0.08990519406619096
2011-10-04,0.7053669143443264,-0.2737506240415955,0.4260591621000402,0.2950387011380611,0.06161487570246611
2011-10-05,0.7249734427981531,-0.305183794024973,0.4662239416512945,0.49564930143286257,0.012437618427949793
2011-10-06,0.7548936930627405,-0.36846898019692254,0.585560030697249,0.4630138099388252,0.07441358697983473
2011-10-07,0.6702853673426163,0.1350786714018203,0.6056361649794173,0.41479505491463603,0.0806920788348649
2011-10-10,0.6480679223038217,0.20704230158815654,0.4849334931952078,0.4875151425412998,0.030603556323104176
2011-10-11,0.6780429837359443,-0.15743709398882064,0.5965614467303544,0.36939130553931787,0.049014139694578476
2011-10-12,0.702217918274228,-0.25603706262248466,0.5729599527393924,0.30223915633786863,0.015848163910994483
2011-10-13,0.7414396946885874,-0.31649818897364196,0.4163525869766599,0.4070830624538619,0.042744896259472726
2011-10-14,0.7584439217832288,0.37528069408011905,0.49053969410103493,0.35900008480986156,0.05983459290979749
2011-10-17,0.7878421615827822,-0.3857858060539183,0.5461378047921587,0.3287651000517589,0.041128048080215446
2011-10-18,0.6616632608370335,-0.10711169270550852,0.5485531791023769,0.46670054183707893,0.07621655829535202
2011-10-19,0.7152919597526379,-0.13442607849997867,0.47803009620938,0.21926697941244286,0.021570314948023608
2011-10-20,0.6988137023110262,0.062058045185391514,0.4230957556281819,0.3321886972962811,0.05630386579843582
2011-10-21,0.7115063234696285,0.005955757364325417,0.4799326541882208,0.4111412162961641,0.01678775653730714
2011-10-24,0.628580178894767,0.2008940200647787,0.49169501400750876,0.38208179450474,0.06681062960213836
2011-10-25,0.6906261029090344,-0.38461672197575,0.5881475104295933,0.3388911523576762,0.0069191077603038
2011-10-26,0.7955020836452762,0.19760872705695695,0.5519885006050469,0.336507545444777,0.00035417408516911223
2011-10-27,0.695165952985217,0.2895423172422429,0.4645763786045809,0.3638189012650356,0.03499911754124654
2011-10-28,0.6359359410710153,0.30294532577697303,0.49255441854505166,0.3631183402325435,0.06385057447805463
2011-10-31,0.799099232139495,-0.04521662352624883,0.5589388959095662,0.4306010605630465,0.027873477310459183
2011-11-01,0.7813325874156349,-0.010164548589356906,0.46842105313408633,0.3541344102815788,0.08552148479402025
2011-11-02,0.8107404796427072,-0.5282910617700107,0.48938135336120164,0.42284391238943825,0.014259120270003013
2011-11-03,0.6619695318619055,-0.20440463189786207,0.4175016525432047,0.43354774357152587,0.08455403336706627
2011-11-04,0.6750923290504468,0.06177037428047471,0.45615090142192904,0.24532556592354396,0.07163171970259391
2011-11-07,0.7671951843688886,-0.2217469813675768,0.5460450590618188,0.3590802184971813,0.010581865816251756
2011-11-08,0.7482323980454196,-0.16882994501803775,0.5356888369963516,0.35333436240074967,0.05920866166161968
2011-11-09,0.659938493032257,-0.03192013856700781,0.5585721867654392,0.4129403895511792,0.024858402331736862
2011-11-10,0.7915552383900619,0.21385928767467563,0.5065467455623501,0.5214813237033603,0.0057214881309058385
2011-11-11,0.6847103393724288,0.023160251998761094,0.5237891670871411,0.2845717142470393,0.061423023620374086
2011-11-14,0.7749410979649914,-0.23524807589702418,0.5491477743154414,0.5788034234371003,0.0988017296038369
2011-11-15,0.720212945537477,-0.1684828473734309,0.5520097954022322,0.5276400657924679,0.018774716854711195
2011-11-16,0.7186863852991783,0.1937731781053977,0.585311917802688,0.3013591662930241,0.025964853394339373
2011-11-17,0.6921880272348984,0.04985094643535177,0.5862645190284129,0.3279309502608296,0.05471243012173693
2011-11-18,0.7224879559101319,-0.05321844788907795,0.5078827355593455,0.5587217365277559,0.0033708813708183683
2011-11-21,0.7743442141407815,-0.047125190963637056,0.5431880495680694,0.3057679106553269,0.07522955562835441
2011-11-22,0.698097492978538,-0.05310767992186666,0.5183113613217315,0.35242591556432534,0.07594522874301601
2011-11-23,0.7632711039738468,0.3388580431681341,0.5174972702503732,0.5091484320632409,0.08508382104593479
2011-11-25,0.6453537124845157,-0.056439089071456366,0.5450278375146502,0.5557018050065259,0.09849267648206776
2011-11-28,0.7059734863500738,-0.406797528009483,0.5018668683159181,0.38481871643528204,0.07442422515820478
2011-11-29,0.7229015206018286,-0.35658347957617886,0.4860151667389856,0.33340005261787353,0.06343461564748847
2011-11-30,0.7146785372662764,0.08825046416685406,0.4712817291369911,0.3106985346746496,0.03972764372246521
2011-12-01,0.7153252426909923,-0.00261666024172256,0.6067511388710131,0.37446638425084644,0.013430570249184105
2011-12-02,0.7484469440648013,-0.5655461231497758,0.6212238929548013,0.38287296569040286,0.05533375118985976
2011-12-05,0.7168402205287123,0.03371298252348194,0.5473224619596888,0.3150646454171282,0.023561436761882992
2011-12-06,0.7372322318810232,0.06199060049638392,0.5806884726555882,0.4467341820195671,0.08636591192793969
2011-12-07,0.651172135079881,-0.022099472082730214,0.5525786832104366,0.35872723672443074,0.04219700717444944
2011-12-08,0.6790986144551105,-0.046438666562326356,0.5442571745040654,0.3072793719416262,0.07376843842286447
2011-12-09,0.7055231463098262,-0.05671117417714795,0.539897660120143,0.39948862678333474,0.010094705336600307
2011-12-12,0.6670207482537149,-0.07809124587646249,0.5780725914382877,0.47950779875351607,0.04545188689712091
2011-12-13,0.6577505309739637,-0.042831692695254685,0.5938090948796002,0.4101290382089214,0.09016900155868306
2011-12-14,0.7460034165865996,0.31141603017408653,0.4845316298473016,0.5017890510914073,0.010005893439992275
2011-12-15,0.6629414030053385,-0.05121319835437341,0.5982896465515398,0.2760717055205778,0.08280604645662645
2011-12-16,0.7608425954472303,-0.1415225764336385,0.5260966693098655,0.4011834687511704,0.03329950043612946
2011-12-19,0.6738871168552975,-0.11534703650700369,0.4770375582281743,0.49037239847630376,0.049304678467839994
2011-12-20,0.7410252484598369,0.2957551722883189,0.5308312240726039,0.3959582477169648,0.09592407935749989
2011-12-21,0.707224543115276,0.22453430173156194,0.6155832194254962,0.34637554954980143,0.03844236515384815
2011-12-22,0.6882785796215306,-0.07220260965104035,0.5388773854254589,0.4460143713789488,0.052287201151475386
2011-12-23,0.6036811035889196,-0.12749816957008528,0.5398982194330405,0.16578458384274675,0.011230089346444606
2011-12-27,0.7029833367721681,-0.20560338041037396,0.5221671364275289,0.41726299377366205,0.07039381855051921
2011-12-28,0.7644201358486219,-0.48159504769790823,0.5747694298806432,0.2979584824297501,0.0768437171729513
2011-12-29,0.7225412893720516,0.4570571555118747,0.5805171206076098,0.41094133358929247,0.016550977051193516
2011-12-30,0.6293333243363736,-0.08647569392236036,0.5109654973526017,0.6754156475292081,0.001954350900753088
2012-01-03,0.6586762970337683,-0.3221316810037471,0.5429784723073352,0.34327591743213615,0.02878841858160094
2012-01-04,0.7736447866744227,-0.22453177879984776,0.4943769171911052,0.46438059606959103,0.07836493544998624
2012-01-05,0.6977310354948523,0.1470797547136438,0.5324383551063684,0.5091045797282644,0.037841175450901814
2012-01-06,0.7304723373627615,-0.11241861859581082,0.5848858927326082,0.42416781833466666,0.021241848201866344
2012-01-09,0.6710498763604135,0.07685016209467382,0.5232969920963578,0.3932020392436356,0.06747914739217417
2012-01-10,0.7253577156907746,0.13876500892207105,0.5675329177309006,0.4597461202864756,0.04867509084698712
2012-01-11,0.7031107950565896,0.2797468327032578,0.5029339908352408,0.47272629234159147,0.09572510669353934
2012-01-12,0.768918819862486,-0.07082546778747804,0.6101458096458039,0.469032823210505,0.02561446548308687
2012-01-13,0.7455176123045341,-0.11335855685577204,0.5945575071992752,0.521034116061702,0.008906068278835267
2012-01-17,0.7775039009234997,0.11114408918867257,0.5556043301538871,0.4924399927111659,0.016824901819960415
2012-01-18,0.7081443796577065,-0.2791896413452224,0.47676758585096857,0.39094545456063806,0.015333531351473407
2012-01-19,0.6970803848509952,0.07692323418350144,0.5749705959102748,0.5076790250520367,0.04937733161547593
2012-01-20,0.6789814458990611,-0.2271093397671078,0.5939988604275224,0.341384112092314,0.07443759298531939
2012-01-23,0.7222272746487264,0.15339180804685404,0.5817762741802818,0.47841953508639307,0.09425310969671769
2012-01-24,0.6750560424284147,-0.30359185769815605,0.5700084993162945,0.4795722140019931,0.015017125620147342
2012-01-25,0.738433166098986,-0.10364489047223012,0.6143010331813277,0.5729097868312191,0.021776710154454672
2012-01-26,0.6507513423569662,-0.21807980641826968,0.5893832690736772,0.5307689866345806,0.0436583406481019
2012-01-27,0.7108062800945865,0.25316260984044486,0.5414968059575805,0.5025317569990888,0.06933162692209431
2012-01-30,0.6713389184751392,-0.14873259768925756,0.5911169279644398,0.33171187751875425,0.07230215212330027
2012-01-31,0.5939532225527718,0.3535353942562803,0.662149812503289,0.41307526934647415,0.017419455444038747
2012-02-01,0.7806441884367408,-0.2228187309522942,0.5851691786965353,0.3826526202133685,0.030403535783145186
2012-02-02,0.6827611114162558,-0.23346681172475794,0.5391371170804353,0.37961833941736906,0.07507711893066125
2012-02-03,0.7130853680744474,-0.23825553706808852,0.5269887495448395,0.4859276801148026,0.07642940463716578
2012-02-06,0.6389691551041012,0.1791679013838836,0.4868803167716471,0.3198391617388959,0.032428772771850016
2012-02-07,0.7326284734658142,-0.12608697140666336,0.5471748028442646,0.45772070674914966,0.02390949464267691
2012-02-08,0.6734852201853392,-0.10399507832591082,0.580201176710132,0.42732458403346096,0.09911834498826028
2012-02-09,0.8324902789544384,-0.19018072590898236,0.6255161630007835,0.3036154040133799,0.0699853941076097
2012-02-10,0.6186006947246052,-0.025353171220895643,0.5981975626600983,0.3394177423011975,0.024893456871280997
2012-02-13,0.6598611434935359,-0.08996941743825532,0.5756665887247927,0.2659475212963295,0.027585883488748165
2012-02-14,0.6510253600246612,0.06483545074189417,0.563282229951498,0.45342302026108194,0.014182769224943626
2012-02-15,0.7420142364845695,0.24744042409324662,0.5222731142923553,0.3291274929381623,0.05774427062130624
2012-02-16,0.6868736898767146,0.03745149862449804,0.5962444525257431,0.26700787492725453,0.03477947139627894
2012-02-17,0.7010775262859524,0.09283247238560077,0.5344909086749509,0.36827089880328967,0.013517447113006877
2012-02-21,0.6922919825453182,0.3494938725175996,0.539814017848708,0.33983851800775566,0.04792760899256037
2012-02-22,0.728584369932953,0.2992030026437853,0.5946148139446662,0.3105497398893384,0.036042662367221416
2012-02-23,0.7493052654745866,-0.30348703423452744,0.598304179095278,0.48365455253330236,0.017707677270213707
2012-02-24,0.7094760817504063,-0.0405566649973543,0.6661832737408518,0.4251426436160649,0.09474598164668036
2012-02-27,0.7643916824847479,-0.04428918419713835,0.5410135561384399,0.3895987508905383,0.08616172020186758
2012-02-28,0.7426605661901792,-0.05516378396081248,0.5504802431132638,0.33267390692127197,0.051965345255759035
2012-02-29,0.7222294070445826,0.27808983993536784,0.5948667387648111,0.415921655558674,0.01988496991401564
2012-03-01,0.780777876360231,-0.22840126246036216,0.5643898204159666,0.39419304501015945,0.014475909471897752
2012-03-02,0.7076039324484517,0.15366735604920387,0.5323875728378912,0.35307266788409425,0.021343846785264065
2012-03-05,0.7261895496857372,0.04997260130906139,0.6216469372728024,0.20485183757988853,0.07821267225141798
2012-03-06,0.7446266759885601,-0.35426579949999953,0.6953000581788756,0.47162779995770054,0.06891128430440745
2012-03-07,0.6743487979074887,0.07638282465357399,0.5835870135418065,0.44143920890484367,0.0064471593136347875
2012-03-08,0.7198072130933784,-0.1420542695614658,0.6315932525522419,0.5100783288763729,0.09052307051740388
2012-03-09,0.7268352258195145,-0.255574114130169,0.6170480117153482,0.4251692714713354,0.03996236103497787
2012-03-12,0.8297014860636962,0.03087896575080691,0.6397948316084907,0.506920967786769,0.05711236208065643
2012-03-13,0.7265467419757756,-0.2967531128042216,0.5339825933227977,0.49405438177377275,0.024087817165589078
2012-03-14,0.6698192902526793,0.08995998660603274,0.6103894034233006,0.5002173648724452,0.07854945128895832
2012-03-15,0.7140860133850875,0.17120622548457515,0.6856946603114309,0.2980431536868338,0.03638462831897356
2012-03-16,0.7108736043570367,0.18114538380522674,0.5725276703375558,0.30154109520820804,0.0036499971150118827
2012-03-19,0.7333541104519335,0.05571295073651507,0.5480793458295723,0.5337763664620125,0.03706414381291421
2012-03-20,0.652822738562976,0.6144565298932207,0.5654022670470388,0.3550735723740408,0.0234141452055609
2012-03-21,0.7173367885206838,0.12520875726417202,0.6357868401445433,0.25248153465067136,0.08140939127782655
2012-03-22,0.7087331516307329,0.36257072256555034,0.6588214008553497,0.5611499072785253,0.019330730609884716
2012-03-23,0.695475516381574,0.08299402663878737,0.6845382538409323,0.6110345656686711,0.01380767874104808
2012-03-26,0.7747955970806929,-0.09256871816094603,0.5724184010147566,0.48886249804343995,0.09789083814335083
2012-03-27,0.7697763013091098,0.24845944970300038,0.5679107699720537,0.625917988598313,0.09206614739626486
2012-03-28,0.6971087217045722,0.5027930935621764,0.6328307405253185,0.408726004968636,0.04290922273622858
2012-03-29,0.748764511347232,0.22939496576735313,0.6143000880732815,0.4617036231700783,0.03067704823569082
2012-03-30,0.7835298952715788,-0.38306166919950985,0.6001763961686192,0.448631861439084,0.04764805622480858
2012-04-02,0.7367810047201778,0.22629565362869275,0.624412075855335,0.43643370189048886,0.09979138998358957
2012-04-03,0.6330068352251574,0.341559716637648,0.632052163601006,0.30609689084747504,0.062182025178747206
2012-04-04,0.7040807458158569,0.07912416853032553,0.5816210189657824,0.542272683584193,0.07094331247432242
2012-04-05,0.7916038878225676,0.20113600529002898,0.6419627111947814,0.45608283378104464,0.02111455225324256
2012-04-09,0.7908475986030835,0.10920102530719056,0.5794068190339956,0.4408430392765404,0.026623845733633324
2012-04-10,0.7235192185811495,-0.1227836775430675,0.6591053526072588,0.46089397220032746,0.07448781116735197
2012-04-11,0.7395523180259036,0.2974352930523351,0.6912300795713486,0.3542998964768043,0.019653002819352353
2012-04-12,0.7371715885106573,-0.11767796660590346,0.577436411924827,0.44060231401617855,0.021401097615552613
2012-04-13,0.7611111987812641,0.20883736125379296,0.6070279955761362,0.39713675449879815,0.06933561039541937
2012-04-16,0.7000661211081955,-0.3343461719309879,0.645327541234928,0.20741891854463784,0.016308508800558397
2012-04-17,0.6640780459297516,0.1379976918532768,0.60006806184745,0.5067870602073282,0.05034844257261217
2012-04-18,0.7886508950024627,-0.1506142007992177,0.6388514142594827,0.39700806142406136,0.09238331550021911
2012-04-19,0.7257590091024192,-0.003665840352001395,0.6480192299071519,0.40318224943232056,0.05851245562769347
2012-04-20,0.6686114754626313,-0.18195280644361905,0.5026093305463861,0.44709471092956987,0.03366986570707814
2012-04-23,0.7385017541677008,-0.17433343447542174,0.6954073001505044,0.5161043248404852,0.06444373190648921
2012-04-24,0.6916064801944817,-0.06219937473441334,0.5859065441264473,0.15876332335857557,0.02865978914476224
2012-04-25,0.65964955026212,0.032230184610900034,0.5862815154217115,0.43054419096468877,0.05447714394918823
2012-04-26,0.7413318509115666,-0.24985993864491796,0.5763992213271839,0.5331397207613059,0.016905814658546438
2012-04-27,0.636056013739204,0.07403836450459104,0.6943831998584321,0.29092084424547193,0.0630984075697791
2012-04-30,0.7319146903429131,-0.5177955935579471,0.5623190899339241,0.5252780673072794,0.028821541099025173
2012-05-01,0.697790163866439,-0.14659554707775202,0.5960330048386797,0.33609464111012166,0.0804380954724117
2012-05-02,0.7879032674777262,-0.06981765981495479,0.6481003996996673,0.43929611016221565,0.04780889083496246
2012-05-03,0.7514738547102616,0.062416057494278525,0.5402854565396318,0.3082708441165197,0.04834759285417171
2012-05-04,0.7350919626398671,-0.1704715827292634,0.6003399195867022,0.32426926062461936,0.08078407631047525
2012-05-07,0.7770101582546531,-0.10209700495840635,0.6722383780413337,0.2839779590888949,0.07262410762262349
2012-05-08,0.695423849871881,0.30552351875305067,0.594419290070119,0.33677065561573355,0.05269354087576836
2012-05-09,0.8217433723579225,0.18844067458408675,0.5935517150065043,0.4640965041864514,0.048666669976913574
2012-05-10,0.757300848829023,-0.18288691723467213,0.6502055916367736,0.34704388294189953,0.04153256216034948
2012-05-11,0.750710415753423,0.22828043806681964,0.6171766475887501,0.39503255962790007,0.012693167451497478
2012-05-14,0.7670732774521125,0.09870844327211245,0.605662070174667,0.37191550723766414,0.010528892621690523
2012-05-15,0.7272526465111547,-0.09172324300451999,0.6046674059476107,0.3761783565183067,0.052026767849436655
2012-05-16,0.7139086384858376,-0.05456459061028077,0.5532081742772037,0.44458811152900113,0.04535540523372528
2012-05-17,0.6898343755346579,0.02737905398826057,0.5643668685432448,0.37090804240666886,0.08406445288469006
2012-05-18,0.6975920227177766,-0.025153292810046742,0.5928153773610974,0.2898617689242599,0.06214275485675115
2012-05-21,0.7640240880914089,0.06947369039659822,0.4811197612802729,0.2779110784323012,0.05582487482850093
2012-05-22,0.7008750212755491,-0.12069065752603914,0.5879912588041084,0.3074734636284963,0.014416840250166686
2012-05-23,0.7321949465755223,-0.11871286152110301,0.55500816949603,0.3928454800813255,0.026753208175655598
2012-05-24,0.7075784711931401,-0.21880956786984826,0.5989589094410667,0.4590485051642594,0.04393120256823857
2012-05-25,0.7281197693592215,-0.012577642409952645,0.5428069342804532,0.2024302274869732,0.008746401297022898
2012-05-29,0.5740902140620577,-0.17427294534003382,0.5613767479341808,0.3997155480803489,0.00295431518858017
2012-05-30,0.7280159780601754,0.15844463488339566,0.5218326110007943,0.3823482695642589,0.060890941839012586
2012-05-31,0.6797786965848942,0.032656322784819496,0.5746900553087553,0.35023941695796745,0.03602586158799549
2012-06-01,0.7042210291602657,0.006828492972962394,0.5882614135326601,0.2189536998676495,0.09623823244997601
2012-06-04,0.783567547927243,-0.12887227367994855,0.5472422920130693,0.3428031037202943,0.005057198116171147
2012-06-05,0.6719334214503245,0.26205611793637235,0.5517661923650757,0.5298768342765614,0.01756751905994679
2012-06-06,0.7117197389981393,0.14765196242356307,0.6212487706393924,0.4817723657547296,0.04544423682626084
2012-06-07,0.7686051449442477,0.07565751430234766,0.5329704466754956,0.4075553001030714,0.09944401042717271
2012-06-08,0.7348619232849617,-0.1492774212524701,0.4635742706585747,0.24334806109077864,0.07834861876510568
2012-06-11,0.7394201418190016,-0.07773776052675486,0.6048610920049603,0.3270906910525814,0.021102386390117956
2012-06-12,0.6932150504928691,0.034931242878106554,0.558715923794287,0.34951597177591365,0.08928714056253191
2012-06-13,0.7834437911172241,1.9463725746205604e-05,0.601856507272268,0.38075594217995945,0.012847532331316514
2012-06-14,0.638582899097178,-0.00730927321113018,0.4947475102419939,0.24914541692438474,0.025203050849534225
2012-06-15,0.7918057567269297,0.2877017298650673,0.5567579078082002,0.45453232922189957,0.08254643434950132
2012-06-18,0.7261258561664791,-0.08494220263776336,0.6042423650853765,0.3919819600906264,0.036983089990450656
2012-06-19,0.6731548664045547,-0.10911253842182961,0.5829192236751667,0.28667571409201437,0.050285817007711966
2012-06-20,0.7407179652158342,-0.12276709842694072,0.5240421203555305,0.35611418659903515,0.04021897654304453
2012-06-21,0.7173193422294947,0.08520656687549577,0.5697058083844986,0.5472648999660312,0.039667438434510066
2012-06-22,0.7070481432834959,-0.18820466936677158,0.5371059612544947,0.49843411881274013,0.04078751234309041
2012-06-25,0.7394241074689523,-0.23632330072738436,0.5326087786288807,0.31107383877348327,0.023017162247915637
2012-06-26,0.7046089257350778,-0.06693597171416248,0.6261596628788736,0.36805469810779445,0.0698651108804658
2012-06-27,0.7764226227497133,0.20134731468884906,0.5742404514342342,0.6008894464600064,0.038675846738861645
2012-06-28,0.6763677574929106,-0.07912512575085587,0.5769135413676802,0.33073643291517374,0.008903253875847783
2012-06-29,0.7070057053004968,-0.34112016306369086,0.5450930173868614,0.3176172585245807,0.026488492584326964
2012-07-02,0.6570548608724103,0.111654972810303,0.46260573987451076,0.23669924036956094,0.05065711058521288
2012-07-03,0.7306299142295886,0.1997035084342979,0.5813427505762211,0.2925498845743623,0.07716075367362697
2012-07-05,0.7044855089612764,0.1848340247994684,0.5791201908563135,0.2859587682644605,0.03814013947500333
2012-07-06,0.6922153165755193,-0.18842820694210366,0.5952445139114678,0.4818410918456448,0.06922022412125373
2012-07-09,0.7005679025800517,-0.01842481544610049,0.4801942547561589,0.4648669684725604,0.0036895830205523786
2012-07-10,0.7459955272135312,0.0764882980384843,0.5560778410526998,0.2436882781805336,0.07018581693458158
2012-07-11,0.6919562556298566,0.2403466301782139,0.5242834383382899,0.44769813919433116,0.031690453751996965
2012-07-12,0.731241563689203,0.2342205713515008,0.5689046893190987,0.28309498902175506,0.09644134082061484
2012-07-13,0.7553907717189197,-0.3570925881119432,0.53200485127085,0.15391396746366778,0.020385263521089516
2012-07-16,0.6038444954224652,0.37207961030898073,0.6125604792532378,0.298918709256872,0.023830383405361713
2012-07-17,0.7785500974940298,-0.4213666608646233,0.5083583156286793,0.20946560406369918,0.06846747832021938
2012-07-18,0.6505526573178417,0.12518239130450434,0.5975006901557671,0.31796435857327393,0.095098485677587
2012-07-19,0.7567980521678498,-0.4617601900705075,0.4892343994562723,0.43279709284088985,0.0598181675966564
2012-07-20,0.7542201978453854,-0.2438620651009461,0.4796253826571638,0.33077426041203495,0.025739197628512046
2012-07-23,0.7352141809845288,-0.2299522814194691,0.4969996339240277,0.39716020508272826,0.020972701973268084
2012-07-24,0.6605387840952893,-0.013941016071011354,0.6112399359470015,0.27214593076099547,0.04059127667807001
2012-07-25,0.716884650000438,0.3201800727211442,0.5874911940593106,0.2958426577760921,0.05888143865018154
2012-07-26,0.700273570872969,-0.04688673887533049,0.5334932013748519,0.4035699185537168,0.04214559005725324
2012-07-27,0.7120476223189967,-0.057442749782454554,0.5593160267310796,0.3539048106927547,0.09142451756619797
2012-07-30,0.6985478441086045,-0.29962299999501973,0.609475881829968,0.4518889378555588,0.006042100836583997
2012-07-31,0.8008665155115963,-0.3867894067814852,0.5630880961668617,0.4071129876407222,0.08175121590299349
2012-08-01,0.6563825336352493,0.29556574136428654,0.42632567862445914,0.4407195122268862,0.0382650890247139
2012-08-02,0.6507298542851399,-0.15466417583318257,0.48164133331894565,0.28065153003344245,0.058959138736349274
2012-08-03,0.7656074569392696,0.09968715090672237,0.5867078852643984,0.4475375095684511,0.0762175352737527
2012-08-06,0.6971584413489491,0.034957809177937574,0.5594764714862722,0.39622792936624107,0.0663411278436074
2012-08-07,0.7288214770383499,0.11563854252860822,0.5493716255516112,0.4143966300010831,0.09012112720258668
2012-08-08,0.7308214557588656,-0.11839598779729331,0.5330259268685447,0.5174593339257015,0.03777762908277065
2012-08-09,0.7535939214540153,0.5120255338911534,0.43765739530472364,0.3832648559292451,0.06127440774860552
2012-08-10,0.7075509166177065,-0.2904560076622867,0.5245287601491326,0.5227351880474732,0.030562002454158733
2012-08-13,0.7326587256767382,-0.016389149138656533,0.5837017226620652,0.42892690576686665,0.05596659825659607
2012-08-14,0.7305052971223767,-0.08274216041318258,0.4686490020636037,0.36436966773095275,0.020381221503235816
2012-08-15,0.7495866066195851,0.4041948534497559,0.5360150685918184,0.369273279320631,0.08844244863810742
2012-08-16,0.6672746197202575,0.0446102672459314,0.5459305967545524,0.42949930269296643,0.09369910022807189
2012-08-17,0.759087987205457,-0.40349844820153785,0.5057728722649654,0.4952802545088542,0.04220941406913281
2012-08-20,0.7409373082092563,0.3849839779613241,0.4511218142060942,0.2581097879269727,0.019715447775022477
2012-08-21,0.7522476293862627,-0.13229912998558552,0.47437944282590966,0.3311342880698203,0.05868774239891459
2012-08-22,0.6378162817319277,0.3304890222077143,0.4839635031190938,0.40053615510508034,0.09735468058711906
2012-08-23,0.6955010668562271,-0.19629438155622203,0.4446955339922093,0.41836112449475377,0.09584645460434418
2012-08-24,0.7399853627981577,0.2521998340168056,0.5024906728397626,0.3582432126092621,0.048514201950844285
2012-08-27,0.781570510074363,0.06681677312805935,0.49578269572493733,0.5049671462781471,0.04883313926506571
2012-08-28,0.7216962546030167,-0.11149104330553859,0.5059017888881879,0.4233070831409665,0.010261145771129954
2012-08-29,0.6655739938932237,0.11289021153351375,0.5691369240953961,0.4034121854730552,0.0755624339612152
2012-08-30,0.7456558204928198,-0.1530467526116736,0.42967526775361375,0.3790885133483707,0.02885670175771996
2012-08-31,0.7791300904608633,0.08239924130455811,0.5436467283662578,0.43875260753320133,0.06681593481416663
2012-09-04,0.6724314400557753,-0.21681516677587662,0.48245687543830584,0.29240622994302473,0.056078181654269144
2012-09-05,0.7923631223427513,-0.13466813053092497,0.42687183171200005,0.5122849217919646,0.09112683801223498
2012-09-06,0.7462673084808701,0.001551420620358754,0.4694884503069277,0.5034496226533508,0.006961215598405058
2012-09-07,0.6956488158556715,-0.42266012987165125,0.5718493135138334,0.48261777067436407,0.05698433735877265
2012-09-10,0.826372210365778,-0.01097495297072159,0.4848456572259463,0.35890641435218673,0.022304482264432657
2012-09-11,0.7296893957339275,-0.25510359678126027,0.4726847667623207,0.35415171780483895,0.06818124358743288
2012-09-12,0.7873079533470149,-0.01820593140280882,0.5095256114025601,0.8043584611279839,0.05474874453754574
2012-09-13,0.6709011649612947,0.25580539833667915,0.5795608581627552,0.48407919900620416,0.08236662578716562
2012-09-14,0.7314544316318372,0.2498096707339729,0.38465199896046137,0.4217388328816889,0.004740905594216327
2012-09-17,0.6942014304477133,-0.28327289458402766,0.5407068224846785,0.44586081371763087,0.06414052954963324
2012-09-18,0.7257776603007629,-0.14830459788593262,0.5027430438664239,0.24152156797899021,0.04111276242666108
2012-09-19,0.7105903256727132,0.010383429638584116,0.43332470565536546,0.35264086458576216,0.09685980521855497
2012-09-20,0.6663621036441245,0.16529382009154928,0.44103721032838084,0.40683747419142813,0.02268315347411214
2012-09-21,0.7071388899301042,-0.019786182789483468,0.48971949569207307,0.43578134763585674,0.06661069137399883
2012-09-24,0.731981136857677,0.40350398122550396,0.5721555472272819,0.45372775406501525,0.037099976808222405
2012-09-25,0.7281349962431319,0.23034773804047945,0.4830158713301911,0.39334189235685924,0.07733436652635543
2012-09-26,0.7093961175492418,-0.39600020572299277,0.6018654595506998,0.34844295761867183,0.09721970470956424
2012-09-27,0.7060400589114769,0.2941959957859093,0.49390942174754804,0.3946385606024149,0.09337004969070412
2012-09-28,0.6907637604288892,-0.12075549970523776,0.4479202724565999,0.4027904217014194,0.018772445794275838
2012-10-01,0.7060680945468738,0.1375924944678255,0.3855715522188171,0.31173574575083457,0.003568716201412636
2012-10-02,0.6263671394598219,-0.057347623682442894,0.5201279577375633,0.6215888995782752,0.03334242805653694
2012-10-03,0.6632985442601034,-0.05318435715853845,0.5528719723354143,0.4603630226515881,0.04791881643430296
2012-10-04,0.6717005909952214,0.24956841869230031,0.5098168649602315,0.6647240383943557,0.0008600619416680666
2012-10-05,0.7413551708045149,0.037602898737975815,0.5287360454872571,0.4270647455511122,0.028551386835172745
2012-10-08,0.7426164351163074,-0.2085455335606243,0.49914752093392856,0.3956264645487901,0.08623971691256045
2012-10-09,0.7418978705028085,0.06456619880429827,0.526554206905003,0.22943615645536555,0.0021880706732855695
2012-10-10,0.7986970643626528,-0.1952150301545966,0.4772213510828456,0.3029855113859406,0.06581070719360564
2012-10-11,0.7822891081997484,0.17705300731821907,0.5508918231370595,0.19907126128176095,0.08926660199716005
2012-10-12,0.7544096604168378,-0.26366909877036576,0.5261406223372276,0.47004071795368035,0.026904173665442843
2012-10-15,0.7152280621950842,0.19268563075161937,0.3813826058160385,0.4246151971724698,0.048037404583637734
2012-10-16,0.6761021878011032,-0.0368838364892807,0.5555156088890358,0.44480126484978416,0.04837602977277864
2012-10-17,0.67617077538545,-0.10002271237435541,0.48278421320981935,0.4846283061179395,0.004537144367423906
2012-10-18,0.7024596390002712,-0.005007333946205011,0.5572985545369422,0.3025843502602412,0.04430615243300049
2012-10-19,0.7190141840031228,-0.12241722386192665,0.45060246880049487,0.3491295504621832,0.0314185140523364
2012-10-22,0.6603287371232385,0.02046666958064572,0.47631479130318005,0.3970761692290695,0.04662689687042362
2012-10-23,0.7810495079026968,0.23851909401076443,0.40530472578884974,0.45884391289869186,0.08248627052817284
2012-10-24,0.7302113314207732,0.01146354135057953,0.533426942319608,0.24925954835956682,0.054713775475551854
2012-10-25,0.7379331864342432,-0.24288595582406633,0.43715478700173716,0.37611336150072716,0.05926448340855766
2012-10-26,0.642205171638906,-0.005550328006118307,0.5127688774353881,0.2821805454019955,0.036375665820195816
2012-10-31,0.7583261598232894,0.008986981721247683,0.5574886301506872,0.32089857039946046,0.018532209505710474
2012-11-01,0.6804822035816004,-0.09352800051711346,0.4500547579572681,0.2944545415924118,0.05692583165157379
2012-11-02,0.7245953239778394,0.13119554822475119,0.47441077047369595,0.4214739810341812,0.04175269279287828
2012-11-05,0.7044058597271322,-0.48671648110596943,0.45606976428203605,0.15123806513691315,0.058876921528721406
2012-11-06,0.7671501067862869,-0.2704080992956989,0.47407952624318433,0.3070998136322643,0.07045559564256935
2012-11-07,0.7160726171954142,0.11339293645733435,0.5230000642841461,0.33026771860391885,0.019548393368727393
2012-11-08,0.7483424464062427,0.17322342319108436,0.5230818445909453,0.3727256560977772,0.06039876690680588
2012-11-09,0.7935985064303492,0.23247102034721667,0.5348213757698402,0.4294056183532141,0.008338991482927816
2012-11-12,0.8040202345783929,0.15286738974439085,0.6127187624403299,0.32841841832998714,0.09901878458456391
2012-11-13,0.766417461717389,0.3332874118871084,0.6613171753493634,0.2829911411266535,0.061729563992013826
2012-11-14,0.7123950519910108,-0.31350398370399907,0.5578748595608052,0.23827897272586876,0.017189730668021343
2012-11-15,0.6726228307683295,0.12198747329701476,0.5253714712879295,0.3885906913014118,0.08358227730329681
2012-11-16,0.7010560886212598,-0.19600077751079484,0.44169031591869073,0.5029138062090579,0.0538272092445678
2012-11-19,0.7774817720773404,0.058941202264081255,0.5307036334127248,0.348088226724633,0.06811965607949144
2012-11-20,0.6987229843910283,-0.06598449796592441,0.5175308387827121,0.5687948640921388,0.08054463728311334
2012-11-21,0.6456933130745298,-0.016504623737200103,0.5490911402992047,0.27922360030429516,0.04547428719064174
2012-11-23,0.7889812072659771,-0.36510177670285554,0.6553318470308773,0.33378110196276944,0.0672255051012755
2012-11-26,0.7291195248859538,0.01654908555055813,0.4787714130297811,0.3041830227940215,0.018963519480812353
2012-11-27,0.7794753043237581,-0.013033231730298018,0.4615867158681882,0.45408142601944523,0.034011069815988774
2012-11-28,0.7001001059324188,0.4606479444341539,0.5848100218904747,0.7313793007960548,0.030137836181894875
2012-11-29,0.785168111227297,0.39560268928977377,0.535340214896236,0.39005206251163815,0.053335586262134575
2012-11-30,0.7575334953749849,-0.1374283491680989,0.5318535299227267,0.36856535232588156,0.09200498824968557
2012-12-03,0.66687626548407,0.23810496780131027,0.5732629619248653,0.3528731540020106,0.07701404783606187
2012-12-04,0.7180829581866109,-0.13009519567067965,0.4650872685581085,0.5955632896579499,0.01531822187925306
2012-12-05,0.7076347613842406,-0.135564463560426,0.5581482330806308,0.33017440084653926,0.08677734133856663
2012-12-06,0.7723577401114095,0.06137614993997166,0.46344877964422426,0.6300204629974191,0.09784359858942443
2012-12-07,0.6964477739040289,-0.030160453049412853,0.4958052400026638,0.42942278842207204,0.05163231966492019
2012-12-10,0.7867555149071345,-0.022415766326571714,0.6019780386145077,0.422977015797222,0.057011398205968816
2012-12-11,0.7383761276182255,0.23436766506286416,0.5793360638977932,0.38281970815551636,0.06488742401647916
2012-12-12,0.7612615315049108,0.34733934017233575,0.43673156158011556,0.3497479598977775,0.04492424668964637
2012-12-13,0.74634511411328,-0.14932869276473942,0.5463599077935221,0.3403852514634587,0.07538306811849432
2012-12-14,0.7893993163984336,0.1810378256092258,0.47534201632888784,0.5395422342248266,0.08399774796823478
2012-12-17,0.7171088681900976,0.08997157135890199,0.5029016440309599,0.499083564694675,0.059003476937248056
2012-12-18,0.7343729693601425,-0.05871210007293279,0.5040542809177165,0.43154715889259176,0.03852649199671422
2012-12-19,0.6731858425217817,0.01549161801691893,0.40482875951753566,0.3135130960126697,0.07563426857042976
2012-12-20,0.6828993023592689,-0.24392252536709666,0.5409653886566146,0.5411356640765068,0.022178398998820372
2012-12-21,0.8622952631120153,-0.12807118713315221,0.6333460595063451,0.3250102997243071,0.024904848089172926
2012-12-24,0.7480891279178054,0.18181402084136405,0.5575612059999986,0.39129767971806184,0.0627437487023343
2012-12-26,0.7114657539358832,0.029172135083497065,0.5608870258442724,0.4146790742983002,0.0023214795065814807
2012-12-27,0.7933334737506175,-0.05947838104205826,0.5062540256192161,0.39078215843741276,0.05165017548945216
2012-12-28,0.680940578395527,-0.149705783192393,0.49282556236589903,0.3744427272426243,0.06330777753439627
2012-12-31,0.7604253062399096,-0.3042857330017991,0.5953791173906253,0.34576041556100867,0.07053243586903167
2013-01-02,0.7119079250736621,-0.01442598129720151,0.5290443184048041,0.3982292686510277,0.049708968219799844
2013-01-03,0.6541897105287845,0.1336733696762223,0.5477962097226347,0.3734328145784673,0.01609052642681773
2013-01-04,0.7258898884500405,0.12043088916690994,0.5257459959317928,0.2929206328195822,0.05660416692933548
2013-01-07,0.6826216534874666,-0.0612859751948724,0.5420765079381151,0.39908346241014214,0.025008107173281682
2013-01-08,0.7525445280314097,0.4694223249402611,0.4627893149638126,0.3453133252975358,0.09143133349833833
2013-01-09,0.7707621784234648,-0.06409043993591564,0.5553805385796304,0.3534781623438987,0.015304555917361507
2013-01-10,0.7736983965961519,-0.14014787992685956,0.5354381827559596,0.4758619172487406,0.043953288686877534
2013-01-11,0.7404811051832758,-0.14591855120478328,0.6043517158159638,0.37405834359445034,0.07406073984832359
2013-01-14,0.6971881275898947,-0.0013114571361047059,0.6327969073036097,0.4217267891952668,0.020696953307206056
2013-01-15,0.6860569782369239,-0.06025320370681685,0.5865164688190081,0.23280239508493994,0.06109066922727954
2013-01-16,0.7641571624974595,-0.3518131693133164,0.6428555967757882,0.30350544982570854,0.09476310261956186
2013-01-17,0.68645259873058,0.15848028101927564,0.5949619128399277,0.2528654521009879,0.030045285105118148
2013-01-18,0.7048397571894721,-0.22510755002885074,0.5586423749302322,0.519453800994957,0.04377604163492776
2013-01-22,0.7776111262674474,0.040848006397750054,0.47706184085908754,0.4321353817585829,0.021629968369324338
2013-01-23,0.8962462266726637,0.3306449710462452,0.5826770189271645,0.6330943058609299,0.011576540975808304
2013-01-24,0.7444983260861512,-0.035534465829456255,0.6528196620353601,0.2839375819894024,0.081118930381298
2013-01-25,0.6540526461635686,0.10345007092231083,0.5548088675264284,0.4023027048751898,0.07811402281686251
2013-01-28,0.7717613389821675,-0.25118014477336803,0.681867230039076,0.5288750100151619,0.004102346066449669
2013-01-29,0.7610547168265056,0.2932959882222671,0.5781378618781082,0.3169501864332045,0.0756038984605582
2013-01-30,0.7043284367420304,0.2483270630484701,0.5653902049948384,0.4138930416257876,0.012374847649529364
2013-01-31,0.607996265963569,0.331457674539423,0.598002975734539,0.5058563738537019,0.06395360664642352
2013-02-01,0.7542724008441141,-0.06280055079778349,0.6843369528211058,0.20797894727070515,0.0854401390546878
2013-02-04,0.7893203414472354,-0.06886370612459583,0.5287062826335721,0.5444764892280469,0.08010469821880536
2013-02-05,0.6928254792315788,-0.13933824750644616,0.578569692850245,0.36041888794925736,7.026390471783773e-05
2013-02-06,0.7521166724456442,0.0296057157294337,0.6246224360071332,0.40408101371257604,0.039524834986864314
2013-02-07,0.713744832493983,-0.12881270891027938,0.5551538259733417,0.46649640408910764,0.006101150572338277
2013-02-08,0.6569762507218205,0.06696503753450496,0.5502643348173817,0.4594653133377763,0.051206687985000256
2013-02-11,0.702311390831917,-0.0368218751732469,0.614629244708382,0.3938055862643753,0.05203027362113555
2013-02-12,0.6773546882436536,0.0752073490917756,0.5477244267520022,0.5481314347867169,0.035235559728988765
2013-02-13,0.6838064596414795,0.15883419595186368,0.4959265862180916,0.2968662144568671,0.003096801706732222
2013-02-14,0.8029620842425992,-0.050580132905882716,0.5800559294054921,0.4735978017638493,0.01853775701162168
2013-02-15,0.7123513240186685,0.33062736407970117,0.5361193827052156,0.5268695303165376,0.033027058617075014
2013-02-19,0.700353608070687,-0.30467034772722146,0.6341351090808188,0.4703687945000986,0.00015005299465445932
2013-02-20,0.7436902920570777,-0.03188431018330487,0.5991436975418418,0.27237036844578844,0.029879988178669326
2013-02-21,0.6488496351831907,0.2683784940790892,0.6532890799312623,0.14793043099315167,0.004099805814436608
2013-02-22,0.7088487134965926,0.28591622701305186,0.6446498954537313,0.5211630243734875,0.04266613319029157
2013-02-25,0.8397150938196432,0.1635752379095785,0.5736104894221967,0.623357675734106,0.029160737834821673
2013-02-26,0.7572172584862042,-0.011879902565151604,0.669500072680214,0.3366598460413686,0.07801743712482272
2013-02-27,0.7065702478473316,-0.2968712923999094,0.5668118451123457,0.3849901733230838,0.02983212542982827
2013-02-28,0.7473164879550518,-0.14122012311744236,0.5840998334211086,0.40860273776105344,0.05491511332233413
2013-03-01,0.6936962590407594,0.004422707794521169,0.640617992108336,0.6023594502125398,0.08360375513603653
2013-03-04,0.6792631918636794,0.05374704808342132,0.5668645909189212,0.41287138697779824,0.058339235404865436
2013-03-05,0.7577536990578386,0.06091526610994524,0.6274444245578967,0.5511777204748829,0.08020752446981463
2013-03-06,0.6696397086673317,-0.197080512488776,0.63293193857601,0.2784741701778761,0.08280161933015762
2013-03-07,0.766505421231759,-0.05958786774472041,0.603103737098943,0.6887331002487453,0.012631855403290005
2013-03-08,0.7726416012603802,-0.031992862498665404,0.6718533555066608,0.4245227935707039,0.04626230885627432
2013-03-11,0.6837723327163179,0.12026723185990978,0.5804696700173286,0.46688661027962464,0.015358559539900951
2013-03-12,0.7089390269387867,-0.23341794273102195,0.6619609107569617,0.38812717135353364,0.022646976160564915
2013-03-13,0.7658337358544842,-0.03602660849975917,0.5708633248675177,0.39438970883104346,0.028387629535025483
2013-03-14,0.688857695237004,-0.07569039771767466,0.5888057820345115,0.36790529541765926,0.07550389017760148
2013-03-15,0.7408285441028625,-0.27877592980751814,0.5602315523012094,0.4739066589196523,0.07347338071015469
2013-03-18,0.7739492738210674,-0.05503116103617739,0.5253814237983728,0.336059373975782,0.046790172255922226
2013-03-19,0.6947996592765279,-0.1257238766401709,0.6088260648739733,0.44219557492383343,0.056466634822767786
2013-03-20,0.693799216450493,-0.12791845377517982,0.6217085832204678,0.2178520692544984,0.01680236151665614
2013-03-21,0.7618268530684265,-0.17591787376924936,0.6386656118940782,0.4530367900643947,0.07717502718518969
2013-03-22,0.6930399886084089,0.025473685474083137,0.6083461435374561,0.46760456144923657,0.08516838638116965
2013-03-25,0.7342897433134581,-0.04905001512795804,0.543797066663034,0.5340050267776162,0.04378516199984896
2013-03-26,0.6959412993988908,0.06797951875288204,0.5359837885272962,0.43010988763604896,0.07723803631306725
2013-03-27,0.7605364598948973,0.1270711813428278,0.6447355787084272,0.3300915041138064,0.0909097566016685
2013-03-28,0.6784872358584674,-0.37571452773573455,0.5669380489321185,0.5001770889158875,0.007275283446729464
2013-04-01,0.7163676189654972,0.16013798040365199,0.6299399022790453,0.3036183524701847,0.03770643820640596
2013-04-02,0.7172951159000511,-0.401985610512519,0.5781311567809957,0.19873610301997613,0.0904128545955344
2013-04-03,0.7850975613003275,0.0007145826093349025,0.6009603592472592,0.2499277723509566,0.03400054404429875
2013-04-04,0.6907606396209947,0.3538646735990896,0.6144022939760185,0.348128371058414,0.024197634852293804
2013-04-05,0.6458961884987573,0.21263171508382742,0.6146241983094466,0.2071631017914758,0.008481367773110848
2013-04-08,0.7032755392081603,0.40430845297859447,0.5825587924242791,0.34539482640337194,0.07668901262039239
2013-04-09,0.658644179995952,-0.011078676952868129,0.4915683859385267,0.39411683906592715,0.007271096892437235
2013-04-10,0.7463582226666439,0.05925197534725808,0.5489494376793114,0.5470274188650118,0.023257012240785215
2013-04-11,0.7103783873473624,0.11801411669619916,0.5542815349120562,0.42858979483875953,0.033533274505839754
2013-04-12,0.751917499809459,0.09250448243486425,0.5761687691242345,0.38314067963014103,0.023157087176078797
2013-04-15,0.7301383408170319,0.31089799943986207,0.7237389346580093,0.3993191623150695,0.014459919391480225
2013-04-16,0.6843551383348978,-0.33857785551282604,0.5367424204258121,0.2503538838577966,0.02988031367614996
2013-04-17,0.66288598966718,-0.03116665033939286,0.5431124184132413,0.40936422176474013,0.08536962536704579
2013-04-18,0.8563747935772869,-0.1444999637010619,0.49472096945685184,0.44128040146420733,0.01824261935292254
2013-04-19,0.7716682767246158,0.07065410771802637,0.5938805573069982,0.7649801040803472,0.08245209129206307
2013-04-22,0.7777424047604105,0.22911939984762875,0.6099010026353485,0.40546893821006696,0.06329344451590178
2013-04-23,0.856564532050995,0.22241403870530874,0.6847280618430756,0.3696665241950558,0.0993905048432009
2013-04-24,0.6977450399769686,0.02476010240894568,0.568671596583622,0.2408886248008345,0.06196447994677776
2013-04-25,0.5858060646222549,-0.11733472929506006,0.5851115728362731,0.3193601298933624,0.029560144036629023
2013-04-26,0.6750811449149718,-0.03821658120592899,0.6211478041949443,0.5795280492760843,0.0833184260324884
2013-04-29,0.6401235184794642,0.11247015612071465,0.5639691633931252,0.33203746562273434,0.08802429395458344
2013-04-30,0.7909562933199346,-0.16078726708998142,0.6558164111373799,0.15094472285031357,0.09384451263576682
2013-05-01,0.7294628797892757,0.14422767831567287,0.5909958107006782,0.289981514532111,0.0017612472154157179
2013-05-02,0.7819717059709886,-0.0700808273497738,0.6104836990878252,0.4045781520977645,0.021161132967537268
2013-05-03,0.8270220611967752,0.07393287721363963,0.5992576333441799,0.3019352144949526,0.008469499935277082
2013-05-06,0.7168179930891838,-0.288998383804435,0.4946005147778819,0.42513715882393927,0.07598417807495937
2013-05-07,0.7380208196607847,0.022800337163120053,0.5839231168310101,0.528733521526614,0.009122492082165678
2013-05-08,0.7310373539539241,-0.005669625227420176,0.6464642942694188,0.5740407317134112,0.08951308573101802
2013-05-09,0.6972983302675837,0.4179349827784754,0.5218368346054872,0.32662426420166507,0.02436521684236801
2013-05-10,0.714223610667457,-0.029411029402903688,0.520873628614762,0.40519357977362613,0.05757239880874762
2013-05-13,0.7632046823887505,0.16536770499177078,0.5637184769029564,0.27951823724125374,0.08507374893380877
2013-05-14,0.7358041032171038,0.26892887397026427,0.6212747697677019,0.3471597243021998,0.09286774344157134
2013-05-15,0.7353155896768364,0.18275555830498627,0.5895705568557471,0.3694153208608667,0.016034035730811105
2013-05-16,0.6941719712807078,-0.03022611124856251,0.653231707578971,0.41504018341991933,0.02328786921494638
2013-05-17,0.6509700765667472,-0.05121836824532747,0.5801680849485885,0.369002945926553,0.017392359666304823
2013-05-20,0.779397840505299,-0.15562986756460254,0.5240810905063029,0.4896476569568321,0.028498926145316128
2013-05-21,0.7835658929333309,0.3817217155789533,0.6234397989973701,0.42338382177963696,0.008132400061966983
2013-05-22,0.7069884575868868,-0.38327047728385233,0.5520691258273305,0.36527884752427464,0.08575021558139488
2013-05-23,0.7457751224280008,0.01811540887900346,0.6242954364079784,0.4503188997447637,0.0434603186889756
2013-05-24,0.8450370483437566,-0.06866215160481767,0.6095497103943538,0.3122878509888801,0.09206238090216316
2013-05-28,0.8072538919912109,0.12130639138922934,0.6329479193271043,0.39206805785829785,0.02510010562529176
2013-05-29,0.7269618065949723,-0.02069963047646592,0.5450961498242397,0.5116353097401036,0.08538262519575335
2013-05-30,0.6799126963582293,-0.04291520682728388,0.5345833093300201,0.3324281134390308,0.053955915855415953
2013-05-31,0.7245846403263184,0.10055836667288197,0.5639531071539767,0.28452153723288964,0.0968827271699117
2013-06-03,0.782318929211015,0.10161988516362336,0.5420044237164893,0.318283103750884,0.08291198296773607
2013-06-04,0.7382775816735674,-0.15086072457108926,0.5622156528119112,0.4149663143907925,0.023542496133698465
2013-06-05,0.7630083523832281,0.11727177548581974,0.5230783391785876,0.31914028195134114,0.0622127622097933
2013-06-06,0.6950131636403729,0.10944873874036448,0.6105550144389187,0.3434052683841241,0.07449434474586557
2013-06-07,0.749949833027832,-0.11508079220100194,0.6571830354323607,0.5899547454775603,0.09265133963084575
2013-06-10,0.71652219447817,0.05972086113969313,0.5125769378766306,0.3803427472926417,0.02894994713421405
2013-06-11,0.6836997510442219,-0.18747027929643253,0.553165711208616,0.41662760091324746,0.02678081035847074
2013-06-12,0.7000842657577272,-0.3467313506558949,0.6002660888563593,0.44565422426757234,0.05619689038103213
2013-06-13,0.7534279235612645,0.158774636867461,0.5934335351901606,0.3908926831667105,0.0632023134436551
2013-06-14,0.6946758204616788,0.086796828777012,0.5483841076490228,0.4973060583365324,0.08916436254923099
2013-06-17,0.6915510093624413,-0.01020004468055265,0.547420016285016,0.41722559502214,0.011698242664154025
2013-06-18,0.7042458573378431,-0.2540354469386263,0.5768798562765064,0.23733234369645523,0.015823981970661094
2013-06-19,0.7103982956289018,-0.03672924507932825,0.49010330808929004,0.5621420877400385,0.0651849095228576
2013-06-20,0.6868986510711435,-0.021228577139880526,0.5631848003742113,0.4329794630330076,0.05735634347947002
2013-06-21,0.7262803188022379,0.22961834678703408,0.6151888741699396,0.3630275494635856,0.01162916186933446
2013-06-24,0.6588083301176871,0.24556715081816735,0.604526807430415,0.33683640724945857,0.07711377654178575
2013-06-25,0.7330513254156722,0.0022711042786019444,0.5799229589699451,0.558808308320363,0.08721030326216223
2013-06-26,0.7857957323986606,-0.4514275132109101,0.5584020329265956,0.41650267383231726,0.06556399346490031
2013-06-27,0.72179757268581,0.22387782920900812,0.5402911058555953,0.4800127925608788,0.05454483266521618
2013-06-28,0.8141315128709647,0.12196231518391638,0.5381814628460799,0.44774156871560156,0.006388412912637476
2013-07-01,0.6859059991151485,-0.07743185232847977,0.5265519144198102,0.42474284171889487,0.012887951069423876
2013-07-02,0.7381147427519362,-0.12016264765763152,0.4578008083929438,0.35951950076417905,0.015994015469704238
2013-07-03,0.7348021903118374,0.18804897720192817,0.5694852095872626,0.509299966467855,0.07757128074497399
2013-07-05,0.6609129952870735,-0.06392078977620773,0.5673118652671852,0.3499625515309911,0.01573442320219323
2013-07-08,0.8026909595645549,-0.057408971592091074,0.4834034156639558,0.22606227443929464,0.054797436307845004
2013-07-09,0.6433319912074424,-0.026319057590553415,0.47033078010325546,0.5047559874710921,0.05419421897131998
2013-07-10,0.73160419752888,-0.5884556442424105,0.5442810296883339,0.43978486535388694,0.0026880884217443837
2013-07-11,0.7792878761150037,0.3116108559033551,0.5817248601883652,0.3000173005011836,0.008527560878365826
2013-07-12,0.7066998831021409,0.0984176925476013,0.5307376424426776,0.35871243606685366,0.043681325703234075
2013-07-15,0.7280145402768896,-0.0006816364584186876,0.48958848976561875,0.38486308066452196,0.053800207706336305
2013-07-16,0.7313319021447683,0.31092565309863135,0.5170335726011626,0.394025851018478,0.009991834199525252
2013-07-17,0.8013237773784472,0.06645669898822779,0.6027884760457463,0.4495503400293245,0.08684443885474176
2013-07-18,0.7030302124421317,0.2947967580301384,0.5670267943210199,0.2337137871692756,0.02758196253598122
2013-07-19,0.702996642688969,-0.1425165466166979,0.590190609324124,0.3046988997180644,0.06910888523860312
2013-07-22,0.7328606010359865,0.130848036625064,0.6103040572424363,0.5851676468569529,0.04875066618642945
2013-07-23,0.6799134676215404,0.18644952078233828,0.5958340027788385,0.23092451345762896,0.027459885073062597
2013-07-24,0.6848816957424644,-0.07573347035631729,0.5208197990840192,0.42933509570839296,0.08812679079621395
2013-07-25,0.6868509257059929,-0.3507923874750679,0.46369431723249377,0.3252990930342893,0.050893393662357046
2013-07-26,0.724965812393231,-0.42313814143688644,0.6178303453264022,0.4023591224622334,0.07575393936302256
2013-07-29,0.7721684404330946,0.18858343229757954,0.5518303968151109,0.539153102469529,0.06127816862431828
2013-07-30,0.7625581051736655,0.18119506638335972,0.46669913006885316,0.4908437302814621,0.012563263238330569
2013-07-31,0.7860395933634554,-0.09600896572604543,0.5378455237000076,0.25817458272653937,0.07030172698698556
2013-08-01,0.7569957982462531,0.10963779402686313,0.5125879949815914,0.42155602008836895,0.09255237659635623
2013-08-02,0.8022421584846803,0.027934876840555175,0.48238928491746197,0.3940855941175271,0.07478096534376792
2013-08-05,0.6570176810298249,0.17862037071008652,0.46781131629190964,0.3750040051483571,0.040801879925726196
2013-08-06,0.829426086906857,-0.06841448450737661,0.3930035458391003,0.3295927005396404,0.0593646063249527
2013-08-07,0.6694203464498926,-0.31381944046605076,0.5250402772517788,0.37035331639732233,0.08340752979786009
2013-08-08,0.7227402239670591,-0.1946219148210325,0.48358068591891873,0.5544842130510244,0.07014499529886772
2013-08-09,0.7243131090722104,0.008393371989971893,0.4385233652317758,0.4232103731173198,0.028313507578198907
2013-08-12,0.7120316202133408,0.2759498616566833,0.5233204586674465,0.384996479909321,0.06469500499575724
2013-08-13,0.7198327319086502,0.1993549999298185,0.5341056954234269,0.3433097686249784,0.03988023033811699
2013-08-14,0.7118261529028791,0.1470126407097125,0.5545586257363474,0.49372749716492315,0.048136030099509314
2013-08-15,0.8298406937629932,-0.33031800318293136,0.4698863375380132,0.1959831423885457,0.03229703617015805
2013-08-16,0.7295550618327404,-0.5235960301370443,0.5485267172935452,0.48455741477393016,0.01838843718142589
2013-08-19,0.7412867061243738,-0.0006405262246272788,0.46881503586752243,0.4129452561199264,0.04958860279927087
2013-08-20,0.7517693536254472,0.21891566142874463,0.4752543505541458,0.5010204572025629,0.029199367590960104
2013-08-21,0.8039113289175299,0.19860749751673779,0.4432222218273536,0.4943199940403925,0.058667167814379986
2013-08-22,0.7910956527082401,0.16549688493049772,0.5629202396848211,0.4374894206957237,0.07438703938581646
2013-08-23,0.6776995770329811,0.03342673706122067,0.572291386789255,0.5719781935375081,0.07531197801298328
2013-08-26,0.7109452074973914,-0.0965466565121403,0.39496632321374203,0.31763904018654926,0.026295145072586068
2013-08-27,0.6918885208531749,-0.058342729945342876,0.46541279082295606,0.40963516729809685,0.027294174434433074
2013-08-28,0.7012692637346338,-0.5425291904730657,0.5561398436788503,0.2652386857294654,0.03933256539337522
2013-08-29,0.6854082783191449,-0.19065255606968257,0.5299673996554061,0.47929698240865704,0.0044430511868517545
2013-08-30,0.7726716798541053,0.04803404197157241,0.5023884618270663,0.2385773969551137,0.05381642851633922
2013-09-03,0.6669598103950785,-0.22270044474356468,0.5750514149986181,0.546689000373108,0.037127000604782745
2013-09-04,0.7241258717298537,-0.08494961943068498,0.4745580727967467,0.3067490600362882,0.02011060583236797
2013-09-05,0.8214394155516148,0.11609535526782098,0.5213234827718242,0.3001522121806234,0.09230841367092538
2013-09-06,0.6999825061194032,0.18118353887652763,0.585441394973693,0.3625353501253689,0.08572737927718803
2013-09-09,0.7100417853569805,0.18099165029843456,0.46561165920560693,0.39026395366952416,0.08207619923372796
2013-09-10,0.6639834612430907,0.10032550376993005,0.6426311268896274,0.31591014912982796,0.042260331579257106
2013-09-11,0.6873441879397103,0.0943049068264776,0.5344396909361626,0.5717535288082591,0.07956101416088146
2013-09-12,0.7133406046488433,-0.14334106436312558,0.5142943072436456,0.3261240090587031,0.0043382986576200105
2013-09-13,0.7001560854839008,-0.20042502046325442,0.43788579342467776,0.5000246197063543,0.05564017737000833
2013-09-16,0.8005842747370993,0.1901265590053551,0.4661012627214727,0.5111937883560497,0.057326666961006516
2013-09-17,0.7763218965804667,-0.09108680905974875,0.5831347890077883,0.38912812155478466,0.08957030039913169
2013-09-18,0.7998305670018323,0.24132186511737339,0.5394643486634452,0.30455094560232293,0.08396501802176737
2013-09-19,0.7100101437904787,-0.052053011848420316,0.5354117527225299,0.43839972940436867,0.08089715127822496
2013-09-20,0.5977319685285016,0.00997114113389679,0.4436582558484849,0.44575621468757604,0.08693533439669135
2013-09-23,0.7456349507164738,-0.0980966244731023,0.4999267205098305,0.3067167524371171,0.02659663912982827
2013-09-24,0.7558237145510309,-0.3568171577288608,0.6035735919610344,0.21985288501263298,0.0859767381691316
2013-09-25,0.7161740539735995,0.1641470966895452,0.561880788641693,0.4700219402288258,0.02501543408835625
2013-09-26,0.7360275524525491,0.18985824327884487,0.5169521119024983,0.4848144728506641,0.05131128427514645
2013-09-27,0.6956966786216484,-0.3759704588738204,0.505919782071059,0.5055454322274575,0.02999939106659273
2013-09-30,0.6910631357719801,0.26543968059917716,0.4632107842908441,0.4478937671430281,0.028800417064060557
2013-10-01,0.7448022926593743,-0.3956283369184913,0.5837575246202027,0.31566601822745893,0.08779643825375633
2013-10-02,0.8391393454134187,0.12534886093481126,0.4627498995887224,0.44733142770762063,0.06545369873822164
2013-10-03,0.6771783683816476,0.056697283029589755,0.5290754272964767,0.44869529716388346,0.06097554717656071
2013-10-04,0.6424369410273082,0.20626092502156101,0.5226302465569386,0.4793656016437293,0.08235578087853912
2013-10-07,0.7115309208327322,0.16317526347052014,0.4998222196616636,0.41882053477586445,0.05187237039173155
2013-10-08,0.6536872150892789,-0.0002694644944804866,0.6166812890837431,0.5177632260740185,0.05069356564766571
2013-10-09,0.6417556810877387,-0.02052198024273637,0.4421557722915451,0.3393111846899618,0.030057154221534356
2013-10-10,0.7092054675112127,-0.13819959260997638,0.5461811490986301,0.5122554845625995,0.070827202042023
2013-10-11,0.7799412697679926,0.1843073582544238,0.5585134746550082,0.4009097500168463,0.004931865820047843
2013-10-14,0.7495148797405482,-0.32225022987739127,0.5113392179095325,0.39146086569580113,0.05340583442799144
2013-10-15,0.7116479709234493,-0.3072506987881487,0.5347870608048407,0.6108054352657304,0.09980599250139095
2013-10-16,0.716291233176483,0.02751321196581837,0.531344790707068,0.4705182516516817,0.06701650176531068
2013-10-17,0.7119139247355143,-0.036059255117937415,0.5312603911606731,0.6035622530038273,0.07359375457286012
2013-10-18,0.6748808206288952,0.028420203174966498,0.43752158744739217,0.4444221241767874,0.019185243955948797
2013-10-21,0.7477467214078369,-0.49305001609535304,0.5489703472335896,0.23227911641659293,0.015059187221257387
2013-10-22,0.8257408503875512,-0.18483566003421525,0.47120271051028634,0.2647048417392789,0.04538218896900358
2013-10-23,0.6632278394320812,0.14334755458375,0.4409025940916136,0.416146086015554,0.01976300531567489
2013-10-24,0.7274265836008855,-0.11746869429967195,0.44847086194613006,0.4594405199334325,0.009818584100238026
2013-10-25,0.6975868591076161,0.00456146109284606,0.5198232598872106,0.3192464246122775,0.003462595852076267
2013-10-28,0.5982116928897943,0.0779977710485466,0.6352447099212879,0.26072887895977215,0.08986389947208086
2013-10-29,0.711966645753648,0.21564500357989058,0.5157116612168181,0.3950165237487377,0.04675761704069185
2013-10-30,0.706820525330203,-0.1385786959591308,0.4194000401951515,0.39234755122806475,0.02944323949878165
2013-10-31,0.6836161041189529,0.06657808108254719,0.45514688266856207,0.33659347569878123,0.05097371239868176
2013-11-01,0.6776533317167244,-0.06601111463827107,0.5573318520249464,0.5009541362796066,0.02972831266365912
2013-11-04,0.7245866607237978,0.4194983319846734,0.482748703777228,0.44281395645914945,0.06063617049450352
2013-11-05,0.6701753235141674,-0.23379523030805696,0.4591517178857099,0.4277123711414331,0.029160943775706674
2013-11-06,0.7360947214341214,0.0010340428047795065,0.5405691774200617,0.2721962451740352,0.06233303503445558
2013-11-07,0.6750088046888779,-0.13089110726832887,0.6249151169372023,0.3978156125699011,0.007563716966778034
2013-11-08,0.7779161266012377,0.004214640740059119,0.46550502978985725,0.43302642154372956,0.05112647430149653
2013-11-11,0.7796615482246233,-0.16310097897213582,0.4642077037212003,0.34129541447465356,0.05938013891229224
2013-11-12,0.7323257830768578,-0.4782584126827126,0.496654326350847,0.5127001002872524,0.0826515305282174
2013-11-13,0.6814584558967398,-0.23998326995415417,0.5421207846065843,0.4271158892416501,0.09329205001549601
2013-11-14,0.7090246251786432,0.17309432848512307,0.3914632215716353,0.5052166854115342,0.045402422162034085
2013-11-15,0.7839242763224652,-0.06785285870009673,0.4889534596889109,0.48140675214299,0.09020779719930687
2013-11-18,0.7232980160441594,-0.09023612688043478,0.4997924876236888,0.5608956638937551,0.024033945191001882
2013-11-19,0.7634173612981294,0.2665371251709569,0.5005230832002682,0.5672962491007374,0.08170543233459499
2013-11-20,0.6109194148142623,0.11974370330319493,0.4842835766394669,0.46588163444366515,0.09841199730207616
2013-11-21,0.8407966889955143,0.2470756090526796,0.5568758108311177,0.3631972642167915,0.04380630132932633
2013-11-22,0.8092785398468516,-0.30422830500960707,0.5089505264383568,0.415816040321282,0.08998055573228825
2013-11-25,0.8229078981680631,-0.04022155237415037,0.5068007036710989,0.13429433236691735,0.020732126895793047
2013-11-26,0.7802944011799895,-0.17788129312042647,0.4561062410973895,0.5179689729052424,0.06401661043956525
2013-11-27,0.7063079340856004,0.2886915622757004,0.5085271199416753,0.39093291392419444,0.048406553200006266
2013-11-29,0.7017011226748567,0.1803016730480975,0.5224617021876302,0.4367042719181701,0.06826557905177831
2013-12-02,0.7327057128354165,-0.0638588884407491,0.5125664558352597,0.42385498804837396,0.006843844687908407
2013-12-03,0.711329011661217,0.1957664084320826,0.5338558601565991,0.370127155096891,0.06981978072412931
2013-12-04,0.7304770046201701,0.003119014387588865,0.6183740520109563,0.30929551123044546,0.0076490034000194496
2013-12-05,0.7260873436743444,0.058220518400265646,0.5225595437075464,0.485842894448171,0.08393181546729996
2013-12-06,0.7119372102319759,-0.12267804059312504,0.4680349288803676,0.35987357944531156,0.04042823713139846
2013-12-09,0.7063883550665834,-0.4313914725712438,0.6050962531793225,0.5034201579191191,0.09452692928506888
2013-12-10,0.6927448962286606,0.21230534233726886,0.5375398040131718,0.22009033238862982,0.06200451658502124
2013-12-11,0.6707372727661334,0.26145499325313815,0.572287152135728,0.44645371434862935,0.08769661483630864
2013-12-12,0.7101366924040902,0.45036034326667607,0.5862601053467004,0.5256699886530793,0.025076315555105533
2013-12-13,0.7636044024859406,-0.3656439506066617,0.5040697962184314,0.43535626105726327,0.0015030757536985907
2013-12-16,0.7124297525736848,0.0974221876981454,0.49911702550998915,0.41374018267411516,0.06589522454368661
2013-12-17,0.7923474306314463,-0.2511254014283419,0.5244843865023548,0.3497592594885281,0.05570129833322281
2013-12-18,0.7703163065706885,0.3646488254280469,0.5046362379381498,0.29758014540158106,0.05501593116232761
2013-12-19,0.7480357081277391,-0.1477937668530282,0.5784046120186386,0.4355002355288292,0.055821553810002644
2013-12-20,0.7198936837806382,-0.12258978945624002,0.5465139518628445,0.5103707654281994,0.02140194143971602
2013-12-23,0.7387712551737744,-0.07747096448219419,0.5902725806722202,0.5245043189559342,0.03787324469412167
2013-12-24,0.7112228316174897,0.1272137924311529,0.6295640461330508,0.39541107893121924,0.027940286430941576
2013-12-26,0.7225205917395657,-0.2527676049497531,0.6356965452774687,0.3954277938222131,0.09803659638468121
2013-12-27,0.6635787527701009,0.2586037816590395,0.5422677125391007,0.5016794328495151,0.018147086565570437
2013-12-30,0.7371707240153172,-0.1112053342775151,0.5286063796301373,0.41539574989267886,0.07706919128731611
2013-12-31,0.600632352162898,-0.07629873779513341,0.5610989421152252,0.4492344570059599,0.08024336087106815
2014-01-02,0.7204191495771624,-0.04444553168726611,0.4468057867512845,0.34707026010955283,0.02177015422212654
2014-01-03,0.7723641721258581,-0.11012905651275846,0.5507276366468066,0.37951446093894303,0.04284444902704872
2014-01-06,0.6783606972606732,-0.06544487488902018,0.49832154998201034,0.47045387685556656,0.09336121611304726
2014-01-07,0.7235294434823509,0.620256476274564,0.5589324332215765,0.509529226469382,0.013974808479104062
2014-01-08,0.7987085607070127,-0.3070404538122026,0.5518529875153533,0.38922296390899624,0.05893786076040189
2014-01-09,0.7160621482000675,0.3103988529445507,0.5685524668372294,0.47395640860516114,0.0777587101963418
2014-01-10,0.7791764100394941,-0.05251589659460557,0.6378891197827915,0.3449890015049186,0.03698100751093843
2014-01-13,0.7388399108862864,0.20255373312328864,0.5879923566405872,0.5781684969711707,0.0867098771006174
2014-01-14,0.7626643625415126,-0.007326224087103612,0.5294478787412102,0.3711432690938512,0.055933034689463035
2014-01-15,0.6741866303264314,-0.24634655426962737,0.64476001057684,0.40890639236238907,0.06999374107800861
2014-01-16,0.6872032742640035,-0.1443348034669449,0.5936742467369729,0.5116621561933673,0.030632764265203172
2014-01-17,0.7910186903840739,0.12502390793266868,0.5753011834871556,0.4932865060174911,0.08993136794166803
2014-01-21,0.7521936302132419,-0.24710284559772822,0.607948024858228,0.41408657161894985,0.016395697390229592
2014-01-22,0.8375828193591999,-0.004567552274485419,0.5049517757358326,0.45131608185640837,0.08276691608730535
2014-01-23,0.7230404118904925,0.024588827726474048,0.6001005641866847,0.42074096832474084,0.058566821514553925
2014-01-24,0.7826044499113908,-0.01962662160379292,0.6819646072466841,0.5116858700737367,0.09377119420235562
2014-01-27,0.73566596051158,0.28787991922673034,0.5501205962998311,0.39225114520561355,0.09286990882570115
2014-01-28,0.7615213467505423,-0.0397523845821638,0.5775285421189646,0.3059676048493322,0.03849727767090705
2014-01-29,0.6725371048263751,-0.03312171483174169,0.5879708378533447,0.3008419377130491,0.02641883372749526
2014-01-30,0.6554337404543906,0.08498275451671142,0.5626564207277731,0.5409785215346288,0.015897149945501277
2014-01-31,0.7953874170961883,-0.1512694552864025,0.47554511122281234,0.27186727921454173,0.010296645725351706
2014-02-03,0.7241658827639501,0.18743420938387767,0.5707932504507448,0.31934687390276556,0.002083191981740473
2014-02-04,0.7521721368821925,-0.09875539808076786,0.5534523008197696,0.6574403270749722,0.07085694192096129
2014-02-05,0.749480992393703,-0.11879198710925898,0.5790155928031121,0.3809703095706828,0.09172338055702117
2014-02-06,0.8165982750939663,-0.04400777382394441,0.5987965150731785,0.444160375526673,0.07695344357785142
2014-02-07,0.7909795105257186,-0.0759615454455625,0.6051884968236148,0.38338373364195805,0.0450163764180968
2014-02-10,0.6947216084614083,-0.10283154714022918,0.540632275664052,0.4329990475556606,0.03427067647902038
2014-02-11,0.6879250425530814,0.10762780297614033,0.601837008732925,0.3134367124991934,0.032762574098586364
2014-02-12,0.783442034082329,0.14760268088766662,0.5878572996238839,0.44573010213798314,0.0019650412220757808
2014-02-13,0.8196745007763694,-0.051349566148621,0.5537108300223367,0.46499498654813115,0.05479529982718273
2014-02-14,0.7672759833384433,0.40159798296931043,0.6115361864795759,0.5091232388157507,0.052564001464962845
2014-02-18,0.6722471228002129,0.13344258715858223,0.5820235459586878,0.44724180421644333,0.02677837032344196
2014-02-19,0.6878793387046169,-0.2601511549219002,0.6242049866836727,0.2202732387477165,0.06901487711065382
2014-02-20,0.7368274816341369,-0.21624183929548424,0.5886577078102933,0.3416545398609091,0.08570006908245831
2014-02-21,0.7651663586272037,-0.003451032330791408,0.6364020635367381,0.4611429336964288,0.0049875714708648156
2014-02-24,0.7021963829490397,0.1401560138938433,0.6302015589553948,0.4039222976164119,0.019484959955494874
2014-02-25,0.8017202971216091,-0.03674966023817996,0.542288610082067,0.3391176694010789,0.025489121949938843
2014-02-26,0.7284262868567978,0.11241356543403475,0.5395244926076961,0.18052477771083042,0.029813494173319657
2014-02-27,0.655848103646303,0.049414509619083835,0.5830635910795927,0.429446541828779,0.01737833456568073
2014-02-28,0.6959258052756967,-0.06858894527006869,0.5924804324472238,0.45970766117599393,0.034746458334074325
2014-03-03,0.8168916788698501,-0.08796554509540037,0.6514354256750932,0.38641726006006527,0.011607809563002182
2014-03-04,0.7761403034334917,0.015142091005505804,0.6472674078610374,0.2898385119768908,0.06401432500619851
2014-03-05,0.7264213368005109,0.02631617109866089,0.5947488260643525,0.42020026037558955,0.08078549894576634
2014-03-06,0.8587344123322164,-0.11760469973055741,0.603355728376369,0.34976531416002243,0.06261007614443412
2014-03-07,0.790134337699099,-0.23504148444306405,0.6597102572587544,0.2371573820693034,0.07362078323008346
2014-03-10,0.7452612173618525,0.06104425881955669,0.593918293337634,0.4796518736936492,0.08326992468501554
2014-03-11,0.8189105853802442,-0.15057984275883068,0.6173006004163933,0.4331571279197948,0.06219830254916756
2014-03-12,0.676531201540037,0.09784565778274126,0.648213484122703,0.191188435549009,0.015495166174158548
2014-03-13,0.719098592448965,0.047828715421764395,0.6633381058489364,0.4231787769034755,0.07234613657531462
2014-03-14,0.6944129417594723,-0.046127756033835295,0.6433729302934712,0.30582112262459343,0.057313293548220706
2014-03-17,0.7356722074105208,0.444671435373874,0.629493669662541,0.42593153954380936,0.05207693524214955
2014-03-18,0.8049938782496471,-0.31437138129211983,0.5892545788922938,0.5264419103911596,0.0991773307054688
2014-03-19,0.77641916358261,0.013978845108634667,0.5511788182281262,0.44349826851992447,0.09935882229519061
2014-03-20,0.8053179755909422,0.09975872260708882,0.6331395830935315,0.2488294501648808,0.0678460268664781
2014-03-21,0.7372767535539924,0.10842053761130879,0.49957662120544777,0.4891070379748904,0.002666772062810019
2014-03-24,0.7637384908695072,-0.024572480106022074,0.759153550686456,0.5611671714601485,0.08692736371508564
2014-03-25,0.6751413580241711,-0.403459661870709,0.5150229944945666,0.3096254058035877,0.028082293035438077
2014-03-26,0.7006982296414597,-0.06694761287178738,0.7059283169540078,0.40370913621913573,0.0003374977233327803
2014-03-27,0.7482029332359298,0.0733318604603642,0.5851580401375022,0.45889208358030537,0.08625640626595123
2014-03-28,0.6324269570116429,0.2709902598649818,0.6282674963242882,0.31191444179412625,0.07446854188037404
2014-03-31,0.700412172687554,0.042823071463061385,0.5280409046738314,0.312585139586782,0.01845848616879845
2014-04-01,0.7887140900983975,-0.23094876815010146,0.6433927227016139,0.4623859827293644,0.0940849765936537
2014-04-02,0.7197448914658539,0.1313701730516392,0.6666227195550668,0.21474908419752775,0.08092226905661304
2014-04-03,0.846611984303312,0.002072018509284947,0.672913672405411,0.38718314439187695,0.08493511035792903
2014-04-04,0.7907844878082879,0.1443280447600022,0.6133445415382754,0.37148342095609166,0.022069205758579305
2014-04-07,0.7837333169412922,0.2683505873236686,0.5591857625606054,0.4810364552513473,0.05116575239802071
2014-04-08,0.7081038210587134,0.002907279515827142,0.556034670993966,0.4227049292261489,0.050165057718529305
2014-04-09,0.7863631383640961,-0.4919853530590391,0.604147592512888,0.4301845650879756,0.09473509239897857
2014-04-10,0.6929714049963068,0.05080146965536832,0.5418618896475794,0.39563419223184065,0.04321099658978178
2014-04-11,0.6504093436606118,-0.019652390250714604,0.568184008606426,0.43452920387736055,0.027628969024001138
2014-04-14,0.7358934913649786,-0.12946508138306373,0.5808171319595297,0.6278512962369005,0.05162354490193682
2014-04-15,0.6871841451219564,-0.07565831823630835,0.560837543471508,0.41050815400052165,0.0008878668204283958
2014-04-16,0.761828053912693,-0.0037274648238551987,0.5868691348359709,0.5117204230465999,0.048628341940736834
2014-04-17,0.823294671457716,0.2195865371890832,0.5200523607742968,0.34070155405200564,0.0002130583909549011
2014-04-21,0.6565260436916711,-0.2679593088204856,0.6226847374247761,0.3420504920883223,0.038325835545198944
2014-04-22,0.7102304288652448,-0.18918028370526926,0.5845766662325104,0.32259880387623424,0.07024477483448276
2014-04-23,0.8145873486457554,0.22986069783324714,0.5973948109616379,0.4334856290477378,0.06401287963936003
2014-04-24,0.6835925496881172,-0.0868332807852732,0.5447459940731989,0.3342322763288876,0.07195539241021452
2014-04-25,0.694774681979696,0.26332913238261363,0.5505905980778676,0.23603278759480326,0.09245489657892825
2014-04-28,0.7455794177741405,-0.00562126021903076,0.5718427862409597,0.3846744352078286,0.08602131758982702
2014-04-29,0.7982016885291168,-0.09344579489505268,0.6408185550410044,0.4408626793599988,0.06190852355598147
2014-04-30,0.7125070945394292,-0.1288389385027437,0.5799761982776883,0.342043874188489,0.06551802989186206
2014-05-01,0.7229899511881246,0.1867243219951783,0.5533474400641433,0.3080830467916334,0.06227223394084502
2014-05-02,0.754409211456658,-0.022900779123647297,0.6315213239124386,0.3766198611858119,0.009105928154792298
2014-05-05,0.775981502207467,0.13053364712927393,0.5301533365486194,0.276192211419583,0.006126881779820459
2014-05-06,0.7473255670869562,0.047443494872379505,0.5900295008714755,0.3959694103941045,0.016836947629548994
2014-05-07,0.7681675357408674,0.0825547491048309,0.6526876014545439,0.46919606866712227,0.06191192688694507
2014-05-08,0.7147419492221663,-0.1357577742754778,0.5732819099405444,0.38722767767484234,0.035461177700266765
2014-05-09,0.6727150975687304,0.00995004492521773,0.5751468435437618,0.33256919010773806,0.06857720774194957
2014-05-12,0.7103569019243711,0.1662938173434082,0.627696153608351,0.09757690715741946,0.08404540265471748
2014-05-13,0.6910363557800221,-0.18648842957676687,0.6961023636209935,0.45113945516032955,0.04619119110368535
2014-05-14,0.7205658863127161,0.1746610196593054,0.5874971262297228,0.39656685150757304,0.08368351906945075
2014-05-15,0.7287521469926449,0.06739845785919549,0.6580736652678397,0.1516270062423294,0.04901333421300113
2014-05-16,0.7991455482181962,0.04723626262351923,0.5811774807602692,0.5464580443742868,0.05947441550378613
2014-05-19,0.6479657647154855,-0.16525274807594165,0.5939629548409373,0.4503373500067652,0.030491673160835155
2014-05-20,0.6284789826363097,-0.1631352716022518,0.5888854910808776,0.38822286421581126,0.016061970248138303
2014-05-21,0.6606500176244612,-0.4861844995514828,0.6736233635517317,0.464957919222906,0.02087378146013116
2014-05-22,0.7477155852782605,-0.5109899990141684,0.5000359275902673,0.25929531092379754,0.05156719954171286
2014-05-23,0.7343299257889978,0.19282913159592285,0.6685511095856733,0.17503643092911536,0.09522717195684731
2014-05-27,0.7796698860718126,0.17666740706940387,0.55711744303602,0.39823454462738234,0.0571434320734029
2014-05-28,0.7514095861516811,0.2169907533123661,0.4834591396218558,0.5592163432769273,0.089070483122976
2014-05-29,0.829041293032518,-0.34331328286885215,0.635754968122438,0.33210407761037014,0.07824466132990258
2014-05-30,0.7912169643119359,0.10580408555417992,0.524245810792102,0.29844198113410075,0.028081697630355798
2014-06-02,0.7670011285108329,0.15258734183161493,0.6378241201769109,0.41194329620912573,0.02846944661782116
2014-06-03,0.7545762265959698,0.25942802068915766,0.583186212340792,0.4147720823125119,0.08792258200791703
2014-06-04,0.669716692883014,0.05337726404871426,0.6452661981062084,0.41143387810362286,0.08858172648829948
2014-06-05,0.7407116364559422,0.18081196242070174,0.5881144567868017,0.46750414782629823,0.003979090181332723
2014-06-06,0.786929199323261,-0.03433853684824078,0.5738368279931424,0.38747020538194626,0.014378629621823248
2014-06-09,0.7899032538193793,-0.016243508582240964,0.4533736745878243,0.3751184530569662,0.07041876607712104
2014-06-10,0.8082358996645483,-0.0045568368164018045,0.6317509270617235,0.5118009390542302,0.08873498589800241
2014-06-11,0.6673231193967555,-0.2527447607219732,0.5423131937034076,0.37101451059415647,0.05615928874077403
2014-06-12,0.7013258821463385,-0.17629341386254088,0.5710716007138762,0.4289021471688033,0.0963815338219428
2014-06-13,0.6863792089614484,0.24538609457137156,0.6071661211640398,0.32028008114178463,0.06644834903617554
2014-06-16,0.7673744703999162,-0.3404158104412172,0.6062921529353608,0.2685615140480989,0.059803504107540185
2014-06-17,0.6670349690417637,0.2220201225712094,0.508293879818866,0.4094649429299222,0.03067221794022952
2014-06-18,0.709346448497797,-0.005379759406473924,0.5518147164057926,0.4262959026068116,0.0013627648940986448
2014-06-19,0.7471358059536438,-0.2083762703622123,0.6062130929849132,0.3890109583215344,0.07976774866302702
2014-06-20,0.6837093936710857,-0.23525866035768003,0.6270680365337828,0.10267420086723583,0.08491162610454044
2014-06-23,0.7260956120768303,-0.1522935348148876,0.5531434502156228,0.6101473345767835,0.0542220181876952
2014-06-24,0.7741849601022579,-0.0013267817288832046,0.5227426958928408,0.5872506549271883,0.04463760667834354
2014-06-25,0.7229382709544115,0.1264464326426907,0.6237065716340698,0.3023015663844571,0.061603970263308674
2014-06-26,0.6983370878428167,-0.1391086700114214,0.591778309703361,0.44492364982539623,0.05685663338309582
2014-06-27,0.6723881055110199,0.12577587887388203,0.5445699774631257,0.19675419617786127,0.000669853773476814
2014-06-30,0.723502993201795,0.2314239553573914,0.5275365529965376,0.06957232729283269,0.008337365575896084
2014-07-01,0.7722363881633109,0.3510870234478719,0.5359020164646732,0.37669553296388675,0.08353950986620291
2014-07-02,0.7362108951465225,-0.3850911105462337,0.5503701908656248,0.415242521723173,0.04376926647728149
2014-07-03,0.7689750000635733,0.06037997559613281,0.5394318025064332,0.2602351852803453,0.005275682796425963
2014-07-07,0.735965829842937,0.08179682497850423,0.4266780813816645,0.3750853950704648,0.012461660375958661
2014-07-08,0.7245538209746514,0.3301575779595838,0.6016710604954579,0.36680203571249154,0.046635836549308224
2014-07-09,0.7597072673409023,0.01962550568560831,0.4717361971705166,0.553762435719664,0.08730934811150584
2014-07-10,0.700375922113925,-0.43718645105056847,0.6930983126691201,0.3818093755832381,0.09498646095384437
2014-07-11,0.7210086964049811,-0.4334349579159697,0.5732847327386462,0.38819004328206247,0.02314466573711369
2014-07-14,0.7247914631084561,0.10403552874051379,0.515272979522516,0.5276275367100705,0.03565870569472781
2014-07-15,0.6634056826540149,0.24987239202732836,0.6275340426439706,0.26036142352956493,0.07409954249745558
2014-07-16,0.7237235894559656,0.15077844602693524,0.6108733414369734,0.49214598941379506,0.02036316339757538
2014-07-17,0.786896103964546,-0.11507948267856279,0.5052945609773113,0.29838636905253,0.02082207622193415
2014-07-18,0.6723418019860284,0.5491066576414195,0.599025309203004,0.43256082371197907,0.033497388579258824
2014-07-21,0.8111754185122075,-0.4156235720287141,0.5692241176385103,0.32529108636255305,0.03200979252949522
2014-07-22,0.7661209689488435,0.07587609455120237,0.5055260018033152,0.2599404887521707,0.09865427513917543
2014-07-23,0.6583288866106748,-0.039978078068750894,0.56391683857197,0.20358886769330345,0.037550132177533946
2014-07-24,0.7010137249990429,0.10913240085139111,0.5057980673298598,0.30698834280643356,0.01813604645492368
2014-07-25,0.6531584548494498,0.07500125864330334,0.5276345370244504,0.507774095164297,0.023464052224913948
2014-07-28,0.7752981723044658,-0.1942978745030735,0.548897500418098,0.28929364101543387,0.033882048415044844
2014-07-29,0.8228549734282505,-0.10635094922523998,0.5053811544448226,0.37541190558409043,0.08855616364764429
2014-07-30,0.7340168947040061,0.08867647212657656,0.5164174709493631,0.5617161988701667,0.018491310559343287
2014-07-31,0.7217938532084036,0.027154504075415416,0.5141782588988191,0.56487681668622,0.014979545837413167
2014-08-01,0.6835966827685898,-0.058315928655402076,0.5234446451381863,0.28342884891372605,0.07257662331967926
2014-08-04,0.6686205036539477,0.012349491993965366,0.6381213175963849,0.32279297209197594,0.03499990005349024
2014-08-05,0.7377024221794433,0.39156754175591113,0.5182114038015231,0.4042368344127336,0.052633874341653425
2014-08-06,0.723911081738733,-0.2178990098193666,0.5570994357587593,0.35037189847192823,0.09140998048036925
2014-08-07,0.7346534759675688,0.48053972835425496,0.5050885691294039,0.41931229308847207,0.06121180683867264
2014-08-08,0.7730975831210749,-0.31640814541119866,0.5632226787731144,0.43998789257906423,0.06445756409286856
2014-08-11,0.8048875059131199,0.12224567014856909,0.4604118952918905,0.4243641960648911,0.05846314877884641
2014-08-12,0.6825613972337375,0.019735571871959193,0.5593768039667091,0.6199645465726726,0.004376485059474711
2014-08-13,0.7962762309168016,0.048724696889492505,0.5459634494698355,0.2596261005683468,0.018628176212383187
2014-08-14,0.7481112131271368,-0.27525168379679205,0.5034862128639677,0.5034960611095791,0.07192077788851495
2014-08-15,0.7178244976954866,0.2188491118808425,0.587069529609779,0.347762925696205,0.05401752429791096
2014-08-18,0.7326537121946597,-0.03423562257357874,0.49307754491429856,0.3181962697847785,0.007933773423736213
2014-08-19,0.6923160378741936,-0.07969188551890341,0.5716448962820825,0.350199944713404,0.03527299094850774
2014-08-20,0.8425330308657888,-0.14093202458935808,0.5315736860137945,0.29227961324202334,0.01999332380801956
2014-08-21,0.7264045018959179,-0.10477544290347213,0.44153324677448186,0.4016834029760296,0.055054042009760974
2014-08-22,0.7226472347543633,0.07950718090460815,0.5063186925375658,0.2167424897200505,0.0669925761178894
2014-08-25,0.7148846198717101,-0.13194507113505402,0.5401846747230357,0.29412697787469655,0.012977591148028988
2014-08-26,0.7771698878830086,-0.3538182104237372,0.5359816862136735,0.403367668885283,0.07337124769137242
2014-08-27,0.7963228359561291,-0.1177749410548042,0.4285216738628873,0.6774772177921049,0.01954366880308093
2014-08-28,0.7082745167267012,0.2565456054321021,0.41697383599914994,0.40858482568127796,0.04717798756269814
2014-08-29,0.6613322500340767,-0.065590809315818,0.5163215014244071,0.2323316623380614,0.0881451631201602
2014-09-02,0.7028749874171071,0.10955426742441927,0.5522976400173714,0.5221846581392793,0.08455556733066656
2014-09-03,0.815687478215262,-0.1549101802446986,0.5115675075804768,0.2954764105162405,0.08080004077489987
2014-09-04,0.6881835739628962,0.38455004122475284,0.5749163279758561,0.37239501961244237,0.035985865773292894
2014-09-05,0.7678104794484851,0.10521316209365057,0.42591611908236693,0.2812699638473887,0.09495084172550829
2014-09-08,0.859910876343755,-0.1721905421347614,0.45810473340040964,0.36650199698693736,0.06623721228284828
2014-09-09,0.7803107631942754,0.3736790271606547,0.5415989389436682,0.42552083435486865,0.019359933584767553
2014-09-10,0.7086155556606469,0.1746574937418762,0.4530532684869832,0.6844336863682412,0.06859657027106286
2014-09-11,0.7503132474297589,0.35956513634298803,0.466712418660807,0.38591843137931997,0.05911765216490317
2014-09-12,0.817899596857653,-0.15085673677767156,0.5033084840725474,0.5960404279599407,0.006443915104518272
2014-09-15,0.7432179924977625,0.015270197431160879,0.5060726164902114,0.3406622191934724,0.08119003984410957
2014-09-16,0.6836917248377129,0.24825436062444817,0.4808999573686692,0.3833079509988965,0.06294645009974045
2014-09-17,0.7293071944858451,-0.23021966777869451,0.4913342363266304,0.33965524874670766,0.05434754777176098
2014-09-18,0.7886255836342332,-0.025222301273857845,0.4721532501948592,0.39010325534214,0.0016290974248388658
2014-09-19,0.7181220504821695,-0.1159968470173825,0.566847561765514,0.6174860304847443,0.09628270254599164
2014-09-22,0.6567413392855235,-0.1382053935074508,0.5111227987733266,0.39318322039970144,0.08037841058993728
2014-09-23,0.7431905251994304,0.128950964590101,0.47509742012137035,0.33796826858124934,0.07050736030328372
2014-09-24,0.8430000963103906,-0.16754000303061842,0.448155196639453,0.42112856002757143,0.029192837300592356
2014-09-25,0.6859524055233271,0.13553978527328917,0.5435595836903034,0.48574409165712473,0.03919697757224477
2014-09-26,0.690372356715234,0.052074845330160206,0.4695062143286416,0.4272590776433374,0.05047933027551489
2014-09-29,0.7758260405286656,-0.16357098698868308,0.4995882199983157,0.45628487252746375,0.08716898737732225
2014-09-30,0.7293090650473233,-0.22867549474488624,0.4365051656742125,0.611149189114776,0.08874063084421
2014-10-01,0.6130659400447761,-0.13321153674090702,0.46311546217169075,0.38361672771234323,0.06584630007483151
2014-10-02,0.7398736743061547,0.03353382168525911,0.5117572543828635,0.10500884875386185,0.07553993195916862
2014-10-03,0.7143281360012339,-0.15818054327524228,0.5388533720497377,0.28974174781153006,0.05655645189786788
2014-10-06,0.7856014388545629,-0.09246017487373433,0.46766757451251356,0.3037430495854148,0.09844994594301064
2014-10-07,0.6584727251150789,-0.10719309844859713,0.5433140495211326,0.2618492778065057,0.06948928190196256
2014-10-08,0.6725614808193593,-0.1637449554209223,0.5086673019070638,0.46443405495544676,0.027425754024796967
2014-10-09,0.7440358889144097,0.19430027259199556,0.5926032178662421,0.3465145821964972,0.031403513226630375
2014-10-10,0.6979324218162157,-0.34146194188675,0.5076662119443685,0.4421755554018669,0.08101310543836354
2014-10-13,0.6749374998657688,-0.049904045739535524,0.47100441546288285,0.3741545153816319,0.06793191484656962
2014-10-14,0.7552429521610429,0.1709270569961685,0.4666691251772305,0.4055521731195313,0.028804295127703453
2014-10-15,0.773855284990123,0.1129477700906131,0.501722091770528,0.3997978406796268,0.08137725193119394
2014-10-16,0.7518909908488557,-0.21201305669465717,0.4708305606335551,0.47467730292276866,0.07323210165053767
2014-10-17,0.740552070180662,-0.41638511030064623,0.47081985244040114,0.4647510928032679,0.029775582598283192
2014-10-20,0.7386404069326754,0.210460844877165,0.4812908304257936,0.464229083855381,0.04498731454236683
2014-10-21,0.6870342626532756,0.24687061367941676,0.5107683938452952,0.4177434704744602,0.010215376190599769
2014-10-22,0.6584093164322959,0.1918033213173056,0.5648828292718406,0.443503354124854,0.05437470655663221
2014-10-23,0.7804360570505924,-0.05223207500482474,0.5674911996566518,0.6277858161713108,0.0330822512451975
2014-10-24,0.7114598290876837,-0.008228315559674544,0.5189938886552399,0.2938400704564704,0.07498651499045993
2014-10-27,0.7704431854320908,0.11190277205738464,0.4872806148600283,0.36408875907676685,0.0869068709286659
2014-10-28,0.8221469045049914,0.2126094910779886,0.5270509829329606,0.4923640448719458,0.0011882694746171542
2014-10-29,0.7941393673544678,0.16729865246777828,0.4712273524037712,0.29063579724826033,0.09860023484624973
2014-10-30,0.7396611587621745,-0.21409673520158645,0.5427651608477166,0.4666219303886814,0.05287947325068271
2014-10-31,0.7725348569731831,-0.1277129623830543,0.562506232426661,0.42432687049930895,0.07786518982312021
2014-11-03,0.5525818562040473,0.330356372864101,0.4143463598870698,0.3512512013312027,0.00867985037326735
2014-11-04,0.6310244652466338,0.08077409803505803,0.5682198124776334,0.3128633611951257,0.058412100560184234
2014-11-05,0.7603219869584801,0.22365313232830675,0.4457581986620136,0.3146763705609924,0.028671263512350623
2014-11-06,0.7743902742529811,0.1247325409741368,0.5896793048322784,0.3303996790610997,0.09457210038520315
2014-11-07,0.8140330830702811,-0.1008589403724223,0.4725614315787122,0.5517902946983279,0.0314232198285971
2014-11-10,0.780254485005837,-0.2475508794603623,0.4851898440683359,0.3844507670532519,0.013995459202379558
2014-11-11,0.6448574359875354,0.12806694365381344,0.5260531511675407,0.5003733303945981,0.012219683259449289
2014-11-12,0.6702006825389131,-0.018442103768217494,0.5376845665253771,0.4084450427381454,0.062075783967012944
2014-11-13,0.7310530923359896,0.0579637971244845,0.6006986259640705,0.3606859857726064,0.0945396885819266
2014-11-14,0.735644790312299,-0.3387331101019765,0.5866362012988365,0.4845504748774723,0.029492326593064555
2014-11-17,0.7252100776392169,0.4837584561789841,0.5699678649567754,0.4005226412997264,0.06369172694708478
2014-11-18,0.7841282040909966,0.19677584947225704,0.48018495476665296,0.4583758526688982,0.09005345840078066
2014-11-19,0.7056874326410574,0.11952990297632493,0.6051516740408218,0.4985170639149292,0.011802769294250781
2014-11-20,0.7650997812893513,-0.1703468909973742,0.5486435188148943,0.2995408689992797,0.058584557315479784
2014-11-21,0.7228740560071903,0.16072688350591013,0.42912680968005656,0.6106095814323451,0.029630282064658578
2014-11-24,0.6600111132678185,0.26788377439186906,0.5464972788599075,0.4297545629811229,0.034563875192312375
2014-11-25,0.7947155583791286,-0.19546279361194108,0.6263004343457466,0.4435915766193263,0.08093087388049332
2014-11-26,0.7437811620795519,0.12670549708253273,0.47610271090793377,0.4315053986055979,0.04274425522163784
2014-11-28,0.7434744295652943,-0.4858389075382612,0.4813205024202206,0.41119440347710406,0.07020166761525225
2014-12-01,0.7886135052296394,-0.1465723343784871,0.5396396449109017,0.4055271002226398,0.00766503650542667
2014-12-02,0.7440497134049071,0.6575249050052081,0.3771060509788212,0.3938490237117104,0.09311665781239059
2014-12-03,0.7736622571921832,-0.17949425500973035,0.5266167855716518,0.28063674635166963,0.08081263905757881
2014-12-04,0.6890105915193421,0.25291424233400533,0.4882038967525649,0.5415939490151758,0.05900415590422529
2014-12-05,0.7315969166849577,0.045682764420145267,0.5771860367060271,0.4882046193623987,0.06969380378792439
2014-12-08,0.6714132985855373,0.10846557228405046,0.4619438870505401,0.40001329251457257,0.013601496499798494
2014-12-09,0.7716835357725051,-0.45505897069234563,0.5204891780227192,0.4015007047551301,0.013497625957277949
2014-12-10,0.7603875545588712,-0.18354287182101042,0.5209247174306189,0.31302645753804476,0.01377199423005291
2014-12-11,0.7013212832311062,-0.09620563438277571,0.4914238397082602,0.4715487392890818,0.01768762979896924
2014-12-12,0.7788484599560356,0.2504958148241086,0.6125090196587308,0.4476689772058612,0.01132965183207284
2014-12-15,0.7214096283026499,-0.21384973301527235,0.5359777566065883,0.5070611434111256,0.044776273210875274
2014-12-16,0.7476392269124363,-0.08762758399483281,0.530384611024696,0.32130782153666826,0.030525273094943017
2014-12-17,0.6787225951952793,0.18402277383400953,0.4858104761112523,0.5223108096569994,0.07558379993856652
2014-12-18,0.8324582273652572,-0.2933335872351532,0.5014336527708335,0.3990185003321001,0.02284286413383938
2014-12-19,0.6825985017626335,-0.05877728535154212,0.5587433709978227,0.4004731212599758,0.06640835192317505
2014-12-22,0.6577475340952179,-0.10443870036107572,0.5403532697132056,0.3858658931367546,0.0668321003865916
2014-12-23,0.7053294982317401,-0.04774041792188037,0.5209318211333708,0.5931065371992219,0.053828184996638356
2014-12-24,0.7746698804116505,0.23268697536792635,0.6167562944343082,0.5182086011312218,0.07784698362840059
2014-12-26,0.7215790663497307,0.18425389000334463,0.5481104269644378,0.35584099553629267,0.01264893419224572
2014-12-29,0.7702481699207202,0.19162114992644225,0.5281520528423439,0.36324693342244013,0.03003717531196315
2014-12-30,0.7049788159367854,0.009371826816594521,0.5267240395833863,0.3545809325732088,0.09771972859742124
2014-12-31,0.6832201960457843,0.09046965884044587,0.5252067913333898,0.40486729431842117,0.06537666312338425
2015-01-02,0.7283569410339281,0.20051630741608323,0.4342398357157823,0.5023388129217824,0.022502587570159896
2015-01-05,0.7409567085101583,0.07757233948090753,0.5656174668074121,0.5626932124267515,0.05065664173568717
2015-01-06,0.7605059271432189,-0.24260936286055523,0.5418353000966413,0.2893070181253461,0.015150550183960488
2015-01-07,0.7064928357584394,-0.04045724146279343,0.5296105372983798,0.42446553263037795,0.07007154377097015
2015-01-08,0.7636517309292946,0.15646941456383298,0.5701558327229354,0.32164332029492354,0.022823360952136454
2015-01-09,0.7985712402834121,-0.047659033015842206,0.6079038939797662,0.3613177658404416,0.06674733516761396
2015-01-12,0.7081050602049763,-0.010734531032864205,0.5837397277302624,0.36537251027986,0.06380683412113734
2015-01-13,0.8538751081873406,-0.02638799273979363,0.5401211476572092,0.5699511444567376,0.06375217305357178
2015-01-14,0.7615518630958058,-0.41430547735791534,0.5715351241268964,0.4026078320538039,0.010594282489295781
2015-01-15,0.7101258380935276,-0.050389172644442315,0.5751900439858068,0.5707161144828985,0.06755284705968347
2015-01-16,0.7549810692056037,0.06500451575530775,0.6574534558138226,0.583219191931627,0.05030757806456896
2015-01-20,0.7532438067407514,-0.09749663931230212,0.5674336101118453,0.4058739907012298,0.09043807750177536
2015-01-21,0.7175640226844561,0.11784050354449899,0.516472184819619,0.30307426032199614,0.04272089903433623
2015-01-22,0.76937366199729,-0.11097287554159581,0.5116273250379972,0.662463446321981,0.0477362060395721
2015-01-23,0.7084656192295201,0.18229316007334867,0.5958319898420772,0.4233644882798977,0.055029592329677385
2015-01-26,0.7353761219725576,-0.1800101230560088,0.5207453688601004,0.46171829925889907,0.059623876964041006
2015-01-27,0.7877888688092549,-0.1789663292066776,0.5317933785807702,0.39762042083606514,0.044579775087531005
2015-01-28,0.7594480225525034,-0.5157061522121853,0.5713171492331088,0.49115601992725416,0.06611278120347036
2015-01-29,0.7181933809564952,-0.06613553045653024,0.5595922781853904,0.41788997288831103,0.08689512592381886
2015-01-30,0.7516874471947386,-0.20623553551388937,0.5336435769974319,0.29966474967488615,0.0813552406535253
2015-02-02,0.7851942451701728,0.1695013058288378,0.545129996198998,0.5256118128008119,0.09509103443262494
2015-02-03,0.7609616319163042,0.07758733634234143,0.5819700694889682,0.4500511387195931,0.05557381847838777
2015-02-04,0.7929244293839278,-0.12008346316535692,0.6011390788514923,0.2519942708595453,0.04172993728601089
2015-02-05,0.6641264226121273,0.05045267456588901,0.5843858816732261,0.4701029677052985,0.05615017300472774
2015-02-06,0.7308195541537298,-0.2357155599169175,0.5543372552162696,0.36938521226002113,0.09717826674601934
2015-02-09,0.8344944544834241,0.06874137025826178,0.7000406051427804,0.42137806352227564,0.06021253055375647
2015-02-10,0.7723251877934703,0.2816424605191175,0.6244673913702309,0.4532189433841515,0.04915769450891382
2015-02-11,0.7535077154407044,0.059658010749910464,0.5334468122539224,0.3990990639079848,0.06395399594287857
2015-02-12,0.7391630423865958,-0.1033528634266596,0.5282412841205344,0.3558839431931233,0.015906238333187283
2015-02-13,0.7905745821115471,-0.10034052577936595,0.5493018113538869,0.5180432623144866,0.009063883599782985
2015-02-17,0.7478674309037276,0.23405401979600293,0.5981282517980521,0.45890477295299487,0.04053690858481597
2015-02-18,0.727823628560779,0.13211195116290606,0.5736601384609694,0.4290677370713881,0.014747660450196277
2015-02-19,0.6279950015111746,0.3295496198264567,0.6634275555254465,0.48123671131036666,0.013207002324886676
2015-02-20,0.7396106069011532,-0.07993669312011699,0.5880256448122997,0.4131067161524544,0.08993226751751687
2015-02-23,0.7706408963652708,0.18071052572348317,0.623416467359572,0.27376187645547223,0.09802086948798319
2015-02-24,0.731339194741831,0.2816152339944968,0.5977082318563848,0.3780034854009933,0.05102980945966863
2015-02-25,0.7776323828510806,-0.24550337193786437,0.5068954549962894,0.40142627390749275,0.0027207066476317545
2015-02-26,0.7379178736104199,0.04208721689330536,0.565617018051466,0.42207055253367365,0.01176060832792162
2015-02-27,0.8148836928795574,-0.3329562647782718,0.5011258720741265,0.34790506517173403,0.0887946686938496
2015-03-02,0.7553668287752657,0.009319751958627257,0.6984026844422944,0.31564848031228565,0.030295306146834358
2015-03-03,0.6913163688082563,0.06342970841214915,0.6153743547567152,0.44467387154295657,0.08859576785799748
2015-03-04,0.7249070494350964,0.2128260504054874,0.6093792740534415,0.47630736294515097,0.054111961940419576
2015-03-05,0.7285127141805419,0.341512005508839,0.6602813214850697,0.2943650352524462,0.06020328105259394
2015-03-06,0.8019169182773996,-0.3966255457355652,0.6211527600090626,0.4108011153227868,0.02820158527409211
2015-03-09,0.7068526777924818,0.020139618175202427,0.5261833652825255,0.3522000556269369,0.014666530536627599
2015-03-10,0.7299594025905844,-0.07635429358881644,0.5862957288687927,0.44820327400047916,0.05549115839087942
2015-03-11,0.7773951114277132,0.11102072766710136,0.5151778165171734,0.3721301727831267,0.08678497329591359
2015-03-12,0.8123820054274051,0.19604288394035607,0.5697425230176091,0.5034374277531577,0.09059224303965185
2015-03-13,0.6950978743690709,0.09304139837149812,0.5911608609354563,0.5101108171914525,0.06145241989244515
2015-03-16,0.754509460645698,-0.27331019369710285,0.6075286450400524,0.4898941308444493,0.002167143940955707
2015-03-17,0.7089667012813148,-0.21569746327011693,0.6954514384980455,0.418785616570844,0.05281315197825821
2015-03-18,0.7380449713331874,-0.35919347502988935,0.6261442311524883,0.41481397208759774,0.09939923171490346
2015-03-19,0.7564197767395102,-0.08384350532603647,0.615625312468096,0.5287302916845549,0.030453408691769268
2015-03-20,0.772074049994543,-0.09549879390939656,0.5962516895190343,0.30576876525260377,0.016825542689675944
2015-03-23,0.7463066493892875,0.06401796232512692,0.6342874308891032,0.5323586641969865,0.09059020774875326
2015-03-24,0.763356080938366,-0.24831322789235977,0.6105783104370354,0.31250430436335547,0.043210939483210135
2015-03-25,0.6886787122940399,0.02696606057615838,0.5096792135468495,0.3458443386008616,0.08550277273994282
2015-03-26,0.8032820970723087,0.34470351828747514,0.6397521572247273,0.33605795929714266,0.029774260229662886
2015-03-27,0.6708591219329023,-0.20534597123604326,0.5977844241681608,0.4453218547439106,0.07161647924297994
2015-03-30,0.8256537258797776,-0.14564530616880592,0.6199045006274218,0.5116528146464541,0.08437963014974595
2015-03-31,0.6977679230439104,0.0896468777411113,0.5528768582778286,0.3651980574166485,0.03816411112112707
2015-04-01,0.7705817323987163,0.24421185471132004,0.5784196006522674,0.42611854333674504,0.054092869543731874
2015-04-02,0.7250129740488802,-0.11307395139938957,0.6507516143771778,0.4219291865791178,0.09796370782151254
2015-04-06,0.7303876351265117,0.07874651594014422,0.6263509999601904,0.33070634294511553,0.005189820525219591
2015-04-07,0.7323095115597387,0.45726505026765446,0.5772302530896803,0.390950615244372,0.09405581935108548
2015-04-08,0.8248108602398269,0.18489902766694843,0.5054374035691447,0.4621122082823862,0.0032103150140359027
2015-04-09,0.8359312215309017,0.06609010863460169,0.6526864020643067,0.43279440962829824,0.0861203648183501
2015-04-10,0.806036271448683,-0.16144109344352794,0.6787683515327045,0.4359097180498753,0.07403388038080842
2015-04-13,0.8299377146407457,-0.022468032009966298,0.6376599009411605,0.4963909381710044,0.08963996179068946
2015-04-14,0.7541599733588378,0.4847632456384166,0.6029538927793732,0.278892776604818,0.06618938248719325
2015-04-15,0.7174370436660503,0.059813240361190345,0.563723348678347,0.38923389407065967,0.0693572272914036
2015-04-16,0.802008248197879,-0.16914366594761981,0.5102899726643273,0.32736078175739536,0.031034175637216912
2015-04-17,0.8156080806348257,0.03423811453206121,0.5534581667575511,0.3602085516708605,0.09897358262680586
2015-04-20,0.7948615993606876,0.08084054075851317,0.5154403126283398,0.4083578410887104,0.05235950563161465
2015-04-21,0.6768049279843519,-0.026737134128625002,0.6353860191762138,0.5365946301392337,0.0725170114321917
2015-04-22,0.6967073007895397,0.23978266074003535,0.6658738282833038,0.37114556915960495,0.08392909310781409
2015-04-23,0.7547449510039433,0.05165750217583636,0.5858189135740094,0.43338641695389785,0.012773966955925488
2015-04-24,0.7342411828664255,-0.10119272816516184,0.603670837715838,0.3144896360079056,0.09503223375708486
2015-04-27,0.7524083285595932,-0.3413256105479051,0.5526105173574344,0.4116855737106679,0.04497569697274981
2015-04-28,0.7823157611249487,0.19080321330601893,0.5652925211451285,0.36868250842443406,0.06761571655835741
2015-04-29,0.6837064665780948,0.45120303176568105,0.5758237643325105,0.3158401947753157,0.031194010669914896
2015-04-30,0.7085703474271848,-0.2823103051555333,0.645971059457999,0.467257323521298,0.09021939919604108
2015-05-01,0.7473691681106127,0.09320865527024097,0.5943539910019707,0.420011765741236,0.00838133208567452
2015-05-04,0.7775411897655645,-0.6003863146348555,0.6425851973005238,0.43932938679773414,0.01165938022505082
2015-05-05,0.6882356634745147,0.19135192202304876,0.48668895808845924,0.3761703930218394,0.0096243602432306
2015-05-06,0.7833381004678425,-0.049125478476636536,0.48269906255969,0.27273638864162386,0.09055960735266216
2015-05-07,0.8616528323185664,0.11764587410384453,0.5645038051610057,0.5072859254759383,0.01956812362139848
2015-05-08,0.7015575754619452,-0.05776915259368426,0.5770349583369786,0.4423784735633373,0.038053082440602105
2015-05-11,0.7829853901797657,-0.0500186616954037,0.5537020599448738,0.5298315182141429,0.038117464592556216
2015-05-12,0.7806415017258126,-0.271329599959851,0.659066168911264,0.5849711949510573,0.023533500455544188
2015-05-13,0.8040965968924562,0.3530628461505368,0.564423829666469,0.3421714662854377,0.061419950232906195
2015-05-14,0.7820214611356371,-0.030729862767842377,0.6685876413349231,0.3513517782232644,0.011486110422037954
2015-05-15,0.8235236303024346,0.05933940171301651,0.5806682569962609,0.18698605246456054,0.012393458986428763
2015-05-18,0.8526390650344818,0.021109128630238255,0.574838847775702,0.20807442327067227,0.033066770184238405
2015-05-19,0.7374966599973511,0.2223434700044952,0.6567920829842612,0.349383474500614,0.08182390971422768
2015-05-20,0.7286743184560871,0.1982174460717747,0.5598269899660447,0.5606262070787016,0.09386159003542376
2015-05-21,0.868599147533905,0.0949803694665875,0.5906945301349903,0.2951046742784111,0.07158863070101255
2015-05-22,0.8071404437861819,0.056981909896680276,0.5474249904136423,0.26993207264255853,0.04587497013477948
2015-05-26,0.7646209133772693,-0.0959502194195006,0.5527435830926857,0.4787766121375317,0.0850936862423704
2015-05-27,0.7973798498235336,0.030817206346143274,0.5394433907692767,0.47983461728813737,0.024571071812653025
2015-05-28,0.7334692213662763,-0.06634180617947236,0.4589912790936937,0.4455302846323455,0.0005818096561080344
2015-05-29,0.8914969206625344,-0.2897645319615963,0.6357293578722486,0.5293723289391664,0.06419292840666378
2015-06-01,0.7480119813803089,-0.30332059570543624,0.5398831612804292,0.4924496280611843,0.028038229008515415
2015-06-02,0.7116903040604715,0.1912716870294804,0.541555933657455,0.4924074536713655,0.05316876853943751
2015-06-03,0.7139562612888112,0.021911782544912096,0.6499940640130083,0.4630110559529751,0.06754538623556806
2015-06-04,0.7533161935355384,-0.27663436835711713,0.7490068466824661,0.35397161503961966,0.051457010590673126
2015-06-05,0.7247164194251973,0.0913641732854421,0.5348276262392094,0.3547703521061262,0.013201599648025487
2015-06-08,0.748916297974829,-0.1276141599716553,0.5749285298319592,0.2859300941702244,0.07919588069590494
2015-06-09,0.7671716600433344,-0.0043400100427881,0.6537735454669258,0.30843318307521383,0.03905968326021673
2015-06-10,0.7375890030731201,0.019876826284984373,0.5289276263684248,0.41439672699805014,0.05312071398925098
2015-06-11,0.653018025548353,0.3883232518545423,0.5375877252415449,0.5427688897992475,0.020694927869364412
2015-06-12,0.7701193296772828,-0.19479210617429335,0.6229856723668432,0.35506025327399626,0.07433537323392533
2015-06-15,0.8050708782346953,0.10920463670844244,0.5415201946205673,0.40340184972956966,0.019039836775813036
2015-06-16,0.6235524779934494,-0.14837773037043853,0.6041041249498837,0.30664310701105935,0.04375613034824349
2015-06-17,0.7621660335056244,0.07220814739304247,0.6017544493166965,0.4215783277778482,0.044556675921222734
2015-06-18,0.7506670363863303,-0.16821155338346724,0.5453573911909317,0.5380616893799106,0.03261424500048223
2015-06-19,0.7581400287416054,-0.07810797877421577,0.5682443047304359,0.45136306929465375,0.09450770631719269
2015-06-22,0.7500048951664852,-0.013954011495624127,0.5147102275847353,0.2869080512045865,0.012271189060018962
2015-06-23,0.7780481470385059,-0.03824122870114697,0.5883834569712182,0.3736034767589941,0.08430506777805113
2015-06-24,0.6721735086427952,0.1944495713898059,0.5602700367393272,0.39910605155630796,0.0008522235018426417
2015-06-25,0.7117185820870516,0.0058447588046144135,0.4995444963323775,0.5272880858873369,0.0763305383022303
2015-06-26,0.7253506498750227,-0.011493393225523743,0.480952780651999,0.14533144829529732,0.0907151461637788
2015-06-29,0.7041354626828884,0.06651413799431365,0.5792893971144525,0.3836098494509072,0.020736731059560334
2015-06-30,0.7473653388460729,-0.03255711256112378,0.47989401234427187,0.29928697787318054,0.048423795931564
2015-07-01,0.7108223003155869,-0.25202576612933475,0.5049351581688647,0.5909153905930785,0.06052321785797067
2015-07-02,0.7852988116816735,-0.251480100065885,0.549850925533109,0.422153819196406,0.04838532374966943
2015-07-06,0.7913690246504511,0.23529843544818846,0.5759075903715974,0.5225652151456455,0.0005321908548339583
2015-07-07,0.7668416002945284,0.1963198273840799,0.5655803527084492,0.29869908095017816,0.08082181759232118
2015-07-08,0.7573438092001792,0.055488108551687246,0.6153921837655136,0.45288980271743506,0.040137131235481405
2015-07-09,0.6666038770661724,-0.05906880232865175,0.5110526561438292,0.3961726659151736,0.045244071461581936
2015-07-10,0.7007511313490743,0.09146157635338018,0.5751851629175666,0.49436605557132374,0.06519924743828187
2015-07-13,0.7928071703541446,-0.17786993401440473,0.535193344390332,0.34188917321001583,0.0979201907610745
2015-07-14,0.7873960795683514,-0.0568664623782294,0.6262495830239279,0.4272747093110733,0.07211531538422074
2015-07-15,0.8211896241701242,0.16345555315308494,0.596640757076502,0.28157530176571594,0.029700690380023233
2015-07-16,0.6811696841314931,0.15348493351548276,0.5071169595857261,0.2290555031914471,0.016022813473603372
2015-07-17,0.7944286352717863,-0.12755592511564784,0.5158195078050801,0.2121029935539496,0.0046346988465717056
2015-07-20,0.7933845972165167,0.006709335020166067,0.5564650155945954,0.367356842959873,0.015981376775955836
2015-07-21,0.7383263069653748,-0.15165021500456066,0.5513744491858662,0.12681107545947773,0.0031176956732072328
2015-07-22,0.7832633738503607,-0.04158977053258838,0.5131952292555008,0.43131411268731934,0.05525549540634912
2015-07-23,0.7259761275675014,-0.06977539587090202,0.5954251712808565,0.3704833799601709,0.022083634606419544
2015-07-24,0.7550106921033423,-0.050358210490088574,0.5687230177403201,0.5067005600183293,0.05538965863572969
2015-07-27,0.6644230800938651,0.14425863325476948,0.5327001899646828,0.39950990164510636,0.09312186654670136
2015-07-28,0.6910944887403153,0.08370770974307126,0.49719257969492897,0.29467731966894983,0.01153774111295396
2015-07-29,0.7448212557321227,0.13362543849065842,0.4423464939085431,0.2963881295909489,0.05981030396920674
2015-07-30,0.76151458472547,-0.09120453754097813,0.5048364999320125,0.494910694294656,0.07347036501454793
2015-07-31,0.7098180096949687,0.2122157572295152,0.5328941338484907,0.36975704245432284,0.014737519586494574
2015-08-03,0.838781639722797,0.04636383809608011,0.5569619196566274,0.4457776299938587,0.07695917153171807
2015-08-04,0.6489931082633053,0.14964396899422103,0.4486546705320403,0.5434880207182162,0.058371514948139074
2015-08-05,0.675896498699004,0.30007946862358953,0.5858487166780334,0.4419781566861645,0.07079029544493269
2015-08-06,0.7571711218714978,-0.02225032978790642,0.5578999730713349,0.31665494950488027,0.05164699763375499
2015-08-07,0.6963003321931724,-0.022174412940347003,0.4874530954536743,0.4207693328216466,0.06366999362024565
2015-08-10,0.8141302206795532,-0.20751915771752483,0.4986511705669756,0.5370912914459847,0.07493240177632964
2015-08-11,0.6570016209027715,0.1225999851849748,0.4328331024202338,0.30601770068575423,0.0770174981698576
2015-08-12,0.7904125668297631,-0.09732267494825088,0.5710320699391579,0.33409492836243065,0.0086096620466387
2015-08-13,0.7239079574022599,-0.2995617926051963,0.5291345511516424,0.42686302839130397,0.08490537700818598
2015-08-14,0.637358378543842,0.2779935127320583,0.5709475236982627,0.16441761009470457,0.0617697319001681
2015-08-17,0.7977904407556734,0.4530208837928327,0.5538792601153825,0.43836338653125817,0.05554748181355621
2015-08-18,0.7841110364173803,0.046857695195196426,0.5238822997305553,0.28003311949310944,0.055109149454152684
2015-08-19,0.8105146484470557,-0.4185522337252848,0.4413709665936242,0.37459979751459616,0.014969484409801816
2015-08-20,0.7407887148467636,-0.13153625637713803,0.5399485949375458,0.26623178900006145,0.033453731552592035
2015-08-21,0.7035161045444526,0.21141658829752177,0.5996703736868623,0.5600375476307436,0.06585536769736577
2015-08-24,0.7680177597933281,-0.03142756602424398,0.5163112643789696,0.40110520053393706,0.09975385511794153
2015-08-25,0.7847286772808023,-0.4039176947670183,0.5830907140784026,0.4133577540778901,0.09270991581747867
2015-08-26,0.6818314170683176,-0.2552311965203717,0.5552780470909924,0.6496452820912444,0.029367664891687642
2015-08-27,0.7426089999563591,0.02158021478403137,0.4627768090894967,0.3651136242645987,0.09681418908067452
2015-08-28,0.6657963977323248,-0.014712208489175094,0.48025415317554954,0.4334409048328527,0.005055099931053242
2015-08-31,0.6824688856879817,-0.03520944468180809,0.48195590468068683,0.17282576255931872,0.07773763707991455
2015-09-01,0.749164869401056,0.282616737566104,0.4638374630743435,0.2529557690607602,0.013570554670461943
2015-09-02,0.8142702953901245,0.15051779628113998,0.46167622491950644,0.3830529779405537,0.06764624732089582
2015-09-03,0.7271484817362424,0.077283312449893,0.4974970993660408,0.45432906971075443,0.06754701031656289
2015-09-04,0.7822321025765386,-0.10418624627637046,0.4124436306945435,0.3647178939449156,0.049713626357505675
2015-09-08,0.7827173755347444,-0.29782476110069006,0.5884939090214415,0.5252547014392879,0.08204081278992642
2015-09-09,0.730466434263169,-0.078849855885149,0.5325256811909472,0.473010755773115,0.05308544402655985
2015-09-10,0.8010573798094931,-0.12107108444801001,0.4671925910530133,0.2205613742281879,0.03545352748490262
2015-09-11,0.8451808253813685,-0.2750765024240225,0.4691526361468265,0.5280503691137788,0.08793842758217127
2015-09-14,0.7840101422179871,0.27970985523739744,0.40932301276877325,0.4569448999180573,0.05514422744411377
2015-09-15,0.6855222489005982,-0.13317616749110248,0.46641681600372487,0.41631859035864993,0.0903128833406161
2015-09-16,0.7276180214188369,0.05267763487683015,0.5129478433912334,0.29177025884249774,0.09120900622769552
2015-09-17,0.709192914938506,-0.49072914224999087,0.5341700397677613,0.46302658450880063,0.0560429197540711
2015-09-18,0.7167108865147155,0.31759057562450527,0.5688667953576647,0.35551599178106197,0.08093581635040561
2015-09-21,0.6909486964791398,0.09101431211453798,0.45239567388287233,0.4127332104708081,0.0370765206179422
2015-09-22,0.8032026562603695,0.21842034575197716,0.5144713552362101,0.2554247935515289,0.03120558684408724
2015-09-23,0.751510324835702,-0.24937527701738965,0.6110713216539496,0.42387975277533535,0.0017203305393884262
2015-09-24,0.832498949023753,0.03652720627207169,0.5369223147483329,0.21154000428024156,0.007986008051729698
2015-09-25,0.7955609718647682,0.20266002321863144,0.4103466938287742,0.22829906347019469,0.015569344466115222
2015-09-28,0.729290840903715,0.07960952176923217,0.4319391414792843,0.48482690533117234,0.03791039652660375
2015-09-29,0.699605016316494,0.011093590026585371,0.541059127363322,0.37112079554411237,0.09502140769464695
2015-09-30,0.8037597064754369,0.12186192574257665,0.4855675773314279,0.3521379033436239,0.04896506433503647
2015-10-01,0.7842408808569739,0.42019003735188937,0.622666349841026,0.5534508739380218,0.0731629276585604
2015-10-02,0.7139141850075869,0.21283883222891517,0.5270206563920287,0.23018285137238478,0.04395327327046533
2015-10-05,0.6951154647324805,0.13423757312902626,0.48638597598429806,0.6215701636494325,0.08459510645707286
2015-10-06,0.7290544946881204,0.031500521127565684,0.4267341303568955,0.3970532854607927,0.07412289574516273
2015-10-07,0.6817855743463033,0.028314938169946225,0.37489792831302315,0.48165638109204995,0.010108090480142174
2015-10-08,0.7976358449981132,0.08443586998942976,0.5698666603337466,0.5428030444702308,0.02268257855297531
2015-10-09,0.7799074223076591,0.005234558275969431,0.5668846229514213,0.4235219186869908,0.029281476100860727
2015-10-12,0.79544607315597,-0.005758724717849898,0.45134523644207764,0.4834644921504475,0.09006971794031439
2015-10-13,0.7315912944072748,-0.10473442191196224,0.5485984919110688,0.39962711771462545,0.014864310097522893
2015-10-14,0.824890011694777,-0.02052096288032984,0.585433365283432,0.40391301049924166,0.020273493350181228
2015-10-15,0.8146674055256236,0.025613926539987265,0.48039801317090025,0.5157508382068865,0.01858441835179139
2015-10-16,0.7034834803038967,0.22280347608591133,0.47617876287753313,0.3352387882538824,0.09711144067869878
2015-10-19,0.764280646691382,0.005302298725629232,0.5240771688571582,0.3093084633967389,0.09664169731186528
2015-10-20,0.7414841656604592,-0.15594067140224846,0.4977494192553613,0.4510392012562383,0.05721415625106218
2015-10-21,0.7474471698595738,-0.3243254885693825,0.4798644381321646,0.29594929365589023,0.06790165246386871
2015-10-22,0.7151438215658411,-0.20210104167299936,0.5232597394612062,0.4771747949368105,0.05322806476795921
2015-10-23,0.7976597025442155,0.17220826433691777,0.49182158943670845,0.40115941149636297,0.023484178803346658
2015-10-26,0.7655156363064713,0.038842657027995255,0.453650531488615,0.32775784017591253,0.0017025971207811686
2015-10-27,0.8635258408982706,0.11510081110563862,0.43149285061071174,0.46224102716196175,0.04088293137314163
2015-10-28,0.7607355969014635,0.34366538191918694,0.44352558173911494,0.48601154105153055,0.016847756853046927
2015-10-29,0.7914133239465413,0.0011250569018891128,0.5002938580660162,0.2797192810938261,0.013858306464208436
2015-10-30,0.7948079577378278,0.11806572325370815,0.49171997830053804,0.3937012644263498,0.09155897087087117
2015-11-02,0.7735642404564679,0.053821685443588264,0.5551804799811876,0.3826837924798311,0.05271144807479936
2015-11-03,0.8198130550668906,0.3342161313639131,0.4339490503044802,0.5635446471625717,0.04056754643132145
2015-11-04,0.7314582937128519,-0.023407033614290265,0.5848204762559618,0.34261745614298256,0.0986526493621593
2015-11-05,0.7564948438600105,-0.1984280755996104,0.4996094433137565,0.29693298842478816,0.08701530428040814
2015-11-06,0.7410373433481043,0.20844972213231286,0.44821107030350127,0.49279370876122963,0.058678116834215435
2015-11-09,0.7779179330678666,-0.23007130120992458,0.4751822381095905,0.3757858034273575,0.055431519427959465
2015-11-10,0.8026044703775098,-0.023702438189741534,0.3584969184296344,0.13629764934637206,0.0840548926842287
2015-11-11,0.8092749063207545,0.0035141488959432665,0.6026405424589397,0.4875257928177424,0.09868571123324683
2015-11-12,0.7057128653893548,0.44051925250517804,0.534939713830281,0.439012872733027,0.001978662121378816
2015-11-13,0.8004541141168451,0.3053436151221194,0.5345326802066931,0.35551060782344596,0.07759956550890239
2015-11-16,0.7129009269067657,-0.13014087545845354,0.5864210000762395,0.39568274119291375,0.02095263917123985
2015-11-17,0.5930597319064788,0.10131490212688388,0.5310442367836052,0.3731252682674282,0.058673967127797017
2015-11-18,0.7505520276510322,0.2094717209178795,0.4710797451009229,0.5600589698987959,0.02711915886694658
2015-11-19,0.7618247747032801,0.08761569760807573,0.5146540350710848,0.3373471342520955,0.0321092004265916
2015-11-20,0.8440209779300983,0.060301051110715376,0.4518285121764458,0.4083796673548287,0.06910563996958977
2015-11-23,0.7570558355379244,0.20286404343311892,0.5921973111629619,0.426256870441487,0.020840158933073272
2015-11-24,0.7962520738057597,-0.1863905389972098,0.5457862500997199,0.44682703874566154,0.010056812087841194
2015-11-25,0.7673022214014877,-0.0768303702897843,0.5240268458745039,0.30963705703893196,0.011034930690666989
2015-11-27,0.7259901028426262,0.08187798106727337,0.5432920078023292,0.39453181612038457,0.06962631721040054
2015-11-30,0.7218542304940128,-0.03890153624734191,0.5543852098414048,0.4297375388689574,0.06719125305341543
2015-12-01,0.6861045650087219,0.07369378122826431,0.6080639319351809,0.45111967750391013,0.08573226800861275
2015-12-02,0.7114505988462836,0.19481508385025162,0.47013135788293003,0.17602100392238162,0.02945931866549678
2015-12-03,0.6970542608612051,0.18089408698852688,0.6157386603094835,0.4637121285576304,0.030541648621917696
2015-12-04,0.7640461895459436,0.011849940869614849,0.4793564489655668,0.3904104782545501,0.016758958638999833
2015-12-07,0.7483585457656438,0.11368111423341098,0.514313578739117,0.16938429984826564,0.05782208744310388
2015-12-08,0.7546107668776251,-0.11106746909204837,0.41861409937744315,0.2579932706998145,0.032948461238016445
2015-12-09,0.7312468856055506,0.0077941134676941986,0.5526838181832129,0.3262842894582933,0.02275566744176265
2015-12-10,0.7351973170102648,0.1272974969763892,0.5355334436818396,0.5148686727878176,0.06830390079567854
2015-12-11,0.8118644265277516,-0.013210126341533335,0.48200208090827124,0.3578627647336121,0.04317460142588506
2015-12-14,0.7611681007983777,0.09658793932405907,0.5669421225224692,0.3876588205341752,0.05681168283945699
2015-12-15,0.7876041579739831,0.13734246976652828,0.5141043369144179,0.38759420260046484,0.06685120315261418
2015-12-16,0.7745123505831133,0.10793183953509325,0.5651183163826047,0.5134766587145296,0.07674156339761347
2015-12-17,0.8020459352667155,-0.4423791329221045,0.5625121784213867,0.4319855142927095,0.08903499064044722
2015-12-18,0.8260197587385741,0.2643936075071111,0.49037081454035814,0.37363047246939046,0.00562334638827291
2015-12-21,0.7877914049185777,-0.2793091740657946,0.5735079417130703,0.41424873756069386,0.04554793892614023
2015-12-22,0.7866816676090626,-0.14451246480393998,0.43896937026493776,0.5121542779873685,0.04862596060921214
2015-12-23,0.7286951228892747,0.15185373867568022,0.5549165921013873,0.5083612197177093,0.04760999132709512
2015-12-24,0.7770802802840012,0.2071009867771347,0.513475501915265,0.2663163624960476,0.06201928433163889
2015-12-28,0.7990051358772527,0.06459809042770624,0.4426970998637412,0.4744202922882533,0.013567549869464991
2015-12-29,0.7324241374937632,0.1616082519434422,0.583897084137562,0.43525421395538544,0.029659575843904884
2015-12-30,0.6880234826338383,0.13530829433084068,0.5046686084965812,0.4409426599075993,0.08073107966860887
2015-12-31,0.7771256355257681,-0.034899663259892716,0.5316405415585398,0.49557620906300426,0.08701487661818441
2016-01-04,0.7738159893861519,-0.12628287593626905,0.5597872705819663,0.44654261741424167,0.06391787313813652
2016-01-05,0.7519186848894762,0.10915301335064853,0.48788068258153067,0.24140805566974385,0.038243528330743584
2016-01-06,0.8818524999821161,0.2052499941627035,0.5994776294162063,0.4521758226032415,0.07862623376090733
2016-01-07,0.7355905606995261,0.09502861408109198,0.5774427011713134,0.4942780924852295,0.010704389761140565
2016-01-08,0.7184044263928713,-0.23089877589852892,0.5558452142161848,0.6097569606528512,0.08293100624327343
2016-01-11,0.7110974800699119,-0.2814945350433819,0.5747015685008023,0.3048742320752653,0.036079345431293784
2016-01-12,0.7109868760882839,0.0003913304416404521,0.6255428170298215,0.5872804434910746,0.07173473967985493
2016-01-13,0.7702892297120877,-0.2132749923697729,0.5235372830779581,0.4054983320645979,0.07001477338850498
2016-01-14,0.7465807915514261,-0.2912749486673187,0.6377725745583257,0.4642836785930872,0.0768851214567663
2016-01-15,0.6936862605422509,-0.1571972967453924,0.4650665566102575,0.2565513589177181,0.04447328241314657
2016-01-19,0.8371885738286833,0.10969571397633585,0.5158114062764916,0.31997894908570146,0.029510981847428865
2016-01-20,0.7452467316398883,-0.21608815447099972,0.566179424845035,0.5332400815389544,0.06270923771827813
2016-01-21,0.8284365704422397,0.4240668264890124,0.4850134720717457,0.40163707183158187,0.09341917875581779
2016-01-22,0.7209025976046216,0.3242857535673452,0.6264731425247747,0.3094575070086536,0.0897631283022554
2016-01-25,0.8062374317461495,0.018150340990559358,0.6587141296865282,0.5142060255656127,0.012963088480656405
2016-01-26,0.823912996822268,-0.2079822262720369,0.5715291608915987,0.3499754825020954,0.026160069864666492
2016-01-27,0.781894465500195,-0.3188775096365396,0.6612157768753147,0.35410307923627604,0.06372536333278776
2016-01-28,0.7487324221612035,0.1770179019980334,0.6082566683153995,0.411989185760897,0.0837349638507063
2016-01-29,0.7945977846366639,0.03356601835943894,0.5207687051018974,0.409443795109343,0.07947722065151691
2016-02-01,0.6898430753163443,0.18912889119318005,0.5633891399585972,0.5109051518066224,0.0052615195954665355
2016-02-02,0.7618730538189634,0.04863539863200791,0.6105004547535099,0.47423141646627515,0.0071537104111932155
2016-02-03,0.7176255137408226,0.0839579845983297,0.6045106181189357,0.4047787023904177,0.029420697759231708
2016-02-04,0.8314979193991585,-0.08405421555968794,0.5586024985510497,0.28138799081910765,0.038633016588540695
2016-02-05,0.7301956590431626,0.08554914899815866,0.6628561819014622,0.3516036101242262,0.015703493232546807
2016-02-08,0.6636821780529015,0.21405625995465227,0.5611952688241366,0.5190936741917153,0.015064768662229666
2016-02-09,0.7180749596200409,-0.4645838837742801,0.5750142077007746,0.5025387014664643,0.04155183040361025
2016-02-10,0.6861285736249675,0.10289536638021607,0.4845271917027271,0.20927653040038763,0.048608342629962414
2016-02-11,0.7453318191728594,0.30571198497567,0.4993280249476374,0.40925606824799265,0.09079466634701051
2016-02-12,0.7266465403611851,0.15693654697245524,0.5391356284190536,0.35939116921151315,0.07269791506919025
2016-02-16,0.7216647824730006,0.07761736613185957,0.5479965509768093,0.40869994708565116,0.04860062011401767
2016-02-17,0.7290550337395292,-0.2219235930875607,0.5522018087205318,0.39642115302176645,0.05534694656593378
2016-02-18,0.7309235867268846,0.10668767905341013,0.5595599722773721,0.4291272697350774,0.06273194031376043
2016-02-19,0.7454133478247472,0.17827289660405543,0.5309614034430328,0.5213864586690421,0.07592466211644178
2016-02-22,0.7287411204358415,0.08290066704400118,0.67763676018553,0.30677280911384275,0.04031733173641469
2016-02-23,0.6740864855580264,-0.03321274190039688,0.6128852797634081,0.36746175768054135,0.08689095095022813
2016-02-24,0.786214023629764,0.012111420806386127,0.6195137836128001,0.47600973158250326,0.05233164714359047
2016-02-25,0.687474064832643,-0.0015340116182259945,0.5223634656396686,0.4018252939938101,0.053837618046743745
2016-02-26,0.8296531866478183,0.16739355840024206,0.5364126061897573,0.2499832392279791,0.025417220353415773
2016-02-29,0.7988394568267713,0.017464974078180557,0.4746059750348094,0.3678696212105073,0.005322724383636635
2016-03-01,0.8311879686582302,0.3860153960533552,0.626237795970938,0.290081958773681,0.02699478704021844
2016-03-02,0.7209577575869016,0.007293986134888066,0.6333136667395439,0.26316024020593265,0.07932071527556384
2016-03-03,0.7721266914882575,0.15524645464417455,0.6283665663398145,0.43248103026140483,0.09914844861220437
2016-03-04,0.7569321636968525,0.0029473100225398774,0.61210312135711,0.46641252631721847,0.06541885379190993
2016-03-07,0.7144641469532163,-0.3808132649281492,0.6350835346127968,0.35744287003782926,0.05643456735048681
2016-03-08,0.7221685414367598,-0.23729877526858562,0.5947191866130694,0.30745527432339714,0.04998955063983262
2016-03-09,0.7920329269101548,-0.17819701173968083,0.5748142290086934,0.3713979558257393,0.039591091658985667
2016-03-10,0.8161720158273535,0.03569027777851473,0.6487109014745172,0.5082892777168121,0.07741082993379042
2016-03-11,0.7480115986672816,0.09538307026820214,0.6220761147640331,0.3673269164550558,0.014617911690524898
2016-03-14,0.751457509276521,0.056777008595269574,0.5980772299707717,0.6493906237830779,0.06723647875701864
2016-03-15,0.820828312191977,-0.15631978443829408,0.564986683580928,0.3222766649755745,0.005153790177208773
2016-03-16,0.7623484171621108,-0.1999049423279775,0.5358802629177833,0.39386799135059014,0.09538594874526607
2016-03-17,0.7347613581260952,0.4623882639619088,0.6570165261047528,0.24043597711537318,0.007758344402775586
2016-03-18,0.7864851100475074,0.09073060251163365,0.6069547252740398,0.2652129733834163,0.09693885124698576
2016-03-21,0.776880378869685,-0.14044625300592548,0.6086509264832267,0.4990086171347776,0.013896182170740047
2016-03-22,0.7366420249995922,-0.04910820111099496,0.5721293490801831,0.2901692034330646,0.012818075288452357
2016-03-23,0.6665496631313756,0.062062486420667175,0.6008348828347032,0.3821156358882981,0.0625274161489419
2016-03-24,0.7321556596633193,-0.03370507783429183,0.6089651486583528,0.4214807030991628,0.053354344900973766
2016-03-28,0.7451352822145847,-0.1862595597698542,0.526418254565907,0.508117186095231,0.07403699246837935
2016-03-29,0.7631060238379664,-0.022314680699103837,0.5856005900920994,0.37189140900215273,0.025392148231274517
2016-03-30,0.8585222245581439,0.46322621554480964,0.6743036840113259,0.23255279853731972,0.0004151056430768852
2016-03-31,0.7830133118236157,-0.2085248868953865,0.6079891819876614,0.3517283144245441,0.030240601170439696
2016-04-01,0.7947121527894206,0.19004214192896596,0.6269523282995887,0.3595232820008161,0.015779703417229143
2016-04-04,0.6569084261928693,0.11753057304829398,0.6634912911922337,0.41663673692099285,0.03340298609336554
2016-04-05,0.7542179264854197,0.12119350689302905,0.5836595416988087,0.6037865116745958,0.018416002043384273
2016-04-06,0.743811136648008,-0.07715149515066731,0.5897429604115656,0.36630846880121276,0.022162102840037924
2016-04-07,0.7320071107119356,0.06433224323434263,0.642088339368809,0.3592054687520919,0.07338005421802489
2016-04-08,0.712101087522587,-0.004463046379740631,0.6273244879193265,0.3400928636013393,0.08423142538902247
2016-04-11,0.7545378181021357,0.11150937120130187,0.67419136176486,0.5291891447094622,0.019350001685467036
2016-04-12,0.7619730183205468,-0.20573550588307943,0.5513885595164031,0.3709967451975765,0.05007943503411595
2016-04-13,0.7447624246697743,0.06556856809219094,0.6478811718268366,0.38286475612036347,0.05806512988931838
2016-04-14,0.7620253029359573,0.25844042146402413,0.6080794875085779,0.5000793195892952,0.06374492048449738
2016-04-15,0.8108665971984413,-0.028305703003126355,0.613950432793942,0.4642873842381549,0.059276708025883675
2016-04-18,0.783865915731339,0.2624732731125209,0.6328566057360796,0.31355734584119943,0.05380120810330583
2016-04-19,0.6630515989206048,-0.21095629767814753,0.6163218349685463,0.47390189744387234,0.06801882266735802
2016-04-20,0.72177022733839,-0.009010579029052423,0.579253391320066,0.5777838319327958,0.06070277437798382
2016-04-21,0.7785308192457501,-0.25092196871493244,0.5433228253750655,0.22688606180943574,0.06416893625533415
2016-04-22,0.6772662446321083,0.0858721006306845,0.528971998027325,0.4027932965118312,0.06827818015997869
2016-04-25,0.7506648837223673,0.2481478422189828,0.5888101733414502,0.3151051685417927,0.024833703175667632
2016-04-26,0.8450915022742651,-0.11093629429420251,0.5525484191180511,0.4276911301281863,0.07404103938904132
2016-04-27,0.7148227552644665,0.05722129313679696,0.5654762044272138,0.4896662090353334,0.06484138913301801
2016-04-28,0.7381549774342935,-0.0678150330309409,0.49687044535099745,0.5641961472291963,0.04374843066190642
2016-04-29,0.7058920613929919,0.17202043988692672,0.5897459949885229,0.4510153765515263,0.09478633978494765
2016-05-02,0.701975798819018,-0.2543580871088322,0.5577025276905411,0.39787153495240496,0.020497486460630765
2016-05-03,0.7765096695282446,0.03817421575390875,0.6015627602433093,0.3316986523724136,0.07411273531477537
2016-05-04,0.6937692931342766,-0.21110469917270316,0.5079463501499829,0.3735321872148015,0.07139593480214237
2016-05-05,0.7699198226651396,-0.045943327054155624,0.5733532293217897,0.4533216593080193,0.04593724345876865
2016-05-06,0.8948575294723295,-0.11542089122948958,0.647646292557449,0.438369501417286,0.042508945464018746
2016-05-09,0.7619401148214417,-0.06186291076339709,0.6401725294493582,0.42493395285633867,0.020774821920751765
2016-05-10,0.870373844419944,-0.03472723151499365,0.6761219186536231,0.4447305455847289,0.07108836475203038
2016-05-11,0.7548953390338614,-0.05563131336094616,0.6848470033152388,0.43047110042914033,0.0577119002209517
2016-05-12,0.7962131969586258,0.02584399674727403,0.6108306573123926,0.5207933183926349,0.06212944639209675
2016-05-13,0.7570950856122678,0.1718602428855874,0.5165570584385484,0.3658080632987353,0.03057846496246216
2016-05-16,0.7404283915026879,0.05580688564070736,0.6573051416927915,0.4160045584278396,0.027954312732592513
2016-05-17,0.7597073520534051,-0.1319537809929445,0.5876151807764395,0.35890078244139884,0.09547915199122362
2016-05-18,0.8138151795464108,0.09041271082408775,0.618483939138226,0.4052184704510392,0.06630442719588883
2016-05-19,0.7821353079410348,-0.11769749939804418,0.5338172363912713,0.4202306215769318,0.039849462604027996
2016-05-20,0.8030472060145886,-0.04275869085493435,0.5658511535716906,0.4332343440757962,0.023492672850670616
2016-05-23,0.7411901381008843,0.11989513288896299,0.6151502545862652,0.2950747832469603,0.0619042042328249
2016-05-24,0.7197370062661127,0.03515247180137331,0.5704022203539589,0.46740131116324174,0.03290091638526236
2016-05-25,0.7099411040559193,0.08657497895045042,0.6296820547242167,0.39974040684571477,0.08294037757248811
2016-05-26,0.640158563467437,-0.08943850857300814,0.6213041335072744,0.4368044750021942,0.03444257944007859
2016-05-27,0.7094471290565816,0.006069157290537513,0.6084641515478031,0.6406735658790919,0.049296592560176655
2016-05-31,0.8392011970903773,-0.0005730121751085685,0.6011517821957459,0.3982370937690398,0.08841141982480501
2016-06-01,0.7833636101793027,-0.09182961517203289,0.636007958429447,0.40383090837234065,0.06343804221560818
2016-06-02,0.7876659223433782,0.42705248188072553,0.5743601318567313,0.46140488020104387,0.07074769536401618
2016-06-03,0.8170954856885155,-0.016567917802664988,0.5863248003801986,0.2917447540386704,0.03699695970115444
2016-06-06,0.7626883490427515,-0.2570721617357509,0.5815127083415719,0.39498895337114964,0.060069431035854715
2016-06-07,0.8143102334142795,0.2099409840781061,0.612129683956587,0.322631382951443,0.08465531648985825
2016-06-08,0.7531686070615932,-0.017143435859386512,0.5526730651227408,0.3087824382087426,0.019509300691154287
2016-06-09,0.7669405933171507,0.10439754918367286,0.4722166697284119,0.435765504814013,0.02901222406024101
2016-06-10,0.7433836590429677,-0.09334319400192606,0.5275390984252022,0.5299086067803478,0.0806957751633717
2016-06-13,0.8144025260957082,0.131688546646821,0.530634770315247,0.2674906978473103,0.002682445194932137
2016-06-14,0.7635955854923119,0.1592741659285073,0.5900132445560927,0.509516358996978,0.0007965750226238355
2016-06-15,0.768542975959702,-0.051403432059584676,0.574446466952723,0.33867048543944217,0.046887021047712786
2016-06-16,0.7199583772138537,-0.24449718113550994,0.472871545352728,0.29037991138882463,0.024169578506429756
2016-06-17,0.758480801989439,-0.1486518150492679,0.5004319127410695,0.3139881819085772,0.06472153472318896
2016-06-20,0.7550129451474502,-0.041496779395274686,0.6155365761724989,0.40464989572625343,0.05658862232040828
2016-06-21,0.7570572274944888,-0.135745093603795,0.5723536800842112,0.31965254424070516,0.012696630296988655
2016-06-22,0.8025286255810935,-0.4019583570318459,0.5781943077288999,0.17242122492114667,0.0027623834801222547
2016-06-23,0.7808550838380299,0.10787140196573686,0.5716324824645117,0.46994919698042625,0.06908623451509605
2016-06-24,0.6708238272389995,-0.04805394823383055,0.52462258053456,0.4498852757926448,0.08826737342520968
2016-06-27,0.7523334105674221,-0.14415138389674084,0.5861340834457378,0.27192991511893094,0.029443302689982798
2016-06-28,0.796456618197941,-0.10173417167431656,0.5111226573917648,0.49662746355485105,0.058505629523331916
2016-06-29,0.6909119523246656,-0.04508319759970357,0.5772444451320524,0.4496611553977223,0.004711249908053595
2016-06-30,0.8277169209684796,0.12661386553090379,0.4801814517817555,0.23303529517448884,0.01839891427019714
2016-07-01,0.7449218807905337,-0.25805404088083433,0.5232673318549633,0.3639673907657049,0.0445546599060761
2016-07-05,0.7650851573392594,-0.30087155310432623,0.5788871743692638,0.42609407761251533,0.045899518661917105
2016-07-06,0.7703779097793543,0.29090292269418266,0.5660678264105636,0.48184791242649594,0.03301065443408814
2016-07-07,0.8117251039892445,0.0004765330498957752,0.5485706284875715,0.3516167118973127,0.04007585555693647
2016-07-08,0.694220006076527,0.048236880044348736,0.5962742172374991,0.28098018473761244,0.04747017870588617
2016-07-11,0.7165127248324275,-0.13238320688644187,0.4776157697436122,0.3014984594934905,0.0016880056765830155
2016-07-12,0.6972822929268356,0.10419926790995211,0.5294645127214123,0.44928915948088316,0.05032401154040283
2016-07-13,0.7764862675979733,0.17273108315960534,0.5164290793990088,0.27294879218822865,0.039142428892011506
2016-07-14,0.70411327413888,-0.3495132325057703,0.5405986574702726,0.2582942171478282,0.025689214938970008
2016-07-15,0.6983884954082306,0.0793670061021242,0.473333219169838,0.29498884561042044,0.009157061300264002
2016-07-18,0.8166528878442997,0.043730584173008825,0.5453297357217312,0.4773111365031623,0.09168939224715103
2016-07-19,0.772307578499942,-0.0770883282579679,0.5646845765922367,0.36186483326684876,0.01799743720542011
2016-07-20,0.749702662981857,-0.1443725286554813,0.5067749053116407,0.28830337787196864,0.061294518630357356
2016-07-21,0.6786893563716061,0.027306064287270143,0.5202600966577845,0.30831572253553735,0.03707068610384612
2016-07-22,0.7268644542866144,0.06236314689932694,0.5189540598344361,0.4872213208874461,0.0341202655308945
2016-07-25,0.7651706030478088,-0.29359670235453833,0.569831379507158,0.4581752793943591,0.040162605092729946
2016-07-26,0.8156656452744324,0.03371673433466475,0.4795928462076473,0.5033518763271305,0.0730897089364509
2016-07-27,0.7541951962809904,-0.3936345468604216,0.5297199317103963,0.2983271646316087,0.09195143375250076
2016-07-28,0.7692062099936987,-0.08365086084227567,0.5316779560545959,0.41324842149827856,0.06131600655191169
2016-07-29,0.741104914964666,-0.05797847341728699,0.48038569598524405,0.42553598130004194,0.044891097325214395
2016-08-01,0.6969140256510215,0.27532090151900784,0.5261620718208734,0.5080931202780334,0.09233911602252598
2016-08-02,0.8577846161926156,-0.2824259737331856,0.49747905767535006,0.4979463981790665,0.08427007156774184
2016-08-03,0.7592401750951909,-0.09662373984951336,0.5515191212990137,0.4404255951501569,0.08041752398729414
2016-08-04,0.7764558820121898,0.38506808387745584,0.6111901182681398,0.27618190632361417,0.040441568294315035
2016-08-05,0.8381842041863071,0.06698761593187567,0.5560453304977399,0.20532698744422104,0.09428952774340449
2016-08-08,0.7992497476103778,-0.041145705579484035,0.5352972087370444,0.5038686399749427,0.0607597324064873
2016-08-09,0.8056451591152589,-0.3766586392574946,0.5458811019555645,0.5236452988651797,0.06779209254779449
2016-08-10,0.8787335963761093,-0.004596934141487625,0.5559222643515696,0.2872616401130387,0.05620747331123606
2016-08-11,0.8092528050197483,-0.21236844073171432,0.5376276124751111,0.4696651168289721,0.03559701980204405
2016-08-12,0.8591471851128086,0.25822331646435426,0.4429274197167774,0.27373756075140143,0.0811273241733003
2016-08-15,0.7265074388392252,0.17195876752919753,0.556835858265745,0.5451720785929505,0.07735234974350472
2016-08-16,0.7963806391605213,-0.005160999891813385,0.5676053413864477,0.3624213859998662,0.0014055805994338533
2016-08-17,0.7767740430826323,0.07363299807380999,0.5465019106307997,0.48853184295966445,0.031018861965996937
2016-08-18,0.8630073856051415,-0.4988960978478799,0.4712886787334829,0.5086525703195743,0.0479611782359746
2016-08-19,0.7502936141035871,0.07420835649050331,0.4836883443538315,0.19192321434726442,0.017021740104325035
2016-08-22,0.8147040409591725,0.05473414186928455,0.5504934061392432,0.42536665512614463,0.07096562878410315
2016-08-23,0.7712199144620994,0.12674106496590773,0.47660090425496077,0.3370659662709745,0.0005489225026084177
2016-08-24,0.7509211175105605,-0.11566465266056712,0.5590332133179088,0.31316804103349444,0.0033372838416376952
2016-08-25,0.824597208766943,-0.3057663344253767,0.5438459093891201,0.5406863504813143,0.040158363536430965
2016-08-26,0.745819899308017,0.4714671997526206,0.5417823500680795,0.4970477988227996,0.04933005468300619
2016-08-29,0.7727157545305074,-0.14036171065295197,0.5493476415647628,0.41030376230031546,0.04484709858079366
2016-08-30,0.7797142938017867,0.06619485533052187,0.48413396996602115,0.45580522809197993,0.03176036119262634
2016-08-31,0.7677923665081233,0.22432902390143183,0.44372119872182647,0.5425213310179234,0.04664035813757992
2016-09-01,0.7199075495697849,-0.10425973808561749,0.46305819330876896,0.5099702121619704,0.016669781294385122
2016-09-02,0.7688950771560193,0.015716446020512687,0.5633067545134374,0.5595647916848784,0.049839724716658346
2016-09-06,0.6610217670361548,-0.32391913668823696,0.5327808100615194,0.35233800280538297,0.07178139841819862
2016-09-07,0.7396646883411404,0.2475495342213726,0.5683634623848396,0.4559813418610742,0.02283736007299081
2016-09-08,0.7305227885533874,0.3654725365623194,0.4989856989538945,0.4510788452361961,0.03780914831245802
2016-09-09,0.7445275064798519,0.13198630315509807,0.4238299419807311,0.39288907381360516,0.08789609794324131
2016-09-12,0.7292306257246675,-0.13951118179108243,0.5088522783190469,0.38498032006214183,0.00814899431145616
2016-09-13,0.8404326285942046,-0.2430659386143943,0.43529919717447935,0.14473580158854044,0.006232413487902666
2016-09-14,0.780628462859902,0.1092557314837742,0.40623936698975727,0.5605521961533503,0.04050981948497672
2016-09-15,0.872032797179831,-0.16573028758046782,0.48391763285545486,0.44235274761284354,0.06187780056304601
2016-09-16,0.7444098367923448,0.02436202736012603,0.4827964500385537,0.4468767965850546,0.0273191906348091
2016-09-19,0.8075208778305348,-0.2861843465245281,0.5105620501648793,0.5184561060693622,0.061005040709756465
2016-09-20,0.7552524829308428,0.4617647809189581,0.4868945868519362,0.3588066101273719,0.0995655177663699
2016-09-21,0.8521590159686007,-0.17208091343035403,0.5104691436246833,0.447259412437918,0.007996943578956263
2016-09-22,0.7874370805933776,0.1802758128538788,0.5392129407557359,0.3804082453616326,0.06251443626673657
2016-09-23,0.8163440245776029,-0.1348156158526787,0.45502827161374265,0.4949237082160303,0.083512385394773
2016-09-26,0.791354922146931,-0.18404725845150188,0.4553033638116958,0.5514766104441682,0.025935785620617713
2016-09-27,0.7403055868197512,-0.035058655097088574,0.4933352818443048,0.4516271673732915,0.05491590574525639
2016-09-28,0.7119957314350457,0.06457391913413395,0.5657306097980236,0.515838004850613,0.012555409546866304
2016-09-29,0.7499929504865288,-0.024210298605633413,0.49122343427161036,0.44086310498847625,0.004768099913548197
2016-09-30,0.8139617232930174,-0.09707862115931759,0.5869912336765691,0.5933211880139169,0.004477933732128814
2016-10-03,0.7211810176928096,-0.1160186419274557,0.5161868771517555,0.5258025639346676,0.04351701563362709
2016-10-04,0.7696206424280644,-0.08720165402199814,0.4813599286632263,0.4395207361648221,0.039468039367869884
2016-10-05,0.6853785213865066,0.3300354562597525,0.4821760064035919,0.36497149624676667,0.0811564372287903
2016-10-06,0.6763881467886419,0.11919756439032032,0.5150399886161685,0.3206855359746266,0.07891344592392181
2016-10-07,0.7878667316720248,-0.13455603477895905,0.4957022856708935,0.41089553541201745,0.03798976898108356
2016-10-10,0.7074159271560181,-0.045358896618676904,0.6041233608423301,0.40879591971455365,0.06823897968789068
2016-10-11,0.722634552528228,-0.005499594325908346,0.4204645569673082,0.47692844538813656,0.07848255387145409
2016-10-12,0.8033313816736762,0.22307706703538763,0.45030804330180113,0.45413620902286095,0.02290910793932348
2016-10-13,0.7008952804256319,-0.2526393618339792,0.44971520909104035,0.3974255186777865,0.06329379165974551
2016-10-14,0.7076494618712664,-0.045421516597260486,0.5386304782479577,0.5957303014853659,0.0938730082381153
2016-10-17,0.6975272943755204,0.003506986278718386,0.556091956647296,0.48332227715154114,0.07771641218730309
2016-10-18,0.6847432957561812,-0.4146332889283999,0.46991159442070224,0.48509003059421335,0.06376542570663139
2016-10-19,0.7605862257044492,0.08558694489148262,0.4981902314617359,0.5074913805772526,0.0566513255955613
2016-10-20,0.652850820192336,-0.048165727709763,0.5302945588403603,0.36779596496145284,0.021519042211582053
2016-10-21,0.7494830148285822,0.46209939249132453,0.5169619883359978,0.48270281676684434,0.06888251997391846
2016-10-24,0.786669676628039,-0.0057617792976368395,0.46034898199979685,0.39609678513822955,0.09675021806579749
2016-10-25,0.7524941384760284,0.1949975540687383,0.5074602391198669,0.3555571505734282,0.09374684230023339
2016-10-26,0.7336809982113928,0.32540809405549465,0.5397879351476409,0.4273196322913066,0.0601348903532551
2016-10-27,0.8130592055754422,-0.1109368860492339,0.5739125842223755,0.4259015256432372,0.09496541883515597
2016-10-28,0.7075639742278702,0.19744991499324097,0.47633805106355614,0.49019283765960886,0.07374351855165642
2016-10-31,0.80690837443037,-0.10069274312145793,0.5724146922695714,0.18040646990933631,0.029954458377212757
2016-11-01,0.7556469587919382,-0.29428571929626746,0.46208394426358707,0.43296672917108103,0.07162644478608736
2016-11-02,0.7351132079207561,0.19415156009331563,0.5110518404658719,0.46248259388747426,0.07200275405982563
2016-11-03,0.7819752473031722,0.11612878000158984,0.3859820224626691,0.4486153258774667,0.02144529258111738
2016-11-04,0.8690065438365437,0.0016390162500766017,0.4811941211912936,0.3752902555197473,0.09085072175549883
2016-11-07,0.7276650368050855,-0.17238760963655234,0.4908110493021877,0.6523347834578268,0.057308948107933556
2016-11-08,0.8282513768814518,-0.025896015936872227,0.6252103856999106,0.2892888693893477,0.020293328707030725
2016-11-09,0.729742093443607,-0.03725278382369825,0.47236552204490245,0.5461675919755233,0.07589625942600932
2016-11-10,0.767341547386417,-0.21737636465121646,0.5094073974090907,0.3323183069959762,0.06023625278416799
2016-11-11,0.6610817115031691,-0.5291259853299172,0.45923633001375763,0.4918209846598888,0.037318448710704145
2016-11-14,0.7783988503988836,-0.22515810403540343,0.4719044432559195,0.44869003722930667,0.05824245197045265
2016-11-15,0.8027849513500447,-0.008911009415773217,0.5139191184134202,0.5786000265165587,0.07918667597913316
2016-11-16,0.7620062722039699,-0.19019914011988492,0.6017808850938897,0.40035971358756184,0.08636061831559472
2016-11-17,0.7514555129308282,0.05828064528710089,0.5402646180681141,0.4133373300526342,0.04095883591985644
2016-11-18,0.707662489106142,0.12549044574238835,0.523345233319237,0.3971732808087729,0.09400672045893958
2016-11-21,0.6818753570787716,0.22376944981766336,0.4680978373625151,0.48513713662690394,0.048144321416630886
2016-11-22,0.7430361527466104,-0.1983037932997015,0.5012402819099353,0.39392642924974064,0.09381056153907033
2016-11-23,0.8168111558266136,-0.09224164876584286,0.46974718680218785,0.4016662279568093,0.04876724252480159
2016-11-25,0.7394217548658426,0.030311955072713306,0.5305566685413309,0.4613312828535026,0.042628556779208085
2016-11-28,0.6710900205493152,0.27960630871194814,0.560605522548594,0.43085599047729534,0.05402673246568765
2016-11-29,0.7700225350326099,0.15567228032829172,0.5877536750421463,0.32404237431983834,0.07677956048421836
2016-11-30,0.741196695954658,0.2810418399536054,0.510644182432294,0.3488349531382592,0.06594992585409602
2016-12-01,0.8150702051426668,0.02938084472463139,0.6129315308164492,0.28741528617610435,0.008077470951833966
2016-12-02,0.7416882689349497,0.12278287475918104,0.5774044357562186,0.18103372216267172,0.015137120892988843
2016-12-05,0.8287699221180199,-0.19648401090618173,0.5388841772870102,0.3929259534170333,0.04354199037278206
2016-12-06,0.7390483235119834,-0.02953155473480204,0.5576643342382966,0.3324260312649984,0.09258986811862527
2016-12-07,0.7173414715600867,0.17607698887052317,0.44399903332906615,0.519348009703282,0.09193764628649248
2016-12-08,0.8578378795577623,0.4744640222809768,0.5220663187494564,0.22424573615783683,0.012472001888098529
2016-12-09,0.6805928604742114,-0.0538409897797194,0.6271496593617623,0.3058724535918884,0.03745866014984666
2016-12-12,0.7778346704950325,0.01347080031750799,0.5249348191159509,0.36504476329508073,0.05055968076285794
2016-12-13,0.8233310065041066,0.2656031580485131,0.5552819902293611,0.41565816616483153,0.02331803156647665
2016-12-14,0.7175891111719183,0.1380148165622761,0.5689870180589086,0.3384114656939687,0.09678468654352466
2016-12-15,0.7158301067488213,-0.02224177108467927,0.5300587482362797,0.3232858647164014,0.0650530192294879
2016-12-16,0.862506904539122,0.14125389253311915,0.46587980456616207,0.5746120288470143,0.09512887593756769
2016-12-19,0.7143242399644799,-0.016133413790339207,0.49355732540299774,0.2947467465843019,0.07152860092335088
2016-12-20,0.730165872007174,-0.12434146213383696,0.5886754027510186,0.42875449842034624,0.010296175115579988
2016-12-21,0.7022853069854018,-0.15048598655169948,0.5630120724686645,0.27842898474991595,0.09145264459553233
2016-12-22,0.8258242003932313,-0.10720789000724831,0.6258924094414057,0.41368612710017283,0.06040165113692869
2016-12-23,0.7268470313404906,0.04461340390592125,0.547818833422342,0.3922192317520362,0.01574372318696018
2016-12-27,0.698723640083453,-0.07864107651656266,0.6163091834531088,0.3436800810089291,0.003613008249019345
2016-12-28,0.702898963474468,0.013142809274237433,0.5354987199789445,0.4610778364475192,0.07496918214414468
2016-12-29,0.7689799785209687,-0.047240414594858005,0.4809474106524011,0.2806073609150818,0.07002199471885791
2016-12-30,0.7542661761155806,-0.3024128817890364,0.5581545591509588,0.49005168058540494,0.04623431829875401
2017-01-03,0.7545224167794384,0.035143690100897344,0.5654952568051339,0.41706525988461984,0.08932554963779399
2017-01-04,0.7415628255540482,-0.19427924823265522,0.4854547239599294,0.4463927296720439,0.0964719083832514
2017-01-05,0.8083362284015264,0.5274953964451918,0.4944675482713502,0.3338527844872655,0.04430560368114811
2017-01-06,0.7614478900152396,0.40110058657744824,0.4947900818430942,0.29619223594865896,0.006891879488413456
2017-01-09,0.7826890600698077,0.25544742765515865,0.5611108769681804,0.43020858225376163,0.048282315030589884
2017-01-10,0.8224826416655644,0.11976557072995596,0.5158425946972122,0.5188505991577859,0.028875646644148847
2017-01-11,0.6661204629057658,-0.24255044553206562,0.5861996611995155,0.446212284445099,0.07861713566030352
2017-01-12,0.8304000936353456,0.11512035474001577,0.5928043503834074,0.3155266465103368,0.07217217665803334
2017-01-13,0.6832830064730117,0.022160195325665235,0.5037363742918338,0.46002818468802675,0.07448779162442294
2017-01-17,0.7704361522771325,-0.024238791901056263,0.6015907722730804,0.5291156402713353,0.09750358105130685
2017-01-18,0.8055812727511831,-0.0799238942683195,0.5627697617322912,0.5156774012467921,0.07172782123791561
2017-01-19,0.7471012192764259,-0.13377161647195876,0.5544855983699528,0.4400245355470307,0.013229310121099359
2017-01-20,0.7737490769253998,-0.07740844812975102,0.6006853137059779,0.4155370921407973,0.019738378660926637
2017-01-23,0.8137281132682428,0.3310007971861016,0.5504357734375894,0.41561011415666627,0.07752597925052097
2017-01-24,0.7349948607812646,-0.31982715215232926,0.6178102902638929,0.29016612511748363,0.038451156290006276
2017-01-25,0.713262255043422,0.13383449885488716,0.6108727083989388,0.5933019264700241,0.02413620212929568
2017-01-26,0.8391875420253033,0.07433531035059637,0.6181635490471605,0.33840652023655865,0.010599137031500429
2017-01-27,0.8043833659208973,0.006834494461289946,0.526425841743926,0.37903963977485167,0.028706273945369676
2017-01-30,0.8627540796340636,-0.012876095635269594,0.5725958900144211,0.28874035192759456,0.031912304724935246
2017-01-31,0.7394410693708593,0.19399211934200655,0.5123637609920335,0.3751990101904284,0.022264323074662362
2017-02-01,0.7750902642494085,-0.17845889853422864,0.5808693332567043,0.5692008601815457,0.053581367489997735
2017-02-02,0.8791073377294597,0.040893200331258865,0.5923689180632724,0.41989543436712873,0.04283100981643633
2017-02-03,0.765094764827218,0.03908331973857646,0.6587919729956122,0.29745677927271214,0.09961909514042265
2017-02-06,0.7783763858021687,-0.0333824823514438,0.6246699902496867,0.4284408656691526,0.025562736452722404
2017-02-07,0.8252526313712832,0.007467863220577276,0.5849362975330551,0.40031067162115375,0.04580342459882069
2017-02-08,0.7101985825055956,-0.11158991273737667,0.5912796776855843,0.35363638563122296,0.09785562868529751
2017-02-09,0.7559560866136449,-0.4159747368999043,0.5929161053722147,0.49190713930267604,0.010791509595814609
2017-02-10,0.8070449678286302,-0.2028975734323257,0.5428536680439142,0.3769242018752018,0.08105049675681751
2017-02-13,0.800206544439613,0.3794501586158181,0.6274863394968244,0.4985257793873777,0.036018641341550195
2017-02-14,0.8669458988240835,-0.24370029365000706,0.5562436003704806,0.318896454818443,0.001606672969416756
2017-02-15,0.6909291398674201,-0.1405462186619864,0.6912231614204891,0.506498936996275,0.05701695160108405
2017-02-16,0.7135321945559885,-0.30340200535051787,0.5190848057669663,0.2898829731109448,0.08299073976532587
2017-02-17,0.7512775541985994,0.6132973453714913,0.5878206128343371,0.3053073715915954,0.02804951689127837
2017-02-21,0.8105714932943529,-0.011409751318121065,0.5402350885626257,0.3283567839545939,0.007271942438137702
2017-02-22,0.7844623436135646,-0.1085361650254953,0.6000970721135438,0.5827800270967857,0.08043193229051403
2017-02-23,0.8155714916067156,0.00650449222111823,0.6445548717603068,0.347437035000733,0.07540867404469424
2017-02-24,0.7534646281386194,0.09897429171898282,0.5395889686362564,0.5242629679597076,0.0746054168839838
2017-02-27,0.7206813606574812,0.10088664567139796,0.6114559566617713,0.5198256771510539,0.015232204674673578
2017-02-28,0.8776338971831324,0.02469355551491848,0.6532551918733444,0.23707522605963371,0.04595826536344086
2017-03-01,0.7605105738145891,0.09317563393654803,0.5762498282920402,0.6799212543264487,0.0643253886956884
2017-03-02,0.6996538676897247,-0.010582282573077086,0.5382371803464648,0.43760342631261123,0.04173877835955184
2017-03-03,0.6947179034055682,-0.14858360533913806,0.5115358783744223,0.3185208767319223,0.050911163021009044
2017-03-06,0.7640142258511383,0.035712242456168324,0.5789409521839232,0.4129167547265194,0.08364782366796226
2017-03-07,0.7996660456390824,-0.1990727396784876,0.6162867768347853,0.48712174758009286,0.03520835792696358
2017-03-08,0.7838237828053362,0.18597787705641844,0.5681864838293889,0.3055321412714173,0.0708828644833886
2017-03-09,0.7495544339703512,-0.11930885364055294,0.6779074053612142,0.41177845350415254,0.017183891291108578
2017-03-10,0.8142668404432213,-0.01329096026371392,0.6076145332382206,0.05334332574200007,0.003633131365852582
2017-03-13,0.6099252519273402,0.15071192098331224,0.5533981717537284,0.2320704119026062,0.008499108457070926
2017-03-14,0.7741395965470231,-0.17775266828034078,0.6390020791521561,0.253939600605919,0.009553389099361466
2017-03-15,0.699469012017203,0.09882566817397119,0.6570737374811646,0.2275322734617953,0.08193070366360097
2017-03-16,0.7164606465198073,-0.036000022532295846,0.6098807848363038,0.4225744143855298,0.086602407498155
2017-03-17,0.8206493232176625,0.21155742895029875,0.506814633514432,0.5014547059471228,0.000151868466148819
2017-03-20,0.7678825961178719,-0.11532616175966295,0.6964933685004091,0.38199479823228544,0.06151276377914754
2017-03-21,0.7986148718023568,-0.32249412327519716,0.583252153959002,0.469461565406653,0.07940529149695677
2017-03-22,0.8428515222581484,-0.2655103078781267,0.5810793479517404,0.48998995079661306,0.012037151700324334
2017-03-23,0.7254908709191602,-0.20596809341603906,0.6275968694750438,0.2502588559819282,0.06316030833202783
2017-03-24,0.8790875492989013,0.2567635144904165,0.4993193976197358,0.49157005869141035,0.024481886910708007
2017-03-27,0.7404849154350841,-0.07516295123412689,0.5652110009424329,0.4843997941266373,0.04005227175476073
2017-03-28,0.6971153363293754,0.06919641238358025,0.6227146743939768,0.4504038635205224,0.06852629532027674
2017-03-29,0.7624127694992757,-0.046812674501067846,0.5254000638862982,0.3952050851373435,0.07988071198317247
2017-03-30,0.8227342018646562,-0.022821142553904248,0.5940866259403259,0.4595318368883382,0.014541504263593708
2017-03-31,0.7915151244374857,0.17314469814290914,0.5862603813771887,0.3680099306996248,0.06309058568343738
2017-04-03,0.7112687990980856,-0.03673318378802459,0.608898288828682,0.5104862132144008,0.060184771648158546
2017-04-04,0.7397987226039126,-0.11864380045967214,0.5567603647091494,0.49352400837592864,0.08169541774282381
2017-04-05,0.7708362490562582,0.0014930934829575368,0.5638800984841915,0.32105591612213813,0.03152422434651824
2017-04-06,0.7988351562842079,-0.14692840870272367,0.5791807169640846,0.2504338333884781,0.08867296835483271
2017-04-07,0.8535843953407132,0.35481122508182994,0.6431278793753606,0.36570381694634313,0.017160357788985194
2017-04-10,0.7839545431914868,-0.11508436351384271,0.6327005642378056,0.4499192373575289,0.06390562165530292
2017-04-11,0.7320744455988819,-0.20888863957050796,0.6816326716603635,0.38899210056442324,0.011603797699474984
2017-04-12,0.7894490941174168,-0.13130027842180592,0.5799452900763352,0.30321376266097744,0.05877792848972074
2017-04-13,0.6973010717014612,0.062364598442736334,0.5520252104364692,0.3747455943111722,0.05413116625646824
2017-04-17,0.7720070755884932,-0.01044094612553165,0.6060891662599317,0.3710194911233725,0.03606664988097296
2017-04-18,0.7117896919502422,-0.04036397710023931,0.536152919256214,0.38684692267130355,0.07432690979780072
2017-04-19,0.8323994871371565,0.04576931057009535,0.6077184524915444,0.36546157940189467,0.002118260849087239
2017-04-20,0.7811409795266163,0.09476336860921228,0.587944772913695,0.4068974812143644,0.00428433289412048
2017-04-21,0.7979830373315961,-0.15284158616837096,0.5874840787186926,0.42500137088268114,0.09706376144487282
2017-04-24,0.7447514061771283,0.06569524003416813,0.5717407540892018,0.3290693750719649,0.08563143017158202
2017-04-25,0.7540718027107621,0.05189545177912357,0.5466518951788624,0.49844719234112006,0.00046116993957694423
2017-04-26,0.7471299591427369,-0.18377472574025108,0.5557556232832085,0.45848433276261213,0.0009215839066245235
2017-04-27,0.7836063728626987,-0.03491063157348217,0.5996494571562417,0.4269416618121593,0.09420147148864413
2017-04-28,0.7233125637301286,0.48547046656856924,0.6975392802565875,0.5669189196808215,0.0460608536700629
2017-05-01,0.7208788822394973,-0.1349547571224292,0.6051726712563484,0.42304688412254726,0.09214205639190191
2017-05-02,0.8663479961687446,0.16510141767521244,0.6404557979809014,0.41424546726868894,0.018044502196879277
2017-05-03,0.7562644361497948,0.6453090203014521,0.5866127638125628,0.6190377892895595,0.013113280752424973
2017-05-04,0.7193365818631446,0.10099381873623992,0.5710845308177668,0.3927324535632456,0.012026663125145987
2017-05-05,0.7640504969674733,-0.17591217964556968,0.6070210662052311,0.49812600877153695,0.04116923961330337
2017-05-08,0.7910005703024624,-0.08623113177785219,0.6040633806082615,0.37299320905426137,0.06951314962777892
2017-05-09,0.7929106071484079,-0.11942520001150098,0.5721981306519545,0.4414733941867085,0.003040129925335189
2017-05-10,0.7906881013299758,0.05098591695655862,0.6386414245460623,0.32836937866507715,0.026557568133732324
2017-05-11,0.8073009610821748,0.029570553479368673,0.6030631417518028,0.3541905995490246,0.029553475264629415
2017-05-12,0.7737369178102528,0.10535105828922418,0.6050444371533552,0.2967261309693814,0.03699152171855459
2017-05-15,0.7762570421879169,-0.04543706486398155,0.5935516526295865,0.3178787101480499,0.0020772327539025806
2017-05-16,0.8024246638354119,-0.0064574716976402565,0.5751374499560674,0.5025664123997935,0.025192190487257984
2017-05-17,0.7503848654072901,0.1070287555209693,0.5929530118342455,0.49077377632023156,0.01883970466932794
2017-05-18,0.7405457897166319,0.13773618678417132,0.6606617812047483,0.34513027660144857,0.04508416278182567
2017-05-19,0.7369655408096188,0.0008621257292297353,0.5469850096881246,0.4685431972311441,0.09504790365399357
2017-05-22,0.81860918929117,-0.4501232243505448,0.6216885535974574,0.45446156411203764,0.08414463589003322
2017-05-23,0.8370969417665286,0.03009435741499411,0.5949804574701325,0.4561175930109122,0.04529791021296284
2017-05-24,0.7636149261089377,0.06531128504472748,0.64008896833481,0.3652722605774225,0.032159938931787195
2017-05-25,0.9163155624635821,0.15816486052035575,0.4658719400972826,0.3486246944811907,0.03492648706985337
2017-05-26,0.7339737428465732,-0.32220323115155636,0.60399011396988,0.21647568331833023,0.009288422964712773
2017-05-30,0.7773454394601775,-0.21885596570756696,0.6354218685864494,0.3911250739002954,0.055744479097883395
2017-05-31,0.8474649748324762,-0.06022391782627861,0.5498111529617211,0.45539590559283516,0.01746853230253843
2017-06-01,0.8100917025190605,-0.15927720422072236,0.6051096876312227,0.35093980589127105,0.007799883106528594
2017-06-02,0.8577228459363091,0.1910371404822071,0.5334474087688513,0.3590571847748201,0.012389024095353774
2017-06-05,0.7331334699792307,-0.03500084815765341,0.6074969287683127,0.3901659964688229,0.042894455108006393
2017-06-06,0.7727718330167759,-0.19128153942569692,0.48088144209557404,0.5179837057364874,0.0386638319270595
2017-06-07,0.8154636791753506,-0.08498316634891667,0.5581343567734839,0.43220327889899895,0.04831838116421518
2017-06-08,0.7588898021762066,-0.03211321370901531,0.5983594947872601,0.44829505782949736,0.09732133573215303
2017-06-09,0.7628845268809439,0.2811848248167081,0.5950272385647342,0.27820408367492955,0.05250225482378504
2017-06-12,0.7600172618126937,-0.028910572129727613,0.379769061430837,0.4453306611602945,0.08495477708836235
2017-06-13,0.8381146170756968,-0.2994544832573518,0.5527944181306529,0.3291276507669281,0.036505993319661256
2017-06-14,0.7166765057742658,-0.3541820610169425,0.534251041896063,0.4942143451754544,0.023155484555435504
2017-06-15,0.7022324614964208,-0.41796228762253285,0.6323266110621737,0.28179642295882157,0.07794073520161166
2017-06-16,0.8019686563331575,-0.0692480697975799,0.5960284111462302,0.4467284869790322,0.04310673352594242
2017-06-19,0.763020427746771,-0.38295868275353956,0.5592023628662123,0.3433667851741593,0.08263510909016034
2017-06-20,0.7803417744140889,-0.025314991749122242,0.627847962158956,0.527328073347839,0.08584158590128235
2017-06-21,0.7847334058752409,0.16544812749026236,0.6185381529602934,0.4803607383871271,0.030997395274271724
2017-06-22,0.7933832702697825,0.09712070846118953,0.56621897719319,0.37822790483787666,0.06738841208435165
2017-06-23,0.7866351425543121,-0.24957880388706807,0.6074736866263556,0.24192397507869554,0.06145634546929583
2017-06-26,0.8126830563653531,-0.02450776666575511,0.5056645039630573,0.500033609111586,0.09706419739700883
2017-06-27,0.6639532509061851,-0.2533062988797461,0.5623848846481451,0.7248118785053714,0.0411602258761744
2017-06-28,0.7936931043165384,0.2814304586045006,0.4770852122181446,0.4102583849715182,0.009572414934606555
2017-06-29,0.752698538779046,-0.061404113332259425,0.5293766893703403,0.45145375241866853,0.05693400318456383
2017-06-30,0.7291094192910206,0.19435126161492244,0.5422350327003141,0.3908319415551035,0.01707705632026666
2017-07-03,0.8004694203300003,0.2943918638276115,0.6079658471904328,0.4531966307759073,0.007711605255676691
2017-07-05,0.7079175750506115,0.11970208340879716,0.519506458163814,0.3119837660270627,1.3293421392068794e-05
2017-07-06,0.759323239237117,0.14367353788723813,0.5413557323962097,0.3887600047635626,0.0130530703310625
2017-07-07,0.7172040858197142,0.1639946580799458,0.5048510760155878,0.4845009451158019,0.05282967042200759
2017-07-10,0.8939937106956239,-0.21539475273451011,0.5245331835819196,0.4549271332687639,0.09399428877489847
2017-07-11,0.7295491455227395,-0.4178497171934201,0.5075698993641344,0.4167058505281154,0.06123181203374949
2017-07-12,0.7575954353747583,0.2675016232137319,0.5350031876017922,0.28671859335532174,0.010335160642265397
2017-07-13,0.7731683877893774,0.11263383227116608,0.5329334865341528,0.39174108869431357,0.040875604547850566
2017-07-14,0.724172638221563,0.06739967650741897,0.5241679794487061,0.4398874060566945,0.052512095180546475
2017-07-17,0.7424084516661582,-0.11240009325249126,0.5225206311834889,0.4509783129919411,0.021716918895362924
2017-07-18,0.8183282075104603,0.21245221298631903,0.5612983556316351,0.5718542529373857,0.042302236684662146
2017-07-19,0.8010890677891741,-0.2519196469404534,0.5310038801817422,0.2696496949031992,0.03289869769986869
2017-07-20,0.7867228250139873,0.12044213269366218,0.5488036715507485,0.4030327875309789,0.06691201742437812
2017-07-21,0.800269646856073,-0.03002062300644194,0.46937808968651634,0.4032939171443377,0.017320033954605064
2017-07-24,0.7736673047177626,-0.16540493479377308,0.5950088456646246,0.42978780435744335,0.0408728424094859
2017-07-25,0.7635037699485818,-0.10725767591741685,0.5810203617189539,0.4090990407053731,0.09665292651099483
2017-07-26,0.8681375602105145,0.10362468564758298,0.5891039814262949,0.47135272435191145,0.07474824257557534
2017-07-27,0.8725478644397201,-0.27736317218046647,0.49351107130166777,0.36910063118743436,0.043697761006278625
2017-07-28,0.6893274261513673,-0.14376917490774388,0.5072893707347923,0.5304381277396736,0.030868683706021804
2017-07-31,0.8557728658161469,0.009860131328310873,0.4811542148570426,0.38611952788172227,0.07351686410583468
2017-08-01,0.7186520296069168,0.11057462678814133,0.5335704839007182,0.5232831674762064,0.05964957582208646
2017-08-02,0.8333493815483974,-0.06363238330222692,0.5360862385082127,0.30741480084575995,0.021749380766974215
2017-08-03,0.7976237952687587,0.17702389773866445,0.5112998063388823,0.3676417340648635,0.062298103491869754
2017-08-04,0.7738381947785874,0.20023670154575296,0.48253611266097596,0.41950734394955724,0.0714002213377926
2017-08-07,0.7970260282070306,0.18283573815156903,0.5005215556156919,0.30641614255182814,0.04873924538589415
2017-08-08,0.7808387353879839,-0.10166462453593483,0.5200672405389953,0.30051551600725435,0.02622423741666471
2017-08-09,0.6819514446634397,0.002510329465366447,0.4684132880616393,0.3741217417355063,0.03449563306878959
2017-08-10,0.6696087144445318,0.05897744052514625,0.5186716045905453,0.4942738142674952,0.09712592618511949
2017-08-11,0.7733980334513442,0.08848467719828443,0.5413601195781285,0.4495785692848162,0.04327772799791055
2017-08-14,0.8206710232775665,0.4607197759889755,0.4797654885649491,0.5388651227415634,0.09700735660357906
2017-08-15,0.7441099254353599,-0.09077474638624361,0.4942318726555641,0.4145302214002487,0.08542611425356275
2017-08-16,0.7713872810464586,-0.0820379918963135,0.5341656961934135,0.36355989052373766,0.03165269125119391
2017-08-17,0.8116743479027628,0.002074199618940369,0.5845977089999489,0.39259723472472313,0.07474554619006028
2017-08-18,0.686797421074009,0.31202132094146345,0.5494819402311711,0.3476525657005761,0.039196893110446995
2017-08-21,0.8282860314325039,-0.024816160969118914,0.5072600920547894,0.4765750013782119,0.03575265728542031
2017-08-22,0.814036930961866,0.1894935840993689,0.4158537982201127,0.34564937839996573,0.007478566836705902
2017-08-23,0.7580842096647918,-0.19023373170291547,0.534747346833446,0.3939710094026983,0.0013857858965994454
2017-08-24,0.7923776297875128,0.22041832919796667,0.6332324344011944,0.6005338324570428,0.06882414199311454
2017-08-25,0.7347481841544203,0.20490790387534852,0.5257512182478533,0.49914552941480284,0.02716351413629772
2017-08-28,0.7749379193544099,0.057224970123647356,0.4543963420640738,0.5644957138655897,0.028611753701570288
2017-08-29,0.770704227412692,0.1647291444338415,0.5460438315868006,0.37891691816995443,0.012320885986931963
2017-08-30,0.8388820942608723,-0.3510299525313074,0.42989944811631753,0.28066085527754014,0.08914572079957161
2017-08-31,0.8272371620884783,-0.10969985693922216,0.5118726981070923,0.4821116547068182,0.036188316242474254
2017-09-01,0.8151817057810026,0.10496972620830836,0.4449381156532883,0.4424970093290251,0.030718634737054485
2017-09-05,0.6996229475799105,0.088712819308986,0.44384993239310355,0.4638884426886203,0.03127940479662762
2017-09-06,0.8343816450334318,-0.07294289565904948,0.5446135941101992,0.45432472128800916,0.08411540628142589
2017-09-07,0.7309971905551884,-0.36861821641371084,0.4198775460217001,0.29564244563882675,0.007047152938777713
2017-09-08,0.6831772342406888,-0.24846170680552204,0.4658730310587642,0.519836570848852,0.005155401853690622
2017-09-11,0.7667099631681091,-0.1919233362688846,0.42983682930814354,0.502625682291271,0.007693808413112547
2017-09-12,0.7257111414313947,0.06049647605205887,0.4817217925792727,0.4025112885945217,0.0910405242022804
2017-09-13,0.8303793496839017,-0.12678994749228062,0.4400901871980839,0.32506288875966977,0.09629480655955325
2017-09-14,0.7582612447383319,-0.21441607209674834,0.5984072972367096,0.5042866476939587,0.09726280275284284
2017-09-15,0.8284431011783386,-0.12654061294438693,0.42143580110773493,0.47462065759128674,0.008876881810460502
2017-09-18,0.775242523687589,0.04866948205779821,0.5134530092416842,0.40761970254462343,0.04615998792137578
2017-09-19,0.7883814978082911,-0.12035055242351478,0.553623772864566,0.5169869962947472,0.022220297391007317
2017-09-20,0.6777064869868588,-0.07109801782672386,0.5192640263701397,0.375963177646796,0.07833765993716106
2017-09-21,0.7378495454649349,0.026026488909699497,0.5317927060180397,0.47254567239814516,0.0877308890234364
2017-09-22,0.7659475853603592,-0.20694888113901075,0.5472181488090658,0.4905045074713035,0.06196774730812148
2017-09-25,0.774746757811362,0.18902809838210174,0.5409257789713299,0.3761226618214262,0.022858698774961873
2017-09-26,0.8532956067861656,0.4862269349002829,0.49939375902640876,0.42736537229966115,0.020587045372170678
2017-09-27,0.7756159872553309,0.11216823318503469,0.47456430716141135,0.48386932652123205,0.0952697125408836
2017-09-28,0.8584341039412214,-0.09548888319981519,0.542111016190803,0.3929487457280278,0.08226548413913785
2017-09-29,0.7494204374570766,-0.11434667724285522,0.5516759805014734,0.4379971348769859,0.09815861666470414
2017-10-02,0.8025267787329321,-0.015133254353044072,0.5164850004695193,0.39502547466778837,0.0800457949436118
2017-10-03,0.8701591411881461,-0.11333738320226867,0.4902723393714175,0.386910985749324,0.003863289176715268
2017-10-04,0.8121965803526349,-0.3463994378114983,0.5573541491356764,0.32920842119524646,0.09924844633204533
2017-10-05,0.7587767842779216,0.03312007012050462,0.4933404403723943,0.2874069046310433,0.024817531214621404
2017-10-06,0.7293667276228158,-0.15291903178639288,0.47449893395476633,0.2929995551394413,0.03889835673288127
2017-10-09,0.7381194000160768,-0.17866126539262328,0.40502997712986266,0.40209952753666367,0.05404409955301087
2017-10-10,0.7611298618196298,-0.34378957233941826,0.49535310484786793,0.3372808932626587,0.057773498640382226
2017-10-11,0.770969198762099,0.17207795805798606,0.43952931033736,0.4440045462293285,0.02973903268431577
2017-10-12,0.7688000490051587,-0.11034425827179029,0.44916238876971226,0.4335170373693027,0.07015592673519638
2017-10-13,0.7716226627520417,0.11554938302350018,0.5450185380757007,0.4607984902740764,0.08471352286028827
2017-10-16,0.750487698214046,0.2355801524483043,0.5228571334370775,0.3403606825842117,0.013449338051050974
2017-10-17,0.8317274846739691,0.01860169152148706,0.4633554064303505,0.2866745603834655,0.0834063106531611
2017-10-18,0.8323294511673272,0.14601440256735407,0.48328623556910133,0.6161186394039505,0.09858029628243381
2017-10-19,0.8035919777226217,-0.14212824460716195,0.5167177663074728,0.6677830374244126,0.0834607872329497
2017-10-20,0.7403464458488649,-0.17402671385947915,0.5272596281927812,0.466141414283466,0.016473106902621715
2017-10-23,0.772315142586016,-0.21489295269187003,0.4929641597157985,0.585752704929955,0.02230383434564951
2017-10-24,0.7675910037305451,0.5924180899435173,0.5473226185549674,0.47378735937150673,0.036729737320985355
2017-10-25,0.815333684606643,-0.21550370745039166,0.45689843656027557,0.3832524736566341,0.08518619519723687
2017-10-26,0.6647203804070624,0.12681559204831636,0.531522438352187,0.24407293400523322,0.01739382610700213
2017-10-27,0.8077719848469853,0.10818198131727497,0.5394666671416202,0.2839538845784048,0.023609469945060715
2017-10-30,0.7363647877491374,-0.0678733840788725,0.5189109901125198,0.3379377497478829,0.08879616270429323
2017-10-31,0.8496492596248874,-0.059157519172595596,0.5247171354981376,0.34597014325721087,0.014517198794696973
2017-11-01,0.7749418077635197,0.4296768318421716,0.47505585711068066,0.4576259731806084,0.06141714510532349
2017-11-02,0.7949783089618059,0.5448755240932456,0.4999623777868538,0.2487226578386167,0.0582355596081826
2017-11-03,0.7644045452696417,0.14700442809700512,0.5666048945248942,0.3730489187203855,0.0726274007774185
2017-11-06,0.8304189514383606,-0.10624733867231691,0.5231374779877572,0.4067939209072068,0.9920519375252879
2017-11-07,0.7297481344904473,-0.35397310736005555,0.568547628364955,0.5819051532711212,0.016946847578077472
2017-11-08,0.7581027657259405,-0.30864938329898445,0.5645178912231937,0.5321066169999371,0.07793697596441466
2017-11-09,0.7989493896545572,0.013284241106016188,0.5410440152307137,0.29591414032088914,0.07547657896745529
2017-11-10,0.7399201171088966,0.10214818289236015,0.5285459729982628,0.3948221445556114,0.057772274194425294
2017-11-13,0.7550057253616698,-0.1657671552762247,0.5891260658173219,0.4193062970724123,0.041728130932101315
2017-11-14,0.7533122929492517,-0.058836122378394466,0.457706697041959,0.36498748368717276,0.0066675961394576
2017-11-15,0.7760788600127175,-0.1645894786957943,0.4427372814532145,0.18525700643354265,0.008641699828564931
2017-11-16,0.7824133771597428,-0.14381683485829386,0.5108490901395744,0.3948503587347388,0.016053364139581673
2017-11-17,0.7674326361050567,0.2049028040116475,0.45637910178051316,0.40225439765837906,0.09713699280489863
2017-11-20,0.7204672977932836,-0.30744028513220684,0.6012218906502917,0.4926022780217052,0.006826141163211919
2017-11-21,0.7007943152632777,0.1929812974227627,0.49433954068534075,0.3178101641049228,0.006331989176559094
2017-11-22,0.753101710616858,0.06230151165528683,0.5546636565891099,0.4109006135319144,0.05050266535656174
2017-11-24,0.7606232065536641,0.25073468620873696,0.5130947758830312,0.3618690011175073,0.02196530508835456
2017-11-27,0.7880478469909787,0.049883228327506385,0.41943691578049136,0.28786690434072176,0.08919046231218748
2017-11-28,0.7412222740194998,-0.2639020231287636,0.4587480078822197,0.39384869929248517,0.07258513611788144
2017-11-29,0.7351484383644853,-0.05769287774638764,0.4871936657160163,0.47476528399363627,0.0887996571731551
2017-11-30,0.7600706343244088,0.15114067071929646,0.5659651011586492,0.1937235359926881,0.09170619261480153
2017-12-01,0.780207157994174,0.023180293526948823,0.5323725799573695,0.3462068981963978,0.08281453622153091
2017-12-04,0.8286543965768451,-0.13568781904612115,0.4980095485193339,0.525992124499027,0.07039009439267939
2017-12-05,0.7701303052064792,-0.15439967965593068,0.539394476353864,0.28086219621412084,0.08777357757023556
2017-12-06,0.7363757948403028,-0.30713906485511194,0.4912641500204359,0.23352471658496532,0.01679167076285385
2017-12-07,0.7995892706627762,-0.13692250657608016,0.538623813763802,0.3354307640505881,0.031054150372312506
2017-12-08,0.7801971484311581,-0.4331017297684334,0.5419956769949844,0.5004947143394441,0.0613064463690451
2017-12-11,0.7807130078287075,-0.19327517647319317,0.5579501008756766,0.23639825313065688,0.09829530025711385
2017-12-12,0.8686037435209488,0.06837778155277918,0.6344792403942936,0.4926187433057112,0.0928669037545286
2017-12-13,0.7547337022457062,0.2516616529049304,0.5063627043521729,0.21880672574369886,0.037737153625774414
2017-12-14,0.8168239950456143,-0.13994400003233864,0.4998479542910439,0.5671352357970038,0.027563745894704863
2017-12-15,0.7237176752420494,-0.2853420228583834,0.5624169329701749,0.379431876390948,0.05748077345482377
2017-12-18,0.7773703219815817,0.10232106195456608,0.46874660210262825,0.5106976381117742,0.05672999924712977
2017-12-19,0.7147897239764254,0.07139286852703355,0.5095550721357728,0.1315901311963396,0.0442675027572339
2017-12-20,0.8836594512534832,-0.0475590533574648,0.579902272781197,0.30827540608845794,0.01800173549488282
2017-12-21,0.8167753381089358,-0.2662042732093521,0.4782216623220181,0.588121650147957,0.08293354292008194
2017-12-22,0.7375316915798611,0.15975982579276005,0.6165681063901896,0.28374019179930565,0.04771574721775096
2017-12-26,0.7247818108478831,0.15992920446447778,0.6131037231523344,0.4151163757342605,0.05322892165907113
2017-12-27,0.7277138815833186,-0.21183524480415336,0.6126084157274232,0.4578974375825588,0.04744031130195029
2017-12-28,0.6929756985712022,0.14137548077398895,0.5826475910229684,0.22152822147147647,0.02114344398698951
2017-12-29,0.7300154519702573,0.22532674106489972,0.5478341376726027,0.26929911687131125,0.07726264901609362
2018-01-02,0.7812464998946466,0.28339189889720096,0.4918007763516096,0.28827381747491443,0.04183242093142928
2018-01-03,0.7762420157871738,0.21240244932553135,0.5525177898136118,0.4377483503466962,0.07152414321082164
2018-01-04,0.7071533211646952,0.44499311882181924,0.5841548309081674,0.26436941632116073,0.09875506680377728
2018-01-05,0.8047865739309182,-0.010731866675553805,0.6287071726550525,0.42693290761702946,0.07929964989405211
2018-01-08,0.7966555509872127,-0.13366273860686384,0.5329675939398416,0.41684380850313146,0.02754733563727726
2018-01-09,0.8260081965979159,0.027809105315345597,0.5129408657339003,0.22536798741784356,0.05451883492677506
2018-01-10,0.810869129746447,0.09858825724013202,0.628194520254418,0.4430731769551942,0.016602929422902646
2018-01-11,0.7555309503126886,-0.032349580298522335,0.5831452935608998,0.4269319428498053,0.0550137527133736
2018-01-12,0.8140551696884435,0.3330249272979373,0.5614034324331335,0.41946657127531595,0.06838544645520939
2018-01-16,0.8038241216314468,-0.029587010147257238,0.6680136866699558,0.34547441108005866,0.0009870871464153664
2018-01-17,0.7666317282639183,-0.07802791171907346,0.5400749562899236,0.34140621947899397,0.07826918272980987
2018-01-18,0.8502474153348917,-0.036146366870982966,0.4810707115987592,0.3481551475779696,0.0732325243093678
2018-01-19,0.7764433213009908,0.08709031421917296,0.5162685575454661,0.3357030913339578,0.046758202075854675
2018-01-22,0.8828558111420246,0.09103430970480036,0.48089249817400537,0.2929671933749875,0.008306023777636872
2018-01-23,0.8499414105503809,0.21949628123581424,0.5788086048514233,0.34929616173076106,0.05167533717221562
2018-01-24,0.7496159646393988,-0.26310675920536686,0.5617800257561459,0.5675421281865399,0.09050450604535493
2018-01-25,0.7692217548731834,0.004049627775333531,0.5907892212398977,0.47346225387780216,0.08052364515473008
2018-01-26,0.8015705988834319,-0.14181895757717783,0.6158407973987673,0.3741940545227776,0.027238046152034925
2018-01-29,0.7419049227173024,-0.1677301951900936,0.6080997823197616,0.4386905798714011,0.060637426032816466
2018-01-30,0.8673479801963615,0.16817297038528067,0.6160670863401253,0.4190619549261285,0.09635736355678218
2018-01-31,0.7171714778103597,0.2736096256673097,0.71563359853182,0.45509404154557964,0.005349707429387118
2018-02-01,0.7269233099455104,0.08691211104262436,0.5407803387727532,0.2973682281758459,0.06112974100338906
2018-02-02,0.7587478669516712,-0.3467221028554211,0.56001568708075,0.622191394847172,0.04439240438225596
2018-02-05,0.8854703626903357,0.2317810469057056,0.5250645450714359,0.3917361391344138,0.080340786017337
2018-02-06,0.7378107706014738,-0.1265102644567019,0.6229720042881403,0.3374708818838847,0.0948384764878196
2018-02-07,0.7598227845005534,-0.21441249967218062,0.6200805730150619,0.6162103007047163,0.05431392175726914
2018-02-08,0.7149684004422685,0.27240150499362276,0.6322006890313877,0.34726103416953336,0.07198800480137564
2018-02-09,0.782709953224643,0.0419379621286049,0.6437486960199105,0.444937277319299,0.06134871170480566
2018-02-12,0.8042034019499837,-0.07544303252905246,0.551576852093798,0.5678253000030913,0.09614663810627706
2018-02-13,0.8175086228513607,0.015427516513526274,0.577410766519483,0.44269745683422373,0.06162281282221568
2018-02-14,0.8658614659057855,-0.019156646340653054,0.5762794568068971,0.4046439365822564,0.020971981415815123
2018-02-15,0.7014186063907772,-0.3087952138417751,0.6661981697266158,0.2728582410593975,0.0773445650125544
2018-02-16,0.8347794231591733,0.13266005088245392,0.5501564232628982,0.4682420048216306,0.041063955750069527
2018-02-20,0.6907849596010845,0.28918042547259976,0.5292976594313171,0.31406800626370746,0.022650284762374295
2018-02-21,0.8231829772215429,0.19286618336857098,0.6882110974033426,0.3495832725843503,0.05155576732812518
2018-02-22,0.7763833209453896,0.18975826034538293,0.579663065660347,0.3196987684742241,0.06223413402310271
2018-02-23,0.7379157390131522,-0.14948909328943435,0.5541550801632763,0.31263093829621463,0.011616745007605468
2018-02-26,0.7525390111568446,-0.16661181670277833,0.5646937415087564,0.2053795448658882,0.05152861862600161
2018-02-27,0.8394840753912057,0.05478856062360282,0.6361903934679024,0.4210924184856859,0.03858811579452359
2018-02-28,0.7383691160368502,0.14216055946524322,0.6211208543292188,0.41191129577537133,0.07516361348978683
2018-03-01,0.766681200826659,0.07641894464145016,0.5996429522980242,0.5803642975238104,0.021237133224450578
2018-03-02,0.8438322857586371,0.13090256562631425,0.5352586650654633,0.377643048172368,0.06996692135797274
2018-03-05,0.7934168363264401,0.056492515131190905,0.6112030214181413,0.4204571582681274,0.016929560697826963
2018-03-06,0.8370084919598935,0.15064258092207364,0.5439946765230255,0.37763940226888804,0.06299117759235481
2018-03-07,0.7448771318685304,-0.04600581591549663,0.603732632655538,0.22152635275498123,0.04789417387865087
2018-03-08,0.7989809635252778,0.12344249289648612,0.5970351781836453,0.4884955010189437,0.041308034254801895
2018-03-09,0.831929815269702,-0.06535012833090023,0.4716742785044173,0.35486657867080307,0.055712092991278384
2018-03-12,0.8245460504597044,-0.08951475277189594,0.5794167292238716,0.30521759667741255,0.05865100221432578
2018-03-13,0.8151874534234915,-0.04441402449417144,0.5539745736590794,0.6390675309912798,0.046425177723002045
2018-03-14,0.7687268390340969,-0.1929160569782628,0.616223268986606,0.3136341641844694,0.03418842192345948
2018-03-15,0.7949560836172022,-0.17757863493954135,0.5271166369649941,0.30882477119797414,0.08785221640382941
2018-03-16,0.8127800047028775,0.029301915001297286,0.4912101256892114,0.371444589606237,0.08802244255134972
2018-03-19,0.7334582797669171,0.06360658711712933,0.6864558016338087,0.49850668211636634,0.004800522535945884
2018-03-20,0.844017122449266,0.11121543739500356,0.5792218525300487,0.47954517861630735,0.09324933349802515
2018-03-21,0.7705363276003485,0.12292642543378829,0.5755811786695423,0.48047830757340426,0.03398669338377327
2018-03-22,0.7699465810574183,0.17484525255563543,0.5693549304757926,0.4281553458372459,0.03931023413024581
2018-03-23,0.7623774881347141,-0.30551588732339946,0.7387419995836463,0.3148231107645638,0.02809275302783717
2018-03-26,0.8392904625095299,0.22233570374613545,0.5343982073633258,0.12000811250264148,0.09112295321923003
2018-03-27,0.7895791921688344,-0.3141287799457577,0.584626919008573,0.349613752160837,0.04593432253951133
2018-03-28,0.7873178399364401,-0.22474832766469685,0.6120053526598954,0.39624750363661954,0.02274935402728634
2018-03-29,0.7702015956301831,-0.025930155721556953,0.5747758553807977,0.4396904405915075,0.05761856486540782
2018-04-02,0.8437031040914521,-0.16542633625089204,0.567732059373481,0.3139828333177771,0.02994909223506348
2018-04-03,0.8457926209349101,-0.00688044247112318,0.6162174685437667,0.35213900290696254,0.006291643868546937
2018-04-04,0.7338646103022457,-0.19812125549973297,0.6021689813452883,0.42822035240409223,0.08757091928955962
2018-04-05,0.7111391169349287,-0.02998754469237516,0.5890225669746324,0.4367700463169888,0.09266107985346603
2018-04-06,0.8617376200865461,-0.0749621462546166,0.5074014457377156,0.34968698649687924,0.0387370988562047
2018-04-09,0.7729421319441154,0.05314111216254053,0.5883079536212382,0.25113515400396413,0.05803237921327384
2018-04-10,0.7993998284616443,-0.09901870251411433,0.6149052629515108,0.25242931913288524,0.02009310122312793
2018-04-11,0.8295743714253333,-0.05462739256847537,0.6249674691517841,0.3823103738873273,0.05948969809304307
2018-04-12,0.7487586887887153,-0.1370573512538749,0.5991116160406296,0.5373179185328317,0.01503887636465855
2018-04-13,0.8017550289695595,-0.00792608058169998,0.6792859017364972,0.3195361233669859,0.08900122818794731
2018-04-16,0.7946785152069844,-0.32330511073291324,0.6632484208790452,0.4100223231613857,0.041320244103268046
2018-04-17,0.7264939224647176,0.06693027039746739,0.631477171210834,0.45948847314728947,0.06364010126282493
2018-04-18,0.8332298060968544,-0.05707843640788708,0.5274498692250595,0.34187305459686923,0.06061704237587804
2018-04-19,0.7797802907630315,-0.23593672662389387,0.6904609976670526,0.6007766758040951,0.08174209110307888
2018-04-20,0.7524254533584849,0.012835102901970687,0.5771048220919615,0.2395047152014727,0.06084905664056276
2018-04-23,0.8263232954635804,-0.2581779257513979,0.5857729872717832,0.21699715848099763,0.021086162216817396
2018-04-24,0.7170007685008308,-0.2823664825199597,0.6368905675523042,0.5118259557879953,0.09858966674034893
2018-04-25,0.8190445826157147,-0.011635232211244765,0.6752430426135769,0.5179188203382638,0.015082137698066756
2018-04-26,0.8637903129857044,0.3174419821970203,0.6140127895656488,0.45286935948346596,0.0022122760409016506
2018-04-27,0.8092734515822624,0.3584432275124793,0.5968436504832707,0.4674448509844358,0.06116728345418933
2018-04-30,0.7361825170770018,-0.2753628850947249,0.6280606543161957,0.3617870922117712,0.026671460778671954
2018-05-01,0.7647629960339235,-0.3833255525346548,0.6019079819503839,0.5338386171942846,0.03726868932491482
2018-05-02,0.7452348571824001,0.15214498893112247,0.5567830554689509,0.44670079686285,0.025714582481706594
2018-05-03,0.8339069216033062,0.0779321097008519,0.5788245156709472,0.3257407389323131,0.01466647656308
2018-05-04,0.7611368452557461,0.16557256728935862,0.5115858363714448,0.3762401897047628,0.015376096583135535
2018-05-07,0.8489011181948618,0.05005692336321419,0.5691290407961145,0.3902746083574565,0.05673045229046745
2018-05-08,0.8330219434251358,0.0041491478077846575,0.5368134466086439,0.34142266489660894,0.012636419862389104
2018-05-09,0.8178731006856147,0.24625912010158355,0.606552154957606,0.23344703217697932,0.014078901140228695
2018-05-10,0.7568754507072957,-0.2726962988359671,0.5171423940756164,0.46880734254405054,0.09062801273640847
2018-05-11,0.7661828477775401,-0.45801718758511367,0.5875324202373451,0.2553437639600996,0.09229617797644947
2018-05-14,0.7417883194882665,0.15542318738972147,0.5763785094217797,0.5096831489840035,0.0648190367502744
2018-05-15,0.7759278834090874,0.17194566977493034,0.5908010400259001,0.4337761478204793,0.09923701936287113
2018-05-16,0.7263163584308582,-0.07789532810216164,0.6635286968745369,0.30972404540474313,0.0925265796813834
2018-05-17,0.7578727980732631,-0.16326913549793343,0.5888708412299704,0.585843939964132,0.03458719314782415
2018-05-18,0.7804252090443581,0.08870620847385369,0.6478889728220941,0.5412326366821856,0.04820491835081271
2018-05-21,0.746554728229357,-0.003029041804576407,0.5782354217948928,0.4403097525512203,0.05371238142359863
2018-05-22,0.7719600276823536,0.10995802885954342,0.5409915370724723,0.6277450727362752,0.038116596468199926
2018-05-23,0.8062365453750202,0.4251426436428294,0.5372246975927673,0.22905036737712892,0.051793522255114056
2018-05-24,0.8297173985232971,-0.3083676338148929,0.724152420172157,0.37991675041062717,0.06688522875588716
2018-05-25,0.7146928769078956,0.09287040907218566,0.5836496396012466,0.5649934951157971,0.021459473808899756
2018-05-29,0.8539330324937628,-0.09255711627587959,0.5115148919534126,0.4588971699088422,0.027359951445084997
2018-05-30,0.8589573453015302,-0.18632726136611977,0.4889242420379539,0.27791502443565386,0.09311601101767746
2018-05-31,0.8718817518740132,0.49615713452417315,0.5780155606311664,0.47102711101046246,0.07290780644578511
2018-06-01,0.7375747883670638,0.6109480393562445,0.5155561759828445,0.42635876075120216,0.0503351890218016
2018-06-04,0.7290631590188075,-0.11156108881576776,0.5842178637919777,0.4530640767208939,0.08603057002970638
2018-06-05,0.7617828311999818,0.3848564963295849,0.5890276898213674,0.5526438948245458,0.05048422067602089
2018-06-06,0.8383789234929091,0.15803319893712206,0.5478611772103816,0.25927369861917593,0.04521771007923106
2018-06-07,0.8798475075165884,-0.029602474205698576,0.6085314602447124,0.5339433026107581,0.058216141559865354
2018-06-08,0.7012541383606247,0.06614980991902679,0.5529444809274482,0.3765323689451391,0.08922212384548683
2018-06-11,0.6700336772788922,0.14020005050862236,0.6115199683336796,0.44667135213054987,0.01820021727305945
2018-06-12,0.7394741910597861,-0.23357137819018556,0.5881627575079174,0.34204878615207446,0.04693358512905548
2018-06-13,0.6774176164929382,0.014924773030332095,0.5879605617817689,0.3227489271388698,0.037677061430045115
2018-06-14,0.7626101491223737,-0.060844384577640825,0.4735035690071666,0.44557603762112036,0.060842586583686256
2018-06-15,0.776690173753505,-0.12959241387190745,0.5183670778211814,0.40650361147011066,0.0012352497975076427
2018-06-18,0.727995480661375,0.038011983325730254,0.577268282659219,0.24633924221690784,0.08553611267602472
2018-06-19,0.804756424568186,0.005469510140725199,0.5545139477845104,0.5090898870933374,0.0494402232081381
2018-06-20,0.8107412619578319,-0.2644328269482051,0.5113424729754649,0.2997439816034676,0.06422617969869153
2018-06-21,0.7547869060971427,0.23909147692647173,0.5648873658189845,0.4915100638550892,0.06384461342350549
2018-06-22,0.7178856995348423,0.2982183092569289,0.5547210262776997,0.3257341931817104,0.015741817887931664
2018-06-25,0.8020336380283984,0.13363753286559846,0.5476017005093834,0.35890625765948764,0.09969483857782697
2018-06-26,0.8042889205740421,-0.02926207944187862,0.621293453910569,0.46009020299624315,0.06747089854844297
2018-06-27,0.7571292887272174,-0.3004768545084673,0.5581819220642731,0.32873277332599626,0.04002502378444164
2018-06-28,0.8193202997079034,0.09166599386724655,0.5357818413170824,0.44523076936901673,0.06676001468839492
2018-06-29,0.8887803779334619,-0.13212739711235974,0.49707873665697627,0.4263743364529638,0.07170622378528951
2018-07-02,0.7831863848618542,0.08184016578150209,0.5409201057666289,0.4429975614553191,0.018197911320599804
2018-07-03,0.900835020196409,0.018307482764128222,0.5336084330818536,0.36283674434019375,0.0205370934459443
2018-07-05,0.821598721054028,-0.0075186442695139785,0.5898783114232173,0.3331069570931328,0.08685031660311777
2018-07-06,0.7811820070761547,-0.01298885887285308,0.49197363516239356,0.6208490035457153,0.019955616674560275
2018-07-09,0.7200476218921932,-0.07653619180440986,0.5820154088272885,0.37248463744211163,0.09953954081053283
2018-07-10,0.9008729016936875,0.02237687262362334,0.5088881454714962,0.33930766134230883,0.09985849314077941
2018-07-11,0.7214368471727578,-0.022650632175451522,0.624542859415822,0.2413974717538735,0.008691789785326432
2018-07-12,0.8203372039000281,-0.5151700936251066,0.5003101541465971,0.3029561624708248,0.04999548360533416
2018-07-13,0.801088846439399,0.1287944862175724,0.5605942642247728,0.2605399212882572,0.06600975402940512
2018-07-16,0.7585021780145152,0.3949933056679061,0.48132868096054715,0.42883002646499346,0.0084727988784834
2018-07-17,0.5939642382997632,0.028254852251986925,0.5469604911260942,0.5053122341888695,0.08355157294494964
2018-07-18,0.7558809518526588,0.09334414592830786,0.5254639397778038,0.5533343494561959,0.05350929130427168
2018-07-19,0.8219407289354802,0.1924936928207034,0.5124886416856242,0.3164516102475726,0.062156084590074795
2018-07-20,0.7019018342154728,0.1873862143795746,0.6027711827197368,0.3953095382243767,0.05091643600696414
2018-07-23,0.7054787848458656,-0.40664054210651335,0.5628536816115551,0.230592803744194,0.01039616453134863
2018-07-24,0.7188270722414698,0.07121044190931769,0.48090103481121654,0.44322969866188777,0.024920560619342915
2018-07-25,0.8427306775868851,-0.32371306833064717,0.5362467652608107,0.28062369672754045,0.02344332804987427
2018-07-26,0.7793171839499444,-0.034962647658563904,0.3787468109236807,0.5966090452513872,0.0077687648319463955
2018-07-27,0.7338854671976456,0.1406494769966472,0.49641716070676756,0.3761763142641869,0.028706655130648774
2018-07-30,0.7177033195657525,0.08599795529415864,0.5215745900799499,0.31696783715062365,0.05472661974226998
2018-07-31,0.8381511908458091,-0.022443068694194532,0.5164793958826173,0.2733149751922308,0.00299625283026741
2018-08-01,0.8340864878006576,0.10648875048521567,0.4765969006677929,0.42435873582454847,0.06933103572046037
2018-08-02,0.7319544326876894,-0.47002977895465564,0.5691520716486967,0.4219523979004105,0.09222554597384065
2018-08-03,0.7582110711538039,-0.13080544434942348,0.5132158946674215,0.32227840580235423,0.062447404285358
2018-08-06,0.7490084001253987,0.1923775473564568,0.5511437470002021,0.572458801378835,0.09025973766249364
2018-08-07,0.8466177666370743,0.20575670093355247,0.44424569681101567,0.3594862459065575,0.022496260219075883
2018-08-08,0.7793873549237252,0.3544353677563018,0.4693098601267765,0.4106898288048322,0.039779374956045825
2018-08-09,0.7682007911756398,0.21621923322213893,0.5420526084750389,0.3952636543081974,0.021765404375080212
2018-08-10,0.7571813863854792,0.05385163988958505,0.5395209550378363,0.32253905955702755,0.07021497486837641
2018-08-13,0.7940912037313436,0.2926280627312549,0.5412024307356489,0.4562192990449167,0.08053548543646077
2018-08-14,0.7352211243941652,-0.16529306562875667,0.4928573083764132,0.299017033078128,0.06199877660506525
2018-08-15,0.7253260364105393,-0.10597386618357443,0.5382084548343627,0.3962857582056771,0.07422813269686407
2018-08-16,0.8001563586448697,-0.13515020381549767,0.48847746987942964,0.30916214873662223,0.029309902002883328
2018-08-17,0.7767401590493759,0.037746929658606286,0.4854155258134798,0.3673059477846394,0.09982612215730827
2018-08-20,0.7744537970015446,0.27854801184919203,0.6091719916301828,0.41350526471091803,0.060408710002238186
2018-08-21,0.8280303012377789,0.01664840654470743,0.5487943259432717,0.36492596678119327,0.08323958115778263
2018-08-22,0.7001592144084845,0.3749949322398156,0.5070110137910854,0.4588679108914646,0.09286287959071227
2018-08-23,0.7661426005200744,0.02854880643972913,0.5233205969236934,0.3645838608050979,0.02218756018524214
2018-08-24,0.7609864166267386,-0.13863374176693943,0.5260522884707172,0.3189252866176953,0.09671177661546461
2018-08-27,0.732001011100783,-0.25028549367456304,0.4825810627619273,0.25507679866655303,0.026946193657765863
2018-08-28,0.8067296171886209,0.041610794306738946,0.5211204705350314,0.35684041803107447,0.04527779086758299
2018-08-29,0.8178283950345258,-0.2123603421477506,0.5852532812512965,0.43634301155597843,0.04581984476667353
2018-08-30,0.6996095669295547,-0.005856527975394394,0.4545996384984683,0.3595099470003277,0.09287539634492908
2018-08-31,0.7912735361128957,0.18609139966581145,0.514793631238076,0.41590625841678475,0.05224986918371769
2018-09-04,0.6789496751229616,0.18369151591214325,0.545500243868092,0.49525331959742536,0.027865955637125496
2018-09-05,0.8183572703019378,-0.23789080943656177,0.5812087692986623,0.504549149341726,0.06342115186826758
2018-09-06,0.7993462757654798,0.13215850348132638,0.44598022928994346,0.3748718433362987,0.008388936364969525
2018-09-07,0.8033049281235268,0.29323247393551605,0.5338319810870501,0.18070425940009174,0.050180416699421054
2018-09-10,0.8229357361236848,-0.03495724212083722,0.5440198329871543,0.2959508647365105,0.0038017021207270908
2018-09-11,0.799211379144921,-0.29873428749315306,0.4834362975041695,0.5006754877423626,0.03398992675633912
2018-09-12,0.7762378277476079,-0.08840119441439737,0.47046291054808015,0.2658030136807491,0.037204446621314106
2018-09-13,0.7128228485911907,-0.0986539166888494,0.5256774540764186,0.4168921606144767,0.09085004401041
2018-09-14,0.7217511511491196,0.0044805162913295745,0.47987908884224995,0.3232262029540029,0.07765988601092151
2018-09-17,0.7547484114013501,-0.4113060160828701,0.43662887600601036,0.5106385519088081,0.09658517515135553
2018-09-18,0.7092253311228665,-0.06445560282205766,0.4881074793077156,0.3627242483028369,0.07706274172058908
2018-09-19,0.7448802216541947,0.08797135870798381,0.49627614152269023,0.3094939878064678,0.02819516702672478
2018-09-20,0.7971076893204452,-0.21533395439401706,0.37708795648309085,0.2873296652911858,0.041012848672215954
2018-09-21,0.6888223329362315,0.03976634617656302,0.5138618552779805,0.38988613097790364,0.07847787330262446
2018-09-24,0.7286125017105453,0.08412656650457744,0.47481896784994054,0.34837126580403666,0.09923545755687735
2018-09-25,0.8519195416568579,-0.13072721207642823,0.551057537130526,0.27149961969070047,0.030694506706429682
2018-09-26,0.7282685648104498,-0.35926424796338186,0.4514379357297744,0.3697483655602136,0.07457755126555381
2018-09-27,0.8017178780365761,0.31516226734514746,0.5413172241397987,0.40116624500132364,0.003739976549226221
2018-09-28,0.7905292480677433,0.13931073192514998,0.49142789554558697,0.3448327125252006,0.000988963847375246
2018-10-01,0.7649706409223407,0.10600892697677192,0.48362655668641275,0.4424729324076772,0.07164842270151073
2018-10-02,0.7677705707456733,0.33121992923021204,0.4792888315560982,0.32434441328627545,0.01744969799655215
2018-10-03,0.8319424731991865,0.13634735284225433,0.49790872004260794,0.16284126645596772,0.0197677155951417
2018-10-04,0.7394320976776522,0.173943281930653,0.43298018797612225,0.3040754087483846,0.01748539064968262
2018-10-05,0.7797464404636895,-0.1868553021847078,0.5209033030161344,0.30299862470499744,0.09026328550752259
2018-10-08,0.6912475384134087,0.18734924915985798,0.5359667416730614,0.2446188565597176,0.002278458104725756
2018-10-09,0.8321946989266475,-0.045216636866755484,0.5146160703802222,0.3279368963767693,0.04825759278915279
2018-10-10,0.7972046876228824,-0.24371204197697988,0.5344821396604009,0.49430637452425646,0.07319917293995477
2018-10-11,0.7031337260038912,0.1590268612977777,0.5504353022552964,0.26263864653738067,0.6572411930921975
2018-10-12,0.7925694169302344,-0.04051957447861694,0.5214637987257142,0.25462385135125276,0.08363818794942647
2018-10-15,0.7800484876849552,-0.212545115148094,0.5206041706052525,0.47779962011783383,0.018441020262956322
2018-10-16,0.7749145748670007,0.2134210891970738,0.5225176752289205,0.3421750948284805,0.06726178808483707
2018-10-17,0.8392018989348029,-0.2574980369544091,0.45260004095272666,0.46344422628878995,0.042957383429830354
2018-10-18,0.7837904444828245,0.37212081421198473,0.43872480390967455,0.4788671406355879,0.03187280393403907
2018-10-19,0.8559607111931741,0.37320923182556803,0.5581491291338213,0.21238943596014892,0.09852197075701588
2018-10-22,0.7691287443565209,-0.0581136706765995,0.512302695725384,0.3332798655284736,0.019674607056265794
2018-10-23,0.8129474141524982,-0.2885571697535328,0.548711888254663,0.30641447294751134,0.05736375960364948
2018-10-24,0.7374845284000072,-0.21671687234699172,0.45442861170631466,0.3748785632284153,0.09825342414456284
2018-10-25,0.8073037568381259,-0.04618074481202394,0.5928945989746122,0.49767356488012704,0.09620905377140611
2018-10-26,0.8165028067599516,0.0862515900860551,0.46211720622978636,0.30518293919276956,0.05588507414170499
2018-10-29,0.7555196722039493,-0.05532136913830954,0.5272489161444781,0.3052090533678378,0.06940048231827771
2018-10-30,0.7275064103060351,-0.21434172727530837,0.5213020114057818,0.3937310859279368,0.09498161097144214
2018-10-31,0.7722692153879906,-0.3885500045776423,0.47566232456719887,0.5103335956211399,0.09056226215264018
2018-11-01,0.7684573396280893,-0.28008511970833466,0.39723960077948733,0.48423891808817154,0.09493424724368274
2018-11-02,0.8099575664304467,0.33687199631637227,0.49485093387562956,0.4745538882844764,0.0723351776106944
2018-11-05,0.8055037720941959,-0.3237558151979216,0.5040864221396109,0.3067060549694411,0.09762961234130502
2018-11-06,0.7285130541663317,0.029833512206902998,0.493687572528339,0.5786444882806956,0.08144611933506035
2018-11-07,0.8200819166319435,0.1403255318568388,0.531667428604656,0.30841777847599866,0.061938709601326705
2018-11-08,0.730734790416816,-0.10107557470442903,0.419923538979701,0.6111511921330786,0.07960713180915525
2018-11-09,0.7406794877384124,0.05909479234121015,0.4388617633015775,0.4663168059245204,0.06276672266402036
2018-11-12,0.8988399171717737,0.07452576801779491,0.5211121395026096,0.26277051811987295,0.012497713957813539
2018-11-13,0.7901090182779503,0.17350095328555382,0.4941375159800015,0.30509428628599716,0.08241928821091618
2018-11-14,0.8383253659565243,-0.008064112269409974,0.5503203335369518,0.48450196589791017,0.07319131781706038
2018-11-15,0.7799258363170026,-0.37915484214600337,0.5613084506852174,0.4221289393418798,0.0009215563995106813
2018-11-16,0.8732572834664429,-0.16748118391048009,0.5203996043206022,0.34620135925647744,0.09260502949432722
2018-11-19,0.7079048548426814,-0.040783472426090775,0.46937732078126293,0.44241031237015704,0.0241227945662045
2018-11-20,0.8223612183763305,-0.17278582026767994,0.4678270316988979,0.37035854865633033,0.0282815633392994
2018-11-21,0.7238033194266149,-0.14766234785633703,0.48054436966557446,0.47874885363756464,0.06475305322884638
2018-11-23,0.7543144268062797,0.31428407812962234,0.4292394324283113,0.4401668608816713,0.09093539400956563
2018-11-26,0.7713906746199911,-0.02149946891104347,0.5599113473097913,0.3339784675411989,0.04927060462696423
2018-11-27,0.8149194800005017,0.10581635222536288,0.5253507262686842,0.34458304939587037,0.03316454871832075
2018-11-28,0.7531496349773149,-0.09853742720859042,0.45793370571158726,0.46743382902237424,0.07326693390088981
2018-11-29,0.8476759520924197,-0.15630672899112164,0.5490078322114689,0.41659351590247373,0.010495242543943118
2018-11-30,0.8220838128399899,0.011741254815175288,0.5397425200790595,0.43445387034351335,0.022304976805839795
2018-12-03,0.7941752060698328,0.06161051795920456,0.5514372284756685,0.3763339091877164,0.036021937605681585
2018-12-04,0.7181430184745463,-0.22335119381739965,0.502021981529925,0.5528520227567144,0.04811392777402149
2018-12-06,0.8360669013581942,0.01019509120034936,0.4902737757646998,0.4745411844244513,0.05281650214815014
2018-12-07,0.7944793568233952,0.33253506424300544,0.5314991939265621,0.6059663395098348,0.027908021330331868
2018-12-10,0.7190866256076611,-0.18903426719637628,0.6191782889088084,0.3395192813874015,0.06113891303130917
2018-12-11,0.720093453585493,-0.12471792776660214,0.4444308086104844,0.5268748651709301,0.053105750232774224
2018-12-12,0.7405155042075732,-0.40043639334330294,0.5207536444023104,0.628653442728879,0.08769488836347716
2018-12-13,0.7596123891910328,0.11291436240698782,0.5656092951114898,0.5808168137679485,0.06730867789045904
2018-12-14,0.7977481146900092,0.06913223590307935,0.48108834888283203,0.32752992061964287,0.05398626103790323
2018-12-17,0.7423235554848564,-0.1378479846014951,0.543321893985728,0.39840606426631364,0.08546633469850219
2018-12-18,0.7338009375003216,0.1819609137345399,0.47131768483711617,0.3286403648451307,0.024382261085218394
2018-12-19,0.8064725298105329,-0.012598034757873595,0.5791770972329068,0.5014196272900021,0.06830401891195419
2018-12-20,0.7424183280619084,-0.030268012159762617,0.5612214103271315,0.2668369765548489,0.04081113954790697
2018-12-21,0.7706121514215651,0.2637501548977742,0.5507283466875655,0.416431460996395,0.0809663623579902
2018-12-24,0.8017904450454759,-0.05815737879663257,0.6400422457192899,0.3755249241749676,0.002114746646076937
2018-12-26,0.7824441960122032,0.27334997527188903,0.6187956971905546,0.43836590775695555,0.07219842478077737
2018-12-27,0.8084654505306191,0.15018516182650776,0.5576991791558379,0.47443456232435743,0.07615864797333532
2018-12-28,0.7512936500893534,-0.1937106168253101,0.5359239687312634,0.41344102826541795,0.05704809706892386
2018-12-31,0.793549779905864,-0.02100643986146312,0.5490771561777159,0.3910188876309809,0.037233806125559044
2019-01-02,0.8451608039756602,-0.10134128799138986,0.5107875336152414,0.39367825223016223,0.008675464770220477
2019-01-03,0.8372193782420004,-0.24025387004029553,0.5644541619450394,0.4538088583861454,0.06009633745543935
2019-01-04,0.861326375294359,0.3106205907591686,0.5526552753767502,0.42473078121300323,0.046325106808900424
2019-01-07,0.761647306517337,0.03768035152640733,0.5541755832727723,0.4466986297552287,0.06795317023323134
2019-01-08,0.828678269666985,-0.04330166729902685,0.4965126383933313,0.6559885818410794,0.028272970073835092
2019-01-09,0.7049729235183385,0.356768109872879,0.6132980375858104,0.37088069750487956,0.08908830091389651
2019-01-10,0.7121179743760082,-0.32754323992831197,0.6642525509790331,0.6219074328746261,0.09234667218836072
2019-01-11,0.7980944993790463,0.16238802005319675,0.4920315611918781,0.3210523386631644,0.012348919559392359
2019-01-14,0.815006705619952,0.14638123102311415,0.5325338183037683,0.41266552415173924,0.01168670615986448
2019-01-15,0.7418804507880541,0.1400573529472958,0.5411383819940122,0.39732944043323254,0.015495473750305433
2019-01-16,0.8076585982702789,-0.09757432054917296,0.5405982200219993,0.5139984402807263,0.04517927379678423
2019-01-17,0.8844616996725668,0.3699063339862539,0.5938856226367063,0.4395316327779237,0.09015921688317663
2019-01-18,0.8078206912678099,-0.05763820154766519,0.5783292817709276,0.5201546973141584,0.08904424855291129
2019-01-22,0.7694393604756373,0.007674223179046783,0.6055017418246509,0.3143637643475972,0.09003924583076373
2019-01-23,0.7448924594364754,-0.12417878387103898,0.6912328755808101,0.3404401469719778,0.05833001896799903
2019-01-24,0.7793074150144902,-0.2871638418264082,0.5251670165386795,0.42297575098946855,0.0012905598712705136
2019-01-25,0.7809753916728618,-0.08022452252224321,0.4591057964231954,0.441546982940736,0.05527915468843589
2019-01-28,0.7953051571624803,-0.08776728899510276,0.5268261877363837,0.2419446224060464,0.02552104647626027
2019-01-29,0.8069227332107862,0.05235483798369977,0.5788825621680549,0.4104117999358637,0.0643485946958411
2019-01-30,0.8030880864983088,-0.11470599381722874,0.5645938337466304,0.3047684876331491,0.03348913595834948
2019-01-31,0.8645474071979365,-0.1846285734869848,0.6037867411104165,0.28938402647521655,0.013621822156834051
2019-02-01,0.9239335695795439,0.033966953388626785,0.5313209306909445,0.43619358159197064,0.0064194489197618165
2019-02-04,0.8112052300238944,0.025884800891381194,0.5406865442049534,0.37599403101243223,0.08450282713693269
2019-02-05,0.8598051124845825,0.06131251277921215,0.57979169972487,0.25870044200340414,0.05256318628230192
2019-02-06,0.796367865166563,-0.02567456946367824,0.5599774258651202,0.42987691094950486,0.06343766830679859
2019-02-07,0.840457369459926,-0.04011723780838832,0.6687504076366512,0.3681693902757809,0.03741804828264098
2019-02-08,0.7244518033513608,0.037873285834155654,0.6661754553372192,0.3287224435266323,0.05178369939276589
2019-02-11,0.8172458951281603,-0.24604742128830523,0.6010418945885596,0.41613067923762365,0.07280398151897345
2019-02-12,0.7801488252570513,-0.056735323298790497,0.5943824329349611,0.4133477565456383,0.037807309659330504
2019-02-13,0.860509392228904,0.08125146005453743,0.5439198149255067,0.579058608095905,0.09686832926837378
2019-02-14,0.7597918758191695,0.23868497715485582,0.6307576560041053,0.3746242294320499,0.0979705074714328
2019-02-15,0.7912662422140895,0.07600212178841782,0.5773013160115926,0.31196024779017684,0.09504525874060438
2019-02-19,0.7847676620029223,-0.3685032137061086,0.606077362016776,0.4307572216570994,0.06556489032416139
2019-02-20,0.8079205104047138,-0.29771295016455984,0.6121276023659079,0.4635190020885688,0.009285769440746284
2019-02-21,0.8650496114378698,-0.024239344154422575,0.6522383893089998,0.397764044442197,0.07356741775472507
2019-02-22,0.8012202484278104,-0.18180957280934387,0.6076974763900671,0.48203195554271694,0.004399631961183525
2019-02-25,0.7913175410803134,-0.1591736281265515,0.5550372254873934,0.6400277518791245,0.018454206493585746
2019-02-26,0.7855810448029552,-0.3267031090368486,0.5864453060865109,0.38584341740818706,0.012023808861702012
2019-02-27,0.810313236481731,0.09293057033330604,0.5077191745269345,0.5070329951654299,0.06183345547075361
2019-02-28,0.8404519259723328,-0.16432044286140146,0.6329056250778126,0.29016450750010875,0.00992103896355413
2019-03-01,0.8144692370613381,0.01627517712652354,0.5411572924985243,0.5732316360746008,0.042894416426902796
2019-03-04,0.8613073799615523,-0.0815941614546504,0.6158073606970182,0.4529194618140492,0.07102506933725473
2019-03-05,0.891693407253912,0.17193899418669564,0.5529412094159097,0.4692511445895982,0.07701376491777757
2019-03-06,0.7764165429109948,-0.17801436960188166,0.7103245163317629,0.5652372775221363,0.06382980462191983
2019-03-07,0.7424320037230593,-0.10715385740977888,0.5373205734891093,0.4029485320296896,0.08786197066504685
2019-03-08,0.7933908409046282,-0.07452331600167326,0.5644733015626014,0.3835474452520132,0.010958453090135812
2019-03-11,0.7959820559248245,-0.2251469865909106,0.517565184390719,0.4580699117370548,0.07964712132253972
2019-03-12,0.7524713675390922,0.35841314653300943,0.6500714147023041,0.3580627661573279,0.044653424499782636
2019-03-13,0.7777950945957888,0.12745058016685404,0.45905194264146243,0.4375805339264787,0.052814551774691465
2019-03-14,0.8002679528324627,0.1853665382944382,0.6351213157352941,0.348476438395914,0.05461502445400882
2019-03-15,0.812748272827824,0.025100936024246536,0.5972043501366803,0.49946072485243764,0.009490515420965396
2019-03-18,0.7641769786205657,0.03239868249991527,0.5948568349113487,0.4495800472163113,0.08684433097688472
2019-03-19,0.7883663296953476,0.26798314765524794,0.5949250562160964,0.4725374085896744,0.055313005640817696
2019-03-20,0.7925792352320281,-0.3935283283335398,0.7200158245298707,0.5200051702887375,0.08148573414007824
2019-03-21,0.8363564727311364,-0.21495750311011036,0.6115220099010359,0.6235366657506797,0.056016559413949576
2019-03-22,0.8265442535243636,-0.002367432414209652,0.5825074864600046,0.347165006638389,0.09884857733852925
2019-03-25,0.7659044620461893,-0.02377055420973509,0.5863240321742147,0.42473491542561653,0.06163648024832096
2019-03-26,0.7600774861214676,-0.08188070536998038,0.5137025568412483,0.39445045075545654,0.0828482924625231
2019-03-27,0.8283296452593877,0.33736274147566847,0.5669513209747336,0.19653558359626513,0.06769124766545344
2019-03-28,0.8361255135437125,0.02120224669135827,0.5548605584320571,0.2801833612438699,0.02394774588686679
2019-03-29,0.7294099563864785,0.24837245547820874,0.5478699816973179,0.5479029458501411,0.073627486283791
2019-04-01,0.8084048156201535,-0.15671649731077109,0.67334447455238,0.547034827497978,0.021738128148806702
2019-04-02,0.8557526404295116,-0.1488721547053737,0.5917830824388304,0.4019472935237658,0.046907158283083256
2019-04-03,0.8343837831401846,-0.17393458905437734,0.64587432600471,0.4578823822203705,0.07361998297295655
2019-04-04,0.8315240538197703,-0.041072351453862836,0.6510034561719769,0.36629824001820877,0.014900801488610905
2019-04-05,0.7006913167979539,-0.32346131835107056,0.5940798132668199,0.3486727132209368,0.06634608913420567
2019-04-08,0.8339743383668808,-0.15485106952201858,0.5565041587309678,0.278101095951091,0.07993351814887104
2019-04-09,0.8524073418894322,-0.30660549406513854,0.5936860746868067,0.37084325373296834,0.020978273084456347
2019-04-10,0.804787574373527,0.10725569886739293,0.6233409919132027,0.34323434716525547,0.06451446427297483
2019-04-11,0.7452427631903401,-0.2829387350203338,0.5439011620746974,0.5552637962371243,0.06378187187125973
2019-04-12,0.7076801488272143,-0.12777847594861377,0.5627684412282218,0.3159413005119533,0.03548304499106369
2019-04-15,0.7959971129099456,0.10979620459737832,0.5623281064657688,0.3116136462711224,0.09893453260750847
2019-04-16,0.763125863080969,-0.30170204840731674,0.6263486686214309,0.35383965426081637,0.016316019348001778
2019-04-17,0.7473511424687502,-0.20176268778774303,0.615475261814669,0.40248350764254487,0.07436772429951581
2019-04-18,0.7368865533970003,-0.04241707360381696,0.6054784187731249,0.3980133011761079,0.005624012807693902
2019-04-22,0.7378733298040221,-0.24650400431482683,0.5701132971773469,0.4226943839498458,0.04849849851494251
2019-04-23,0.855969740813591,0.1089922128841253,0.5963336967902467,0.35374018227931064,0.027430516823751486
2019-04-24,0.816153136355842,-0.05749770329269414,0.541789064255626,0.4248777352934468,0.021698961835648758
2019-04-25,0.8904164257880145,0.19339436206263708,0.5829485518149218,0.27559189765689374,0.08386252278942127
2019-04-26,0.7990543573017316,0.050760033259138304,0.6639952219190467,0.5008337276505959,0.0710757659841208
2019-04-29,0.8515873665136838,-0.20226548370686165,0.5247438545510729,0.17926029804450688,0.05629522273088866
2019-04-30,0.783229762221279,0.031614335081982456,0.641909924980823,0.4673147194402022,0.049835252177165196
2019-05-01,0.7568585337478224,0.03473898135045421,0.6148546994585923,0.5595142308692259,0.09201126585585495
2019-05-02,0.8339171048310864,-0.1296250016974188,0.5831556822175347,0.1719235161020652,0.051853160667324864
2019-05-03,0.835527060815933,-0.4022878854949434,0.6280083762122253,0.41714082616115067,0.03454538838958583
2019-05-06,0.7733079390193857,0.05079219776576718,0.5330708263268733,0.480614750320676,0.049745170531780174
2019-05-07,0.747732886685487,0.15976434895947375,0.6136554187754472,0.29664321213386774,0.053926080779591025
2019-05-08,0.9021095535736241,0.24154279123001277,0.5984441767615478,0.29124140486664013,0.05171912028662771
2019-05-09,0.7854595008881832,0.10978490817401024,0.5016146504076535,0.4365254689294679,0.07689686798953882
2019-05-10,0.7570723102285157,-0.1445667828614989,0.6487805147390007,0.3995427050671497,0.06038151973292847
2019-05-13,0.8174395320407417,-0.2013932448916405,0.6618817252349619,0.40926927270371805,0.0722162830469656
2019-05-14,0.7692038019444577,-0.0255057349268909,0.6039245771008024,0.37771184439359806,0.007244749502201154
2019-05-15,0.7948266518349287,-0.26392349933472314,0.5572673124721299,0.5850641431326992,0.018126484907979145
2019-05-16,0.7838960326322848,0.13732975348602913,0.5248960686666511,0.3238896096258663,0.08183681973698975
2019-05-17,0.8530205560538145,0.21891378713539011,0.6402917986495257,0.24645267346230115,0.025118637569218463
2019-05-20,0.8558590531045763,0.010964941458319569,0.5413710606512679,0.415462860677921,0.0032509247347490278
2019-05-21,0.8339178294230606,-0.006115266172161618,0.5881757079520151,0.43630919438132076,0.06274902848562985
2019-05-22,0.7421185960604554,-0.1301571840411252,0.5948883331915605,0.26817823185441547,0.06250298028747396
2019-05-23,0.7777399046699149,0.19132122333104645,0.6100053607388537,0.3936222285760198,0.0029021452414404016
2019-05-24,0.861617712354786,-0.05632916518260304,0.5800668454838073,0.49910695514810205,0.08948477771696284
2019-05-28,0.847284149509812,-0.26202932156773723,0.5680621074499098,0.45441817745706053,0.06665903019237353
2019-05-29,0.723480848331606,0.017069101678689972,0.6121995956042572,0.37784979794996737,0.038658740485539404
2019-05-30,0.8032052883960888,0.04761779694879653,0.5880151434163409,0.4833305476543444,0.0805818173721165
2019-05-31,0.7752297757170055,0.14586659931280174,0.5794250126306565,0.48835671167328804,0.006189082156878534
2019-06-03,0.8270131763391334,0.044587597090082615,0.5555917510470683,0.45161860524207237,0.0243393281605363
2019-06-04,0.7862424077679795,-0.09237241659027953,0.6294793440781408,0.304331106722121,5.305872320561234e-05
2019-06-05,0.8831091524412751,0.17665887100370545,0.6575584326273938,0.547540066257185,0.08370723362864789
2019-06-06,0.7669865127954432,-0.2816355890031172,0.5597987805770855,0.41415454842872784,0.016569143786376694
2019-06-07,0.7021840294282045,-0.36851784322542125,0.5838705848956826,0.4872846784150184,0.043085156141947835
2019-06-10,0.8185098189459011,-0.2694838927490803,0.6131093313158187,0.3846183018479095,0.09301368883325636
2019-06-11,0.7411401773748743,0.14915574362377423,0.5550338481500983,0.4150713503540194,0.07183015611607702
2019-06-12,0.8515884497463208,0.2574901904177333,0.47839008799199934,0.4530567660691852,0.07268967512375472
2019-06-13,0.694409773719811,-0.255220592948933,0.5368597496879932,0.34743724191386693,0.08935798288850905
2019-06-14,0.6741513800403709,-0.029562213690356044,0.4951134191330475,0.37730542325669697,0.02001035622275309
2019-06-17,0.8538900827978633,0.1008302043026802,0.500049622905163,0.2339953583723099,0.07373364950194457
2019-06-18,0.7963933427784465,0.05730550978525384,0.5503598359902953,0.4105522840574974,0.07947639015946961
2019-06-19,0.8061565037963637,0.06246894874210819,0.5571591686641424,0.41572219033837693,0.04629195178671125
2019-06-20,0.8366527713436612,-0.38120233775273143,0.5082908627676087,0.4019301540931289,0.09903954237807532
2019-06-21,0.7403152200883213,0.34347074159179347,0.5263367935344945,0.3710032345580131,0.09440136684030674
2019-06-24,0.8074051907621465,-0.11240401919185533,0.5853751673384417,0.5121272930959683,0.073265032137273
2019-06-25,0.6677030309547175,-0.18608410108336088,0.5051559831397153,0.5189294023400278,0.05068027001380813
2019-06-26,0.8350344240657532,0.08524422275124535,0.6400889381555378,0.5329539325741308,0.06338466773629203
2019-06-27,0.8121892463389986,-0.24851200805569396,0.625838401676616,0.507469202012881,0.09294669458100518
2019-06-28,0.8055448100580896,-0.1443131706831942,0.5877446681724751,0.4599109013867507,0.020850182617182012
2019-07-01,0.763171837567114,-0.12626770798770587,0.5228111535664056,0.49479160072196887,0.04968207202566638
2019-07-02,0.7903060549160073,0.40660160196505113,0.4987462158540203,0.25736167119575326,0.08202886963429026
2019-07-03,0.7568075950221216,-0.23992106699054366,0.44539048265019876,0.3367562469890843,0.011899706166092473
2019-07-05,0.7905625604391172,0.12575350617799452,0.5687713802337572,0.4683828123523732,0.03067388588974125
2019-07-08,0.837337289183589,0.004044895356704159,0.5655647355543705,0.3096678991705213,0.03720744599038811
2019-07-09,0.7048674906447739,0.22597513883481063,0.5109168117002197,0.4250237629451483,0.07681989343474921
2019-07-10,0.8202026187714788,-0.04460872877373458,0.5752350673477813,0.21898202952545331,0.03544484942658532
2019-07-11,0.7925983278429893,-0.2511641756749298,0.4903660659604861,0.4376830636950442,0.040310029444353516
2019-07-12,0.8165166217911068,0.07453863590100056,0.5156780576915484,0.44500381171822523,0.018842926551133645
2019-07-15,0.797251699092435,0.3019455212916822,0.6552274617269431,0.3963026372029145,0.06597300022228562
2019-07-16,0.885988897131188,0.22882586517979614,0.4994148644068831,0.3482256592351516,0.034230459946252005
2019-07-17,0.7879989275333158,0.20696467154064943,0.5213646223868746,0.5303370848051576,0.0467341631062589
2019-07-18,0.7764515336588855,0.8011181378551525,0.4755753983782054,0.5295535368937516,0.021804899124211387
2019-07-19,0.8074751311994478,0.30148095159654287,0.5136290505523582,0.3516010531754288,0.0437381321331044
2019-07-22,0.7713405808558407,-0.014443970764989182,0.5149263085462055,0.3845098067224381,0.0013877575014875966
2019-07-23,0.8017849635063595,0.16405585318254556,0.6037902651608452,0.3153510958825502,0.07840033511564905
2019-07-24,0.8505848454718598,0.01764113831637329,0.5033375995564839,0.07846542096615738,0.03929300090341917
2019-07-25,0.7963621283175458,0.04571305083086705,0.5711630949955994,0.4789402564480459,0.07916767326234408
2019-07-26,0.6158956623041976,-0.3426263018576184,0.550279007244114,0.38494907286183505,0.02898785217441511
2019-07-29,0.6996935708585008,0.2791450313512,0.49958397950041095,0.34360698653957744,0.0799717709395405
2019-07-30,0.7872582622426441,-0.018011084066305,0.5275303220827595,0.38678334161608574,0.009770975817391237
2019-07-31,0.7648071369286263,0.192786759511535,0.527670975077618,0.29516245206821734,0.0917081159668581
2019-08-01,0.8569137774008355,0.4461607201087301,0.5206677613693843,0.42690537496023956,0.09373555595829497
2019-08-02,0.8128311809747445,-0.2815999989286497,0.545986451345979,0.454372146511966,0.06539154630146116
2019-08-05,0.839708166216819,-0.12774672263005327,0.42916186064223466,0.3081109944944834,0.06885888902093974
2019-08-06,0.6980981395496937,-0.340639498156161,0.4700794411007423,0.4377949235194699,0.07257845517665838
2019-08-07,0.8114859916541957,0.558622528523631,0.49177489299271393,0.4818800381638515,0.0397434474535682
2019-08-08,0.7591539783893595,-0.20087915992178118,0.5316659005387951,0.3652286068211967,0.0474932942873905
2019-08-09,0.7807035116476793,-0.2383192667214572,0.49457514928093266,0.31995654708507676,0.02077623031680629
2019-08-12,0.8073833263701624,-0.04886698001103021,0.5846766333867913,0.5033739857423613,0.015080083246467724
2019-08-13,0.8359400620923736,-0.21112987001777037,0.5610359729995821,0.41995025874889086,0.021190715817823603
2019-08-14,0.8159913482944292,-0.022147889843710522,0.5419813848958371,0.3921668232312884,0.043823723427477215
2019-08-15,0.8550039419957267,-0.18525143565076282,0.5023747382335516,0.3089935446861349,0.04730981334970973
2019-08-16,0.7831448936236792,0.0831209854418713,0.48500035478421866,0.2975763246697355,0.006896683549037542
2019-08-19,0.7265215901135739,-0.4856842356584111,0.5001212122634517,0.33667979846069196,0.04312944725835591
2019-08-20,0.7251000656188407,-0.36585267658003007,0.522405160074169,0.3408951031174357,0.04763189670394713
2019-08-21,0.803027149388218,0.19821571646563535,0.5786482562790561,0.38539494749728537,0.07217119326709152
2019-08-22,0.7802434338932074,-0.005850609892302787,0.5301815379956873,0.39884128706571076,0.05615417638114503
2019-08-23,0.7483465488078661,-0.21621562113814288,0.4453238730768413,0.29641636065810495,0.05170880933460405
2019-08-26,0.7529264101660963,-0.06492466390142722,0.4940059125481774,0.2714675306524037,0.017885988941753885
2019-08-27,0.8776392639811428,0.1410320139545837,0.49426001352790855,0.49684525819065717,0.05925861167873502
2019-08-28,0.8524040555365278,-0.26070619168945725,0.4382537331538847,0.5082210785813758,0.016191526561632676
2019-08-29,0.7651625825553375,-0.19486874836615647,0.5412424615051173,0.39281373882429976,0.0658426852339056
2019-08-30,0.8173556422953142,0.04542349131187899,0.4886962047635195,0.27454483053011897,0.0701713412970015
2019-09-03,0.863896441908819,-0.07939777740929203,0.4910305387922605,0.43617133288339255,0.029204987058812738
2019-09-04,0.6936522622297424,-0.3368526706008508,0.4975009482341281,0.4592055615351228,0.04761445071301194
2019-09-05,0.8353639832041044,0.049521658060977754,0.523168215702827,0.5580866541170553,0.02189929841317728
2019-09-06,0.8493041215995231,0.046667863010773795,0.5183672258521107,0.48862451464157824,0.044866837992622866
2019-09-09,0.7893410981468479,0.27219856374573853,0.5183712535719937,0.3625308843829917,0.0026394646761099374
2019-09-10,0.7063106846298517,-0.17132143921322598,0.5185680610000327,0.4392550511021968,0.03291901164727373
2019-09-11,0.848535875338306,0.07306425763345313,0.42817907694781265,0.3514809480844921,0.09997924644933458
2019-09-12,0.7934876090435742,-0.23932101963252883,0.5279889649749022,0.4221011935418816,0.03000529842308891
2019-09-13,0.7709791026230316,-0.21740237791584704,0.5023647028235358,0.42865948122423136,0.09093415291479191
2019-09-16,0.8195417741277098,-0.14149419134600238,0.4825904051665442,0.42728611143192297,0.010301144287642117
2019-09-17,0.7181830074486945,0.05439852566564014,0.4675807566001101,0.4633432077840215,0.09146967547885511
2019-09-18,0.7043189654062816,0.06499770509752516,0.4671570462741834,0.3898335551476076,0.02962284222027667
2019-09-19,0.7837675116864329,0.2437264690748372,0.5316151671453773,0.5018315756568192,0.06389541448142376
2019-09-20,0.8261312123900535,-0.12873740376061932,0.4453646850864033,0.3565986424894531,0.09547599900005571
2019-09-23,0.8382471850064975,-0.03198439736605749,0.48077871210919354,0.430718392620661,0.02846497510974141
2019-09-24,0.8105669070416056,-0.08252895988978429,0.5736086700044389,0.6584194025022838,0.06359531981871738
2019-09-25,0.9551727536093618,0.05418232149332169,0.47797462903479637,0.43591221108514183,0.07489389384131381
2019-09-26,0.8065267775083012,0.11455240250548704,0.40828949281060933,0.38017993451341414,0.08396198661510884
2019-09-27,0.8095151026142638,-0.16709092665210135,0.4786810597142233,0.4266909272740343,0.03623138422333039
2019-09-30,0.7816920614009232,0.06350370110395696,0.5140892340539412,0.4316259176580593,0.0738730367038508
2019-10-01,0.7527397040755813,0.36153640166467366,0.46598922540475207,0.4026630423526037,0.007210487738494898
2019-10-02,0.7989825025047516,-0.22493847367971093,0.5786375972651188,0.5262825789122854,0.07944542776396299
2019-10-03,0.8109958971332647,0.11117306182112639,0.4817733538732757,0.4432409892651173,0.06078954391773418
2019-10-04,0.7323462436238883,-0.09239531171590334,0.43153985210247137,0.41529821676684675,0.06790018342834339
2019-10-07,0.8159399388745998,-0.18608649697103274,0.4883026649120778,0.502641064283556,0.04392433757515938
2019-10-08,0.7956439721968519,-0.0986347374199388,0.46930007668273815,0.3177627509689951,0.0036795283459729825
2019-10-09,0.7892222426804044,-0.1860388067243754,0.46155127106356586,0.3253514439309104,0.07009969607529641
2019-10-10,0.7845014714463862,-0.2017103118472977,0.4480296580920545,0.4164740386857943,0.06141041284950748
2019-10-11,0.8311560125530615,-0.024681528858016895,0.4519289840720163,0.3724445838316589,0.08528175193839171
2019-10-14,0.8598937665980697,0.020419277352578424,0.45038878683855604,0.5141623311607222,0.09118055764918344
2019-10-15,0.7747505026846365,-0.04252431273663296,0.45972801729618756,0.32995788353505984,0.08660581817143413
2019-10-16,0.722529169253091,-0.2367050210068166,0.47868767176591476,0.46058484528872357,0.08365766498173217
2019-10-17,0.805508297250033,-0.12666860337791108,0.4573781717980874,0.3950741482049785,0.012921262811423563
2019-10-18,0.8317147168670139,-0.026010438883795457,0.45479620489767486,0.4785258005167312,0.07089518530390777
2019-10-21,0.7268609041783818,-0.016437353641092108,0.4639006476213652,0.30190004538327214,0.046895749267723386
2019-10-22,0.875820216070641,0.16204015213369927,0.44833171440559316,0.4006758855639146,0.05733661221684516
2019-10-23,0.7925515367013731,0.08113607939851795,0.48225931021973056,0.37809332178904564,0.07452513991956386
2019-10-24,0.7306214340919281,-0.005391333560717549,0.5912159515038133,0.4527163224006555,0.08318591229857653
2019-10-25,0.8247363970674634,-0.2145507587743335,0.6075953934731749,0.3581346006855003,0.0029088531298544053
2019-10-28,0.7904155645784121,-0.21936057971080547,0.5274679393266135,0.44272315364979997,0.01471726684533874
2019-10-29,0.7987305028936826,-0.0860762856510661,0.44471784620238486,0.37156493562189563,0.029339211208398122
2019-10-30,0.7613338623114145,-0.17070368368233527,0.49459282588399767,0.3839561891936746,0.023520678882367155
2019-10-31,0.7969694701919283,-0.3811739239596595,0.5208686944929448,0.2117623274193069,0.0822841898653325
2019-11-01,0.7157214758548073,0.369380332250144,0.5569123048551271,0.32795561858683614,0.019297021691543716
2019-11-04,0.8907377494279348,0.06705561563227334,0.4694031509280946,0.4113486595747751,0.04258155835415513
2019-11-05,0.9053882273237199,0.26572054967258935,0.46497149953320904,0.39264525096767955,0.03465455280577159
2019-11-06,0.8456166226682897,-0.1935251177481211,0.5158805048727949,0.5214500451064238,0.07180897572968868
2019-11-07,0.8194412794743797,-0.11913999763076762,0.5359685263052765,0.6284622553597032,0.014615939978668413
2019-11-08,0.8776572072318533,0.07620385688629887,0.5287456713209107,0.4022286208996696,0.07939151717559556
2019-11-11,0.7980723701529322,-0.050892122621995495,0.5214519384754619,0.3924124207205411,0.0832064081418019
2019-11-12,0.7545091315791063,0.07148993535434466,0.6001356802731106,0.542290388058073,0.004252127785237337
2019-11-13,0.8009188305271917,-0.062456654928750244,0.6055807098436357,0.3757888279683639,0.0631901975573423
2019-11-14,0.810543874391218,0.1874788836671779,0.5240418740552768,0.3727686979205035,0.039436152376143466
2019-11-15,0.797761066000883,0.0011906057911939267,0.517805929800816,0.26714060334221995,0.08489978844109569
2019-11-18,0.801980189838899,-0.172251143698679,0.514479477105203,0.16182599516233434,0.00034017331726561296
2019-11-19,0.8317405160044522,-0.3423815140906249,0.4686038543672047,0.5777299229600328,0.00816920479790091
2019-11-20,0.7743230605574747,-0.07299406347868595,0.5547350299947278,0.5064136060086104,0.08680044518686936
2019-11-21,0.776777754014903,-0.039941640234853866,0.5051844925779243,0.3568040326927246,0.04137820029912551
2019-11-22,0.8141772978397458,-0.24222844687115722,0.43187697275884046,0.29581687580758514,0.07168956205890352
2019-11-25,0.8210178559409951,0.2566500477030059,0.6379032054825736,0.3080331590696432,0.027912992435260443
2019-11-26,0.7977253580914929,-0.3483177653878162,0.49811716970096365,0.5380284874953518,0.05107081627660252
2019-11-27,0.8461220082822225,-0.001815197211008591,0.5327453720364882,0.1646148709285422,0.035666615961117976
2019-11-29,0.8898710025263602,0.31440451731786845,0.4513286393484185,0.4016566827606085,0.015102518538919908
2019-12-02,0.9126926669632448,0.07077212474848672,0.4214134105018355,0.39865005988974894,0.09661482872172097
2019-12-03,0.767493378993588,-0.1966538840952274,0.5522883978813594,0.3811990020395245,0.033756574231921244
2019-12-04,0.7917333302229814,0.04066592826145336,0.4753930683398951,0.5959439595274412,0.05373668270514342
2019-12-05,0.7422746272256543,-0.3726487965711886,0.532583328620887,0.5825744514536785,0.03979461117977702
2019-12-06,0.8009188409104271,-0.19922070579371767,0.506213462053723,0.4281719921997208,0.06714402284078329
2019-12-09,0.8974728722763257,-0.2170672660961539,0.4675158277070179,0.4602491481456413,0.09086148721986792
2019-12-10,0.7677522777208042,-0.36444123030154196,0.5703717442219562,0.585799103553474,0.06995704433534228
2019-12-11,0.782058510618111,-0.4015917749401167,0.5320010958020205,0.4722171632750017,0.012654527748715949
2019-12-12,0.7688063999084692,-0.2975547728082243,0.44161579061357376,0.3493404925581088,0.012254735459944722
2019-12-13,0.7439792900252816,0.266970045546054,0.6123925138429318,0.32843841535953955,0.022032813568083898
2019-12-16,0.7897912454377468,0.30158032425340253,0.5619221867948714,0.22145615471010982,0.014728694285182531
2019-12-17,0.7970944366934359,0.12207185425067767,0.5048712034798652,0.4754953099069728,0.0866201098727295
2019-12-18,0.8036209528474706,0.4405034050648148,0.5260348450780384,0.3145366389349368,0.024099978004672385
2019-12-19,0.7516710407947966,-0.2217067234963782,0.4951942015997673,0.41617943053388456,0.004661241585685538
2019-12-20,0.7544166861630425,-0.09940463459375627,0.5840570763734635,0.4243648735761456,0.09245965992346568
2019-12-23,0.7791896973705879,-0.16234082946848047,0.49393647383478734,0.28431271531591173,0.0023773391788996182
2019-12-24,0.8306436557880876,-0.3085621540281498,0.5326551406351633,0.5051256672599269,0.08202895184643917
2019-12-26,0.9048230126809675,0.15056280038808048,0.47843736550189353,0.41466918329985253,0.07373972977504867
2019-12-27,0.7950658299331861,-0.015304829428614473,0.4944515164755986,0.47037649010498545,0.012903950109356877
2019-12-30,0.7411540596317275,-0.043613444872293176,0.5636474816472311,0.2907220009672538,0.08425480835956575
2019-12-31,0.8539808570120284,-0.1402621515752249,0.4736681603322901,0.45908913542701413,0.055201967154835496
2020-01-02,0.7601594916568065,-0.03253414352147855,0.5952039474699433,0.4253531061590592,0.046759874048264594
2020-01-03,0.7679501355343314,0.12176194555344265,0.4852438589584781,0.582169625598654,0.056676931695393035
2020-01-06,0.7505662286676057,-0.09989617344573944,0.5855017712610423,0.34800602987837326,0.08412412447076417
2020-01-07,0.787961885206589,0.4069066620380329,0.5710703379878401,0.22485084282588194,0.026141943381043323
2020-01-08,0.7879540263239532,0.2837428533490997,0.6213179188637563,0.3611359662059409,0.041861599279659524
2020-01-09,0.8493955509241655,0.030893238037898375,0.6526477651118274,0.26563184936515694,0.01879277360972148
2020-01-10,0.7413892047933612,-0.3174176113782197,0.5602631919414577,0.457977009543939,0.040305628845887356
2020-01-13,0.8610238446297338,-0.2032380756249349,0.5218446865177602,0.46791448568790195,0.06422804625986597
2020-01-14,0.777962911224132,0.18812879431909177,0.5843858761190233,0.45045376085135624,0.0327605119238963
2020-01-15,0.8385461450228124,-0.3299334964114629,0.5730093334851819,0.4527495334754399,0.043148342530238505
2020-01-16,0.7763185134834554,-0.06075626389918594,0.6542621985362816,0.45782677659536863,0.05422338830218949
2020-01-17,0.7503616912880764,0.13260235540667523,0.5649758957915092,0.4427791160942156,0.08066130541937448
2020-01-21,0.7695098150276397,0.04720756768486048,0.5185398673867707,0.44918381114214073,0.06648442037391994
2020-01-22,0.730161547840784,-0.19653221028939435,0.57831602123769,0.5538770414808717,0.06902245902726925
2020-01-23,0.8058249687709276,0.0876442512354772,0.6645908115895943,0.35184203631059446,0.008011415858834182
2020-01-24,0.7164535480894685,-0.17284086331249016,0.601178367164473,0.3238847807691771,0.0600872582167353
2020-01-27,0.7567532207929317,0.1901430475949755,0.5966956479186531,0.3305957897415762,0.07252204249953072
2020-01-28,0.8709046913444893,0.015630972357331428,0.5757377564938322,0.4043135022826971,0.014397086193233067
2020-01-29,0.6489824644496729,-0.3379013341544107,0.6073077284436145,0.5654282843163645,0.005219155069650861
2020-01-30,0.8485584780877578,0.17502906032242685,0.5702542675892435,0.38594717621046537,0.02750957962090086
2020-01-31,0.8233505711851665,-0.17861361753550759,0.5165055528885284,0.48662142906542044,0.04618845779104572
2020-02-03,0.8656428009159696,-0.10001856872735318,0.5345538176771643,0.375507016199542,0.01951635863107202
2020-02-04,0.8554901713349411,-0.04174828883211099,0.591815782657644,0.4031977727174677,0.029663127218679797
2020-02-05,0.78808497416555,-0.25894631546483904,0.5723667988294715,0.28184952883063685,0.07544641907555652
2020-02-06,0.7706709191881695,-0.00936838278294041,0.6751025371644317,0.35121043662292084,0.06832705162471549
2020-02-07,0.8150670022006341,0.125851436890618,0.6224522112935889,0.4885289811690503,0.0023996131571805916
2020-02-10,0.8254893480034864,-0.2670806883048839,0.5364691611947071,0.36672122925589135,0.07804699937293144
2020-02-11,0.8317652231048154,0.005331370678519415,0.603550945908889,0.6368821281120166,0.06264318855302342
2020-02-12,0.8108642505785715,-0.3618433324040735,0.5204915746086618,0.4426283247229842,0.007498175350422876
2020-02-13,0.6909286755998884,0.15894659010173628,0.6302637904378147,0.37072418004160645,0.04788030765182939
2020-02-14,0.8424291676177634,-0.08148520608174872,0.5799906549288565,0.4470750068987368,0.08235953659772689
2020-02-18,0.9651104299264365,-0.2286794353672384,0.5107346378539682,0.4993520973107067,0.049327047306157605
2020-02-19,0.8722039060676112,0.010460435019310587,0.5603955216829228,0.417403473751253,0.042363295122739245
2020-02-20,0.9313130798159676,-0.13398752154343266,0.5836657945211494,0.19227190823903828,0.028714765874837102
2020-02-21,0.74063113355762,-0.3009029478155641,0.5951288020669118,0.4848018319782052,0.00720304801446815
2020-02-24,0.7193244867879371,-0.28684676697294303,0.5600014942969929,0.37639583613203054,0.07296306762900595
2020-02-25,0.8412516898310192,0.003403767484742261,0.5910087965930158,0.26680882017902824,0.0882043515473122
2020-02-26,0.7782968910668435,-0.3406535510657621,0.5537775437527351,0.23723270944285862,0.09827996249683237
2020-02-27,0.7954682983771929,-0.08736670082496475,0.5259531326706638,0.5057441536025009,0.09930010985738262
2020-02-28,0.7892775748750186,-0.10627420604169283,0.6163530748732798,0.6009946507774158,0.0660889769444893
2020-03-02,0.8110666062446634,0.2822983154253632,0.6647011896228546,0.31219137914889217,0.02932135640105095
2020-03-03,0.7137374449575622,0.29354345738826243,0.6173151028122652,0.4201897600238085,0.037846985069263143
2020-03-04,0.7695235346706611,-0.0038378762679085326,0.6844066449399537,0.4613717139239522,0.09116466044842822
2020-03-05,0.8136777269789078,0.07430245603999264,0.5068275369201154,0.3743847166365303,0.019758637626695053
2020-03-06,0.7530887325341009,-0.058295778235993516,0.5486237571838871,0.3974546248109915,0.06014612447959518
2020-03-09,0.7884961303745617,-0.14305847978664782,0.6184718675295816,0.2532942688721955,0.055556783129563726
2020-03-10,0.7636195111780347,-0.05434184521296134,0.6827937080992545,0.4410464759149736,0.03904719667168788
2020-03-11,0.757553924409112,0.5342073905598597,0.5979290388440691,0.4599230318278818,0.029063421770179843
2020-03-12,0.8296074776650059,0.1611314824262009,0.5760226125493438,0.43465577278956147,0.0010230542693134836
2020-03-13,0.8366517133100791,0.013772867725071686,0.596891446664647,0.10169172611232435,0.043566600028950554
2020-03-16,0.7884560069878976,-0.04583563022046558,0.6422996381013795,0.5107188907885405,0.0531618650405038
2020-03-17,0.8287495542530158,0.24764411908822834,0.5875393384244009,0.46555450705794355,0.06877458232208193
2020-03-18,0.9002589519229007,0.19560848165260708,0.6115186791937219,0.22647257485201097,0.058932552850188294
2020-03-19,0.6817587231048339,0.10849305222766657,0.6120883112241567,0.41600090953802993,0.013446914299757818
2020-03-20,0.7177242799453167,-0.058029469592780006,0.5732855633896861,0.31110129049260477,0.06667470763594159
2020-03-23,0.7476322197601347,-0.10816990265625004,0.618571468641446,0.4641612331302994,0.008119388944374339
2020-03-24,0.8179294219118405,0.007899720537654475,0.5613394550441348,0.24661323723956718,0.048365454707915624
2020-03-25,0.8098079393803959,0.07157978090989008,0.6151156218918336,0.584805876806071,0.04127974567742886
2020-03-26,0.8560194748172394,-0.13865683040591006,0.5378461460918343,0.4908226362627022,0.07747212446169549
2020-03-27,0.7549622124433293,-0.1704336936549565,0.6210444774116737,0.49472087350185284,0.053704314995527275
2020-03-30,0.8125719090247632,-0.5704913842072953,0.605592876619668,0.35994266541651254,0.047625759544147155
2020-03-31,0.7115922910924465,-0.26309484638223735,0.601045668586741,0.5167830085006706,0.0344820958075549
2020-04-01,0.7925042144231023,-0.03961059971652032,0.5932557706812179,0.4787367510401024,0.024229933692220453
2020-04-02,0.818903004599614,0.03413255207314408,0.5654883239919495,0.5614111885054635,0.014136140286351129
2020-04-03,0.7774689074220087,0.04066443173664783,0.5295785944691039,0.47022759628871635,0.029884192834566628
2020-04-06,0.8028529511085035,-0.19152151425643946,0.5961330679081109,0.3502842836017368,0.07880904647222554
2020-04-07,0.8807556113954311,-0.2863819070166497,0.5469611982766687,0.31978343438040635,0.06865023894680972
2020-04-08,0.8012780044431068,-0.18977972777958763,0.5726716513186144,0.3871218297438318,0.05632732864549109
2020-04-09,0.7146531965539245,0.07110847138748243,0.5941499724107364,0.35702493644249,0.08817289712905509
2020-04-13,0.7862259965951612,-0.19029989242818088,0.6209384384235872,0.4506705910027591,0.06892558352760282
2020-04-14,0.8223303628974024,-0.06608197524369948,0.5931014397909385,0.26547139817833726,0.09993838864782009
2020-04-15,0.8061563597475128,-0.2538052124783673,0.596236085005537,0.0044761293023861115,0.07088666272522252
2020-04-16,0.7530192802249103,0.1747493669660826,0.7023990704522212,0.47358566555540266,0.09578315788293357
2020-04-17,0.7383423557100878,0.12035058452818351,0.6398467213437777,0.46947167576856497,0.07025068007259828
2020-04-20,0.7447037364982986,0.2079416912847731,0.5445777117746626,0.4827607951286229,0.038433093503167995
2020-04-21,0.7566643621695761,-0.020051544648932714,0.6912600479336258,0.4111733791897821,0.020302130420939493
2020-04-22,0.8088758959339344,0.0485940718419762,0.6091315877471484,0.4655043589432273,0.030653987827865638
2020-04-23,0.7520239030787359,0.17388052523396086,0.652827781136144,0.3519237576509292,0.05491214408239928
2020-04-24,0.7555625149697726,0.09781100183041883,0.6226371591398101,0.4160699420348941,0.05955146373839516
2020-04-27,0.7843691282078133,-0.5286765401726797,0.6712577289244734,0.3700317935311422,0.09883298398961482
2020-04-28,0.837426085062051,0.3300563807716794,0.5029733904205416,0.606738992058694,0.08345272738550322
2020-04-29,0.9311040265059602,-0.08722239503763675,0.5652356910837831,0.24408354638964647,0.03268282435289577
2020-04-30,0.8000337434315453,-0.11626764911449126,0.645009193381509,0.31056959197332634,0.09299026807720286
2020-05-01,0.9215395458909934,-0.08229812518015706,0.5571008604123453,0.5206701958317288,0.06467087656468072
2020-05-04,0.827687213946109,0.33409435716028196,0.5690302177995616,0.4981574905063334,0.08408868032273681
2020-05-05,0.8035662651504303,-0.20178405148890835,0.5711760995724516,0.4136315005529885,9.119471926456458e-05
2020-05-06,0.830316459752651,0.09476631039543629,0.5404605154358757,0.4003979177159079,0.060174604254991874
2020-05-07,0.7987618295660239,-0.13112246176394113,0.5863991667176549,0.4369757185546152,0.09128458041807636
2020-05-08,0.8393618165333038,0.05432990900719828,0.5989141056988648,0.32847895031136637,0.04204311819850235
2020-05-11,0.8536819628945137,0.07492753499415362,0.5186218652857035,0.35363708724705584,0.09616941166427989
2020-05-12,0.785358615071887,-0.22407092391829814,0.6663276341485069,0.4890595648918426,0.007727430208740682
2020-05-13,0.7647649067305818,-0.07643911687537991,0.5458297971643898,0.3188927006588899,0.08710561343787324
2020-05-14,0.7621395752637623,-0.1863872531387304,0.5843585752519683,0.3509979400286264,0.0709868641585819
2020-05-15,0.815138142934318,-0.47079130899880656,0.5917336855100073,0.381193436004961,0.0306520229734645
2020-05-18,0.7470065715738465,-0.019525293540212454,0.5058547436486478,0.5394899371757217,0.017829637647102804
2020-05-19,0.7578992305580529,0.01614267092868765,0.5681731765473754,0.3963319089869358,0.09215634961516944
2020-05-20,0.8483186123232884,0.08785676492610461,0.6613579346782352,0.3772477096755233,0.03540418841763735
2020-05-21,0.7601977433642143,-0.15506507744107909,0.5714317072799217,0.19004985072250966,0.024131666231731866
2020-05-22,0.7808234720306966,0.2877892760036885,0.5801143815137209,0.22881844626874173,0.07930917462229103
2020-05-26,0.8663501223656633,-0.22779851232910833,0.601905219720809,0.5537170761101362,0.09566473681325928
2020-05-27,0.7571588259096518,-0.2238859477213223,0.5408210092664097,0.3164236502555925,0.016344441931807032
2020-05-28,0.8115255748284521,-0.1772331278898305,0.6110228558078556,0.5185167606374835,0.038334916348345564
2020-05-29,0.7762079994373642,0.20882123406951247,0.6269495674405816,0.49044741622255683,0.056999937221281584
2020-06-01,0.8274390189247706,0.10499373904257525,0.5288462561756296,0.3613414274364249,0.01834370323415274
2020-06-02,0.8200392523221509,0.3870817323544915,0.6375191012836353,0.3886079161125124,0.0426653815355046
2020-06-03,0.7593434413894117,-0.22444243848246948,0.6241690399619066,0.3440504164855391,0.04287518433731624
2020-06-04,0.7674975978802152,0.04913314699110004,0.5069779632306733,0.40565143722791747,0.06499903957287985
2020-06-05,0.8280056544662935,-0.10806401764616475,0.4937356207373717,0.6051999488458297,0.05069362859096749
2020-06-08,0.7722719757770443,-0.00857130158354377,0.574016174509276,0.4543440194940922,0.09641937776680497
2020-06-09,0.7759209852708445,-0.02672872395358177,0.646436523796615,0.3689825377180015,0.06603358432420799
2020-06-10,0.8739137776192907,-0.14784219111323255,0.6235650792704084,0.38780483411669064,0.04151929155903437
2020-06-11,0.8829396758267045,-0.2913860502390794,0.6365130539706769,0.4068815414248125,0.08840219555110868
2020-06-12,0.816980336115159,0.14981523599931332,0.541420204481254,0.398835446964407,0.008785224753461584
2020-06-15,0.802650513780734,-0.14965635201632563,0.5764288297539644,0.4189306727350471,0.07005937099161746
2020-06-16,0.71753224999985,-0.023893890119049764,0.4478928790652626,0.4333342633205678,0.011799323580198619
2020-06-17,0.7987730940442124,-0.1720314495499059,0.5039198486837771,0.3771754470401502,0.08005623536170342
2020-06-18,0.8524631053397707,-0.044454813820680436,0.4733902608225648,0.4300856296051644,0.027707414080449813
2020-06-19,0.8045851428145677,0.05770747524410988,0.5300525185588973,0.45473932606766554,0.07994723407433323
2020-06-22,0.8236627796039743,0.11200245252786355,0.5572301728263139,0.365148510228646,0.016312550760816658
2020-06-23,0.8336322333197205,-0.13005515203683868,0.592075112037274,0.7344372595010626,0.04562418295067312
2020-06-24,0.8003593701376088,-0.36799980719352626,0.5805585191761937,0.5183629812689227,0.07284307800862933
2020-06-25,0.7938423396540335,0.021464141820447508,0.5227348176036751,0.42238525711096153,0.09068234365780903
2020-06-26,0.7891231884164585,0.13951651177015156,0.5050322209599122,0.36599765124507244,0.0900965592776147
2020-06-29,0.7900691972660376,-0.30268747451211536,0.596586669789734,0.32132114324692734,0.06827236748738795
2020-06-30,0.7959783713246215,0.2981765422948418,0.6137306715546588,0.42898779107069585,0.014198216857142166
2020-07-01,0.8591140646341194,0.15641422836001603,0.5775258382013371,0.5509669729504786,0.09314661190487956
2020-07-02,0.8695875428373898,-0.023294817208084705,0.564820107349306,0.4744514967249579,0.03811238042256951
2020-07-06,0.8030757990435894,0.22696724652476435,0.6021549501570183,0.36965821623161566,0.07563214331926536
2020-07-07,0.7848149715216229,-0.2275369332374616,0.4521438799883838,0.1956448671619807,0.08917606511090888
2020-07-08,0.8538746213642203,0.047230985057017755,0.5147745536968847,0.1477664413923383,0.030115640113573674
2020-07-09,0.7826293141538724,-0.32112604064257166,0.5011586280887196,0.11206576119284667,0.07466801775702804
2020-07-10,0.8064628411989889,0.03058833968363185,0.5866705267045597,0.17721169987739765,0.03406591765937067
2020-07-13,0.8137754683048433,0.021186952834793348,0.575956527286154,0.4670417889656431,0.05329626734818921
2020-07-14,0.9169718275766789,-0.030542789373351104,0.5210934957704128,0.3302882346030579,0.04031355797583326
2020-07-15,0.7913162903669114,-0.002762774220617248,0.526158194209019,0.4146449862587234,0.09484514793544117
2020-07-16,0.8518853501323476,-0.21787730739947297,0.6108117038915966,0.44366443348604,0.016928445218333234
2020-07-17,0.833242195637431,0.21710239211996527,0.5468567402414741,0.352334448688517,0.044243744612979634
2020-07-20,0.8309630484637559,-0.05881078810232476,0.5269346484003264,0.4512518542831749,0.020718584792566542
2020-07-21,0.7983272600375513,-0.14981908761767024,0.579847497980758,0.24614916934182973,0.00524411784849197
2020-07-22,0.7207193173501724,0.04508619277095707,0.6244363704178869,0.264735304180595,0.04192907529890513
2020-07-23,0.8131279347004029,0.14838248738014756,0.485152507521442,0.08792225351960042,0.04883850473719691
2020-07-24,0.761872579563566,0.017441435543653606,0.495584768168641,0.31805092444452265,0.05284024008875968
2020-07-27,0.7243473499115218,-0.03697798238655297,0.5124000180987304,0.36356083779512005,0.05133780626559902
2020-07-28,0.7224170641762933,-0.12649319346668667,0.47469334422627657,0.43574393145164064,0.04509619817148114
2020-07-29,0.7968445622964054,-0.1902424733867461,0.5676520113507697,0.3839071108512785,0.097724593718588
2020-07-30,0.797829206180501,-0.20306099136800385,0.6226146271347495,0.5528825101577349,0.08102413070446872
2020-07-31,0.6833641525217953,0.04524618141160842,0.5718463480677536,0.3804075515899579,0.07737251965341191
2020-08-03,0.7688150798562331,-0.07970345066054728,0.5503730009487096,0.34444289720910604,0.06973566455611223
2020-08-04,0.8177992762278563,0.16368599687780494,0.5196604220802745,0.46958906107489184,0.02076882433386791
2020-08-05,0.8178368975744019,0.2380550975770496,0.4034298313239384,0.6141753083074428,0.027385870781226864
2020-08-06,0.8673182821185974,-0.22937109085750867,0.5293167646163385,0.3447220265685924,0.031099245809615927
2020-08-07,0.7624227413302378,0.06882342806728857,0.55177670010707,0.39395812034302624,0.0845120158646612
2020-08-10,0.7782704979440703,-0.4293106109823914,0.49493975660145284,0.402641229857191,0.04212087080782106
2020-08-11,0.7923698537761815,-0.28662081846666426,0.4188720726057538,0.10377480299128788,0.09389848761371253
2020-08-12,0.7646410213401559,0.13398227141533384,0.5395797636964252,0.3306455135345016,0.02552672748749364
2020-08-13,0.8068369580491563,-0.10076113546369479,0.5715004557008834,0.35822664014917055,0.0807673108294813
2020-08-14,0.724616031261453,0.18616050309937782,0.48744272514212345,0.2732589643900132,0.09302041271458394
2020-08-17,0.9095687887940092,0.29393122360021384,0.5061610723367314,0.3900355426057885,0.04726632883762413
2020-08-18,0.7095274178481642,0.18562271706473438,0.5289383382081878,0.285177428215746,0.06379466606596046
2020-08-19,0.8094505936483969,-0.08437737060184008,0.5878087515958237,0.39726722477381,0.0342109373857903
2020-08-20,0.782555240594616,-0.07641616027742654,0.5602375990708154,0.3827424374880292,0.07427358852890065
2020-08-21,0.802432632416399,-0.2281880979046508,0.5069152364262762,0.48500148552045563,0.07396804267662703
2020-08-24,0.8581703570353869,0.03834701081904754,0.5006205479655779,0.32203089934680645,0.06034855631676185
2020-08-25,0.7692978590236482,-0.21084068304408912,0.6065317318621355,0.4511472647175315,0.05577651536304663
2020-08-26,0.8130482452758575,0.12292476232641665,0.43803711353114516,0.3694316807263573,0.02363690687097696
2020-08-27,0.7507710123903322,0.0017369929438595469,0.478258635438535,0.46136752774495593,0.045695109432991377
2020-08-28,0.7713323738197041,0.21409110109336643,0.42285742195372666,0.520580399784107,0.02197576093098207
2020-08-31,0.8039246191759251,0.08919395883589633,0.4576153112168618,0.6160458116370255,0.029675718217103398
2020-09-01,0.7333725027383091,-0.0919657828403544,0.5604250846899537,0.5669701736703425,0.04329343314437798
2020-09-02,0.7519344862950328,0.3518826971393733,0.5210516660782609,0.382430125327607,0.08578314437587525
2020-09-03,0.7798107183801521,0.15152153103891508,0.5034350250315295,0.46011230875649267,0.014716954642652448
2020-09-04,0.8251606592630165,0.6130434723888741,0.5265888598629266,0.7002401537064058,0.03897405414167124
2020-09-08,0.8094554252958504,-0.08057216791807567,0.4943217544608064,0.4499808804140874,0.04239628111964107
2020-09-09,0.755808764289954,0.07547344567962669,0.39575173025138755,0.4353561215825566,0.016796521195237668
2020-09-10,0.8122356218649,0.09685175293707515,0.4737954561139333,0.5891373702591796,0.039495126276861185
2020-09-11,0.8686005981468545,0.27232605635719676,0.5237682606260853,0.46882711000708815,0.07191675735556892
2020-09-14,0.8202255016271052,-0.34396041345485817,0.4734833327556026,0.44307948351106635,0.06267248439165121
2020-09-15,0.8052072675802334,0.1435384393877174,0.5201921468093248,0.3909384766626594,0.049604173184830215
2020-09-16,0.8591217263039743,-0.14767432941087025,0.4971921433394962,0.4610814792297967,0.04680466542460898
2020-09-17,0.7677856047883785,0.02174722651222167,0.5412291656149537,0.28748386404916815,0.01108413779456604
2020-09-18,0.8361379357747671,-0.13715510918949925,0.46869288085322725,0.47994304425575085,0.0015685172448457352
2020-09-21,0.871428133865839,0.07871152698867993,0.5129559703838488,0.35455319773379296,0.07609270144999147
2020-09-22,0.8121773153103281,0.09357423069629772,0.5188622494045437,0.44006453735146844,0.08146554994879751
2020-09-23,0.6963133982886749,0.2758976372568975,0.5063179932851554,0.2668953956820628,0.07513270961177897
2020-09-24,0.811613249164771,-0.20495315424034877,0.49705004400209,0.46295609429847534,0.013123164164822565
2020-09-25,0.8059325906550676,-0.17672575570808458,0.508870738101611,0.44134772165723896,0.07327661962290062
2020-09-28,0.8521700435260544,-0.19376397089818873,0.43963445153453484,0.4607085886375465,0.007010351974785223
2020-09-29,0.8297879075730286,-0.17368991644897727,0.5326178465988581,0.22272016207833878,0.04902471172940043
2020-09-30,0.7677176121709391,0.0226976496771851,0.568412782248463,0.3647929926366814,0.03761331287659108
2020-10-01,0.7997664410496005,-0.15855502845967526,0.5517214488965573,0.47392172889959205,0.0163969861535331
2020-10-02,0.765381898593993,-0.16503942003575547,0.5666143033798681,0.46060647799402354,0.05652008244417764
2020-10-05,0.8249679889585003,-0.002269588223398566,0.41266446327459183,0.5131519491418249,0.08181475944935701
2020-10-06,0.7631141668637583,0.3094680280038577,0.5318692282676469,0.38840912706343506,0.039501540949701125
2020-10-07,0.8008261839085257,-0.0917809718162354,0.46352149565006684,0.32895007697704565,0.053337263829221215
2020-10-08,0.828557790089863,0.06817330049929411,0.5496176572450432,0.4987725728046609,0.0012264467433667936
2020-10-09,0.7289655239703224,-0.14196194162367978,0.4436831061909643,0.43868553524374815,0.020693744553186722
2020-10-12,0.8025294252715662,0.00886924353339369,0.5013465819137634,0.5181683558136371,0.07899419129474328
2020-10-13,0.7600068051585233,0.2325025783974692,0.5561270677749283,0.28641596876958353,0.06925468455270233
2020-10-14,0.8469235781105381,0.22274809517568592,0.5334761283160631,0.267138476951828,0.06783496491971007
2020-10-15,0.7958451099014506,-0.027074266271991228,0.48644172037030503,0.4588481206000255,0.023090380787858966
2020-10-16,0.7609375011929189,-0.30699928204724386,0.5390847599144543,0.16046171610174614,0.0724045767655253
2020-10-19,0.7735650738213632,-0.05651432280234267,0.4937945630065316,0.4504655968954274,0.04946613086759554
2020-10-20,0.7397682285315121,0.3499393384873579,0.5431973426345708,0.4921419946520219,0.015302519390125625
2020-10-21,0.7588750872118312,0.2063257843731564,0.5238943957039915,0.43976280132632,0.09694029622700151
2020-10-22,0.8035264097754874,-0.09311780206833453,0.45961958966813876,0.4200222826036938,0.03306997657806892
2020-10-23,0.7888611159062423,-0.2847800752085699,0.6171867369623169,0.373096940994685,0.02513806822110709
2020-10-26,0.859183218031221,-0.20318967151568798,0.47103697523300003,0.3471211807573603,0.014288892204772375
2020-10-27,0.7882212403189195,0.3967752039331409,0.48927004143699654,0.5454344675443286,0.056910606144930265
2020-10-28,0.6928897606061781,-0.3125486412200317,0.4458597346582649,0.3611793231032425,0.06883900202283345
2020-10-29,0.7773689531613566,0.07358925825744334,0.44639069699396156,0.40855871671727534,0.023847684949092007
2020-10-30,0.7650223633502996,0.28768726633974484,0.48503368111352013,0.3553339260980124,0.09697023656290514
2020-11-02,0.8523021667346946,-0.09305646672668838,0.545350261221946,0.5563590311315083,0.06008878446795535
2020-11-03,0.8704077940627809,-0.009120292960507662,0.6129025291612313,0.4486745184561532,0.030472243084780717
2020-11-04,0.8660166756108211,-0.00645248870412795,0.38617196496654493,0.47014532712259804,0.0327705828574521
2020-11-05,0.7448782835842358,-0.31112910833224183,0.5027820833754206,0.47081223888232704,0.08420971028605623
2020-11-06,0.8141558448514359,0.0069318073168212965,0.5527571137573906,0.4279204871465838,0.08156865752797515
2020-11-09,0.8248366177981845,-0.26016411139941953,0.5315570856740268,0.49968571084869523,0.024608790307867202
2020-11-10,0.8147367049547627,-0.4516124284147551,0.595205971149804,0.27340723234507214,0.024639715057252088
2020-11-11,0.7443815573162559,-0.06687097936717533,0.45558366400934025,0.3293609372100904,0.016609492206630373
2020-11-12,0.9255868944871182,0.06083865866927893,0.46590189997641696,0.4191642263743722,0.03760322450599494
2020-11-13,0.8186276607731491,0.10103742963695966,0.5443257978611773,0.23797134051976432,0.019602240984296717
2020-11-16,0.8044759667755138,-0.3953113784535643,0.4880169778878144,0.34060245507238923,0.07608106113774811
2020-11-17,0.8190193753346627,-0.07407966634138766,0.5389219787930268,0.4674678893750865,0.06452916277146323
2020-11-18,0.6922427373113732,0.10365102221916436,0.48805340703754824,0.21241524247616628,0.030707252269482833
2020-11-19,0.800597300989416,-0.2286278238881777,0.47750117430800604,0.5252458486502318,0.017021039184917153
2020-11-20,0.7715278306933193,-0.05869242832257099,0.46513649541154106,0.5155986658793759,0.07258599723838258
2020-11-23,0.7054492977347154,0.08589263400932949,0.46836632817585455,0.30217578307981713,0.038215435361618436
2020-11-24,0.8227560016694341,0.15039908862413526,0.566055564139631,0.3781932889665866,0.03870354981302078
2020-11-25,0.7154121589276254,-0.14102734809089704,0.5008194897491609,0.495079731021977,0.04562273048854104
2020-11-27,0.7460624823366933,0.05690050734569472,0.5373453457260016,0.3105754218958927,0.011499735062838225
2020-11-30,0.8117946322982392,-0.18358849117786252,0.5636902645288246,0.32980451406784284,0.033885468577627885
2020-12-01,0.8377730709627006,-0.30565675217789523,0.5722600486626002,0.49086296223968195,0.046796959419559706
2020-12-02,0.8552835694513616,0.22154328608285395,0.5594377905194944,0.25413841791488306,0.05576398348735147
2020-12-03,0.8456352440119308,-0.15257293047577195,0.5645912868351749,0.4645615689148222,0.03865086880703111
2020-12-04,0.7961924847019184,0.13246391429659285,0.531402885367156,0.29017937112613734,0.0356803315983872
2020-12-07,0.7736602432211376,0.12421034722459245,0.5208305613401892,0.27313549442419127,0.008171628747524173
2020-12-08,0.7134537442004893,4.34779370833139e-05,0.4321057047286497,0.574102043467916,0.01654037253584576
2020-12-09,0.8034649468179708,-0.19073663769080462,0.5521401068415083,0.164362132365273,0.09288275730340188
2020-12-10,0.822365375509602,0.10789464318938487,0.5547100463226369,0.4081447264571564,0.06429291383801561
2020-12-11,0.8597539264000803,-0.10377255588018885,0.5255019639556542,0.4616334794789696,0.029412170020588824
2020-12-14,0.8173709441794529,0.1150723215466108,0.5219273126639503,0.4398243016200384,0.015287369325499367
2020-12-15,0.7995300334158846,-0.40587523798654446,0.4812852082888032,0.4569732425476734,0.007467334277637772
2020-12-16,0.8083270243569814,-0.06893596808903553,0.5247392221685687,0.5760917821718713,0.0032663352415794656
2020-12-17,0.8154300813952794,0.08093225385047947,0.5946573010930842,0.5610985221575374,0.028866482647562697
2020-12-18,0.8390571967948914,0.427515137159755,0.6032336644805468,0.47518326168439606,0.07191966408511034
2020-12-21,0.824403308906585,0.027357134665412744,0.5622827311886232,0.32909595863621655,0.06187921153814285
2020-12-22,0.7563539969666059,-0.3441387851049577,0.5745785071254352,0.45338193110198743,0.0077425926969520225
2020-12-23,0.7926663915459154,0.46063470613017893,0.52550933604764,0.3295205040743192,0.03146018992589546
2020-12-24,0.798791852039156,-0.04553193187190496,0.542061539506881,0.3521194505922886,0.06483174444100484
2020-12-28,0.8708908054794946,-0.07835079481456585,0.47498098588556115,0.33167497355657866,0.061809239784671066
2020-12-29,0.8067099627935618,-0.18616757196093792,0.5903644355545871,0.5268684429608124,0.03326110192372086
2020-12-30,0.8543657331166096,0.29775458188858656,0.6401688932865263,0.1895621948096587,0.08739621137639329
2020-12-31,0.8244569672130898,-0.08471285616517843,0.5565284994629732,0.5122957300145902,0.05858247592283457
2021-01-04,0.7965003747781828,0.18918373480760522,0.5031363039056651,0.38874812649009066,0.08208921534707787
2021-01-05,0.8066540618877337,-0.15917775597169356,0.505171473491684,0.4458691453986757,0.01137594028829797
2021-01-06,0.8728770407512377,-0.2917006608593652,0.5701185722222638,0.41291262438661525,0.06515911256546685
2021-01-07,0.7725847596912923,0.14125455172739979,0.5978307924834652,0.526092261253633,0.030343885440503662
2021-01-08,0.9080146137863155,-0.018759136768426762,0.5267217976411162,0.5233824856103587,0.002792400702862619
2021-01-11,0.8819190174876146,0.03221288026955881,0.47952754335566067,0.5062260902353278,0.08322710251243982
2021-01-12,0.766444869751616,0.12163882530132651,0.4676331397789454,0.33688817154085643,0.04425271310897121
2021-01-13,0.7642382618658005,-0.030391680703333143,0.5694936287925637,0.5377169786965483,0.029877902302075734
2021-01-14,0.8384667617662339,0.04572222300072209,0.6130783835990123,0.4164940219082509,0.031972370736925874
2021-01-15,0.7689528551919019,0.10729461076114095,0.6234855140687078,0.4867032228782656,0.06224845529967248
2021-01-19,0.8282279898278073,-0.3801099835141545,0.6194782875048402,0.31420246944155483,0.02258984136169752
2021-01-20,0.8642726447561748,-0.19222095495125954,0.615017923322509,0.3867514355451883,0.05357197371248105
2021-01-21,0.7599053261010931,-0.08676628090758033,0.5281680868853456,0.4703596322197449,0.08560091403347744
2021-01-22,0.8353127068082067,0.13567854185829897,0.5762779964125098,0.42242055284313174,0.03201223202390535
2021-01-25,0.792963191435585,0.020240240874422742,0.49300149371428936,0.4353346177943542,0.09367176396352671
2021-01-26,0.8213499566130138,0.16761880404012797,0.6183409248609699,0.24471425438943323,0.0895244788847046
2021-01-27,0.732634345345567,0.030324069936691324,0.4980875082848075,0.5857294005256473,0.05106469963352374
2021-01-28,0.8464949688554564,-0.38666838349432003,0.590575685413606,0.3842336297607608,0.04321221752476089
2021-01-29,0.7860548985543272,-0.2117223256078926,0.5712325746348319,0.5143812184573304,0.06793714806423934
2021-02-01,0.7904440696543511,-0.139824150383869,0.48571753670201634,0.38621253967480174,0.023593433243696837
2021-02-02,0.8092687966820493,-0.040292157695359564,0.6122881655348081,0.2091737736138653,0.07450861678175372
2021-02-03,0.8041270714006123,0.2923157440450695,0.7115873378776592,0.40138759690643283,0.0853432717333154
2021-02-04,0.8420559016394953,-0.20612004350814295,0.6418357085977938,0.4610751655823633,0.034707998616987125
2021-02-05,0.8039570141618921,-0.011934342861328703,0.6067501802789568,0.6576836502778078,0.0213306802469434
2021-02-08,0.8123221070456292,-0.006667534493090196,0.6105824309626808,0.5193575225046559,0.06376541941745822
2021-02-09,0.7661122756765741,0.04333300409474882,0.47440909768488404,0.25248084046627284,0.07676569146500035
2021-02-10,0.7459428020233744,-0.17731580260904514,0.5457669683995224,0.41501467102985323,0.08355401133117223
2021-02-11,0.7714174606537771,-0.035137724472118124,0.524255198907031,0.5713350450496428,0.08241568823814577
2021-02-12,0.7780779620912187,0.3311790721590941,0.5934106230464611,0.4128717514240671,0.05856166110323492
2021-02-16,0.7141641218919048,0.045814531215539696,0.636501954386752,0.30665456780148687,0.023851033939953414
2021-02-17,0.8923113039994676,-0.13934685989911164,0.6020951550566953,0.34797888244438774,0.01497299440892267
2021-02-18,0.9257765166701974,0.0030079944738530626,0.5473748677442899,0.529268496564872,0.06079039995876924
2021-02-19,0.7915024203374023,0.044730829881272346,0.5374019848874787,0.4253923143844329,0.0363281837242754
2021-02-22,0.9129399766620397,0.04097918056762425,0.5599895298287342,0.44849608887854137,0.07325225451891225
2021-02-23,0.7743660303825812,-0.2417119771703971,0.6038387305736207,0.5673589366663827,0.07103396254536051
2021-02-24,0.8676478309292518,-0.17553370577622085,0.6004104093888886,0.5614795048802869,0.06832019681303927
2021-02-25,0.7275201104412214,-0.1499694202702365,0.5046270142601593,0.45213990456513486,0.09851095131237882
2021-02-26,0.8765783192039094,0.2588862257068994,0.5307751115222992,0.3773122807066042,0.08619128658115804
2021-03-01,0.7704834978995969,0.2564415611971211,0.5485337335803182,0.40700079755538265,0.039362264118498
2021-03-02,0.7546328519941904,-0.3558945878404553,0.5219570570139929,0.4474350293900268,0.09370908651780466
2021-03-03,0.7341592572234,0.15613226830123417,0.498816631334471,0.5051549283406896,0.0016551002334919684
2021-03-04,0.758808395623847,0.06274230798109463,0.5771655972918378,0.3079323106413173,0.07710874176446798
2021-03-05,0.8322826715799252,-0.09545284273480119,0.5462309824561662,0.33643754310423524,0.018098917034040676
2021-03-08,0.7641572196145827,0.1676852352817929,0.4846557923788003,0.5030309547745302,0.049645865871552654
2021-03-09,0.8107100736288659,-0.22062779832436274,0.6415456798648669,0.41057348268993954,0.07398313593507508
2021-03-10,0.8110011884085826,-0.010011062670322542,0.612459808012885,0.4391567396329481,0.032061477471913645
2021-03-11,0.819516886491258,0.33626880252580976,0.5594339942301916,0.4756364868817783,0.010839539001038234
2021-03-12,0.7868947110424411,-0.06323224442442292,0.5741462228677983,0.4059129950675982,0.04652272157042608
2021-03-15,0.794745836470716,0.28028461081664485,0.6448985281758443,0.4718120807651203,0.044853599483306965
2021-03-16,0.8323498147737219,0.019199102572792007,0.6277311172558862,0.23525390595095072,0.03826979269288766
2021-03-17,0.795751284536253,0.02421750210568472,0.5541459548740436,0.41014896614223545,0.05123889016041834
2021-03-18,0.8003518753418318,0.021918873030747743,0.6665787121228783,0.46293993966583585,0.03205817478451907
2021-03-19,0.8541935390247585,-0.04081302026197042,0.5977977213440266,0.22580844765870056,0.011108663637225569
2021-03-22,0.9201721394120251,0.20969457658596094,0.6158850733281891,0.5022964389849731,0.07896667332567482
2021-03-23,0.7537110945943661,0.03456003449770369,0.6180527090693335,0.44352940916570993,0.07213404758552609
2021-03-24,0.7491440309936954,0.0925526811950052,0.580056638834318,0.37743324837568387,0.07020932948683638
2021-03-25,0.8842540246097925,-0.06223153653575758,0.5766817966617213,0.4982185044908631,0.05422616400546331
2021-03-26,0.7766839022836112,-0.15500683137124663,0.6478141278469518,0.5346425502718475,0.020419179573641255
2021-03-29,0.86634156016208,-0.16980673989557188,0.5948987108539266,0.28647187766606946,0.06626891162567171
2021-03-30,0.8377751310560478,-0.14172543546445793,0.6254913648384104,0.42116088448126227,0.03816808032201468
2021-03-31,0.8693377523665842,-0.1856990963203549,0.6084841494013041,0.335637232941657,0.011832563273475328
2021-04-01,0.8616362970355322,-0.18039744812701894,0.5425455351801999,0.4316973849121346,0.007511358965506232
2021-04-05,0.7493728565186015,0.2893791936871502,0.5965654602631003,0.31860248217569914,0.0815138484496442
2021-04-06,0.7897782832990864,-0.2390100508586321,0.6632343194415612,0.3557392923487016,0.07983446096857635
2021-04-07,0.7209131952637436,-0.03809187065633152,0.5791676017988052,0.5053856875990802,0.08625691221444196
2021-04-08,0.7822059683750316,-0.11918900773586567,0.6289470615245376,0.37980239083395706,0.03554225506889347
2021-04-09,0.8495737895246649,0.14627264055497138,0.5639990561299114,0.5265532622708935,0.09112247350802846
2021-04-12,0.7560910272308825,-0.45210939415176565,0.522540367564367,0.5829512655238225,0.0049142257018411906
2021-04-13,0.8538279123260413,0.17424067207739086,0.6479237364685715,0.46186436148359455,0.08431337319781766
2021-04-14,0.8753560133979446,-0.09354188829703369,0.5997128674439027,0.3438601480213084,0.01827083444810004
2021-04-15,0.8335788443986755,0.0204416466497159,0.6250063594159557,0.17906579816885873,0.09747165974985239
2021-04-16,0.7699601137442875,0.14993531904927965,0.6356978810254745,0.3141918210829222,0.05665888423756358
2021-04-19,0.7798364594518172,-0.362721160538761,0.6150208138394723,0.4939726433385663,0.0008317856145169334
2021-04-20,0.8216139382157438,-0.025543028646188404,0.4809096395362737,0.6324960065140816,0.0025427071141342684
2021-04-21,0.8546394383887825,0.10041894200962154,0.5436877592924484,0.41460875308289397,0.07876517624565073
2021-04-22,0.8095759095416876,-0.0663257135541255,0.5918201442508481,0.47117000779247237,0.08053201683736022
2021-04-23,0.821257065396985,0.14072228743207552,0.5754392757090994,0.3467604823923345,0.08296887822642693
2021-04-26,0.8971098096673922,0.093577125925638,0.6088431141456052,0.3741936137930023,0.060082324632522194
2021-04-27,0.934250341348614,0.07445221001602988,0.5845287308856866,0.38620177046255144,0.04573694384283742
2021-04-28,0.7379699572106199,0.10039607744982455,0.6480635143898611,0.3696655297749767,0.034507805003434026
2021-04-29,0.7398560343980625,0.11046457967016131,0.5944651923643345,0.24997809949392832,0.02806068214539136
2021-04-30,0.7942067053522257,0.022420708165232592,0.6261151890315441,0.5342149771088457,0.010058793612200268
2021-05-03,0.8023102275719257,-0.19969905699640256,0.5223597842114088,0.41210234834420567,0.010176843701339268
2021-05-04,0.7639638106337479,-0.22439118511466113,0.5495473844110013,0.3475097800636733,0.0691425044960923
2021-05-05,0.6925085529045032,0.11858673808844707,0.6952597455818423,0.5379910597712774,0.00032434384953402564
2021-05-06,0.8410619409145922,0.4993142135868655,0.5726562314302737,0.3173987662601432,0.03443189166843633
2021-05-07,0.9089366858088782,0.04605125132265164,0.5613393414741253,0.3799514464645385,0.07142283051790174
2021-05-10,0.8009086598771926,-0.17380346959624937,0.6558879028035463,0.20395934872341187,0.0923170031747111
2021-05-11,0.8804153875161356,-0.101687461497521,0.5489509556438972,0.22671924200373575,0.05352118640050897
2021-05-12,0.7908882692771149,-0.08361361800646164,0.5992548620240732,0.40689022334514274,0.04819505941646908
2021-05-13,0.7972744516240754,0.0758623319921497,0.5544905601910562,0.4919192564151843,0.0382265909217988
2021-05-14,0.7307121928098289,0.14785888185979948,0.6175897335143309,0.37314046617055363,0.08363001397924481
2021-05-17,0.8616115843481713,0.0998171180598592,0.5673948394879221,0.3264317619396673,0.08897164243079109
2021-05-18,0.7731604972064666,-0.312811430496746,0.5688915504259033,0.49342302745970923,0.015356483404154199
2021-05-19,0.6582196848753094,-0.3601951774999651,0.5588958449304657,0.24145493597196077,0.08010546841605826
2021-05-20,0.7581669796018803,-0.2828106579166169,0.5370802804458212,0.2856072029117409,0.0894049994057104
2021-05-21,0.7402066583554752,0.05946660477139798,0.6241907509728337,0.42179787636363075,0.00943006225091475
2021-05-24,0.8199320158203964,0.5885987934649791,0.5880780610975173,0.576450923114083,0.01568121500398775
2021-05-25,0.8738595330931639,-0.05702012246705454,0.5089680420613323,0.2995634239986852,0.05087460178744873
2021-05-26,0.8307133336243726,0.21589692025240842,0.6548614802179659,0.36546262304289795,0.04739806894331253
2021-05-27,0.8546829645987353,0.3049038634000695,0.5886893508407839,0.5383200904426729,0.03717215740643268
2021-05-28,0.8157827879341967,0.08635543343098499,0.6398396673902367,0.31640237757567247,0.019060879859183658
2021-06-01,0.7826922128071122,0.48455220291405915,0.6207659091835067,0.39303888885760463,0.02966283752128629
2021-06-02,0.8414227960058414,-0.11199337590902447,0.5953082082786411,0.35086905159352644,0.036827467015470586
2021-06-03,0.779187866352842,0.22723604317068558,0.6225843420676588,0.342137212106218,0.05926422177565031
2021-06-04,0.813843977093901,-0.3270556248612277,0.516978179773694,0.26209261240343834,0.05034270956908368
2021-06-07,0.7587073042393349,0.12307358386431509,0.6330451323729996,0.31207626062040805,0.045034775825185724
2021-06-08,0.8043272486860003,0.025459026132094803,0.5232914498369656,0.39446235143793806,0.040595999229223724
2021-06-09,0.7929756499763333,0.13920134414760668,0.6018372486311054,0.3429433371863791,0.03604514771727257
2021-06-10,0.8346311985631406,0.1717875008697329,0.5469630241686588,0.5971632867268172,0.013786571069509902
2021-06-11,0.7919485599203863,0.10646067055620512,0.5691865039194279,0.38283114417168684,0.06493763819091516
2021-06-14,0.7512858903052125,0.012810316045077416,0.6356106060858224,0.45253381165649637,0.04878193379474458
2021-06-15,0.7396608451304472,-0.07535949491807417,0.4690236192379746,0.5404132513077786,0.0020205867635216704
2021-06-16,0.7514421446542637,-0.1665682693226885,0.6168360303737878,0.4603053659485983,0.09285515136333466
2021-06-17,0.8575699998227007,0.13720560459130157,0.5919135392741901,0.5631136510946151,0.03778744309309822
2021-06-18,0.7614815691304496,0.13341899463689857,0.6465792759180929,0.2164865347810815,0.01934078241061381
2021-06-21,0.7808263731667251,-0.05244396962554296,0.5559547694565468,0.4834188624887087,0.061784079020411845
2021-06-22,0.7786396393165423,-0.06664786740493076,0.5382622700681814,0.4856039605911773,0.05706604505761558
2021-06-23,0.7449753423444186,0.2245665751498962,0.555179822808106,0.22822179780164153,0.023501926793470906
2021-06-24,0.7709409757106587,-0.21502815936610037,0.6037973484103605,0.4061517120783521,0.08732714296191846
2021-06-25,0.8721081526104126,0.09096133356901087,0.5324899209851041,0.5619466654133822,0.07401658667918948
2021-06-28,0.908125055613489,0.4092156217817959,0.598101011732445,0.4696381684662566,0.030330603859170947
2021-06-29,0.9176751084580547,-0.14482345417603978,0.48574799580004235,0.3197991557862427,0.026295809607513477
2021-06-30,0.8100648218873009,-0.019945667133408618,0.5191335859693991,0.6075252778276417,0.0964102733130019
2021-07-01,0.7694995822842322,-0.1212661920372645,0.539649984635304,0.40065728442139753,0.06960877597256952
2021-07-02,0.8233003394343599,0.4562911471082884,0.6247496935044017,0.6750695031366178,0.002697385043944112
2021-07-06,0.812946062142758,0.24532306871415832,0.6340091892014154,0.4803415155625685,0.03587329416767709
2021-07-07,0.8086311531364393,-0.18182674839934343,0.57674344772485,0.5194874778630755,0.09667730172539984
2021-07-08,0.775049126938657,0.3384090590266227,0.5697772625782084,0.37893213999670233,0.019575368587725274
2021-07-09,0.8113586136784321,0.23457217520855497,0.4750089848664832,0.5204696796097033,0.09241450571444271
2021-07-12,0.7696085714322768,0.28174611638340896,0.48033432412009747,0.34008542723673274,0.004343440731228532
2021-07-13,0.8490148589972538,0.0539223793142308,0.5518545478096055,0.44050444727696836,0.0482852297265432
2021-07-14,0.803882970023719,0.09697432708273533,0.5336670450935526,0.5964483976155419,0.09048764649038722
2021-07-15,0.892799318154138,0.2056041710890175,0.5673996165075985,0.498585496480412,0.06560380939530608
2021-07-16,0.7666148598160076,-0.0073926104344547066,0.5173867923709017,0.3505105890009274,0.0799296172419904
2021-07-19,0.8478021157636935,-0.08189697913621063,0.5384206669386458,0.36224431694945697,0.06754857835970025
2021-07-20,0.8446035415269606,-0.14015240292400646,0.5082108143917847,0.35171417726529364,0.04067021763936755
2021-07-21,0.7577038485654471,0.06515251153723357,0.5359130181859355,0.5920034351881074,0.0014462468948757024
2021-07-22,0.68849433516431,0.1551091321114616,0.5849735227722153,0.18197189392922244,0.041641706442327044
2021-07-23,0.8197702591360807,0.077587682698879,0.4908955604416251,0.42632575373324755,0.07295505503609209
2021-07-26,0.8442320931181653,-0.23086353265006548,0.4647404803249306,0.3889845537061265,0.02615857624890937
2021-07-27,0.7588583933266432,0.09764079895464273,0.6203340632231653,0.27014423549755917,0.005200604060502257
2021-07-28,0.7657901143107373,0.04646762077250775,0.5780078832757805,0.4081381773224425,0.09833768235524143
2021-07-29,0.7462788772226987,-0.11974657368182512,0.6007860514370188,0.3266639171494256,0.05174332652638556
2021-07-30,0.8359182202229538,0.14856183453186567,0.5385336846868246,0.30885050941034287,0.0917888161066257
2021-08-02,0.7787427632945252,0.47649296211358316,0.5011486171408518,0.32814374726768647,0.09113307643208514
2021-08-03,0.8517153217617418,-0.11748571527411314,0.4835101972941723,0.47954127587343254,0.09990995944108907
2021-08-04,0.8702102116867002,0.028428300005196163,0.5676774463693943,0.3898928267328518,0.0540804142194526
2021-08-05,0.8420577799156135,0.2640677197565937,0.6430775086217666,0.48031177109066303,0.002287454771879094
2021-08-06,0.7901368873199865,-0.263235219828948,0.567059570360375,0.4250662679161051,0.057538552559867284
2021-08-09,0.778180475533143,-0.04700954017634631,0.5359714526478053,0.4175825565925161,0.020852627452850173
2021-08-10,0.7941716358933336,-0.1692226000503303,0.5053291629012355,0.5496484312571187,0.040403738968996655
2021-08-11,0.8015951585357523,0.15666027609515343,0.4981422063790564,0.35624470993983337,0.09887350375112847
2021-08-12,0.864933896198606,0.2433046154853903,0.4644541440296458,0.5428394454922738,0.024644301211813702
2021-08-13,0.7860311110943217,-0.005622234102745818,0.5340917560213105,0.5649519303948205,0.011629142967851835
2021-08-16,0.8041453413016925,0.23315468444514964,0.4919165949455517,0.3217608224999922,0.0198020271394334
2021-08-17,0.7390779129759844,0.16536428323769237,0.5075682010540079,0.3669489128153681,0.06941353590963494
2021-08-18,0.8254418377276029,0.09079230090179663,0.47763914300071886,0.2741182480698888,0.043500916733153316
2021-08-19,0.8386021295156075,0.11047209598890927,0.5510659766724836,0.4237052886201317,0.05625812576687981
2021-08-20,0.884167242436354,0.14906997935653424,0.5059341100362819,0.2219076987382228,0.09707840802944818
2021-08-23,0.7509195167203125,0.03848510693420915,0.5990260696225379,0.46457372627259097,0.03185877871795819
2021-08-24,0.9146510210963927,-0.215568110553939,0.5344150585314598,0.3416109497116254,0.08150075893523312
2021-08-25,0.8008153603041895,-0.06778015537161784,0.5522635432182734,0.44492002946281406,0.09838450687042627
2021-08-26,0.8785661626493655,0.05164948935687095,0.5308990694043791,0.45773797466234817,0.07290449987844058
2021-08-27,0.8733360527558165,0.2344144647033479,0.47514269254632097,0.43335961941292256,0.04863164227121876
2021-08-30,0.8145436167869657,-0.469017700984572,0.49597426067285105,0.422897050097647,0.057970654556481385
2021-08-31,0.7954976715078352,-0.005446222562762465,0.5564762689941185,0.41286351129976334,0.06957423537300826
2021-09-01,0.8290199660105354,-0.05433674093894935,0.49145282041282684,0.4502492312845744,0.08516374820278452
2021-09-02,0.7438896156280729,0.07354476219845785,0.6048821677982352,0.5275037267986907,0.036379232858054354
2021-09-03,0.8043700515834558,-0.03368647633662018,0.43297379888733056,0.3522542857826719,0.006091223798748891
2021-09-07,0.8902260192931363,0.28445088905885885,0.500640256969112,0.46601410755128725,0.09511943036041509
2021-09-08,0.7788515161789757,0.09781348288563767,0.5527372644272629,0.3443898527526329,0.011414466092295872
2021-09-09,0.7692122639711939,-0.08366409891898827,0.5129434828604621,0.40292275240581427,0.02492548248742269
2021-09-10,0.8514074242104118,0.21371684781260428,0.4849720542682592,0.3962812518200982,0.08395424184384298
2021-09-13,0.7804001971526151,0.11124986691895085,0.4722570891799397,0.5537281425908177,0.044662610112382144
2021-09-14,0.8292113619825989,-0.006733865752362927,0.584458523256308,0.5004516660524304,0.07323190630726278
2021-09-15,0.8054627213474082,0.08674832037195586,0.46902306508049435,0.27129490969522707,0.09511056326269186
2021-09-16,0.7816921889026338,-0.18567152948901025,0.46179803196940544,0.3492727031851584,0.021929711303249888
2021-09-17,0.9104408991308283,-0.3446427875042217,0.44270324577789477,0.4187770306083492,0.06499318143289415
2021-09-20,0.7912121384807514,0.16970250241382487,0.5026046015523481,0.3294429813459706,0.08527049255772394
2021-09-21,0.9298393089914595,-0.04108808120794558,0.5152479866789627,0.3169730703492229,0.04072928835589268
2021-09-22,0.8492300969427111,-0.5096373122168784,0.5751840362900804,0.2930773650562925,0.030632970552856166
2021-09-23,0.8144260647700431,-0.16458030767820758,0.5563592301694573,0.4205540718330679,0.06946102382546915
2021-09-24,0.9010094880281507,-0.10366067015867408,0.5981904938176215,0.29144514746487427,0.03792547130759252
2021-09-27,0.8602413902048893,0.07469566544259754,0.4525010104350561,0.3996384571470813,0.07784825629010034
2021-09-28,0.8197862516438927,0.001458498189035509,0.5297749986224078,0.3122295384936251,0.08503271104051464
2021-09-29,0.8026323870040301,0.04101332965991947,0.4573169982038548,0.3527067347725775,0.048446786322687764
2021-09-30,0.8921287006117666,0.13051016597617646,0.45601726834190437,0.3570052048685789,0.01563835062265916
2021-10-01,0.8089968276998872,-0.09170555808770531,0.5023097419136148,0.5125409250248103,0.07337699897917536
2021-10-04,0.8968099747626533,0.2137322110287236,0.5520107851004095,0.40991606232003774,0.0019431265244533092
2021-10-05,0.8554647123351456,0.2864014694795835,0.48226166599098375,0.3988248699976172,0.07635617905570244
2021-10-06,0.8629208432903067,-0.19250377293576204,0.5145976626453135,0.3644989412884171,0.009960784216052721
2021-10-07,0.8414421865697792,-0.04483876057023161,0.4955781538775437,0.536911004074239,0.05467804905446551
2021-10-08,0.879109917278245,-0.045982373727674955,0.4935559053287438,0.5460770158517083,0.06922157525592737
2021-10-11,0.7809811344127583,-0.019015917909612164,0.4254617307828726,0.24907813716261373,0.01754925583564512
2021-10-12,0.8467109422347643,0.1625660850959308,0.4163695240037351,0.41014752332939514,0.09712341626308563
2021-10-13,0.859862994292941,-0.09053253867472622,0.5080565785883832,0.40622401140354425,0.006400347955293173
2021-10-14,0.7504275897495952,-0.026652788236241193,0.47998062827515764,0.43860307297103773,0.041128981000625175
2021-10-15,0.7908825201243788,0.05350597140484952,0.5888722097781842,0.40871503498277945,0.038545958936978146
2021-10-18,0.8741700455400329,-0.06728195303801325,0.5220276334324998,0.3936952227794766,0.0941638420739353
2021-10-19,0.7901063843864624,-0.051257422451486595,0.5286820463853152,0.401244793614683,0.0953433063905402
2021-10-20,0.9504513863067345,0.005047908634938451,0.5158947485310796,0.39607591241106455,0.024846801251886586
2021-10-21,0.8311920975196545,0.39532630653403733,0.43641949131875896,0.4405037891404498,0.04279334823271476
2021-10-22,0.8960769739833648,0.24117890989537655,0.582834886452054,0.4117333845591631,0.07343859231153697
2021-10-25,0.8673988223361769,0.07974309080295773,0.5514154148136705,0.5059571369213776,0.09470916233992299
2021-10-26,0.8484124358631869,-0.15156825514192643,0.5957355984062804,0.4178999368075622,0.010644931069177244
2021-10-27,0.9251964871088505,0.3699586332383908,0.4612384205489627,0.527890544638852,0.0015550724040176212
2021-10-28,0.7871478251362914,-0.24254009209428437,0.462936770103464,0.552489635024598,0.009612682429996312
2021-10-29,0.8829245074966533,0.4835354655725331,0.526754811862044,0.30854250365340596,0.03833545995994767
2021-11-01,0.9228065516781063,-0.32109762453367874,0.41370944253525244,0.3839578000799211,0.06655449001269868
2021-11-02,0.8383812588590827,0.18749586244216687,0.46770887653980464,0.29793648211140483,0.014942665653830579
2021-11-03,0.8089637506920127,0.04870913453940715,0.5895208438535956,0.34918656252950236,0.017211908198941306
2021-11-04,0.7870031951340389,-0.08859886629431593,0.5069484745592269,0.5184137113198266,0.08668155920851693
2021-11-05,0.8047499863868224,0.25133159926617077,0.4553053943765405,0.23434007452478098,0.09883295425639158
2021-11-08,0.8260572759021838,0.027385636835189155,0.48543276961232706,0.26465061457861194,0.0897978545267244
2021-11-09,0.8565663103251053,0.24728711695952255,0.48692755970152707,0.4798460909095301,0.060673516829952145
2021-11-10,0.8217915642244366,0.41911104796954013,0.5024134058323197,0.3364586543994662,0.006817532085284306
2021-11-11,0.800519271812823,-0.15530881858955536,0.4115567447730357,0.5180343295005092,0.01349125976302753
2021-11-12,0.8239119279212861,-0.2653043769239338,0.5438416583277238,0.475729100404971,0.07896505395116173
2021-11-15,0.8312581379025608,0.10008343854685398,0.578364823677157,0.4201063180150832,0.010707063680354302
2021-11-16,0.8350997712704746,0.12996922760083066,0.5646545088130784,0.4442132717437663,0.029583846037088548
2021-11-17,0.8096093931839423,-0.27398682553764625,0.49466153582747047,0.3000635927192282,0.02786688454809394
2021-11-18,0.7448927157616674,-0.2599865814915157,0.5055769618974795,0.41410732432838077,0.0317697085781336
2021-11-19,0.9065675828869642,-0.25287153093367815,0.44058976017154905,0.35452891941809006,0.08319902691680282
2021-11-22,0.8306444488600729,-0.1989432664454886,0.46068896992791,0.3470351637462802,0.030245625676180922
2021-11-23,0.7847621017846147,0.1666147808014501,0.4832835821039128,0.40104520373039854,0.09859847619282783
2021-11-24,0.7838027613519539,-0.028725171405677305,0.48161641804870714,0.5558708080219974,0.05652859512226244
2021-11-26,0.8170558224838974,0.11800812592173092,0.47991953485586025,0.4095575304823889,0.08132223585623817
2021-11-29,0.900195571404875,0.08896162158404532,0.5647110305684006,0.5934804577899706,0.07728554150496747
2021-11-30,0.77724944561911,-0.15392147342548518,0.49266912220961356,0.4819446964062529,0.007827973069263005
2021-12-01,0.8296445251241721,0.05244375662335187,0.5295345601505267,0.3301140681449386,0.06285589560502662
2021-12-02,0.8665497071767692,0.2227529321326358,0.5142277695550772,0.4111394920859758,0.03813055831339737
2021-12-03,0.8069959947065094,0.30514343399029714,0.6292232356263927,0.4797855660682509,0.03387089387776476
2021-12-06,0.8347490102017182,0.20953911581011783,0.44629506121705653,0.5073586676619986,0.08249521799307542
2021-12-07,0.8224034759085203,-0.1141221087632173,0.46359487878891603,0.45197131600867413,0.06765519767028529
2021-12-08,0.8274766629142323,-0.08884038484310598,0.45282188962361997,0.41045535162706737,0.08069148919014799
2021-12-09,0.8153606825177803,-0.46426690560351747,0.6604164584567161,0.2916800976064093,0.08471835294291008
2021-12-10,0.8480738000713682,0.0287872889817277,0.5262580067666771,0.40566152756127377,0.025278715123074648
2021-12-13,0.8767609029573689,0.14775194210260742,0.5555637909167155,0.5077463235343537,0.07704308518851807
2021-12-14,0.8122628161391844,0.33083614984324283,0.4970222518950756,0.34110499938336764,0.03683095454537172
2021-12-15,0.7521057717772031,-0.18654865333479662,0.5569165529562725,0.4868955403481853,0.0005795548955823571
2021-12-16,0.7831093681092364,0.2597625941972206,0.5302934883066865,0.3267368774175735,0.07470074222269078
2021-12-17,0.7739536730720308,-0.384869708804839,0.4730730974122313,0.48123246844417455,0.017120812640685556
2021-12-20,0.8371650401958103,0.10959352832817254,0.5687813436312753,0.5486156427379117,0.04579811498250456
2021-12-21,0.7219628304955623,-0.48885713793156677,0.5624917247454677,0.2905907677204196,0.007895970566173893
2021-12-22,0.8386868316548814,-0.2554050014204801,0.47053309001025395,0.38302250367465157,0.05182314991823729
2021-12-23,0.8111171427828495,-0.034463070090283286,0.5515183303031379,0.29742612272503677,0.07630661124520521
2021-12-27,0.7893641424180136,0.04034022876971961,0.5223282863211328,0.4745988096769631,0.06334410894429014
2021-12-28,0.7964220529001778,-0.020517361583683377,0.5410433440325654,0.3389569188765536,0.05183728021272674
2021-12-29,0.8310318824096705,0.04802100959136967,0.5829511683106733,0.44639838083753747,0.05869604289024919
2021-12-30,0.826015568734439,-0.1367895915998488,0.5274207877547316,0.4886206821083867,0.00011820994278209929
2021-12-31,0.7292307219711442,-0.09717823666992315,0.5388000581151003,0.3430956661863034,0.07139664810650408
2022-01-03,0.8336432072389072,-0.3545269314506487,0.5503981645671501,0.33781839181153805,0.03725450969527122
2022-01-04,0.8557921699041043,0.03942567665923599,0.5493378246566538,0.3730791204645945,0.04019365693321214
2022-01-05,0.8355924109569983,0.07577317973657292,0.5438847014133759,0.41253868053362236,0.03251075977834198
2022-01-06,0.821214175485073,0.0674792645107081,0.5841650072031493,0.38093208255167005,0.0739083515338714
2022-01-07,0.8005739488202782,-0.29801020087063596,0.531549375313949,0.38386808697185937,0.02779469554815063
2022-01-10,0.7881768327356604,0.046668226397077656,0.4857589697074036,0.3089098838718134,0.08097699047729366
2022-01-11,0.8469518440363637,0.16622842796942694,0.6062269491994937,0.25382535248541116,0.0430909947747187
2022-01-12,0.7972146021469644,-0.38686913914619125,0.47034224808250613,0.54049442666815,0.016934555242588346
2022-01-13,0.8149303346729916,-0.04321966098731848,0.5810003755047218,0.16149742331869163,0.02401818465339478
2022-01-14,0.8481628234884466,0.09537631140080881,0.523416673871898,0.3510185773185878,0.0483645943632684
2022-01-18,0.7904637785129254,-0.15539678396529066,0.5622016103575771,0.5413685795640122,0.08965944487397523
2022-01-19,0.8333155234196719,-0.04028102760749948,0.6079118845977698,0.3398817222102474,0.009552500875733129
2022-01-20,0.7944001898590299,0.18714419328580667,0.6620798755192645,0.5558031668872276,0.0187895294665148
2022-01-21,0.8618145293508079,0.1383261841396658,0.6247012364717136,0.4677357037033617,0.07088383441408351
2022-01-24,0.8756018918957814,-0.13985342828142372,0.5846022900704662,0.4502131070523002,0.08809344448021098
2022-01-25,0.7396818736575,-0.15242699052568828,0.604046513783811,0.5666337158034869,0.07313275868737998
2022-01-26,0.8523406907629208,-0.02895357328194318,0.5709153755118251,0.4920603539085646,0.06863116163578027
2022-01-27,0.7757358906749033,0.2171470941623523,0.5631407350884511,0.6679861401123852,0.09429942820484684
2022-01-28,0.8100198144791325,0.0245593725275745,0.5382348043850912,0.45442920038139206,0.08054698216493929
2022-01-31,0.8450555252773261,-0.04885028330114568,0.5264764028460854,0.40670895302364596,0.0638687694413849
2022-02-01,0.822230251283471,-0.260367447849767,0.5463340542905918,0.42693504813582345,0.036513431491250005
2022-02-02,0.8996742735537724,0.2527419824618878,0.5872645846330361,0.34582059386886954,0.004695621304605147
2022-02-03,0.8278078841320483,-0.19080678012860816,0.5241560799488918,0.5034724090294214,0.0354383928220652
2022-02-04,0.9073606864422837,0.13474954245156315,0.5675998442906958,0.2869202309778803,0.05716579769082835
2022-02-07,0.8335350967208566,0.4592423528634618,0.622806628101105,0.45241749095471495,0.004380352853277003
2022-02-08,0.822929183712288,-0.041705437991785166,0.5721197018199377,0.17426352642836243,0.025430182651424396
2022-02-09,0.7805623995378546,-0.49599777209180085,0.5686786757881909,0.24613465532486367,0.04400793544058132
2022-02-10,0.8060525318093569,0.20158508368817174,0.6696874476142659,0.5100571975593293,0.012176017434091236
2022-02-11,0.8587095708779139,0.09036923630014054,0.4955600318931892,0.4556252095404091,0.04971015297696016
2022-02-14,0.7784009713393856,-0.08807016722079108,0.5329425267656105,0.505263493382339,0.011279217723707513
2022-02-15,0.8704146244632583,0.16010655622543196,0.6415320046419574,0.3798024416216327,0.09064269759439597
2022-02-16,0.8103143430052425,-0.005302618135364792,0.6106538194939996,0.3742456329942828,0.08749035333877367
2022-02-17,0.8238760265260034,0.2899758611102405,0.5655082662885678,0.3932176684550932,0.03873828497724102
2022-02-18,0.8569229528148377,-0.023513665329909166,0.6618497001008463,0.5907567231527923,0.03898235512537362
2022-02-22,0.8099503158476442,-0.14668312868114636,0.5734010926707691,0.29288355935811555,0.029146855482281322
2022-02-23,0.8919027106962185,0.1033318346588531,0.5010058186148445,0.318965907900333,0.04312317285961284
2022-02-24,0.8111942202588199,-0.09710092361402377,0.6874266047662487,0.2964652864706036,0.05548866362543108
2022-02-25,0.7709873504574011,0.1990536118108974,0.5521863661932013,0.3829121637403366,0.031549903774399535
2022-02-28,0.7279021884641507,0.11831837148106145,0.5633172211868023,0.44242604858912793,0.05496119253802187
2022-03-01,0.8181836721154867,0.26280779088030587,0.5404726171019506,0.348463830919952,0.04598521583609874
2022-03-02,0.8607378639743873,0.004600180570468264,0.4748780874103821,0.5084190844161139,0.03530145218844926
2022-03-03,0.8097176197100305,-0.19823347009814538,0.6452464257597622,0.4330377116287658,0.08834017740085695
2022-03-04,0.8509637723396929,-0.008468019408314214,0.6156380746262827,0.29314325901759053,0.009063192185915026
2022-03-07,0.8669525521164375,-0.006356034954950776,0.5530917169676011,0.5222892947201486,0.07607144825621497
2022-03-08,0.8218096766307297,-0.2611340701093001,0.6493997396885012,0.4595168604210378,0.040953138273673785
2022-03-09,0.7576339393143499,0.2590721596685152,0.6092065325421507,0.14040272438496398,0.035424188285102354
2022-03-10,0.9198264109118846,-0.03352512323878752,0.6630088895090204,0.3666594576185401,0.09177928302758254
2022-03-11,0.8751243888222577,0.1484857360707494,0.5243479541718157,0.5041230634871006,0.04810061550147976
2022-03-14,0.8554379494067179,0.009562600321682631,0.656612893736194,0.508901006948285,0.044180201238291486
2022-03-15,0.781406454571382,0.10970879070381406,0.5079287725641527,0.4666291333458275,0.011715596767482673
2022-03-16,0.8038334802408842,-0.2201619921164033,0.5616190642759149,0.32414593774424205,0.054668678478802225
2022-03-17,0.8294400407839975,0.0010439640004722536,0.6081271024070303,0.3087187135662246,0.07400545050117784
2022-03-18,0.8362113164182653,-0.48230426400154286,0.5132311071879623,0.22304632773245534,0.08600538815010811
2022-03-21,0.8328163299451244,0.10562632241029607,0.5569288721204334,0.36916273409734357,0.07350128448769028
2022-03-22,0.7885982298624223,0.30961729927720705,0.6419587196890855,0.3973898922579042,0.0838170512038433
2022-03-23,0.9211818968061772,0.0434618261769494,0.5272353169478793,0.26859067190227415,0.014611508624192783
2022-03-24,0.8044167227059051,-0.14413560351285012,0.6113401744905829,0.6245103886121218,0.08422129480287711
2022-03-25,0.7736163798997397,0.22417208086827445,0.6372176906609492,0.5531363005654142,0.03357460380575712
2022-03-28,0.8611884839756273,0.3271421134255121,0.5976993545856478,0.5300745252364633,0.09859963354961018
2022-03-29,0.841488525966985,-0.14059715730720154,0.577338772531055,0.460343908758377,0.01696598131320821
2022-03-30,0.8495930726336143,-0.07688629079748949,0.6329607127084855,0.3721600482013951,0.07533455402256639
2022-03-31,0.8016331008105376,-0.07366336093045338,0.5669249631405191,0.3596100100256041,0.03235300558622294
2022-04-01,0.8403799137150242,0.021467041847473778,0.48101329446095914,0.3863518109030509,0.02055730148661973
2022-04-04,0.8155287981894401,0.12172168315991155,0.609911990010318,0.2828883213313288,0.062436105158375145
2022-04-05,0.7607731051800408,-0.23636637433180607,0.6032462000050504,0.39153219205043205,0.06885142920898218
2022-04-06,0.8167791742943222,0.05837990601484969,0.555599353737295,0.33337072267687745,0.006508108610164887
2022-04-07,0.8621898820733568,-0.006655753673952188,0.5278687438095948,0.3699032915520325,0.015273986692043063
2022-04-08,0.765578032559738,-0.07182571856403265,0.5387300256117961,0.2452277782748718,0.06527513870084141
2022-04-11,0.8417156689652664,-0.11580272786676196,0.6404624047952503,0.3668208431288093,0.051196920212313646
2022-04-12,0.7369470308477685,0.15695403005617903,0.5798108195026153,0.42031805263701016,0.07153120358016418
2022-04-13,0.9008138889072737,-0.05839082449273363,0.588213875646255,0.421437930813781,0.05125382528218012
2022-04-14,0.8516645325081027,-0.09704019797785123,0.6063993949615328,0.3173794161959123,0.06086114774834322
2022-04-18,0.8184634482120987,-0.08592746570156912,0.6753601925203793,0.5312266926792739,0.026825594488613703
2022-04-19,0.735171734706565,0.24722585453526263,0.5667671641599585,0.5006300797282502,0.01896836984389514
2022-04-20,0.7360665266918732,0.07412444160989326,0.5603072143384074,0.369429253448075,0.08480296603789994
2022-04-21,0.878086718322456,0.1991239294664357,0.5894354955195266,0.25680923476079776,0.09332515397153178
2022-04-22,0.7704000470937977,0.006373058769644494,0.614338556703328,0.3622354044912287,0.03334760425529273
2022-04-25,0.7628454964268956,-0.2612172170534234,0.6016502526376101,0.27624869781470013,0.09750375725116674
2022-04-26,0.8186302644468345,-0.3107479667795042,0.6032383442974638,0.38157181104654736,0.03825227881054264
2022-04-27,0.8971446037245853,0.07086033843750407,0.6080067755527411,0.5554701692319257,0.03527659020525671
2022-04-28,0.8020625342838806,0.4163043267269596,0.5986168807994847,0.21891538402409783,0.04467962111783548
2022-04-29,0.8856445505433062,-0.08458294943686752,0.5554075277441858,0.4305023476793848,0.017634400833261187
2022-05-02,0.8346885088565991,0.24451536669763044,0.6474573290006342,0.20048876740795646,0.08661344111531843
2022-05-03,0.8246147442223358,-0.33606383217357194,0.584186232522124,0.49654577372551545,0.052609509121791714
2022-05-04,0.6517807213093475,-0.06205660164657785,0.6108193959990408,0.33812418181872234,0.056963545842345725
2022-05-05,0.8905298307672229,-0.048001725997051395,0.5945278542610102,0.485307266792957,0.04061461549745087
2022-05-06,0.9362520349091014,-0.09082413690485666,0.5342786325496122,0.5104793341995579,0.03621996942719854
2022-05-09,0.8362397174516665,-0.2101091519926103,0.6179121035906368,0.14254199060328826,0.09667238754539934
2022-05-10,0.8518843074507649,-0.6028948443304916,0.5282663449108864,0.4216943559839292,0.06862590921210732
2022-05-11,0.8421517472912072,0.2677008311654842,0.5182801873216831,0.3335077760918714,0.032886691430167814
2022-05-12,0.8429544386314447,0.029529928324231958,0.5554862908144211,0.3192902924706146,0.0037054923997097977
2022-05-13,0.8613371867901015,0.10287974016574697,0.5982297682364144,0.5393247319388621,0.039424976976419904
2022-05-16,0.7702762472607392,0.3013604577967137,0.5807302756456879,0.42975962072171636,0.0878910444264342
2022-05-17,0.7766613849324355,-0.02511804625921889,0.6042014872910816,0.47175021688405355,0.01920713860398896
2022-05-18,0.8803384191805771,0.3088327182664489,0.590225450030471,0.4204743134681881,0.013612643981099883
2022-05-19,0.830755949004966,0.42127090983274346,0.5872022031548347,0.44263644049162043,0.03979015148019016
2022-05-20,0.8214541582286116,-0.0945157795571433,0.5501127433173543,0.37184173053841496,0.014775623935611505
2022-05-23,0.8745295329603975,-0.061355089365813645,0.6078272437809784,0.4360237843301644,0.06399402144557109
2022-05-24,0.8784948758422402,0.4108761696885346,0.5382318430816261,0.32660286143279016,0.0517925440738625
2022-05-25,0.8309960930372715,0.14558971766459045,0.527814662362979,0.5294590200763072,0.07232689716758679
2022-05-26,0.8122078031025632,-0.06476328783006721,0.5134293133501532,0.36377978390262555,0.04666434091714983
2022-05-27,0.8503594125725806,0.07439621914760507,0.6143638395109289,0.41255164414353024,0.023520932938030648
2022-05-31,0.8572212710374881,-0.1272162744059024,0.4943132198476081,0.3793065007889549,0.08531182511497985
2022-06-01,0.7894794684476616,0.26946205304838083,0.6022250717186511,0.4126596994647841,0.06101393538629212
2022-06-02,0.9086475751467564,0.5077077459108742,0.5728406472205271,0.36286217651487374,0.040032785294118384
2022-06-03,0.879286819310705,0.1913046434665897,0.5446470123630998,0.2131256513365222,0.027612036308007903
2022-06-06,0.8338875460553672,-0.08893992309112167,0.5699788043413543,0.18987087502676725,0.016412673263566813
2022-06-07,0.8732233350346227,-0.0641839802184275,0.5815037697865776,0.5309753869069105,0.07790628872757388
2022-06-08,0.8211822951071392,-0.15452649529008267,0.5621708582873305,0.5205438671113766,0.04215058861522078
2022-06-09,0.6660378127350768,0.15555764480471151,0.5733497304241182,0.3752321617493769,0.07651063405857421
2022-06-10,0.8317506016970453,-0.1735308508140467,0.4811828779773529,0.3951949687415439,0.08763782025941913
2022-06-13,0.8596434267799511,0.04376837426097138,0.584686138816824,0.3697954793475609,0.02312476188564948
2022-06-14,0.9065996425419227,0.02290367462622997,0.631145872157486,0.40375788967703474,0.0473406315254186
2022-06-15,0.8386286109490355,-0.06323254303204583,0.6523514492877781,0.3253301542678029,0.05654300705200169
2022-06-16,0.8394570860923342,-0.03447373191062728,0.5141908570253613,0.4086561163402675,0.010799475090814538
2022-06-17,0.81245639583976,-0.18608836984658172,0.602673685584741,0.4856185900747546,0.03318767998186436
2022-06-21,0.7823933432029615,-0.04770207839340988,0.549827381243393,0.33928061841985085,0.057778978603967315
2022-06-22,0.8256223058990022,0.44743247880240294,0.5559555031262183,0.5306152439443839,0.06629424690785353
2022-06-23,0.8352477719165498,-0.18548528214086546,0.6143820015011442,0.5973946820943772,0.06485122038752815
2022-06-24,0.8270494673185214,-0.005606905593417275,0.6031917890499987,0.5446947480207972,0.06944880608374521
2022-06-27,0.840638962367694,-0.1727801221968075,0.45478881900658125,0.3894473063416676,0.04294683054403619
2022-06-28,0.6941788141284755,0.25069431913356904,0.5626916703138398,0.5040468080165085,0.05987479361766599
2022-06-29,0.8148385438935406,0.18494793792728542,0.5669497510941977,0.3219712330429841,0.08158613394138985
2022-06-30,0.8499266203027543,0.1586559144769028,0.47736853388624356,0.1275640050251866,0.0031129521793520688
2022-07-01,0.8113959412488156,-0.24626068637361867,0.5771823158649212,0.4298790070355968,0.09785804676551572
2022-07-05,0.865402712331264,0.4168029218887259,0.5365068220225405,0.3736685828270296,0.01816836015592719
2022-07-06,0.8159266738675126,0.17649322876093565,0.5742781839602985,0.3502991584864596,0.04558460317891721
2022-07-07,0.7974914983893094,-0.19517661102614012,0.5406015450317978,0.4827619871581631,0.0685618801074137
2022-07-08,0.814603038197885,0.24426917305201068,0.6379411655936794,0.29816623271954196,0.059062533782462213
2022-07-11,0.821781732548519,0.3486998692778047,0.5539083895658581,0.31599400747325546,0.06262537553657707
2022-07-12,0.7658306225607464,0.2073526969204035,0.5621105944273596,0.2080140731177459,0.04099239774713431
2022-07-13,0.7468173325820734,-0.10131231640624323,0.5871978103917697,0.5273589676818153,0.06418242270943568
2022-07-14,0.8463694923531704,0.03224706692503752,0.5113957186876721,0.34543601655611017,0.07226678318115547
2022-07-15,0.789166937664114,0.38747099261501217,0.5693601963949482,0.3612940985553106,0.001031786515509936
2022-07-18,0.815383674358002,0.10146394729438868,0.5324239745030346,0.3193018601869518,0.08373340144113701
2022-07-19,0.8649504395844525,-0.19484811870135477,0.5409520063146563,0.5130807407280074,0.0017323508602264616
2022-07-20,0.8004871626675083,0.11827652652814258,0.5662656263761415,0.32091444953036186,0.04583537795166202
2022-07-21,0.7949168114878244,0.0004898841164136244,0.5396598674223797,0.46703197768384874,0.009032043256748635
2022-07-22,0.7438028120049462,0.1954930554354798,0.49594625218976474,0.40739757291879425,0.021280380153526724
2022-07-25,0.8326969006922148,0.31474248753492257,0.5248405871109766,0.48028146932297483,0.008871775226422475
2022-07-26,0.7745012920549696,0.05760597574402504,0.47414290485220767,0.3453143971084828,0.00492950036997869
2022-07-27,0.7897258160069517,0.26548641007083484,0.5201600810321274,0.4920294871585604,0.01050125417335306
2022-07-28,0.7413479243669612,0.2533741881639459,0.607297270060044,0.391714438977408,0.09740731457338006
2022-07-29,0.8209447218235606,-0.21855184318469167,0.5593815127979573,0.41746162271020815,0.07191799924170153
2022-08-01,0.705621593735625,0.4011685229126596,0.46966842136154324,0.3994789144831218,0.06094986132974896
2022-08-02,0.8675963729704532,-0.021776069702126727,0.4953611838056064,0.4261960898089549,0.09888308185464166
2022-08-03,0.8463876997055498,-0.028391686983447795,0.5506390210688724,0.4743423858357245,0.056890048939699726
2022-08-04,0.821682916493386,-0.42646676113253923,0.5065911538532992,0.3220174859720796,0.080781875212163
2022-08-05,0.8005755934770419,-0.4073817993975823,0.5271977652527939,0.31884026356931916,0.07957813469965899
2022-08-08,0.8267168559395093,-0.03816665400047167,0.5214647730225421,0.455372311157793,0.08984094703366621
2022-08-09,0.8226029830423457,-0.10207998487004875,0.5370283270341909,0.7174683645889157,0.02727930936645543
2022-08-10,0.755479969471184,0.09925844186577493,0.516096455281211,0.49269084605099045,0.0553038128636584
2022-08-11,0.8460940104193364,-0.01636846863629847,0.5070667491393741,0.35719291725863966,0.0611508400396317
2022-08-12,0.8685625692203524,-0.19564766041237794,0.5408204921188532,0.6432711846151531,0.004915338911191969
2022-08-15,0.8382672181414863,-0.06389991851622351,0.4947123451983954,0.2700042997030276,0.054668501661169024
2022-08-16,0.8073862695392064,-0.008309734985762578,0.6535899546809707,0.28541651128185574,0.09376850901969114
2022-08-17,0.8250340061445025,0.2325730210442627,0.5738764342106912,0.43461460544622027,0.030494961061803917
2022-08-18,0.824359063243904,0.2397881519065894,0.46963619547233715,0.32455506937353207,0.026809884178846034
2022-08-19,0.8476512769029311,-0.1887770339375153,0.46502573621141896,0.5501394616192485,0.03247549916013105
2022-08-22,0.7515805129577411,0.0181261563896307,0.48913382603509215,0.412676993124851,0.002699509975483583
2022-08-23,0.8696551720898706,0.13313195751082205,0.5436439512139206,0.40326947469820174,0.017362199377509324
2022-08-24,0.8578636204542874,0.09377224443183249,0.5536479427692925,0.3444621197511258,0.014673752269659557
2022-08-25,0.8144312255660486,0.10998221735145597,0.5818337698882567,0.457111146525206,0.05179478590662256
2022-08-26,0.8607247270579428,0.07105352365278189,0.4771447695284126,0.45238313271376296,0.023258235141540986
2022-08-29,0.8077552327782501,-0.16682845056609452,0.4869943837544843,0.39282475433533237,0.013969269824844721
2022-08-30,0.7936488764473555,-0.04936112858479157,0.4541518333722163,0.4806622334869983,0.002529370572435841
2022-08-31,0.8123140879880193,0.01436119827316876,0.44263846657910205,0.4350641692374016,0.044392706055473845
2022-09-01,0.7985438727187706,0.012697126615608526,0.49014304091510996,0.3972759250574476,0.0019132793403521587
2022-09-02,0.7794718093985057,-0.023291422951181365,0.5569531815199543,0.2970804547906537,0.0003587013968797237
2022-09-06,0.8111817190842862,0.09218679993105658,0.4916965631894735,0.47045968333033783,0.5687574570994856
2022-09-07,0.8482632425674682,0.05084259485170914,0.4590620628852628,0.48422616150624725,0.0009064228273664377
2022-09-08,0.8285082825494439,0.20072123181050877,0.4894907356619389,0.20593262312826743,0.03221350762472521
2022-09-09,0.8828834774889596,0.19534119223628574,0.5562449126226521,0.2898016367263381,0.09715802736119167
2022-09-12,0.8732408140389383,-0.36255027707151144,0.5243745423903929,0.5129950190394823,0.08504940697005793
2022-09-13,0.7883118764311599,0.27774123356481933,0.4894254726265313,0.4296567702846473,0.07649550023526609
2022-09-14,0.7905937515561375,0.06382550971360933,0.5446315128996944,0.4078182343465801,0.023240009390560246
2022-09-15,0.7961409733858353,-0.14998973307524782,0.5410441157874784,0.1803508359880961,0.09589127315660273
2022-09-16,0.8156657269594246,0.13008236819302896,0.5850529273570444,0.4614129875524024,0.09449650511917328
2022-09-19,0.7736615278296894,-0.2260116587122842,0.48641267266013616,0.4583397339907754,0.043480403620665825
2022-09-20,0.800391878857202,-0.11709927568229916,0.540301079074541,0.28089221425043825,0.033331540055565934
2022-09-21,0.8669124916088345,-0.45595455594045753,0.4241200185950328,0.40420085368377934,0.027276250685011928
2022-09-22,0.7738659198576815,0.12523112137044454,0.3892222707346017,0.27696552008614994,0.08583851348841913
2022-09-23,0.8910805939108362,0.1706103771388313,0.47775940374045744,0.5598282654598741,0.04347375863654255
2022-09-26,0.8449240144336776,-0.026500224632331783,0.4510529397397174,0.21007692945742784,0.08893634030712302
2022-09-27,0.8365352565573276,0.007907351889405482,0.489575287791164,0.33464455899560763,0.031111968346878474
2022-09-28,0.9540872374586746,0.020415604051186954,0.47324600892533863,0.10913306983002041,0.0949407836488821
2022-09-29,0.7970335231951232,0.03332402397386821,0.5448939525798342,0.3007106743564334,0.0644870760961132
2022-09-30,0.8730659872267607,0.04921403508634084,0.3720392138676662,0.42653078739812644,0.07151163756395783
2022-10-03,0.8931985959435165,-0.2448508452365299,0.6349219485386977,0.5056393328055202,0.018177055782560014
2022-10-04,0.8367782649652132,0.2782267058344999,0.44750943895169537,0.48591656960541524,0.02788220678300303
2022-10-05,0.8566191791706639,0.1325722342319918,0.4603812031412342,0.32798513626884246,0.05467982194534028
2022-10-06,0.8589677138333298,-0.13267483493255014,0.4531601329076398,0.31329585649604985,0.06122018434722451
2022-10-07,0.8855470908702207,0.10148808832696116,0.4296384639142944,0.43252606561904405,0.05057361700840849
2022-10-10,0.830534642955994,0.07649511658427643,0.5782576816612018,0.3878076895087369,0.022204374356720083
2022-10-11,0.8879577264119628,-0.23423116628848106,0.42678324543286034,0.4188938877110996,0.04986835603312151
2022-10-12,0.8179398952723331,-0.014445271378209416,0.47100322238951936,0.37126503167772507,0.044167641620105204
2022-10-13,0.8485471749372802,-0.08421822319810991,0.4876921888740643,0.4190397781153029,0.05554304278300103
2022-10-14,0.8661829533283236,-0.2249487742039921,0.46180728501465945,0.559921326740225,0.05214283793722187
2022-10-17,0.8736457891355974,0.16591146835966875,0.42328086873659543,0.4026136708996748,0.05452869968337768
2022-10-18,0.8479870829078388,0.1043453881061275,0.5419214709064932,0.38629240599664755,0.06756934796493112
2022-10-19,0.8260906730618982,0.07952999340363286,0.5728153203303998,0.2206319334864308,0.011380957458384244
2022-10-20,0.7526612087930675,0.19967876933778772,0.46315124402556385,0.4529296723195909,0.017447157589463348
2022-10-21,0.7969146865916746,0.050412113951530835,0.5495449671974775,0.22866411911919365,0.059045406333472654
2022-10-24,0.8494614047433976,-0.08730115780862707,0.5955961629261862,0.5214917127829586,0.07107187081375547
2022-10-25,0.8031259447582428,0.12633120565328884,0.4881921278431088,0.3036184174006638,0.033797911166546915
2022-10-26,0.8093625527136439,-0.25168944459086234,0.5226229733933118,0.4362799081881423,0.061298551123403135
2022-10-27,0.8522680892035247,0.07190228343179018,0.5359206384914659,0.30265785149679436,0.02552597196208514
2022-10-28,0.7463200820405691,-0.0359761188375551,0.49647836442270654,0.6295698025125059,0.06966821087411845
2022-10-31,0.966676626075408,0.1683421884579915,0.5151376931338196,0.3298194156331161,0.015812413464737395
2022-11-01,0.758974350516677,0.07768911606590194,0.4450364287888985,0.2908115235802311,0.07112257511010853
2022-11-02,0.8209582484206859,-0.14583623634726128,0.5430330807434838,0.4597579646752543,0.0731835309895768
2022-11-03,0.8104451883356589,-0.13861801941931112,0.4684599792403581,0.44451913503240326,0.09906640403793249
2022-11-04,0.8498313903259757,0.3528062754901591,0.4384120857843594,0.464136351720751,0.07073820995407937
2022-11-07,0.7069860093005295,0.04773984440856972,0.566061897148609,0.5290290956274326,0.0861296712512213
2022-11-08,0.7996453150778681,0.03145594313934198,0.43877852714172155,0.380729038308632,0.07642277130984387
2022-11-09,0.8704945183776907,-0.22361680835024755,0.5566850202822365,0.26557966106718206,0.051623180188300935
2022-11-10,0.7864331708649432,0.14349502429325298,0.4948653238161439,0.5556980545553254,0.06771879479073281
2022-11-11,0.7825609206922335,0.18771902806874918,0.4555116730618868,0.2875864862793452,0.03226620562348487
2022-11-14,0.8004315532160281,-0.19205395392219368,0.5387548954313429,0.26977632391478157,0.04209313130733973
2022-11-15,0.7928813984568839,-0.1929985340673622,0.4612481652968719,0.42403892121508635,0.08580124080703427
2022-11-16,0.8396861022457437,-0.18148674088569353,0.5358065503128432,0.3735596451865075,0.05608733257953469
2022-11-17,0.8467451993181956,0.10917127656932249,0.5485046630208874,0.7343576642296868,0.09645448772816788
2022-11-18,0.8774095679499798,0.2354023714391852,0.4992709766168946,0.3246999949340529,0.023534360373402497
2022-11-21,0.9698582371911213,-0.09408582233923146,0.5721544494989158,0.31938207678215635,0.061833191093785635
2022-11-22,0.8884925768958405,-0.299138530347015,0.5605812006006725,0.4048471769626254,0.07821553324228363
2022-11-23,0.8270469153378427,0.1339907963701509,0.5248284391804788,0.3877318299057941,0.01586699512412352
2022-11-25,0.787130515741197,-0.11960390331161799,0.5392818614502689,0.5622292406130888,0.042755089364590916
2022-11-28,0.8249261335120491,0.3676136979864999,0.5437962218207115,0.31167332311938184,0.053895498172586036
2022-11-29,0.8607430949211204,-0.32080197649372555,0.6145355681402849,0.5133951873477903,0.054463190502133024
2022-11-30,0.7396908101571243,0.08233320855617164,0.45126979450503635,0.36232654112246876,0.05831338617892806
2022-12-01,0.8106055644682625,-0.051981946135051,0.5126500726947704,0.4768173685324305,0.05158870946178104
2022-12-02,0.7186266586070464,-0.13444511001467666,0.562388331108149,0.5871546020582659,0.0593943584177609
2022-12-05,0.8692313991650269,-0.010600986856311391,0.5410357019296564,0.49750469342732323,0.09182911774846697
2022-12-06,0.8529615042625758,-0.262467952612846,0.5494788958689607,0.43185378606471847,0.08520731151287025
2022-12-07,0.8380579372700612,-0.06028382467296185,0.5264021643113022,0.5581665006510785,0.007616464159918024
2022-12-08,0.7623695312318367,-0.11581624508568136,0.5317839422893075,0.5867024294891255,0.051482644507569265
2022-12-09,0.88981020396667,0.20128493812668308,0.6352666094787474,0.3259689686207135,0.0595230768786488
2022-12-12,0.7345746665481382,0.27211651540320575,0.5198102939170546,0.44843174122106977,0.09124927427852407
2022-12-13,0.7427619493007771,-0.245068386651907,0.47643219431597134,0.48720308801019646,0.055222755425896414
2022-12-14,0.7426169887043192,0.33928825926032663,0.5196974265255442,0.4545182065571237,0.07272042085833995
2022-12-15,0.7556162213288925,-0.03185554142747115,0.4957141620806707,0.3142776674723822,0.037418320102729934
2022-12-16,0.8136768142650925,0.21141644400671364,0.4347987471358514,0.45503496728315845,0.03353207809718618
2022-12-19,0.7752967107667914,-0.06949486835631051,0.4912615083851297,0.3315366452846734,0.024426900828765353
2022-12-20,0.8154341561452458,-0.04940378926433283,0.5356311247866702,0.4207253410700585,0.019859087719316017
2022-12-21,0.9027249609014346,0.10390237246660834,0.45068980694009686,0.4514140955389876,0.03797856494646062
2022-12-22,0.8108356079661206,-0.14139196901138326,0.5420587913332952,0.4384115075043066,0.037726268300821035
2022-12-23,0.8845506822474707,0.08395323787766323,0.5263693991001179,0.4464019534147125,0.07584767131410096
2022-12-27,0.8125326982180808,0.3449383115710415,0.5173175882600815,0.2873102273282071,0.005452327861812445
2022-12-28,0.7870559889666855,0.06269337836028097,0.5020246065678735,0.5962997573500582,0.01977240750331695
2022-12-29,0.8191673312515886,0.31490825244076737,0.5960244979678357,0.3123276231357457,0.018765167816698847
2022-12-30,0.8033580714827581,-0.009520246380146561,0.5493397119879346,0.39883488734790606,0.0027083306254686358
2023-01-03,0.8436104927873258,-0.01947679648243407,0.5260054499946306,0.6073737426963725,0.025231286014666787
2023-01-04,0.8513921136304304,0.12390663670140696,0.5028822694227819,0.5317376917044995,0.04097072297915926
2023-01-05,0.7656071100833136,0.128450169657314,0.47327389961109917,0.42740537014083063,0.02643446704897249
2023-01-06,0.7714381419668077,0.16422981576212797,0.5166867751945119,0.33407419129411164,0.06180972751483679
2023-01-09,0.8391623022437578,0.07178106593493414,0.5153328893422022,0.5686072227879583,0.00751047620518377
2023-01-10,0.7780936817277201,-0.09431847100139036,0.5950940017917362,0.4820205532369933,0.005132145409851053
2023-01-11,0.9526198238449123,-0.17079178398875342,0.5188200101711561,0.4835029858975298,0.05747019160196354
2023-01-12,0.8479327524072735,-0.009160771722960174,0.514209730150327,0.44711265492407753,0.05723142109615081
2023-01-13,0.8562669569909424,-0.017928356686045654,0.49870563135800683,0.2888159362714285,0.03613135929627711
2023-01-17,0.8956091292882086,0.11785904498744273,0.5025359230967783,0.3615374596476325,0.05799517324831685
2023-01-18,0.8584263855628118,0.1165918696612111,0.5461034595187119,0.46200027488977746,0.07098388465192393
2023-01-19,0.8669779445885573,-0.16530341301200432,0.5879127829188254,0.47754438550264977,0.03159852512304987
2023-01-20,0.8041913957449285,0.05853626446747894,0.5423147756440647,0.35792600755772624,0.0721526109437949
2023-01-23,0.8451550499347875,-0.12892308165271885,0.550384307789871,0.3307977772193835,0.09797937482196642
2023-01-24,0.7206743948716814,0.25322976331327934,0.5278385551566452,0.6718702194326054,0.05877201387652318
2023-01-25,0.8668426417304111,-0.21367779985594063,0.5905903311646806,0.39590624241991784,0.0014172910266588735
2023-01-26,0.8345050583616018,0.11110495417192244,0.547560124051828,0.42700797823687925,0.06484009660891019
2023-01-27,0.9260007636895111,-0.08383563475736518,0.49117355598325246,0.554404930519183,0.06942253054965845
2023-01-30,0.8365165063495806,0.17447577925575514,0.6740563031928289,0.3086681154574317,0.0017963464199836521
2023-01-31,0.8238106891094579,0.014602508125061045,0.5541716506908906,0.43568918895225145,0.004795101467547225
2023-02-01,0.78579401285524,0.05088074825949299,0.5463094504120461,0.4736856351984152,0.08299734656452884
2023-02-02,0.9216141808181946,-0.11817298431224812,0.5730391091343563,0.5449892732325008,0.05899229432669845
2023-02-03,0.8365329027285486,0.32665394051441826,0.5973252202910114,0.3857443160597637,0.0689090398772563
2023-02-06,0.765801613441089,-0.10538658517416868,0.5600192162907119,0.3058368752995206,0.06346265889477201
2023-02-07,0.8245262597857597,0.3714466413761501,0.5586779220276483,0.3888870393293982,0.00675127771966364
2023-02-08,0.8564472133789498,-0.041389152853241226,0.5433217369032057,0.591322784271298,0.0701030348607301
2023-02-09,0.8345569132200547,-0.20588418741772208,0.6321910144436692,0.3351900573559805,0.04997522945091232
2023-02-10,0.8536118899392467,0.3525813310532402,0.5729272039919177,0.4476521611037898,0.05513952761406226
2023-02-13,0.8930006629578504,0.1009595085269343,0.6020366403562106,0.3266473384777067,0.06048476188590112
2023-02-14,0.8442088332399219,0.0729807897186134,0.6453538645698044,0.49144642891181617,0.024004936770942856
2023-02-15,0.8212044871170185,0.046286639284773334,0.5786087529720796,0.3381007098421943,0.07447487153864295
2023-02-16,0.7654837228155799,-0.21692227956533927,0.553480188760568,0.3655190211230489,0.08030972096836464
2023-02-17,0.951449788283399,-0.1727833890235111,0.6218903579034671,0.47482862231568246,0.011122466408219546
2023-02-21,0.7713083694072963,0.002980696104383889,0.5126708662699347,0.2574145521039892,0.01543567192219022
2023-02-22,0.8150330355990837,0.09313891055188434,0.6043753241000126,0.08346486405028547,0.04596922288809962
2023-02-23,0.7826288891182683,-0.08797124227286306,0.5614934614170056,0.4415999574263704,0.06164783338148125
2023-02-24,0.8572800427191288,-0.0012534107468532994,0.6153799292910891,0.36670061557445655,0.06838229924494553
2023-02-27,0.8057620460642534,0.05961595272818171,0.5953396496018089,0.5200839250323175,0.07414361138777116
2023-02-28,0.9079969000429339,0.3356249840559923,0.5750851644276529,0.25552897568247895,0.01944211499624773
2023-03-01,0.8951293462320036,0.3135000583774498,0.6620261309697708,0.4379758950867696,0.07432945870139175
2023-03-02,0.8887433323098148,-0.10679596450593452,0.5993534393422583,0.37904238765451675,0.06549796597171835
2023-03-03,0.784555588143825,-0.045965450957060054,0.5447854108515038,0.2475190925872354,0.09841463235471999
2023-03-06,0.8416798100038031,0.032205736720676156,0.65936908131447,0.5271791841099485,0.04451503961434603
2023-03-07,0.8450477897713888,0.34368547520167975,0.553006005647063,0.37993528205942545,0.06388081003943162
2023-03-08,0.8393176425246085,0.41817058599034,0.5365649093605658,0.40654927572019206,0.0782503031416973
2023-03-09,0.8137803714898493,-0.09033707112817947,0.41816606928054456,0.36432439995790894,0.07395454993105545
2023-03-10,0.7703587792958608,-0.3690953288551659,0.6041768742122974,0.4765411266337906,0.013139140362821412
2023-03-13,0.8271603714482599,0.03499449668735704,0.6580859329365677,0.32593613230071405,0.047283389155128225
2023-03-14,0.8723619180514345,0.4854541912315127,0.6447206364310589,0.34184792613021575,0.05899255462774351
2023-03-15,0.8292998588012012,0.2081367800931151,0.6267654365193593,0.5361388982368896,0.009392071051170337
2023-03-16,0.7777502787860059,-0.21940304770748145,0.6204369420806626,0.5201253627423972,0.012028452296545934
2023-03-17,0.8100142121691449,0.15799221930754445,0.5584977499736924,0.3101658873275437,0.0008732421402433022
2023-03-20,0.7798836056866909,-0.32541113556056595,0.6448680957959121,0.3986094826624001,0.016242429646665703
2023-03-21,0.8170543097304461,-0.2390100883742489,0.6206194820862199,0.40995420611190514,0.09519518681466149
2023-03-22,0.7995352489425331,0.2181713341351451,0.5885578559615727,0.4253182941492971,0.0636011013071076
2023-03-23,0.8578877823087911,-0.33037430958697084,0.5679331394797279,0.25978056886558587,0.028813441025082376
2023-03-24,0.7923103436485444,-0.09934535589201565,0.6371420353531116,0.4713609742034462,0.0013917952194349881
2023-03-27,0.7572437408619583,-0.058615295031144765,0.6189640740800829,0.25643195093586146,0.04795059213815096
2023-03-28,0.7920798405035475,-0.1068327542079539,0.5487455200949791,0.3962712045308336,0.02643652896062937
2023-03-29,0.8093416943047802,0.029779855960800655,0.6242373610090144,0.46683124118291097,0.02157586528284976
2023-03-30,0.832868414826842,0.011244895436816171,0.6104052634252499,0.48285785835468176,0.01854223199730314
2023-03-31,0.8393685575894656,0.0996156443676122,0.5080507418519642,0.35525495506811605,0.010588412647538526
2023-04-03,0.8260013033888367,0.010809687200616274,0.7117965602428946,0.5243246346869779,0.038548780029182654
2023-04-04,0.7621755378013443,0.3366849376915409,0.578150179327729,0.37031708646052214,0.0028218424345062276
2023-04-05,0.8057694247675355,-0.29918910061375315,0.539519224034836,0.4296245631388209,0.08090548974111816
2023-04-06,0.824927702914502,0.00539544886948114,0.6243219922428517,0.4957836465641099,0.05985233238115496
2023-04-10,0.8243508444675226,-0.11308935474365162,0.6728861937450907,0.4684159838335317,0.046955440092598236
2023-04-11,0.8313861689031053,0.32753546503597075,0.5351826395282067,0.35301473851575016,0.0022169142229203852
2023-04-12,0.8297587264789371,0.08061718360249276,0.6181265515278084,0.39793041910423393,0.03576002796858575
2023-04-13,0.8026674170797439,0.11573475042234692,0.5355503031963111,0.2161873253932335,0.0875537855386044
2023-04-14,0.8176993135215451,-0.16123137491967726,0.6122165551916741,0.4689924846617988,0.05434560220732089
2023-04-17,0.8621738875668801,0.06318733094676661,0.5765786270488102,0.3239349722359952,0.034340705309030016
2023-04-18,0.830058654412838,-0.427797241263338,0.4931133275696085,0.34403776059709823,0.014563266447631297
2023-04-19,0.8442222586737,-0.0472948738010256,0.630857652145178,0.41219140798068854,0.08552089944415492
2023-04-20,0.8541643008555246,-0.055422108865113645,0.6339982537091045,0.36237717733950614,0.03715380765815581
2023-04-21,0.8214423204761189,0.03071285344920979,0.6116894534414025,0.39818046522619316,0.08014607589094286
2023-04-24,0.7822254758808255,-0.25254017690769287,0.6207119918862488,0.5749099961723153,0.046601077399545554
2023-04-25,0.8149336439615199,0.20329710132787443,0.590755437547985,0.2730648329510146,0.09000030021313357
2023-04-26,0.8063076915648936,-0.27585388011833095,0.5005932363894936,0.49915265212760607,0.05591305920943265
2023-04-27,0.8917577388504002,0.4875338723917261,0.6471099916920179,0.4778236831898586,0.08280103636377567
2023-04-28,0.7024067274183079,0.01290314559011429,0.5647934880274562,0.4395660960907841,0.06897808302951777
2023-05-01,0.8471522300900263,0.06783756456919236,0.5800886430828056,0.5380561952348868,0.03792311872131951
2023-05-02,0.718179210853738,0.13391531238868862,0.5424308261799493,0.3540912484671993,0.007879308937964125
2023-05-03,0.9199728396296707,-0.2128612826386178,0.705610400162725,0.4180739403850313,0.014248917992080569
2023-05-04,0.878739907885595,-0.26451471787568354,0.6571353226837778,0.47604776350117134,0.07312169727900772
2023-05-05,0.8393431474100042,-0.041095874173399806,0.6328748902146077,0.617981383122915,0.08807638771091876
2023-05-08,0.7759863907772161,0.27555419952504745,0.5916029372602123,0.5947798336716238,0.003237831100466593
2023-05-09,0.8353733507999908,-0.08685935692354459,0.5807247114993944,0.3552039073531209,0.07312485486185825
2023-05-10,0.8844333905787107,-0.23106820630004862,0.6902889461454658,0.3668270893689185,0.08569943415299948
2023-05-11,0.7979445972214089,-0.038152291369307215,0.5579625807042246,0.4689035210763495,0.01616046835182764
2023-05-12,0.7816535047288061,-0.3814375646858556,0.5266950046430562,0.5743339194953886,0.08451895043325189
2023-05-15,0.9022276505136373,-0.13377557943314544,0.5579369241698524,0.4173920896120524,0.08319279549914192
2023-05-16,0.8110806926637468,0.0944926745507314,0.48283532245719857,0.5270164340978348,0.010365411723779173
2023-05-17,0.8781082937805313,0.1176467900238085,0.5766740937618664,0.39645705801752856,0.03682151448048062
2023-05-18,0.84340242289011,0.18326795707305898,0.5480118602974349,0.7643349735672419,0.051550908975408885
2023-05-19,0.7288081552054844,0.15809248267156092,0.5447181362355398,0.5676134832492907,0.09762752265297377
2023-05-22,0.8013393603380834,0.08740228348306145,0.6506641155977653,0.5133756361342419,0.04546147813442906
2023-05-23,0.8684515089055209,0.2265820226783137,0.5502622937237036,0.11309420738024756,0.05898451696873687
2023-05-24,0.7941195314179181,-0.13786720768190458,0.540481864998116,0.4033440829680919,0.03989289133750201
2023-05-25,0.8612039589931396,0.0658325043462919,0.520018229471514,0.38037272620906565,0.04581256243452151
2023-05-26,0.8515705531711212,-0.2105217767025021,0.6314359102556586,0.282308512172237,0.0976630387067469
2023-05-30,0.7823003881847533,0.027049612201338086,0.5546988615441591,0.1953938047891553,0.04258407442239666
2023-05-31,0.9565897300320335,-0.10608271531073928,0.5529935658766579,0.28098050820546216,0.07629815276864406
2023-06-01,0.8478311677412933,0.27416129671707856,0.6085031175191635,0.4334040142757286,0.017117894296748627
2023-06-02,0.854336137428985,0.07638604871555797,0.6033094152432044,0.33356724289373896,0.010367024038345685
2023-06-05,0.8597472643003091,0.015341658702658165,0.5398239792016815,0.39381009351322593,0.0941639313426495
2023-06-06,0.8372132798093455,-0.11461614622663002,0.4677144784891496,0.3603681907214743,0.08365961588368884
2023-06-07,0.8462806409634496,-0.0987774967173764,0.5667415231362485,0.35950235829815724,0.07057658715690311
2023-06-08,0.7540410511584752,-0.05724321817358387,0.5250213582871371,0.4858009660878139,0.03423793714298614
2023-06-09,0.815988470090906,-0.12191514193765332,0.5920473822608461,0.37930035924751615,0.09480681346543712
2023-06-12,0.8113013256973542,-0.07538890505777757,0.6389935775858997,0.28303890500031126,0.01875277230925734
2023-06-13,0.8210178411845708,-0.10044675828179939,0.5527411029388412,0.39599778243735007,0.09362974135676136
2023-06-14,0.7531357751061021,-0.1839126316259708,0.5980926777460565,0.4661392829357772,0.04703383949778203
2023-06-15,0.8616423581111993,-0.1854086438147148,0.5066014494607929,0.6013773816706192,0.0526967341501973
2023-06-16,0.864980431844809,0.32949477674171934,0.5423834923190948,0.45278104871694214,0.060479692723922965
2023-06-20,0.8007404155721564,0.36644731932835883,0.5716009537457276,0.5094402148765044,0.04341416694291067
2023-06-21,0.7408996099623401,0.31696940015173714,0.5961654489021968,0.5118359037202383,0.024014710431329057
2023-06-22,0.8799700603511025,-0.10770057644797087,0.6075990404764244,0.4898712602787456,0.02191200335737238
2023-06-23,0.8229938850783167,0.1305183322275079,0.5436293098297696,0.3390216382096682,0.06836601119224678
2023-06-26,0.8799317139683223,-0.20441988837338956,0.5469331388207903,0.43599645097364864,0.029497142782773347
2023-06-27,0.8782539427364812,0.03972551206699287,0.5386982343936313,0.5195655290174538,0.009887373390934519
2023-06-28,0.8644426356491319,0.1650860305689019,0.5436340094220262,0.3673233979641818,0.0744237224429547
2023-06-29,0.8663731393351362,0.32201726182882884,0.47133696508622713,0.3561519995850094,0.06987981309863242
2023-06-30,0.7050228132430633,-0.06453503899074124,0.5687183248692416,0.33743783130194555,0.028257232659717357
2023-07-03,0.8662683795665633,-0.15576408025307142,0.5646512311140994,0.47629075351006384,0.004319450165385297
2023-07-05,0.8436637699324152,-0.145686921173239,0.5302000754489432,0.22755469947139606,0.04324721366869877
2023-07-06,0.8100099338113895,-0.2448257393094796,0.5041004532663823,0.3011522436489747,0.04253693566032141
2023-07-07,0.8493403515785409,-0.055595298935561976,0.5577739799041712,0.26912424360930054,0.03923659419155584
2023-07-10,0.8909128260645498,0.39367744755244205,0.6076692796145887,0.5218958828768016,0.05813519823890604
2023-07-11,0.8346389955861696,-0.19655066694512646,0.6118661690895077,0.4229477226792043,0.035885115213720585
2023-07-12,0.8188271243592673,0.026177090918959825,0.5595077612520936,0.4558730431340361,0.09038193884116288
2023-07-13,0.8097253437152954,-0.1343315404764335,0.5115366593511449,0.4192939679633444,0.08448699979311679
2023-07-14,0.8207964734405052,-0.2122569235954369,0.544752610242952,0.39471379075878954,0.07478173962752131
2023-07-17,0.9617811331262129,0.07574954540226866,0.5703641242950585,0.45184585212298467,0.02533070746170665
2023-07-18,0.8356523082947682,0.0337938624449513,0.5952982909065254,0.3476544062491186,0.046820512521849045
2023-07-19,0.8478751158269457,0.12010594987768544,0.5723832689559353,0.46272140857184746,0.05294408726028609
2023-07-20,0.854397493359128,-0.022114667408363188,0.5198497450161608,0.43314546568966406,0.028976900281173914
2023-07-21,0.8930150496661168,0.2639005004364448,0.4446133921767565,0.3266435216246161,0.08053772179663073
2023-07-24,0.8374282091661525,0.34165314785035067,0.5235837993481229,0.3666207350655471,0.03355782921386221
2023-07-25,0.8470950374404883,0.15765703047980356,0.5247784025716224,0.5654797178077522,0.09303539398287751
2023-07-26,0.755948416768481,0.04958413857219575,0.5719224978906446,0.4434419322816432,0.030103324856278004
2023-07-27,0.9112504597137436,0.14897026873566588,0.6450157585192711,0.500359900919114,0.08345885297498064
2023-07-28,0.7687154783388023,0.09592591602873604,0.5053206618558415,0.24738059308353344,0.004883061866327476
2023-07-31,0.8208041808952065,0.08347069026193686,0.5738935627353471,0.16823924063787718,0.03535549268551783
2023-08-01,0.8165490921886922,0.05341836678556329,0.5212456285874076,0.4126434600266702,0.08195244361633332
2023-08-02,0.7864788724232632,-0.20684321062911307,0.4725871047063416,0.5950097142664666,0.09503529696809916
2023-08-03,0.8063848332176514,-0.10011668317303893,0.5510526681589395,0.1503574929644593,0.09677355259451713
2023-08-04,0.787130952661609,0.18736412795252935,0.508340422269852,0.4018670435783006,0.08071616731733659
2023-08-07,0.8733442857531089,-0.15008193860143204,0.5924877093971567,0.42922958929478633,0.0523898681924911
2023-08-08,0.8049174544677836,0.09905221743426212,0.5347276143921548,0.612989420921179,0.00965367925421793
2023-08-09,0.863331940230203,-0.12977819125804888,0.529330651651723,0.4884993817121902,0.009053722984899593
2023-08-10,0.7346226737908528,-0.24544039993421674,0.5211440158410636,0.5593588539396224,0.04778840101260556
2023-08-11,0.8443780697098291,-0.07530414411385716,0.5807263044767158,0.5730812287673328,0.04035099982805255
2023-08-14,0.9163016434639761,-0.04745386617807734,0.4985307246173798,0.30374712954245847,0.09272802779195817
2023-08-15,0.7896609219530614,-0.4072474326461012,0.5322787203871099,0.4236434380154768,0.07833325048954129
2023-08-16,0.9101424666925333,0.2907064858885088,0.5470476925778425,0.5309437604968668,0.03102210691481996
2023-08-17,1.0,0.006598110301307467,0.5731309233205274,0.43648700572446864,0.0495518470451902
2023-08-18,0.8480339289594682,0.16311780526303202,0.56187192237072,0.4707320919883336,0.013344701490649126
2023-08-21,0.7823148742799688,0.00032924809893760754,0.5341743502896015,0.39958163923317924,0.0424461686424398
2023-08-22,0.7975264122616696,-0.13771097042474637,0.4751773632621375,0.4869279213493472,0.008558612658738385
2023-08-23,0.9019945070169364,-0.08436292403578134,0.5025738311379987,0.5100834099282522,0.04183306055403318
2023-08-24,0.8063046051497583,0.15330640965743159,0.45159293744302864,0.30007219421013764,0.009783367338305916
2023-08-25,0.7818055933246532,-0.048178792679150026,0.5761830594516361,0.30969834213952524,0.06906821448770732
2023-08-28,0.8335893257704123,0.04453504546366177,0.44850677934577254,0.16729781733383797,0.07624368246438486
2023-08-29,0.8296246663175633,0.0052266944686724034,0.5670414928856176,0.2682672185934283,0.013212425858196453
2023-08-30,0.8067529669606277,0.2751102082888252,0.4845353779643424,0.37051916054568157,0.005763429844350243
2023-08-31,0.8640617312097555,0.23271819228937476,0.4086822440334431,0.29642492638352363,0.02029693534963738
2023-09-01,0.8232847039496473,0.22116066795501843,0.4896465945686656,0.5416371749269678,0.031757857101807965
2023-09-05,0.8570454614798498,0.1302957855168407,0.5537733582952171,0.37637184277391245,0.0680497506001609
2023-09-06,0.7781406061517195,0.16537109058956,0.5904451434110921,0.287043188748698,0.004779079069538572
2023-09-07,0.7870374985002178,-0.025373756028984985,0.4835091475590617,0.363482924384677,0.06807486596907897
2023-09-08,0.8430513186023189,-0.0911854708483069,0.5732559666600167,0.48386382862848587,0.02645103856384952
2023-09-11,0.842502152587085,-0.11829092814901519,0.5201061756546895,0.37349262957651863,0.02775831056630589
2023-09-12,0.8241065713182882,0.1300276809337285,0.4213892121875863,0.5142453960610315,0.038228435587570046
2023-09-13,0.8543364725992592,0.3424189355373474,0.6165263070584497,0.22641399558730907,0.044482714518091895
2023-09-14,0.8571267497293569,0.05697803589578313,0.45715142415810184,0.4628978414393916,0.09444020241801371
2023-09-15,0.7501643535529768,0.1548112176445496,0.49837186341366096,0.6227792709146271,0.011660848401985648
2023-09-18,0.9106925806432351,-0.4387619519110484,0.5102806564783466,0.309723651029818,0.06148200166545353
2023-09-19,0.9399706786886363,0.12553860568118133,0.45927784033269803,0.4000072772722497,0.03775727690136238
2023-09-20,0.881666874090004,0.031099923338989408,0.4690228238891621,0.3154412559315312,0.0806245926883224
2023-09-21,0.7757813229232238,0.2302375127819623,0.5629750459927909,0.5293439366740602,0.07476257613183963
2023-09-22,0.8874039904693829,-0.1300354237051413,0.527393411300013,0.2910610372140681,0.060877093404189446
2023-09-25,0.8888282850368182,-0.05868671338659057,0.4038378906646655,0.2858463209411719,0.05096713990348526
2023-09-26,0.7707780719683852,0.0020206047575703503,0.49808194686350304,0.2105301536899605,0.033276860414627206
2023-09-27,0.9190928170640507,-0.4342549852738222,0.4696284359326761,0.41154507283011443,0.015154471683445359
2023-09-28,0.840013080366603,-0.0004609347181286755,0.4336722636262802,0.4704145446444641,0.08799385308840421
2023-09-29,0.8843748018929594,-0.13465528525074238,0.4870821257657852,0.5052489848600652,0.08341300634035284
2023-10-02,0.8991160210126928,0.19566711299290063,0.5107140737476124,0.5106657019822018,0.044656055196050815
2023-10-03,0.8907668560787498,-0.06186939561736762,0.44783411580674604,0.5460497792086967,0.05749195958398367
2023-10-04,0.8193004312268156,0.03354362559180178,0.47824476481197215,0.5015222789138075,0.03731796088428785
2023-10-05,0.7505389388145572,-0.23758039467432554,0.5164750487295793,0.4020826526192661,0.028322069667125416
2023-10-06,0.8173758845093387,0.053973580268733536,0.48588706033736373,0.24350756220973432,0.050105390126778074
2023-10-09,0.8740537900855936,-0.04231165728631555,0.415364971896415,0.47290060655876154,0.0471024586194302
2023-10-10,0.7929665326155596,0.019405896538281675,0.4055580595080862,0.42178458757359927,0.07101962126234189
2023-10-11,0.843127503480127,-0.17642323430292417,0.43948320911683453,0.4120275690373169,0.06525176969603597
2023-10-12,0.8430515688949203,-0.08352795926374967,0.4574150256866461,0.3207590519046618,0.0017142669609041651
2023-10-13,0.7990381056045203,0.15749189771040975,0.55104462719457,0.42210420784842384,0.057810938881749256
2023-10-16,0.7368486370812479,0.5067588300122282,0.5156280198286401,0.33455359956965025,0.04061295856635253
2023-10-17,0.8524225751460389,-0.15125381673742028,0.46743035443549946,0.36776131175788923,0.07694945832260391
2023-10-18,0.8888493378051864,-0.019236660748976106,0.5408830244402211,0.4113367222080813,0.05368119690705249
2023-10-19,0.8681251515031807,0.16443478900215858,0.489655418958823,0.3300906348285988,0.04363910929968388
2023-10-20,0.8755325269659734,-0.004485850262346942,0.5262304632521262,0.2501014236410911,0.004208844037254566
2023-10-23,0.8237770695027812,0.6917838737122437,0.5530814690139183,0.7043171134284711,0.052232935428738185
2023-10-24,0.8467474917610285,-0.09449410236057236,0.5409476569053532,0.4425958574136808,0.06252390403504593
2023-10-25,0.7931952760977683,-0.09494987197490347,0.4830271289543125,0.2835299792496516,0.090119120273181
2023-10-26,0.8883717989854809,0.2690061957226439,0.5000106939032309,0.3021259727082008,0.01741847789926504
2023-10-27,0.7968435143073584,0.02577266635071764,0.5493299276131249,0.3803564938773214,0.0708881583909771
2023-10-30,0.8015854612501753,-0.03691022489148092,0.5036964329898983,0.395623700961228,0.05628803037539812
2023-10-31,0.8692620801381966,0.04566760411911965,0.524182867443634,0.42560392683638276,0.06617933967661052
2023-11-01,0.8388623404192995,0.26141055747356867,0.4032189229382055,0.27384164321785853,0.015324698895553069
2023-11-02,0.8152140836156745,0.040831385213729456,0.41304658303254826,0.4697668997443849,0.009470042667891055
2023-11-03,0.6749430925218362,-0.12969343316309553,0.4842115019167733,0.5329472016588979,0.09982265697798325
2023-11-06,0.7903781836332325,-0.06576591748916026,0.5918608039704967,0.4287225714657271,0.06737136626765337
2023-11-07,0.7621795974487194,0.0630846595442284,0.5304358481901305,0.4377025515057427,0.07385109687998652
2023-11-08,0.8655645857613593,0.017465569455475626,0.5435859056035829,0.34724396817166514,0.07451576597087144
2023-11-09,0.9078429775552505,-0.04649147897829459,0.4139647748204447,0.4487878508292689,0.08432374979283164
2023-11-10,0.8976886451485822,0.20535390788175137,0.5406135788731848,0.5693121588919323,0.08368808338876137
2023-11-13,0.8729471911964667,-0.20964428681515562,0.5833065496157308,0.445821787037524,0.052584186096911914
2023-11-14,0.7398421153401468,0.19255622893121557,0.5935577944877988,0.4560959742538965,0.030829679813192512
2023-11-15,0.8834148452901438,0.054961538351826704,0.5065266071831792,0.4991766796138698,0.0009112815750239811
2023-11-16,0.829827833212044,0.34414209000167784,0.48374317536063194,0.2596754122775251,0.09070762309666117
2023-11-17,0.9563127404388123,0.08565299720371741,0.45616666346001555,0.2961995670759347,0.0797353529260458
2023-11-20,0.8412213852370528,0.19072837344494614,0.5264195069815895,0.1968031493348652,0.08464723429327545
2023-11-21,0.8580932315123813,-0.12651974134390798,0.45148735076268354,0.48231703709662577,0.029880916064524046
2023-11-22,0.7792089122576965,0.3515210702317247,0.5824928947315319,0.5880868067680342,0.027468812721316238
2023-11-24,0.779505853238246,-0.06584169848662227,0.5073305469412591,0.2151016686694336,0.07555817578328183
2023-11-27,0.8415586523843558,-0.2218415367164973,0.4777844622369058,0.33575258222415416,0.06277177118451677
2023-11-28,0.8590235713135893,0.14574597078736898,0.5110559062867303,0.4727608996057387,0.03315261154888113
2023-11-29,0.8032981367026313,-0.049270231313727555,0.4712647555011551,0.5369562134846375,0.09100154172978013
2023-11-30,0.7956101654099659,-0.4810682574473381,0.5143807605503736,0.5019772196803534,0.08992343713466891
2023-12-01,0.9218860750339721,-0.058418049459876,0.5031319385331747,0.2482059006589164,0.02312999376780203
2023-12-04,0.8367082951628471,-0.22597661386332382,0.5635197034981024,0.3721013323016707,0.008049677541457445
2023-12-05,0.8221933070091281,-0.48066597173779774,0.6009876865035308,0.3666973316193425,0.004157038513860467
2023-12-06,0.8194724602128738,-0.20408875234771853,0.4627262000971086,0.5055889873295683,0.09834740793327743
2023-12-07,0.8565968880138979,-0.16306229156478022,0.5525716297700687,0.5657976726653589,0.09583887613636671
2023-12-08,0.8422459016064352,0.1484581805411298,0.4911992990306955,0.4265629558689101,0.05115240002030257
2023-12-11,0.8247746364747374,0.2195098229093118,0.5203043365436109,0.2689527843070152,0.030400785870445302
2023-12-12,0.9717497107306047,-0.13792850465560902,0.5272622289288509,0.3318980215538591,0.012948285758888312
2023-12-13,0.8117317181516277,0.2290240739411191,0.5323572186760855,0.4186553706335996,0.07230489391890146
2023-12-14,0.8703333732326812,0.22019775273934222,0.5450339898485412,0.43626071442695874,0.009581288880242001
2023-12-15,0.7942795271447379,0.13872497869967756,0.6523615570138369,0.525952799901545,0.03382681490662164
2023-12-18,0.7948449628956553,-0.25014862121703724,0.5735778729000778,0.51044326842165,0.09058577722080274
2023-12-19,0.8354331736348937,-0.27004102883987413,0.5250918343309539,0.31901267629756747,0.09228434231114503
2023-12-20,0.8669792906204414,0.001230368044484029,0.6105682423617707,0.4495473760284129,0.004016042736062287
2023-12-21,0.774005964005724,-0.019130146536737815,0.5938716008823922,0.45492119804596537,0.0717979778999952
2023-12-22,0.7817500520614578,-0.21220852316718603,0.5523411847351712,0.25418703009210225,0.02876350222714499
2023-12-26,0.7803907222739108,0.0004935845172634335,0.5669498380818971,0.39582779942684027,0.06617723610655167
2023-12-27,0.8212326990561001,0.24428501372619837,0.5980472378618936,0.32100438460999464,0.09789039683516043
2023-12-28,0.8128100020837754,0.14333010396150744,0.5808122228775883,0.4174508081398075,0.0783569203183233
2023-12-29,0.9296106701706333,0.025124066915752613,0.5681373684306199,0.33802088443334233,0.0922097878602101
2024-01-02,0.8570235078690708,0.07343330667633416,0.5593966023246804,0.5386899549698835,0.032036570254078314
2024-01-03,0.8295554222107432,0.05030022733360767,0.5498416788990604,0.26515584286557625,0.06509950519807314
2024-01-04,0.8725071194315109,-0.024684891851091923,0.5510019796192813,0.27960046161931884,0.04547599703191341
2024-01-05,0.8668845386292336,-0.09743652997860804,0.5633007975097034,0.292605752906477,0.0393642805142235
2024-01-08,0.8875478898777197,-0.1950546072946462,0.6339397911896932,0.3026399833527344,0.06572514840755199
2024-01-09,0.9134820398175717,0.28442089087148054,0.6638121277923364,0.5419938024037775,0.0533664329707052
2024-01-10,0.851678163733577,0.2379252043611444,0.576490939197095,0.24745680275101892,0.058391560732237446
2024-01-11,0.8982191324213471,-0.18531754970432923,0.5310674254732718,0.45074292962347795,0.05772413728505289
2024-01-12,0.9501119240192383,0.2878638082504111,0.46850945368365327,0.33804651762885635,0.09178276425930007
2024-01-16,0.828834331519724,-0.13258399399275203,0.5328661443709019,0.46670032474060136,0.013937045935761373
2024-01-17,0.8680134790320497,0.2304840540579678,0.49122213431072115,0.5084249611234677,0.098747086228699
2024-01-18,0.8049750186708355,-0.2859726324398358,0.5883698996417543,0.32345349423147296,0.03107625695680463
2024-01-19,0.8391373065901561,0.11018904273032398,0.5759136148004346,0.3127390091956881,0.06145055143607436
2024-01-22,0.8663729040936808,0.1566067509003431,0.6140193214798633,0.38328938362008985,0.05514429998945798
2024-01-23,0.8125306771041507,0.02049486403491116,0.5945049132346587,0.36840480963614813,0.025510341133227324
2024-01-24,0.8827941641461424,0.2165443598714792,0.5358308108901837,0.34058362075220844,0.08498567416559245
2024-01-25,0.9040650553005996,0.33103131979050743,0.6256460271094421,0.3610859038176242,0.03787883619612197
2024-01-26,0.8756276028604913,-0.11522930735908242,0.5309840369940975,0.16019964782095913,0.020250234135839786
2024-01-29,0.8410022505816087,0.07110635550074597,0.625021085970379,0.25229198578561474,0.055241792906224864
2024-01-30,0.8502718492829723,0.03808979839473608,0.5649307218964505,0.3744218112490367,0.020333897393633716
2024-01-31,0.8989877552489416,-0.03227926642432292,0.5007953709227436,0.40728459838483566,0.02862101072048051
2024-02-01,0.896372259989389,-0.2619835462397359,0.5996209544000871,0.4564291315950386,0.05058827007460884
2024-02-02,0.8931717089083424,0.046341357682927624,0.6630870938279444,0.18946975378151412,0.01576871134231018
2024-02-05,0.8574836536586359,-0.025859437587226797,0.5398479328095737,0.24877793623871627,0.07429897338646584
2024-02-06,0.9403708876466592,0.13309396439154098,0.5402372895419824,0.32381876966765016,0.09899889107184233
2024-02-07,0.810997247814811,-0.1414098791304326,0.47984805762724,0.23992896118185358,0.021484944516378335
2024-02-08,0.9083471722321989,-0.0559722570266144,0.5435911441108559,0.519216312124848,0.06877117153921097
2024-02-09,0.8847858154807628,0.32635847942808915,0.6428909946205434,0.5025421576220734,0.08149852396289373
2024-02-12,0.8443005095256564,-0.41892539865400336,0.6222762644893618,0.28683042414641563,0.09700257348152581
2024-02-13,0.7555869631834322,0.15102948075732725,0.7639616603817815,0.5267224727415462,0.09681983831697669
2024-02-14,0.8864599253003245,0.3634636474768137,0.6050889905393815,0.4633619699138004,0.08110784655047604
2024-02-15,0.8517817652376498,0.35654470583407094,0.5392787938129117,0.5403061521316102,0.06171610085323214
2024-02-16,0.8235951344384135,0.009229892011144523,0.551043603280441,0.42248652466670666,0.08158570472268813
2024-02-20,0.8622320420524913,-0.21846771454059938,0.48432250595939125,0.27809132565230865,0.08028368036023373
2024-02-21,0.8538647644233728,-0.234746924191077,0.5776074646777033,0.27874680635419324,0.05977572159164575
2024-02-22,0.8037067783151609,0.08767243216956476,0.42665467245558053,0.57998256284261,0.015104550630046221
2024-02-23,0.9272351391133439,0.0001938934683136438,0.6265703562219997,0.5609197814336397,0.031247877626371847
2024-02-26,0.8095277229929295,0.08991407474476,0.5344629233342039,0.381805615690178,0.04260867275555383
2024-02-27,0.8135272296272267,0.009454915021036242,0.6071581710079943,0.3193531016493349,0.08293870149637311
2024-02-28,0.8138617909626493,-0.17303413632640477,0.619790161928371,0.23021188248631874,0.07320134868735309
2024-02-29,0.7766008365775291,-0.37002135983777595,0.5600018678886683,0.25374699614602836,0.023479293630380774
2024-03-01,0.8848671658137774,0.1598219309522777,0.5333264024128881,0.3960562206783705,0.010140016395909224
2024-03-04,0.8716483607267913,-0.07879110008265125,0.6114025595023689,0.3668956635325271,0.07541005402764586
2024-03-05,0.7907007975206071,-0.07281993434211236,0.621361207055076,0.3301560248034349,0.02771338468073871
2024-03-06,0.822597248821864,-0.44547717439746953,0.5750393475066468,0.45708463321943804,0.047911759398177205
2024-03-07,0.8111214340937875,-0.23142899943043327,0.624250105424969,0.37138912064164203,0.07061985921572302
2024-03-08,0.7940918189073951,-0.12381330144755996,0.5589518621892472,0.2874993695930537,0.03163708501039645
2024-03-11,0.822545555142612,0.3225898227626918,0.5207358958270226,0.3722269820199415,0.018557491619058952
2024-03-12,0.9102188597566766,0.23608198881745646,0.6416210192392029,0.49009497841090377,0.00599422479927304
2024-03-13,0.8835336629895881,0.19024939135944763,0.5071616661845274,0.2425097726646113,0.06574669347111393
2024-03-14,0.8827388533237239,0.03123060016085666,0.6748230825352974,0.36120180101409655,3.0157802133679024e-05
2024-03-15,0.863076668183023,0.31447736237578394,0.6670295621951442,0.468037401552159,0.0957294607096109
2024-03-18,0.7868793010612244,0.11112693230018639,0.6141099093026774,0.4299479765438366,0.0505062865777584
2024-03-19,0.776298058588623,0.27965034180081116,0.704364826677752,0.2863127416008299,0.0940886322626433
2024-03-20,0.8555760552985308,-0.10289032400575278,0.544206230815751,0.29734012169843527,0.08485385912192442
2024-03-21,0.8310155753443177,-0.038193475765978195,0.552288162145173,0.4346058237328916,0.09584986725381502
2024-03-22,0.8848451032434008,-0.14540289368752868,0.6712152687455222,0.5092640578337415,0.056757362350435325
2024-03-25,0.8405541436016787,0.24820677075918995,0.5371198397527076,0.32449131173030227,0.06434931154577747
2024-03-26,0.7645167391404112,-0.11751053436708139,0.6530560366515108,0.43341281528375736,0.0810663390911046
2024-03-27,0.9056250307626141,0.046930554578032024,0.6016319292404164,0.38519761840990496,0.006708526102068047
2024-03-28,0.817865537164275,0.2293605436431883,0.5572714012415555,0.32392883327299904,0.04410840028936483
2024-04-01,0.8675079041587012,0.04440245116965293,0.612064187636041,0.4603375915827177,0.007371269340932896
2024-04-02,0.8255606131521331,-0.3515367372832304,0.5940160666752038,0.4157126974835908,0.04798585619520862
2024-04-03,0.8199798601244762,-0.11358241395928906,0.5714174074158052,0.43199994742340525,0.0848005240186927
2024-04-04,0.8755696012843974,-0.20189488281478682,0.4911178722939355,0.41260297737923957,0.01868838340314464
2024-04-05,0.8797750820181739,0.5381433942068337,0.6534902705244561,0.4621920997142015,0.025215882664150258
2024-04-08,0.8361474491884245,-0.10144808231161856,0.6285180258110878,0.49213001091923747,0.08381236684889869
2024-04-09,0.8853894515224745,0.030942402899850063,0.6431183740174722,0.4963476856964833,0.05922056227779206
2024-04-10,0.9209942324050872,-0.06299498882497143,0.5996373546193956,0.3503474634220805,0.09530816477411515
2024-04-11,0.8369186413443955,0.24704598128015698,0.6605940230232649,0.4463747142236772,0.04954715002958398
2024-04-12,0.7286612918623356,-0.04704748964826029,0.6392018862845792,0.27010568600998874,0.09347028573685855
2024-04-15,0.864903968111468,-0.0438979876367099,0.5902690770501641,0.2542552901717221,0.01839367831408605
2024-04-16,0.7226063026949225,0.3616039648260478,0.6427867130125128,0.3739519670626502,0.0263982610373543
2024-04-17,0.8191191369173586,0.04731141078367356,0.6537626029906438,0.35390429567217413,0.0031091207734560648
2024-04-18,0.84860100909156,0.10602681765795358,0.6500621003820904,0.47653990189730233,0.06633861007171186
2024-04-19,0.8219098640022641,-0.19613916857885283,0.5942825288377929,0.28365907153424647,0.08663685066029982
2024-04-22,0.821303074386172,0.148691738779191,0.6365650009673914,0.5304860078317912,0.057617865490098036
2024-04-23,0.8600975026634443,0.1835700961348185,0.506464100395274,0.4311610620020378,0.05841512859312473
2024-04-24,0.79751817814104,0.1825853571360888,0.5586465593071874,0.22886073536196552,0.04383208938332159
2024-04-25,0.8199014777264714,-0.252232531746051,0.5681089628520729,0.2562213241133402,0.01890670846737337
2024-04-26,0.8024193348347339,0.010089811657911715,0.6678490579644362,0.5742799268904417,0.04887666760670124
2024-04-29,0.8552906754803654,0.14420250435381307,0.6636300636789093,0.42899456739282804,0.04018835632550985
2024-04-30,0.9086671261448136,-0.22947672787160892,0.5845795210434972,0.36519388851679796,0.0146684586010575
2024-05-01,0.8476525810710236,-0.10290434478807947,0.5301424010478804,0.46711620748714916,0.09055492604085935
2024-05-02,0.8269241024566011,-0.031434789004650875,0.586000394189859,0.3645743085200005,0.006551008605468734
2024-05-03,0.873935234290639,-0.08225406989514171,0.6231357266066097,0.34746845594431564,0.0006199965653109985
2024-05-06,0.8040093257469136,-0.12437151231593785,0.598638640313065,0.3553344747972936,0.07042679160618702
2024-05-07,0.8352049924324414,-0.4681073324213718,0.6651566872047774,0.43415018874342814,0.05321621391864084
2024-05-08,0.8639119864355743,0.38571375846550904,0.5466594518683355,0.4309806607254847,0.07025321116952493
2024-05-09,0.7854013862593145,0.21009820428013418,0.5852274940133994,0.44583895615018754,0.036753978799471655
2024-05-10,0.8406030092198264,-0.06906438868806651,0.46555393776708354,0.4631216030620465,0.09486515938125652
2024-05-13,0.7760719764559845,0.29860164969217173,0.6251185007487884,0.37929663390457746,0.006262531784690529
2024-05-14,0.9405710521473535,-0.2679319093799612,0.6377640947833318,0.30987898787718626,0.05686282611190455
2024-05-15,0.879662371351216,0.24742968047669983,0.5309390439146847,0.6161341575727687,0.052251696073931535
2024-05-16,0.8553068115050297,0.08739954209693263,0.5368375990148528,0.43646225265477734,0.04356936487827049
2024-05-17,0.8160041153322674,0.09302144234603649,0.5554353235410193,0.492513832986121,0.052149617584542445
2024-05-20,0.9130255775129139,-0.034569226308441774,0.5614096122710952,0.4800328492616909,0.02404129068104807
2024-05-21,0.823336866126393,0.28719163415450616,0.5718889176283253,0.3099745310874604,0.004095610318669263
2024-05-22,0.7879715169965804,0.06145445184081599,0.5358973417560063,0.42606524421404873,0.0678337872705108
2024-05-23,0.8758951797204836,-0.23620462176535095,0.5796515823579143,0.5341613135410348,0.09656913239451376
2024-05-24,0.9594782328238154,-0.058581462978516796,0.5664779304436809,0.4236256720482026,0.07759091681095058
2024-05-28,0.7661886555053499,-0.3119448039195329,0.5466594148622604,0.6562272261947597,0.03296558963445053
2024-05-29,0.8704022500818355,0.4109210492979385,0.5397532651369366,0.5417314816012881,0.02297442854733922
2024-05-30,0.860107232719312,-0.4254366005531859,0.5522904592067988,0.3624190138699526,0.029497436192800576
2024-05-31,0.8327552683935474,-0.23586254900484604,0.5931855296742448,0.4372917696842216,0.01716997757048998
2024-06-03,0.7550176620266557,0.0037302278280661296,0.5175837920140296,0.08991429613067259,0.06171780775308488
2024-06-04,0.7843503409290914,-0.14014634217260455,0.6050250590352275,0.6343461287094548,0.06813313220093427
2024-06-05,0.914031464369467,0.0007056140394207158,0.552130323835493,0.4758285391133168,0.01451326464550925
2024-06-06,0.9057611206802771,0.01611731332112368,0.49235668639138586,0.28462477547026477,0.04420556078298931
2024-06-07,0.8597611741258527,-0.199595651779962,0.613923880828808,0.5019354581922918,0.061956217752405986
2024-06-10,0.8208850406596528,0.13856577992453228,0.5569517470203807,0.5315307833643885,0.027702603199504586
2024-06-11,0.900231394191072,0.46463983574239426,0.6035320233506228,0.28447397573249317,0.010253927359294857
2024-06-12,0.8702056111325628,0.6018583930735975,0.496269156609129,0.35551592610410304,0.0919276300235249
2024-06-13,0.8976142071990721,0.1850857375556444,0.5820608342081304,0.29075836299335606,0.07022954774663678
2024-06-14,0.8202955696245169,-0.06121669024288665,0.5421051190052918,0.4137598462322021,0.08824154669799325
2024-06-17,0.8383356288258957,0.04861412913533389,0.5784412466225308,0.3803300756596428,0.00491669113071298
2024-06-18,0.8463117563405339,-0.1377051310720758,0.5160984833913815,0.4539468081300873,0.08166293695125419
2024-06-20,0.8258616138020586,0.03663740440446908,0.5686287209859806,0.3395757367408167,0.09631021933844067
2024-06-21,0.7945784271722038,0.09036862008956056,0.5293548619544928,0.585303315604788,0.06733142126717136
2024-06-24,0.836989677392025,-0.23469481185410876,0.5289388914710785,0.5018906343275304,0.0801396058470051
2024-06-25,0.8097428076593173,0.1894009452003509,0.6430761492854016,0.28495287182348655,0.056473025707463986
2024-06-26,0.8577720568326356,0.12370412591394303,0.5791047552290682,0.47667424102750733,0.08921446667276765
2024-06-27,0.9269279382124698,-0.013838212691260704,0.5295007171269545,0.4517078075149035,0.06361576107349867
2024-06-28,0.849670223576936,-0.1735091038478891,0.6040510762745401,0.3639933745724199,0.05353636073390131
2024-07-01,0.9211561356643468,-0.25435661412512617,0.48058865213019397,0.4983548652556239,0.061708348771328525
2024-07-02,0.7836265888273724,-0.004388786264277092,0.5878206659192486,0.4281728215215374,0.0307719684077008
2024-07-03,0.8149412343218876,-0.0570110968132089,0.5975435829619846,0.3896974369978643,0.04156800902289562
2024-07-05,0.875709422309909,-0.2454490294352667,0.5530310522288522,0.24507558163506293,0.007394836969017816
2024-07-08,0.8385411604748105,0.026437461137821194,0.5452091379679884,0.46344214063860695,0.005333034532881109
2024-07-09,0.8480132768471098,-0.24934351880361516,0.5630245295789621,0.34787254317014826,0.0870126575955576
2024-07-10,0.8904805584106874,0.07707550046372588,0.48250506839453916,0.37194559440130426,0.037289538466563465
2024-07-11,0.8503839861538904,0.24740645393134186,0.46658417880526426,0.30188496709450446,0.06968420808261738
2024-07-12,0.7731604424769556,-0.35770144691901923,0.4327533495412764,0.4200065656734706,0.049278777354471864
2024-07-15,0.7740391897347493,-0.19398597164914133,0.5253940093709282,0.5605927764588313,0.06717693601594658
2024-07-16,0.8231163471110907,-0.1425203039657407,0.5301300230625068,0.4560666590102498,0.05968918956470837
2024-07-17,0.8768783336556838,0.2162345637549078,0.5916710688403094,0.5357281212649545,0.014446930593413222
2024-07-18,0.8571926003665091,-0.06376599699586909,0.5944297180554826,0.3710031338022415,0.03975734851364571
2024-07-19,0.776570837786582,0.15900707489116786,0.4963093115175555,0.4611245293293337,0.09942222279255997
2024-07-22,0.7809355416875043,0.14832008124743856,0.5332484944925041,0.3823817981463665,0.07793567418318431
2024-07-23,0.8553099333070896,0.20054443118970516,0.5396637163297752,0.41588033145824954,0.07094444862668485
2024-07-24,0.9317415318151604,-0.01301430096772524,0.5415200699826846,0.31551425395042576,0.03517498382194034
2024-07-25,0.7884875256508931,0.05799654622117543,0.5707316763628233,0.5187988836570433,0.03505603320743211
2024-07-26,0.8332544624590926,-0.23471012118415568,0.5449575966933147,0.461045058947381,0.02734301594292282
2024-07-29,0.7779434310606076,-0.0907508357316645,0.5281669406947987,0.3658535547201528,0.09562986590864199
2024-07-30,0.8061847870177704,-0.1712610471326873,0.5042812157538124,0.5272347508545211,0.09448266795004973
2024-07-31,0.8326254030400358,-0.09146633847488943,0.45052804810013236,0.5219178391703196,0.03676074401814685
2024-08-01,0.8288699633643373,0.08005554595631136,0.4562749876741336,0.354276460643681,0.0861399003179735
2024-08-02,0.8346819655354378,-0.15031081818304415,0.4733261162412558,0.46732209888451726,0.011795782225836493
2024-08-05,0.7978276198599515,0.0966896423236625,0.5214902674569747,0.38908735060934,0.08024793803880718
2024-08-06,0.7940713437087317,-0.052223547338554756,0.5595100782967664,0.415380324866314,0.0683920741805918
2024-08-07,0.8464254209847002,-0.1632606206030563,0.48695837697113964,0.2857098091245032,0.0921911585221245
2024-08-08,0.8066098574762625,0.02850907138257036,0.4544680773118866,0.32736666798271286,0.08597762525600404
2024-08-09,0.9189121479644626,-0.03750369106955692,0.5328093964060642,0.6113229899075148,0.04558573406070002
2024-08-12,0.8400582825063111,0.22623547614276174,0.5102853643182247,0.38645268005961486,0.002225776325336204
2024-08-13,0.8738948574230063,0.24668419283982793,0.5401173016238944,0.5550685153429397,0.024312629008332722
2024-08-14,0.8535636320006971,-0.048878490582685716,0.4683130613891613,0.401781797680707,0.09216781514298798
2024-08-15,0.9202910575540864,-0.16745146218487736,0.521768115715557,0.3709604005003609,0.08234436533679469
2024-08-16,0.7913740189939977,-0.3631668054707323,0.6084203434208978,0.15683260470833843,0.09934629059884746
2024-08-19,0.9008644611026893,0.10021559391893459,0.43525166104201807,0.30285767542167175,0.0812976697987812
2024-08-20,0.8477265321054465,-0.09746166773033171,0.49681109690852365,0.5299097296313331,0.06694761144332131
2024-08-21,0.8213220476437763,-0.2769347427173742,0.48794534425225883,0.5031786430252221,0.0905009868608834
2024-08-22,0.8412379918907941,-0.006457576340062868,0.4786644213723823,0.42858898466553286,0.004044429563727536
2024-08-23,0.8645139022172734,-0.3734950893507136,0.47255010777731293,0.41001955896244124,0.06465284630598182
2024-08-26,0.8297011788239522,-0.044639182524239526,0.4989900717463052,0.5317528823030444,0.01000627276113929
2024-08-27,0.8159953536399898,-0.17138295419434882,0.5086361551830461,0.39052641757758716,0.03619338371539017
2024-08-28,0.9089548794734685,-0.3961707866245066,0.48958424104324827,0.3962826385140412,0.01773427513613688
2024-08-29,0.8284561815719722,0.00582966761583289,0.4456591254779631,0.45628495458536344,0.048960921832422344
2024-08-30,0.8375534194152519,-0.17544763044611658,0.5642939856343665,0.4407920376387455,0.06487065455930051
2024-09-03,0.8341240352831613,0.1698617195948016,0.4772554288673329,0.25194211803421485,0.08438827581706511
2024-09-04,0.8031980489697388,0.15432690589333206,0.5221010889938422,0.29676497916957095,0.043939149133924695
2024-09-05,0.7738176612015485,-0.15976590558803785,0.4927084240948056,0.48894637307953526,0.060504089534407016
2024-09-06,0.8513034657463244,-0.08809740807204977,0.5344628354038725,0.4188545348886236,0.060226567968561344
2024-09-09,0.7789647344291984,0.3716181134214494,0.5386231659269127,0.32858243531277764,0.08946082453570109
2024-09-10,0.924265911244824,0.21556962906846172,0.527718699153481,0.5261319416618963,0.07518428239168104
2024-09-11,0.8964421280981208,-0.2025505074684254,0.5093817336812594,0.46410529049976595,0.09929734468775091
2024-09-12,0.8086867992425898,0.19539004771732393,0.5152011747435097,0.4716713360432726,0.035295973548804996
2024-09-13,0.8671081130109681,0.45402716593445214,0.5293756200204957,0.4080764148958393,0.01521577959101268
2024-09-16,0.8286235252655695,0.09174179195704643,0.5359234733085214,0.2552474528985119,0.06742790593761643
2024-09-17,0.8264904225632047,-0.03584531505518326,0.5164159527275134,0.3198683514303529,0.036991461230976574
2024-09-18,0.8427820114716026,0.13218337339487393,0.4979877365923479,0.25698213253813323,0.0853719425460357
2024-09-19,0.7733262819357497,0.11482270179245838,0.43295766994070684,0.3030290100002513,0.030077875297274393
2024-09-20,0.8495871243768526,-0.14896500046623068,0.43767808144506964,0.5107609041360774,0.03716906085102858
2024-09-23,0.8538339518586109,0.12603946345235015,0.48694331189953355,0.33269168533599836,0.051352738497963936
2024-09-24,0.8802357595915875,0.20269611078930613,0.4750156264572253,0.26285649026062696,0.047043648411759745
2024-09-25,0.8919211883220559,-0.08533588448644644,0.5342771487564483,0.565929039914667,0.02486278413023716
2024-09-26,0.8614046214299146,0.14638384466877058,0.5360587300820829,0.23688527534586976,0.09766713986854822
2024-09-27,0.8594372092686066,0.1981405503953959,0.4968854876303698,0.5252295579715952,0.0757492591726091
2024-09-30,0.9353818778507417,0.02663025750736782,0.4312404681407763,0.46858043506262764,0.012760133162195587
2024-10-01,0.7915753638665484,0.09765814426912202,0.5323691555058783,0.47560332004514133,0.031998561173436
2024-10-02,0.8371599374428896,-0.12428767115648448,0.5882866150883669,0.51263514326927,0.09528725954221175
2024-10-03,0.9003181230857238,0.03919181266252389,0.46435312745280316,0.4237640568120618,0.07961896348907216
2024-10-04,0.865226885878924,0.24928662463188922,0.6196509083801226,0.25393382038798346,0.025735266974346006
2024-10-07,0.8444517614675368,-0.06596818875879254,0.4855562779281365,0.19108353960461183,0.00980550879427784
2024-10-08,0.9036125668836045,-0.05343779711928272,0.5585490652512128,0.22538819938226407,0.004432774058896061
2024-10-09,0.846169962929567,-0.12468525194817102,0.5492456592183306,0.3749082667380995,0.060581389541385366
2024-10-10,0.8852605648752934,0.04422925673744632,0.5350141260340086,0.31064301701382124,0.041341063745531814
2024-10-11,0.8741922146965716,0.20289854714329267,0.5306411836362814,0.5217019918343776,0.02717041960966461
2024-10-14,0.842974854115956,0.0994302628850938,0.4240814124925216,0.3227673351908773,0.06556326350323559
2024-10-15,0.768547897657333,0.22814719732735378,0.45751460616197126,0.6374979625432915,0.07468049946360811
2024-10-16,0.8445990002339342,0.25033509661405917,0.5250185383385396,0.410930606782998,0.09762151057996281
2024-10-17,0.7606154052061893,0.20770019518391547,0.5963783550504491,0.2588843907471958,0.04132660969350217
2024-10-18,0.7688396890223945,0.15507597394970873,0.5194638688825539,0.28122897457491863,0.04178960685281533
2024-10-21,0.831542072421365,-0.0427066481151782,0.46320777018713594,0.21194417991623238,0.006154190386550462
2024-10-22,0.7882519440342329,-0.19474896210341408,0.5177241301951121,0.4173346368230858,0.045911419357983756
2024-10-23,0.8863993053879381,-0.17111473341855413,0.48178887721959424,0.37972971944543826,0.0017221928218878802
2024-10-24,0.8013377611920781,-0.05262929691270989,0.5552691476049525,0.14318296815357462,0.04353848604705011
2024-10-25,0.8535489090745016,0.03369552580736698,0.5147316409204744,0.4001457349944119,0.08784815749255746
2024-10-28,0.8799608101430405,-0.189069697053262,0.48805348023347933,0.45197803229296335,0.018551375683908466
2024-10-29,0.9054101517904158,0.008339730959850614,0.5293998726735154,0.3730212789386019,0.024408230377875574
2024-10-30,0.8712452264088062,-0.25575646727558754,0.5323543974893761,0.37142298019953474,0.07199059478251864
2024-10-31,0.8299991018997159,0.329790241329396,0.4722275193300363,0.31240900395357035,0.07515826549318694
2024-11-01,0.7357044304993218,0.1995939378664201,0.5659960765872123,0.3620928068715571,0.07019520783683737
2024-11-04,0.7915099422029488,0.18839612736845904,0.4716903476673181,0.54601885632367,0.008002422946059962
2024-11-05,0.91158743096968,0.17370149869560533,0.5412539327050367,0.14437367938915807,0.06471376895519841
2024-11-06,0.8380878027313713,-0.35150472976485725,0.48860181078309833,0.4047106567636749,0.05514922365722585
2024-11-07,0.8706362911382215,-0.0035845998083084626,0.5325512645593244,0.3281522518102614,0.06388991074824107
2024-11-08,0.8398505531205992,0.21014761276299598,0.4756619677552253,0.2842488344298344,0.007508765610530233
2024-11-11,0.7431423369527617,-0.269536257238077,0.5271620019960843,0.40909332670937953,0.029135905509152595
2024-11-12,0.9090205074818013,0.009283801093832204,0.4019381166078018,0.6315449498593279,0.05891856547028593
2024-11-13,0.9060470993994398,-0.092013682020087,0.5565710213783004,0.46828938399374975,0.06516174267021983
2024-11-14,0.9096580868658422,-0.08483103794987977,0.5112445900736403,0.4512104885448442,0.05141209741205273
2024-11-15,0.8545821641606876,-0.2807955137349991,0.5384196307771267,0.3584779314778892,0.022560683259741934
2024-11-18,0.7633267195600555,-0.023905727407077602,0.5271540058892528,0.19460822326405888,0.09786803777712992
2024-11-19,0.8455726896626176,-0.022340699916932105,0.5119906062685535,0.3442499799544903,0.013141342152154456
2024-11-20,0.8952018306687908,-0.1391921704826112,0.4970802347447559,0.4148730823362052,0.014759391375622167
2024-11-21,0.8579409430728504,-0.1447777910655826,0.41574565002538083,0.41206284647077185,0.0892934348852911
2024-11-22,0.796336961473335,0.43398434230163574,0.4699590222370447,0.28780883435252225,0.08014295781231884
2024-11-25,0.8172900139959506,0.12968028675584148,0.4692044528664337,0.41736954964330863,0.058609984227129056
2024-11-26,0.836047818289114,-0.25262046709583796,0.5121958754301909,0.30828342045228574,0.09665231624212337
2024-11-27,0.8951073763117479,0.1831723470208547,0.545623339127083,0.5073794926939938,0.06979220639637002
2024-11-29,0.8551893760096304,-0.2993362423393255,0.5850251472411792,0.4937359627205536,0.05757127660848668
2024-12-02,0.8676803528506802,-0.24060784029676557,0.4638645737814979,0.4903302312054627,0.08230624895838455
2024-12-03,0.804719171161558,-0.024078830893306636,0.491048926181446,0.22926406963792303,0.04213572858023143
2024-12-04,0.8868713569457861,0.01512180020641735,0.5415621170560663,0.2964660219198246,0.015942518510234916
2024-12-05,0.7879434906346683,-0.07054455559629971,0.5593486801713142,0.41042334534905145,0.07604741958865757
2024-12-06,0.8879097863658939,0.005766326365808333,0.5373510783065252,0.5654325754803059,0.0409754352314618
2024-12-09,0.8607845874546987,-0.5161024618660844,0.5288162062724395,0.4008069272420568,0.04605537600549264
2024-12-10,0.8624194120207452,-0.4029688202926706,0.5520244945556183,0.6254282624122702,0.04952003000915738
2024-12-11,0.8613310485372465,0.24884129143519518,0.48666806696551157,0.3975288122209639,0.07979058592110333
2024-12-12,0.8324521269009391,0.36171979142147515,0.5976450403239884,0.35047010086171704,0.08876837336049158
2024-12-13,0.8517081427213241,0.11055990033347757,0.5441853291998702,0.217179037770126,0.06083876508916684
2024-12-16,0.8196509352302807,-0.014631191549637896,0.5111125534223477,0.33719661514614896,0.08766880010816125
2024-12-17,0.8408419392191471,0.2823145645955317,0.48085789754391683,0.44057818673495636,0.022089692444402544
2024-12-18,0.8239619845846826,0.10880012511797593,0.5843797842939017,0.2926945084203799,0.021050148879015643
2024-12-19,0.9196400436935646,-0.09938374567891228,0.6005090153113917,0.4858211209039348,0.02808734038069295
2024-12-20,0.9380556559012128,0.27758650427756354,0.5283424374369318,0.34323443050021546,0.014895051668082105
2024-12-23,0.7636617749265141,-0.04519975582161822,0.46834654778628587,0.22030732436478295,0.040093621779571355
2024-12-24,0.8546393719904928,0.15798487073436024,0.5349085554247407,0.26057483669955706,0.0897566005443643
2024-12-26,0.7893936441748802,-0.002460694016349312,0.563999745022644,0.4344383305976302,0.03301751944795105
2024-12-27,0.9110237934015197,0.10691085961413589,0.6333383031128252,0.33948394402171317,0.05059529678848456
2024-12-30,0.8576894488395301,-0.27565546985532147,0.4525164734620536,0.3284387256818014,0.021744740055297442
2024-12-31,0.8528131645030829,-0.09334601466223277,0.5029664263231867,0.214714732628574,0.07372226930303065
2025-01-02,0.7903852251382463,0.13764258869743637,0.4824630636272093,0.42297109996778115,0.06445891741392411
2025-01-03,0.8208274752842549,0.003610267465905008,0.5361288458168614,0.35162825393020936,0.025580851512412874
2025-01-06,0.9813323477664073,0.18653871073131192,0.5913869934430566,0.42480029970140876,0.0861287710652204
2025-01-07,0.9006459787980337,0.09372494975684864,0.598745602363891,0.44451509037864706,0.0918010527199705
2025-01-08,0.8467627820368261,-0.00852215469086567,0.5101274277517954,0.16172003592042883,0.06563098841001312
2025-01-10,0.872418456977982,0.5129381876735167,0.631643575248809,0.31458635936414614,0.027217025479379476
2025-01-13,0.8522745030654141,0.19377842781940915,0.5713368377599845,0.5506234967917754,0.003106349529202235
2025-01-14,0.8847779979470558,0.07594361502423201,0.5926069575755732,0.44263310792566796,0.05524118270820322
2025-01-15,0.8984630367979842,0.14658403598805653,0.5427296100015121,0.3876897518580324,0.005442852894924611
2025-01-16,0.9026254877576121,-0.02630284486687964,0.5295662881553704,0.4696579135541291,0.08380435863536026
2025-01-17,0.7903823118030884,-0.04127119179201146,0.5291649608871847,0.4982139408048094,0.09422674542907727
2025-01-21,0.6947249922310654,-0.23019693472043518,0.47155026494907815,0.2639852305323942,0.0959501872164834
2025-01-22,0.8433221192502243,0.3731422068731745,0.5738240536423377,0.3200849918134455,0.03872915576332963
2025-01-23,0.9202264255808584,-0.1902109082346887,0.6101985190421325,0.3779823833019836,0.05903553645136918
2025-01-24,0.8849794785228446,0.20979332514379584,0.5618041128771664,0.40391134107684384,0.0733333750139775
2025-01-27,0.8745571870925856,0.14396297080234785,0.5476973148807633,0.36197902682698,0.038825800603930864
2025-01-28,0.8392370745428885,-0.11641230359011666,0.5899979980151021,0.32269215631200737,0.04803303709076784
2025-01-29,0.8923988514192865,0.20533929462893286,0.5850426327239311,0.4515364776151719,0.008307210100757856
2025-01-30,0.8433747719458528,0.2630062182443896,0.5467064095657121,0.46211816169045583,0.05587621632002592
2025-01-31,0.8925447815443193,0.03785494921083223,0.5977258102347844,0.5001043378140941,0.05339690886700005
2025-02-03,0.8543403835400076,-0.09548818986978946,0.5384128831886664,0.31084858867752946,0.0158979323839614
2025-02-04,0.8177555072288951,-0.04616839831084324,0.6398080046557479,0.3665498932556208,0.09997695007231616
2025-02-05,0.7838129841227784,-0.2000687946229081,0.5875498010636317,0.37851419531873615,0.07531469087485498
2025-02-06,0.7682478025600161,-0.25746474110533296,0.6282032790986675,0.25349950792443987,0.05235078341764154
2025-02-07,0.8806396348349004,-0.11158628394275938,0.5884112313818972,0.3172640890842393,0.08346951536408398
2025-02-10,0.8339721600998087,-0.13851970570057937,0.5951440541786824,0.3666601994714353,0.012819182649405037
2025-02-11,0.9237126491008255,-0.25525021581409096,0.5991242410764561,0.34278458378202575,0.08334125821091026
2025-02-12,0.8947276185053508,0.14024789093762252,0.6208034744241122,0.3447510430016763,0.049493345753892616
2025-02-13,0.8200539266374477,-0.09931452256838673,0.6393785731074493,0.46219820880477,0.07667507201049667
2025-02-14,0.8398673733987556,0.13761648901529144,0.5134873104923852,0.20350117403908097,0.041312766995840605
2025-02-18,0.8099457807890016,0.259836944442163,0.5441487379303335,0.4567115992529326,0.0495790074662588
2025-02-19,0.843601797282933,-0.3175494347723193,0.5300508255746736,0.4322591767594766,0.09861371485397372
2025-02-20,0.862595579054377,0.04016520261380302,0.5787534361475793,0.373429511665318,0.003692483736699559
2025-02-21,0.8397391215040901,-0.3578807907071643,0.7110136533099585,0.35778798989256116,0.015647280550515674
2025-02-24,0.8761385088097459,0.03217771477851294,0.5243958951966878,0.3873881499164752,0.014748611688219415
2025-02-25,0.9609571178845834,0.44186767681039474,0.6153992426420578,0.4543905896040858,0.08882350916017906
2025-02-26,0.817071347895375,0.3125485853940352,0.5899617127648341,0.4229872520057011,0.08547200084679102
2025-02-27,0.8276360401015659,-0.05157940559102858,0.63156977495682,0.4903216744124798,0.03820408833092781
2025-02-28,0.8489409987050883,-0.1584524623837852,0.6027653503259256,0.4404856120209335,0.01184615631088607
2025-03-03,0.8599824206003513,0.19821835576828856,0.5676022784770224,0.47050943149756097,0.0192212501831638
2025-03-04,0.8042082507203375,-0.020394453550970883,0.49624654300480886,0.3352897667899098,0.08345340544801107
2025-03-05,0.8294734080517434,0.023131759593496642,0.5993728382073843,0.46868504296585944,0.05509317498861092
2025-03-06,0.839830021868669,-0.3500784364955846,0.581004301939772,0.2666882766037897,0.03372337276657235
2025-03-07,0.8516945366892414,-0.2760578055286922,0.624375577824201,0.3367689592310832,0.05056149678612093
2025-03-10,0.807212228236871,0.20989069308343958,0.633245073486044,0.3194992252175166,0.049515052838361245
2025-03-11,0.8606845395746715,-0.02031576190608857,0.5775620598365575,0.32253220497374935,0.03605332818220721
2025-03-12,0.8326879856633741,-0.10702121320065264,0.5640510086957597,0.35016153563908436,0.02531218173045187
2025-03-13,0.9002422411171981,0.2628730853414928,0.5865966269574421,0.22236391966795982,0.08796485690569417
2025-03-14,0.869286888300514,0.23669717505831525,0.6117133420481553,0.4915770628164099,0.05030474206142719
2025-03-17,0.8403832885855979,-0.024710142309345123,0.547088100360102,0.34779892684132135,0.053440017271539235
2025-03-18,0.8911341733708207,-0.0030908725036567484,0.6570124121898778,0.12584768918721262,0.02615524826473561
2025-03-19,0.928775397853051,0.20304521735833225,0.7033099978121228,0.33609546564166226,0.06355938453688657
2025-03-20,0.8381733523838774,0.12284592573897797,0.6093195079511469,0.4997340441995609,0.0326449057024235
2025-03-21,0.7615244021123384,-0.012052372706023018,0.6275279155907281,0.3493084670689568,0.03872432025530085
2025-03-24,0.813570986276939,-0.23784761415787792,0.6175583001769553,0.4147250944429034,0.004444248867166556
2025-03-25,0.9180536508295437,0.06679327149958292,0.6230898034177785,0.35477803293231547,0.033292490155727605
2025-03-26,0.8104032242676218,-0.1305991084418136,0.5619031906754215,0.4441899058450867,0.04174433946242693
2025-03-27,0.8664807971841564,-0.26005786667947345,0.6609255399762703,0.31526999441521175,0.06322161118436236
2025-03-28,0.8675354917363868,-0.21661241568170758,0.6375101024387165,0.43495418831329047,0.0678190559563384
2025-03-31,0.9646748830553932,0.22739592632208028,0.6103950171294598,0.5136216776947052,0.0926075718699082
2025-04-01,0.8631488664043654,0.10478983344788924,0.6800270209389482,0.45551493296932577,0.09833483609328446
2025-04-02,0.7633454156020645,0.32194576726451885,0.5512199172986023,0.32830113332516114,0.05222108299337363
2025-04-03,0.8543925127974051,-0.007793351998760071,0.5288624477068877,0.4005353362301364,0.06999691469797027
2025-04-04,0.8465357555292188,-0.019745723080084727,0.6428067076821953,0.5203303417246156,0.051475274208876626
2025-04-07,0.9143773900032712,-0.1534315817820003,0.6020154117969049,0.5776930927211954,0.00741241663683816
2025-04-08,0.838318818619048,0.2667653587563505,0.5998960872498229,0.3582522375663374,0.05323285660625589
2025-04-09,0.8647389063459844,0.05158514411445325,0.6902646452640073,0.3689924196301178,0.02301906673572849
2025-04-10,0.8363088458981787,-0.008233978993243884,0.6216948069439276,0.2984651526591363,0.07547110756808778
2025-04-11,0.9175758570200007,-0.11864797789271815,0.6053783975679725,0.4535283978155288,0.009168911873120234
2025-04-14,0.8493864642855475,-0.11655115830619585,0.6403086726072551,0.3653530686211127,0.03519203554249791
2025-04-15,0.9191765482079098,0.3048245411074315,0.6325052627196783,0.4021617078589199,0.028351222013181687
2025-04-16,0.8773430999599515,0.201132788248793,0.6440302875923907,0.5128406754284364,0.025924979010746863
2025-04-17,0.890246856882848,0.20125462424503998,0.552011749698634,0.37571536880622614,0.008750663185216867
2025-04-21,0.837134024368085,-0.0608173843775652,0.5499023964526517,0.32382976297491256,0.06637654576245815
2025-04-22,0.9902704308793355,-0.28372794803447043,0.4332973479775882,0.4791365470217083,0.011077656391652813
2025-04-23,0.8762135496688847,-0.2037048604532787,0.6597411740660195,0.3199979077920699,0.09875421944486573
2025-04-24,0.8057423170545532,0.2725701108977782,0.5417408162916619,0.31706528189668837,0.055551853371947235
2025-04-25,0.8366689617443552,0.11434853926639202,0.595140105809365,0.4334450791331978,0.07727931621116425
2025-04-28,0.7491870111121517,-0.23314430479170928,0.5384535176597651,0.46885190930338516,0.030721305219394524
2025-04-29,0.8341016893522757,0.23509879211349727,0.6009418396769252,0.4987599216267685,0.06269540855576543
2025-04-30,0.818235364851378,-0.31800779443933674,0.5905300202380657,0.35202790309676,0.009182798221745904
2025-05-01,0.8320809692383041,0.08840929489179304,0.5898128550893744,0.47545048035769877,0.08468049340219341
2025-05-02,0.8478518289464138,0.29170891809715305,0.5968850289995307,0.45615085496278396,0.03341908236913589
2025-05-05,0.8115972251377009,-0.029360402096526884,0.6255865193800323,0.5294207567884686,0.08222003005762495
2025-05-06,0.8678276338512005,-0.04940015838405617,0.6658330105840721,0.2586050935181379,0.031417209501493425
2025-05-07,0.9152098984955119,-0.3109913107959626,0.6993211725859414,0.3804762151979213,0.08101007092128493
2025-05-08,0.9117118647217656,0.27431499863181663,0.5731705407880666,0.45264379896872864,0.015125975041054363
2025-05-09,0.8688892833847714,0.1293163409164329,0.5494637142039276,0.41614177315946066,0.06687973047997474
2025-05-12,0.8357459198742079,0.31050014222882233,0.5802327705522419,0.4089599449804382,0.04317442771970012
2025-05-13,0.8758235521981099,0.057469010547819936,0.5769916136995142,0.30959608175087383,0.013662772673152147
2025-05-14,0.7709192533461057,-0.16885456488271025,0.49425899021098446,0.4420544489657854,0.03222250851161601
2025-05-15,0.8658143110687002,0.02418404730222966,0.600664203993861,0.5284413251918141,0.06705729142434556
2025-05-16,0.8823049027252529,0.058427962290539814,0.5435740663737554,0.22654762911747806,0.08458050735773258
2025-05-19,0.8357951789747857,0.27350597119915554,0.5570116913644014,0.36514176950593086,0.09504141321677324
2025-05-20,0.835786789869124,0.2164890905767739,0.5471527546861338,0.5702233309788376,0.09845691804675274
2025-05-21,0.8576567069529832,-0.21300053857038037,0.5585593578066863,0.3541613861048339,0.007185481055777998
2025-05-22,0.8300491737415964,-0.22974609522794154,0.5301080081102488,0.40669561270696347,0.0667879658110508
2025-05-23,0.7497945562000569,-0.15349988386189736,0.603563918366341,0.47253316996775124,0.07921798625011756
2025-05-27,0.9265921015489615,0.09303130788204944,0.6137730918569279,0.4664220180158788,0.04330577284553906
2025-05-28,0.8128323612073615,0.03694615116824568,0.6093705843399144,0.4923950858030216,0.03639699476087306
2025-05-29,0.8981426405469791,-0.3437402744151765,0.5613422111736196,0.5187810435238274,0.03675153450609211
2025-05-30,0.7947971922919206,-0.4512625781842357,0.6415860240907324,0.4287632417421961,0.053804931692856155
2025-06-02,0.8936637256617942,0.09699445641687943,0.5840475851519829,0.4665341465522409,0.020919335913610906
2025-06-03,0.8545455593357173,-0.32349850077748243,0.5492848245401405,0.4414860805310572,0.046829691824792664
2025-06-04,0.8761358937256332,0.02525792273982848,0.5672131510855756,0.42735389954595465,0.07793191063573646
2025-06-05,0.8841894603218791,0.08851094712030316,0.6424621190579431,0.5232813830592498,0.052685480779429444
2025-06-06,0.8253965139027587,-0.23542710671822104,0.6089677695586944,0.39911290216018086,0.029510279689392106
2025-06-09,0.83710687022588,0.05177908735430097,0.5089127974242253,0.3531601779805952,0.08023780349359103
2025-06-10,0.822909757061508,-0.03191484041562806,0.5238875469699436,0.2588092354216922,0.009536430307566658
2025-06-11,0.8652530118484716,-0.1537023596970075,0.5756886950336866,0.3336982800036298,0.009088285827014786
2025-06-12,0.82432348089763,-0.16848759780810718,0.6393898400826148,0.3733880969134512,0.09596642690668589
2025-06-13,0.8534314570262486,0.02781328361707866,0.5664457494049618,0.41003736218986,0.0035389027816417175
2025-06-16,0.9262613992703318,-0.24813681083807132,0.546984643967781,0.2894499463503454,0.019300165751161804
2025-06-17,0.9077504857822195,-0.014108047720612563,0.5645937987348575,0.26027267157431705,0.03923315397326735
2025-06-18,0.8403014266289036,-0.19474454533118069,0.6291125788346846,0.5713647037154992,0.04089238856902508
2025-06-20,0.8648243974221592,-0.14226387832497156,0.5123471451784686,0.5864018706228562,0.07906264614537642
2025-06-23,0.8576388392196793,0.27916241545154036,0.5188355416455683,0.29795137569988256,0.06434144672668281
2025-06-24,0.864798807760904,0.20412369766441235,0.5612456354561459,0.4796327084960797,0.05320407877141384
2025-06-25,0.9473091988609239,0.3029114983028287,0.5177381782674332,0.29675745425132666,0.012188581062533088
2025-06-26,0.8806231186376755,0.010503378496480222,0.5130067836317986,0.4966274310340101,0.016296690311187335
2025-06-27,0.8447909770641228,0.10790316864243246,0.599541991983925,0.40233254100466637,0.00767375360233753
2025-06-30,0.9315120463958343,0.2352784808508599,0.65464448912606,0.4737428870290724,0.019665340393456
